project,amt_2024_actual,amt_2024_revised,amt_2025_original,amt_2025_perf,amt_2026_approved,amt_2026_tag_nutrition,source_page,page_y_top,page_y_bottom,mda_code,mda_name,economic_code,economic_name,function_code,function_name,location_code,location_name,program_code,program_name
Renovation of Government House Awka (Phase 3) Light House,0.0,0.0,0.0,0.0,100000000.0,0.0,469,0.11765,0.13562,011100100100,Office of the Executive Governor,23030121,Rehabilitation / Repairs Of Office Buildings,70111,EXECUTIVE AND LEGISLATIVE ORGANS,40420600,AWKA SOUTH,13100122000300,Reform of Government and Governance - General
"Purchase of furniture and office equipment for New Government House(20No Exec Chair and Table, @0 No Office chair and Table, 10 no Laptop",114100510.0,250000000.0,250000000.0,95609756.0,300000000.0,0.0,469,0.12582,0.14379,011100100100,Office of the Executive Governor,23010112,Purchase Of Office Furniture And Fittings,70111,EXECUTIVE AND LEGISLATIVE ORGANS,40420600,AWKA SOUTH,13100122000600,Reform of Government and Governance - General
Construc(cid:415)on of Na(cid:415)onal Youth Services Corp(NYSC),0.0,50000000.0,50000000.0,0.0,0.0,0.0,469,0.1348,0.15278,011100100100,Office of the Executive Governor,23020118,Construction / Provision Of Infrastructure,70111,EXECUTIVE AND LEGISLATIVE ORGANS,40420600,AWKA SOUTH,13100122000700,Reform of Government and Governance - General
"Government House Project Implementation and Monitoring Activities (PRS and SEE): Government House - Strategy, Execution & Evaluation & monitoring of projects across the state",0.0,100000000.0,100000000.0,0.0,100000000.0,0.0,469,0.14379,0.16176,011100100100,Office of the Executive Governor,23050103,Monitoring And Evaluation,70111,EXECUTIVE AND LEGISLATIVE ORGANS,40420600,AWKA SOUTH,13100122001000,Reform of Government and Governance - General
Rehabilitation of Government Guest House buildings (Abuja and Lagos),2967215.0,30000000.0,30000000.0,0.0,0.0,0.0,469,0.15278,0.17075,011100100100,Office of the Executive Governor,23030121,Rehabilitation / Repairs Of Office Buildings,70111,EXECUTIVE AND LEGISLATIVE ORGANS,40442200,State Wide,13100122001100,Reform of Government and Governance - General
Special Emergency Intervention programmes and Projects in the State,5048469344.0,7000000000.0,7000000000.0,3511729654.1,8000000000.0,0.0,469,0.16176,0.17974,011100100100,Office of the Executive Governor,23050108,Capacity Building,70111,EXECUTIVE AND LEGISLATIVE ORGANS,40420600,AWKA SOUTH,13100122001200,Reform of Government and Governance - General
State Emergency Management Agency Projects-Capacity building for staff on disaster management strategy,133837090.0,230000000.0,230000000.0,1800000.0,230000000.0,0.0,469,0.16993,0.18791,011100100100,Office of the Executive Governor,23050108,Capacity Building,70111,EXECUTIVE AND LEGISLATIVE ORGANS,40420600,AWKA SOUTH,13100122001300,Reform of Government and Governance - General
Empowerment Program for the Aged in three senatorial zone (Poverty Alleviation & Welfare Scheme for the Aged),0.0,100000000.0,100000000.0,0.0,30000000.0,0.0,469,0.17892,0.1969,011100100100,Office of the Executive Governor,23050108,Capacity Building,70111,EXECUTIVE AND LEGISLATIVE ORGANS,40420600,AWKA SOUTH,13100122002000,Reform of Government and Governance - General
Awka Capital Territory Development Authority Projects- Data gathering on Zero potholes in the state,182828000.0,500000000.0,500000000.0,455200335.0,1000000000.0,0.0,469,0.18791,0.20588,011100100100,Office of the Executive Governor,23020118,Construction / Provision Of Infrastructure,70111,EXECUTIVE AND LEGISLATIVE ORGANS,40420600,AWKA SOUTH,13100122002100,Reform of Government and Governance - General
ANSIPPA Special Projects- Investment summits,177773311.0,500000000.0,500000000.0,84000000.0,100000000.0,0.0,469,0.1969,0.21487,011100100100,Office of the Executive Governor,23050103,Monitoring And Evaluation,70111,EXECUTIVE AND LEGISLATIVE ORGANS,40420600,AWKA SOUTH,13100122002300,Reform of Government and Governance - General
Anambra state Small Business Development Agency Activities,0.0,50000000.0,50000000.0,0.0,50000000.0,0.0,469,0.20588,0.22386,011100100100,Office of the Executive Governor,23050103,Monitoring And Evaluation,70111,EXECUTIVE AND LEGISLATIVE ORGANS,40420600,AWKA SOUTH,13100122002700,Reform of Government and Governance - General
Purchase of 22 No 4x4 Special Purpose Vehicles,138500000.0,500000000.0,500000000.0,377895000.0,500000000.0,0.0,469,0.21405,0.23203,011100100100,Office of the Executive Governor,23010105,Purchase Of Motor Vehicles,70111,EXECUTIVE AND LEGISLATIVE ORGANS,40420600,AWKA SOUTH,13100122003200,Reform of Government and Governance - General
Nigeria Governors Forum (NGF) Capacity Building Fund for Stakholders/Public Financial Management Activities,0.0,50000000.0,50000000.0,0.0,50000000.0,0.0,469,0.22304,0.24101,011100100100,Office of the Executive Governor,23050108,Capacity Building,70111,EXECUTIVE AND LEGISLATIVE ORGANS,40420600,AWKA SOUTH,13100122004100,Reform of Government and Governance - General
Special Project Awareness creation-Nigeria Football Federation (ANFF)- Anambra,0.0,150000000.0,150000000.0,0.0,100000000.0,0.0,469,0.23203,0.25,011100100100,Office of the Executive Governor,23050110,Value Orientation/Sensistization,70111,EXECUTIVE AND LEGISLATIVE ORGANS,40420600,AWKA SOUTH,13100122004200,Reform of Government and Governance - General
Capacity Building for staff of Office of the Governor,0.0,50000000.0,50000000.0,0.0,20000000.0,0.0,469,0.24101,0.25899,011100100100,Office of the Executive Governor,23050108,Capacity Building,70111,EXECUTIVE AND LEGISLATIVE ORGANS,40420600,AWKA SOUTH,13100122004300,Reform of Government and Governance - General
SME Development Scheme,0.0,20000000.0,20000000.0,0.0,0.0,0.0,469,0.25,0.26797,011100100100,Office of the Executive Governor,23050101,Research And Development,70111,EXECUTIVE AND LEGISLATIVE ORGANS,40420600,AWKA SOUTH,13100122004400,Reform of Government and Governance - General
"Planning, Research and Statistical (PRS)- Department's Monitoring and Evaluation Activities",0.0,0.0,0.0,0.0,5000000.0,0.0,469,0.25817,0.27614,011100100100,Office of the Executive Governor,23050101,Research And Development,70111,EXECUTIVE AND LEGISLATIVE ORGANS,40420600,AWKA SOUTH,13100122004600,Reform of Government and Governance - General
"MDA Anti-Curruption Crusade Activities, Service Reforms and Re-orientation",0.0,0.0,0.0,0.0,2000000.0,0.0,469,0.26716,0.28513,011100100100,Office of the Executive Governor,23050101,Research And Development,70111,EXECUTIVE AND LEGISLATIVE ORGANS,40420600,AWKA SOUTH,13100122004700,Reform of Government and Governance - General
Reconstruction of office block for staff of Deputy Governor,0.0,16500000.0,18000000.0,0.0,0.0,0.0,469,0.31127,0.32925,011100100200,Office of the Deputy Governor,23020101,Construction / Provision Of Office Buildings,70111,EXECUTIVE AND LEGISLATIVE ORGANS,40420600,AWKA SOUTH,13100122004600,Reform of Government and Governance - General
Procurement of 5 No Office Furniture (2 No Executive chairs and 3 No. Executive table),0.0,29700000.0,30000000.0,0.0,18680000.0,0.0,469,0.32026,0.33824,011100100200,Office of the Deputy Governor,23010112,Purchase Of Office Furniture And Fittings,70111,EXECUTIVE AND LEGISLATIVE ORGANS,40420600,AWKA SOUTH,13100122004700,Reform of Government and Governance - General
"Purchase of Press Communication Equipments(1No Lactern, public Address system, Harddisk)",3700000.0,5400000.0,5000000.0,0.0,7500000.0,0.0,469,0.32925,0.34722,011100100200,Office of the Deputy Governor,23010129,Purchase Of Industrial Equipment,70111,EXECUTIVE AND LEGISLATIVE ORGANS,40420600,AWKA SOUTH,13100122004800,Reform of Government and Governance - General
Purchase of 6 No 4x4 Utility Vehicles,0.0,82500000.0,90000000.0,0.0,0.0,0.0,469,0.33824,0.35621,011100100200,Office of the Deputy Governor,23010105,Purchase Of Motor Vehicles,70111,EXECUTIVE AND LEGISLATIVE ORGANS,40420600,AWKA SOUTH,13100122004900,Reform of Government and Governance - General
Construction of Boundary Demarcation with other States and Communities of the State,11654100.0,150000000.0,300000000.0,0.0,300000000.0,0.0,469,0.34641,0.36438,011100100200,Office of the Deputy Governor,23020122,Construction Of Boundary Pillars/ Right Of Ways,70111,EXECUTIVE AND LEGISLATIVE ORGANS,40420600,AWKA SOUTH,13100122005000,Reform of Government and Governance - General
"Planning, Research and Statistical (PRS)- Department's Monitoring and Evaluation Activities",0.0,5940000.0,2000000.0,0.0,5000000.0,0.0,469,0.35539,0.37337,011100100200,Office of the Deputy Governor,23050101,Research And Development,70111,EXECUTIVE AND LEGISLATIVE ORGANS,40420600,AWKA SOUTH,13100122005100,Reform of Government and Governance - General
Anambra State Pilgrimage Activities; sensitization and Awareness,0.0,25000000.0,50000000.0,0.0,50000000.0,0.0,469,0.36438,0.38235,011100100200,Office of the Deputy Governor,23050110,Value Orientation/Sensistization,70111,EXECUTIVE AND LEGISLATIVE ORGANS,40420600,AWKA SOUTH,13100122005200,Reform of Government and Governance - General
Capacity Building for Political Appointees of Government on Protocol and other special programs,0.0,5940000.0,6000000.0,0.0,6000000.0,0.0,469,0.37337,0.39134,011100100200,Office of the Deputy Governor,23050108,Capacity Building,70111,EXECUTIVE AND LEGISLATIVE ORGANS,40420600,AWKA SOUTH,13100122005300,Reform of Government and Governance - General
"MDA Anti-Curruption Crusade Activities, Service Reforms and Re-orientation",0.0,0.0,0.0,0.0,2000000.0,0.0,469,0.38235,0.40033,011100100200,Office of the Deputy Governor,23050101,Research And Development,70111,EXECUTIVE AND LEGISLATIVE ORGANS,40420600,AWKA SOUTH,13100122005400,Reform of Government and Governance - General
Purchase of Softwares for Office Networking in Awka Headoffice,0.0,80000000.0,101640000.0,0.0,101640000.0,0.0,469,0.42647,0.44444,011101000100,Anambra Public Procurement Agency APPA,23010142,Purchase of Networking Facilities/Equipments,70133,OTHER GENERAL SERVICES,40442200,State Wide,13100122005400,Reform of Government and Governance - General
Purchase of 2 No Smart Photocopying Machines,0.0,5000000.0,6352500.0,0.0,6352500.0,0.0,469,0.43464,0.45261,011101000100,Anambra Public Procurement Agency APPA,23010115,Purchase Of Photocopying Machines,70133,OTHER GENERAL SERVICES,40442200,State Wide,13100122005500,Reform of Government and Governance - General
"Purchase of Equipment/higher definition work tools (10 No laptops, 15 No Desktop and Accesseries)",24196067.0,25000000.0,31762500.0,0.0,31762500.0,0.0,469,0.44363,0.4616,011101000100,Anambra Public Procurement Agency APPA,23010129,Purchase Of Industrial Equipment,70133,OTHER GENERAL SERVICES,40442200,State Wide,13100122005700,Reform of Government and Governance - General
"Purchase of 15 No Office Table, 2 No Sofa and 2 No Visitors chairs",0.0,10000000.0,34650000.0,0.0,34650000.0,0.0,469,0.45261,0.47059,011101000100,Anambra Public Procurement Agency APPA,23010112,Purchase Of Office Furniture And Fittings,70133,OTHER GENERAL SERVICES,40442200,State Wide,13100122005800,Reform of Government and Governance - General
"Planning, Research and Statistics (PRS)- Department's Monitoring and Evaluation Activities",0.0,10000000.0,17325000.0,0.0,17325000.0,0.0,469,0.4616,0.47958,011101000100,Anambra Public Procurement Agency APPA,23050103,Monitoring And Evaluation,70133,OTHER GENERAL SERVICES,40442200,State Wide,13100122005900,Reform of Government and Governance - General
Capacity Building for Procurement Officers and other Staff of APPA,516000.0,80000000.0,101640000.0,516000.0,101640000.0,0.0,469,0.47059,0.48856,011101000100,Anambra Public Procurement Agency APPA,23050108,Capacity Building,70133,OTHER GENERAL SERVICES,40442200,State Wide,13100122006000,Reform of Government and Governance - General
Publication of Anambra State Public Procurement Agency (APPA) Statistical Journals,10000000.0,15000000.0,19057500.0,0.0,19057500.0,0.0,469,0.47876,0.49673,011101000100,Anambra Public Procurement Agency APPA,23050111,Publications/Publicity,70133,OTHER GENERAL SERVICES,40442200,State Wide,13100122006100,Reform of Government and Governance - General
"Publication, analysis and dissemination of Publication of Anambra State Public Procurement Agency Contract Pricing data",0.0,10000000.0,20000000.0,0.0,20000000.0,0.0,469,0.48775,0.50572,011101000100,Anambra Public Procurement Agency APPA,23050111,Publications/Publicity,70133,OTHER GENERAL SERVICES,40442200,State Wide,13100122006200,Reform of Government and Governance - General
Anambra State Public Procurement Agency Annual Procurement Summit Activiities,0.0,35000000.0,40000000.0,0.0,0.0,0.0,469,0.49673,0.51471,011101000100,Anambra Public Procurement Agency APPA,23050108,Capacity Building,70133,OTHER GENERAL SERVICES,40442200,State Wide,13100122006600,Reform of Government and Governance - General
"Purchase of Office Furniture and Fittings 10 Nos. Executive chairs and Tables, 10 Nos Office chairs and Tables",0.0,0.0,15130000.0,0.0,15130000.0,0.0,469,0.54085,0.55882,011102000100,Anambra State Civic and Social Reformation Office,23010112,Purchase Of Office Furniture And Fittings,70851,"R & D RECREATION, CULTURE AND RELIGION",40442200,State Wide,11100122003000,Information Communication and Technology - General
Purchase of Production and Outdoor Promotion Equipment,0.0,0.0,86998000.0,0.0,0.0,0.0,469,0.54984,0.56781,011102000100,Anambra State Civic and Social Reformation Office,23010123,Purchase Of Fire Fighting Equipment,70851,"R & D RECREATION, CULTURE AND RELIGION",40442200,State Wide,11100122003100,Information Communication and Technology - General
Office Renovation at Awka,0.0,0.0,26500000.0,0.0,0.0,0.0,469,0.55882,0.5768,011102000100,Anambra State Civic and Social Reformation Office,23030103,Rehabilitation / Repairs - Housing,70851,"R & D RECREATION, CULTURE AND RELIGION",40442200,State Wide,11100122003200,Information Communication and Technology - General
Conduct of stakeholders Town hall Meetings across the state,0.0,0.0,3000000.0,0.0,6000000.0,0.0,469,0.56699,0.58497,011102000100,Anambra State Civic and Social Reformation Office,23050101,Research And Development,70851,"R & D RECREATION, CULTURE AND RELIGION",40442200,State Wide,11100122003300,Information Communication and Technology - General
Anambra State Civil and Social Reform Staff Orientation /workshop activities,0.0,0.0,17000000.0,0.0,0.0,0.0,469,0.57598,0.59395,011102000100,Anambra State Civic and Social Reformation Office,23050101,Research And Development,70851,"R & D RECREATION, CULTURE AND RELIGION",40442200,State Wide,11100122003400,Information Communication and Technology - General
Anambra State Civil and Social Reform Community Outreach programme in the 21 LGAs,0.0,0.0,12000000.0,0.0,12000000.0,0.0,469,0.58497,0.60294,011102000100,Anambra State Civic and Social Reformation Office,23050110,Value Orientation/Sensistization,70851,"R & D RECREATION, CULTURE AND RELIGION",40442200,State Wide,11100122003500,Information Communication and Technology - General
Sensitization on Civic Education through Rallies across the State,0.0,0.0,14000000.0,0.0,14000000.0,0.0,469,0.59395,0.61193,011102000100,Anambra State Civic and Social Reformation Office,23050110,Value Orientation/Sensistization,70851,"R & D RECREATION, CULTURE AND RELIGION",40442200,State Wide,11100122003600,Information Communication and Technology - General
Production/sensitization through short films and documentaries on civic issues across the state,0.0,0.0,7600000.0,0.0,8000000.0,0.0,469,0.60294,0.62092,011102000100,Anambra State Civic and Social Reformation Office,23050110,Value Orientation/Sensistization,70851,"R & D RECREATION, CULTURE AND RELIGION",40442200,State Wide,11100122003700,Information Communication and Technology - General
Publishing and Presentation of Community Galvanization Play across the state,0.0,0.0,6000000.0,0.0,8000000.0,0.0,469,0.61111,0.62908,011102000100,Anambra State Civic and Social Reformation Office,23050110,Value Orientation/Sensistization,70851,"R & D RECREATION, CULTURE AND RELIGION",40442200,State Wide,11100122003800,Information Communication and Technology - General
Community Interactions/sensitization on election matters,0.0,0.0,8000000.0,0.0,8000000.0,0.0,469,0.6201,0.63807,011102000100,Anambra State Civic and Social Reformation Office,23050110,Value Orientation/Sensistization,70851,"R & D RECREATION, CULTURE AND RELIGION",40442200,State Wide,11100122003900,Information Communication and Technology - General
Art Exhibition/Presentation of the Mural art display Solution,0.0,0.0,5000000.0,0.0,5000000.0,0.0,469,0.62908,0.64706,011102000100,Anambra State Civic and Social Reformation Office,23050110,Value Orientation/Sensistization,70851,"R & D RECREATION, CULTURE AND RELIGION",40442200,State Wide,11100122004000,Information Communication and Technology - General
Book Publication Presentation on Core Anambra Values,0.0,0.0,10000000.0,0.0,10000000.0,0.0,469,0.63807,0.65605,011102000100,Anambra State Civic and Social Reformation Office,23050110,Value Orientation/Sensistization,70851,"R & D RECREATION, CULTURE AND RELIGION",40442200,State Wide,11100122004100,Information Communication and Technology - General
"Planning, Research and Statistics (PRS)- Department's Monitoring and Evaluation Activities",0.0,0.0,0.0,0.0,5000000.0,0.0,469,0.64706,0.66503,011102000100,Anambra State Civic and Social Reformation Office,23050101,Research And Development,70851,"R & D RECREATION, CULTURE AND RELIGION",40442200,State Wide,11100122004100,Information Communication and Technology - General
Rehabilitationt of SSG’s office,20000000.0,0.0,0.0,0.0,10000000.0,0.0,469,0.69118,0.70915,016100100100,Oﬃce of the Secretary to the State Government,23030121,Rehabilitation / Repairs Of Office Buildings,70133,OTHER GENERAL SERVICES,40442200,State Wide,13100122025000,Reform of Government and Governance - General
Renovation of Commissioner's Quarters/House Rental for Political Office holders,110500000.0,130000000.0,139000000.0,0.0,171500000.0,0.0,469,0.69935,0.71732,016100100100,Oﬃce of the Secretary to the State Government,23030101,Rehabilitation / Repairs Of Residential Building,70133,OTHER GENERAL SERVICES,40442200,State Wide,13100122025100,Reform of Government and Governance - General
Purchase of 38 Vehicles for Political Office holders & SSG's office,127206250.0,300000000.0,750000000.0,0.0,3130000000.0,0.0,469,0.70833,0.72631,016100100100,Oﬃce of the Secretary to the State Government,23010105,Purchase Of Motor Vehicles,70133,OTHER GENERAL SERVICES,40442200,State Wide,13100122025200,Reform of Government and Governance - General
Purchase of Vehicle Additional fee (Insurance Premium on Vehicles),12000000.0,60000000.0,60000000.0,0.0,100000000.0,0.0,469,0.71732,0.73529,016100100100,Oﬃce of the Secretary to the State Government,23010105,Purchase Of Motor Vehicles,70133,OTHER GENERAL SERVICES,40442200,State Wide,13100122025300,Reform of Government and Governance - General
"Establishment of EXCO Management Information System/Enquires, Recoveries and Publication of White Papers.",18289600.0,50000000.0,50000000.0,13426000.0,15000000.0,0.0,469,0.72631,0.74428,016100100100,Oﬃce of the Secretary to the State Government,23050111,Publications/Publicity,70133,OTHER GENERAL SERVICES,40442200,State Wide,13100122025400,Reform of Government and Governance - General
Renovation of Guest House at Awka & Onitsha(Painting/roofing),10000000.0,0.0,10000000.0,0.0,10000000.0,0.0,469,0.73529,0.75327,016100100100,Oﬃce of the Secretary to the State Government,23030101,Rehabilitation / Repairs Of Residential Building,70133,OTHER GENERAL SERVICES,40442200,State Wide,13100122025500,Reform of Government and Governance - General
"Renovation of Quarters for Political Office holders and SSG's Office and former Comminissioners Quaters & Offices under SSG(leaking roof, painting)",15000000.0,0.0,15000000.0,0.0,30000000.0,0.0,469,0.74346,0.76144,016100100100,Oﬃce of the Secretary to the State Government,23030121,Rehabilitation / Repairs Of Office Buildings,70133,OTHER GENERAL SERVICES,40442200,State Wide,13100122025800,Reform of Government and Governance - General
"Purchase of 10 No*2 each Executive chair and Table, for SSG’s Office & Political Holders ( Office Equipment & Furniture)",0.0,0.0,20000000.0,0.0,50000000.0,0.0,469,0.75245,0.77042,016100100100,Oﬃce of the Secretary to the State Government,23010112,Purchase Of Office Furniture And Fittings,70133,OTHER GENERAL SERVICES,40442200,State Wide,13100122025900,Reform of Government and Governance - General
Reconstruction/Renovation/ Completion of Abuja & Lagos Liaison Offices/Lodge,26035000.0,0.0,26000000.0,0.0,26000000.0,0.0,469,0.76144,0.77941,016100100100,Oﬃce of the Secretary to the State Government,23030103,Rehabilitation / Repairs - Housing,70133,OTHER GENERAL SERVICES,40442200,State Wide,13100122026100,Reform of Government and Governance - General
Procurement of Office Equipment 10No*2 Executive Tables and 3 Executive Chairs each for the Abuja and Lagos Liaison Offices,0.0,3425000.0,20000000.0,0.0,35000000.0,0.0,469,0.77042,0.7884,016100100100,Oﬃce of the Secretary to the State Government,23010112,Purchase Of Office Furniture And Fittings,70133,OTHER GENERAL SERVICES,40442200,State Wide,13100122026200,Reform of Government and Governance - General
"Beautification/Landscaping/Fumigation of Government House, Awka",0.0,9500000.0,9000000.0,0.0,15000000.0,0.0,469,0.77941,0.79739,016100100100,Oﬃce of the Secretary to the State Government,23020128,Construction/Provision of Landscapping,70133,OTHER GENERAL SERVICES,40442200,State Wide,13100122026300,Reform of Government and Governance - General
Additional cost for Government Buildings/Properties(Insurance Premium),145068428.07,170000000.0,315000000.0,161673259.67,350000000.0,0.0,469,0.78758,0.80556,016100100100,Oﬃce of the Secretary to the State Government,23050101,Research And Development,70133,OTHER GENERAL SERVICES,40442200,State Wide,13100122026600,Reform of Government and Governance - General
"Planning, Research and Statistics (PRS)- Department's Monitoring and Evaluation Activities",0.0,2000000.0,2000000.0,0.0,5000000.0,0.0,469,0.79657,0.81454,016100100100,Oﬃce of the Secretary to the State Government,23050101,Research And Development,70133,OTHER GENERAL SERVICES,40442200,State Wide,13100122026700,Reform of Government and Governance - General
Annual State Celebration and Anniversary Activities,130871000.0,150000000.0,200000000.0,199025000.0,500000000.0,0.0,469,0.80556,0.82353,016100100100,Oﬃce of the Secretary to the State Government,23050104,Anniversaries/Celebrations,70133,OTHER GENERAL SERVICES,40442200,State Wide,13100122026800,Reform of Government and Governance - General
Purchase of 5nos 4x4 Utility Vehicle for MDAs,186250000.0,200000000.0,400000000.0,0.0,3000000000.0,0.0,469,0.81454,0.83252,016100100100,Oﬃce of the Secretary to the State Government,23010105,Purchase Of Motor Vehicles,70133,OTHER GENERAL SERVICES,40442200,State Wide,13100122027300,Reform of Government and Governance - General
Population Census Awareness and sensitization program,0.0,30000000.0,30000000.0,0.0,30000000.0,0.0,469,0.82353,0.8415,016100100100,Oﬃce of the Secretary to the State Government,23050110,Value Orientation/Sensistization,70133,OTHER GENERAL SERVICES,40442200,State Wide,13100122028000,Reform of Government and Governance - General
Purchase of 20 No. Saloon Vehicles for Permanent Secretaries in the State,0.0,200000000.0,450000000.0,0.0,400000000.0,0.0,469,0.8317,0.84967,016100100100,Oﬃce of the Secretary to the State Government,23010105,Purchase Of Motor Vehicles,70133,OTHER GENERAL SERVICES,40442200,State Wide,13100122028100,Reform of Government and Governance - General
Renovation of Abuja Lodge and Nyanya (Painting and roofing),0.0,100000000.0,200000000.0,0.0,200000000.0,0.0,469,0.84069,0.85866,016100100100,Oﬃce of the Secretary to the State Government,23030121,Rehabilitation / Repairs Of Office Buildings,70133,OTHER GENERAL SERVICES,40442200,State Wide,13100122028200,Reform of Government and Governance - General
Provision of Solar Power,0.0,26000000.0,30000000.0,0.0,0.0,0.0,469,0.84967,0.86765,016100100100,Oﬃce of the Secretary to the State Government,23010144,Purchase of Solar Equipments,70133,OTHER GENERAL SERVICES,40442200,State Wide,13100122028300,Reform of Government and Governance - General
Awareness/Sensitization for Revenue Mobilisation for Laision Offices,0.0,16500000.0,20000000.0,0.0,100000000.0,0.0,469,0.85866,0.87663,016100100100,Oﬃce of the Secretary to the State Government,23050110,Value Orientation/Sensistization,70133,OTHER GENERAL SERVICES,40442200,State Wide,13100122028400,Reform of Government and Governance - General
"MDA Anti-Curruption Crusade Activities, Service Reforms and Re-orientation",0.0,0.0,0.0,0.0,2000000.0,0.0,469,0.86765,0.88562,016100100100,Oﬃce of the Secretary to the State Government,23050110,Value Orientation/Sensistization,70133,OTHER GENERAL SERVICES,40442200,State Wide,13100122028500,Reform of Government and Governance - General
Procurement of Operational Kits and Accessories 500 No uniforms and beret with crest,0.0,158540000.0,158540000.0,0.0,150000000.0,0.0,470,0.09069,0.10866,016102200100,Ocha Brigade,23010129,Purchase Of Industrial Equipment,70411,GENERAL ECONOMIC AND COMMERCIALAFFAIRS,40442200,State Wide,13100124000200,Reform of Government and Governance - General
"Purchase of Office Furniture- 5 Nos Executive Tables, 5 Nos Executive Chairs, 10 No of Office Tables",0.0,15500000.0,7000000.0,0.0,7000000.0,0.0,470,0.09967,0.11765,016102200100,Ocha Brigade,23010112,Purchase Of Office Furniture And Fittings,70411,GENERAL ECONOMIC AND COMMERCIALAFFAIRS,40442200,State Wide,13100124000300,Reform of Government and Governance - General
Rehabilitation of Office Building,0.0,37000000.0,5000000.0,0.0,0.0,0.0,470,0.10866,0.12663,016102200100,Ocha Brigade,23030121,Rehabilitation / Repairs Of Office Buildings,70411,GENERAL ECONOMIC AND COMMERCIALAFFAIRS,40442200,State Wide,13100124000400,Reform of Government and Governance - General
Procurement of 10No. basic Medical First Aid equipments for Ocha Brigade Medical Support Activities,0.0,3000000.0,3000000.0,0.0,5000000.0,0.0,470,0.11765,0.13562,016102200100,Ocha Brigade,23010122,Purchase Of Health / Medical Equipment,70411,GENERAL ECONOMIC AND COMMERCIALAFFAIRS,40442200,State Wide,13100124000500,Reform of Government and Governance - General
"Purchase of backhoe catapillar, lowbed, Tippers, bedford trucks and Tow trucks",0.0,200000000.0,100000000.0,0.0,150000000.0,0.0,470,0.12582,0.14379,016102200100,Ocha Brigade,23010129,Purchase Of Industrial Equipment,70411,GENERAL ECONOMIC AND COMMERCIALAFFAIRS,40442200,State Wide,13100124000600,Reform of Government and Governance - General
State House of Assembly Annual Anniversaries/Institution of Staff Awards,0.0,0.0,50000000.0,0.0,50000000.0,0.0,470,0.16993,0.18791,011200300100,Anambra State House of Assembly,23020101,Construction / Provision Of Office Buildings,70111,EXECUTIVE AND LEGISLATIVE ORGANS,40442200,State Wide,13100122005000,Reform of Government and Governance - General
Installation of Solar inverters/Security lights at State House of Assembly Complex,41225000.0,85000000.0,85000000.0,0.0,30000000.0,0.0,470,0.17892,0.1969,011200300100,Anambra State House of Assembly,23010128,Purchase Of Security Equipment,70111,EXECUTIVE AND LEGISLATIVE ORGANS,40442200,State Wide,13100122005100,Reform of Government and Governance - General
Purchase of 500 No. Legislative and General Library books/resources,7000000.0,7100000.0,7000000.0,0.0,7000000.0,0.0,470,0.18791,0.20588,011200300100,Anambra State House of Assembly,23010125,Purchase Of Library Books & Equipment,70111,EXECUTIVE AND LEGISLATIVE ORGANS,40442200,State Wide,13100122005200,Reform of Government and Governance - General
Repaving of drive ways and provision of parking lots,91989743.0,100000000.0,60000000.0,16939511.19,30000000.0,0.0,470,0.1969,0.21487,011200300100,Anambra State House of Assembly,23030118,Rehabilitation / Repairs - Recreational Facilities,70111,EXECUTIVE AND LEGISLATIVE ORGANS,40442200,State Wide,13100122005300,Reform of Government and Governance - General
Purchase of Office Furniture for legislative Administrative Block,34179534.0,39600000.0,50000000.0,0.0,50000000.0,0.0,470,0.20588,0.22386,011200300100,Anambra State House of Assembly,23010112,Purchase Of Office Furniture And Fittings,70111,EXECUTIVE AND LEGISLATIVE ORGANS,40442200,State Wide,13100122005400,Reform of Government and Governance - General
"Procurment of Medical Equipments for legislative Clinic (4 Nos ABS beds, 2 theatre table, lamp and surgical tools, 2 nos 18 litre autoclave. 2 No fully equipped ambulance)",0.0,43000000.0,63000000.0,0.0,60000000.0,0.0,470,0.21405,0.23203,011200300100,Anambra State House of Assembly,23010122,Purchase Of Health / Medical Equipment,70111,EXECUTIVE AND LEGISLATIVE ORGANS,40442200,State Wide,13100122005500,Reform of Government and Governance - General
Procurement of 35 No Laptop and 20 No Desktop Computers and accessories,10270000.0,11000000.0,15000000.0,0.0,10000000.0,0.0,470,0.22304,0.24101,011200300100,Anambra State House of Assembly,23010113,Purchase Of Computers,70111,EXECUTIVE AND LEGISLATIVE ORGANS,40442200,State Wide,13100122005600,Reform of Government and Governance - General
Renovation of Legislative Complex,43522152.0,45850000.0,200000000.0,0.0,200000000.0,0.0,470,0.23203,0.25,011200300100,Anambra State House of Assembly,23030121,Rehabilitation / Repairs Of Office Buildings,70111,EXECUTIVE AND LEGISLATIVE ORGANS,40442200,State Wide,13100122005700,Reform of Government and Governance - General
Purchase of 3 No Saloon and 2 No 4x4 Utility Vehicles,100000000.0,100000000.0,100000000.0,0.0,100000000.0,0.0,470,0.24101,0.25899,011200300100,Anambra State House of Assembly,23010105,Purchase Of Motor Vehicles,70111,EXECUTIVE AND LEGISLATIVE ORGANS,40442200,State Wide,13100122005800,Reform of Government and Governance - General
Completion of fence wall and installation Security Spiral Wiring,36931300.0,85000000.0,50000000.0,0.0,50000000.0,0.0,470,0.25,0.26797,011200300100,Anambra State House of Assembly,23020118,Construction / Provision Of Infrastructure,70111,EXECUTIVE AND LEGISLATIVE ORGANS,40442200,State Wide,13100122005900,Reform of Government and Governance - General
Rehabilitation of Water Borehole and Installation of 40 Feet overhead Tank,0.0,45000000.0,45000000.0,0.0,45000000.0,0.0,470,0.25817,0.27614,011200300100,Anambra State House of Assembly,23030104,Rehabilitation / Repairs - Water Facilities,70111,EXECUTIVE AND LEGISLATIVE ORGANS,40442200,State Wide,13100122006000,Reform of Government and Governance - General
Construction of Office building for Legislative Service Commission,38000000.0,550000000.0,1100000000.0,0.0,250000000.0,0.0,470,0.26716,0.28513,011200300100,Anambra State House of Assembly,23010112,Purchase Of Office Furniture And Fittings,70111,EXECUTIVE AND LEGISLATIVE ORGANS,40442200,State Wide,13100122006100,Reform of Government and Governance - General
"Purchase of Security /Communication Gadgets (10 No. CCTV cameras, 5No. Bomb detector)",0.0,15000000.0,15000000.0,12740000.0,15000000.0,0.0,470,0.27614,0.29412,011200300100,Anambra State House of Assembly,23010128,Purchase Of Security Equipment,70111,EXECUTIVE AND LEGISLATIVE ORGANS,40442200,State Wide,13100122006200,Reform of Government and Governance - General
Community Empowerment Programme for 30 House Member (Constituency Projects),1350000000.0,1500000000.0,1500000000.0,870000000.0,1500000000.0,0.0,470,0.28513,0.3031,011200300100,Anambra State House of Assembly,23020118,Construction / Provision Of Infrastructure,70111,EXECUTIVE AND LEGISLATIVE ORGANS,40442200,State Wide,13100122006300,Reform of Government and Governance - General
Planning Research and Statictics(PRS) Activities and Monitoring/Evaluation,0.0,0.0,6000000.0,0.0,5000000.0,0.0,470,0.29412,0.31209,011200300100,Anambra State House of Assembly,23050101,Research And Development,70111,EXECUTIVE AND LEGISLATIVE ORGANS,40442200,State Wide,13100122006500,Reform of Government and Governance - General
Capacity Building for 30nos Legislatives Members/Conduct Training/Development of Committee secretaries,0.0,0.0,50000000.0,4000000.0,20000000.0,0.0,470,0.30229,0.32026,011200300100,Anambra State House of Assembly,23050108,Capacity Building,70111,EXECUTIVE AND LEGISLATIVE ORGANS,40442200,State Wide,13100122006600,Reform of Government and Governance - General
Est. of a Functional Legislative Budget and Research Office,0.0,0.0,50000000.0,11000000.0,30000000.0,0.0,470,0.31127,0.32925,011200300100,Anambra State House of Assembly,23010112,Purchase Of Office Furniture And Fittings,70111,EXECUTIVE AND LEGISLATIVE ORGANS,40442200,State Wide,13100122006700,Reform of Government and Governance - General
Development Framework D&R Require.&Key Per. indica. for all MDA-,0.0,0.0,3000000.0,0.0,3000000.0,0.0,470,0.32026,0.33824,011200300100,Anambra State House of Assembly,23050101,Research And Development,70111,EXECUTIVE AND LEGISLATIVE ORGANS,40442200,State Wide,13100122006800,Reform of Government and Governance - General
"Purchase. of 2 Multimedia Projectors, 3 Cameras, 3 Camera Stand",0.0,0.0,80000000.0,0.0,40000000.0,0.0,470,0.32925,0.34722,011200300100,Anambra State House of Assembly,23010129,Purchase Of Industrial Equipment,70111,EXECUTIVE AND LEGISLATIVE ORGANS,40442200,State Wide,13100122006900,Reform of Government and Governance - General
"Purchase,Installation of 3 No Jamming equipment, PABX Equipment. in Legislative building",0.0,0.0,7000000.0,0.0,7000000.0,0.0,470,0.33824,0.35621,011200300100,Anambra State House of Assembly,23010142,Purchase of Networking Facilities/Equipments,70111,EXECUTIVE AND LEGISLATIVE ORGANS,40442200,State Wide,13100122007000,Reform of Government and Governance - General
Purchase of 50 No Fire Extinguisher and Installation of Smoke Alarm System for Legislative Complex,0.0,0.0,10000000.0,0.0,10000000.0,0.0,470,0.34641,0.36438,011200300100,Anambra State House of Assembly,23010123,Purchase Of Fire Fighting Equipment,70111,EXECUTIVE AND LEGISLATIVE ORGANS,40442200,State Wide,13100122007100,Reform of Government and Governance - General
House Media enlightenment programme,0.0,0.0,130000000.0,8000000.0,130000000.0,0.0,470,0.35539,0.37337,011200300100,Anambra State House of Assembly,23050110,Value Orientation/Sensistization,70111,EXECUTIVE AND LEGISLATIVE ORGANS,40442200,State Wide,13100122007200,Reform of Government and Governance - General
Purchase of 7 No 4x4 Utility Vehicles for Legislative Service Commission,0.0,0.0,180000000.0,0.0,100000000.0,0.0,470,0.36438,0.38235,011200300100,Anambra State House of Assembly,23010105,Purchase Of Motor Vehicles,70111,EXECUTIVE AND LEGISLATIVE ORGANS,40442200,State Wide,13100122007300,Reform of Government and Governance - General
Anambra State House of Assembly Anti-Corruption Committee (ANSACs) (Conferences/Meetings),0.0,0.0,2000000.0,0.0,2000000.0,0.0,470,0.37337,0.39134,011200300100,Anambra State House of Assembly,23050101,Research And Development,70111,EXECUTIVE AND LEGISLATIVE ORGANS,40442200,State Wide,13100122007400,Reform of Government and Governance - General
Capacity building of 30 Hon Members of Anambra State House of Assembly (Local & foreign) Trainings,0.0,0.0,400000000.0,35578200.0,600000000.0,0.0,470,0.38235,0.40033,011200300100,Anambra State House of Assembly,23050108,Capacity Building,70111,EXECUTIVE AND LEGISLATIVE ORGANS,40442200,State Wide,13100122007500,Reform of Government and Governance - General
Building of Residential Legislative Quarters for Honourable members,0.0,0.0,1500000000.0,0.0,2000000000.0,0.0,470,0.39052,0.4085,011200300100,Anambra State House of Assembly,23020102,Construction / Provision Of Residential Buildings,70111,EXECUTIVE AND LEGISLATIVE ORGANS,40442200,State Wide,13100122007500,Reform of Government and Governance - General
Vehicle Refurbishment/Maintenance,0.0,0.0,100000000.0,0.0,100000000.0,0.0,470,0.39951,0.41748,011200300100,Anambra State House of Assembly,23030125,Rehabilitation/Repairs- Power Generating Plants,70111,EXECUTIVE AND LEGISLATIVE ORGANS,40442200,State Wide,13100122007700,Reform of Government and Governance - General
Peer review mechanism for 30 Hon. Members of Anambra State House of Assembly,0.0,0.0,200000000.0,0.0,0.0,0.0,470,0.4085,0.42647,011200300100,Anambra State House of Assembly,23050108,Capacity Building,70111,EXECUTIVE AND LEGISLATIVE ORGANS,40442200,State Wide,13100122007800,Reform of Government and Governance - General
Valedictory Session celebration for Hon. members,0.0,0.0,0.0,0.0,30000000.0,0.0,470,0.41748,0.43546,011200300100,Anambra State House of Assembly,23050104,Anniversaries/Celebrations,70111,EXECUTIVE AND LEGISLATIVE ORGANS,40442200,State Wide,13100122007900,Reform of Government and Governance - General
"MDA Anti-Curruption Crusade Activities, Service Reforms and Re-orientation",0.0,0.0,0.0,0.0,2000000.0,0.0,470,0.42647,0.44444,011200300100,Anambra State House of Assembly,23050101,Research And Development,70111,EXECUTIVE AND LEGISLATIVE ORGANS,40442200,State Wide,13100122008000,Reform of Government and Governance - General
Conferences and Workshops for Members,0.0,0.0,0.0,0.0,200000000.0,0.0,470,0.43464,0.45261,011200300100,Anambra State House of Assembly,23050101,Research And Development,70111,EXECUTIVE AND LEGISLATIVE ORGANS,40442200,State Wide,13100122008100,Reform of Government and Governance - General
Purchase of Equipment for Film/Video Production. Rural Public. Enlighten. Mobilaz (Procure 13 N0. prod. And editing equpment),0.0,35000000.0,50000000.0,0.0,60000000.0,0.0,470,0.47876,0.49673,012300100100,Ministry of Information,23020132,Construction/Provisions of Media Equipments,70831,BROADCASTING AND PUBLISHING SERVICES,40420600,AWKA SOUTH,11100122000100,Information Communication and Technology - General
"Purchase of office Equipment for Anambra State Government Press (1No Power Generation st, ! No.Widenberg 115 cutting machine",0.0,0.0,30000000.0,0.0,30000000.0,0.0,470,0.48775,0.50572,012300100100,Ministry of Information,23020132,Construction/Provisions of Media Equipments,70831,BROADCASTING AND PUBLISHING SERVICES,40420600,AWKA SOUTH,11100122000200,Information Communication and Technology - General
"Procurement of graphic and photographic Equipments (10 No Epson syre colour p700, Professional studio lighting kit )",0.0,0.0,5000000.0,0.0,6000000.0,0.0,470,0.49673,0.51471,012300100100,Ministry of Information,23010143,Purchase of Media Equipments,70831,BROADCASTING AND PUBLISHING SERVICES,40420600,AWKA SOUTH,11100122000500,Information Communication and Technology - General
Construction of Anambra State FM Studio and AM Radio,0.0,44618076.0,44618000.0,23580000.0,44618000.0,0.0,470,0.50572,0.52369,012300100100,Ministry of Information,23020132,Construction/Provisions of Media Equipments,70831,BROADCASTING AND PUBLISHING SERVICES,40420600,AWKA SOUTH,11100122000600,Information Communication and Technology - General
Development of Min of Information Management Information System for Data collection Activities,889005650.0,48000000.0,50000000.0,0.0,55000000.0,0.0,470,0.51471,0.53268,012300100100,Ministry of Information,23020132,Construction/Provisions of Media Equipments,70831,BROADCASTING AND PUBLISHING SERVICES,40420600,AWKA SOUTH,11100122000800,Information Communication and Technology - General
"Sensitization/Media Outreach , Information , Strategic Communication and Social Orientation",0.0,1500000000.0,5000000000.0,1317500720.0,2700000000.0,0.0,470,0.52288,0.54085,012300100100,Ministry of Information,23010143,Purchase of Media Equipments,70831,BROADCASTING AND PUBLISHING SERVICES,40420600,AWKA SOUTH,11100122001000,Information Communication and Technology - General
Production and dissemination of Annual Anambra State Calendar and Diary,0.0,5000000.0,7000000.0,0.0,0.0,0.0,470,0.53186,0.54984,012300100100,Ministry of Information,23050111,Publications/Publicity,70831,BROADCASTING AND PUBLISHING SERVICES,40420600,AWKA SOUTH,11100122001100,Information Communication and Technology - General
"Planning, Research and Statistics (PRS)- Department's Monitoring and Evaluation Activities",0.0,3000000.0,2000000.0,0.0,2000000.0,0.0,470,0.54085,0.55882,012300100100,Ministry of Information,23050101,Research And Development,70831,BROADCASTING AND PUBLISHING SERVICES,40420600,AWKA SOUTH,11100122001200,Information Communication and Technology - General
"Procurement of 10 Nos Desktop Computer, 10 Nos Photocopier Machine and other Computer accessories",0.0,10000000.0,10000000.0,0.0,12000000.0,0.0,470,0.54984,0.56781,012300100100,Ministry of Information,23010113,Purchase Of Computers,70831,BROADCASTING AND PUBLISHING SERVICES,40420600,AWKA SOUTH,11100122001300,Information Communication and Technology - General
Capacity Building on Special Information Programs for information officers,0.0,13000000.0,15000000.0,0.0,16000000.0,0.0,470,0.55882,0.5768,012300100100,Ministry of Information,23050108,Capacity Building,70831,BROADCASTING AND PUBLISHING SERVICES,40420600,AWKA SOUTH,11100122001600,Information Communication and Technology - General
National Council/Board Activities meetings and conferences,0.0,10000000.0,10000000.0,0.0,11000000.0,0.0,470,0.56699,0.58497,012300100100,Ministry of Information,23050103,Monitoring And Evaluation,70831,BROADCASTING AND PUBLISHING SERVICES,40420600,AWKA SOUTH,11100122001700,Information Communication and Technology - General
Ministry of Information Communication Visibility Strategy/Attitudunal Change Communication,0.0,20000000.0,30000000.0,0.0,35000000.0,0.0,470,0.57598,0.59395,012300100100,Ministry of Information,23050110,Value Orientation/Sensistization,70831,BROADCASTING AND PUBLISHING SERVICES,40420600,AWKA SOUTH,11100122001900,Information Communication and Technology - General
Procurement of 1 No 25 KVA Gen Set,0.0,4000000.0,0.0,0.0,8000000.0,0.0,470,0.58497,0.60294,012300100100,Ministry of Information,23010119,Purchase Of Power Generating Set,70831,BROADCASTING AND PUBLISHING SERVICES,40420600,AWKA SOUTH,11100122002000,Information Communication and Technology - General
Rehabilitation of ABS and Anambra State Television Awka,0.0,157000000.0,157000000.0,0.0,121000000.0,0.0,470,0.59395,0.61193,012300100100,Ministry of Information,23030121,Rehabilitation / Repairs Of Office Buildings,70831,BROADCASTING AND PUBLISHING SERVICES,40420600,AWKA SOUTH,11100122002100,Information Communication and Technology - General
Ministry of Information stakeholders Town hall Meetings,0.0,0.0,12500000.0,0.0,13500000.0,0.0,470,0.60294,0.62092,012300100100,Ministry of Information,23050110,Value Orientation/Sensistization,70831,BROADCASTING AND PUBLISHING SERVICES,40420600,AWKA SOUTH,11100122002200,Information Communication and Technology - General
"Study on the improvement State Central Library, Divisional and other Libraries",0.0,0.0,20000000.0,0.0,25000000.0,0.0,470,0.61111,0.62908,012300100100,Ministry of Information,23050101,Research And Development,70831,BROADCASTING AND PUBLISHING SERVICES,40420600,AWKA SOUTH,11100122002300,Information Communication and Technology - General
"MDA Anti-Curruption Crusade Activities, Service Reforms and Re-orientation",0.0,0.0,0.0,0.0,2000000.0,0.0,470,0.6201,0.63807,012300100100,Ministry of Information,23050101,Research And Development,70831,BROADCASTING AND PUBLISHING SERVICES,40420600,AWKA SOUTH,11100122002300,Information Communication and Technology - General
Nutrition Activities,0.0,0.0,0.0,0.0,2000000.0,2000000.0,470,0.62908,0.64706,012300100100,Ministry of Information,23050103,Monitoring And Evaluation,70831,BROADCASTING AND PUBLISHING SERVICES,40420600,AWKA SOUTH,11100122002300,Information Communication and Technology - General
Purchase of 5 Nos laser-jet Printers,0.0,200000.0,200000.0,0.0,5000000.0,0.0,470,0.6732,0.69118,012300100200,Anambra State Sinage Agency - ANSAA,23010114,Purchase Of Computer Printers,70831,BROADCASTING AND PUBLISHING SERVICES,40420600,AWKA SOUTH,11100122002400,Information Communication and Technology - General
Procurement of 25 KVA Generating Set,0.0,5000000.0,5000000.0,0.0,10000000.0,0.0,470,0.68219,0.70016,012300100200,Anambra State Sinage Agency - ANSAA,23010119,Purchase Of Power Generating Set,70831,BROADCASTING AND PUBLISHING SERVICES,40420600,AWKA SOUTH,11100122002500,Information Communication and Technology - General
"Purchase of 15 Nos Tables, Chairs and 2 Nos Executive Sofa",0.0,4000000.0,4000000.0,0.0,4000000.0,0.0,470,0.69118,0.70915,012300100200,Anambra State Sinage Agency - ANSAA,23010112,Purchase Of Office Furniture And Fittings,70831,BROADCASTING AND PUBLISHING SERVICES,40420600,AWKA SOUTH,11100122002600,Information Communication and Technology - General
Capacity Building on Special Advertising and Innovation Program,0.0,5000000.0,5000000.0,0.0,5000000.0,0.0,470,0.69935,0.71732,012300100200,Anambra State Sinage Agency - ANSAA,23050108,Capacity Building,70831,BROADCASTING AND PUBLISHING SERVICES,40420600,AWKA SOUTH,11100122002700,Information Communication and Technology - General
Sinage and Advertizing Monitoring Activities (PRS),0.0,3000000.0,3000000.0,0.0,3000000.0,0.0,470,0.70833,0.72631,012300100200,Anambra State Sinage Agency - ANSAA,23050101,Research And Development,70831,BROADCASTING AND PUBLISHING SERVICES,40420600,AWKA SOUTH,11100122002800,Information Communication and Technology - General
Purchase of 1 No. Truck,0.0,0.0,0.0,0.0,50000000.0,0.0,470,0.71732,0.73529,012300100200,Anambra State Sinage Agency - ANSAA,23010107,Purchase Of Trucks,70831,BROADCASTING AND PUBLISHING SERVICES,40420600,AWKA SOUTH,11100122002900,Information Communication and Technology - General
Purchase of 10 N0. Protective Kits and Wears for Technical Staff,0.0,0.0,0.0,0.0,5000000.0,0.0,470,0.72631,0.74428,012300100200,Anambra State Sinage Agency - ANSAA,23010128,Purchase Of Security Equipment,70831,BROADCASTING AND PUBLISHING SERVICES,40420600,AWKA SOUTH,11100122002900,Information Communication and Technology - General
Enforcement Activities across the state,0.0,0.0,0.0,0.0,5000000.0,0.0,470,0.73529,0.75327,012300100200,Anambra State Sinage Agency - ANSAA,23050103,Monitoring And Evaluation,70831,BROADCASTING AND PUBLISHING SERVICES,40420600,AWKA SOUTH,11100122002900,Information Communication and Technology - General
Construction of Directional Subgantries with advertising pannels (30 Nos) for Amawbia-Uga high and Agulu-Okija high way,0.0,0.0,0.0,0.0,300000000.0,0.0,470,0.74346,0.76144,012300100200,Anambra State Sinage Agency - ANSAA,23020118,Construction / Provision Of Infrastructure,70831,BROADCASTING AND PUBLISHING SERVICES,40420600,AWKA SOUTH,11100122002900,Information Communication and Technology - General
Construction of Sample Bill boards for the Highway in the State,0.0,0.0,0.0,0.0,150000000.0,0.0,470,0.75245,0.77042,012300100200,Anambra State Sinage Agency - ANSAA,23020118,Construction / Provision Of Infrastructure,70831,BROADCASTING AND PUBLISHING SERVICES,40420600,AWKA SOUTH,11100122002900,Information Communication and Technology - General
Capacity Building/Training of Community Based Vigilante Groups,0.0,100000000.0,100000000.0,0.0,100000000.0,0.0,470,0.79657,0.81454,012400100100,Ministry of Homeland Affairs,23050108,Capacity Building,70361,PUBLIC ORDER AND SAFETY N.E.C.,40442200,State Wide,13100123001200,Reform of Government and Governance - General
Development/Training of Staff of Ministry of Homeland Affairs,0.0,12000000.0,15000000.0,0.0,15000000.0,0.0,470,0.80556,0.82353,012400100100,Ministry of Homeland Affairs,23050108,Capacity Building,70361,PUBLIC ORDER AND SAFETY N.E.C.,40442200,State Wide,13100123001300,Reform of Government and Governance - General
Anambra State Annual Security Summit/Sensitization,0.0,15000000.0,20000000.0,0.0,25000000.0,0.0,470,0.81454,0.83252,012400100100,Ministry of Homeland Affairs,23050110,Value Orientation/Sensistization,70361,PUBLIC ORDER AND SAFETY N.E.C.,40442200,State Wide,13100123001400,Reform of Government and Governance - General
Skill Acquisition/Empowerment for Rehabilitated Youths across the State,0.0,80000000.0,80000000.0,0.0,80000000.0,0.0,470,0.82353,0.8415,012400100100,Ministry of Homeland Affairs,23050101,Research And Development,70361,PUBLIC ORDER AND SAFETY N.E.C.,40442200,State Wide,13100123001500,Reform of Government and Governance - General
"Procurement of Office Furnitures and Fittings 2No. Executive Chair, 2 No Executive table, 1 No. Executive Conference table and Chair, 4 No. Visitors Chairs, 2No tables, 2No. chairs",0.0,10000000.0,10000000.0,0.0,10000000.0,0.0,470,0.8317,0.84967,012400100100,Ministry of Homeland Affairs,23010112,Purchase Of Office Furniture And Fittings,70361,PUBLIC ORDER AND SAFETY N.E.C.,40442200,State Wide,13100123001600,Reform of Government and Governance - General
"Procurement of Office Equipment- Computer Accessories, 2 No Printers, 2 No Photocopiers, 5 NO Scanner",0.0,7680000.0,7000000.0,0.0,7000000.0,0.0,470,0.84069,0.85866,012400100100,Ministry of Homeland Affairs,23010112,Purchase Of Office Furniture And Fittings,70361,PUBLIC ORDER AND SAFETY N.E.C.,40442200,State Wide,13100123001700,Reform of Government and Governance - General
"Planning, Research and Statistics (PRS)- Department's/Statewide Monitoring and Evaluation of security Activities",0.0,10000000.0,2000000.0,0.0,5000000.0,0.0,470,0.84967,0.86765,012400100100,Ministry of Homeland Affairs,23050103,Monitoring And Evaluation,70361,PUBLIC ORDER AND SAFETY N.E.C.,40442200,State Wide,13100123001900,Reform of Government and Governance - General
Bio-Data Capturing for all Vigilante Personnel and Private Groups,0.0,30000000.0,30000000.0,0.0,30000000.0,0.0,470,0.85866,0.87663,012400100100,Ministry of Homeland Affairs,23050101,Research And Development,70361,PUBLIC ORDER AND SAFETY N.E.C.,40442200,State Wide,13100123002100,Reform of Government and Governance - General
Purchase of 100 No APC and Other Security Equipments across the State,0.0,500000000.0,2000000000.0,0.0,1000000000.0,0.0,470,0.86765,0.88562,012400100100,Ministry of Homeland Affairs,23010128,Purchase Of Security Equipment,70361,PUBLIC ORDER AND SAFETY N.E.C.,40442200,State Wide,13100123002400,Reform of Government and Governance - General
Subvention to OCHA Brigade,0.0,0.0,437500000.0,0.0,0.0,0.0,470,0.87582,0.89379,012400100100,Ministry of Homeland Affairs,23010112,Purchase Of Office Furniture And Fittings,70361,PUBLIC ORDER AND SAFETY N.E.C.,40442200,State Wide,13100123002400,Reform of Government and Governance - General
"MDA Anti-Curruption Crusade Activities, Service Reforms and Re-orientation",0.0,0.0,0.0,0.0,2000000.0,0.0,470,0.8848,0.90278,012400100100,Ministry of Homeland Affairs,23050101,Research And Development,70361,PUBLIC ORDER AND SAFETY N.E.C.,40442200,State Wide,13100123002400,Reform of Government and Governance - General
Procurement of 19 Nos Executive Furniture for Permanent Secretaries,100053792.0,100136028.0,180000000.0,40867042.0,100000000.0,0.0,471,0.10866,0.12663,012500100100,Office of the Head of Service,23010112,Purchase Of Office Furniture And Fittings,70131,GENERAL PERSONNEL SERVICES,40442200,State Wide,13100122021600,Reform of Government and Governance - General
Procurement of 180Nos PABX wiresless IP phone with P.O.E,0.0,12000000.0,15000000.0,0.0,15000000.0,0.0,471,0.11765,0.13562,012500100100,Office of the Head of Service,23010129,Purchase Of Industrial Equipment,70131,GENERAL PERSONNEL SERVICES,40442200,State Wide,13100122021700,Reform of Government and Governance - General
Human Resources Development (Capacity Building) across MDAs,23465000.0,70000000.0,100000000.0,9082303.0,100000000.0,0.0,471,0.12582,0.14379,012500100100,Office of the Head of Service,23050101,Research And Development,70131,GENERAL PERSONNEL SERVICES,40442200,State Wide,13100122021800,Reform of Government and Governance - General
Construction of 10 unit 2 bedroom flat in Awka for Civil servant/Staff Housing Loan Scheme,0.0,191570000.0,100000000.0,0.0,50000000.0,0.0,471,0.1348,0.15278,012500100100,Office of the Head of Service,23020104,Construction / Provision Of Housing,70131,GENERAL PERSONNEL SERVICES,40442200,State Wide,13100122022000,Reform of Government and Governance - General
Purchase of 10nos saloon Cars for Civil Servants (Revolving Loan Scheme),0.0,100000000.0,50000000.0,0.0,0.0,0.0,471,0.14379,0.16176,012500100100,Office of the Head of Service,23010105,Purchase Of Motor Vehicles,70131,GENERAL PERSONNEL SERVICES,40442200,State Wide,13100122022100,Reform of Government and Governance - General
Refurblishment of 4 Nos. Civil Service Buses,0.0,80000000.0,88000000.0,0.0,50000000.0,0.0,471,0.15278,0.17075,012500100100,Office of the Head of Service,23030101,Rehabilitation / Repairs Of Residential Building,70131,GENERAL PERSONNEL SERVICES,40442200,State Wide,13100122022300,Reform of Government and Governance - General
"Rehabilitation of 3 No. structure of the State Secretariat Complex AwkaPhase 1,2 and 3 (cleaning)",0.0,45000000.0,20000000.0,0.0,60000000.0,0.0,471,0.16176,0.17974,012500100100,Office of the Head of Service,23030121,Rehabilitation / Repairs Of Office Buildings,70131,GENERAL PERSONNEL SERVICES,40442200,State Wide,13100122022500,Reform of Government and Governance - General
Procurement/Installation of 4 No. Public Address System at the Secretariat Complex,0.0,10000000.0,10000000.0,0.0,10000000.0,0.0,471,0.16993,0.18791,012500100100,Office of the Head of Service,23020132,Construction/Provisions of Media Equipments,70131,GENERAL PERSONNEL SERVICES,40442200,State Wide,13100122022900,Reform of Government and Governance - General
Public Service Lectures(Civil Service Day) Activities,0.0,12000000.0,10000000.0,0.0,10000000.0,0.0,471,0.17892,0.1969,012500100100,Office of the Head of Service,23050104,Anniversaries/Celebrations,70131,GENERAL PERSONNEL SERVICES,40442200,State Wide,13100122023200,Reform of Government and Governance - General
Publication of News letters on activities in MDAs -Anambra Service News,0.0,5200000.0,5000000.0,0.0,5000000.0,0.0,471,0.18791,0.20588,012500100100,Office of the Head of Service,23050111,Publications/Publicity,70131,GENERAL PERSONNEL SERVICES,40442200,State Wide,13100122023300,Reform of Government and Governance - General
Civil Leadership Initiative and Award of Excellence,4000000.0,8000000.0,8000000.0,0.0,8000000.0,0.0,471,0.1969,0.21487,012500100100,Office of the Head of Service,23050104,Anniversaries/Celebrations,70131,GENERAL PERSONNEL SERVICES,40442200,State Wide,13100122023400,Reform of Government and Governance - General
Joint Public Service Negotiating Council meetings,20010000.0,25000000.0,45000000.0,40000000.0,40000000.0,0.0,471,0.20588,0.22386,012500100100,Office of the Head of Service,23050110,Value Orientation/Sensistization,70131,GENERAL PERSONNEL SERVICES,40442200,State Wide,13100122023500,Reform of Government and Governance - General
Hosting of the Annual National Council on Establishments workshops,0.0,18000000.0,18000000.0,0.0,18000000.0,0.0,471,0.21405,0.23203,012500100100,Office of the Head of Service,23050101,Research And Development,70131,GENERAL PERSONNEL SERVICES,40442200,State Wide,13100122023700,Reform of Government and Governance - General
Anambra State Anti-Corruption Crusade Activities across MDAs/Corporate Planning and Service Reforms & Reorientation ( ANSACs & SERVICOM) MDA Anti-CurruptionCrusade,10120000.0,95000000.0,50000000.0,0.0,60000000.0,0.0,471,0.22304,0.24101,012500100100,Office of the Head of Service,23050103,Monitoring And Evaluation,70131,GENERAL PERSONNEL SERVICES,40442200,State Wide,13100122023800,Reform of Government and Governance - General
Procurement of 8 Nos photocopying machine,0.0,5000000.0,5000000.0,0.0,0.0,0.0,471,0.23203,0.25,012500100100,Office of the Head of Service,23010115,Purchase Of Photocopying Machines,70131,GENERAL PERSONNEL SERVICES,40442200,State Wide,13100122024000,Reform of Government and Governance - General
Procurement 10Nos Scanner,0.0,4000000.0,5000000.0,0.0,0.0,0.0,471,0.24101,0.25899,012500100100,Office of the Head of Service,23010118,Purchase Of Scanners,70131,GENERAL PERSONNEL SERVICES,40442200,State Wide,13100122024100,Reform of Government and Governance - General
"Procurement of 25Nos Executive Chairs, 18nos Executive Tables, and 30nos Single Tables/Procurement of equipment for Head of Service Office",0.0,20000000.0,20000000.0,10748400.0,20000000.0,0.0,471,0.25,0.26797,012500100100,Office of the Head of Service,23010112,Purchase Of Office Furniture And Fittings,70131,GENERAL PERSONNEL SERVICES,40442200,State Wide,13100122024200,Reform of Government and Governance - General
"Purchase of books and equipment for Civil Service Library(10 Kardex, Library of Congress Classification",0.0,7000000.0,5000000.0,0.0,5000000.0,0.0,471,0.25817,0.27614,012500100100,Office of the Head of Service,23010125,Purchase Of Library Books & Equipment70131 - GENERAL PERSONNEL SERVICES,,"Scheme, 20 No Catalogue Cabinets",40442200,State Wide,13100122024400,Reform of Government and Governance - General
Planning Research and Statistics (PRS) Activities for Office of the Head of Service,0.0,5000000.0,2000000.0,0.0,5000000.0,0.0,471,0.26716,0.28513,012500100100,Office of the Head of Service,23050101,Research And Development,70131,GENERAL PERSONNEL SERVICES,40442200,State Wide,13100122024500,Reform of Government and Governance - General
Hosting of Annual Summit of South East & South- South Head of services ( HOS),0.0,8000000.0,5000000.0,0.0,5000000.0,0.0,471,0.27614,0.29412,012500100100,Office of the Head of Service,23050110,Value Orientation/Sensistization,70131,GENERAL PERSONNEL SERVICES,40442200,State Wide,13100122024600,Reform of Government and Governance - General
Civil Service Week and Productivity Day Celebration,0.0,15000000.0,20000000.0,0.0,25000000.0,0.0,471,0.28513,0.3031,012500100100,Office of the Head of Service,23050104,Anniversaries/Celebrations,70131,GENERAL PERSONNEL SERVICES,40442200,State Wide,13100122024700,Reform of Government and Governance - General
Refurbishment/Repair of 10 No.Pool Vehicles for Office of the Head of Service,0.0,25000000.0,25000000.0,0.0,25000000.0,0.0,471,0.29412,0.31209,012500100100,Office of the Head of Service,23030125,Rehabilitation/Repairs- Power Generating Plants,70131,GENERAL PERSONNEL SERVICES,40442200,State Wide,13100122024800,Reform of Government and Governance - General
"Refurbishment/Servicing 2 Gen Set (1,000 KVA)",10455810.0,20000000.0,22000000.0,0.0,25000000.0,0.0,471,0.30229,0.32026,012500100100,Office of the Head of Service,23030125,Rehabilitation/Repairs- Power Generating Plants,70131,GENERAL PERSONNEL SERVICES,40442200,State Wide,13100122024900,Reform of Government and Governance - General
Computerization of the the Pension office in State Secretariat Awka,0.0,0.0,50000000.0,9235200.0,30000000.0,0.0,471,0.31127,0.32925,012500100100,Office of the Head of Service,23010142,Purchase of Networking Facilities/Equipments,70131,GENERAL PERSONNEL SERVICES,40442200,State Wide,13100122024900,Reform of Government and Governance - General
"Procurement of 2No. Executive Chair, 2 No Executive table, 1 No. Executive Conference table and Chair, 6 No. Visitors Chairs, 6No tables, 6No. chairs for Head of Service Office",0.0,5000000.0,8000000.0,0.0,8000000.0,0.0,471,0.32026,0.33824,012500100100,Office of the Head of Service,23010112,Purchase Of Office Furniture And Fittings,70131,GENERAL PERSONNEL SERVICES,40442200,State Wide,13100122024900,Reform of Government and Governance - General
"Purchase of 4Nos of Fire Proof File Cabinet (Purchase of Office Equipment, Capital Assets and Furniture )",0.0,5200000.0,50000000.0,0.0,80000000.0,0.0,471,0.36438,0.38235,014000100100,Office of the Auditor General (State),23010112,Purchase Of Office Furniture And Fittings,70112,FINANCIAL AND FISCAL AFFAIRS,40442200,State Wide,13100122007600,Reform of Government and Governance - General
Monitoring and Evaluation Activities across the state-Office of the Auditor General State,26719500.0,26950000.0,30000000.0,0.0,10000000.0,0.0,471,0.37337,0.39134,014000100100,Office of the Auditor General (State),23050103,Monitoring And Evaluation,70112,FINANCIAL AND FISCAL AFFAIRS,40442200,State Wide,13100122007700,Reform of Government and Governance - General
"Procurement of 40nos Laptop, 20nos Desktop and other Computer Accessories",0.0,50000000.0,19760004.0,0.0,20000000.0,0.0,471,0.38235,0.40033,014000100100,Office of the Auditor General (State),23010141,Purchase of Computer Soft and Hardwares,70112,FINANCIAL AND FISCAL AFFAIRS,40442200,State Wide,13100122007800,Reform of Government and Governance - General
Renovation. & Expansion. of Office of the State Audit Onitsha,0.0,0.0,0.0,0.0,40000000.0,0.0,471,0.39052,0.4085,014000100100,Office of the Auditor General (State),23030121,Rehabilitation / Repairs Of Office Buildings,70112,FINANCIAL AND FISCAL AFFAIRS,40442200,State Wide,13100122007900,Reform of Government and Governance - General
Capacity Building Program for Auditor General for State,0.0,20000000.0,20000000.0,0.0,20000000.0,0.0,471,0.39951,0.41748,014000100100,Office of the Auditor General (State),23050108,Capacity Building,70112,FINANCIAL AND FISCAL AFFAIRS,40442200,State Wide,13100122008100,Reform of Government and Governance - General
Production of Auditor Generals for State Annual Report,9740000.0,12500000.0,30000000.0,13145700.0,45000000.0,0.0,471,0.4085,0.42647,014000100100,Office of the Auditor General (State),23050111,Publications/Publicity,70112,FINANCIAL AND FISCAL AFFAIRS,40442200,State Wide,13100122008200,Reform of Government and Governance - General
"Planning, Research and Statistics (PRS)- Department's Monitoring and Evaluation Activities",0.0,2000000.0,2000000.0,0.0,5000000.0,0.0,471,0.41748,0.43546,014000100100,Office of the Auditor General (State),23050103,Monitoring And Evaluation,70112,FINANCIAL AND FISCAL AFFAIRS,40442200,State Wide,13100122008300,Reform of Government and Governance - General
"MDA Anti-Curruption Crusade Activities, Service Reforms and Re-orientation",0.0,0.0,0.0,0.0,2000000.0,0.0,471,0.42647,0.44444,014000100100,Office of the Auditor General (State),23050101,Research And Development,70112,FINANCIAL AND FISCAL AFFAIRS,40442200,State Wide,13100122008300,Reform of Government and Governance - General
"Purchase of 4No. air condition, 6No fireproof Steel cabinets, 4No refrigerator",0.0,3630000.0,4600000.0,0.0,5800000.0,0.0,471,0.47059,0.48856,014000200100,Office of the Auditor General (Local Government),23010112,Purchase Of Office Furniture And Fittings,70112,FINANCIAL AND FISCAL AFFAIRS,40442200,State Wide,13100122008500,Reform of Government and Governance - General
"Purchase of 10nos Laptop, 5nos Desktop Computers & Accessories/Purchase of General Office Accessories",0.0,2000000.0,4500000.0,0.0,4650000.0,0.0,471,0.47876,0.49673,014000200100,Office of the Auditor General (Local Government),23010113,Purchase Of Computers,70112,FINANCIAL AND FISCAL AFFAIRS,40442200,State Wide,13100122008600,Reform of Government and Governance - General
Purchase of 10nos Tables & chairs steel cabinets,0.0,0.0,900000.0,0.0,4100000.0,0.0,471,0.48775,0.50572,014000200100,Office of the Auditor General (Local Government),23010112,Purchase Of Office Furniture And Fittings,70112,FINANCIAL AND FISCAL AFFAIRS,40442200,State Wide,13100122008700,Reform of Government and Governance - General
"Rehabilitation of Zonal Office. at Onitsha, Aguata Idemili, Nnewi & Awka",0.0,9000000.0,20000000.0,0.0,0.0,0.0,471,0.49673,0.51471,014000200100,Office of the Auditor General (Local Government),23030121,Rehabilitation / Repairs Of Office Buildings,70112,FINANCIAL AND FISCAL AFFAIRS,40442200,State Wide,13100122008800,Reform of Government and Governance - General
Monitoring and Evaluation Activities Office of the Auditor General Local Governemnt,0.0,6000000.0,10000000.0,0.0,10000000.0,0.0,471,0.50572,0.52369,014000200100,Office of the Auditor General (Local Government),23050103,Monitoring And Evaluation,70112,FINANCIAL AND FISCAL AFFAIRS,40442200,State Wide,13100122008900,Reform of Government and Governance - General
Production of Auditor- Generals for Local Government Annual Report,0.0,5000000.0,10500000.0,10285000.0,13200000.0,0.0,471,0.51471,0.53268,014000200100,Office of the Auditor General (Local Government),23050111,Publications/Publicity,70112,FINANCIAL AND FISCAL AFFAIRS,40442200,State Wide,13100122009000,Reform of Government and Governance - General
Capacity Building Program for Auditor General for Local Govt,0.0,10000000.0,2000000.0,0.0,20000000.0,0.0,471,0.52288,0.54085,014000200100,Office of the Auditor General (Local Government),23050108,Capacity Building,70112,FINANCIAL AND FISCAL AFFAIRS,40442200,State Wide,13100122009100,Reform of Government and Governance - General
Purchase of 3Nos Hilux Van for monitoring and Evaluation.,0.0,0.0,0.0,0.0,2000000.0,0.0,471,0.53186,0.54984,014000200100,Office of the Auditor General (Local Government),23010105,Purchase Of Motor Vehicles,70112,FINANCIAL AND FISCAL AFFAIRS,40442200,State Wide,13100122009200,Reform of Government and Governance - General
Procurement of 20nos Laptop and 6nos Photocopiers,0.0,5000000.0,0.0,0.0,3380000.0,0.0,471,0.57598,0.59395,014700100100,Civil Service Commission,23010112,Purchase Of Office Furniture And Fittings,70131,GENERAL PERSONNEL SERVICES,40442200,State Wide,13100122009400,Reform of Government and Governance - General
Drilling/Construction of water Facility including overhead (O/H ) tank,0.0,0.0,20000000.0,0.0,0.0,0.0,471,0.58497,0.60294,014700100100,Civil Service Commission,23020105,Construction / Provision Of Water Facilities,70131,GENERAL PERSONNEL SERVICES,40442200,State Wide,13100122009500,Reform of Government and Governance - General
Rehabiliation of 25 KVA Generating Set,0.0,2000000.0,0.0,0.0,0.0,0.0,471,0.59395,0.61193,014700100100,Civil Service Commission,23030125,Rehabilitation/Repairs- Power Generating Plants,70131,GENERAL PERSONNEL SERVICES,40442200,State Wide,13100122009800,Reform of Government and Governance - General
Construction of New Office Complex with Multiple Examination Centre,0.0,0.0,5000000.0,0.0,0.0,0.0,471,0.60294,0.62092,014700100100,Civil Service Commission,23020101,Construction / Provision Of Office Buildings,70131,GENERAL PERSONNEL SERVICES,40442200,State Wide,13100122009900,Reform of Government and Governance - General
Production of Civil Service Annual Statistical Reports,0.0,7000000.0,0.0,0.0,10000000.0,0.0,471,0.61111,0.62908,014700100100,Civil Service Commission,23050111,Publications/Publicity,70131,GENERAL PERSONNEL SERVICES,40442200,State Wide,13100122010000,Reform of Government and Governance - General
"Annual Appraisal,Examination and Promotion Project",0.0,10000000.0,10000000.0,0.0,15000000.0,0.0,471,0.6201,0.63807,014700100100,Civil Service Commission,23050101,Research And Development,70131,GENERAL PERSONNEL SERVICES,40442200,State Wide,13100122010100,Reform of Government and Governance - General
Capacity Building Program for the Civil Service Commission,0.0,6000000.0,10000000.0,10000000.0,25000000.0,0.0,471,0.62908,0.64706,014700100100,Civil Service Commission,23050108,Capacity Building,70131,GENERAL PERSONNEL SERVICES,40442200,State Wide,13100122010200,Reform of Government and Governance - General
"Pmt walling/ fencg of Plot P.3 (9,000) sqm alloc to com 2005",0.0,0.0,25000000.0,0.0,0.0,0.0,471,0.63807,0.65605,014700100100,Civil Service Commission,23020104,Construction / Provision Of Housing,70131,GENERAL PERSONNEL SERVICES,40442200,State Wide,13100122010300,Reform of Government and Governance - General
"Planning, Research and Statistics (PRS)- Department's Monitoring and Evaluation Activities",0.0,0.0,0.0,0.0,5000000.0,0.0,471,0.64706,0.66503,014700100100,Civil Service Commission,23050101,Research And Development,70131,GENERAL PERSONNEL SERVICES,40442200,State Wide,13100122010300,Reform of Government and Governance - General
"MDA Anti-Curruption Crusade Activities, Service Reforms and Re-orientation",0.0,0.0,0.0,0.0,2000000.0,0.0,471,0.65523,0.6732,014700100100,Civil Service Commission,23050101,Research And Development,70131,GENERAL PERSONNEL SERVICES,40442200,State Wide,13100122010300,Reform of Government and Governance - General
Conduct of Election and Post Election Matters in the 21 LGAs,0.0,50000000.0,100000000.0,0.0,1000000000.0,0.0,471,0.69935,0.71732,014800100100,Anambra State Independent Electoral Commission,23050101,Research And Development,70161,GENERAL PUBLIC SERVICES N.E.C.,40442200,State Wide,13100122010800,Reform of Government and Governance - General
Procurement of Library Books and Library Equipments,0.0,1000000.0,2000000.0,0.0,2000000.0,0.0,471,0.70833,0.72631,014800100100,Anambra State Independent Electoral Commission,23010125,Purchase Of Library Books & Equipment,70161,GENERAL PUBLIC SERVICES N.E.C.,40442200,State Wide,13100122011000,Reform of Government and Governance - General
"Purchase of office Equipment,(coloured scanner/printer)",0.0,2520000.0,3000000.0,0.0,3000000.0,0.0,471,0.71732,0.73529,014800100100,Anambra State Independent Electoral Commission,23010123,Purchase Of Fire Fighting Equipment,70161,GENERAL PUBLIC SERVICES N.E.C.,40442200,State Wide,13100122011100,Reform of Government and Governance - General
Capacity Building Program for State Independent Electoral,0.0,4600000.0,10000000.0,0.0,10000000.0,0.0,471,0.72631,0.74428,014800100100,Anambra State Independent Electoral Commission,23050108,Capacity Building,70161,GENERAL PUBLIC SERVICES N.E.C.,40442200,State Wide,13100122011400,Reform of Government and Governance - General
Creation additional 22 N0 Electoral Wards in each local Governemnt Area,0.0,31000000.0,50000000.0,0.0,0.0,0.0,471,0.73529,0.75327,014800100100,Anambra State Independent Electoral Commission,23050101,Research And Development,70161,GENERAL PUBLIC SERVICES N.E.C.,40442200,State Wide,13100122011500,Reform of Government and Governance - General
Construction and Installation of Soloar Energy,0.0,0.0,20000000.0,0.0,0.0,0.0,471,0.74346,0.76144,014800100100,Anambra State Independent Electoral Commission,23010133,Purchases Of Surveying Equipment,70161,GENERAL PUBLIC SERVICES N.E.C.,40442200,State Wide,13100122011500,Reform of Government and Governance - General
"Planning, Research and Statistics (PRS)- Department's Monitoring and Evaluation Activities",0.0,0.0,0.0,0.0,5000000.0,0.0,471,0.75245,0.77042,014800100100,Anambra State Independent Electoral Commission,23050101,Research And Development,70161,GENERAL PUBLIC SERVICES N.E.C.,40442200,State Wide,13100122011500,Reform of Government and Governance - General
"MDA Anti-Curruption Crusade Activities, Service Reforms and Re-orientation",0.0,0.0,0.0,0.0,2000000.0,0.0,471,0.76144,0.77941,014800100100,Anambra State Independent Electoral Commission,23050101,Research And Development,70161,GENERAL PUBLIC SERVICES N.E.C.,40442200,State Wide,13100122011500,Reform of Government and Governance - General
"Procurement of office equipment and accessories (3 no. Core i5, Hp Laptops, 2no. Laser Jeter Printers,Office Accessories",0.0,20000000.0,30000000.0,0.0,5600000.0,0.0,471,0.80556,0.82353,017000100100,Ministry of Special Duties,23010114,Purchase Of Computer Printers,70133,OTHER GENERAL SERVICES,40442200,State Wide,13100122019500,Reform of Government and Governance - General
Sensi(cid:415)za(cid:415)on/summit for stakeholder on con(cid:415)nuous,0.0,30000000.0,10000000.0,0.0,10000000.0,0.0,471,0.81454,0.83252,017000100100,Ministry of Special Duties,23050110,Value Orientation/Sensistization,70133,OTHER GENERAL SERVICES,40442200,State Wide,13100122019600,Reform of Government and Governance - General
Project Implementation and Monitoring Activities (PRS) for Ministry of Special duties,0.0,10000000.0,5000000.0,0.0,5000000.0,0.0,471,0.82353,0.8415,017000100100,Ministry of Special Duties,23050103,Monitoring And Evaluation,70133,OTHER GENERAL SERVICES,40442200,State Wide,13100122019700,Reform of Government and Governance - General
Capacity Building of Staff of the Ministry,0.0,15000000.0,10000000.0,0.0,5000000.0,0.0,471,0.8317,0.84967,017000100100,Ministry of Special Duties,23050108,Capacity Building,70133,OTHER GENERAL SERVICES,40442200,State Wide,13100122019900,Reform of Government and Governance - General
"Procurement of Office( 3no. Tablles (Executive) 3no. Swingling Chairs, 2no.Fireproof office Safe (Two drawers size), 4 no. Still Carbenet , 1no. Comference Table, 10no. Conference Chairs)",0.0,10000000.0,0.0,0.0,10000000.0,0.0,471,0.84069,0.85866,017000100100,Ministry of Special Duties,23010112,Purchase Of Office Furniture And Fittings,70133,OTHER GENERAL SERVICES,40442200,State Wide,13100122020100,Reform of Government and Governance - General
Provision for Public Private Community Partnership Projects,0.0,0.0,50000000.0,0.0,20000000.0,0.0,471,0.84967,0.86765,017000100100,Ministry of Special Duties,23050101,Research And Development,70133,OTHER GENERAL SERVICES,40442200,State Wide,13100122020100,Reform of Government and Governance - General
Statewide consultation on Community Peace and Conflict Management,0.0,0.0,30000000.0,0.0,30000000.0,0.0,471,0.85866,0.87663,017000100100,Ministry of Special Duties,23050101,Research And Development,70133,OTHER GENERAL SERVICES,40442200,State Wide,13100122020100,Reform of Government and Governance - General
Senior Citizen Intervention Program,0.0,0.0,200000000.0,0.0,150000000.0,0.0,471,0.86765,0.88562,017000100100,Ministry of Special Duties,23050101,Research And Development,70133,OTHER GENERAL SERVICES,40442200,State Wide,13100122020100,Reform of Government and Governance - General
"Launching of Special Intervention Program for Riverine and oil Producing Communities (Purchase of Equipment-4 protective gear, 3-specialised tool, medical and waste management),",0.0,0.0,500000000.0,0.0,100000000.0,0.0,471,0.87582,0.89379,017000100100,Ministry of Special Duties,23050101,Research And Development,70133,OTHER GENERAL SERVICES,40442200,State Wide,13100122020100,Reform of Government and Governance - General
Anambra State Celebration/Award Giving to Champions,0.0,0.0,100000000.0,0.0,50000000.0,0.0,471,0.8848,0.90278,017000100100,Ministry of Special Duties,23050104,Anniversaries/Celebrations,70133,OTHER GENERAL SERVICES,40442200,State Wide,13100122020100,Reform of Government and Governance - General
"MDA Anti-Curruption Crusade Activities, Service Reforms and Re-orientation",0.0,0.0,0.0,0.0,2000000.0,0.0,471,0.89379,0.91176,017000100100,Ministry of Special Duties,23050101,Research And Development,70133,OTHER GENERAL SERVICES,40442200,State Wide,13100122020100,Reform of Government and Governance - General
Produce Storage and Fumigation Scheme,23910460.0,51000000.0,0.0,0.0,10000000.0,0.0,472,0.11765,0.13562,021500100100,Ministry of Agriculture,23020113,Construction / Provision Of Agricultural Facilities,70421,AGRICULTURE,40442200,State Wide,01040122000100,Modern technology for post-harvest storage and value addition
"Purchase of Agricultural equipment for Crop Protection (plant protection lab, Crop pest & diseases surveillance)",0.0,8000000.0,8000000.0,0.0,8000000.0,0.0,472,0.12582,0.14379,021500100100,Ministry of Agriculture,23010127,Purchase Of Agricultural Equipment,70421,AGRICULTURE,40442200,State Wide,01030322000200,"Farm inputs supply and service delivery system (improved seeds, fertilizer, agro-chemicals etc.)"
"Purchase of Coconut, Palm and other Seedlings (Agricultural Program)",1323904600.0,2000000000.0,2000000000.0,0.0,1000000000.0,0.0,472,0.1348,0.15278,021500100100,Ministry of Agriculture,23010127,Purchase Of Agricultural Equipment,70421,AGRICULTURE,40442200,State Wide,01030322000300,"Farm inputs supply and service delivery system (improved seeds, fertilizer, agro-chemicals etc.)"
Purchases -Seed Multiplication and Horticultural Development Project,0.0,100000000.0,200000000.0,0.0,200000000.0,0.0,472,0.14379,0.16176,021500100100,Ministry of Agriculture,23010127,Purchase Of Agricultural Equipment,70421,AGRICULTURE,40442200,State Wide,01030222000200,"Intensive crop and vegetable production (irrigation, crop diversification etc.)"
Capacity Building on use of Technology based Agriculture,0.0,25000000.0,25000000.0,0.0,25000000.0,0.0,472,0.15278,0.17075,021500100100,Ministry of Agriculture,23050109,E-Learning,70421,AGRICULTURE,40442200,State Wide,01010222000200,Agriculture sector coordination mechanisms
Procurement of a Testing Laboratory equipment and Services in Awka,0.0,79250000.0,85000000.0,0.0,85000000.0,0.0,472,0.16176,0.17974,021500100100,Ministry of Agriculture,23010127,Purchase Of Agricultural Equipment,70421,AGRICULTURE,40442200,State Wide,01070422000100,"Adaptive research, unified and all-inclusive extension services delivery"
Planning Research Statistics (PRS) Capacity. Building Project. for Ministry of Agriculture & Agric Surveys/Study.,0.0,5000000.0,15000000.0,0.0,5000000.0,0.0,472,0.16993,0.18791,021500100100,Ministry of Agriculture,23050108,Capacity Building,70421,AGRICULTURE,40442200,State Wide,01070622000100,Capacity building for stakeholders and professional human resources development
Purchase of Standard Agricultural Engineering kits/protective clothes,0.0,15000000.0,15000000.0,0.0,15000000.0,0.0,472,0.17892,0.1969,021500100100,Ministry of Agriculture,23020113,Construction / Provision Of Agricultural Facilities,70421,AGRICULTURE,40442200,State Wide,01010222000300,Agriculture sector coordination mechanisms
Fertilizer Procurement and Distribution,0.0,50000000.0,50000000.0,0.0,50000000.0,0.0,472,0.18791,0.20588,021500100100,Ministry of Agriculture,23010127,Purchase Of Agricultural Equipment,70421,AGRICULTURE,40442200,State Wide,01030322000400,"Farm inputs supply and service delivery system (improved seeds, fertilizer, agro-chemicals etc.)"
"Procurement of Agricultural Inputs Program (Seedlings, Pesticides, Fertilizers ETC)",0.0,50000000.0,100000000.0,0.0,50000000.0,0.0,472,0.1969,0.21487,021500100100,Ministry of Agriculture,23010127,Purchase Of Agricultural Equipment,70421,AGRICULTURE,40442200,State Wide,01030322000500,"Farm inputs supply and service delivery system (improved seeds, fertilizer, agro-chemicals etc.)"
Procurement of Veterinary Field Services (Ambulatory and drug services),0.0,8000000.0,10000000.0,0.0,10000000.0,0.0,472,0.20588,0.22386,021500100100,Ministry of Agriculture,23050101,Research And Development,70421,AGRICULTURE,40442200,State Wide,01020522000100,Animal health and livestock diseases management
"Veten.Pre.Ctrl & Surveill.of Animal Diseas e.g.Rabbies,TB&PPR",0.0,8000000.0,15000000.0,0.0,10000000.0,0.0,472,0.21405,0.23203,021500100100,Ministry of Agriculture,23050103,Monitoring And Evaluation,70421,AGRICULTURE,40442200,State Wide,01020522000200,Animal health and livestock diseases management
Special Workshop on Veterinary EPIZOOTIC/Surveillance,0.0,0.0,8000000.0,0.0,5000000.0,0.0,472,0.22304,0.24101,021500100100,Ministry of Agriculture,23050103,Monitoring And Evaluation,70421,AGRICULTURE,40442200,State Wide,01020522000300,Animal health and livestock diseases management
Anambra State Integrated Livestock Company Limited,0.0,0.0,0.0,0.0,100000000.0,0.0,472,0.23203,0.25,021500100100,Ministry of Agriculture,23020113,Construction / Provision Of Agricultural Facilities,70421,AGRICULTURE,40442200,State Wide,01010122000200,"Legal, policy, regulations and standards, guidelines and protocols development and reviews"
Agricultural Shows and Faires,7500000.0,43000000.0,50000000.0,0.0,50000000.0,0.0,472,0.24101,0.25899,021500100100,Ministry of Agriculture,23050110,Value Orientation/Sensistization,70421,AGRICULTURE,40442200,State Wide,01040322000100,Market linkage
National Council on Agriculture seminars/meetings,1344700.0,20000000.0,10000000.0,0.0,10000000.0,0.0,472,0.25,0.26797,021500100100,Ministry of Agriculture,23050108,Capacity Building,70421,AGRICULTURE,40442200,State Wide,01010222000400,Agriculture sector coordination mechanisms
"Planning, Research and Statistics (PRS)- Department's Monitoring and Evaluation Activities",704900.0,3000000.0,3000000.0,0.0,5000000.0,0.0,472,0.25817,0.27614,021500100100,Ministry of Agriculture,23050108,Capacity Building,70421,AGRICULTURE,40442200,State Wide,01010222000600,Agriculture sector coordination mechanisms
Strategic Upgrading of Amansea Cattle Market & Veterinary Clinics,0.0,0.0,50000000.0,0.0,40000000.0,0.0,472,0.26716,0.28513,021500100100,Ministry of Agriculture,23020113,Construction / Provision Of Agricultural Facilities,70421,AGRICULTURE,40442200,State Wide,01020522000400,Animal health and livestock diseases management
Procurement of 4nos Combined Harvesters and 10nos Oil-palm Harvester Equipments(CCD),0.0,117000000.0,50000000.0,0.0,50000000.0,0.0,472,0.27614,0.29412,021500100100,Ministry of Agriculture,23010127,Purchase Of Agricultural Equipment,70421,AGRICULTURE,40442200,State Wide,01040122000300,Modern technology for post-harvest storage and value addition
"Refurbishment of 5nos Tractors (60HP, 4 Wheel Drive, 45 ltr fuel tank & 2,100kg weight)(maintenance of Tractor)",0.0,20000000.0,10000000.0,0.0,10000000.0,0.0,472,0.28513,0.3031,021500100100,Ministry of Agriculture,23030112,Rehabilitation / Repairs - Agricicultural Facilities,70421,AGRICULTURE,40442200,State Wide,01070122000400,"Integrated rural development (agricultural land development, farm mechanization, & rural infrastructures"
"Procurement of Office Furniture- 4 N0. Executive chairs and Tables, $ Nos. Ofiice chairs and Table",0.0,12800000.0,12000000.0,0.0,8000000.0,0.0,472,0.29412,0.31209,021500100100,Ministry of Agriculture,23010112,Purchase Of Office Furniture And Fittings,70421,AGRICULTURE,40442200,State Wide,01010222000800,Agriculture sector coordination mechanisms
Capacity Building of Ministry's Staff and Extension officers,0.0,10000000.0,10000000.0,0.0,5000000.0,0.0,472,0.30229,0.32026,021500100100,Ministry of Agriculture,23050108,Capacity Building,70421,AGRICULTURE,40442200,State Wide,01070622000200,Capacity building for stakeholders and professional human resources development
School Horicultural Development programme(Operation name You),0.0,0.0,100000000.0,0.0,0.0,0.0,472,0.31127,0.32925,021500100100,Ministry of Agriculture,23050101,Research And Development,70421,AGRICULTURE,40442200,State Wide,01070422000200,"Adaptive research, unified and all-inclusive extension services delivery"
Fishery Development Programme,0.0,50000000.0,50000000.0,0.0,50000000.0,0.0,472,0.32026,0.33824,021500100100,Ministry of Agriculture,23050101,Research And Development,70421,AGRICULTURE,40442200,State Wide,01050122000100,"Commercial aquaculture development (fish production, feed mills development, fishing inputs etc.)"
Agricultural Transformation Centre(ATCs)/Agricultural Processing zone(SP2s) Development,0.0,0.0,0.0,0.0,10000000.0,0.0,472,0.32925,0.34722,021500100100,Ministry of Agriculture,23050101,Research And Development,70421,AGRICULTURE,40442200,State Wide,01100122000100,Agriculture Programme Not Elsewhere Classified
Nutrition Activities,0.0,0.0,0.0,0.0,30000000.0,30000000.0,472,0.33824,0.35621,021500100100,Ministry of Agriculture,23050110,Value Orientation/Sensistization,70421,AGRICULTURE,40442200,State Wide,01100122000100,Agriculture Programme Not Elsewhere Classified
Refurbishment of 4 No. Vehicles,0.0,0.0,0.0,0.0,10000000.0,0.0,472,0.34641,0.36438,021500100100,Ministry of Agriculture,23050110,Value Orientation/Sensistization,70421,AGRICULTURE,40442200,State Wide,01100122000100,Agriculture Programme Not Elsewhere Classified
"MDA Anti-Curruption Crusade Activities, Service Reforms and Re-orientation",0.0,0.0,0.0,0.0,2000000.0,0.0,472,0.35539,0.37337,021500100100,Ministry of Agriculture,23050110,Value Orientation/Sensistization,70421,AGRICULTURE,40442200,State Wide,01100122000100,Agriculture Programme Not Elsewhere Classified
Development of Rural Institutions Value Chain Program ( VCDP),0.0,0.0,0.0,0.0,10000000.0,0.0,472,0.39951,0.41748,021510200100,Agricultural Development Project,23010127,Purchase Of Agricultural Equipment,70421,AGRICULTURE,40442200,State Wide,01070522000900,"Public Private Partnerships (corporate private sector, NGOs, donors & development partners, farmers organizations)"
Project on promotion of Market Oriented Agrc Extention System for lively hood,0.0,0.0,0.0,0.0,30000000.0,0.0,472,0.4085,0.42647,021510200100,Agricultural Development Project,23050101,Research And Development,70421,AGRICULTURE,40442200,State Wide,01070522001300,"Public Private Partnerships (corporate private sector, NGOs, donors & development partners, farmers organizations)"
Women in Agriculture value addition & nutrition,0.0,0.0,0.0,0.0,10000000.0,10000000.0,472,0.41748,0.43546,021510200100,Agricultural Development Project,23050101,Research And Development,70421,AGRICULTURE,40442200,State Wide,01070522001300,"Public Private Partnerships (corporate private sector, NGOs, donors & development partners, farmers organizations)"
ADP Monitoring & Evaluation,0.0,0.0,0.0,0.0,5000000.0,0.0,472,0.42647,0.44444,021510200100,Agricultural Development Project,23050103,Monitoring And Evaluation,70421,AGRICULTURE,40442200,State Wide,01070522001300,"Public Private Partnerships (corporate private sector, NGOs, donors & development partners, farmers organizations)"
Purchase of Powered Irrigation Pumps,0.0,0.0,0.0,0.0,40000000.0,0.0,472,0.43464,0.45261,021510200100,Agricultural Development Project,23010127,Purchase Of Agricultural Equipment,70421,AGRICULTURE,40442200,State Wide,01070522001300,"Public Private Partnerships (corporate private sector, NGOs, donors & development partners, farmers organizations)"
State Debt Management Activities,0.0,50000000.0,10000000.0,0.0,0.0,0.0,472,0.47876,0.49673,022000100100,Ministry of Finance,23050101,Research And Development,70411,GENERAL ECONOMIC AND COMMERCIALAFFAIRS,40442200,State Wide,13100122028900,Reform of Government and Governance - General
"Procurement of Office Furniture (10 No. Executive chair and Table, 10 No. Swinging chairs, 10 No Single chairs)",11248487.0,20000000.0,10000000.0,0.0,12000000.0,0.0,472,0.48775,0.50572,022000100100,Ministry of Finance,23010112,Purchase Of Office Furniture And Fittings,70411,GENERAL ECONOMIC AND COMMERCIALAFFAIRS,40442200,State Wide,13100122029000,Reform of Government and Governance - General
Ministry's Project Implementation and Monitoring Activities,0.0,5700000.0,2000000.0,0.0,5000000.0,0.0,472,0.49673,0.51471,022000100100,Ministry of Finance,23050103,Monitoring And Evaluation,70411,GENERAL ECONOMIC AND COMMERCIALAFFAIRS,40442200,State Wide,13100122029100,Reform of Government and Governance - General
Financial and other State wide Consultancy Services,487710724.0,1000000000.0,1000000000.0,0.0,1000000000.0,0.0,472,0.50572,0.52369,022000100100,Ministry of Finance,23050101,Research And Development,70411,GENERAL ECONOMIC AND COMMERCIALAFFAIRS,40442200,State Wide,13100122029200,Reform of Government and Governance - General
Production of State Financial Policy and Digest,0.0,3500000.0,3500000.0,0.0,4000000.0,0.0,472,0.51471,0.53268,022000100100,Ministry of Finance,23050111,Publications/Publicity,70411,GENERAL ECONOMIC AND COMMERCIALAFFAIRS,40442200,State Wide,13100122029500,Reform of Government and Governance - General
Internal Central Audit Department Data Base,0.0,50000000.0,20000000.0,0.0,20000000.0,0.0,472,0.52288,0.54085,022000100100,Ministry of Finance,23050102,Computer Software Acquisition,70411,GENERAL ECONOMIC AND COMMERCIALAFFAIRS,40442200,State Wide,13100122029600,Reform of Government and Governance - General
Development of State Debt Management Framework /Guide,0.0,20000000.0,20000000.0,0.0,20000000.0,0.0,472,0.53186,0.54984,022000100100,Ministry of Finance,23050101,Research And Development,70411,GENERAL ECONOMIC AND COMMERCIALAFFAIRS,40442200,State Wide,13100122029700,Reform of Government and Governance - General
MOF/DMD Data Base,0.0,0.0,20000000.0,0.0,0.0,0.0,472,0.54085,0.55882,022000100100,Ministry of Finance,23050102,Computer Software Acquisition,70411,GENERAL ECONOMIC AND COMMERCIALAFFAIRS,40442200,State Wide,13100122029900,Reform of Government and Governance - General
Capacity Building Program for the Ministry of Finance,6169500.0,30000000.0,30000000.0,0.0,0.0,0.0,472,0.54984,0.56781,022000100100,Ministry of Finance,23050108,Capacity Building,70411,GENERAL ECONOMIC AND COMMERCIALAFFAIRS,40442200,State Wide,13100122030000,Reform of Government and Governance - General
Secure Investment/Credit Rating Assessments by at least Three Credit Rating Agencies,0.0,35000000.0,35000000.0,0.0,20000000.0,0.0,472,0.55882,0.5768,022000100100,Ministry of Finance,23050101,Research And Development,70411,GENERAL ECONOMIC AND COMMERCIALAFFAIRS,40442200,State Wide,13100122030200,Reform of Government and Governance - General
Review of State financial laws for greater transparency and sustainability of the State,0.0,20000000.0,50000000.0,0.0,50000000.0,0.0,472,0.56699,0.58497,022000100100,Ministry of Finance,23050101,Research And Development,70411,GENERAL ECONOMIC AND COMMERCIALAFFAIRS,40442200,State Wide,13100122030400,Reform of Government and Governance - General
Support for Migration to Accural System of Accounting,0.0,20000000.0,20000000.0,0.0,524000000.0,0.0,472,0.57598,0.59395,022000100100,Ministry of Finance,23050101,Research And Development,70411,GENERAL ECONOMIC AND COMMERCIALAFFAIRS,40442200,State Wide,13100122030500,Reform of Government and Governance - General
Capitalization of ADIC (State Project Facilitation Fund),0.0,0.0,5000000000.0,0.0,5000000000.0,0.0,472,0.58497,0.60294,022000100100,Ministry of Finance,23050101,Research And Development,70411,GENERAL ECONOMIC AND COMMERCIALAFFAIRS,40442200,State Wide,13100122030500,Reform of Government and Governance - General
Refurbishment of Motor Vehicle,1800000.0,5000000.0,5000000.0,0.0,6000000.0,0.0,472,0.59395,0.61193,022000100100,Ministry of Finance,23030128,Rehabilitation/Repairs -Motor Vehicles,70411,GENERAL ECONOMIC AND COMMERCIALAFFAIRS,40442200,State Wide,13100122030500,Reform of Government and Governance - General
"MDA Anti-Curruption Crusade Activities, Service Reforms and Re-orientation",0.0,0.0,0.0,0.0,2000000.0,0.0,472,0.60294,0.62092,022000100100,Ministry of Finance,23050101,Research And Development,70411,GENERAL ECONOMIC AND COMMERCIALAFFAIRS,40442200,State Wide,13100122030500,Reform of Government and Governance - General
Computerization of Acctountant General’s office & provision of equipment,83741748.0,200000000.0,200000000.0,620000.0,200000000.0,0.0,472,0.64706,0.66503,022000700100,Office of the Accountant General,23010113,Purchase Of Computers,70112,FINANCIAL AND FISCAL AFFAIRS,40442200,State Wide,13100122011800,Reform of Government and Governance - General
Printing and Production of Security Documents,0.0,10000000.0,10000000.0,0.0,10000000.0,0.0,472,0.65523,0.6732,022000700100,Office of the Accountant General,23050111,Publications/Publicity,70112,FINANCIAL AND FISCAL AFFAIRS,40442200,State Wide,13100122011900,Reform of Government and Governance - General
IPSAS Up grade,12627000.0,50000000.0,100000000.0,5000000.0,100000000.0,0.0,472,0.66422,0.68219,022000700100,Office of the Accountant General,23050102,Computer Software Acquisition,70112,FINANCIAL AND FISCAL AFFAIRS,40442200,State Wide,13100122012100,Reform of Government and Governance - General
Capacity Building Program for the Accountants,23958000.0,50000000.0,30000000.0,0.0,50000000.0,0.0,472,0.6732,0.69118,022000700100,Office of the Accountant General,23050108,Capacity Building,70112,FINANCIAL AND FISCAL AFFAIRS,40442200,State Wide,13100122012200,Reform of Government and Governance - General
Development of Contractor LedgerModule for the Implimentation of Performance Report,0.0,150000000.0,200000000.0,0.0,200000000.0,0.0,472,0.68219,0.70016,022000700100,Office of the Accountant General,23050102,Computer Software Acquisition,70112,FINANCIAL AND FISCAL AFFAIRS,40442200,State Wide,13100122012400,Reform of Government and Governance - General
Development of E-Payment Module for the Contractor Ledger Implimentation with all the Banks,0.0,150000000.0,200000000.0,0.0,200000000.0,0.0,472,0.69118,0.70915,022000700100,Office of the Accountant General,23050102,Computer Software Acquisition,70112,FINANCIAL AND FISCAL AFFAIRS,40442200,State Wide,13100122012500,Reform of Government and Governance - General
Development of Access Restriction for security of electronic cash books and Bank Reconciliation of MDAs,0.0,100000000.0,0.0,0.0,100000000.0,0.0,472,0.69935,0.71732,022000700100,Office of the Accountant General,23050102,Computer Software Acquisition,70112,FINANCIAL AND FISCAL AFFAIRS,40442200,State Wide,13100122012600,Reform of Government and Governance - General
Payroll Computerization and Infrastrural Provision,0.0,0.0,0.0,0.0,200000000.0,0.0,472,0.70833,0.72631,022000700100,Office of the Accountant General,23050102,Computer Software Acquisition,70112,FINANCIAL AND FISCAL AFFAIRS,40442200,State Wide,13100122012600,Reform of Government and Governance - General
"MDA Anti-Curruption Crusade Activities, Service Reforms and Re-orientation",0.0,0.0,0.0,0.0,2000000.0,0.0,472,0.71732,0.73529,022000700100,Office of the Accountant General,23050102,Computer Software Acquisition,70112,FINANCIAL AND FISCAL AFFAIRS,40442200,State Wide,13100122012600,Reform of Government and Governance - General
BIR Projct Actvits:Extension of Oﬁce & Construc(cid:415)on of Board of Internal Revenue,0.0,50000000.0,30000000.0,0.0,30000000.0,0.0,472,0.76144,0.77941,022000800100,Anambra State Internal Revenue Service,23020101,Construction / Provision Of Office Buildings,70112,FINANCIAL AND FISCAL AFFAIRS,40442200,State Wide,13100122030600,Reform of Government and Governance - General
Construction of Zonal Tax offices,0.0,200000000.0,80000000.0,0.0,80000000.0,0.0,472,0.77042,0.7884,022000800100,Anambra State Internal Revenue Service,23020101,Construction / Provision Of Office Buildings,70112,FINANCIAL AND FISCAL AFFAIRS,40442200,State Wide,13100122030700,Reform of Government and Governance - General
Produc(cid:415)on of vehicle/motorcycle Number plates by Federal Road Safety Comission (FRSC),0.0,200000000.0,100000000.0,0.0,100000000.0,0.0,472,0.77859,0.79657,022000800100,Anambra State Internal Revenue Service,23010128,Purchase Of Security Equipment,70112,FINANCIAL AND FISCAL AFFAIRS,40442200,State Wide,13100122030800,Reform of Government and Governance - General
Production of Conductors’ and Drivers’ Badges,0.0,30000000.0,30000000.0,0.0,30000000.0,0.0,472,0.78758,0.80556,022000800100,Anambra State Internal Revenue Service,23010128,Purchase Of Security Equipment,70112,FINANCIAL AND FISCAL AFFAIRS,40442200,State Wide,13100122030900,Reform of Government and Governance - General
Automation and computerization of Board of Internal Revenue (BIR),0.0,62500000.0,50000000.0,0.0,50000000.0,0.0,472,0.79657,0.81454,022000800100,Anambra State Internal Revenue Service,23050102,Computer Software Acquisition,70112,FINANCIAL AND FISCAL AFFAIRS,40442200,State Wide,13100122031000,Reform of Government and Governance - General
Capacity building for the staff of Board of Internal Revenue (BIR),0.0,110000000.0,50000000.0,0.0,50000000.0,0.0,472,0.80556,0.82353,022000800100,Anambra State Internal Revenue Service,23050108,Capacity Building,70112,FINANCIAL AND FISCAL AFFAIRS,40442200,State Wide,13100122031100,Reform of Government and Governance - General
"Furnishing of new buildings for Board of Internal Revenue (BIR) ((20 No. Executive chair and Table, 15 No. Swinging chairs, 15 No Single chairs))",0.0,57300000.0,50000000.0,0.0,50000000.0,0.0,472,0.81454,0.83252,022000800100,Anambra State Internal Revenue Service,23010112,Purchase Of Office Furniture And Fittings,70112,FINANCIAL AND FISCAL AFFAIRS,40442200,State Wide,13100122031200,Reform of Government and Governance - General
Monitoring and Evaluation Activities of Board of Internal Revenue (BIR),0.0,10000000.0,7000000.0,0.0,10000000.0,0.0,472,0.82353,0.8415,022000800100,Anambra State Internal Revenue Service,23050103,Monitoring And Evaluation,70112,FINANCIAL AND FISCAL AFFAIRS,40442200,State Wide,13100122031300,Reform of Government and Governance - General
Upgrading of Motor Licensing Authority (MLA),0.0,100000000.0,100000000.0,0.0,100000000.0,0.0,472,0.8317,0.84967,022000800100,Anambra State Internal Revenue Service,23050102,Computer Software Acquisition,70112,FINANCIAL AND FISCAL AFFAIRS,40442200,State Wide,13100122031400,Reform of Government and Governance - General
Production of Taxpayers Education Programme,0.0,44600000.0,20000000.0,0.0,20000000.0,0.0,472,0.84069,0.85866,022000800100,Anambra State Internal Revenue Service,23050110,Value Orientation/Sensistization,70112,FINANCIAL AND FISCAL AFFAIRS,40442200,State Wide,13100122031500,Reform of Government and Governance - General
Printing of Security Documents,0.0,85000000.0,50000000.0,0.0,50000000.0,0.0,472,0.84967,0.86765,022000800100,Anambra State Internal Revenue Service,23050111,Publications/Publicity,70112,FINANCIAL AND FISCAL AFFAIRS,40442200,State Wide,13100122031700,Reform of Government and Governance - General
ANSSID Programme & Supervision,0.0,50000000.0,50000000.0,0.0,50000000.0,0.0,472,0.85866,0.87663,022000800100,Anambra State Internal Revenue Service,23050103,Monitoring And Evaluation,70112,FINANCIAL AND FISCAL AFFAIRS,40442200,State Wide,13100122031800,Reform of Government and Governance - General
IGR Enforcement,0.0,60000000.0,40000000.0,0.0,40000000.0,0.0,472,0.86765,0.88562,022000800100,Anambra State Internal Revenue Service,23050110,Value Orientation/Sensistization,70112,FINANCIAL AND FISCAL AFFAIRS,40442200,State Wide,13100122031900,Reform of Government and Governance - General
AIRS Programme Implementation and Monitoring Activities(PRS),0.0,40000000.0,2000000.0,0.0,2000000.0,0.0,472,0.87582,0.89379,022000800100,Anambra State Internal Revenue Service,23050103,Monitoring And Evaluation,70112,FINANCIAL AND FISCAL AFFAIRS,40442200,State Wide,13100122032000,Reform of Government and Governance - General
Anambra State Annual IGR Summit,0.0,4500000.0,40000000.0,0.0,40000000.0,0.0,472,0.8848,0.90278,022000800100,Anambra State Internal Revenue Service,23050101,Research And Development,70112,FINANCIAL AND FISCAL AFFAIRS,40442200,State Wide,13100122032100,Reform of Government and Governance - General
"MDA Anti-Curruption Crusade Activities, Service Reforms and Re-orientation",0.0,0.0,0.0,0.0,2000000.0,0.0,472,0.89379,0.91176,022000800100,Anambra State Internal Revenue Service,23050101,Research And Development,70112,FINANCIAL AND FISCAL AFFAIRS,40442200,State Wide,13100122032100,Reform of Government and Governance - General
Refurbishing 3 No Vehicle,0.0,10000000.0,10000000.0,0.0,10000000.0,0.0,473,0.11765,0.13562,022200100100,Ministry of Industry,23030128,Rehabilitation/Repairs -Motor Vehicles,70411,GENERAL ECONOMIC AND COMMERCIALAFFAIRS,40442200,State Wide,12100122000100,Growing the Private Sector - General
Operationalisation of Export Emporium including meeting for Export Promotion Committee,5000000.0,100000000.0,0.0,0.0,50000000.0,0.0,473,0.12582,0.14379,022200100100,Ministry of Industry,23020113,Construction / Provision Of Agricultural Facilities,70411,GENERAL ECONOMIC AND COMMERCIALAFFAIRS,40442200,State Wide,12100122000200,Growing the Private Sector - General
"State Industrial sheds at Idemili North, Ogunike and Ozubulu",0.0,10000000.0,10000000.0,0.0,10000000.0,0.0,473,0.1348,0.15278,022200100100,Ministry of Industry,23020118,Construction / Provision Of Infrastructure,70411,GENERAL ECONOMIC AND COMMERCIALAFFAIRS,40442200,State Wide,12100122000300,Growing the Private Sector - General
Anambra State Cooperative Credit Scheme,7575000.0,10000000.0,5000000.0,0.0,5000000.0,0.0,473,0.14379,0.16176,022200100100,Ministry of Industry,23050101,Research And Development,70411,GENERAL ECONOMIC AND COMMERCIALAFFAIRS,40442200,State Wide,12100122000400,Growing the Private Sector - General
State Council on Export meetings,0.0,0.0,0.0,0.0,10000000.0,0.0,473,0.15278,0.17075,022200100100,Ministry of Industry,23050101,Research And Development,70411,GENERAL ECONOMIC AND COMMERCIALAFFAIRS,40442200,State Wide,12100126000100,Growing the Private Sector - General
Establishment of a technology-based data bank for SMEs in AB,0.0,15000000.0,15000000.0,0.0,15000000.0,0.0,473,0.16176,0.17974,022200100100,Ministry of Industry,23050102,Computer Software Acquisition,70411,GENERAL ECONOMIC AND COMMERCIALAFFAIRS,40442200,State Wide,12100122000500,Growing the Private Sector - General
"Registration of business premises, motor emblems and commodity Un",0.0,10000000.0,10000000.0,0.0,10000000.0,0.0,473,0.16993,0.18791,022200100100,Ministry of Industry,23050101,Research And Development,70411,GENERAL ECONOMIC AND COMMERCIALAFFAIRS,40442200,State Wide,12100122000600,Growing the Private Sector - General
International and local trade fairs for staff of the Ministry,0.0,70000000.0,50000000.0,0.0,80000000.0,0.0,473,0.17892,0.1969,022200100100,Ministry of Industry,23050104,Anniversaries/Celebrations,70411,GENERAL ECONOMIC AND COMMERCIALAFFAIRS,40442200,State Wide,12100122001000,Growing the Private Sector - General
Statistical survey databank,0.0,40000000.0,10000000.0,0.0,10000000.0,0.0,473,0.18791,0.20588,022200100100,Ministry of Industry,23050101,Research And Development,70411,GENERAL ECONOMIC AND COMMERCIALAFFAIRS,40442200,State Wide,12100122001100,Growing the Private Sector - General
Construction of Onitsha business village phase II,0.0,0.0,0.0,0.0,5000000.0,0.0,473,0.1969,0.21487,022200100100,Ministry of Industry,23020124,Construction Of Markets/Parks,70411,GENERAL ECONOMIC AND COMMERCIALAFFAIRS,40442200,State Wide,12100122001200,Growing the Private Sector - General
Monitoring and Evaluation of Projects and Programmes,0.0,10000000.0,5000000.0,0.0,5000000.0,0.0,473,0.20588,0.22386,022200100100,Ministry of Industry,23050103,Monitoring And Evaluation,70411,GENERAL ECONOMIC AND COMMERCIALAFFAIRS,40442200,State Wide,12100122001300,Growing the Private Sector - General
National Council on Industry meetings,0.0,0.0,3000000.0,0.0,0.0,0.0,473,0.21405,0.23203,022200100100,Ministry of Industry,23050108,Capacity Building,70411,GENERAL ECONOMIC AND COMMERCIALAFFAIRS,40442200,State Wide,12100122001400,Growing the Private Sector - General
National Council on Cooperatives Society meetings,2028600.0,3000000.0,5000000.0,0.0,3000000.0,0.0,473,0.22304,0.24101,022200100100,Ministry of Industry,23050108,Capacity Building,70411,GENERAL ECONOMIC AND COMMERCIALAFFAIRS,40442200,State Wide,12100122001500,Growing the Private Sector - General
Procurement of 40nos Staff Tables and Chairs/Office Equipment,0.0,0.0,10000000.0,0.0,0.0,0.0,473,0.23203,0.25,022200100100,Ministry of Industry,23010112,Purchase Of Office Furniture And Fittings,70411,GENERAL ECONOMIC AND COMMERCIALAFFAIRS,40442200,State Wide,12100122001600,Growing the Private Sector - General
Investment and Business Promotion Activities (National & International),0.0,0.0,50000000.0,0.0,50000000.0,0.0,473,0.24101,0.25899,022200100100,Ministry of Industry,23050110,Value Orientation/Sensistization,70411,GENERAL ECONOMIC AND COMMERCIALAFFAIRS,40442200,State Wide,12100122001700,Growing the Private Sector - General
"Development of Mechanic Villages(Obosi, Awka, Nnewi Area,etc",0.0,0.0,0.0,0.0,20000000.0,0.0,473,0.25,0.26797,022200100100,Ministry of Industry,23020124,Construction Of Markets/Parks,70411,GENERAL ECONOMIC AND COMMERCIALAFFAIRS,40442200,State Wide,12100122001800,Growing the Private Sector - General
Development of Cooperative Data Analysis System,0.0,10000000.0,0.0,0.0,10000000.0,0.0,473,0.25817,0.27614,022200100100,Ministry of Industry,23050102,Computer Software Acquisition,70411,GENERAL ECONOMIC AND COMMERCIALAFFAIRS,40442200,State Wide,12100122002000,Growing the Private Sector - General
Development of permanent Trade fair site at enugwu-Agidi,0.0,20000000.0,0.0,0.0,50000000.0,0.0,473,0.26716,0.28513,022200100100,Ministry of Industry,23020124,Construction Of Markets/Parks,70411,GENERAL ECONOMIC AND COMMERCIALAFFAIRS,40421300,NJIKOKA,12100122002100,Growing the Private Sector - General
Anambra State Export Promotion Committee/Operationalisation of Export Emporium including meeting for Export Promotion Committee,0.0,0.0,0.0,0.0,0.0,0.0,473,0.27614,0.29412,022200100100,Ministry of Industry,23050101,Research And Development,70411,GENERAL ECONOMIC AND COMMERCIALAFFAIRS,40442200,State Wide,12100122002200,Growing the Private Sector - General
Trade Mission for Local Goods Development,0.0,50000000.0,0.0,0.0,100000000.0,0.0,473,0.28513,0.3031,022200100100,Ministry of Industry,23050101,Research And Development,70411,GENERAL ECONOMIC AND COMMERCIALAFFAIRS,40442200,State Wide,12100122002400,Growing the Private Sector - General
Production of State E-commerce Policy Documents/Dev of E Commerce,50000000.0,0.0,50000000.0,0.0,50000000.0,0.0,473,0.29412,0.31209,022200100100,Ministry of Industry,23050101,Research And Development,70411,GENERAL ECONOMIC AND COMMERCIALAFFAIRS,40442200,State Wide,12100122002500,Growing the Private Sector - General
Ministry's Project Implementation and Monitoring Activities (PRS),0.0,0.0,2000000.0,0.0,0.0,0.0,473,0.30229,0.32026,022200100100,Ministry of Industry,23050103,Monitoring And Evaluation,70411,GENERAL ECONOMIC AND COMMERCIALAFFAIRS,40442200,State Wide,12100122002600,Growing the Private Sector - General
Communication Visibility for minisry's Activities,0.0,3000000.0,0.0,0.0,4000000.0,0.0,473,0.31127,0.32925,022200100100,Ministry of Industry,23050111,Publications/Publicity,70411,GENERAL ECONOMIC AND COMMERCIALAFFAIRS,40442200,State Wide,12100122002700,Growing the Private Sector - General
"Development of Infrastructure in the market (Convenience, fire service, Boreholes)",0.0,0.0,0.0,0.0,50000000.0,0.0,473,0.32026,0.33824,022200100100,Ministry of Industry,23020124,Construction Of Markets/Parks,70411,GENERAL ECONOMIC AND COMMERCIALAFFAIRS,40442200,State Wide,12100122002800,Growing the Private Sector - General
Construction of Ogbaru Oil and Free Export Zone Project,0.0,40000000.0,20000000.0,0.0,20000000.0,0.0,473,0.32925,0.34722,022200100100,Ministry of Industry,23020124,Construction Of Markets/Parks,70474,MULTIPURPOSE DEVELOPMENT PROJECTS,40411600,OGBARU,12100122003000,Growing the Private Sector - General
Revitalization of Industries (Technical and Management Services),0.0,10000000.0,7000000.0,0.0,7000000.0,0.0,473,0.33824,0.35621,022200100100,Ministry of Industry,23050101,Research And Development,70411,GENERAL ECONOMIC AND COMMERCIALAFFAIRS,40442200,State Wide,12100122003000,Growing the Private Sector - General
ANambra State dry Port Project,0.0,10000000.0,5000000.0,0.0,5000000.0,0.0,473,0.34641,0.36438,022200100100,Ministry of Industry,23020118,Construction / Provision Of Infrastructure,70411,GENERAL ECONOMIC AND COMMERCIALAFFAIRS,40442200,State Wide,12100122003000,Growing the Private Sector - General
National Council on Commerce meetings,0.0,0.0,5000000.0,0.0,10000000.0,0.0,473,0.35539,0.37337,022200100100,Ministry of Industry,23050108,Capacity Building,70411,GENERAL ECONOMIC AND COMMERCIALAFFAIRS,40442200,State Wide,12100122003000,Growing the Private Sector - General
Construction of NEEM Fertilizer Factory Amawbia,0.0,10000000.0,10000000.0,0.0,20000000.0,0.0,473,0.36438,0.38235,022200100100,Ministry of Industry,23020113,Construction / Provision Of Agricultural Facilities,70474,MULTIPURPOSE DEVELOPMENT PROJECTS,40420600,AWKA SOUTH,12100122003000,Growing the Private Sector - General
Rehabilitation/Upgrade of Existing markets (market Development,0.0,0.0,30000000.0,0.0,50000000.0,0.0,473,0.37337,0.39134,022200100100,Ministry of Industry,23030124,Rehabilitation/Repairs- Markets/Parks,70411,GENERAL ECONOMIC AND COMMERCIALAFFAIRS,40442200,State Wide,12100122003000,Growing the Private Sector - General
"Capacity Building Program for Trade, Commerce and Industry",0.0,23000000.0,15000000.0,0.0,15000000.0,0.0,473,0.38235,0.40033,022200100100,Ministry of Industry,23050108,Capacity Building,70474,MULTIPURPOSE DEVELOPMENT PROJECTS,40442200,State Wide,12100122003000,Growing the Private Sector - General
Anambra State Industrial Expo Exhibition,0.0,100000000.0,100000000.0,0.0,100000000.0,0.0,473,0.39052,0.4085,022200100100,Ministry of Industry,23050101,Research And Development,70411,GENERAL ECONOMIC AND COMMERCIALAFFAIRS,40442200,State Wide,12100122003000,Growing the Private Sector - General
Development of Industrial Website,0.0,5000000.0,5000000.0,0.0,5000000.0,0.0,473,0.39951,0.41748,022200100100,Ministry of Industry,23050102,Computer Software Acquisition,70411,GENERAL ECONOMIC AND COMMERCIALAFFAIRS,40442200,State Wide,12100122003000,Growing the Private Sector - General
Development of 7 Industrial Cluster for the State,0.0,0.0,50000000.0,0.0,50000000.0,0.0,473,0.4085,0.42647,022200100100,Ministry of Industry,23020111,Construction / Provision Of Libraries,70411,GENERAL ECONOMIC AND COMMERCIALAFFAIRS,40442200,State Wide,12100122003000,Growing the Private Sector - General
Anambra Industrial Park Project (Establishment of Industrial parks,0.0,0.0,50000000.0,41000.0,500000000.0,0.0,473,0.41748,0.43546,022200100100,Ministry of Industry,23020111,Construction / Provision Of Libraries,70411,GENERAL ECONOMIC AND COMMERCIALAFFAIRS,40442200,State Wide,12100122003000,Growing the Private Sector - General
Production of Pre-Investment studies and project profile,0.0,0.0,5000000.0,0.0,0.0,0.0,473,0.42647,0.44444,022200100100,Ministry of Industry,23050101,Research And Development,70411,GENERAL ECONOMIC AND COMMERCIALAFFAIRS,40442200,State Wide,12100122003000,Growing the Private Sector - General
State Council on Industries meetings,0.0,3000000.0,10000000.0,0.0,3000000.0,0.0,473,0.43464,0.45261,022200100100,Ministry of Industry,23050101,Research And Development,70474,MULTIPURPOSE DEVELOPMENT PROJECTS,40442200,State Wide,12100122003000,Growing the Private Sector - General
Procurement of Office Equipment (2 No Generating set) ImplementationOffice equipment/ Implements,0.0,10000000.0,0.0,0.0,10000000.0,0.0,473,0.44363,0.4616,022200100100,Ministry of Industry,23050110,Value Orientation/Sensistization,70474,MULTIPURPOSE DEVELOPMENT PROJECTS,40442200,State Wide,12100122003100,Growing the Private Sector - General
Production of Anambra State Industrial Policy,0.0,0.0,0.0,0.0,10000000.0,0.0,473,0.45261,0.47059,022200100100,Ministry of Industry,23050103,Monitoring And Evaluation,70474,MULTIPURPOSE DEVELOPMENT PROJECTS,40442200,State Wide,12100122003900,Growing the Private Sector - General
Contribution to Bank of Industry,0.0,0.0,0.0,0.0,0.0,0.0,473,0.4616,0.47958,022200100100,Ministry of Industry,23050101,Research And Development,70474,MULTIPURPOSE DEVELOPMENT PROJECTS,40442200,State Wide,12100122004300,Growing the Private Sector - General
Development of Industrial Centres/Parks (Industrial development in Onitsha harbour layout)),0.0,0.0,0.0,0.0,20000000.0,0.0,473,0.47059,0.48856,022200100100,Ministry of Industry,23020124,Construction Of Markets/Parks,70474,MULTIPURPOSE DEVELOPMENT PROJECTS,40442200,State Wide,12100122004400,Growing the Private Sector - General
Monitoring and Evaluation of Projects and Programmes,0.0,5000000.0,0.0,0.0,5000000.0,0.0,473,0.47876,0.49673,022200100100,Ministry of Industry,23050103,Monitoring And Evaluation,70474,MULTIPURPOSE DEVELOPMENT PROJECTS,40442200,State Wide,12100122004500,Growing the Private Sector - General
"MDA Anti-Curruption Crusade Activities, Service Reforms and Re-orientation",0.0,0.0,0.0,0.0,2000000.0,0.0,473,0.48775,0.50572,022200100100,Ministry of Industry,23050101,Research And Development,70474,MULTIPURPOSE DEVELOPMENT PROJECTS,40442200,State Wide,12100122004600,Growing the Private Sector - General
Operationalisation of Anambra Petroleum and Energy Resources,77531000.0,250000000.0,10000000.0,0.0,10000000.0,0.0,473,0.53186,0.54984,023200100100,Ministry of Petroleum and Mineral Resources,23050101,Research And Development,70441,MINING OF MINERAL RESOURCES OTHER THAN MINERAL FUELS,40442200,State Wide,21100122000100,Oil and Gas Infrastructure - General
Exploration and Exploitation of Mineral Resources,23926138.0,135620000.0,70000000.0,0.0,100000000.0,0.0,473,0.54085,0.55882,023200100100,Ministry of Petroleum and Mineral Resources,23050101,Research And Development,70441,MINING OF MINERAL RESOURCES OTHER THAN MINERAL FUELS,40442200,State Wide,21100122000200,Oil and Gas Infrastructure - General
"Purchase of Hydro-Meteorological Services equipment (5 Automatic Weather Observatory System (AWOS), 2 Weather register and booklet, Geospatial river flow booklet)",0.0,170000000.0,56000000.0,0.0,45000000.0,0.0,473,0.54984,0.56781,023200100100,Ministry of Petroleum and Mineral Resources,23010129,Purchase Of Industrial Equipment,70441,MINING OF MINERAL RESOURCES OTHER THAN MINERAL FUELS,40442200,State Wide,21100122000900,Oil and Gas Infrastructure - General
Feasibility study on the Development of Oil and Research Development Centres,0.0,5000000.0,10000000.0,0.0,10000000.0,0.0,473,0.55882,0.5768,023200100100,Ministry of Petroleum and Mineral Resources,23050101,Research And Development,70441,MINING OF MINERAL RESOURCES OTHER THAN MINERAL FUELS,40442200,State Wide,21100122001200,Oil and Gas Infrastructure - General
Collaborations/meetings with Federal MDAs,0.0,0.0,20000000.0,0.0,20000000.0,0.0,473,0.56699,0.58497,023200100100,Ministry of Petroleum and Mineral Resources,23050101,Research And Development,70441,MINING OF MINERAL RESOURCES OTHER THAN MINERAL FUELS,40442200,State Wide,21100122001300,Oil and Gas Infrastructure - General
"MDA Anti-Curruption Crusade Activities, Service Reforms and Re-orientation",0.0,2000000.0,2000000.0,0.0,5000000.0,0.0,473,0.57598,0.59395,023200100100,Ministry of Petroleum and Mineral Resources,23050103,Monitoring And Evaluation,70441,MINING OF MINERAL RESOURCES OTHER THAN MINERAL FUELS,40442200,State Wide,21100122001700,Oil and Gas Infrastructure - General
"Purchase of Office Furniture and Equipment (10 N0 Executive Chair and Table, 20 No single chair, 5 No Conference Table)",0.0,30258000.0,30000000.0,0.0,30000000.0,0.0,473,0.58497,0.60294,023200100100,Ministry of Petroleum and Mineral Resources,23010112,Purchase Of Office Furniture And Fittings,70441,MINING OF MINERAL RESOURCES OTHER THAN MINERAL FUELS,40442200,State Wide,21100122001900,Oil and Gas Infrastructure - General
Refurbishment of 4 NO. Motor Vehicle,0.0,25000000.0,25000000.0,0.0,30000000.0,0.0,473,0.59395,0.61193,023200100100,Ministry of Petroleum and Mineral Resources,23030128,Rehabilitation/Repairs -Motor Vehicles,70441,MINING OF MINERAL RESOURCES OTHER THAN MINERAL FUELS,40442200,State Wide,21100122002600,Oil and Gas Infrastructure - General
"Capacity Building, Workshops/Seminars/Conferences",0.0,26600000.0,26000000.0,0.0,30000000.0,0.0,473,0.60294,0.62092,023200100100,Ministry of Petroleum and Mineral Resources,23050108,Capacity Building,70441,MINING OF MINERAL RESOURCES OTHER THAN MINERAL FUELS,40442200,State Wide,21100122002700,Oil and Gas Infrastructure - General
National Council meetings/conferences,0.0,10000000.0,20000000.0,0.0,20000000.0,0.0,473,0.61111,0.62908,023200100100,Ministry of Petroleum and Mineral Resources,23050108,Capacity Building,70441,MINING OF MINERAL RESOURCES OTHER THAN MINERAL FUELS,40442200,State Wide,21100122002800,Oil and Gas Infrastructure - General
Operationalisation of Anambra State Oil and Gas Producing Areas Development Commission (ANSOPADEC),0.0,0.0,100000000.0,14999060.0,250000000.0,0.0,473,0.6201,0.63807,023200100100,Ministry of Petroleum and Mineral Resources,23050101,Research And Development,70441,MINING OF MINERAL RESOURCES OTHER THAN MINERAL FUELS,40442200,State Wide,21100122002800,Oil and Gas Infrastructure - General
Monitoring and Evaluation Activities of Petroluem resources,0.0,0.0,30000000.0,0.0,30000000.0,0.0,473,0.62908,0.64706,023200100100,Ministry of Petroleum and Mineral Resources,23050103,Monitoring And Evaluation,70441,MINING OF MINERAL RESOURCES OTHER THAN MINERAL FUELS,40442200,State Wide,21100122002800,Oil and Gas Infrastructure - General
Construction of Mini Laboratory for soil and Solid Mineral Sample testing,0.0,0.0,300000000.0,0.0,400000000.0,0.0,473,0.6732,0.69118,023200200100,Anambra State Solid Minerals Development Company,23020118,Construction / Provision Of Infrastructure,70441,MINING OF MINERAL RESOURCES OTHER THAN MINERAL FUELS,40442200,State Wide,21100122002800,Oil and Gas Infrastructure - General
Mineral Asset Patent right acquisition,0.0,0.0,320000000.0,0.0,0.0,0.0,473,0.68219,0.70016,023200200100,Anambra State Solid Minerals Development Company,23050101,Research And Development,70441,MINING OF MINERAL RESOURCES OTHER THAN MINERAL FUELS,40442200,State Wide,21100122002800,Oil and Gas Infrastructure - General
Construction Kaolin Processing Plant Ukpor.,0.0,0.0,500000000.0,0.0,0.0,0.0,473,0.69118,0.70915,023200200100,Anambra State Solid Minerals Development Company,23020118,Construction / Provision Of Infrastructure,70441,MINING OF MINERAL RESOURCES OTHER THAN MINERAL FUELS,40442200,State Wide,21100122002800,Oil and Gas Infrastructure - General
Purchase 1 No Geo- survey Equipment,0.0,0.0,480000000.0,0.0,560000000.0,0.0,473,0.69935,0.71732,023200200100,Anambra State Solid Minerals Development Company,23010133,Purchases Of Surveying Equipment,70441,MINING OF MINERAL RESOURCES OTHER THAN MINERAL FUELS,40442200,State Wide,21100122002800,Oil and Gas Infrastructure - General
Purchase of 1 No Mining Equipment,0.0,0.0,300000000.0,0.0,400000000.0,0.0,473,0.70833,0.72631,023200200100,Anambra State Solid Minerals Development Company,23050112,Solid Mineral Exploration,70441,MINING OF MINERAL RESOURCES OTHER THAN MINERAL FUELS,40442200,State Wide,21100122002800,Oil and Gas Infrastructure - General
Commodity (Mineral) Export Seed Fund,0.0,0.0,150000000.0,0.0,0.0,0.0,473,0.71732,0.73529,023200200100,Anambra State Solid Minerals Development Company,23050101,Research And Development,70441,MINING OF MINERAL RESOURCES OTHER THAN MINERAL FUELS,40442200,State Wide,21100122002800,Oil and Gas Infrastructure - General
Research & Development Services for the Solid Mineral Development Company,0.0,0.0,100000000.0,0.0,50000000.0,0.0,473,0.72631,0.74428,023200200100,Anambra State Solid Minerals Development Company,23050101,Research And Development,70441,MINING OF MINERAL RESOURCES OTHER THAN MINERAL FUELS,40442200,State Wide,21100122002800,Oil and Gas Infrastructure - General
Purchase of Mining Site Surveillance equipment,0.0,0.0,50000000.0,0.0,0.0,0.0,473,0.73529,0.75327,023200200100,Anambra State Solid Minerals Development Company,23010133,Purchases Of Surveying Equipment,70441,MINING OF MINERAL RESOURCES OTHER THAN MINERAL FUELS,40442200,State Wide,21100122002800,Oil and Gas Infrastructure - General
Capacity building/Training of Mining Cooperatives,0.0,0.0,30000000.0,0.0,0.0,0.0,473,0.74346,0.76144,023200200100,Anambra State Solid Minerals Development Company,23050101,Research And Development,70441,MINING OF MINERAL RESOURCES OTHER THAN MINERAL FUELS,40442200,State Wide,21100122002800,Oil and Gas Infrastructure - General
Capacity Building for staff of the Agency,0.0,0.0,50000000.0,0.0,20000000.0,0.0,473,0.75245,0.77042,023200200100,Anambra State Solid Minerals Development Company,23050108,Capacity Building,70441,MINING OF MINERAL RESOURCES OTHER THAN MINERAL FUELS,40442200,State Wide,21100122002800,Oil and Gas Infrastructure - General
Journals/Publications/Anambra Energy & Mineral Digest,0.0,0.0,25000000.0,0.0,15000000.0,0.0,473,0.76144,0.77941,023200200100,Anambra State Solid Minerals Development Company,23050111,Publications/Publicity,70441,MINING OF MINERAL RESOURCES OTHER THAN MINERAL FUELS,40442200,State Wide,21100122002800,Oil and Gas Infrastructure - General
Purchase of Professional Books/Bulletins/Maps,0.0,0.0,20000000.0,0.0,10000000.0,0.0,473,0.77042,0.7884,023200200100,Anambra State Solid Minerals Development Company,23010125,Purchase Of Library Books & Equipment,70441,MINING OF MINERAL RESOURCES OTHER THAN MINERAL FUELS,40442200,State Wide,21100122002800,Oil and Gas Infrastructure - General
Purchase of Computer Hardware,0.0,0.0,35000000.0,0.0,0.0,0.0,473,0.77941,0.79739,023200200100,Anambra State Solid Minerals Development Company,23010141,Purchase of Computer Soft and Hardwares,70441,MINING OF MINERAL RESOURCES OTHER THAN MINERAL FUELS,40442200,State Wide,21100122002800,Oil and Gas Infrastructure - General
Professional fee/Seminars & International Conferences,0.0,0.0,25000000.0,0.0,50000000.0,0.0,473,0.78758,0.80556,023200200100,Anambra State Solid Minerals Development Company,23050101,Research And Development,70441,MINING OF MINERAL RESOURCES OTHER THAN MINERAL FUELS,40442200,State Wide,21100122002800,Oil and Gas Infrastructure - General
PRS and Monitoring activities for the Agency,0.0,0.0,5000000.0,0.0,5000000.0,0.0,473,0.79657,0.81454,023200200100,Anambra State Solid Minerals Development Company,23050101,Research And Development,70441,MINING OF MINERAL RESOURCES OTHER THAN MINERAL FUELS,40442200,State Wide,21100122002800,Oil and Gas Infrastructure - General
Ofiice Equipment and Fittings,0.0,0.0,0.0,0.0,20000000.0,0.0,473,0.80556,0.82353,023200200100,Anambra State Solid Minerals Development Company,23050101,Research And Development,70441,MINING OF MINERAL RESOURCES OTHER THAN MINERAL FUELS,40442200,State Wide,21100122002800,Oil and Gas Infrastructure - General
Acquisition of Gas Fields (Preliminary Bid Process),0.0,0.0,1000000000.0,0.0,1000000000.0,0.0,473,0.84967,0.86765,023200300100,Anambra State Petroleum and Energy Resources,23010101,Purchase / Acquisition Of Land,70441,MINING OF MINERAL RESOURCES OTHER THAN MINERAL FUELS,40442200,State Wide,21100122002800,Oil and Gas Infrastructure - General
Development of Energy Projects,0.0,0.0,500000000.0,0.0,0.0,0.0,473,0.85866,0.87663,023200300100,Anambra State Petroleum and Energy Resources,23050101,Research And Development,70441,MINING OF MINERAL RESOURCES OTHER THAN MINERAL FUELS,40442200,State Wide,21100122002800,Oil and Gas Infrastructure - General
Monitoring of Oil & Gas Activities: Effective surveillance of the Oil Companies’ Operations in Anambra State to monitor the following,0.0,0.0,130000000.0,0.0,50000000.0,0.0,473,0.86765,0.88562,023200300100,Anambra State Petroleum and Energy Resources,23050103,Monitoring And Evaluation,70441,MINING OF MINERAL RESOURCES OTHER THAN MINERAL FUELS,40442200,State Wide,21100122002800,Oil and Gas Infrastructure - General
Acquisition of 3 No Project Vehicles,0.0,0.0,0.0,0.0,50000000.0,0.0,473,0.87582,0.89379,023200300100,Anambra State Petroleum and Energy Resources,23010105,Purchase Of Motor Vehicles,70441,MINING OF MINERAL RESOURCES OTHER THAN MINERAL FUELS,40442200,State Wide,21100122002800,Oil and Gas Infrastructure - General
Contribution to the Construction of Extractive Industry Complex,0.0,0.0,0.0,0.0,50000000.0,0.0,473,0.8848,0.90278,023200300100,Anambra State Petroleum and Energy Resources,23050101,Research And Development,70441,MINING OF MINERAL RESOURCES OTHER THAN MINERAL FUELS,40442200,State Wide,21100122002800,Oil and Gas Infrastructure - General
Capacity Building Training Program for the Technical Staff in Software Application of Geological/Geophysical Data Acquisition and Interpretation,0.0,0.0,100000000.0,0.0,50000000.0,0.0,473,0.89379,0.91176,023200300100,Anambra State Petroleum and Energy Resources,23050101,Research And Development,70441,MINING OF MINERAL RESOURCES OTHER THAN MINERAL FUELS,40442200,State Wide,21100122002800,Oil and Gas Infrastructure - General
Monitoring and Tracking all projects to ensure compliance to Standards and Ethics,0.0,0.0,50000000.0,0.0,50000000.0,0.0,473,0.90278,0.92075,023200300100,Anambra State Petroleum and Energy Resources,23050103,Monitoring And Evaluation,70441,MINING OF MINERAL RESOURCES OTHER THAN MINERAL FUELS,40442200,State Wide,21100122002800,Oil and Gas Infrastructure - General
Assets Evaluation & Development,0.0,0.0,0.0,0.0,50000000.0,0.0,474,0.09069,0.10866,023200300100,Anambra State Petroleum and Energy Resources,23050101,Research And Development,70441,MINING OF MINERAL RESOURCES OTHER THAN MINERAL FUELS,40442200,State Wide,21100122002800,Oil and Gas Infrastructure - General
Pipeline Surveilance and Evaluation,0.0,0.0,0.0,0.0,100000000.0,0.0,474,0.09967,0.11765,023200300100,Anambra State Petroleum and Energy Resources,23050101,Research And Development,70441,MINING OF MINERAL RESOURCES OTHER THAN MINERAL FUELS,40442200,State Wide,21100122002800,Oil and Gas Infrastructure - General
Research & Development,0.0,0.0,0.0,0.0,100000000.0,0.0,474,0.10866,0.12663,023200300100,Anambra State Petroleum and Energy Resources,23050101,Research And Development,70441,MINING OF MINERAL RESOURCES OTHER THAN MINERAL FUELS,40442200,State Wide,21100122002800,Oil and Gas Infrastructure - General
Construction of 10MW Geothermal Power Plant in Anambra State,0.0,0.0,0.0,0.0,60000000.0,0.0,474,0.11765,0.13562,023200300100,Anambra State Petroleum and Energy Resources,23020125,Construction Of Power Generating Plants,70441,MINING OF MINERAL RESOURCES OTHER THAN MINERAL FUELS,40442200,State Wide,21100122002800,Oil and Gas Infrastructure - General
"Purchase of Office Equipment and Fittings (6 No Executive Chairs and Table, 10 single chairs)",0.0,0.0,0.0,0.0,5000000.0,0.0,474,0.12582,0.14379,023200300100,Anambra State Petroleum and Energy Resources,23010129,Purchase Of Industrial Equipment,70441,MINING OF MINERAL RESOURCES OTHER THAN MINERAL FUELS,40442200,State Wide,21100122002800,Oil and Gas Infrastructure - General
Capacity Building Program for the Ministry of Transport,2060000.0,40000000.0,10000000.0,2019500.0,50000000.0,0.0,474,0.16993,0.18791,022900100100,Ministry of Transport,23050108,Capacity Building,70451,ROAD TRANSPORT,40442200,State Wide,17100122002300,Road - General
Ministry's Project Implementation and Monitoring Activities (PRS),0.0,2000000.0,2000000.0,0.0,5000000.0,0.0,474,0.17892,0.1969,022900100100,Ministry of Transport,23050103,Monitoring And Evaluation,70451,ROAD TRANSPORT,40442200,State Wide,17100122002400,Road - General
"Material and Equipments for traffic Light, monitoring Traffic and Road Decongestion /Construction of Traffic Light and Monitoring Light",0.0,200000000.0,0.0,0.0,200000000.0,0.0,474,0.18791,0.20588,022900100100,Ministry of Transport,23020123,Construction Of Traffic /Street Lights,70451,ROAD TRANSPORT,40442200,State Wide,17100122002600,Road - General
Purchase of Buses for Mass Transit and Marine ( 10 No. buses/jetties/boats),325000000.0,2500000000.0,100000000.0,0.0,1100000000.0,0.0,474,0.1969,0.21487,022900100100,Ministry of Transport,23020115,Construction / Provision Of Rail-Ways,70451,ROAD TRANSPORT,40442200,State Wide,17100122002800,Road - General
Procurement of Vehicle inspection ground/provision of testing ground,0.0,100000000.0,5000000.0,0.0,50000000.0,0.0,474,0.20588,0.22386,022900100100,Ministry of Transport,23010129,Purchase Of Industrial Equipment,70451,ROAD TRANSPORT,40442200,State Wide,17100122003000,Road - General
"Development of MotorParks in the Awka, Onistha, Nnewi, urban",0.0,0.0,0.0,0.0,500000000.0,0.0,474,0.21405,0.23203,022900100100,Ministry of Transport,23020124,Construction Of Markets/Parks,70451,ROAD TRANSPORT,40442200,State Wide,17100122003100,Road - General
"Procurement of Equipments for film video (1 No Video camera, 1 Tripod stand, 5 No public addres system)",0.0,0.0,50000000.0,0.0,50000000.0,0.0,474,0.22304,0.24101,022900100100,Ministry of Transport,23010128,Purchase Of Security Equipment,70451,ROAD TRANSPORT,40442200,State Wide,17100122003400,Road - General
Purchase of 6nos Operational towing Van,0.0,150000000.0,0.0,0.0,240000000.0,0.0,474,0.23203,0.25,022900100100,Ministry of Transport,23010106,Purchase Of Vans,70451,ROAD TRANSPORT,40442200,State Wide,17100122003500,Road - General
Purchase of 56 nos of 6kg Fire Extinguisher,0.0,7350000.0,7000000.0,0.0,7000000.0,0.0,474,0.24101,0.25899,022900100100,Ministry of Transport,23010123,Purchase Of Fire Fighting Equipment,70451,ROAD TRANSPORT,40442200,State Wide,17100122003700,Road - General
Purchase of Office furniture (20 No office chair and Table),0.0,6640000.0,5700000.0,0.0,5700000.0,0.0,474,0.25,0.26797,022900100100,Ministry of Transport,23010112,Purchase Of Office Furniture And Fittings,70451,ROAD TRANSPORT,40442200,State Wide,17100122003900,Road - General
Feasibility study on Development of Bankable Railway Project,0.0,200000000.0,300000000.0,0.0,100000000.0,0.0,474,0.25817,0.27614,022900100100,Ministry of Transport,23050101,Research And Development,70451,ROAD TRANSPORT,40442200,State Wide,17100122004200,Road - General
Purchase of 20 No. Buses for Mass Transit and Marine ( buses/jetties/boats),0.0,1500000000.0,2500000000.0,0.0,0.0,0.0,474,0.26716,0.28513,022900100100,Ministry of Transport,23010108,Purchase Of Buses,70451,ROAD TRANSPORT,40442200,State Wide,17100122004300,Road - General
"Design, Development and Hosting of Interactive Website Including Internet for Ministry",0.0,15000000.0,0.0,0.0,40000000.0,0.0,474,0.27614,0.29412,022900100100,Ministry of Transport,23020127,Construction Of Ict Infrastructures,70451,ROAD TRANSPORT,40442200,State Wide,17100122004400,Road - General
Airport Management Project,433540638.0,500000000.0,500000000.0,234642000.0,500000000.0,0.0,474,0.28513,0.3031,022900100100,Ministry of Transport,23030116,Rehabilitation / Repairs - Air-Port / Aerodromes,70451,ROAD TRANSPORT,40410200,ANAMBRA EAST,17100122004500,Road - General
Anti-Corruption sustainabilty program,0.0,0.0,0.0,0.0,2000000.0,0.0,474,0.29412,0.31209,022900100100,Ministry of Transport,23030116,Rehabilitation / Repairs - Air-Port / Aerodromes,70451,ROAD TRANSPORT,40410200,ANAMBRA EAST,17100122004500,Road - General
Purchase of Safety equipment and kits (50 N0 Raincoat and Rainboot),0.0,0.0,0.0,0.0,30000000.0,0.0,474,0.30229,0.32026,022900100100,Ministry of Transport,23030116,Rehabilitation / Repairs - Air-Port / Aerodromes,70451,ROAD TRANSPORT,40410200,ANAMBRA EAST,17100122004500,Road - General
"Installation of Bust Stop Signs each town in 21 LGA, 1 no Bus Stop Terminals in the 21 LGA and Road Markings across 21 LGA",73967250.0,96000000.0,150000000.0,127527284.0,200000000.0,0.0,474,0.34641,0.36438,022905500100,Anambra State Transport Manangement Agency - ATMA,23020123,Construction Of Traffic /Street Lights,70451,ROAD TRANSPORT,40442200,State Wide,17100122000100,Road - General
Purchase of Office Furniture 20 N0 Office chairs and Tables,0.0,0.0,20000000.0,0.0,20000000.0,0.0,474,0.35539,0.37337,022905500100,Anambra State Transport Manangement Agency - ATMA,23010112,Purchase Of Office Furniture And Fittings,70451,ROAD TRANSPORT,40442200,State Wide,17100122000400,Road - General
Purchase of Towing Van for the Ministry,0.0,0.0,110000000.0,0.0,0.0,0.0,474,0.36438,0.38235,022905500100,Anambra State Transport Manangement Agency - ATMA,23010106,Purchase Of Vans,70451,ROAD TRANSPORT,40442200,State Wide,17100122000500,Road - General
Capacity Building Program for Anambra State Traffic Management Agency (ATMA),0.0,25000000.0,50000000.0,0.0,50000000.0,0.0,474,0.37337,0.39134,022905500100,Anambra State Transport Manangement Agency - ATMA,23050108,Capacity Building,70451,ROAD TRANSPORT,40442200,State Wide,17100122000600,Road - General
Purchase of Special Traffic Material Equipment,46698000.0,50000000.0,50000000.0,0.0,80000000.0,0.0,474,0.38235,0.40033,022905500100,Anambra State Transport Manangement Agency - ATMA,23010129,Purchase Of Industrial Equipment,70451,ROAD TRANSPORT,40442200,State Wide,17100122000700,Road - General
Seasonal Special Duty Operations,25000000.0,25000000.0,50000000.0,0.0,80000000.0,0.0,474,0.39052,0.4085,022905500100,Anambra State Transport Manangement Agency - ATMA,23050104,Anniversaries/Celebrations,70451,ROAD TRANSPORT,40442200,State Wide,17100122000800,Road - General
Development of ARTMA Headquaters,0.0,0.0,100000000.0,72598201.0,0.0,0.0,474,0.39951,0.41748,022905500100,Anambra State Transport Manangement Agency - ATMA,23020101,Construction / Provision Of Office Buildings,70451,ROAD TRANSPORT,40442200,State Wide,17100122000900,Road - General
Installation of Traffic Light and Road signs,0.0,0.0,100000000.0,55175294.0,0.0,0.0,474,0.4085,0.42647,022905500100,Anambra State Transport Manangement Agency - ATMA,23020123,Construction Of Traffic /Street Lights,70451,ROAD TRANSPORT,40442200,State Wide,17100122000900,Road - General
"MDA Anti-Curruption Crusade Activities, Service Reforms and Re-orientation",0.0,0.0,0.0,0.0,5000000.0,0.0,474,0.41748,0.43546,022905500100,Anambra State Transport Manangement Agency - ATMA,23050101,Research And Development,70451,ROAD TRANSPORT,40442200,State Wide,17100122000900,Road - General
Project Implementation Monitoring,0.0,15000000.0,10000000.0,0.0,10000000.0,0.0,474,0.4616,0.47958,023400100100,Ministry of Works,23050103,Monitoring And Evaluation,70451,ROAD TRANSPORT,40442200,State Wide,17100122005200,Road - General
"Procurement of Office Furniture & Fittings for Admin.Department (5 No Executive chairs and Tables, 20 No single chair and Table, 2 No Refrigirator)",0.0,20000000.0,20000000.0,0.0,20000000.0,0.0,474,0.47059,0.48856,023400100100,Ministry of Works,23010112,Purchase Of Office Furniture And Fittings,70451,ROAD TRANSPORT,40442200,State Wide,17100122005300,Road - General
Purchase and Installation of 150Nr Solar Panel and Instruments in Ministry of Works,0.0,0.0,20000000.0,0.0,0.0,0.0,474,0.47876,0.49673,023400100100,Ministry of Works,23010144,Purchase of Solar Equipments,70451,ROAD TRANSPORT,40442200,State Wide,17100122005700,Road - General
"Purchase of Earth Moving Equipment: Bulldozers, Grader 12g one number, Mobile Mixer Truck, Mobile Batching Plant one, Pail Loader, Dozer D7, 2Nrs 80ton Lowbed, and Tractor Head",0.0,300000000.0,200000000.0,100915837.0,200000000.0,0.0,474,0.48775,0.50572,023400100100,Ministry of Works,23010129,Purchase Of Industrial Equipment,70451,ROAD TRANSPORT,40442200,State Wide,17100122006700,Road - General
Community Visibility for Road Projects,100000007.0,200000000.0,50000000.0,0.0,50000000.0,0.0,474,0.49673,0.51471,023400100100,Ministry of Works,23050110,Value Orientation/Sensistization,70451,ROAD TRANSPORT,40442200,State Wide,17100122007100,Road - General
Consultancy Services on Road Projects Designs,479536142.0,1000000000.0,1000000000.0,375177495.0,200000000.0,0.0,474,0.50572,0.52369,023400100100,Ministry of Works,23050101,Research And Development,70451,ROAD TRANSPORT,40442200,State Wide,17100122007600,Road - General
Chinua Achebe International Airport Project/Airport Project,2000000000.0,2000000000.0,2000000000.0,1295721208.0,2000000000.0,0.0,474,0.51471,0.53268,023400100100,Ministry of Works,23020117,Construction / Provision Of Air-Port / Aerodromes,70451,ROAD TRANSPORT,40442200,State Wide,17100122007700,Road - General
Completion of ongoing and new road projects,138410394918.0,141000000000.0,200000000000.0,138518717436.12,250000000000.0,0.0,474,0.52288,0.54085,023400100100,Ministry of Works,23020114,Construction / Provision Of Roads,70451,ROAD TRANSPORT,40442200,State Wide,17100122007800,Road - General
"Seminars/Workshop for Council For the Regulation of Engineers(COREN), National Council on Works, Nigeria Society of Engineers, Nigeria Institute of Highways",0.0,20000000.0,20000000.0,9749100.0,30000000.0,0.0,474,0.53186,0.54984,023400100100,Ministry of Works,23050109,E-Learning,70451,ROAD TRANSPORT,40442200,State Wide,17100122007900,Road - General
"Urban Regeneration ( Iconic Design, Road Mapping etc)",412580989.0,2500000000.0,1000000000.0,0.0,1000000000.0,0.0,474,0.54085,0.55882,023400100100,Ministry of Works,23020118,Construction / Provision Of Infrastructure,70451,ROAD TRANSPORT,40442200,State Wide,17100122008200,Road - General
New Cities Development (Awka and Onitsha),8543542559.0,10000000000.0,32000000000.0,8268499428.0,75000000000.0,0.0,474,0.54984,0.56781,023400100100,Ministry of Works,23020118,Construction / Provision Of Infrastructure,70451,ROAD TRANSPORT,40442200,State Wide,17100122008300,Road - General
Development of a 4 star hotel Awka,690000000.0,20000000000.0,15000000000.0,0.0,15000000000.0,0.0,474,0.55882,0.5768,023400100100,Ministry of Works,23020119,Construction / Provision Of Recreational Facilities,70451,ROAD TRANSPORT,40420600,AWKA SOUTH,17100122008400,Road - General
Construction/Development of Solution Innovation District centre,1990316009.0,2000000000.0,3000000000.0,514349065.0,3000000000.0,0.0,474,0.56699,0.58497,023400100100,Ministry of Works,23020127,Construction Of Ict Infrastructures,70451,ROAD TRANSPORT,40442200,State Wide,17100122008500,Road - General
"Purchase of Fitting and Equipping the New Government Houses, Amphitheatre, Banquet Hall, Gov's Lodge, Security Houses etc (100 single Chairs and Tables, 20 No Executive Chairs and Table, 20 N0 Conference chairs and Tables)",0.0,0.0,5000000000.0,0.0,1000000000.0,0.0,474,0.57598,0.59395,023400100100,Ministry of Works,23010112,Purchase Of Office Furniture And Fittings,70451,ROAD TRANSPORT,40420600,AWKA SOUTH,17100122008500,Road - General
feasibility study for development of Markets in the three senatorial zone,0.0,0.0,10000000000.0,0.0,5000000000.0,0.0,474,0.58497,0.60294,023400100100,Ministry of Works,23050101,Research And Development,70451,ROAD TRANSPORT,40420600,AWKA SOUTH,17100122008500,Road - General
"MDA Anti-Curruption Crusade Activities, Service Reforms and Re-orientation",0.0,0.0,0.0,0.0,2000000.0,0.0,474,0.59395,0.61193,023400100100,Ministry of Works,23050101,Research And Development,70451,ROAD TRANSPORT,40420600,AWKA SOUTH,17100122008500,Road - General
Road Repairs - Anambra North,0.0,500000000.0,700000000.0,47242500.0,750000000.0,0.0,474,0.63807,0.65605,023405400100,Anambra State Road Maintenance Agency,23030113,Rehabilitation / Repairs - Roads,70451,ROAD TRANSPORT,40442200,State Wide,17100122001200,Road - General
Road Repairs - Anambra Central,0.0,500000000.0,700000000.0,95322500.0,750000000.0,0.0,474,0.64706,0.66503,023405400100,Anambra State Road Maintenance Agency,23030113,Rehabilitation / Repairs - Roads,70451,ROAD TRANSPORT,40442200,State Wide,17100122001300,Road - General
Road Repairs - Anambra South,0.0,500000000.0,700000000.0,182718700.0,750000000.0,0.0,474,0.65523,0.6732,023405400100,Anambra State Road Maintenance Agency,23030113,Rehabilitation / Repairs - Roads,70451,ROAD TRANSPORT,40442200,State Wide,17100122001400,Road - General
"Equipment Repairs, Maintenance and servicing 2 Mobile Mixer Truck, 2 Mobile Batching Plant one, 2 Pail Loader",0.0,90000000.0,20000000.0,0.0,20000000.0,0.0,474,0.66422,0.68219,023405400100,Anambra State Road Maintenance Agency,23030127,Rehabilitation/Repairs- Ict Infrastructures,70451,ROAD TRANSPORT,40442200,State Wide,17100122001500,Road - General
"Equipment purchase, Asphalt plant etc",0.0,0.0,96000000.0,0.0,96000000.0,0.0,474,0.6732,0.69118,023405400100,Anambra State Road Maintenance Agency,23010129,Purchase Of Industrial Equipment,70451,ROAD TRANSPORT,40442200,State Wide,17100122001600,Road - General
"Capacity Building for ARMA Staff, COREN, SOFRWARES",0.0,6000000.0,12000000.0,0.0,5000000.0,0.0,474,0.68219,0.70016,023405400100,Anambra State Road Maintenance Agency,23050108,Capacity Building,70451,ROAD TRANSPORT,40442200,State Wide,17100122001700,Road - General
"Procurement of Office Furniture (5 No Executive Chairs and Tables, 10 No single chairs and Table)",0.0,6000000.0,12000000.0,0.0,5000000.0,0.0,474,0.69118,0.70915,023405400100,Anambra State Road Maintenance Agency,23010112,Purchase Of Office Furniture And Fittings,70451,ROAD TRANSPORT,40442200,State Wide,17100122001800,Road - General
Procurement of ICT Equipments (5 No Laptop),0.0,4200000.0,2000000.0,0.0,5000000.0,0.0,474,0.69935,0.71732,023405400100,Anambra State Road Maintenance Agency,23010142,Purchase of Networking Facilities/Equipments,70451,ROAD TRANSPORT,40442200,State Wide,17100122002000,Road - General
Planning Research and Statistics Activities,0.0,6000000.0,6000000.0,0.0,5000000.0,0.0,474,0.74346,0.76144,023600100100,"Ministry of Culture, Entertainment & Tourism",23050108,Capacity Building,70487,R & D OTHER INDUSTRIES,40420600,AWKA SOUTH,02100122000100,Societal Re-orientation - General
Outfits for State Cultural Shows,0.0,20000000.0,10000000.0,0.0,10000000.0,0.0,474,0.75245,0.77042,023600100100,"Ministry of Culture, Entertainment & Tourism",23010126,Purchase Of Sporting / Gaming Equipment,70487,R & D OTHER INDUSTRIES,40442200,State Wide,02100122000300,Societal Re-orientation - General
"Anambra State Museum at Igbo- Ukwu,Nimo,Nri,Enugwu-Ukwu",125445906.44,220000000.0,150000000.0,0.0,50000000.0,0.0,474,0.76144,0.77941,023600100100,"Ministry of Culture, Entertainment & Tourism",23010126,Purchase Of Sporting / Gaming Equipment,70487,R & D OTHER INDUSTRIES,40442200,State Wide,02100122000400,Societal Re-orientation - General
Construction/Provision of Recreational Facilities at Ogbunike Cave&Owere,0.0,60000000.0,0.0,0.0,50000000.0,0.0,474,0.77042,0.7884,023600100100,"Ministry of Culture, Entertainment & Tourism",23020119,Construction / Provision Of Recreational Facilities,70487,R & D OTHER INDUSTRIES,40412100,OYI,02100122000500,Societal Re-orientation - General
"Purchase of furniture & Office. Equipment (10 No Executive chairs and tables, @0 single Chairs and Tables)",0.0,0.0,20000000.0,0.0,10000000.0,0.0,474,0.77941,0.79739,023600100100,"Ministry of Culture, Entertainment & Tourism",23010112,Purchase Of Office Furniture And Fittings,70487,R & D OTHER INDUSTRIES,40442200,State Wide,02100122000700,Societal Re-orientation - General
"Promotion and Preservation of Arts,Igbo Language&Culture",6000000.0,69996000.0,0.0,0.0,50000000.0,0.0,474,0.78758,0.80556,023600100100,"Ministry of Culture, Entertainment & Tourism",23050101,Research And Development,70487,R & D OTHER INDUSTRIES,40442200,State Wide,02100122000900,Societal Re-orientation - General
Developmentof Tourism sites,36082000.0,80000000.0,50000000.0,25161458.0,150000000.0,0.0,474,0.79657,0.81454,023600100100,"Ministry of Culture, Entertainment & Tourism",23050101,Research And Development,70487,R & D OTHER INDUSTRIES,40442200,State Wide,02100122001000,Societal Re-orientation - General
Preparation/Production of Anambra Diaspora Engagement Policy Document,0.0,30000000.0,0.0,0.0,50000000.0,0.0,474,0.80556,0.82353,023600100100,"Ministry of Culture, Entertainment & Tourism",23050101,Research And Development,70487,R & D OTHER INDUSTRIES,40442200,State Wide,02100122001300,Societal Re-orientation - General
Annual Christmas Carnival,0.0,120000000.0,100000000.0,0.0,30000000.0,0.0,474,0.81454,0.83252,023600100100,"Ministry of Culture, Entertainment & Tourism",23050104,Anniversaries/Celebrations,70487,R & D OTHER INDUSTRIES,40442200,State Wide,02100122001400,Societal Re-orientation - General
Rehabilitation and Repairs of Office Building,0.0,0.0,10000000.0,0.0,0.0,0.0,474,0.82353,0.8415,023600100100,"Ministry of Culture, Entertainment & Tourism",23030121,Rehabilitation / Repairs Of Office Buildings,70487,R & D OTHER INDUSTRIES,40442200,State Wide,02100122001500,Societal Re-orientation - General
Annual Children Cultural Carnival,0.0,6000000.0,0.0,0.0,15000000.0,0.0,474,0.8317,0.84967,023600100100,"Ministry of Culture, Entertainment & Tourism",23050104,Anniversaries/Celebrations,70487,R & D OTHER INDUSTRIES,40442200,State Wide,02100122001600,Societal Re-orientation - General
Creation of Anambra State Hospitality Industry&Others,0.0,33000000.0,0.0,0.0,30000000.0,0.0,474,0.84069,0.85866,023600100100,"Ministry of Culture, Entertainment & Tourism",23050101,Research And Development,70487,R & D OTHER INDUSTRIES,40442200,State Wide,02100122001700,Societal Re-orientation - General
Capacity Building Program for the Ministry of Culture and Tourism,0.0,6000000.0,5000000.0,0.0,5000000.0,0.0,474,0.84967,0.86765,023600100100,"Ministry of Culture, Entertainment & Tourism",23050108,Capacity Building,70487,R & D OTHER INDUSTRIES,40442200,State Wide,02100122001800,Societal Re-orientation - General
Anambra Cultural Festival and Annual Carnival,30000000.0,0.0,10000000.0,0.0,0.0,0.0,474,0.85866,0.87663,023600100100,"Ministry of Culture, Entertainment & Tourism",23050104,Anniversaries/Celebrations,70487,R & D OTHER INDUSTRIES,40442200,State Wide,02100122002000,Societal Re-orientation - General
Communication Visibility activities,0.0,10000000.0,10000000.0,0.0,5000000.0,0.0,474,0.86765,0.88562,023600100100,"Ministry of Culture, Entertainment & Tourism",23050110,Value Orientation/Sensistization,70487,R & D OTHER INDUSTRIES,40442200,State Wide,02100122002100,Societal Re-orientation - General
Construction/Development of Building in Agulu-lake Resort as major leisure/entertainment centre,8264615298.88,9780000000.0,10000000000.0,2565514998.62,10000000000.0,0.0,474,0.87582,0.89379,023600100100,"Ministry of Culture, Entertainment & Tourism",23020119,Construction / Provision Of Recreational Facilities,70487,R & D OTHER INDUSTRIES,40442200,State Wide,02100122002200,Societal Re-orientation - General
eralConstruc(cid:415)on of Anambra State Cultural Centre,0.0,0.0,0.0,0.0,100000000.0,0.0,474,0.88399,0.90196,023600100100,"Ministry of Culture, Entertainment & Tourism",23020119,Construction / Provision Of Recreational Facilities,70487,R & D OTHER INDUSTRIES,40442200,State Wide,02100122002400,Societal Re-orientation - GeneralConstruc(cid:415)on of Anambra State CulturalCentre
"Talent Hunt - Highlife music, music festivals, standup commedy, old school night etc)",0.0,100000000.0,40000000.0,22038400.0,40000000.0,0.0,474,0.89379,0.91176,023600100100,"Ministry of Culture, Entertainment & Tourism",23050101,Research And Development,70487,R & D OTHER INDUSTRIES,40442200,State Wide,02100122002600,Societal Re-orientation - General
"MDA Anti-Curruption Crusade Activities, Service Reforms and Re-orientation",0.0,0.0,0.0,0.0,2000000.0,0.0,474,0.90278,0.92075,023600100100,"Ministry of Culture, Entertainment & Tourism",23050101,Research And Development,70487,R & D OTHER INDUSTRIES,40442200,State Wide,02100122002600,Societal Re-orientation - General
"Programme/Project Formulation, Studies, Policy, and Application",0.0,100000000.0,200000000.0,0.0,200000000.0,0.0,475,0.12582,0.14379,023800100100,Ministry of Budget & Economic Planning,23050101,Research And Development,70132,OVERALL PLANNING AND STATISTICAL SERVICES,40442200,State Wide,13100122032200,Reform of Government and Governance - General
State Planning Library and Resource Centre,27552622.0,3000000.0,20000000.0,0.0,0.0,0.0,475,0.1348,0.15278,023800100100,Ministry of Budget & Economic Planning,23010125,Purchase Of Library Books & Equipment,70132,OVERALL PLANNING AND STATISTICAL SERVICES,40442200,State Wide,13100122032300,Reform of Government and Governance - General
"Public Procurement management, and Monitoring and Evaluation, and",0.0,5000000.0,25000000.0,0.0,25000000.0,0.0,475,0.14379,0.16176,023800100100,Ministry of Budget & Economic Planning,23050103,Monitoring And Evaluation,70132,OVERALL PLANNING AND STATISTICAL SERVICES,40442200,State Wide,13100122032600,Reform of Government and Governance - General
"Plan Development, SPRM, including PFM Reform Activities",0.0,10000000.0,15000000.0,0.0,0.0,0.0,475,0.15278,0.17075,023800100100,Ministry of Budget & Economic Planning,23050101,Research And Development,70132,OVERALL PLANNING AND STATISTICAL SERVICES,40442200,State Wide,13100122032800,Reform of Government and Governance - General
State Programme on Food and Nutrition,0.0,20000000.0,20000000.0,0.0,20000000.0,20000000.0,475,0.16176,0.17974,023800100100,Ministry of Budget & Economic Planning,23050101,Research And Development,70132,OVERALL PLANNING AND STATISTICAL SERVICES,40442200,State Wide,13100122033000,Reform of Government and Governance - General
Collaboration with Relevant Agencies & Coordination of Donor,5718700.0,50000000.0,20000000.0,0.0,50000000.0,0.0,475,0.16993,0.18791,023800100100,Ministry of Budget & Economic Planning,23050101,Research And Development,70132,OVERALL PLANNING AND STATISTICAL SERVICES,40442200,State Wide,13100122033200,Reform of Government and Governance - General
"Preparation, Publication and Dissemination of Annual Budget",17359000.0,20000000.0,40000000.0,0.0,40000000.0,0.0,475,0.17892,0.1969,023800100100,Ministry of Budget & Economic Planning,23050111,Publications/Publicity,70132,OVERALL PLANNING AND STATISTICAL SERVICES,40442200,State Wide,13100122033300,Reform of Government and Governance - General
Computerization/Standardization of Annual Budgets/Accounts,10000000.0,50000000.0,50000000.0,0.0,50000000.0,0.0,475,0.18791,0.20588,023800100100,Ministry of Budget & Economic Planning,23010141,Purchase of Computer Soft and Hardwares,70132,OVERALL PLANNING AND STATISTICAL SERVICES,40442200,State Wide,13100122033600,Reform of Government and Governance - General
State wide Monitoring & Evaluation Activities,0.0,40000000.0,5000000.0,0.0,0.0,0.0,475,0.1969,0.21487,023800100100,Ministry of Budget & Economic Planning,23050103,Monitoring And Evaluation,70132,OVERALL PLANNING AND STATISTICAL SERVICES,40442200,State Wide,13100122033800,Reform of Government and Governance - General
"Purchase of office equipments, 5 Laptops, 5no. Photocoping Machines , 5 Scanning Machine, 5 Computer Printer, 5no. sets Executive Chair , 5 N0 fireproof safe",0.0,30000000.0,12000000.0,0.0,40000000.0,0.0,475,0.20588,0.22386,023800100100,Ministry of Budget & Economic Planning,23010145,Purchase of ICT Equipments,70132,OVERALL PLANNING AND STATISTICAL SERVICES,40442200,State Wide,13100122033900,Reform of Government and Governance - General
"Capacity Building: Training and Workshops for Planning, Budget and other Officers",29460000.0,50000000.0,50000000.0,0.0,50000000.0,0.0,475,0.21405,0.23203,023800100100,Ministry of Budget & Economic Planning,23050108,Capacity Building,70132,OVERALL PLANNING AND STATISTICAL SERVICES,40442200,State Wide,13100122034000,Reform of Government and Governance - General
State Wide Social Investment Programs,50000000.0,50000000.0,55000000.0,3000000.0,50000000.0,0.0,475,0.22304,0.24101,023800100100,Ministry of Budget & Economic Planning,23050101,Research And Development,70132,OVERALL PLANNING AND STATISTICAL SERVICES,40442200,State Wide,13100122034200,Reform of Government and Governance - General
Supprt to Civil Society Organization awareness and monitoring Activities,0.0,10000000.0,12000000.0,0.0,12000000.0,0.0,475,0.23203,0.25,023800100100,Ministry of Budget & Economic Planning,23050103,Monitoring And Evaluation,70132,OVERALL PLANNING AND STATISTICAL SERVICES,40442200,State Wide,13100122034300,Reform of Government and Governance - General
Communication Visibility for all Development Partnership Projects,0.0,10000000.0,10000000.0,0.0,20000000.0,0.0,475,0.24101,0.25899,023800100100,Ministry of Budget & Economic Planning,23050110,Value Orientation/Sensistization,70132,OVERALL PLANNING AND STATISTICAL SERVICES,40442200,State Wide,13100122034500,Reform of Government and Governance - General
Annual Anambra Development Partnership Summit/Annual Partnership Roundtable,0.0,50000000.0,50000000.0,0.0,50000000.0,0.0,475,0.25,0.26797,023800100100,Ministry of Budget & Economic Planning,23050104,Anniversaries/Celebrations,70132,OVERALL PLANNING AND STATISTICAL SERVICES,40442200,State Wide,13100122034600,Reform of Government and Governance - General
Open Government Partnership (OGP) Activities,0.0,20000000.0,5000000.0,0.0,5000000.0,0.0,475,0.25817,0.27614,023800100100,Ministry of Budget & Economic Planning,23050110,Value Orientation/Sensistization,70132,OVERALL PLANNING AND STATISTICAL SERVICES,40442200,State Wide,13100122034900,Reform of Government and Governance - General
Covid 19 Action Recovery and Economic Stimulus (CARES) Program for Result Activities,2701654.0,100000000.0,100000000.0,0.0,10000000.0,0.0,475,0.26716,0.28513,023800100100,Ministry of Budget & Economic Planning,23050101,Research And Development,70132,OVERALL PLANNING AND STATISTICAL SERVICES,40442200,State Wide,13100122035100,Reform of Government and Governance - General
State Conterpart Funds for All Partnership Programmes Across the State,415200000.0,2000000000.0,2382000000.0,583500000.0,3000000000.0,0.0,475,0.27614,0.29412,023800100100,Ministry of Budget & Economic Planning,23050101,Research And Development,70132,OVERALL PLANNING AND STATISTICAL SERVICES,40442200,State Wide,13100123000200,Reform of Government and Governance - General
Conduct of Community needs assessment,0.0,70000000.0,55000000.0,0.0,30000000.0,0.0,475,0.28513,0.3031,023800100100,Ministry of Budget & Economic Planning,23050101,Research And Development,70132,OVERALL PLANNING AND STATISTICAL SERVICES,40442200,State Wide,13100123000300,Reform of Government and Governance - General
Development of framework and Implementation of Ease of doing business - SABER Programme Interventions,43400000.0,100000000.0,150000000.0,18577500.0,100000000.0,0.0,475,0.29412,0.31209,023800100100,Ministry of Budget & Economic Planning,23050101,Research And Development,70132,OVERALL PLANNING AND STATISTICAL SERVICES,40442200,State Wide,13100123000400,Reform of Government and Governance - General
Human Capital Development Intervention Activities,0.0,100000000.0,150000000.0,0.0,100000000.0,0.0,475,0.30229,0.32026,023800100100,Ministry of Budget & Economic Planning,23050110,Value Orientation/Sensistization,70132,OVERALL PLANNING AND STATISTICAL SERVICES,40442200,State Wide,13100123000500,Reform of Government and Governance - General
Rehabilitation/Refurbishment of Motor Vehicle,2863400.0,20000000.0,10000000.0,0.0,10000000.0,0.0,475,0.31127,0.32925,023800100100,Ministry of Budget & Economic Planning,23030125,Rehabilitation/Repairs- Power Generating Plants,70132,OVERALL PLANNING AND STATISTICAL SERVICES,40420600,AWKA SOUTH,13100124000100,Reform of Government and Governance - General
Annual National Joint Planning Board/Nigerian Economic Society meetings,0.0,0.0,25000000.0,0.0,25000000.0,0.0,475,0.32026,0.33824,023800100100,Ministry of Budget & Economic Planning,23050101,Research And Development,70132,OVERALL PLANNING AND STATISTICAL SERVICES,40442200,State Wide,13100124000100,Reform of Government and Governance - General
Food Systems and Security Activities,0.0,0.0,50000000.0,0.0,50000000.0,50000000.0,475,0.32925,0.34722,023800100100,Ministry of Budget & Economic Planning,23050101,Research And Development,70132,OVERALL PLANNING AND STATISTICAL SERVICES,40442200,State Wide,13100124000100,Reform of Government and Governance - General
Anambra State Economic Planning and Development Board Activities,0.0,0.0,100000000.0,0.0,50000000.0,0.0,475,0.33824,0.35621,023800100100,Ministry of Budget & Economic Planning,23050101,Research And Development,70132,OVERALL PLANNING AND STATISTICAL SERVICES,40442200,State Wide,13100124000100,Reform of Government and Governance - General
Micro Enterprises Support Scheme (MESS) - Coorporative,0.0,0.0,0.0,0.0,2000000000.0,0.0,475,0.34641,0.36438,023800100100,Ministry of Budget & Economic Planning,23050101,Research And Development,70132,OVERALL PLANNING AND STATISTICAL SERVICES,40442200,State Wide,13100124000100,Reform of Government and Governance - General
"MDA Anti-Curruption Crusade Activities, Service Reforms and Re-orientation",0.0,0.0,0.0,0.0,2000000.0,0.0,475,0.35539,0.37337,023800100100,Ministry of Budget & Economic Planning,23050101,Research And Development,70132,OVERALL PLANNING AND STATISTICAL SERVICES,40442200,State Wide,13100124000100,Reform of Government and Governance - General
Installation of solar Power,9264600.0,10000000.0,20000000.0,0.0,0.0,0.0,475,0.39951,0.41748,023800400100,State Bureau of Statistics,23020133,Construction/Provisions of Solar Equipments,70132,OVERALL PLANNING AND STATISTICAL SERVICES,40420600,AWKA SOUTH,13100122012700,Reform of Government and Governance - General
General Statistics Studies/ State Statistics Data bank & computerization of state GDP,0.0,50000000.0,50000000.0,0.0,40000000.0,0.0,475,0.4085,0.42647,023800400100,State Bureau of Statistics,23050101,Research And Development,70132,OVERALL PLANNING AND STATISTICAL SERVICES,40442200,State Wide,13100122012900,Reform of Government and Governance - General
Statistical Publications,0.0,30000000.0,16000000.0,0.0,16000000.0,0.0,475,0.41748,0.43546,023800400100,State Bureau of Statistics,23050111,Publications/Publicity,70132,OVERALL PLANNING AND STATISTICAL SERVICES,40442200,State Wide,13100122013000,Reform of Government and Governance - General
Analysis and dissemination of State data,0.0,5000000.0,10000000.0,0.0,10000000.0,0.0,475,0.42647,0.44444,023800400100,State Bureau of Statistics,23050111,Publications/Publicity,70132,OVERALL PLANNING AND STATISTICAL SERVICES,40442200,State Wide,13100122013100,Reform of Government and Governance - General
"Equipment of the State Bureau of Statistics(110 No. Laptops (ELITEBOOK CORE I7), 40 No. Androidphones, 50 No. Executive chairs and Table",0.0,50000000.0,5000000.0,0.0,5000000.0,0.0,475,0.43464,0.45261,023800400100,State Bureau of Statistics,23010141,Purchase of Computer Soft and Hardwares,70132,OVERALL PLANNING AND STATISTICAL SERVICES,40442200,State Wide,13100122013200,Reform of Government and Governance - General
Capacity Building Program for State Bureau of Statistics,3500000.0,30000000.0,20000000.0,1282000.0,20000000.0,0.0,475,0.44363,0.4616,023800400100,State Bureau of Statistics,23050108,Capacity Building,70132,OVERALL PLANNING AND STATISTICAL SERVICES,40442200,State Wide,13100122013300,Reform of Government and Governance - General
State wide Data Collection and Monitoring Activities,0.0,2000000.0,3000000.0,0.0,3000000.0,0.0,475,0.45261,0.47059,023800400100,State Bureau of Statistics,23050103,Monitoring And Evaluation,70132,OVERALL PLANNING AND STATISTICAL SERVICES,40442200,State Wide,13100122013500,Reform of Government and Governance - General
National Council on Statistics meetings/conferences,0.0,10000000.0,0.0,0.0,10000000.0,0.0,475,0.4616,0.47958,023800400100,State Bureau of Statistics,23050108,Capacity Building,70132,OVERALL PLANNING AND STATISTICAL SERVICES,40442200,State Wide,13100122013600,Reform of Government and Governance - General
Anambra State Bureau of Statistics Information System,0.0,25000000.0,25000000.0,0.0,5000000.0,0.0,475,0.47059,0.48856,023800400100,State Bureau of Statistics,23050102,Computer Software Acquisition,70132,OVERALL PLANNING AND STATISTICAL SERVICES,40442200,State Wide,13100122013700,Reform of Government and Governance - General
Refurbishment and rebranding of the Bureau of Statistics operations,0.0,20000000.0,50000000.0,0.0,50000000.0,0.0,475,0.47876,0.49673,023800400100,State Bureau of Statistics,23030121,Rehabilitation / Repairs Of Office Buildings,70132,OVERALL PLANNING AND STATISTICAL SERVICES,40442200,State Wide,13100122013800,Reform of Government and Governance - General
State Statistical System,0.0,20000000.0,5000000.0,0.0,5000000.0,0.0,475,0.48775,0.50572,023800400100,State Bureau of Statistics,23050102,Computer Software Acquisition,70132,OVERALL PLANNING AND STATISTICAL SERVICES,40442200,State Wide,13100122013900,Reform of Government and Governance - General
"Data Solution - Design, Collection, Reporting",0.0,0.0,100000000.0,0.0,100000000.0,0.0,475,0.49673,0.51471,023800400100,State Bureau of Statistics,23050101,Research And Development,70132,OVERALL PLANNING AND STATISTICAL SERVICES,40442200,State Wide,13100122013900,Reform of Government and Governance - General
Conducting of Surveys and Studies,0.0,0.0,100000000.0,0.0,100000000.0,0.0,475,0.50572,0.52369,023800400100,State Bureau of Statistics,23050101,Research And Development,70132,OVERALL PLANNING AND STATISTICAL SERVICES,40442200,State Wide,13100122013900,Reform of Government and Governance - General
Completing Govt House and Government Lodge Project Awka,9204219784.0,6000000000.0,4000000000.0,1795557427.0,1500000000.0,0.0,475,0.54984,0.56781,025300100100,Ministry of Housing,23020101,Construction / Provision Of Office Buildings,70611,HOUSING DEVELOPMENT,40420600,AWKA SOUTH,06100122004500,Housing and Urban Development - General
Completion of Real Estate Buildings in Awka,0.0,0.0,500000000.0,0.0,0.0,0.0,475,0.55882,0.5768,025300100100,Ministry of Housing,23020101,Construction / Provision Of Office Buildings,70611,HOUSING DEVELOPMENT,40420600,AWKA SOUTH,06100122004600,Housing and Urban Development - General
"Rehabilitation of public buildings across the state (Govt guest house, ministry of lands, living space for PWD, Perimeter fence for Umunze correctional centre, renovation of onitsha library etc",251396854.36,270000000.0,1500000000.0,832742269.0,1500000000.0,0.0,475,0.56699,0.58497,025300100100,Ministry of Housing,23020102,Construction / Provision Of Residential Buildings,70611,HOUSING DEVELOPMENT,40420600,AWKA SOUTH,06100122004700,Housing and Urban Development - General
Monitoring & Evaluation (M&E) of projects supervised by the Ministry,0.0,10000000.0,10000000.0,0.0,0.0,0.0,475,0.57598,0.59395,025300100100,Ministry of Housing,23050103,Monitoring And Evaluation,70611,HOUSING DEVELOPMENT,40442200,State Wide,06100122005100,Housing and Urban Development - General
High Court and Magistrate Court Building,0.0,0.0,500000000.0,0.0,0.0,0.0,475,0.58497,0.60294,025300100100,Ministry of Housing,23020101,Construction / Provision Of Office Buildings,70611,HOUSING DEVELOPMENT,40442200,State Wide,06100122005200,Housing and Urban Development - General
Construction of Residential Quarters for political appointees,490504061.16,650000000.0,1000000000.0,324307565.0,0.0,0.0,475,0.59395,0.61193,025300100100,Ministry of Housing,23020102,Construction / Provision Of Residential Buildings,70611,HOUSING DEVELOPMENT,40442200,State Wide,06100122005300,Housing and Urban Development - General
Capacity Building Program for the Ministry of Housing,0.0,15000000.0,10000000.0,0.0,15000000.0,0.0,475,0.60294,0.62092,025300100100,Ministry of Housing,23050108,Capacity Building,70611,HOUSING DEVELOPMENT,40442200,State Wide,06100122005400,Housing and Urban Development - General
Construction/completion of International conference Centre Awka,0.0,200000000.0,700000000.0,0.0,500000000.0,0.0,475,0.61111,0.62908,025300100100,Ministry of Housing,23020119,Construction / Provision Of Recreational Facilities,70611,HOUSING DEVELOPMENT,40442200,State Wide,06100122005600,Housing and Urban Development - General
Construction Of Deputy Governors Quarter Awka,106893511.87,580000000.0,700000000.0,13890344.0,800000000.0,0.0,475,0.6201,0.63807,025300100100,Ministry of Housing,23020102,Construction / Provision Of Residential Buildings,70611,HOUSING DEVELOPMENT,40420600,AWKA SOUTH,06100122006100,Housing and Urban Development - General
Construction of New Secretariat for MDAs Awka,0.0,900000000.0,0.0,0.0,1500000000.0,0.0,475,0.62908,0.64706,025300100100,Ministry of Housing,23020101,Construction / Provision Of Office Buildings,70611,HOUSING DEVELOPMENT,40420600,AWKA SOUTH,06100122006200,Housing and Urban Development - General
Upgrading of Ekwueme Square Awka,498803960.0,500000000.0,700000000.0,329369345.0,0.0,0.0,475,0.63807,0.65605,025300100100,Ministry of Housing,23030118,Rehabilitation / Repairs - Recreational Facilities,70611,HOUSING DEVELOPMENT,40420600,AWKA SOUTH,06100122006300,Housing and Urban Development - General
Construction of Old People's Home Awka,0.0,900000000.0,500000000.0,0.0,800000000.0,0.0,475,0.64706,0.66503,025300100100,Ministry of Housing,23020119,Construction / Provision Of Recreational Facilities,70611,HOUSING DEVELOPMENT,40420600,AWKA SOUTH,06100122006400,Housing and Urban Development - General
Procurement of Office Equipment,0.0,0.0,5000000.0,0.0,113000000.0,0.0,475,0.65523,0.6732,025300100100,Ministry of Housing,23010112,Purchase Of Office Furniture And Fittings,70611,HOUSING DEVELOPMENT,40442200,State Wide,06100122006500,Housing and Urban Development - General
Completion of Ministry of Lands Headquarters Building Awka,0.0,0.0,250000000.0,0.0,250000000.0,0.0,475,0.66422,0.68219,025300100100,Ministry of Housing,23020101,Construction / Provision Of Office Buildings,70611,HOUSING DEVELOPMENT,40442200,State Wide,06100122006500,Housing and Urban Development - General
"Planning, Research and Statistical (PRS)- Department's Monitoring and Evaluation Activities",0.0,0.0,0.0,0.0,5000000.0,0.0,475,0.6732,0.69118,025300100100,Ministry of Housing,23050108,Capacity Building,70611,HOUSING DEVELOPMENT,40442200,State Wide,06100122006500,Housing and Urban Development - General
"MDA Anti-Curruption Crusade Activities, Service Reforms and Re-orientation",0.0,0.0,0.0,0.0,2000000.0,0.0,475,0.68219,0.70016,025300100100,Ministry of Housing,23050108,Capacity Building,70611,HOUSING DEVELOPMENT,40442200,State Wide,06100122006500,Housing and Urban Development - General
"Planning, Research and Statistical (PRS)- Department's Monitoring and Evaluation Activities",0.0,0.0,0.0,0.0,470000000.0,0.0,475,0.69118,0.70915,025300100100,Ministry of Housing,23050108,Capacity Building,70611,HOUSING DEVELOPMENT,40442200,State Wide,06100122006500,Housing and Urban Development - General
Purchase of 1 no heavy-duty Trucks,0.0,0.0,100000000.0,0.0,0.0,0.0,475,0.73529,0.75327,025300200100,Hydrofoam Agency,23010107,Purchase Of Trucks,70611,HOUSING DEVELOPMENT,40442200,State Wide,06100122006500,Housing and Urban Development - General
Purchase of 3 no Hp 3025 Printers,0.0,0.0,5000000.0,0.0,0.0,0.0,475,0.74346,0.76144,025300200100,Hydrofoam Agency,23010114,Purchase Of Computer Printers,70611,HOUSING DEVELOPMENT,40442200,State Wide,06100122006500,Housing and Urban Development - General
Procurement of 1no Photocopying Machine,0.0,0.0,1500000.0,0.0,0.0,0.0,475,0.75245,0.77042,025300200100,Hydrofoam Agency,23010115,Purchase Of Photocopying Machines,70611,HOUSING DEVELOPMENT,40442200,State Wide,06100122006500,Housing and Urban Development - General
Procurement of Cement silo and mixer Equipment,0.0,0.0,30000000.0,0.0,0.0,0.0,475,0.76144,0.77941,025300200100,Hydrofoam Agency,23010129,Purchase Of Industrial Equipment,70611,HOUSING DEVELOPMENT,40442200,State Wide,06100122006500,Housing and Urban Development - General
Purchase and installation of solar electricity,0.0,0.0,15000000.0,0.0,0.0,0.0,475,0.77042,0.7884,025300200100,Hydrofoam Agency,23010144,Purchase of Solar Equipments,70611,HOUSING DEVELOPMENT,40442200,State Wide,06100122006500,Housing and Urban Development - General
Landscaping and Interlocking of Hydra form Premises,0.0,0.0,80000000.0,0.0,80000000.0,0.0,475,0.77941,0.79739,025300200100,Hydrofoam Agency,23020118,Construction / Provision Of Infrastructure,70611,HOUSING DEVELOPMENT,40442200,State Wide,06100122006500,Housing and Urban Development - General
Monitoring and Evaluation activities,0.0,0.0,3000000.0,0.0,0.0,0.0,475,0.78758,0.80556,025300200100,Hydrofoam Agency,23050101,Research And Development,70611,HOUSING DEVELOPMENT,40442200,State Wide,06100122006500,Housing and Urban Development - General
Monitoring and Evaluation activities(PRS),0.0,0.0,0.0,0.0,5000000.0,0.0,475,0.79657,0.81454,025300200100,Hydrofoam Agency,23050101,Research And Development,70611,HOUSING DEVELOPMENT,40442200,State Wide,06100122006500,Housing and Urban Development - General
"Procurement of Industrial Equipment 3 tons forklift 40m, 1 No Crusher 40m, 10 Nos Industrial Wheel Barrows 1.5m, 1000 pieces of Pallets",0.0,0.0,0.0,0.0,75600000.0,0.0,475,0.80556,0.82353,025300200100,Hydrofoam Agency,23050101,Research And Development,70611,HOUSING DEVELOPMENT,40442200,State Wide,06100122006500,Housing and Urban Development - General
Establishment of Drafting Studio for Town Planning Department.,0.0,8172000.0,10000000.0,0.0,12000000.0,0.0,475,0.84967,0.86765,026000100100,Ministry of Lands,23020118,Construction / Provision Of Infrastructure,70611,HOUSING DEVELOPMENT,40442200,State Wide,06100122000600,Housing and Urban Development - General
Lands acquisition/ compensation for Govt Project,356782125.0,1000000000.0,1500000000.0,60000000.0,1500000000.0,0.0,475,0.85866,0.87663,026000100100,Ministry of Lands,23010101,Purchase / Acquisition Of Land,70611,HOUSING DEVELOPMENT,40442200,State Wide,06100122000800,Housing and Urban Development - General
Anambra State Land Information Management System (ALIMS) 2nd Phase,0.0,6500000.0,10000000.0,0.0,0.0,0.0,475,0.86765,0.88562,026000100100,Ministry of Lands,23050102,Computer Software Acquisition,70611,HOUSING DEVELOPMENT,40442200,State Wide,06100122000900,Housing and Urban Development - General
"Land Survey and Consultancy(proc of concrete beacons for topography, boundry, surveys, disput survey )",0.0,10000000.0,10000000.0,0.0,10000000.0,0.0,475,0.87582,0.89379,026000100100,Ministry of Lands,23010133,Purchases Of Surveying Equipment,70611,HOUSING DEVELOPMENT,40442200,State Wide,06100122001000,Housing and Urban Development - General
Provision of survey control framework,0.0,10000000.0,15000000.0,0.0,15000000.0,0.0,475,0.8848,0.90278,026000100100,Ministry of Lands,23050101,Research And Development,70611,HOUSING DEVELOPMENT,40442200,State Wide,06100122001100,Housing and Urban Development - General
Procurement of Equipment and Furniture,0.0,14192000.0,10000000.0,0.0,10000000.0,0.0,475,0.89379,0.91176,026000100100,Ministry of Lands,23010112,Purchase Of Office Furniture And Fittings,70611,HOUSING DEVELOPMENT,40442200,State Wide,06100122001200,Housing and Urban Development - General
Lands Legal Unit Activity,0.0,5000000.0,2000000.0,0.0,3000000.0,0.0,475,0.90278,0.92075,026000100100,Ministry of Lands,23050101,Research And Development,70611,HOUSING DEVELOPMENT,40442200,State Wide,06100122001500,Housing and Urban Development - General
Production of utility maps from base map,0.0,5000000.0,5000000.0,0.0,5000000.0,0.0,476,0.09069,0.10866,026000100100,Ministry of Lands,23050102,Computer Software Acquisition,70611,HOUSING DEVELOPMENT,40442200,State Wide,06100122001600,Housing and Urban Development - General
Monitoring and Evaluation of the Ministry’s activities,0.0,10000000.0,10000000.0,0.0,10000000.0,0.0,476,0.09967,0.11765,026000100100,Ministry of Lands,23050103,Monitoring And Evaluation,70611,HOUSING DEVELOPMENT,40442200,State Wide,06100122001700,Housing and Urban Development - General
Purchase of survey Equipment(modern survey equipment to meet up with torrent of survey activities.,0.0,105450000.0,150000000.0,0.0,150000000.0,0.0,476,0.10866,0.12663,026000100100,Ministry of Lands,23010133,Purchases Of Surveying Equipment,70611,HOUSING DEVELOPMENT,40442200,State Wide,06100122001900,Housing and Urban Development - General
Capacity Building Program for the Ministry of Land,0.0,25000000.0,25000000.0,0.0,20000000.0,0.0,476,0.11765,0.13562,026000100100,Ministry of Lands,23050108,Capacity Building,70611,HOUSING DEVELOPMENT,40442200,State Wide,06100122002000,Housing and Urban Development - General
"Planning, Research and Statistical (PRS)- Department's Monitoring and Evaluation Activities",0.0,5000000.0,2000000.0,0.0,5000000.0,0.0,476,0.12582,0.14379,026000100100,Ministry of Lands,23050108,Capacity Building,70611,HOUSING DEVELOPMENT,40442200,State Wide,06100122002000,Housing and Urban Development - General
"MDA Anti-Curruption Crusade Activities, Service Reforms and Re-orientation",0.0,0.0,0.0,0.0,2000000.0,0.0,476,0.1348,0.15278,026000100100,Ministry of Lands,23050108,Capacity Building,70611,HOUSING DEVELOPMENT,40442200,State Wide,06100122002000,Housing and Urban Development - General
Purchase of Geographic Information Management Sytem (GIS) Equipment,0.0,0.0,0.0,0.0,50000000.0,0.0,476,0.14379,0.16176,026000100100,Ministry of Lands,23010129,Purchase Of Industrial Equipment,70611,HOUSING DEVELOPMENT,40442200,State Wide,06100122002000,Housing and Urban Development - General
Refurbishment of the GIS scanner,0.0,0.0,0.0,0.0,10000000.0,0.0,476,0.15278,0.17075,026000100100,Ministry of Lands,23030127,Rehabilitation/Repairs- Ict Infrastructures,70611,HOUSING DEVELOPMENT,40442200,State Wide,06100122002000,Housing and Urban Development - General
Purchase of soft ware for upgrade of GIS,0.0,0.0,0.0,0.0,50000000.0,0.0,476,0.16176,0.17974,026000100100,Ministry of Lands,23010141,Purchase of Computer Soft and Hardwares,70611,HOUSING DEVELOPMENT,40442200,State Wide,06100122002000,Housing and Urban Development - General
Capacity building for GIS management,0.0,0.0,0.0,0.0,20000000.0,0.0,476,0.16993,0.18791,026000100100,Ministry of Lands,23050108,Capacity Building,70611,HOUSING DEVELOPMENT,40442200,State Wide,06100122002000,Housing and Urban Development - General
Construction of Local Physical Planning Authority Offices,0.0,72057500.0,83000000.0,0.0,0.0,0.0,476,0.21405,0.23203,026005500100,Anambra State Physical Planning Board,23020101,Construction / Provision Of Office Buildings,70611,HOUSING DEVELOPMENT,40442200,State Wide,06100122002100,Housing and Urban Development - General
Rehabilitation of Anambra State Physical Planning Board Building,0.0,29795963.0,32000000.0,0.0,0.0,0.0,476,0.22304,0.24101,026005500100,Anambra State Physical Planning Board,23030121,Rehabilitation / Repairs Of Office Buildings,70611,HOUSING DEVELOPMENT,40442200,State Wide,06100122002200,Housing and Urban Development - General
Purchase of 1 no Generator Set,0.0,3982875.0,5000000.0,0.0,5000000.0,0.0,476,0.23203,0.25,026005500100,Anambra State Physical Planning Board,23010119,Purchase Of Power Generating Set,70611,HOUSING DEVELOPMENT,40442200,State Wide,06100122002600,Housing and Urban Development - General
Purchase of office furniture/fittings,0.0,1319563.0,9000000.0,0.0,2300000.0,0.0,476,0.24101,0.25899,026005500100,Anambra State Physical Planning Board,23010112,Purchase Of Office Furniture And Fittings,70611,HOUSING DEVELOPMENT,40442200,State Wide,06100122003200,Housing and Urban Development - General
Purchase of ICT Equipment,0.0,5654500.0,9000000.0,0.0,0.0,0.0,476,0.25,0.26797,026005500100,Anambra State Physical Planning Board,23010113,Purchase Of Computers,70611,HOUSING DEVELOPMENT,40442200,State Wide,06100122003300,Housing and Urban Development - General
Purchase of Equipment,0.0,102125000.0,50000000.0,0.0,0.0,0.0,476,0.25817,0.27614,026005500100,Anambra State Physical Planning Board,23010129,Purchase Of Industrial Equipment,70611,HOUSING DEVELOPMENT,40442200,State Wide,06100122003500,Housing and Urban Development - General
Capacity Building,0.0,28000000.0,20000000.0,0.0,10000000.0,0.0,476,0.26716,0.28513,026005500100,Anambra State Physical Planning Board,23050108,Capacity Building,70611,HOUSING DEVELOPMENT,40442200,State Wide,06100122003700,Housing and Urban Development - General
"Planning, Research and Statistical (PRS)- Department's Monitoring and Evaluation Activities",0.0,2000000.0,2000000.0,0.0,5000000.0,0.0,476,0.27614,0.29412,026005500100,Anambra State Physical Planning Board,23050108,Capacity Building,70611,HOUSING DEVELOPMENT,40442200,State Wide,06100122003800,Housing and Urban Development - General
Estabilishment of Mgt Inf.System/Data Base,0.0,5000000.0,5000000.0,0.0,0.0,0.0,476,0.28513,0.3031,026005500100,Anambra State Physical Planning Board,23050101,Research And Development,70611,HOUSING DEVELOPMENT,40442200,State Wide,06100122003900,Housing and Urban Development - General
Construc(cid:415)on of Drainage on the Plannedlayouts,0.0,53750000.0,30000000.0,0.0,30000000.0,0.0,476,0.2933,0.31127,026005500100,Anambra State Physical Planning Board,23020116,Construction / Provision Of Water-Ways,70611,HOUSING DEVELOPMENT,40442200,State Wide,06100122004000,Housing and Urban Development - General
Opening of Layouts in Awka environ,0.0,70800000.0,70000000.0,0.0,70000000.0,0.0,476,0.30229,0.32026,026005500100,Anambra State Physical Planning Board,23020116,Construction / Provision Of Water-Ways,70611,HOUSING DEVELOPMENT,40442200,State Wide,06100122004200,Housing and Urban Development - General
Demarcation and maintainance of open space,0.0,45900000.0,45000000.0,0.0,25000000.0,0.0,476,0.31127,0.32925,026005500100,Anambra State Physical Planning Board,23020122,Construction Of Boundary Pillars/ Right Of Ways,70611,HOUSING DEVELOPMENT,40442200,State Wide,06100122004300,Housing and Urban Development - General
"Identification and demolition of Severely and dangerously delapidated uninhabitable building, especially in urban settlement.",0.0,100000000.0,100000000.0,0.0,120000000.0,0.0,476,0.32026,0.33824,026005500100,Anambra State Physical Planning Board,23050101,Research And Development,70611,HOUSING DEVELOPMENT,40442200,State Wide,06100122004400,Housing and Urban Development - General
Extension of Electricity to various Towns and Communities,504007156.0,520000000.0,3000000000.0,1508132381.0,3000000000.0,0.0,476,0.36438,0.38235,025200100100,Ministry of Power & Water Resources,23020103,Construction / Provision Of Electricity,70435,ELECTRICITY,40442200,State Wide,14100122000500,Power - General
"Installation of solar mini-grid power systems at Hospitals/health centres, public schools and other key Government infrastructure/Independent Power Project (IPP) Solar & Wind Uninterruptible",299792606.0,300000000.0,1000000000.0,0.0,1350000000.0,0.0,476,0.37337,0.39134,025200100100,Ministry of Power & Water Resources,23020133,Construction/Provisions of Solar Equipments,70435,ELECTRICITY,40442200,State Wide,14100122000700,Power - General
Project Monitoring and Evaluation Activities,0.0,5000000.0,5000000.0,0.0,0.0,0.0,476,0.38235,0.40033,025200100100,Ministry of Power & Water Resources,23050103,Monitoring And Evaluation,70435,ELECTRICITY,40442200,State Wide,14100122000800,Power - General
Solar Street Lighting in Urban Centres,0.0,0.0,3000000000.0,848277501.0,3000000000.0,0.0,476,0.39052,0.4085,025200100100,Ministry of Power & Water Resources,23020123,Construction Of Traffic /Street Lights,70435,ELECTRICITY,40442200,State Wide,14100122001000,Power - General
Provision of conducive office environment,0.0,0.0,10000000.0,0.0,10000000.0,0.0,476,0.39951,0.41748,025200100100,Ministry of Power & Water Resources,23020101,Construction / Provision Of Office Buildings,70435,ELECTRICITY,40442200,State Wide,14100122001100,Power - General
Pre-feasibility studies for power projects,0.0,50000000.0,50000000.0,0.0,0.0,0.0,476,0.4085,0.42647,025200100100,Ministry of Power & Water Resources,23050101,Research And Development,70435,ELECTRICITY,40442200,State Wide,14100122001200,Power - General
"Establishment of Power Sector Goverance, Agencies and Institutional Framework",0.0,30000000.0,0.0,0.0,500000000.0,0.0,476,0.41748,0.43546,025200100100,Ministry of Power & Water Resources,23050101,Research And Development,70435,ELECTRICITY,40442200,State Wide,14100122001300,Power - General
Fire Service Supplies,20886500.0,100000000.0,100000000.0,32459411.0,100000000.0,0.0,476,0.42647,0.44444,025200100100,Ministry of Power & Water Resources,23010123,Purchase Of Fire Fighting Equipment,70435,ELECTRICITY,40442200,State Wide,14100122001500,Power - General
Fencing and Landscaping/fencing and landscaping 5No Fire stations at Aguleri,0.0,0.0,0.0,0.0,200000000.0,0.0,476,0.43464,0.45261,025200100100,Ministry of Power & Water Resources,23020128,Construction/Provision of Landscapping,70435,ELECTRICITY,40410200,ANAMBRA EAST,14100122001700,Power - General
Purchase of 3 NO fire fighting Truck,0.0,0.0,400000000.0,0.0,400000000.0,0.0,476,0.44363,0.4616,025200100100,Ministry of Power & Water Resources,23020110,Construction / Provision Of Fire Fighting Stations,70435,ELECTRICITY,40442200,State Wide,14100122001800,Power - General
Construction of 2 numbers fire Station,0.0,0.0,0.0,0.0,150000000.0,0.0,476,0.45261,0.47059,025200100100,Ministry of Power & Water Resources,23020110,Construction / Provision Of Fire Fighting Stations,70435,ELECTRICITY,40442200,State Wide,14100122001900,Power - General
protective Kits and wears for Firemen ( uniform protective kits and wears for firemen),0.0,0.0,0.0,0.0,100000000.0,0.0,476,0.4616,0.47958,025200100100,Ministry of Power & Water Resources,23010123,Purchase Of Fire Fighting Equipment,70435,ELECTRICITY,40442200,State Wide,14100122002000,Power - General
Refurbishing of 14 no Fire Fighting Trucks//Routine Maintenance Of Fire Trucks & Operational Vehicles,0.0,15000000.0,50000000.0,0.0,50000000.0,0.0,476,0.47059,0.48856,025200100100,Ministry of Power & Water Resources,23010123,Purchase Of Fire Fighting Equipment,70435,ELECTRICITY,40442200,State Wide,14100122002100,Power - General
Regular Training of Firefighters,0.0,10000000.0,50000000.0,0.0,50000000.0,0.0,476,0.47876,0.49673,025200100100,Ministry of Power & Water Resources,23010123,Purchase Of Fire Fighting Equipment,70435,ELECTRICITY,40442200,State Wide,14100122002200,Power - General
Installation Of Basic Fire Equipment,0.0,15000000.0,0.0,0.0,50000000.0,0.0,476,0.48775,0.50572,025200100100,Ministry of Power & Water Resources,23020105,Construction / Provision Of Water Facilities,70631,WATER SUPPLY,40442200,State Wide,14100122003200,Power - General
Rural Water Supply and Sanitation (RUWASSA),0.0,0.0,0.0,0.0,0.0,0.0,476,0.49673,0.51471,025200100100,Ministry of Power & Water Resources,23020105,Construction / Provision Of Water Facilities,70631,WATER SUPPLY,40442200,State Wide,14100122004200,Power - General
Repair of Machinery and Equipment,0.0,5000000.0,6500000.0,1494500.0,6500000.0,0.0,476,0.50572,0.52369,025200100100,Ministry of Power & Water Resources,23030125,Rehabilitation/Repairs- Power Generating Plants,70435,ELECTRICITY,40442200,State Wide,14100122004800,Power - General
Reconstruction of Water Corporation Into The New Urban Asset Holding,0.0,30000000.0,35000000.0,0.0,0.0,0.0,476,0.51471,0.53268,025200100100,Ministry of Power & Water Resources,23030121,Rehabilitation / Repairs Of Office Buildings,70631,WATER SUPPLY,40442200,State Wide,14100122004900,Power - General
Mapping of Surface and Underground/Sub- surface Water Potentials,0.0,100000000.0,65000000.0,0.0,50000000.0,0.0,476,0.52288,0.54085,025200100100,Ministry of Power & Water Resources,23050101,Research And Development,70435,ELECTRICITY,40442200,State Wide,14100122005000,Power - General
"Replication of Hybrid Water Generation System Otuocha, Ihiala",0.0,100000000.0,200000000.0,0.0,200000000.0,0.0,476,0.53186,0.54984,025200100100,Ministry of Power & Water Resources,23020105,Construction / Provision Of Water Facilities,70631,WATER SUPPLY,40431200,IHIALA,14100122005100,Power - General
"Geophysics Instigation Equipment Terrameter 2000,Software",0.0,15000000.0,15000000.0,0.0,15000000.0,0.0,476,0.54085,0.55882,025200100100,Ministry of Power & Water Resources,23010129,Purchase Of Industrial Equipment,70435,ELECTRICITY,40442200,State Wide,14100122005400,Power - General
"Capacity Development:Trainning,Seminar and Workshop",390000.0,20000000.0,20000000.0,0.0,20000000.0,0.0,476,0.54984,0.56781,025200100100,Ministry of Power & Water Resources,23050108,Capacity Building,70435,ELECTRICITY,40442200,State Wide,14100122005500,Power - General
Water Supply Project to Anambra West,0.0,0.0,18333332.77,0.0,18000000.0,0.0,476,0.55882,0.5768,025200100100,Ministry of Power & Water Resources,23020105,Construction / Provision Of Water Facilities,70631,WATER SUPPLY,40442200,State Wide,14100122005900,Power - General
Establishment of Water Sector Government and Institional Framework,0.0,20000000.0,20000000.0,0.0,10000000.0,0.0,476,0.56699,0.58497,025200100100,Ministry of Power & Water Resources,23050101,Research And Development,70435,ELECTRICITY,40442200,State Wide,14100122006000,Power - General
Provision of Water Sanitation and Hygiene (WASH) Facilities in Major Markets,0.0,100000000.0,150000000.0,0.0,100000000.0,0.0,476,0.57598,0.59395,025200100100,Ministry of Power & Water Resources,23020105,Construction / Provision Of Water Facilities,70435,ELECTRICITY,40442200,State Wide,14100122006100,Power - General
Purchase of fire fighting Gadgets (protective kits for firemen),0.0,0.0,100000000.0,0.0,0.0,0.0,476,0.58497,0.60294,025200100100,Ministry of Power & Water Resources,23030109,Rehabilitation / Repairs - Fire Fighting Stations,70435,ELECTRICITY,40442200,State Wide,14100122006600,Power - General
Capacity Building for Firefighters (Regular Training),0.0,10000000.0,0.0,0.0,0.0,0.0,476,0.59395,0.61193,025200100100,Ministry of Power & Water Resources,23010108,Purchase Of Buses,70435,ELECTRICITY,40442200,State Wide,14100122006800,Power - General
Installation Of Basic Fire Equipment in Govt offices,0.0,20000000.0,100000000.0,0.0,0.0,0.0,476,0.60294,0.62092,025200100100,Ministry of Power & Water Resources,23010123,Purchase Of Fire Fighting Equipment,70435,ELECTRICITY,40442200,State Wide,14100122007000,Power - General
Provision/Restoration of Safe Water Supply across the State,6839702629.0,7000000000.0,5000000000.0,1585844146.0,8000000000.0,0.0,476,0.61111,0.62908,025200100100,Ministry of Power & Water Resources,23020105,Construction / Provision Of Water Facilities,70631,WATER SUPPLY,40442200,State Wide,14100122007200,Power - General
Repair of equipment /Procurement of Drilling Machines and Air Compressor,0.0,200000000.0,150000000.0,0.0,150000000.0,0.0,476,0.6201,0.63807,025200100100,Ministry of Power & Water Resources,23030104,Rehabilitation / Repairs - Water Facilities,70631,WATER SUPPLY,40442200,State Wide,14100122007300,Power - General
Rural water supply and sanitation (RUWASSA)/Implementation of Water Safety Plan,0.0,0.0,200000000.0,0.0,200000000.0,0.0,476,0.62908,0.64706,025200100100,Ministry of Power & Water Resources,23020105,Construction / Provision Of Water Facilities,70631,WATER SUPPLY,40442200,State Wide,14100122007400,Power - General
PEWASH/Sustainable Urban & Rural WASH Activities,0.0,0.0,400000000.0,0.0,350000000.0,0.0,476,0.63807,0.65605,025200100100,Ministry of Power & Water Resources,23020105,Construction / Provision Of Water Facilities,70631,WATER SUPPLY,40442200,State Wide,14100122007500,Power - General
Provision of Water Sanitation and Hygiene (WASH) Facilities in Public Institutions across the state,37613563.0,100000000.0,100000000.0,0.0,100000000.0,0.0,476,0.64706,0.66503,025200100100,Ministry of Power & Water Resources,23020105,Construction / Provision Of Water Facilities,70631,WATER SUPPLY,40442200,State Wide,14100122007700,Power - General
Nutrition Activities (RUWASSA),0.0,0.0,0.0,0.0,5000000.0,0.0,476,0.65523,0.6732,025200100100,Ministry of Power & Water Resources,23020103,Construction / Provision Of Electricity,70631,WATER SUPPLY,40442200,State Wide,14100122007800,Power - General
"Planning, Research and Statistical (PRS)- Department's Monitoring and Evaluation Activities",0.0,0.0,0.0,0.0,5000000.0,0.0,476,0.66422,0.68219,025200100100,Ministry of Power & Water Resources,23020103,Construction / Provision Of Electricity,70631,WATER SUPPLY,40442200,State Wide,14100122007800,Power - General
"MDA Anti-Curruption Crusade Activities, Service Reforms and Re-orientation",0.0,5000000.0,2000000.0,0.0,2000000.0,0.0,476,0.6732,0.69118,025200100100,Ministry of Power & Water Resources,23020103,Construction / Provision Of Electricity,70631,WATER SUPPLY,40442200,State Wide,14100122007800,Power - General
"Establish Production, Operation, and Management of the Urban Water schemes.",0.0,0.0,100000000.0,0.0,500000000.0,0.0,476,0.71732,0.73529,025210400100,Anambra State Urban Water Assets Holdings Corporation,23020105,Construction / Provision Of Water Facilities,70631,WATER SUPPLY,40442200,State Wide,10100124000200,Water Resources and Rural Deve - General
Se(cid:425)lement of the Dispute between Anambra State Government and Staﬀ of,0.0,488300000.0,500000000.0,0.0,300000000.0,0.0,476,0.72631,0.74428,025210400100,Anambra State Urban Water Assets Holdings Corporation,23050128,Contractors/Other Capital Arrears Clearance,70631,WATER SUPPLY,40442200,State Wide,10100124000300,Water Resources and Rural Deve - General
Development of Urban Water Supply Master Plan.,0.0,0.0,100000000.0,0.0,0.0,0.0,476,0.73529,0.75327,025210400100,Anambra State Urban Water Assets Holdings Corporation,23050103,Monitoring And Evaluation,70631,WATER SUPPLY,40442200,State Wide,10100124000400,Water Resources and Rural Deve - General
ASUWAHC Implementation and Monitoring and Evaluation Activities,0.0,5000000.0,10000000.0,0.0,0.0,0.0,476,0.74346,0.76144,025210400100,Anambra State Urban Water Assets Holdings Corporation,23050108,Capacity Building,70631,WATER SUPPLY,40442200,State Wide,10100124000500,Water Resources and Rural Deve - General
Capacity Building Program for ASUWAHC,0.0,25000000.0,20000000.0,0.0,20000000.0,0.0,476,0.75245,0.77042,025210400100,Anambra State Urban Water Assets Holdings Corporation,23050108,Capacity Building,70631,WATER SUPPLY,40442200,State Wide,10100124000600,Water Resources and Rural Deve - General
Procurement of Office Equipment,19870000.0,20000000.0,10000000.0,0.0,20000000.0,0.0,476,0.76144,0.77941,025210400100,Anambra State Urban Water Assets Holdings Corporation,23010112,Purchase Of Office Furniture And Fittings,70631,WATER SUPPLY,40442200,State Wide,10100124000700,Water Resources and Rural Deve - General
Strengthening of ASUWAHC Operational Management and Board Structure,0.0,15000000.0,15000000.0,0.0,15000000.0,0.0,476,0.77042,0.7884,025210400100,Anambra State Urban Water Assets Holdings Corporation,23050101,Research And Development,70631,WATER SUPPLY,40442200,State Wide,10100124000700,Water Resources and Rural Deve - General
Procurement of Water Equipment for operation and management Tools (Moveable Equipment),0.0,0.0,200000000.0,0.0,100000000.0,0.0,476,0.77941,0.79739,025210400100,Anambra State Urban Water Assets Holdings Corporation,23010140,Purchase Of Disability Eqipments,70631,WATER SUPPLY,40442200,State Wide,10100124000700,Water Resources and Rural Deve - General
Development of Urban Water Supply Master Plan (Consultancy Services),0.0,0.0,50000000.0,0.0,150000000.0,0.0,476,0.78758,0.80556,025210400100,Anambra State Urban Water Assets Holdings Corporation,23050103,Monitoring And Evaluation,70631,WATER SUPPLY,40442200,State Wide,10100124000700,Water Resources and Rural Deve - General
Concession of Major Urban Water Supply Schemes,0.0,0.0,50000000.0,0.0,50000000.0,0.0,476,0.79657,0.81454,025210400100,Anambra State Urban Water Assets Holdings Corporation,23020105,Construction / Provision Of Water Facilities,70631,WATER SUPPLY,40442200,State Wide,10100124000700,Water Resources and Rural Deve - General
Establishment of Sustainable Urban Water and Sanitation (SURWASH) programmes,0.0,0.0,20000000.0,0.0,30000000.0,0.0,476,0.80556,0.82353,025210400100,Anambra State Urban Water Assets Holdings Corporation,23020127,Construction Of Ict Infrastructures,70631,WATER SUPPLY,40442200,State Wide,10100124000700,Water Resources and Rural Deve - General
Establishment of ASUWAHC Management Information System,0.0,0.0,15000000.0,0.0,15000000.0,0.0,476,0.81454,0.83252,025210400100,Anambra State Urban Water Assets Holdings Corporation,23020127,Construction Of Ict Infrastructures,70631,WATER SUPPLY,40442200,State Wide,10100124000700,Water Resources and Rural Deve - General
"Planning, Research and Statistical (PRS)- Department's Monitoring and Evaluation Activities",0.0,0.0,0.0,0.0,10000000.0,0.0,476,0.82353,0.8415,025210400100,Anambra State Urban Water Assets Holdings Corporation,23020127,Construction Of Ict Infrastructures,70631,WATER SUPPLY,40442200,State Wide,10100124000700,Water Resources and Rural Deve - General
Capacity Building Program for Judiciary Service Commission,0.0,0.0,10000000.0,8503270.0,15000000.0,0.0,476,0.86765,0.88562,031801100100,Judicial Service Commission,23050108,Capacity Building,70331,LAW COURTS,40442200,State Wide,13100122014000,Reform of Government and Governance - General
Renovation/ maintenance of Administrative Building of Judicial Service Commission,0.0,0.0,20000000.0,0.0,13000000.0,0.0,476,0.87582,0.89379,031801100100,Judicial Service Commission,23030121,Rehabilitation / Repairs Of Office Buildings,70331,LAW COURTS,40442200,State Wide,13100122014100,Reform of Government and Governance - General
Furnishing and equipment for Office and Quarters,0.0,0.0,0.0,0.0,15000000.0,0.0,476,0.8848,0.90278,031801100100,Judicial Service Commission,23010112,Purchase Of Office Furniture And Fittings,70331,LAW COURTS,40442200,State Wide,13100122014300,Reform of Government and Governance - General
"Purchase of Official Vehicles (1 No 4x4 vehicle, 2 No Saloon car and 1 No 18 seater bus)",0.0,0.0,100000000.0,0.0,75000000.0,0.0,476,0.89379,0.91176,031801100100,Judicial Service Commission,23010105,Purchase Of Motor Vehicles,70331,LAW COURTS,40442200,State Wide,13100122014500,Reform of Government and Governance - General
Purchase of 25KVA Generator set,0.0,0.0,23000000.0,3984382.0,0.0,0.0,476,0.90278,0.92075,031801100100,Judicial Service Commission,23010119,Purchase Of Power Generating Set,70331,LAW COURTS,40442200,State Wide,13100122014600,Reform of Government and Governance - General
Construction of Water Borehole,0.0,0.0,4000000.0,0.0,3000000.0,0.0,477,0.09069,0.10866,031801100100,Judicial Service Commission,23020105,Construction / Provision Of Water Facilities,70331,LAW COURTS,40442200,State Wide,13100122014700,Reform of Government and Governance - General
Purchase of Office furniture and Fittings,0.0,0.0,10000000.0,0.0,0.0,0.0,477,0.09967,0.11765,031801100100,Judicial Service Commission,23010112,Purchase Of Office Furniture And Fittings,70331,LAW COURTS,40442200,State Wide,13100122014800,Reform of Government and Governance - General
Refurbishing and Repaires of Generating Plant,0.0,0.0,4000000.0,0.0,4000000.0,0.0,477,0.10866,0.12663,031801100100,Judicial Service Commission,23030125,Rehabilitation/Repairs- Power Generating Plants,70331,LAW COURTS,40442200,State Wide,13100122014900,Reform of Government and Governance - General
Rehabilitation /Repaires JSC Building,0.0,0.0,10000000.0,0.0,15000000.0,0.0,477,0.11765,0.13562,031801100100,Judicial Service Commission,23030121,Rehabilitation / Repairs Of Office Buildings,70331,LAW COURTS,40442200,State Wide,13100122015000,Reform of Government and Governance - General
"Landscaping,Erosion etc Within The Judicial Service Commission (JSC) Premises",0.0,0.0,5000000.0,0.0,5000000.0,0.0,477,0.12582,0.14379,031801100100,Judicial Service Commission,23020114,Construction / Provision Of Roads,70331,LAW COURTS,40442200,State Wide,13100122015100,Reform of Government and Governance - General
Project Implementation and Monitoring Activities (PRS),0.0,0.0,3000000.0,0.0,3000000.0,0.0,477,0.1348,0.15278,031801100100,Judicial Service Commission,23050101,Research And Development,70331,LAW COURTS,40442200,State Wide,13100122015200,Reform of Government and Governance - General
Purchase of Judiciary Libraries Books,0.0,0.0,100000000.0,3699700.0,100000000.0,0.0,477,0.17892,0.1969,031805100100,High Court of Justice,23010125,Purchase Of Library Books & Equipment,70331,LAW COURTS,40442200,State Wide,13100122015300,Reform of Government and Governance - General
Modern Court Recording Equipment,0.0,0.0,300000000.0,0.0,300000000.0,0.0,477,0.18791,0.20588,031805100100,High Court of Justice,23010112,Purchase Of Office Furniture And Fittings,70331,LAW COURTS,40442200,State Wide,13100122015400,Reform of Government and Governance - General
Refurbishing of old Generator Set and Purchase of New ones,0.0,0.0,98500000.0,15859700.0,150000000.0,0.0,477,0.1969,0.21487,031805100100,High Court of Justice,23010119,Purchase Of Power Generating Set,70331,LAW COURTS,40442200,State Wide,13100122015500,Reform of Government and Governance - General
Procurement of Furniture & Equipment for Courts &Quarters,0.0,0.0,100000000.0,24430500.0,100000000.0,0.0,477,0.20588,0.22386,031805100100,High Court of Justice,23010112,Purchase Of Office Furniture And Fittings,70331,LAW COURTS,40442200,State Wide,13100122015600,Reform of Government and Governance - General
Hon. Judge’s Robe,0.0,0.0,16800000.0,0.0,25000000.0,0.0,477,0.21405,0.23203,031805100100,High Court of Justice,23010112,Purchase Of Office Furniture And Fittings,70331,LAW COURTS,40442200,State Wide,13100122015700,Reform of Government and Governance - General
Capacity Building and Allied Matters for Judges,0.0,0.0,590000000.0,31743050.0,500000000.0,0.0,477,0.22304,0.24101,031805100100,High Court of Justice,23050108,Capacity Building,70331,LAW COURTS,40442200,State Wide,13100122015800,Reform of Government and Governance - General
Construction of High Courts and Magistrate Court Buildings,0.0,0.0,2500000000.0,621177394.62,2000000000.0,0.0,477,0.23203,0.25,031805100100,High Court of Justice,23020101,Construction / Provision Of Office Buildings,70331,LAW COURTS,40442200,State Wide,13100122015900,Reform of Government and Governance - General
Rehabilitation/Repairs of Judges Quarters,0.0,0.0,16000000.0,2219800.0,25000000.0,0.0,477,0.24101,0.25899,031805100100,High Court of Justice,23030101,Rehabilitation / Repairs Of Residential Building,70331,LAW COURTS,40442200,State Wide,13100122016000,Reform of Government and Governance - General
Rehabilitaion/Repairs of Courts & offices,0.0,0.0,25300000.0,12239980.0,100000000.0,0.0,477,0.25,0.26797,031805100100,High Court of Justice,23030121,Rehabilitation / Repairs Of Office Buildings,70331,LAW COURTS,40442200,State Wide,13100122016100,Reform of Government and Governance - General
Spotrs Competition:Annual Chief Justice of Nigeria Sports competition.,0.0,0.0,20000000.0,540000.0,20000000.0,0.0,477,0.25817,0.27614,031805100100,High Court of Justice,23050104,Anniversaries/Celebrations,70331,LAW COURTS,40442200,State Wide,13100122016200,Reform of Government and Governance - General
Monitoring & Evaluation of Judiciary Activities,0.0,0.0,5000000.0,502000.0,10000000.0,0.0,477,0.26716,0.28513,031805100100,High Court of Justice,23050103,Monitoring And Evaluation,70331,LAW COURTS,40442200,State Wide,13100122016300,Reform of Government and Governance - General
Repairs of Judiciary Research Centres & computer Software Agency,0.0,0.0,10000000.0,3735500.0,15000000.0,0.0,477,0.27614,0.29412,031805100100,High Court of Justice,23030127,Rehabilitation/Repairs- Ict Infrastructures,70331,LAW COURTS,40442200,State Wide,13100122016400,Reform of Government and Governance - General
Purchase of Vehicles for 30 Hon. The Judges/60 Magistrates/20 Principal OﬃcersLocal Planning,0.0,0.0,2000000000.0,0.0,1500000000.0,0.0,477,0.28513,0.3031,031805100100,High Court of Justice,23010105,Purchase Of Motor Vehicles,70331,LAW COURTS,40442200,State Wide,13100122016500,Reform of Government and Governance - General
Purchase of Health/Medical Equipment(for SickBay),0.0,0.0,25000000.0,0.0,50000000.0,0.0,477,0.29412,0.31209,031805100100,High Court of Justice,23010122,Purchase Of Health / Medical Equipment,70331,LAW COURTS,40442200,State Wide,13100122016600,Reform of Government and Governance - General
"Anniversaries/Celebration: Prison Visits, Legal Year Activities",0.0,0.0,100000000.0,35566900.0,150000000.0,0.0,477,0.30229,0.32026,031805100100,High Court of Justice,23050104,Anniversaries/Celebrations,70331,LAW COURTS,40442200,State Wide,13100122016700,Reform of Government and Governance - General
Provision of Landscaping & Erosion Control in Court Premises,0.0,0.0,15000000.0,0.0,26210000.0,0.0,477,0.31127,0.32925,031805100100,High Court of Justice,23010139,Purchase Of Landscapping Eqipments,70331,LAW COURTS,40442200,State Wide,13100122016800,Reform of Government and Governance - General
Procurement of Office Furniture for Election Petition Tribunal/Appoi ntment of Hon Judges,0.0,0.0,50000000.0,0.0,72500000.0,0.0,477,0.32026,0.33824,031805100100,High Court of Justice,23010112,Purchase Of Office Furniture And Fittings,70331,LAW COURTS,40442200,State Wide,13100122016900,Reform of Government and Governance - General
Purchase of Security Light and Wires,0.0,0.0,14000000.0,0.0,33500000.0,0.0,477,0.32925,0.34722,031805100100,High Court of Justice,23010128,Purchase Of Security Equipment,70331,LAW COURTS,40442200,State Wide,13100122017000,Reform of Government and Governance - General
"Construction of Quarters for Hon. Judges, Magistrates and Others",0.0,0.0,2000000000.0,99877351.55,2888790000.0,0.0,477,0.33824,0.35621,031805100100,High Court of Justice,23020102,Construction / Provision Of Residential Buildings,70331,LAW COURTS,40442200,State Wide,13100122017100,Reform of Government and Governance - General
Multi-Door Court (ADR),0.0,0.0,0.0,0.0,50000000.0,0.0,477,0.34641,0.36438,031805100100,High Court of Justice,23050101,Research And Development,70331,LAW COURTS,40442200,State Wide,13100122017200,Reform of Government and Governance - General
Anti-Corruption Sustainability Program,0.0,0.0,0.0,0.0,2000000.0,0.0,477,0.35539,0.37337,031805100100,High Court of Justice,23050101,Research And Development,70331,LAW COURTS,40442200,State Wide,13100122017300,Reform of Government and Governance - General
"Compilation, transmission other for Appeals",0.0,45000000.0,0.0,0.0,0.0,0.0,477,0.39951,0.41748,032600100100,Ministry of Justice,23050101,Research And Development,70331,LAW COURTS,40442200,State Wide,13100123001100,Reform of Government and Governance - General
Purchase of Law Books/Library infrastructure,0.0,0.0,20000000.0,0.0,20000000.0,0.0,477,0.4085,0.42647,032600100100,Ministry of Justice,23010125,Purchase Of Library Books & Equipment,70331,LAW COURTS,40442200,State Wide,13100122035300,Reform of Government and Governance - General
Publication of Law Report of Anambra State,0.0,0.0,20000000.0,20000000.0,50000000.0,0.0,477,0.41748,0.43546,032600100100,Ministry of Justice,23050111,Publications/Publicity,70331,LAW COURTS,40442200,State Wide,13100122035400,Reform of Government and Governance - General
Publication and Printing of Revised Laws Anambra State,0.0,0.0,70000000.0,69434750.0,100000000.0,0.0,477,0.42647,0.44444,032600100100,Ministry of Justice,23050111,Publications/Publicity,70331,LAW COURTS,40442200,State Wide,13100122035500,Reform of Government and Governance - General
State Wide Legal Consultancy Services,0.0,0.0,2000000000.0,435275000.0,2000000000.0,0.0,477,0.43464,0.45261,032600100100,Ministry of Justice,23050101,Research And Development,70331,LAW COURTS,40442200,State Wide,13100122035900,Reform of Government and Governance - General
Citizens' Rights Directorate/Office of the Public Defender,0.0,0.0,5000000.0,0.0,5000000.0,0.0,477,0.44363,0.4616,032600100100,Ministry of Justice,23050101,Research And Development,70331,LAW COURTS,40442200,State Wide,13100122036000,Reform of Government and Governance - General
Procurment of Office Furniture for the Office of the Public Defender,0.0,0.0,5000000.0,0.0,5000000.0,0.0,477,0.45261,0.47059,032600100100,Ministry of Justice,23010112,Purchase Of Office Furniture And Fittings,70331,LAW COURTS,40442200,State Wide,13100122036100,Reform of Government and Governance - General
Purchase of Court Materials for revenue/prosecution,0.0,0.0,0.0,0.0,5000000.0,0.0,477,0.4616,0.47958,032600100100,Ministry of Justice,23010125,Purchase Of Library Books & Equipment,70331,LAW COURTS,40442200,State Wide,13100122036200,Reform of Government and Governance - General
Advisory Council on Prerogative of Mercy meetings,0.0,0.0,5000000.0,0.0,5000000.0,0.0,477,0.47059,0.48856,032600100100,Ministry of Justice,23050104,Anniversaries/Celebrations,70331,LAW COURTS,40442200,State Wide,13100122036300,Reform of Government and Governance - General
Celebration/Payment of Annual Practicing Law Officers,0.0,0.0,25000000.0,210000.0,25000000.0,0.0,477,0.47876,0.49673,032600100100,Ministry of Justice,23050104,Anniversaries/Celebrations,70331,LAW COURTS,40442200,State Wide,13100122036400,Reform of Government and Governance - General
Capacity Building and Allied Matters for Judges,0.0,0.0,100000000.0,5240000.0,60000000.0,0.0,477,0.48775,0.50572,032600100100,Ministry of Justice,23050108,Capacity Building,70331,LAW COURTS,40442200,State Wide,13100122036500,Reform of Government and Governance - General
Monitoring and Evaluation of Judicial Projects (PRS),0.0,0.0,2000000.0,0.0,5000000.0,0.0,477,0.49673,0.51471,032600100100,Ministry of Justice,23050103,Monitoring And Evaluation,70331,LAW COURTS,40442200,State Wide,13100122036600,Reform of Government and Governance - General
State Payment for Witnesses and Bailiffs Programme,0.0,0.0,30000000.0,0.0,30000000.0,0.0,477,0.50572,0.52369,032600100100,Ministry of Justice,23050108,Capacity Building,70331,LAW COURTS,40442200,State Wide,13100122036700,Reform of Government and Governance - General
Procurement of Office Furniture for Ministry of Justice,0.0,0.0,40000000.0,0.0,50000000.0,0.0,477,0.51471,0.53268,032600100100,Ministry of Justice,23010112,Purchase Of Office Furniture And Fittings,70331,LAW COURTS,40442200,State Wide,13100122036800,Reform of Government and Governance - General
Digitization of Anambra State Justice delivery Syatem (ASCMS) Infrastructure,0.0,0.0,300000000.0,214558647.0,350000000.0,0.0,477,0.52288,0.54085,032600100100,Ministry of Justice,23010141,Purchase of Computer Soft and Hardwares,70331,LAW COURTS,40442200,State Wide,13100122036900,Reform of Government and Governance - General
Establishment of DNA and Forensic facility,0.0,0.0,0.0,0.0,100000000.0,0.0,477,0.53186,0.54984,032600100100,Ministry of Justice,23050101,Research And Development,70331,LAW COURTS,40442200,State Wide,13100122037000,Reform of Government and Governance - General
Renovation of Anambra State 4 Correctional Centers & rehabilitation of inmates of the 4 correctional centers.,0.0,0.0,0.0,0.0,100000000.0,0.0,477,0.54085,0.55882,032600100100,Ministry of Justice,23050101,Research And Development,70331,LAW COURTS,40442200,State Wide,13100122037200,Reform of Government and Governance - General
Awareness/sensitization on Sexual Offences and Domestic Violence (SARCS),0.0,0.0,20000000.0,0.0,0.0,0.0,477,0.54984,0.56781,032600100100,Ministry of Justice,23050110,Value Orientation/Sensistization,70331,LAW COURTS,40442200,State Wide,13100122037300,Reform of Government and Governance - General
National Agency for prohibitation of trafficking in persons (NAPTIP) Anambra Chapter,0.0,0.0,5000000.0,0.0,5000000.0,0.0,477,0.55882,0.5768,032600100100,Ministry of Justice,23050110,Value Orientation/Sensistization,70331,LAW COURTS,40442200,State Wide,13100122037400,Reform of Government and Governance - General
Bureau of Missing Persons records (Management Information System),0.0,0.0,50000000.0,0.0,50000000.0,0.0,477,0.56699,0.58497,032600100100,Ministry of Justice,23050101,Research And Development,70331,LAW COURTS,40442200,State Wide,13100123000600,Reform of Government and Governance - General
Body of Benchers,0.0,0.0,3000000.0,0.0,3000000.0,0.0,477,0.57598,0.59395,032600100100,Ministry of Justice,23050101,Research And Development,70331,LAW COURTS,40442200,State Wide,13100123000700,Reform of Government and Governance - General
Annual Visit to 4 correctional prison for Jail Delivery,0.0,0.0,5000000.0,0.0,5000000.0,0.0,477,0.58497,0.60294,032600100100,Ministry of Justice,23050101,Research And Development,70331,LAW COURTS,40442200,State Wide,13100123000800,Reform of Government and Governance - General
Law Reform Committee meeting,0.0,0.0,15000000.0,0.0,5000000.0,0.0,477,0.59395,0.61193,032600100100,Ministry of Justice,23050101,Research And Development,70331,LAW COURTS,40442200,State Wide,13100123000900,Reform of Government and Governance - General
Plea Barganing,0.0,0.0,5000000.0,0.0,5000000.0,0.0,477,0.60294,0.62092,032600100100,Ministry of Justice,23050101,Research And Development,70331,LAW COURTS,40442200,State Wide,13100123001000,Reform of Government and Governance - General
"Compilation, transmission other for Appeals",0.0,0.0,50000000.0,0.0,70000000.0,0.0,477,0.61111,0.62908,032600100100,Ministry of Justice,23050101,Research And Development,70331,LAW COURTS,40442200,State Wide,13100123001100,Reform of Government and Governance - General
Rehabilitation of Zonal Offices and Allied Matters,0.0,0.0,50000000.0,0.0,0.0,0.0,477,0.6201,0.63807,032600100100,Ministry of Justice,23030121,Rehabilitation / Repairs Of Office Buildings,70331,LAW COURTS,40442200,State Wide,13100123001200,Reform of Government and Governance - General
Monitoring Committee for execution of Criminal Cases,0.0,0.0,300000000.0,2730000.0,200000000.0,0.0,477,0.62908,0.64706,032600100100,Ministry of Justice,23050101,Research And Development,70331,LAW COURTS,40442200,State Wide,13100123001300,Reform of Government and Governance - General
Sexual Offences and Domestic Violence,0.0,0.0,0.0,0.0,50000000.0,0.0,477,0.63807,0.65605,032600100100,Ministry of Justice,23050101,Research And Development,70331,LAW COURTS,40442200,State Wide,13100123001400,Reform of Government and Governance - General
"Compilation, transmission other for Appeals",0.0,45000000.0,0.0,0.0,0.0,0.0,477,0.64706,0.66503,032600100100,Ministry of Justice,23050101,Research And Development,70331,LAW COURTS,40442200,State Wide,13100123001500,Reform of Government and Governance - General
Ministry of Justice Anti-Corruption Sustainability Program,0.0,0.0,0.0,0.0,5000000.0,0.0,477,0.65523,0.6732,032600100100,Ministry of Justice,23050101,Research And Development,70331,LAW COURTS,40442200,State Wide,13100123001800,Reform of Government and Governance - General
"Rehabilitation of Office equipment, logistics",0.0,0.0,10000000.0,0.0,0.0,0.0,477,0.69935,0.71732,051300100100,Ministry of Youths,23030121,Rehabilitation / Repairs Of Office Buildings,71051,UNEMPLOYMENT,40442200,State Wide,08100122000500,Youth - General
Youth Innovation and empowerment Programme ( One Youth Two Skills),477189000.0,2500000000.0,3000000000.0,243112000.0,3500000000.0,0.0,477,0.70833,0.72631,051300100100,Ministry of Youths,23020112,Construction / Provision Of Sporting Facilities,71051,UNEMPLOYMENT,40442200,State Wide,08100122000600,Youth - General
"Procurement of Office Furniture (10 No Executive chairs and table, 10 Nos office chairs",0.0,71051.0,10000000.0,0.0,10000000.0,0.0,477,0.71732,0.73529,051300100100,Ministry of Youths,23010112,Purchase Of Office Furniture And Fittings,71051,UNEMPLOYMENT,40442200,State Wide,08100122000800,Youth - General
Sensitization/Awareness Anambra State Young Pioneers Club,15000000.0,18000000.0,10000000.0,0.0,10000000.0,0.0,477,0.72631,0.74428,051300100100,Ministry of Youths,23050110,Value Orientation/Sensistization,71051,UNEMPLOYMENT,40442200,State Wide,08100122000900,Youth - General
National Youth Week Celebration,20000000.0,20000000.0,10000000.0,0.0,10000000.0,0.0,477,0.73529,0.75327,051300100100,Ministry of Youths,23050104,Anniversaries/Celebrations,71051,UNEMPLOYMENT,40442200,State Wide,08100122001000,Youth - General
State Youth Council Programme/support,6000000.0,10000000.0,50000000.0,0.0,50000000.0,0.0,477,0.74346,0.76144,051300100100,Ministry of Youths,23010126,Purchase Of Sporting / Gaming Equipment,71051,UNEMPLOYMENT,40442200,State Wide,08100122001100,Youth - General
Registered Voluntary & Youth-based Organizations,17000000.0,20000000.0,30000000.0,0.0,30000000.0,0.0,477,0.75245,0.77042,051300100100,Ministry of Youths,23050110,Value Orientation/Sensistization,71051,UNEMPLOYMENT,40442200,State Wide,08100122001200,Youth - General
Sensistization of Youths with HIV/AIDS on Sports Activities,0.0,10000000.0,10000000.0,0.0,10000000.0,0.0,477,0.76144,0.77941,051300100100,Ministry of Youths,23050108,Capacity Building,71051,UNEMPLOYMENT,40442200,State Wide,08100122001300,Youth - General
Job creation Talent Discovery Projects,0.0,40000000.0,50000000.0,0.0,60000000.0,0.0,477,0.77042,0.7884,051300100100,Ministry of Youths,23050108,Capacity Building,71051,UNEMPLOYMENT,40442200,State Wide,08100122001400,Youth - General
Annual State Youth Summit Rally,0.0,5000000.0,5000000.0,532000.0,5000000.0,0.0,477,0.77941,0.79739,051300100100,Ministry of Youths,23050110,Value Orientation/Sensistization,71051,UNEMPLOYMENT,40442200,State Wide,08100122001500,Youth - General
construction of Office Block for Ministry of Youths and Sports,580000.0,10000000.0,50000000.0,0.0,0.0,0.0,477,0.78758,0.80556,051300100100,Ministry of Youths,23020101,Construction / Provision Of Office Buildings,71051,UNEMPLOYMENT,40442200,State Wide,08100122001600,Youth - General
Construction of National Youth Service Corp (NYSC) Permanent Orientation Camp,10000000.0,100000000.0,50000000.0,0.0,50000000.0,0.0,477,0.79657,0.81454,051300100100,Ministry of Youths,23020101,Construction / Provision Of Office Buildings,71051,UNEMPLOYMENT,40442200,State Wide,08100122001700,Youth - General
Volunteer Service Agency (VSA)/Vocational Skills training,0.0,50000000.0,50000000.0,0.0,50000000.0,0.0,477,0.80556,0.82353,051300100100,Ministry of Youths,23050103,Monitoring And Evaluation,71051,UNEMPLOYMENT,40442200,State Wide,08100122001800,Youth - General
"Office equipment, logistics & repairs",0.0,6000000.0,5000000.0,0.0,10000000.0,0.0,477,0.81454,0.83252,051300100100,Ministry of Youths,23030121,Rehabilitation / Repairs Of Office Buildings,71051,UNEMPLOYMENT,40442200,State Wide,08100122001800,Youth - General
"Staff development, training and trades",0.0,5000000.0,4000000.0,0.0,5000000.0,0.0,477,0.82353,0.8415,051300100100,Ministry of Youths,23050101,Research And Development,71051,UNEMPLOYMENT,40442200,State Wide,08100122001900,Youth - General
Project Implementation and Monitoring Activities of the ministry by PRS,0.0,8000000.0,10000000.0,0.0,5000000.0,0.0,477,0.8317,0.84967,051300100100,Ministry of Youths,23050101,Research And Development,71051,UNEMPLOYMENT,40442200,State Wide,08100122002000,Youth - General
National Youth Festival,0.0,10000000.0,0.0,0.0,10000000.0,0.0,477,0.84069,0.85866,051300100100,Ministry of Youths,23050104,Anniversaries/Celebrations,71051,UNEMPLOYMENT,40442200,State Wide,08100122002100,Youth - General
Construction of Creative Centres (Innovation Hub) in 3 Zone of the State.,0.0,0.0,50000000.0,0.0,0.0,0.0,477,0.84967,0.86765,051300100100,Ministry of Youths,23020118,Construction / Provision Of Infrastructure,71051,UNEMPLOYMENT,40442200,State Wide,08100122002400,Youth - General
Annual Anambra State Work for Life,0.0,50000000.0,0.0,0.0,0.0,0.0,477,0.85866,0.87663,051300100100,Ministry of Youths,23050101,Research And Development,71051,UNEMPLOYMENT,40442200,State Wide,08100122002500,Youth - General
Anti-Curruption sustainabilty program,0.0,0.0,0.0,0.0,2000000.0,0.0,477,0.86765,0.88562,051300100100,Ministry of Youths,23050101,Research And Development,71051,UNEMPLOYMENT,40442200,State Wide,08100122002700,Youth - General
Nutrition Program (NUT),0.0,0.0,0.0,0.0,2000000.0,2000000.0,477,0.87582,0.89379,051300100100,Ministry of Youths,23050103,Monitoring And Evaluation,71051,UNEMPLOYMENT,40442200,State Wide,08100122002700,Youth - General
Project Implementation and Monitoring Activities (PRS) Sports Development Commission,0.0,2000000.0,2000000.0,0.0,2000000.0,0.0,478,0.09967,0.11765,051300200100,Sport Development Commission,23050103,Monitoring And Evaluation,70811,RECREATIONAL AND SPORTING SERVICES,40442200,State Wide,08100122002800,Youth - General
"Construction of Anambra State Sports Stadium, Awka",0.0,100000000.0,100000000.0,19475000.0,50000000.0,0.0,478,0.10866,0.12663,051300200100,Sport Development Commission,23020112,Construction / Provision Of Sporting Facilities,70811,RECREATIONAL AND SPORTING SERVICES,40442200,State Wide,08100122002900,Youth - General
"Construction of Zonal Sports Stadium - Otuocha, Nnewi, Idemmili",0.0,500000000.0,500000000.0,0.0,30000000.0,0.0,478,0.11765,0.13562,051300200100,Sport Development Commission,23020112,Construction / Provision Of Sporting Facilities,70811,RECREATIONAL AND SPORTING SERVICES,40442200,State Wide,08100122003000,Youth - General
"State Sports Development, in Schools , special sports bodies and organization",21093000.0,26250000.0,15000000.0,0.0,0.0,0.0,478,0.12582,0.14379,051300200100,Sport Development Commission,23050108,Capacity Building,70811,RECREATIONAL AND SPORTING SERVICES,40442200,State Wide,08100122003100,Youth - General
"Sports Competition - LGA, School, Town Union",0.0,44100000.0,50000000.0,0.0,50000000.0,0.0,478,0.1348,0.15278,051300200100,Sport Development Commission,23050104,Anniversaries/Celebrations,70811,RECREATIONAL AND SPORTING SERVICES,40442200,State Wide,08100122003200,Youth - General
Purchase of Office Furniture Executive Chairs and Table and office chairs,0.0,5000000.0,5000000.0,0.0,5000000.0,0.0,478,0.14379,0.16176,051300200100,Sport Development Commission,23010112,Purchase Of Office Furniture And Fittings,70811,RECREATIONAL AND SPORTING SERVICES,40442200,State Wide,08100122003300,Youth - General
Development of Community Playground Across the State,24400000.0,90000000.0,90000000.0,10050000.0,50000000.0,0.0,478,0.15278,0.17075,051300200100,Sport Development Commission,23020119,Construction / Provision Of Recreational Facilities,70811,RECREATIONAL AND SPORTING SERVICES,40442200,State Wide,08100122003400,Youth - General
Capacity Building for Sports Activities,0.0,22050000.0,10000000.0,0.0,10000000.0,0.0,478,0.16176,0.17974,051300200100,Sport Development Commission,23050108,Capacity Building,70811,RECREATIONAL AND SPORTING SERVICES,40442200,State Wide,08100122003500,Youth - General
State Football Club- a) Formation of Football Clubs b) Grant,162848000.0,165375000.0,100000000.0,94860000.0,100000000.0,0.0,478,0.16993,0.18791,051300200100,Sport Development Commission,23020112,Construction / Provision Of Sporting Facilities,70811,RECREATIONAL AND SPORTING SERVICES,40442200,State Wide,08100122003600,Youth - General
School Sports Project,65983000.0,66150000.0,50000000.0,49756000.0,100000000.0,0.0,478,0.17892,0.1969,051300200100,Sport Development Commission,23020112,Construction / Provision Of Sporting Facilities,70811,RECREATIONAL AND SPORTING SERVICES,40442200,State Wide,08100122003700,Youth - General
Procurement of Sports Equipments,7770000.0,33075000.0,60000000.0,24250000.0,60000000.0,0.0,478,0.18791,0.20588,051300200100,Sport Development Commission,23010126,Purchase Of Sporting / Gaming Equipment,70811,RECREATIONAL AND SPORTING SERVICES,40442200,State Wide,08100122003800,Youth - General
National Sports Festival,56436200.0,78750000.0,50000000.0,37213000.0,100000000.0,0.0,478,0.1969,0.21487,051300200100,Sport Development Commission,23050104,Anniversaries/Celebrations,70811,RECREATIONAL AND SPORTING SERVICES,40442200,State Wide,08100122003900,Youth - General
Community Sports Festivals/support Across the State,0.0,16537500.0,10000000.0,0.0,10000000.0,0.0,478,0.20588,0.22386,051300200100,Sport Development Commission,23050104,Anniversaries/Celebrations,70811,RECREATIONAL AND SPORTING SERVICES,40442200,State Wide,08100122004000,Youth - General
Annual Anambra State Work for Life,4000000.0,45000000.0,10000000.0,0.0,0.0,0.0,478,0.21405,0.23203,051300200100,Sport Development Commission,23050104,Anniversaries/Celebrations,70811,RECREATIONAL AND SPORTING SERVICES,40442200,State Wide,08100122004100,Youth - General
Interna(cid:415)onal Na(cid:415)onal OrganizedCompe(cid:415)(cid:415)on,500000.0,35000000.0,20000000.0,14611000.0,20000000.0,0.0,478,0.22222,0.2402,051300200100,Sport Development Commission,23050104,Anniversaries/Celebrations,70811,RECREATIONAL AND SPORTING SERVICES,40442200,State Wide,08100122004200,Youth - General
Anambra State Annual Zonal Youth Games,41713000.0,45000000.0,50000000.0,49130000.0,50000000.0,0.0,478,0.23203,0.25,051300200100,Sport Development Commission,23050104,Anniversaries/Celebrations,70811,RECREATIONAL AND SPORTING SERVICES,40442200,State Wide,08100122004300,Youth - General
Purchase of Motor Vehicles,0.0,35000000.0,0.0,0.0,0.0,0.0,478,0.24101,0.25899,051300200100,Sport Development Commission,23010105,Purchase Of Motor Vehicles,70811,RECREATIONAL AND SPORTING SERVICES,40442200,State Wide,08100122004400,Youth - General
National Para Games,0.0,0.0,30000000.0,0.0,30000000.0,0.0,478,0.25,0.26797,051300200100,Sport Development Commission,23050108,Capacity Building,70811,RECREATIONAL AND SPORTING SERVICES,40442200,State Wide,08100122004500,Youth - General
Procurement of Anambra Digital TRIBE Gadgets/incentives,716081151.37,750000000.0,300000000.0,14695695.0,300000000.0,0.0,478,0.29412,0.31209,051300400100,Solution Innovation District,23010143,Purchase of Media Equipments,71051,UNEMPLOYMENT,40442200,State Wide,08100122000100,Youth - General
Furnishing and Equipping the New SID Building,0.0,0.0,300000000.0,0.0,1000000000.0,0.0,478,0.30229,0.32026,051300400100,Solution Innovation District,23010112,Purchase Of Office Furniture And Fittings,71051,UNEMPLOYMENT,40442200,State Wide,08100122000600,Youth - General
Start-up Battle for Solution,0.0,200000000.0,150000000.0,0.0,100000000.0,0.0,478,0.31127,0.32925,051300400100,Solution Innovation District,23010113,Purchase Of Computers,71051,UNEMPLOYMENT,40442200,State Wide,08100122000600,Youth - General
Tertiary InstitutionHubs/Research Commercialization,0.0,200000000.0,0.0,28315275.0,0.0,0.0,478,0.32026,0.33824,051300400100,Solution Innovation District,23050101,Research And Development,71051,UNEMPLOYMENT,40442200,State Wide,08100122000600,Youth - General
Anambra Innovation Week and Competition,0.0,0.0,490000000.0,0.0,450000000.0,0.0,478,0.32925,0.34722,051300400100,Solution Innovation District,23050101,Research And Development,71051,UNEMPLOYMENT,40442200,State Wide,08100122000600,Youth - General
"Business Ideas - hackathon programs, meetups, deal days , competitions, incubation program",184236000.0,0.0,1000000000.0,0.0,300000000.0,0.0,478,0.33824,0.35621,051300400100,Solution Innovation District,23010113,Purchase Of Computers,71051,UNEMPLOYMENT,40442200,State Wide,08100122000200,Youth - General
SID Innovation Reasearch and Ecosystem Support,200000000.0,100000000.0,0.0,0.0,300000000.0,0.0,478,0.34641,0.36438,051300400100,Solution Innovation District,23050101,Research And Development,71051,UNEMPLOYMENT,40442200,State Wide,08100122000300,Youth - General
Sustainability of SID Operations,92073627.3,0.0,0.0,0.0,60000000.0,0.0,478,0.35539,0.37337,051300400100,Solution Innovation District,23050101,Research And Development,71051,UNEMPLOYMENT,40442200,State Wide,08100122000400,Youth - General
Anambra State Vocational Rehabilitation Centre Awka,0.0,30000000.0,33000000.0,0.0,33000000.0,0.0,478,0.39951,0.41748,051400100100,"Ministry of Social Welfare, Children & Women Affairs",23020118,Construction / Provision Of Infrastructure,71041,FAMILY AND CHILDREN,40442200,State Wide,07100122000100,Gender - General
"Rehabilitationof Anambra State Social Welfare Centre,Nteje",22194000.0,30000000.0,30000000.0,2500000.0,50000000.0,0.0,478,0.4085,0.42647,051400100100,"Ministry of Social Welfare, Children & Women Affairs",23030121,Rehabilitation / Repairs Of Office Buildings,71041,FAMILY AND CHILDREN,40442200,State Wide,07100122000200,Gender - General
International Women’s Day,0.0,10000000.0,10000000.0,0.0,10000000.0,0.0,478,0.41748,0.43546,051400100100,"Ministry of Social Welfare, Children & Women Affairs",23050104,Anniversaries/Celebrations,71041,FAMILY AND CHILDREN,40442200,State Wide,07100122000300,Gender - General
International Day of the Family,0.0,4000000.0,4000000.0,0.0,3000000.0,0.0,478,0.42647,0.44444,051400100100,"Ministry of Social Welfare, Children & Women Affairs",23050104,Anniversaries/Celebrations,71041,FAMILY AND CHILDREN,40442200,State Wide,07100122000400,Gender - General
International Rural Women’s Day Celebration,0.0,6000000.0,2000000.0,0.0,2000000.0,0.0,478,0.43464,0.45261,051400100100,"Ministry of Social Welfare, Children & Women Affairs",23050104,Anniversaries/Celebrations,71041,FAMILY AND CHILDREN,40442200,State Wide,07100122000600,Gender - General
Assistance to Women Copera(cid:415)ves SocietyW. C. S/T.U women groups,0.0,6000000.0,5000000.0,0.0,5000000.0,0.0,478,0.44281,0.46078,051400100100,"Ministry of Social Welfare, Children & Women Affairs",23050108,Capacity Building,71041,FAMILY AND CHILDREN,40442200,State Wide,07100122000700,Gender - General
Anambra State Mother’s Summit,0.0,40000000.0,40000000.0,0.0,40000000.0,0.0,478,0.45261,0.47059,051400100100,"Ministry of Social Welfare, Children & Women Affairs",23050104,Anniversaries/Celebrations,71041,FAMILY AND CHILDREN,40442200,State Wide,07100122000800,Gender - General
Purchase of equipment for Women Cooperative Societies (WCS),0.0,35000000.0,20000000.0,0.0,20000000.0,0.0,478,0.4616,0.47958,051400100100,"Ministry of Social Welfare, Children & Women Affairs",23010129,Purchase Of Industrial Equipment,71041,FAMILY AND CHILDREN,40442200,State Wide,07100122000900,Gender - General
"Rehabilitation of Women Affairs Skill Acquisition Centre, Agu- Awka",0.0,30000000.0,20000000.0,0.0,20000000.0,0.0,478,0.47059,0.48856,051400100100,"Ministry of Social Welfare, Children & Women Affairs",23020119,Construction / Provision Of Recreational Facilities,71041,FAMILY AND CHILDREN,40442200,State Wide,07100122001100,Gender - General
"Rehabilitation of Women Development Skill Acquist. Centre Anaku,Inoma",0.0,15000000.0,10000000.0,0.0,10000000.0,0.0,478,0.47876,0.49673,051400100100,"Ministry of Social Welfare, Children & Women Affairs",23020119,Construction / Provision Of Recreational Facilities,71041,FAMILY AND CHILDREN,40442200,State Wide,07100122001200,Gender - General
Construction of Prof. Dora Akunyili Women Development Centre project at Agu- Awka,0.0,5000000.0,5000000.0,0.0,5000000.0,0.0,478,0.48775,0.50572,051400100100,"Ministry of Social Welfare, Children & Women Affairs",23020119,Construction / Provision Of Recreational Facilities,71041,FAMILY AND CHILDREN,40442200,State Wide,07100122001300,Gender - General
Project Implementation and Monitoring Activities (PRS),0.0,5000000.0,2000000.0,0.0,5000000.0,0.0,478,0.49673,0.51471,051400100100,"Ministry of Social Welfare, Children & Women Affairs",23050103,Monitoring And Evaluation,71041,FAMILY AND CHILDREN,40442200,State Wide,07100122001400,Gender - General
Purchase of Office furnishing,0.0,5000000.0,5000000.0,0.0,5000000.0,0.0,478,0.50572,0.52369,051400100100,"Ministry of Social Welfare, Children & Women Affairs",23010112,Purchase Of Office Furniture And Fittings,71041,FAMILY AND CHILDREN,40442200,State Wide,07100122001500,Gender - General
Poverty eradication programme and loan grant to women co-operative,0.0,5000000.0,5000000.0,0.0,5000000.0,0.0,478,0.51471,0.53268,051400100100,"Ministry of Social Welfare, Children & Women Affairs",23050108,Capacity Building,71041,FAMILY AND CHILDREN,40442200,State Wide,07100122001600,Gender - General
Estabilishment of Women Development Centre Library,0.0,5000000.0,5000000.0,0.0,5000000.0,0.0,478,0.52288,0.54085,051400100100,"Ministry of Social Welfare, Children & Women Affairs",23020111,Construction / Provision Of Libraries,71041,FAMILY AND CHILDREN,40442200,State Wide,07100122001800,Gender - General
Establishment of school for delinquent children,0.0,5000000.0,5500000.0,0.0,5000000.0,0.0,478,0.53186,0.54984,051400100100,"Ministry of Social Welfare, Children & Women Affairs",23020107,Construction / Provision Of Public Schools,71041,FAMILY AND CHILDREN,40442200,State Wide,07100122001900,Gender - General
International Day of the Elderly,0.0,6000000.0,6000000.0,0.0,3000000.0,0.0,478,0.54085,0.55882,051400100100,"Ministry of Social Welfare, Children & Women Affairs",23050104,Anniversaries/Celebrations,71041,FAMILY AND CHILDREN,40442200,State Wide,07100122002100,Gender - General
Capacity building for disabled,0.0,6000000.0,6000000.0,0.0,0.0,0.0,478,0.54984,0.56781,051400100100,"Ministry of Social Welfare, Children & Women Affairs",23050108,Capacity Building,71041,FAMILY AND CHILDREN,40442200,State Wide,07100122002200,Gender - General
International Day of the Disabled,0.0,7000000.0,50000000.0,0.0,0.0,0.0,478,0.55882,0.5768,051400100100,"Ministry of Social Welfare, Children & Women Affairs",23050104,Anniversaries/Celebrations,71041,FAMILY AND CHILDREN,40442200,State Wide,07100122002300,Gender - General
Empowerment of the physically challenged,0.0,30000000.0,1000000.0,0.0,0.0,0.0,478,0.56699,0.58497,051400100100,"Ministry of Social Welfare, Children & Women Affairs",23050108,Capacity Building,71041,FAMILY AND CHILDREN,40442200,State Wide,07100122002400,Gender - General
Construction of Leprosy Centre Okija,0.0,30000000.0,10000000.0,0.0,0.0,0.0,478,0.57598,0.59395,051400100100,"Ministry of Social Welfare, Children & Women Affairs",23020104,Construction / Provision Of Housing,71041,FAMILY AND CHILDREN,40442200,State Wide,07100122002600,Gender - General
Control of street begging in urban cities,0.0,10000000.0,20000000.0,0.0,12000000.0,0.0,478,0.58497,0.60294,051400100100,"Ministry of Social Welfare, Children & Women Affairs",23050110,Value Orientation/Sensistization,71041,FAMILY AND CHILDREN,40442200,State Wide,07100122002700,Gender - General
Anti-child abuse & neglect programme,0.0,36000000.0,20000000.0,0.0,20000000.0,0.0,478,0.59395,0.61193,051400100100,"Ministry of Social Welfare, Children & Women Affairs",23050110,Value Orientation/Sensistization,71041,FAMILY AND CHILDREN,40442200,State Wide,07100122002800,Gender - General
Provision of Shelter for children in conflict with the law,0.0,20000000.0,40000000.0,0.0,40000000.0,0.0,478,0.60294,0.62092,051400100100,"Ministry of Social Welfare, Children & Women Affairs",23020102,Construction / Provision Of Residential Buildings,71041,FAMILY AND CHILDREN,40442200,State Wide,07100122002900,Gender - General
Rehabilitation of Model motherless babies home and day care centre/bounty,0.0,30000000.0,8000000.0,2525000.0,45000000.0,0.0,478,0.61111,0.62908,051400100100,"Ministry of Social Welfare, Children & Women Affairs",23030101,Rehabilitation / Repairs Of Residential Building,71041,FAMILY AND CHILDREN,40442200,State Wide,07100122003000,Gender - General
"Grants to Welfare Organiza(cid:415)ons, Founda(cid:415)ons and Non Governmental",0.0,5000000.0,5000000.0,0.0,5000000.0,0.0,478,0.6201,0.63807,051400100100,"Ministry of Social Welfare, Children & Women Affairs",23050110,Value Orientation/Sensistization,71041,FAMILY AND CHILDREN,40442200,State Wide,07100122003400,Gender - General
HIV/AIDS intervention project,0.0,3000000.0,3000000.0,0.0,3000000.0,0.0,478,0.62908,0.64706,051400100100,"Ministry of Social Welfare, Children & Women Affairs",23050101,Research And Development,71041,FAMILY AND CHILDREN,40442200,State Wide,07100122003500,Gender - General
Orphans and Vulnerable children’s (OVC) week,0.0,25000000.0,20000000.0,0.0,20000000.0,0.0,478,0.63807,0.65605,051400100100,"Ministry of Social Welfare, Children & Women Affairs",23050104,Anniversaries/Celebrations,71041,FAMILY AND CHILDREN,40442200,State Wide,07100122003600,Gender - General
Children’s Day celebration (27th May),0.0,25000000.0,25000000.0,22085500.0,25000000.0,0.0,478,0.64706,0.66503,051400100100,"Ministry of Social Welfare, Children & Women Affairs",23050104,Anniversaries/Celebrations,71041,FAMILY AND CHILDREN,40442200,State Wide,07100122003700,Gender - General
Children’s Christmas Party,0.0,20000000.0,20000000.0,0.0,20000000.0,0.0,478,0.65523,0.6732,051400100100,"Ministry of Social Welfare, Children & Women Affairs",23050104,Anniversaries/Celebrations,71041,FAMILY AND CHILDREN,40442200,State Wide,07100122003800,Gender - General
Day of the African Child (16th June),0.0,4000000.0,4000000.0,0.0,4000000.0,0.0,478,0.66422,0.68219,051400100100,"Ministry of Social Welfare, Children & Women Affairs",23050104,Anniversaries/Celebrations,71041,FAMILY AND CHILDREN,40442200,State Wide,07100122003900,Gender - General
Children’s Parliament,0.0,5000000.0,5000000.0,0.0,5000000.0,0.0,478,0.6732,0.69118,051400100100,"Ministry of Social Welfare, Children & Women Affairs",23050104,Anniversaries/Celebrations,71041,FAMILY AND CHILDREN,40442200,State Wide,07100122004000,Gender - General
First Baby of the Year,0.0,4000000.0,4000000.0,0.0,0.0,0.0,478,0.68219,0.70016,051400100100,"Ministry of Social Welfare, Children & Women Affairs",23050104,Anniversaries/Celebrations,71041,FAMILY AND CHILDREN,40442200,State Wide,07100122004100,Gender - General
Training of proprietors of the day care centres,0.0,2000000.0,3000000.0,0.0,3000000.0,0.0,478,0.69118,0.70915,051400100100,"Ministry of Social Welfare, Children & Women Affairs",23050108,Capacity Building,71041,FAMILY AND CHILDREN,40442200,State Wide,07100122004200,Gender - General
NAPTIP programmes and activities,0.0,7000000.0,8000000.0,0.0,8000000.0,0.0,478,0.69935,0.71732,051400100100,"Ministry of Social Welfare, Children & Women Affairs",23050110,Value Orientation/Sensistization,71041,FAMILY AND CHILDREN,40442200,State Wide,07100122004300,Gender - General
National Council on Women Affairs,0.0,8000000.0,4000000.0,0.0,4000000.0,0.0,478,0.70833,0.72631,051400100100,"Ministry of Social Welfare, Children & Women Affairs",23050110,Value Orientation/Sensistization,71041,FAMILY AND CHILDREN,40442200,State Wide,07100122004400,Gender - General
Child's Right Implementation Committee and Activities,0.0,4000000.0,4000000.0,0.0,4000000.0,0.0,478,0.71732,0.73529,051400100100,"Ministry of Social Welfare, Children & Women Affairs",23050103,Monitoring And Evaluation,71041,FAMILY AND CHILDREN,40442200,State Wide,07100122004500,Gender - General
Survey on Women and Children in the State,0.0,5000000.0,5000000.0,0.0,5000000.0,0.0,478,0.72631,0.74428,051400100100,"Ministry of Social Welfare, Children & Women Affairs",23050101,Research And Development,71041,FAMILY AND CHILDREN,40442200,State Wide,07100122004600,Gender - General
CEDAW convention on the elimination of all forms of discrimination,0.0,0.0,5000000.0,0.0,5000000.0,0.0,478,0.73529,0.75327,051400100100,"Ministry of Social Welfare, Children & Women Affairs",23050110,Value Orientation/Sensistization,71041,FAMILY AND CHILDREN,40442200,State Wide,07100122004700,Gender - General
"Retrieval, re-integration& care for trafficked children/Women",0.0,0.0,5000000.0,0.0,5000000.0,0.0,478,0.74346,0.76144,051400100100,"Ministry of Social Welfare, Children & Women Affairs",23050103,Monitoring And Evaluation,71041,FAMILY AND CHILDREN,40442200,State Wide,07100122004800,Gender - General
Monitoring and Supervision of Charity Homes (subvention),0.0,14000000.0,15000000.0,0.0,15000000.0,0.0,478,0.75245,0.77042,051400100100,"Ministry of Social Welfare, Children & Women Affairs",23050103,Monitoring And Evaluation,71041,FAMILY AND CHILDREN,40442200,State Wide,07100122004900,Gender - General
Procrement of Special Sports Equipment for the Disabled,0.0,5000000.0,5500000.0,0.0,0.0,0.0,478,0.76144,0.77941,051400100100,"Ministry of Social Welfare, Children & Women Affairs",23010126,Purchase Of Sporting / Gaming Equipment,71041,FAMILY AND CHILDREN,40442200,State Wide,07100122005000,Gender - General
Poverty Eradication programme and loan/ grants to the elderly,0.0,5000000.0,5000000.0,0.0,5000000.0,0.0,478,0.77042,0.7884,051400100100,"Ministry of Social Welfare, Children & Women Affairs",23050108,Capacity Building,71041,FAMILY AND CHILDREN,40442200,State Wide,07100122005200,Gender - General
School Social Work,0.0,5000000.0,5500000.0,0.0,3000000.0,0.0,478,0.77941,0.79739,051400100100,"Ministry of Social Welfare, Children & Women Affairs",23050101,Research And Development,71041,FAMILY AND CHILDREN,40442200,State Wide,07100122005300,Gender - General
Survey on Persons with Disability,0.0,5000000.0,5500000.0,0.0,0.0,0.0,478,0.78758,0.80556,051400100100,"Ministry of Social Welfare, Children & Women Affairs",23050101,Research And Development,71041,FAMILY AND CHILDREN,40442200,State Wide,07100122005400,Gender - General
Community-based Rehabilitation (CBR) & Empowerment of Disabled Persons,0.0,5000000.0,5000000.0,0.0,0.0,0.0,478,0.79657,0.81454,051400100100,"Ministry of Social Welfare, Children & Women Affairs",23050110,Value Orientation/Sensistization,71041,FAMILY AND CHILDREN,40442200,State Wide,07100122005500,Gender - General
Holiday Camp,0.0,4000000.0,4000000.0,0.0,4000000.0,0.0,478,0.80556,0.82353,051400100100,"Ministry of Social Welfare, Children & Women Affairs",23050104,Anniversaries/Celebrations,71041,FAMILY AND CHILDREN,40442200,State Wide,07100122006000,Gender - General
Child Protection Network,0.0,3000000.0,3000000.0,0.0,3000000.0,0.0,478,0.81454,0.83252,051400100100,"Ministry of Social Welfare, Children & Women Affairs",23050101,Research And Development,71041,FAMILY AND CHILDREN,40442200,State Wide,07100122006200,Gender - General
Subven(cid:415)on to Non Governmental Organisa(cid:415)ons (NGOs) for Physically,0.0,3000000.0,700000.0,0.0,0.0,0.0,478,0.82353,0.8415,051400100100,"Ministry of Social Welfare, Children & Women Affairs",23050108,Capacity Building,71041,FAMILY AND CHILDREN,40442200,State Wide,07100122006300,Gender - General
Special Activities for Women and Children with disabilities,0.0,4000000.0,4400000.0,0.0,0.0,0.0,478,0.8317,0.84967,051400100100,"Ministry of Social Welfare, Children & Women Affairs",23050104,Anniversaries/Celebrations,71041,FAMILY AND CHILDREN,40442200,State Wide,07100122006400,Gender - General
Anambra State Council of Nigerian Legion,0.0,7000000.0,7000000.0,0.0,7000000.0,0.0,478,0.84069,0.85866,051400100100,"Ministry of Social Welfare, Children & Women Affairs",23050110,Value Orientation/Sensistization,71041,FAMILY AND CHILDREN,40442200,State Wide,07100122006500,Gender - General
"Data gathering Equipment to Cooperative Groups, Accquisation Centres",0.0,5000000.0,5000000.0,0.0,0.0,0.0,478,0.84967,0.86765,051400100100,"Ministry of Social Welfare, Children & Women Affairs",23050103,Monitoring And Evaluation,71041,FAMILY AND CHILDREN,40442200,State Wide,07100122006600,Gender - General
Emergency Service For The Needy,0.0,7000000.0,7000000.0,0.0,7000000.0,0.0,478,0.85866,0.87663,051400100100,"Ministry of Social Welfare, Children & Women Affairs",23050110,Value Orientation/Sensistization,71041,FAMILY AND CHILDREN,40442200,State Wide,07100122007100,Gender - General
Micro-credit Loan For Women Co- operative,0.0,5000000.0,5500000.0,0.0,5000000.0,0.0,478,0.86765,0.88562,051400100100,"Ministry of Social Welfare, Children & Women Affairs",23050108,Capacity Building,71041,FAMILY AND CHILDREN,40442200,State Wide,07100122007200,Gender - General
Anambra State Busary Allowance For The Elderly,0.0,5000000.0,5000000.0,0.0,5000000.0,0.0,478,0.87582,0.89379,051400100100,"Ministry of Social Welfare, Children & Women Affairs",23050108,Capacity Building,71041,FAMILY AND CHILDREN,40442200,State Wide,07100122007300,Gender - General
Rehabilitation/Repairs of Proffessor.Dora akunyili women Development,0.0,5000000.0,5000000.0,0.0,5000000.0,0.0,478,0.8848,0.90278,051400100100,"Ministry of Social Welfare, Children & Women Affairs",23030118,Rehabilitation / Repairs - Recreational Facilities,71041,FAMILY AND CHILDREN,40442200,State Wide,07100122007400,Gender - General
Project Implementation and Monitoring Activities (PRS),0.0,17000000.0,2000000.0,0.0,0.0,0.0,478,0.89379,0.91176,051400100100,"Ministry of Social Welfare, Children & Women Affairs",23050103,Monitoring And Evaluation,71041,FAMILY AND CHILDREN,40442200,State Wide,07100122007500,Gender - General
Capacity Building for Ministry's Staff,0.0,20000000.0,20000000.0,0.0,0.0,0.0,478,0.90278,0.92075,051400100100,"Ministry of Social Welfare, Children & Women Affairs",23050108,Capacity Building,71041,FAMILY AND CHILDREN,40442200,State Wide,07100122007600,Gender - General
National Children Festival,0.0,4000000.0,3000000.0,0.0,3000000.0,0.0,479,0.09069,0.10866,051400100100,"Ministry of Social Welfare, Children & Women Affairs",23050104,Anniversaries/Celebrations,71041,FAMILY AND CHILDREN,40442200,State Wide,07100122007800,Gender - General
Micro Enterprise Support Scheme (MESS)/Ward-based Solution Cooperatives for Economic Empowerment,0.0,1500000000.0,2000000000.0,0.0,0.0,0.0,479,0.09967,0.11765,051400100100,"Ministry of Social Welfare, Children & Women Affairs",23050110,Value Orientation/Sensistization,71041,FAMILY AND CHILDREN,40442200,State Wide,07100122008100,Gender - General
Child & Family Support Program,0.0,0.0,5000000.0,0.0,5000000.0,0.0,479,0.10866,0.12663,051400100100,"Ministry of Social Welfare, Children & Women Affairs",23050108,Capacity Building,71041,FAMILY AND CHILDREN,40442200,State Wide,07100122009200,Gender - General
Renovation of Correctional Centre Umunze,0.0,0.0,5000000.0,0.0,5000000.0,0.0,479,0.11765,0.13562,051400100100,"Ministry of Social Welfare, Children & Women Affairs",23030118,Rehabilitation / Repairs - Recreational Facilities,71041,FAMILY AND CHILDREN,40442200,State Wide,07100122009300,Gender - General
Prison Visit Programme,0.0,5000000.0,5000000.0,0.0,5000000.0,0.0,479,0.12582,0.14379,051400100100,"Ministry of Social Welfare, Children & Women Affairs",23050101,Research And Development,71041,FAMILY AND CHILDREN,40442200,State Wide,07100122009500,Gender - General
Gender Based Violence,0.0,0.0,0.0,0.0,10000000.0,0.0,479,0.1348,0.15278,051400100100,"Ministry of Social Welfare, Children & Women Affairs",23050103,Monitoring And Evaluation,71041,FAMILY AND CHILDREN,40442200,State Wide,07100122009500,Gender - General
Anti-Corruption sustainability Program,0.0,0.0,0.0,0.0,2000000.0,0.0,479,0.14379,0.16176,051400100100,"Ministry of Social Welfare, Children & Women Affairs",23050101,Research And Development,71041,FAMILY AND CHILDREN,40442200,State Wide,07100122009500,Gender - General
Nutrition Programme (NUT),0.0,0.0,0.0,0.0,5000000.0,5000000.0,479,0.15278,0.17075,051400100100,"Ministry of Social Welfare, Children & Women Affairs",23050110,Value Orientation/Sensistization,71041,FAMILY AND CHILDREN,40442200,State Wide,07100122009500,Gender - General
Compliance & Enforcement - Diability Commission,0.0,7000000.0,5000000.0,0.0,3000000.0,0.0,479,0.1969,0.21487,051400300100,Anambra State Disability Commission,23050103,Monitoring And Evaluation,71012,DISABILITY,40442200,State Wide,07100124000100,Gender - General
Sensitization Programme,0.0,0.0,5000000.0,0.0,5000000.0,0.0,479,0.20588,0.22386,051400300100,Anambra State Disability Commission,23050110,Value Orientation/Sensistization,71012,DISABILITY,40442200,State Wide,07100124000200,Gender - General
Child & Family Support Program,0.0,0.0,5000000.0,0.0,5000000.0,0.0,479,0.21405,0.23203,051400300100,Anambra State Disability Commission,23050110,Value Orientation/Sensistization,71012,DISABILITY,40442200,State Wide,07100124000400,Gender - General
Procurement of Assistive Device for Persons with disability,0.0,14000000.0,15000000.0,0.0,15000000.0,0.0,479,0.22304,0.24101,051400300100,Anambra State Disability Commission,23010124,Purchase Of Teaching / Learning Aid Equipment,71012,DISABILITY,40442200,State Wide,07100124000500,Gender - General
Reconstruction of Disabled Leprosy Centre Okija,0.0,2000000.0,2000000.0,0.0,2000000.0,0.0,479,0.23203,0.25,051400300100,Anambra State Disability Commission,23030101,Rehabilitation / Repairs Of Residential Building,71012,DISABILITY,40442200,State Wide,07100124000600,Gender - General
Special Sports Festivals for Person's with Disabilities,0.0,5000000.0,5000000.0,0.0,5000000.0,0.0,479,0.24101,0.25899,051400300100,Anambra State Disability Commission,23050104,Anniversaries/Celebrations,71012,DISABILITY,40442200,State Wide,07100124000700,Gender - General
Survey on Persons With Disabilities,0.0,5000000.0,3000000.0,0.0,0.0,0.0,479,0.25,0.26797,051400300100,Anambra State Disability Commission,23050101,Research And Development,71012,DISABILITY,40442200,State Wide,07100124000800,Gender - General
Trade fair for Persons with Disabilities,0.0,5000000.0,5000000.0,0.0,5000000.0,0.0,479,0.25817,0.27614,051400300100,Anambra State Disability Commission,23050110,Value Orientation/Sensistization,71012,DISABILITY,40442200,State Wide,07100124000900,Gender - General
Construction of Shelters for Persons With Disability,0.0,3000000.0,10000000.0,0.0,10000000.0,0.0,479,0.26716,0.28513,051400300100,Anambra State Disability Commission,23020102,Construction / Provision Of Residential Buildings,71012,DISABILITY,40442200,State Wide,07100124001000,Gender - General
Teachings and Seminars for Reproductive challenges and lessons for Women with Disabilities & Self-esteem Prop for Children with Disabilities,0.0,5000000.0,5000000.0,0.0,5000000.0,0.0,479,0.27614,0.29412,051400300100,Anambra State Disability Commission,23050110,Value Orientation/Sensistization,71012,DISABILITY,40442200,State Wide,07100124001200,Gender - General
Commemoration of International White Cane Day,0.0,5000000.0,5000000.0,0.0,5000000.0,0.0,479,0.28513,0.3031,051400300100,Anambra State Disability Commission,23050104,Anniversaries/Celebrations,71012,DISABILITY,40442200,State Wide,07100124001300,Gender - General
Creating awareness and sensitization of the public on the needs of persons with Autism,0.0,5000000.0,5000000.0,0.0,5000000.0,0.0,479,0.29412,0.31209,051400300100,Anambra State Disability Commission,23050110,Value Orientation/Sensistization,71012,DISABILITY,40442200,State Wide,07100124001400,Gender - General
Commemoration of the International Day for Albinism,0.0,3500000.0,3500000.0,0.0,3500000.0,0.0,479,0.30229,0.32026,051400300100,Anambra State Disability Commission,23050104,Anniversaries/Celebrations,71012,DISABILITY,40442200,State Wide,07100124001500,Gender - General
"Braille literacy Campaign and Provision of Braille Materials, writing and printing equipments for the Blind",0.0,15000000.0,10000000.0,0.0,10500000.0,0.0,479,0.31127,0.32925,051400300100,Anambra State Disability Commission,23010124,Purchase Of Teaching / Learning Aid Equipment,71012,DISABILITY,40442200,State Wide,07100124001600,Gender - General
Support for Joint National Association of Person's With Disability (JONAPWD),0.0,3000000.0,3000000.0,0.0,13000000.0,0.0,479,0.32026,0.33824,051400300100,Anambra State Disability Commission,23050110,Value Orientation/Sensistization,71012,DISABILITY,40442200,State Wide,07100124001700,Gender - General
"Deaf Week - Bridging the Gap in Communication between the Deaf Community, Government and Public",0.0,5000000.0,5000000.0,0.0,5000000.0,0.0,479,0.32925,0.34722,051400300100,Anambra State Disability Commission,23050104,Anniversaries/Celebrations,71012,DISABILITY,40442200,State Wide,07100124001800,Gender - General
World Poilo Day October 24th,0.0,0.0,5000000.0,0.0,2000000.0,0.0,479,0.33824,0.35621,051400300100,Anambra State Disability Commission,23050104,Anniversaries/Celebrations,71012,DISABILITY,40442200,State Wide,07100124001900,Gender - General
World Down Syndrome Day 21st March,0.0,0.0,5000000.0,0.0,5000000.0,0.0,479,0.34641,0.36438,051400300100,Anambra State Disability Commission,23050104,Anniversaries/Celebrations,71012,DISABILITY,40442200,State Wide,07100124002000,Gender - General
Procurement Office Furniture for the Disability Right Commission,0.0,0.0,5000000.0,0.0,0.0,0.0,479,0.35539,0.37337,051400300100,Anambra State Disability Commission,23010112,Purchase Of Office Furniture And Fittings,71012,DISABILITY,40442200,State Wide,07100124002100,Gender - General
Purchase of Equipment for Disability Rights Commission,0.0,0.0,10000000.0,0.0,0.0,0.0,479,0.36438,0.38235,051400300100,Anambra State Disability Commission,23010140,Purchase Of Disability Eqipments,71012,DISABILITY,40442200,State Wide,07100124002200,Gender - General
Monitoring and Evaluation Activities,0.0,0.0,5000000.0,0.0,5000000.0,0.0,479,0.37337,0.39134,051400300100,Anambra State Disability Commission,23050103,Monitoring And Evaluation,71012,DISABILITY,40442200,State Wide,07100124002300,Gender - General
Capacity building on Access Computer Technology and Braille Literacy Instruction for Disability,0.0,0.0,20000000.0,0.0,5000000.0,0.0,479,0.38235,0.40033,051400300100,Anambra State Disability Commission,23050108,Capacity Building,71012,DISABILITY,40442200,State Wide,07100124002400,Gender - General
Volunteer Readers Program for Blind Students,0.0,0.0,5000000.0,0.0,20000000.0,0.0,479,0.39052,0.4085,051400300100,Anambra State Disability Commission,23050109,E-Learning,71012,DISABILITY,40442200,State Wide,07100124002500,Gender - General
International Day of Wheel Chair,0.0,0.0,5000000.0,0.0,5000000.0,0.0,479,0.39951,0.41748,051400300100,Anambra State Disability Commission,23050104,Anniversaries/Celebrations,71012,DISABILITY,40442200,State Wide,07100124002600,Gender - General
World Poilo Day October,0.0,0.0,2000000.0,0.0,0.0,0.0,479,0.4085,0.42647,051400300100,Anambra State Disability Commission,23020104,Construction / Provision Of Housing,71012,DISABILITY,40442200,State Wide,07100124002700,Gender - General
Vocational Skill Acquisition and Entrepreneurship Program for Persons with Disability,0.0,0.0,0.0,0.0,5000000.0,0.0,479,0.41748,0.43546,051400300100,Anambra State Disability Commission,23050109,E-Learning,71012,DISABILITY,40442200,State Wide,07100124002800,Gender - General
Capacity Building,0.0,0.0,0.0,0.0,10000000.0,0.0,479,0.42647,0.44444,051400300100,Anambra State Disability Commission,23030118,Rehabilitation / Repairs - Recreational Facilities,71012,DISABILITY,40442200,State Wide,07100124002900,Gender - General
Establishment of Disability Counseling Centres,0.0,0.0,0.0,0.0,15000000.0,0.0,479,0.43464,0.45261,051400300100,Anambra State Disability Commission,23020106,Construction / Provision Of Hospitals / Health Centres,71012,DISABILITY,40442200,State Wide,07100124003000,Gender - General
Skin and Eye care Symposia for Albinism,0.0,0.0,0.0,0.0,3000000.0,0.0,479,0.44363,0.4616,051400300100,Anambra State Disability Commission,23050101,Research And Development,71012,DISABILITY,40442200,State Wide,07100124003100,Gender - General
Nutrition Programme (NUT),0.0,0.0,0.0,0.0,35000000.0,35000000.0,479,0.48775,0.50572,051700100100,Ministry of Education,23050110,Value Orientation/Sensistization,70981,EDUCATION N.E.C,40442200,State Wide,05050522000100,School safety
Development of High Tech-Digital Institutions across the 3 senatorial zones,0.0,0.0,22000000000.0,1756534108.0,22000000000.0,0.0,479,0.49673,0.51471,051700100100,Ministry of Education,23050109,E-Learning,70981,EDUCATION N.E.C,40442200,State Wide,05050522000100,School safety
Purchase of Buses for schools transportation,0.0,0.0,250000000.0,0.0,250000000.0,0.0,479,0.50572,0.52369,051700100100,Ministry of Education,23010108,Purchase Of Buses,70981,EDUCATION N.E.C,40442200,State Wide,05010222000100,Human and institutional capacity performance management
"Checkmating of Natural Disaster in Schools - Flooding, earthquake etc",0.0,40000000.0,20000000.0,0.0,20000000.0,0.0,479,0.51471,0.53268,051700100100,Ministry of Education,23040102,Erosion & Flood Control,70981,EDUCATION N.E.C,40442200,State Wide,05050522000100,School safety
National/International expositions,5389785444.0,5000000.0,5000000.0,8335717634.0,5000000.0,0.0,479,0.52288,0.54085,051700100100,Ministry of Education,23050101,Research And Development,70981,EDUCATION N.E.C,40442200,State Wide,05010222000100,Human and institutional capacity performance management
General Research and Development,0.0,15000000.0,15000000.0,0.0,15000000.0,0.0,479,0.53186,0.54984,051700100100,Ministry of Education,23050101,Research And Development,70981,EDUCATION N.E.C,40442200,State Wide,05010222000200,Human and institutional capacity performance management
Community Education Resource Centre,0.0,21000000.0,20000000.0,0.0,20000000.0,0.0,479,0.54085,0.55882,051700100100,Ministry of Education,23020118,Construction / Provision Of Infrastructure,70981,EDUCATION N.E.C,40442200,State Wide,05010422000100,Integrated supportive supervision
Supplementary funds to secondary schools/State Education Special funds for public secondary schools,0.0,1000000000.0,1000000000.0,321722000.0,1000000000.0,0.0,479,0.54984,0.56781,051700100100,Ministry of Education,23050108,Capacity Building,70981,EDUCATION N.E.C,40442200,State Wide,05030122000100,Inclusive Education
Study on Anambra State Bursary and Student loan Scheme,0.0,2000000000.0,3000000000.0,0.0,3000000000.0,0.0,479,0.55882,0.5768,051700100100,Ministry of Education,23050101,Research And Development,70981,EDUCATION N.E.C,40442200,State Wide,05010122000200,"Legal, policy, regulations and standards, guidelines and protocols development and reviews"
Adult & Non-Formal Education/ Mass Literacy program,0.0,35500000.0,0.0,0.0,20000000.0,0.0,479,0.56699,0.58497,051700100100,Ministry of Education,23050101,Research And Development,70981,EDUCATION N.E.C,40442200,State Wide,05030122000200,Inclusive Education
Construction of Special Education Centres in 3 senatorial zones,0.0,0.0,20000000.0,0.0,65000000.0,0.0,479,0.57598,0.59395,051700100100,Ministry of Education,23020107,Construction / Provision Of Public Schools,70981,EDUCATION N.E.C,40442200,State Wide,05030222000100,Special education
Equipment of Secondary/Special Science Schools laborarory,0.0,5000000.0,35500000.0,0.0,35000000.0,0.0,479,0.58497,0.60294,051700100100,Ministry of Education,23010124,Purchase Of Teaching / Learning Aid Equipment,70981,EDUCATION N.E.C,40442200,State Wide,05060122000100,"ICT equipment, software and expertise"
Rehabilita(cid:415)on/Development & Equipment of Exis(cid:415)ng Technical Colleges (for,112521485.0,364000000.0,0.0,0.0,100000000.0,0.0,479,0.59395,0.61193,051700100100,Ministry of Education,23030127,Rehabilitation/Repairs- Ict Infrastructures,70981,EDUCATION N.E.C,40442200,State Wide,05050122000200,Schools’ infrastructure construction and rehabilitation
Free & Gender Education Programme,0.0,5000000.0,5000000.0,0.0,25000000.0,0.0,479,0.60294,0.62092,051700100100,Ministry of Education,23050108,Capacity Building,70981,EDUCATION N.E.C,40442200,State Wide,05010122000300,"Legal, policy, regulations and standards, guidelines and protocols development and reviews"
Examination Development Centre activities,434247926.0,450000000.0,700000000.0,659993572.0,900000000.0,0.0,479,0.61111,0.62908,051700100100,Ministry of Education,23050101,Research And Development,70981,EDUCATION N.E.C,40442200,State Wide,05050122000300,Schools’ infrastructure construction and rehabilitation
Construction & Equipment of Educational Resource Centre (ERC & CERC),0.0,0.0,35000000.0,0.0,0.0,0.0,479,0.6201,0.63807,051700100100,Ministry of Education,23020107,Construction / Provision Of Public Schools,70981,EDUCATION N.E.C,40442200,State Wide,05050122000400,Schools’ infrastructure construction and rehabilitation
Estabilishement of the Inspectorate units of Ministry of Education,0.0,5000000.0,5000000.0,0.0,5000000.0,0.0,479,0.62908,0.64706,051700100100,Ministry of Education,23020118,Construction / Provision Of Infrastructure,70981,EDUCATION N.E.C,40442200,State Wide,05010322000100,Education sector coordination mechanisms
Anambra State Education Scholarship Programme 23050108 - Capacity Building,500000.0,20000000.0,20000000.0,0.0,20000000.0,0.0,479,0.63807,0.65605,051700100100,Ministry of Education,,reviews,70981,EDUCATION N.E.C,40442200,State Wide,05010122000400,"Legal, policy, regulations and standards, guidelines and protocols development and"
Na(cid:415)onal Agency for Food and Drugs Administra(cid:415)on and Control (NAFDAC) Awareness Programme & Art/Culture,0.0,1000000.0,1000000.0,0.0,1000000.0,0.0,479,0.64706,0.66503,051700100100,Ministry of Education,23050104,Anniversaries/Celebrations,70981,EDUCATION N.E.C,40442200,State Wide,05100122000100,Education Not Elsewhere Classified
State Education Quality Assurance Programmes,0.0,10000000.0,10000000.0,0.0,10000000.0,0.0,479,0.65523,0.6732,051700100100,Ministry of Education,23050110,Value Orientation/Sensistization,70981,EDUCATION N.E.C,40442200,State Wide,05040122000100,All levels of education quality assurance
HIV/AIDS Prevention Education & Control Programmes,0.0,40000000.0,17000000.0,0.0,5000000.0,0.0,479,0.66422,0.68219,051700100100,Ministry of Education,23050110,Value Orientation/Sensistization,70981,EDUCATION N.E.C,40442200,State Wide,05020222000100,Advocacy and sensitization
"Develoment of foreign Languages Centres in Schools (A.French, B. China, C. Germany….)",0.0,2000000.0,2000000.0,0.0,2000000.0,0.0,479,0.6732,0.69118,051700100100,Ministry of Education,23050110,Value Orientation/Sensistization,70981,EDUCATION N.E.C,40442200,State Wide,05010122000500,"Legal, policy, regulations and standards, guidelines and protocols development and reviews"
Construction of Sports centres in schools/School sports Projects,0.0,30000000.0,30000000.0,0.0,30000000.0,0.0,479,0.68219,0.70016,051700100100,Ministry of Education,23020112,Construction / Provision Of Sporting Facilities,70981,EDUCATION N.E.C,40442200,State Wide,05100122000200,Education Not Elsewhere Classified
Capacity Building/ Workshops/ Seminars/Conferences for Education Staff,2362500.0,12000000.0,10000000.0,0.0,10000000.0,0.0,479,0.69118,0.70915,051700100100,Ministry of Education,23050108,Capacity Building,70981,EDUCATION N.E.C,40442200,State Wide,05010222000300,Human and institutional capacity performance management
Mathematics Improvement Project Centre,0.0,10000000.0,5000000.0,0.0,5000000.0,0.0,479,0.69935,0.71732,051700100100,Ministry of Education,23050101,Research And Development,70981,EDUCATION N.E.C,40442200,State Wide,05040422000100,Curriculum review and development
Ministry's Monitoring & Evaluation Programme,0.0,5000000.0,5000000.0,0.0,5000000.0,0.0,479,0.70833,0.72631,051700100100,Ministry of Education,23050103,Monitoring And Evaluation,70981,EDUCATION N.E.C,40442200,State Wide,05010422000300,Integrated supportive supervision
Hygiene Promotion/ Communication Programme in Schools,0.0,5000000.0,5000000.0,0.0,5000000.0,0.0,479,0.71732,0.73529,051700100100,Ministry of Education,23050110,Value Orientation/Sensistization,70981,EDUCATION N.E.C,40442200,State Wide,05050422000100,"Water, sanitation and hygiene"
Education Trust Fund (ETF) Project,0.0,10000000.0,10000000.0,0.0,10000000.0,0.0,479,0.72631,0.74428,051700100100,Ministry of Education,23010124,Purchase Of Teaching / Learning Aid Equipment,70981,EDUCATION N.E.C,40442200,State Wide,05010322000300,Education sector coordination mechanisms
Revival/Sustenance of Igbo Language in Schools (Subakwa Igbo),0.0,5000000.0,6000000.0,0.0,6000000.0,0.0,479,0.73529,0.75327,051700100100,Ministry of Education,23050110,Value Orientation/Sensistization,70981,EDUCATION N.E.C,40442200,State Wide,05040422000200,Curriculum review and development
Secondary Schools Special Projects,5180000.0,30000000.0,15000000.0,0.0,0.0,0.0,479,0.74346,0.76144,051700100100,Ministry of Education,23050108,Capacity Building,70981,EDUCATION N.E.C,40442200,State Wide,05050122000600,Schools’ infrastructure construction and rehabilitation
Education Development Fund,0.0,10000000.0,25000000.0,0.0,25000000.0,0.0,479,0.75245,0.77042,051700100100,Ministry of Education,23050108,Capacity Building,70981,EDUCATION N.E.C,40442200,State Wide,05010422000500,Integrated supportive supervision
Basic Educa(cid:415)on An(cid:415)-Corrup(cid:415)on StratrgyAc(cid:415)vi(cid:415)es,0.0,3000000.0,3000000.0,0.0,3000000.0,0.0,479,0.76062,0.77859,051700100100,Ministry of Education,23050108,Capacity Building,70981,EDUCATION N.E.C,40442200,State Wide,05010222000400,Human and institutional capacity performance management
Capacity Building of Teachers at public schools,15313500.0,100000000.0,100000000.0,0.0,120000000.0,0.0,479,0.77042,0.7884,051700100100,Ministry of Education,23050108,Capacity Building,70981,EDUCATION N.E.C,40442200,State Wide,05010223000100,Human and institutional capacity performance management
Renovation / Construction of Class room blocks / teachers quarters/smart schools,0.0,10000000000.0,11000000000.0,0.0,11000000000.0,0.0,479,0.77941,0.79739,051700100100,Ministry of Education,23030106,Rehabilitation / Repairs - Public Schools,70981,EDUCATION N.E.C,40442200,State Wide,05050123000100,Schools’ infrastructure construction and rehabilitation
Completion of ongoing Fencing of 40 Secondary Schools in the State,0.0,0.0,0.0,0.0,0.0,0.0,479,0.78758,0.80556,051700100100,Ministry of Education,23020107,Construction / Provision Of Public Schools,70981,EDUCATION N.E.C,40442200,State Wide,05050123000300,Schools’ infrastructure construction and rehabilitation
Anti-Corruption sustainability Program,0.0,0.0,0.0,0.0,2000000.0,0.0,479,0.79657,0.81454,051700100100,Ministry of Education,23050108,Capacity Building,70981,EDUCATION N.E.C,40442200,State Wide,05050123000500,Schools’ infrastructure construction and rehabilitation
Renovation & rehabilitation of 60Numbers school buildings,0.0,0.0,300000000.0,0.0,0.0,0.0,479,0.84069,0.85866,051700300100,Anambra State Universal Basic Educa(cid:415)on Board,23030106,Rehabilitation / Repairs - Public Schools,70912,PRIMARY EDUCATION,40442200,State Wide,05050125000100,Schools’ infrastructure construction and rehabilitation
Training of Informa(cid:415)on Technology Communica(cid:415)on (ICT) for State Universal Basic,0.0,30000000.0,20000000.0,0.0,50000000.0,0.0,479,0.84967,0.86765,051700300100,Anambra State Universal Basic Educa(cid:415)on Board,23050102,Computer Software Acquisition,70912,PRIMARY EDUCATION,40442200,State Wide,05060325000100,Data and data management
Scope and Survey of 271 Public Primary and Junior Secondary Schools,0.0,0.0,20000000.0,0.0,10000000.0,0.0,479,0.85866,0.87663,051700300100,Anambra State Universal Basic Educa(cid:415)on Board,23050103,Monitoring And Evaluation,70912,PRIMARY EDUCATION,40442200,State Wide,05060225000100,Research and development
"Procurement of 1,000 educa(cid:415)ve toys forECCDE, 5 toys per each of the renovated classroom blocks",0.0,0.0,20000000.0,0.0,0.0,0.0,479,0.86683,0.8848,051700300100,Anambra State Universal Basic Educa(cid:415)on Board,23010124,Purchase Of Teaching / Learning Aid Equipment,70912,PRIMARY EDUCATION,40442200,State Wide,05040222000100,Instructional and learning materials
Procurement of 300 nos Merry-Go-Round for ECCDE schools,0.0,24000000.0,20000000.0,0.0,20000000.0,0.0,479,0.87582,0.89379,051700300100,Anambra State Universal Basic Educa(cid:415)on Board,23010124,Purchase Of Teaching / Learning Aid Equipment,70912,PRIMARY EDUCATION,40442200,State Wide,05040222000200,Instructional and learning materials
Procure and install 300 nos Slides for ECCDE schools annualy,0.0,18000000.0,10000000.0,0.0,10000000.0,0.0,479,0.8848,0.90278,051700300100,Anambra State Universal Basic Educa(cid:415)on Board,23010124,Purchase Of Teaching / Learning Aid Equipment,70912,PRIMARY EDUCATION,40442200,State Wide,05040222000300,Instructional and learning materials
"Procurement of 1,000 sets Teachers Tables, armless 1000 armless Chairs",0.0,0.0,70000000.0,0.0,0.0,0.0,479,0.89379,0.91176,051700300100,Anambra State Universal Basic Educa(cid:415)on Board,23010112,Purchase Of Office Furniture And Fittings,70912,PRIMARY EDUCATION,40442200,State Wide,05050222000100,Furnishing
"Procurement of 2,000 white Boards, markers and dusters",0.0,0.0,50000000.0,0.0,0.0,0.0,479,0.90278,0.92075,051700300100,Anambra State Universal Basic Educa(cid:415)on Board,23010124,Purchase Of Teaching / Learning Aid Equipment,70912,PRIMARY EDUCATION,40442200,State Wide,05050222000200,Furnishing
"Purchase of 3,000 nos of Plas(cid:415)c lockers and chairs for Public Primary and Junior",0.0,0.0,30000000.0,0.0,0.0,0.0,480,0.09069,0.10866,051700300100,Anambra State Universal Basic Educa(cid:415)on Board,23010124,Purchase Of Teaching / Learning Aid Equipment,70912,PRIMARY EDUCATION,40442200,State Wide,05060122000100,"ICT equipment, software and expertise"
"Procure and distribute 6,000 nos of ECCDE tables and chairs",0.0,0.0,100000000.0,0.0,0.0,0.0,480,0.09967,0.11765,051700300100,Anambra State Universal Basic Educa(cid:415)on Board,23010124,Purchase Of Teaching / Learning Aid Equipment,70912,PRIMARY EDUCATION,40442200,State Wide,05050222000300,Furnishing
"Procurement of 52 laptops, 12 desktops forthe Department of Academic Services of ASUBEB and the 21 LGEA",0.0,0.0,950000000.0,0.0,0.0,0.0,480,0.10784,0.12582,051700300100,Anambra State Universal Basic Educa(cid:415)on Board,23010113,Purchase Of Computers,70912,PRIMARY EDUCATION,40442200,State Wide,05040222000400,Instructional and learning materials
"Procurement and distribute 4,000 assorted educative diagrams/instructional materials",0.0,0.0,100000000.0,0.0,0.0,0.0,480,0.11765,0.13562,051700300100,Anambra State Universal Basic Educa(cid:415)on Board,23010124,Purchase Of Teaching / Learning Aid Equipment,70912,PRIMARY EDUCATION,40442200,State Wide,05040222000500,Instructional and learning materials
"Purchase of 2,000 Plastic Abacus for Junior Primary pupils",0.0,0.0,10000000.0,0.0,0.0,0.0,480,0.12582,0.14379,051700300100,Anambra State Universal Basic Educa(cid:415)on Board,23010124,Purchase Of Teaching / Learning Aid Equipment,70912,PRIMARY EDUCATION,40442200,State Wide,05040222000600,Instructional and learning materials
"Prin(cid:415)ng of 30,000 copies of Con(cid:415)nous Assessment report booklet for Public",0.0,0.0,50000000.0,0.0,0.0,0.0,480,0.1348,0.15278,051700300100,Anambra State Universal Basic Educa(cid:415)on Board,23010124,Purchase Of Teaching / Learning Aid Equipment,70912,PRIMARY EDUCATION,40442200,State Wide,05040122000100,All levels of education quality assurance
Procurement of 34 nos Printers with Scanners for EMIS unit of ASUBEB and 21,0.0,8160000.0,0.0,0.0,0.0,0.0,480,0.14379,0.16176,051700300100,Anambra State Universal Basic Educa(cid:415)on Board,23010114,Purchase Of Computer Printers,70912,PRIMARY EDUCATION,40442200,State Wide,05060122000100,"ICT equipment, software and expertise"
State Early Childcare Development Programme,0.0,50000000.0,10000000.0,0.0,0.0,0.0,480,0.15278,0.17075,051700300100,Anambra State Universal Basic Educa(cid:415)on Board,23050101,Research And Development,70912,PRIMARY EDUCATION,40442200,State Wide,05020122000100,"Early Childhood Care, Development and Education (ECCDE)"
Purchase of office Furniture and Fittings for HQRT,0.0,11300000.0,0.0,0.0,0.0,0.0,480,0.16176,0.17974,051700300100,Anambra State Universal Basic Educa(cid:415)on Board,23010112,Purchase Of Office Furniture And Fittings,70912,PRIMARY EDUCATION,40442200,State Wide,05050222000400,Furnishing
Procurement of Agriculture equipment to all Public primary Schools,0.0,30000000.0,2000000.0,0.0,0.0,0.0,480,0.16993,0.18791,051700300100,Anambra State Universal Basic Educa(cid:415)on Board,23010127,Purchase Of Agricultural Equipment,70912,PRIMARY EDUCATION,40442200,State Wide,05100122000100,Education Not Elsewhere Classified
Prin(cid:415)ng and Administra(cid:415)on of Termly Examina(cid:415)on Ques(cid:415)on papers for State,0.0,0.0,50000000.0,0.0,0.0,0.0,480,0.17892,0.1969,051700300100,Anambra State Universal Basic Educa(cid:415)on Board,23010125,Purchase Of Library Books & Equipment,70912,PRIMARY EDUCATION,40442200,State Wide,05040622000100,School examination and MLA
"Conduct of Debate, Quizzes and CareerTraining",5026500.0,15000000.0,10000000.0,0.0,0.0,0.0,480,0.18709,0.20507,051700300100,Anambra State Universal Basic Educa(cid:415)on Board,23050108,Capacity Building,70912,PRIMARY EDUCATION,40442200,State Wide,05010222000100,Human and institutional capacity performance management
Capacity Building of BESDA - SAFEGUARD and ASUBEB Teachers,0.0,0.0,15000000.0,0.0,0.0,0.0,480,0.1969,0.21487,051700300100,Anambra State Universal Basic Educa(cid:415)on Board,23050108,Capacity Building,70912,PRIMARY EDUCATION,40442200,State Wide,05040322000100,Teaching and non-teaching staff capacity building
Landscapping of ASUBEB Premises,0.0,0.0,25000000.0,0.0,0.0,0.0,480,0.20588,0.22386,051700300100,Anambra State Universal Basic Educa(cid:415)on Board,23040102,Erosion & Flood Control,70912,PRIMARY EDUCATION,40442200,State Wide,05050122000100,Schools’ infrastructure construction and rehabilitation
Capacity Building for staff for Anti Corruption and transparence Unit of ASUBEB,0.0,0.0,0.0,0.0,0.0,0.0,480,0.21405,0.23203,051700300100,Anambra State Universal Basic Educa(cid:415)on Board,23050108,Capacity Building,70912,PRIMARY EDUCATION,40442200,State Wide,05040322000200,Teaching and non-teaching staff capacity building
"Procure and distribute sports equipment (football, net, whistle, boots and jersey)",0.0,21000000.0,15000000.0,0.0,0.0,0.0,480,0.22304,0.24101,051700300100,Anambra State Universal Basic Educa(cid:415)on Board,23010126,Purchase Of Sporting / Gaming Equipment,70912,PRIMARY EDUCATION,40442200,State Wide,05030122000100,Inclusive Education
advocacy/Sensitization Campaign on out of School Children in the State,0.0,10000000.0,10000000.0,0.0,0.0,0.0,480,0.23203,0.25,051700300100,Anambra State Universal Basic Educa(cid:415)on Board,23050110,Value Orientation/Sensistization,70912,PRIMARY EDUCATION,40442200,State Wide,05020222000100,Advocacy and sensitization
Continuous Capacity Building for teachers and Head teachers,0.0,50000000.0,30000000.0,0.0,0.0,0.0,480,0.24101,0.25899,051700300100,Anambra State Universal Basic Educa(cid:415)on Board,23050108,Capacity Building,70912,PRIMARY EDUCATION,40442200,State Wide,05040322000300,Teaching and non-teaching staff capacity building
Capacity Training / Workshop for the Special Need Teachers,0.0,30000000.0,20000000.0,0.0,0.0,0.0,480,0.25,0.26797,051700300100,Anambra State Universal Basic Educa(cid:415)on Board,23050108,Capacity Building,70912,PRIMARY EDUCATION,40442200,State Wide,05040322000400,Teaching and non-teaching staff capacity building
Recruitment and Promotion Activities of Teachers and Staff,0.0,50000000.0,50000000.0,0.0,0.0,0.0,480,0.25817,0.27614,051700300100,Anambra State Universal Basic Educa(cid:415)on Board,23050108,Capacity Building,70912,PRIMARY EDUCATION,40442200,State Wide,05040522000100,Teachers’ recruitment and deployment
Procurement of Office furniture and accessories/Office Equipment,0.0,0.0,15000000.0,0.0,0.0,0.0,480,0.26716,0.28513,051700300100,Anambra State Universal Basic Educa(cid:415)on Board,23010124,Purchase Of Teaching / Learning Aid Equipment,70912,PRIMARY EDUCATION,40442200,State Wide,05050222000600,Furnishing
Basic Education Strategic plan development,0.0,0.0,11000000.0,0.0,0.0,0.0,480,0.27614,0.29412,051700300100,Anambra State Universal Basic Educa(cid:415)on Board,23050101,Research And Development,70912,PRIMARY EDUCATION,40442200,State Wide,05010122000100,"Legal, policy, regulations and standards, guidelines and protocols development and reviews"
Basic Education Curriculum Content Development Programme,0.0,8077000.0,5000000.0,0.0,0.0,0.0,480,0.28513,0.3031,051700300100,Anambra State Universal Basic Educa(cid:415)on Board,23050101,Research And Development,70912,PRIMARY EDUCATION,40442200,State Wide,05040422000100,Curriculum review and development
"Conduct of Science Exhibition, Quizes",3554000.0,15000000.0,15000000.0,0.0,15000000.0,0.0,480,0.29412,0.31209,051700300100,Anambra State Universal Basic Educa(cid:415)on Board,23050101,Research And Development,70912,PRIMARY EDUCATION,40442200,State Wide,05010222000200,Human and institutional capacity performance management
Procurement of 10KVA solar for EMIS unit of ASUBEB and 21 LGAs,0.0,25000000.0,100000000.0,0.0,0.0,0.0,480,0.30229,0.32026,051700300100,Anambra State Universal Basic Educa(cid:415)on Board,23020133,Construction/Provisions of Solar Equipments,70912,PRIMARY EDUCATION,40442200,State Wide,05060122000200,"ICT equipment, software and expertise"
Preparation of Children for Calisthenics for Children's day Celebration and Independence Day Celebration,0.0,50000000.0,50000000.0,0.0,20000000.0,0.0,480,0.31127,0.32925,051700300100,Anambra State Universal Basic Educa(cid:415)on Board,23050104,Anniversaries/Celebrations,70912,PRIMARY EDUCATION,40442200,State Wide,05010322000100,Education sector coordination mechanisms
Capacity Building for State Universal Basic Education Board (SUBEB) and LGAs Staff on Education Management Information System (EMIS),0.0,0.0,30000000.0,0.0,0.0,0.0,480,0.32026,0.33824,051700300100,Anambra State Universal Basic Educa(cid:415)on Board,23050108,Capacity Building,70912,PRIMARY EDUCATION,40442200,State Wide,05010225000100,Human and institutional capacity performance management
"Procure sports equip(football,boot,whistle)",0.0,0.0,0.0,0.0,10000000.0,0.0,480,0.32925,0.34722,051700300100,Anambra State Universal Basic Educa(cid:415)on Board,23050110,Value Orientation/Sensistization,70912,PRIMARY EDUCATION,40442200,State Wide,05060222000500,Research and development
Anti-Corruption sustainability Program,0.0,0.0,0.0,0.0,2000000.0,0.0,480,0.33824,0.35621,051700300100,Anambra State Universal Basic Educa(cid:415)on Board,23050108,Capacity Building,70912,PRIMARY EDUCATION,40442200,State Wide,05060222000500,Research and development
Nutrition Programme (NUT),0.0,0.0,0.0,0.0,2000000.0,2000000.0,480,0.34641,0.36438,051700300100,Anambra State Universal Basic Educa(cid:415)on Board,23050108,Capacity Building,70912,PRIMARY EDUCATION,40442200,State Wide,05060222000500,Research and development
"Capacity Building, Workshops/Seminars/Conferences",0.0,100000000.0,100000000.0,0.0,50000000.0,0.0,480,0.39052,0.4085,051705100100,Post Primary School Service Commission PPSSC,23050108,Capacity Building,70942,SECOND STAGE OF TERTIARY EDUCATION,40442200,State Wide,05010222000800,Human and institutional capacity performance management
Monitoring and Evaluation Activities,67500000.0,70000000.0,50000000.0,0.0,30000000.0,0.0,480,0.39951,0.41748,051705100100,Post Primary School Service Commission PPSSC,23050103,Monitoring And Evaluation,70942,SECOND STAGE OF TERTIARY EDUCATION,40442200,State Wide,05010222000900,Human and institutional capacity performance management
Student Research Work,0.0,0.0,65000000.0,0.0,20000000.0,0.0,480,0.4085,0.42647,051705100100,Post Primary School Service Commission PPSSC,23050101,Research And Development,70942,SECOND STAGE OF TERTIARY EDUCATION,40442200,State Wide,05060222000500,Research and development
Science and Technology Development (invention/innovation),0.0,0.0,20000000.0,0.0,20000000.0,0.0,480,0.41748,0.43546,051705100100,Post Primary School Service Commission PPSSC,23050101,Research And Development,70942,SECOND STAGE OF TERTIARY EDUCATION,40442200,State Wide,05060222000600,Research and development
Project Implementation and Monitoring Activities (PRS),0.0,0.0,50000000.0,0.0,20000000.0,0.0,480,0.42647,0.44444,051705100100,Post Primary School Service Commission PPSSC,23050103,Monitoring And Evaluation,70942,SECOND STAGE OF TERTIARY EDUCATION,40442200,State Wide,05010222001100,Human and institutional capacity performance management
Education Quality Assurance Projects/Reforms,0.0,50000000.0,200000000.0,0.0,100000000.0,0.0,480,0.43464,0.45261,051705100100,Post Primary School Service Commission PPSSC,23050101,Research And Development,70942,SECOND STAGE OF TERTIARY EDUCATION,40442200,State Wide,05040122000300,All levels of education quality assurance
Purchase of Office Furnitre and Equipment,0.0,0.0,26000000.0,0.0,10000000.0,0.0,480,0.44363,0.4616,051705100100,Post Primary School Service Commission PPSSC,23010112,Purchase Of Office Furniture And Fittings,70942,SECOND STAGE OF TERTIARY EDUCATION,40442200,State Wide,05010322004100,Education sector coordination mechanisms
Procurement of ICT Equipments,0.0,0.0,1950000.0,0.0,0.0,0.0,480,0.45261,0.47059,051705100100,Post Primary School Service Commission PPSSC,23010145,Purchase of ICT Equipments,70942,SECOND STAGE OF TERTIARY EDUCATION,40442200,State Wide,05010322004200,Education sector coordination mechanisms
School Sports Capacity building for schools,0.0,0.0,130000000.0,0.0,50000000.0,0.0,480,0.4616,0.47958,051705100100,Post Primary School Service Commission PPSSC,23050108,Capacity Building,70942,SECOND STAGE OF TERTIARY EDUCATION,40442200,State Wide,05010222001200,Human and institutional capacity performance management
Purchase Of Teaching Learning Equipment,37709121.0,100000000.0,0.0,0.0,100000000.0,0.0,480,0.47059,0.48856,051705100100,Post Primary School Service Commission PPSSC,23010124,Purchase Of Teaching / Learning Aid Equipment,70942,SECOND STAGE OF TERTIARY EDUCATION,40442200,State Wide,05010322004300,Education sector coordination mechanisms
Purchase of ICT Equipments,0.0,200000000.0,100000000.0,0.0,1500000.0,0.0,480,0.47876,0.49673,051705100100,Post Primary School Service Commission PPSSC,23010145,Purchase of ICT Equipments,70942,SECOND STAGE OF TERTIARY EDUCATION,40442200,State Wide,05010322004600,Education sector coordination mechanisms
Equipping of Science Laboratories,0.0,150000000.0,0.0,0.0,500000000.0,0.0,480,0.48775,0.50572,051705100100,Post Primary School Service Commission PPSSC,23010125,Purchase Of Library Books & Equipment,70942,SECOND STAGE OF TERTIARY EDUCATION,40442200,State Wide,05010322005100,Education sector coordination mechanisms
Anti-Corruption sustainability Program,0.0,0.0,0.0,0.0,2000000.0,0.0,480,0.49673,0.51471,051705100100,Post Primary School Service Commission PPSSC,23050110,Value Orientation/Sensistization,70942,SECOND STAGE OF TERTIARY EDUCATION,40442200,State Wide,05010322005600,Education sector coordination mechanisms
Nutrition Programme (NUT),0.0,0.0,0.0,0.0,5000000.0,5000000.0,480,0.50572,0.52369,051705100100,Post Primary School Service Commission PPSSC,23050110,Value Orientation/Sensistization,70942,SECOND STAGE OF TERTIARY EDUCATION,40442200,State Wide,05010322005600,Education sector coordination mechanisms
Procurement of Safety gadget for riverrine Schools,0.0,0.0,0.0,0.0,20000000.0,0.0,480,0.51471,0.53268,051705100100,Post Primary School Service Commission PPSSC,23010134,Purchase Of Diving Equipment,70942,SECOND STAGE OF TERTIARY EDUCATION,40442200,State Wide,05010322005600,Education sector coordination mechanisms
Rehabilitation of PPSSC HQ,0.0,0.0,0.0,0.0,50000000.0,0.0,480,0.52288,0.54085,051705100100,Post Primary School Service Commission PPSSC,23030121,Rehabilitation / Repairs Of Office Buildings,70942,SECOND STAGE OF TERTIARY EDUCATION,40442200,State Wide,05010322005600,Education sector coordination mechanisms
Students motivational External Competitions in Public Schools,0.0,0.0,0.0,0.0,20000000.0,0.0,480,0.53186,0.54984,051705100100,Post Primary School Service Commission PPSSC,23050103,Monitoring And Evaluation,70942,SECOND STAGE OF TERTIARY EDUCATION,40442200,State Wide,05010322005600,Education sector coordination mechanisms
Digitalization of students data,0.0,0.0,0.0,0.0,50000000.0,0.0,480,0.54085,0.55882,051705100100,Post Primary School Service Commission PPSSC,23050101,Research And Development,70942,SECOND STAGE OF TERTIARY EDUCATION,40442200,State Wide,05010322005600,Education sector coordination mechanisms
Guidiance and Counselling,0.0,0.0,0.0,0.0,5000000.0,0.0,480,0.54984,0.56781,051705100100,Post Primary School Service Commission PPSSC,23050101,Research And Development,70942,SECOND STAGE OF TERTIARY EDUCATION,40442200,State Wide,05010322005600,Education sector coordination mechanisms
Health Promotion day celebration,0.0,0.0,10000000.0,0.0,10000000.0,0.0,480,0.59395,0.61193,052100100100,Ministry of Health,23050104,Anniversaries/Celebrations,70761,HEALTH N.E.C.,40442200,State Wide,04010125000102,"Legal, policy, regulations and standards, guidelines and protocols development and reviews"
Implementation of National Intergrated Specimen Referral Network (NSRN),0.0,0.0,30000000.0,0.0,0.0,0.0,480,0.60294,0.62092,052100100100,Ministry of Health,23050101,Research And Development,70761,HEALTH N.E.C.,40442200,State Wide,04010125000202,"Legal, policy, regulations and standards, guidelines and protocols development and reviews"
Anambra State Blood Banking Service Implementation of Laboratory Quality Assurance.,0.0,0.0,15000000.0,0.0,20000000.0,0.0,480,0.61111,0.62908,052100100100,Ministry of Health,23050101,Research And Development,70761,HEALTH N.E.C.,40442200,State Wide,04080225000101,Public health laboratories
Human Resource for Health,0.0,0.0,35000000.0,0.0,25000000.0,0.0,480,0.6201,0.63807,052100100100,Ministry of Health,23050103,Monitoring And Evaluation,70761,HEALTH N.E.C.,40442200,State Wide,04010225000102,Human and institutional capacity performance management
Construction of Cancer Hospital,0.0,0.0,5000000000.0,19569837.0,0.0,0.0,480,0.62908,0.64706,052100100100,Ministry of Health,23020106,Construction / Provision Of Hospitals / Health Centres,70761,HEALTH N.E.C.,40442200,State Wide,04050125000102,Functional health facilities
Mental Health Awareness day,0.0,25000000.0,25000000.0,0.0,23000000.0,0.0,480,0.63807,0.65605,052100100100,Ministry of Health,23050101,Research And Development,70761,HEALTH N.E.C.,40442200,State Wide,04010124000101,"Legal, policy, regulations and standards, guidelines and protocols development and reviews"
Refurbishing of 5no Vehicle,0.0,20000000.0,30000000.0,0.0,25000000.0,0.0,480,0.64706,0.66503,052100100100,Ministry of Health,23030125,Rehabilitation/Repairs- Power Generating Plants,70761,HEALTH N.E.C.,40442200,State Wide,04010322000502,Health sector coordination mechanisms
Capacity building of 1000 health care personnel to improve maternal and child care,0.0,15600000.0,70000000.0,0.0,70000000.0,0.0,480,0.65523,0.6732,052100100100,Ministry of Health,23050108,Capacity Building,70761,HEALTH N.E.C.,40442200,State Wide,04010222000101,Human and institutional capacity performance management
Procurement and distribution of essential ANC and PNC equipment & consumables,0.0,25000000.0,200000000.0,0.0,200000000.0,0.0,480,0.66422,0.68219,052100100100,Ministry of Health,23010122,Purchase Of Health / Medical Equipment,70761,HEALTH N.E.C.,40442200,State Wide,04030122000201,"Reproductive, maternal and neonatal health"
"Conduct one-day quarterly RH / LEMCHIC Coordination meeting = 1,010,000 Printing of IEC matrials",0.0,5000000.0,5000000.0,0.0,5000000.0,0.0,480,0.6732,0.69118,052100100100,Ministry of Health,23050101,Research And Development,70761,HEALTH N.E.C.,40442200,State Wide,04010222000202,Human and institutional capacity performance management
Upgrading of Amaku -Chukwuemeka Odumegwu Teaching Hospital,2295332294.0,3000000000.0,1000000000.0,0.0,1000000000.0,0.0,480,0.68219,0.70016,052100100100,Ministry of Health,23020106,Construction / Provision Of Hospitals / Health Centres,70761,HEALTH N.E.C.,40442200,State Wide,04050123000102,Functional health facilities
Health Management Information System,28175000.0,50000000.0,275000000.0,381331345.0,275000000.0,0.0,480,0.69118,0.70915,052100100100,Ministry of Health,23050101,Research And Development,70761,HEALTH N.E.C.,40442200,State Wide,04070122000202,Routine information system
Rehabilitation and Re-equipment of General Hospitals,1932003079.0,2000000000.0,3000000000.0,1170399933.0,1000000000.0,0.0,480,0.69935,0.71732,052100100100,Ministry of Health,23030105,Rehabilitation / Repairs - Hospital / Health Centres,70761,HEALTH N.E.C.,40442200,State Wide,04010222003001,Human and institutional capacity performance management
Malaria Control Programme,0.0,30000000.0,30000000.0,0.0,30000000.0,0.0,480,0.70833,0.72631,052100100100,Ministry of Health,23050101,Research And Development,70761,HEALTH N.E.C.,40442200,State Wide,04010222003101,Human and institutional capacity performance management
Tuberculosis Leprosy Control Programme,0.0,50000000.0,100000000.0,0.0,100000000.0,0.0,480,0.71732,0.73529,052100100100,Ministry of Health,23050101,Research And Development,70761,HEALTH N.E.C.,40442200,State Wide,04010322000701,Health sector coordination mechanisms
"Rehabilitation & Re-Equipment of Psychiatrc Hosp&Sch of Psy Nurs, Nawfia",0.0,250000000.0,200000000.0,30714320.0,200000000.0,0.0,480,0.72631,0.74428,052100100100,Ministry of Health,23020106,Construction / Provision Of Hospitals / Health Centres,70761,HEALTH N.E.C.,40442200,State Wide,04050122000301,Functional health facilities
"Rehabilitation/Upkeep of Central Pharmceutcal/Medical Equipment complx,Awka",0.0,71050000.0,100000000.0,0.0,100000000.0,0.0,480,0.73529,0.75327,052100100100,Ministry of Health,23010122,Purchase Of Health / Medical Equipment,70761,HEALTH N.E.C.,40442200,State Wide,04050122000402,Functional health facilities
"Infrastructural Improvement of School of Nursing, Nkpor",0.0,0.0,385000000.0,0.0,0.0,0.0,480,0.74346,0.76144,052100100100,Ministry of Health,23020106,Construction / Provision Of Hospitals / Health Centres,70761,HEALTH N.E.C.,40442200,State Wide,04050122000502,Functional health facilities
"Infrastructural Improvemnt of the School of Midwifery, Nkpor",0.0,385000000.0,0.0,0.0,350000000.0,0.0,480,0.75245,0.77042,052100100100,Ministry of Health,23020106,Construction / Provision Of Hospitals / Health Centres,70761,HEALTH N.E.C.,40442200,State Wide,04050122000602,Functional health facilities
"Infrastructure Improvement of School of Health Technology, Obosi",152834300.3,250000000.0,350000000.0,98749500.0,350000000.0,0.0,480,0.76144,0.77941,052100100100,Ministry of Health,23020106,Construction / Provision Of Hospitals / Health Centres,70761,HEALTH N.E.C.,40442200,State Wide,04050122000702,Functional health facilities
"Procurement of Drugs,Medical,Surgical Sundries for Health Institution",117857529.0,150000000.0,200000000.0,0.0,200000000.0,0.0,480,0.77042,0.7884,052100100100,Ministry of Health,23010122,Purchase Of Health / Medical Equipment,70761,HEALTH N.E.C.,40442200,State Wide,04060222000102,Vaccines supply chain
Establishment of Disease Control & Surveilnce Centre,13500000.0,63019000.0,90000000.0,0.0,90000000.0,0.0,480,0.77941,0.79739,052100100100,Ministry of Health,23020106,Construction / Provision Of Hospitals / Health Centres,70761,HEALTH N.E.C.,40442200,State Wide,04080122000102,Integrated national disease surveillance
Prevention and Control of River Blindness (Onchosersiasis),0.0,15000000.0,10000000.0,0.0,10000000.0,0.0,480,0.78758,0.80556,052100100100,Ministry of Health,23050103,Monitoring And Evaluation,70761,HEALTH N.E.C.,40442200,State Wide,04080122000202,Integrated national disease surveillance
Medical Equipment and Maintenance,416002225.0,800000000.0,1720000000.0,1464220698.0,2900000000.0,0.0,480,0.79657,0.81454,052100100100,Ministry of Health,23010122,Purchase Of Health / Medical Equipment,70761,HEALTH N.E.C.,40442200,State Wide,04080322000102,Emergency Operation Centres (EOC)
Estabilishment of Fake Drug Control Centres,7050000.0,10000000.0,15000000.0,0.0,15000000.0,0.0,480,0.80556,0.82353,052100100100,Ministry of Health,23020106,Construction / Provision Of Hospitals / Health Centres,70761,HEALTH N.E.C.,40442200,State Wide,04080122000302,Integrated national disease surveillance
Rehabilitation of Drug Quality Control and Assurance centre Awka,0.0,60000000.0,40000000.0,0.0,40000000.0,0.0,480,0.81454,0.83252,052100100100,Ministry of Health,23030121,Rehabilitation / Repairs Of Office Buildings,70761,HEALTH N.E.C.,40442200,State Wide,04060122000402,Sustainable drug supply
Control Programme for HIV/AIDS,0.0,67000000.0,70000000.0,0.0,70000000.0,0.0,480,0.82353,0.8415,052100100100,Ministry of Health,23050101,Research And Development,70761,HEALTH N.E.C.,40442200,State Wide,04080122000402,Integrated national disease surveillance
State Reproductive Health Services Programme,0.0,60000000.0,60000000.0,0.0,60000000.0,0.0,480,0.8317,0.84967,052100100100,Ministry of Health,23050101,Research And Development,70761,HEALTH N.E.C.,40442200,State Wide,04030122000302,"Reproductive, maternal and neonatal health"
Drug Surveillance/Drug Abuse Control,0.0,10300000.0,15000000.0,0.0,15000000.0,0.0,480,0.84069,0.85866,052100100100,Ministry of Health,23050103,Monitoring And Evaluation,70761,HEALTH N.E.C.,40442200,State Wide,04080122000502,Integrated national disease surveillance
Mobile Dental Clinic and Mobile Doctors Clinic,0.0,0.0,50000000.0,0.0,50000000.0,0.0,480,0.84967,0.86765,052100100100,Ministry of Health,23010122,Purchase Of Health / Medical Equipment,70761,HEALTH N.E.C.,40442200,State Wide,04030325000102,Adolescent health
Schistosomiasis Control Programme (Bicharasiasis),0.0,13000000.0,12000000.0,0.0,20000000.0,0.0,480,0.85866,0.87663,052100100100,Ministry of Health,23050101,Research And Development,70761,HEALTH N.E.C.,40442200,State Wide,04060122000502,Sustainable drug supply
Control of Diarhoeal Diseases(CDD)includng Health/IMCI Information&Communication,0.0,20000000.0,20000000.0,0.0,20000000.0,0.0,480,0.86765,0.88562,052100100100,Ministry of Health,23050101,Research And Development,70761,HEALTH N.E.C.,40442200,State Wide,04080122000602,Integrated national disease surveillance
Health Statistical Surveys &Data Bank includng PHC Monitorng,0.0,50000000.0,50000000.0,8990000.0,42000000.0,0.0,480,0.87582,0.89379,052100100100,Ministry of Health,23050101,Research And Development,70761,HEALTH N.E.C.,40442200,State Wide,04070322000601,"Research and development (Institutional Review Board, Clinical Trials)"
Nutrition and Baby Friendly and Hospital Initiatives,0.0,20000000.0,50000000.0,0.0,300000000.0,300000000.0,480,0.8848,0.90278,052100100100,Ministry of Health,23050110,Value Orientation/Sensistization,70761,HEALTH N.E.C.,40442200,State Wide,04090122000201,Mobilising equity contributions and vulnerable group funds
"Prevntion & Ctrl of Non-Comunicable Diseases,Sickle Cell, e.t.c",0.0,50000000.0,50000000.0,0.0,50000000.0,0.0,480,0.89379,0.91176,052100100100,Ministry of Health,23050101,Research And Development,70761,HEALTH N.E.C.,40442200,State Wide,04080122000701,Integrated national disease surveillance
PHC Implemntation Comitee & Celebration of National/International days,0.0,20000000.0,10000000.0,0.0,10000000.0,0.0,480,0.90278,0.92075,052100100100,Ministry of Health,23050104,Anniversaries/Celebrations,70761,HEALTH N.E.C.,40442200,State Wide,04010122000201,"Legal, policy, regulations and standards, guidelines and protocols development and reviews"
Establshmnt of Ministry of Health Website & International Accesibility,0.0,10000000.0,10000000.0,0.0,10000000.0,0.0,481,0.09069,0.10866,052100100100,Ministry of Health,23020127,Construction Of Ict Infrastructures,70761,HEALTH N.E.C.,40442200,State Wide,04070122000302,Routine information system
"Anambra State News Publication Policy Document,Technical Report",0.0,10000000.0,10000000.0,0.0,10000000.0,0.0,481,0.09967,0.11765,052100100100,Ministry of Health,23050111,Publications/Publicity,70761,HEALTH N.E.C.,40442200,State Wide,04070122000402,Routine information system
Anambra State Health Emergency Rapid Response Services (ASHERRS),0.0,100000000.0,50000000.0,0.0,50000000.0,0.0,481,0.10866,0.12663,052100100100,Ministry of Health,23050103,Monitoring And Evaluation,70761,HEALTH N.E.C.,40442200,State Wide,04070122000502,Routine information system
"Cardiothoracic &Renal Dialysis & Mammography Centre, Onitsha",0.0,20000000.0,100000000.0,0.0,100000000.0,0.0,481,0.11765,0.13562,052100100100,Ministry of Health,23010122,Purchase Of Health / Medical Equipment,70761,HEALTH N.E.C.,40442200,State Wide,04080122000802,Integrated national disease surveillance
School Health Service Programme,0.0,35000000.0,30000000.0,0.0,30000000.0,0.0,481,0.12582,0.14379,052100100100,Ministry of Health,23050101,Research And Development,70761,HEALTH N.E.C.,40442200,State Wide,04010322000802,Health sector coordination mechanisms
Improvment of Facility/Infrastructral Improvment at Cotage hospital,33218980.0,50000000.0,50000000.0,0.0,50000000.0,0.0,481,0.1348,0.15278,052100100100,Ministry of Health,23020106,Construction / Provision Of Hospitals / Health Centres,70761,HEALTH N.E.C.,40442200,State Wide,04050122000802,Functional health facilities
Grant-in-Aid to Mission Hospitals/Red Cross/ASA USA Medicinal Mission,0.0,0.0,200000000.0,0.0,200000000.0,0.0,481,0.14379,0.16176,052100100100,Ministry of Health,23020106,Construction / Provision Of Hospitals / Health Centres,70761,HEALTH N.E.C.,40442200,State Wide,04090125000202,Mobilising equity contributions and vulnerable group funds
Accreditation of General Hospitals,0.0,0.0,60000000.0,0.0,30000000.0,0.0,481,0.15278,0.17075,052100100100,Ministry of Health,23050103,Monitoring And Evaluation,70761,HEALTH N.E.C.,40442200,State Wide,04010125000302,"Legal, policy, regulations and standards, guidelines and protocols development and reviews"
"Control of Emerging Comunicable Diseases-Bruno Ulcer, AVIAN Flu",0.0,0.0,15000000.0,0.0,10000000.0,0.0,481,0.16176,0.17974,052100100100,Ministry of Health,23050101,Research And Development,70761,HEALTH N.E.C.,40442200,State Wide,04080125000102,Integrated national disease surveillance
"Procurement and Maintenance of Office Equipment (Executive chairs, Tables,)",0.0,20000000.0,30000000.0,9745000.0,25000000.0,0.0,481,0.16993,0.18791,052100100100,Ministry of Health,23010112,Purchase Of Office Furniture And Fittings,70761,HEALTH N.E.C.,40442200,State Wide,04010122000302,"Legal, policy, regulations and standards, guidelines and protocols development and reviews"
"Task force on Registration of Hospitals, Clinics, Maternity homes",13875000.0,20000000.0,35000000.0,0.0,27000000.0,0.0,481,0.17892,0.1969,052100100100,Ministry of Health,23050103,Monitoring And Evaluation,70761,HEALTH N.E.C.,40442200,State Wide,04070422000402,Monitoring and Evaluation (M&E)
Monitoring & Evaluation Activities in all Health,0.0,25000000.0,70000000.0,3449600.0,45500000.0,0.0,481,0.18791,0.20588,052100100100,Ministry of Health,23050103,Monitoring And Evaluation,70761,HEALTH N.E.C.,40442200,State Wide,04070422000502,Monitoring and Evaluation (M&E)
Support to Emergency & Accident Victims/Aid,23108550.0,60000000.0,75000000.0,33000000.0,90000000.0,0.0,481,0.1969,0.21487,052100100100,Ministry of Health,23050101,Research And Development,70761,HEALTH N.E.C.,40442200,State Wide,04030722000102,Emergency services
Construction of 3numbers Specialist Medical & Diagnostic Centres,0.0,40000000.0,0.0,0.0,4000000000.0,0.0,481,0.20588,0.22386,052100100100,Ministry of Health,23020106,Construction / Provision Of Hospitals / Health Centres,70761,HEALTH N.E.C.,40442200,State Wide,04070124000102,Routine information system
Procurement and distribution of free Antenatal Drugs- Natalife,637333200.0,750000000.0,1000000000.0,370922792.0,1000000000.0,0.0,481,0.21405,0.23203,052100100100,Ministry of Health,23010122,Purchase Of Health / Medical Equipment,70761,HEALTH N.E.C.,40442200,State Wide,04030324000101,Adolescent health
Construction and Equipment of Anambra State Centre for Disease Control,0.0,0.0,100000000.0,0.0,0.0,0.0,481,0.22304,0.24101,052100100100,Ministry of Health,23020106,Construction / Provision Of Hospitals / Health Centres,70761,HEALTH N.E.C.,40442200,State Wide,04050122000901,Functional health facilities
Gender Programming,0.0,20000000.0,20000000.0,0.0,20000000.0,0.0,481,0.23203,0.25,052100100100,Ministry of Health,23050110,Value Orientation/Sensistization,70761,HEALTH N.E.C.,40442200,State Wide,04010322000901,Health sector coordination mechanisms
Adolescent Reproductive Health,0.0,102000000.0,50000000.0,0.0,50000000.0,0.0,481,0.24101,0.25899,052100100100,Ministry of Health,23050101,Research And Development,70761,HEALTH N.E.C.,40442200,State Wide,04030322000101,Adolescent health
Construction and Equipment of Second School of Nursing and Mid Wifery,4675869798.0,6000000000.0,7000000000.0,966922605.0,46000000000.0,0.0,481,0.25,0.26797,052100100100,Ministry of Health,23020106,Construction / Provision Of Hospitals / Health Centres,70761,HEALTH N.E.C.,40442200,State Wide,04050124000102,Functional health facilities
Drug Revolving Fund System,99564000.0,100000000.0,500000000.0,0.0,500000000.0,0.0,481,0.25817,0.27614,052100100100,Ministry of Health,23010122,Purchase Of Health / Medical Equipment,70761,HEALTH N.E.C.,40442200,State Wide,04060122000602,Sustainable drug supply
Construction of Ilicit Drug Rehabilitation Consumer Centre,0.0,0.0,500000000.0,208659000.0,200000000.0,0.0,481,0.26716,0.28513,052100100100,Ministry of Health,23020106,Construction / Provision Of Hospitals / Health Centres,70761,HEALTH N.E.C.,40442200,State Wide,04050125000201,Functional health facilities
Family Planning Programme and Activities,2100000.0,73000000.0,100000000.0,0.0,100000000.0,0.0,481,0.27614,0.29412,052100100100,Ministry of Health,23050103,Monitoring And Evaluation,70761,HEALTH N.E.C.,40442200,State Wide,04010322001001,Health sector coordination mechanisms
Zero Hepatitis Programme and Activities,0.0,15000000.0,10000000.0,0.0,10000000.0,0.0,481,0.28513,0.3031,052100100100,Ministry of Health,23050103,Monitoring And Evaluation,70761,HEALTH N.E.C.,40442200,State Wide,04030322000201,Adolescent health
Maternal Perinatal Disease Surveilance (MPDRS),0.0,100000000.0,90000000.0,0.0,73000000.0,0.0,481,0.29412,0.31209,052100100100,Ministry of Health,23050101,Research And Development,70761,HEALTH N.E.C.,40442200,State Wide,04030322000301,Adolescent health
Construction of Standalone Micro Trauma Center,0.0,70761.0,1500000000.0,254739360.0,0.0,0.0,481,0.30229,0.32026,052100100100,Ministry of Health,23020106,Construction / Provision Of Hospitals / Health Centres,70761,HEALTH N.E.C.,40442200,State Wide,04050125000301,Functional health facilities
Optometry Services,28770000.0,50000000.0,100000000.0,0.0,100000000.0,0.0,481,0.31127,0.32925,052100100100,Ministry of Health,23050101,Research And Development,70761,HEALTH N.E.C.,40442200,State Wide,04010122000401,"Legal, policy, regulations and standards, guidelines and protocols development and reviews"
Health Care Financing Programme,0.0,0.0,0.0,0.0,10000000.0,0.0,481,0.32026,0.33824,052100100100,Ministry of Health,23050108,Capacity Building,70761,HEALTH N.E.C.,40442200,State Wide,04010122001402,"Legal, policy, regulations and standards, guidelines and protocols development and reviews"
Research for Health,0.0,0.0,60000000.0,24400000.0,20000000.0,0.0,481,0.32925,0.34722,052100100100,Ministry of Health,23050110,Value Orientation/Sensistization,70761,HEALTH N.E.C.,40442200,State Wide,04010125000501,"Legal, policy, regulations and standards, guidelines and protocols development and reviews"
Medical Support Services,0.0,0.0,50000000.0,0.0,50000000.0,0.0,481,0.33824,0.35621,052100100100,Ministry of Health,23010122,Purchase Of Health / Medical Equipment,70761,HEALTH N.E.C.,40442200,State Wide,04030725000101,Emergency services
Food Safety/WASH,0.0,0.0,30000000.0,0.0,30000000.0,30000000.0,481,0.34641,0.36438,052100100100,Ministry of Health,23050103,Monitoring And Evaluation,70761,HEALTH N.E.C.,40442200,State Wide,04030625000101,Nutrition
Development of Annual Operational Plan,0.0,0.0,0.0,0.0,25000000.0,0.0,481,0.35539,0.37337,052100100100,Ministry of Health,23050103,Monitoring And Evaluation,70761,HEALTH N.E.C.,40442200,State Wide,04030625000101,Nutrition
Anambra State Emergency Medical Services and Ambulance System,0.0,0.0,0.0,0.0,10000000.0,0.0,481,0.36438,0.38235,052100100100,Ministry of Health,23050103,Monitoring And Evaluation,70761,HEALTH N.E.C.,40442200,State Wide,04030625000101,Nutrition
Occupational Health and safety,0.0,0.0,0.0,0.0,10000000.0,0.0,481,0.37337,0.39134,052100100100,Ministry of Health,23050103,Monitoring And Evaluation,70761,HEALTH N.E.C.,40442200,State Wide,04030625000101,Nutrition
Climate change and Health,0.0,0.0,0.0,0.0,15000000.0,0.0,481,0.38235,0.40033,052100100100,Ministry of Health,23050103,Monitoring And Evaluation,70761,HEALTH N.E.C.,40442200,State Wide,04030625000101,Nutrition
Anti-Corruption sustainability Program,0.0,0.0,0.0,0.0,2000000.0,0.0,481,0.39052,0.4085,052100100100,Ministry of Health,23050103,Monitoring And Evaluation,70761,HEALTH N.E.C.,40442200,State Wide,04030625000101,Nutrition
Nutrition Programme (NUT),0.0,0.0,0.0,0.0,10000000.0,10000000.0,481,0.39951,0.41748,052100100100,Ministry of Health,23050103,Monitoring And Evaluation,70761,HEALTH N.E.C.,40442200,State Wide,04030625000101,Nutrition
Procurement of Office Equipment,0.0,22119413.0,10000000.0,0.0,10000000.0,0.0,481,0.44363,0.4616,052100100200,Indigeneous Medicine and Herbal Practice,23010112,Purchase Of Office Furniture And Fittings,70724,PARAMEDICAL SERVICES,40442200,State Wide,04010322001104,Health sector coordination mechanisms
Inspection and Monitoring of all Traditional Medicine Practitioners,0.0,12904163.0,0.0,0.0,10000000.0,0.0,481,0.45261,0.47059,052100100200,Indigeneous Medicine and Herbal Practice,23050103,Monitoring And Evaluation,70724,PARAMEDICAL SERVICES,40442200,State Wide,04010222000704,Human and institutional capacity performance management
Traning Prac(cid:415)(cid:415)oners on the use of Herbs/Tradi(cid:415)onal Birth,0.0,30000000.0,0.0,0.0,20000000.0,0.0,481,0.46078,0.47876,052100100200,Indigeneous Medicine and Herbal Practice,23050108,Capacity Building,70724,PARAMEDICAL SERVICES,40442200,State Wide,04040322001304,In service training (continuing education)
Training Health Care Providers /others,0.0,0.0,5000000.0,4800000.0,5000000.0,0.0,481,0.47059,0.48856,052100100200,Indigeneous Medicine and Herbal Practice,23050108,Capacity Building,70724,PARAMEDICAL SERVICES,40442200,State Wide,04040322001404,In service training (continuing education)
Enforcement /Compliance,0.0,11666663.0,0.0,0.0,5000000.0,0.0,481,0.47876,0.49673,052100100200,Indigeneous Medicine and Herbal Practice,23050103,Monitoring And Evaluation,70724,PARAMEDICAL SERVICES,40442200,State Wide,04070422000404,Monitoring and Evaluation (M&E)
Extabilishment of Health Resarch and Statistics Centres,0.0,5416663.0,2000000.0,0.0,2000000.0,0.0,481,0.48775,0.50572,052100100200,Indigeneous Medicine and Herbal Practice,23050101,Research And Development,70724,PARAMEDICAL SERVICES,40442200,State Wide,04070122000604,Routine information system
Stake Holders Summit,0.0,20000000.0,0.0,0.0,5000000.0,0.0,481,0.49673,0.51471,052100100200,Indigeneous Medicine and Herbal Practice,23050104,Anniversaries/Celebrations,70724,PARAMEDICAL SERVICES,40442200,State Wide,04010122003804,"Legal, policy, regulations and standards, guidelines and protocols development and reviews"
Printing /Dissemination of Code of Conduct,0.0,4000000.0,0.0,0.0,2000000.0,0.0,481,0.50572,0.52369,052100100200,Indigeneous Medicine and Herbal Practice,23050111,Publications/Publicity,70724,PARAMEDICAL SERVICES,40442200,State Wide,04010322001204,Health sector coordination mechanisms
Indigenous & Herbal Medicine Technical Report,0.0,16250000.0,5000000.0,0.0,3000000.0,0.0,481,0.51471,0.53268,052100100200,Indigeneous Medicine and Herbal Practice,23050111,Publications/Publicity,70724,PARAMEDICAL SERVICES,40442200,State Wide,04070122000704,Routine information system
Provide support for appropriate equipping of treatment centers,0.0,20833326.0,0.0,0.0,10000000.0,0.0,481,0.52288,0.54085,052100100200,Indigeneous Medicine and Herbal Practice,23010122,Purchase Of Health / Medical Equipment,70724,PARAMEDICAL SERVICES,40442200,State Wide,04030722000304,Emergency services
Procurement and Maintenance of Lab Equipment,0.0,20833326.0,5000000.0,0.0,5000000.0,0.0,481,0.53186,0.54984,052100100200,Indigeneous Medicine and Herbal Practice,23010122,Purchase Of Health / Medical Equipment,70724,PARAMEDICAL SERVICES,40442200,State Wide,04080222000404,Public health laboratories
Project Implementation and Monitoring Activities (PRS),0.0,0.0,0.0,0.0,2000000.0,0.0,481,0.54085,0.55882,052100100200,Indigeneous Medicine and Herbal Practice,23050101,Research And Development,70724,PARAMEDICAL SERVICES,40442200,State Wide,04070422000504,Monitoring and Evaluation (M&E)
Standardization and Regulation of Herbal Products 23050101 - Research And Development,0.0,41000000.0,50000000.0,33145000.0,50000000.0,0.0,481,0.54984,0.56781,052100100200,Indigeneous Medicine and Herbal Practice,,reviews,70724,PARAMEDICAL SERVICES,40442200,State Wide,04010122003904,"Legal, policy, regulations and standards, guidelines and protocols development and"
Capacity Building for the Anambra State Health Insurance Program,0.0,10000000.0,10000000.0,0.0,10000000.0,0.0,481,0.59395,0.61193,052100200100,Anambra State Health Insurance Agency,23050108,Capacity Building,70741,PUBLIC HEALTH SERVICES,40442200,State Wide,04010122000104,"Legal, policy, regulations and standards, guidelines and protocols development and reviews"
Procurement of Office Equipment,0.0,15000000.0,10000000.0,0.0,0.0,0.0,481,0.60294,0.62092,052100200100,Anambra State Health Insurance Agency,23010112,Purchase Of Office Furniture And Fittings,70741,PUBLIC HEALTH SERVICES,40442200,State Wide,04010322000102,Health sector coordination mechanisms
Quality Assurance/Monitoring and Monitoring Activities,0.0,6000000.0,5000000.0,0.0,3000000.0,0.0,481,0.61111,0.62908,052100200100,Anambra State Health Insurance Agency,23050103,Monitoring And Evaluation,70741,PUBLIC HEALTH SERVICES,40442200,State Wide,04070422000104,Monitoring and Evaluation (M&E)
0.5% State consolidated revenue (equity fund) for vulnerable indigene free health insurance coverage.,0.0,0.0,144000000.0,0.0,144000000.0,0.0,481,0.6201,0.63807,052100200100,Anambra State Health Insurance Agency,23050110,Value Orientation/Sensistization,70741,PUBLIC HEALTH SERVICES,40442200,State Wide,04090125000102,Mobilising equity contributions and vulnerable group funds
HCP Review Meetings,0.0,0.0,0.0,0.0,5000000.0,0.0,481,0.62908,0.64706,052100200100,Anambra State Health Insurance Agency,23050110,Value Orientation/Sensistization,70741,PUBLIC HEALTH SERVICES,40442200,State Wide,04090125000102,Mobilising equity contributions and vulnerable group funds
Capacity Building of Staff of the Ministry,0.0,10000000.0,20000000.0,0.0,50000000.0,0.0,481,0.6732,0.69118,052100300100,Anambra State Primary Health Care Agency,23050108,Capacity Building,70741,PUBLIC HEALTH SERVICES,40442200,State Wide,04090122000104,Mobilising equity contributions and vulnerable group funds
"Maternal, New born and Child Health Week",0.0,10000000.0,50000000.0,0.0,50000000.0,0.0,481,0.68219,0.70016,052100300100,Anambra State Primary Health Care Agency,23050104,Anniversaries/Celebrations,70741,PUBLIC HEALTH SERVICES,40442200,State Wide,04030122000101,"Reproductive, maternal and neonatal health"
"21LGAs, Pictorial Guides & CORPS Daily & Monthly Monitoring",0.0,6000000.0,10000000.0,0.0,10000000.0,0.0,481,0.69118,0.70915,052100300100,Anambra State Primary Health Care Agency,23050103,Monitoring And Evaluation,70741,PUBLIC HEALTH SERVICES,40442200,State Wide,04070322000101,"Research and development (Institutional Review Board, Clinical Trials)"
Need Assessment for IMCI Implementation Status,0.0,10000000.0,10000000.0,0.0,40000000.0,0.0,481,0.69935,0.71732,052100300100,Anambra State Primary Health Care Agency,23050101,Research And Development,70741,PUBLIC HEALTH SERVICES,40442200,State Wide,04020122000101,Community interventions
Health Education and Social Mobilization,0.0,0.0,15000000.0,0.0,0.0,0.0,481,0.70833,0.72631,052100300100,Anambra State Primary Health Care Agency,23050110,Value Orientation/Sensistization,70741,PUBLIC HEALTH SERVICES,40442200,State Wide,04040322000101,In service training (continuing education)
Creation of Nutrition Centres in 3 Endemic LGAs in 3 Zones/Management of cases of malnutition,0.0,6800000.0,50000000.0,0.0,50000000.0,50000000.0,481,0.71732,0.73529,052100300100,Anambra State Primary Health Care Agency,23050101,Research And Development,70741,PUBLIC HEALTH SERVICES,40442200,State Wide,04050122000101,Functional health facilities
Upgrading ORS Corners to Nutrition Corners in existing Government,0.0,7500000.0,10000000.0,0.0,10000000.0,10000000.0,481,0.72631,0.74428,052100300100,Anambra State Primary Health Care Agency,23050101,Research And Development,70741,PUBLIC HEALTH SERVICES,40442200,State Wide,04030622000101,Nutrition
National Programme on Immunization Program,12294000.0,100000000.0,250000000.0,0.0,100000000.0,0.0,481,0.73529,0.75327,052100300100,Anambra State Primary Health Care Agency,23050104,Anniversaries/Celebrations,70741,PUBLIC HEALTH SERVICES,40442200,State Wide,04010422000101,Integrated supportive supervision
Conduct Quarterly Cold Chain Equipment Maintenance in the St,0.0,10000000.0,100000000.0,0.0,150000000.0,0.0,481,0.74346,0.76144,052100300100,Anambra State Primary Health Care Agency,23050101,Research And Development,70741,PUBLIC HEALTH SERVICES,40442200,State Wide,04040222000101,HRH Performance management
"PHC Implementation Comimttee & Celebration of National Day, World AIDS Day, World Population day, World Cildren day.",0.0,4000000.0,10000000.0,0.0,5000000.0,0.0,481,0.75245,0.77042,052100300100,Anambra State Primary Health Care Agency,23050104,Anniversaries/Celebrations,70741,PUBLIC HEALTH SERVICES,40442200,State Wide,04070322000201,"Research and development (Institutional Review Board, Clinical Trials)"
Creation of Nutrition Club/World Nutrition Weeks,0.0,9000000.0,60000000.0,0.0,5000000.0,5000000.0,481,0.76144,0.77941,052100300100,Anambra State Primary Health Care Agency,23050104,Anniversaries/Celebrations,70741,PUBLIC HEALTH SERVICES,40442200,State Wide,04030622000201,Nutrition
Distribution of MUAC Tapes to all facitities,0.0,3000000.0,4000000.0,0.0,4000000.0,0.0,481,0.77042,0.7884,052100300100,Anambra State Primary Health Care Agency,23050103,Monitoring And Evaluation,70741,PUBLIC HEALTH SERVICES,40442200,State Wide,04060122000101,Sustainable drug supply
Scale up Nutrition for Children with Nutrition needs,0.0,10000000.0,20000000.0,0.0,5000000.0,5000000.0,481,0.77941,0.79739,052100300100,Anambra State Primary Health Care Agency,23030105,Rehabilitation / Repairs - Hospital / Health Centres,70741,PUBLIC HEALTH SERVICES,40442200,State Wide,04030622000301,Nutrition
Renovation and Equipmening of PHCs in the State,0.0,0.0,65000000.0,0.0,100000000.0,0.0,481,0.78758,0.80556,052100300100,Anambra State Primary Health Care Agency,23030121,Rehabilitation / Repairs Of Office Buildings,70741,PUBLIC HEALTH SERVICES,40442200,State Wide,04050122000201,Functional health facilities
Estabilishment of Mgt Inf.Syetem,0.0,3000000.0,25000000.0,0.0,4000000.0,0.0,481,0.79657,0.81454,052100300100,Anambra State Primary Health Care Agency,23010113,Purchase Of Computers,70741,PUBLIC HEALTH SERVICES,40442200,State Wide,04070122000101,Routine information system
Essential Drugs and Logistics,0.0,49000000.0,50000000.0,0.0,50000000.0,0.0,481,0.80556,0.82353,052100300100,Anambra State Primary Health Care Agency,23010122,Purchase Of Health / Medical Equipment,70741,PUBLIC HEALTH SERVICES,40442200,State Wide,04060122000201,Sustainable drug supply
Health Statistical Survey,0.0,6500000.0,40000000.0,0.0,0.0,0.0,481,0.81454,0.83252,052100300100,Anambra State Primary Health Care Agency,23050111,Publications/Publicity,70741,PUBLIC HEALTH SERVICES,40442200,State Wide,04070222000101,Surveys and facility assessments
Project Implementation and Monitoring Activities (PRS),0.0,5000000.0,2000000.0,0.0,5000000.0,0.0,481,0.82353,0.8415,052100300100,Anambra State Primary Health Care Agency,23050101,Research And Development,70741,PUBLIC HEALTH SERVICES,40442200,State Wide,04070422000201,Monitoring and Evaluation (M&E)
Purchase of Office Furniture and Equipment( 5No.Executive Chairs and Tables),0.0,20000000.0,20000000.0,0.0,20000000.0,0.0,481,0.8317,0.84967,052100300100,Anambra State Primary Health Care Agency,23010112,Purchase Of Office Furniture And Fittings,70741,PUBLIC HEALTH SERVICES,40442200,State Wide,04010322000201,Health sector coordination mechanisms
Anambra PHC Development Agency Office Completion of Building,0.0,0.0,10000000.0,0.0,7000000.0,0.0,481,0.84069,0.85866,052100300100,Anambra State Primary Health Care Agency,23020101,Construction / Provision Of Office Buildings,70741,PUBLIC HEALTH SERVICES,40442200,State Wide,04010322000301,Health sector coordination mechanisms
State Emergency Maternal and Child Health Intervention Centre(SEMCHIC) Activities,0.0,100000000.0,100000000.0,0.0,99000000.0,0.0,481,0.84967,0.86765,052100300100,Anambra State Primary Health Care Agency,23050101,Research And Development,70741,PUBLIC HEALTH SERVICES,40442200,State Wide,04070322000401,"Research and development (Institutional Review Board, Clinical Trials)"
"Community Health Influencers, Promoters and Services (CHIPs) Programme",0.0,10000000.0,10000000.0,0.0,0.0,0.0,481,0.85866,0.87663,052100300100,Anambra State Primary Health Care Agency,23050101,Research And Development,70741,PUBLIC HEALTH SERVICES,40442200,State Wide,04070322000501,"Research and development (Institutional Review Board, Clinical Trials)"
Sustainability Support Funds for BHCPF,0.0,50000000.0,300000000.0,0.0,300000000.0,0.0,481,0.86765,0.88562,052100300100,Anambra State Primary Health Care Agency,23050101,Research And Development,70741,PUBLIC HEALTH SERVICES,40442200,State Wide,04060122000301,Sustainable drug supply
Monitoring and Evaluation Activities,0.0,9000000.0,9000000.0,0.0,8000000.0,0.0,481,0.87582,0.89379,052100300100,Anambra State Primary Health Care Agency,23050103,Monitoring And Evaluation,70741,PUBLIC HEALTH SERVICES,40442200,State Wide,04070422000301,Monitoring and Evaluation (M&E)
Anti-Curruption sustainabilty program,0.0,0.0,0.0,0.0,2000000.0,0.0,481,0.8848,0.90278,052100300100,Anambra State Primary Health Care Agency,23050101,Research And Development,70741,PUBLIC HEALTH SERVICES,40442200,State Wide,04070422000301,Monitoring and Evaluation (M&E)
Nutrition Activities,0.0,0.0,0.0,0.0,10000000.0,10000000.0,481,0.89379,0.91176,052100300100,Anambra State Primary Health Care Agency,23050101,Research And Development,70741,PUBLIC HEALTH SERVICES,40442200,State Wide,04070422000301,Monitoring and Evaluation (M&E)
Community Based Health Workers Program (CBHW,0.0,0.0,0.0,0.0,50000000.0,0.0,481,0.90278,0.92075,052100300100,Anambra State Primary Health Care Agency,23050101,)23050101 - Research And Development,70741,PUBLIC HEALTH SERVICES,40442200,State Wide,04070422000301,Monitoring and Evaluation (M&E)
Integrated Management Child Ilnesses (IMCI) Program,0.0,0.0,0.0,0.0,10000000.0,0.0,482,0.09069,0.10866,052100300100,Anambra State Primary Health Care Agency,23050101,Research And Development,70741,PUBLIC HEALTH SERVICES,40442200,State Wide,04070422000301,Monitoring and Evaluation (M&E)
Procurement of Motor Vehicle: 2 Ambulance Buses @ 25m,0.0,100000000.0,0.0,0.0,205000000.0,0.0,482,0.1348,0.15278,052100303400,Chukwuemeka Odumegwu Ojukwu Teaching Hospital center,23010105,Purchase Of Motor Vehicles,70732,SPECIALIZED HOSPITAL SERVICES,40442200,State Wide,04010322002103,Health sector coordination mechanisms
Procurement of Medical Equipment COOUTH Amaku Awka,0.0,483241000.0,0.0,0.0,1300000000.0,0.0,482,0.14379,0.16176,052100303400,Chukwuemeka Odumegwu Ojukwu Teaching Hospital center,23010122,Purchase Of Health / Medical Equipment,70732,SPECIALIZED HOSPITAL SERVICES,40442200,State Wide,04010322002203,Health sector coordination mechanisms
Construction and Equiping of Intensive Care Unit,0.0,0.0,50000000.0,0.0,0.0,0.0,482,0.15278,0.17075,052100303400,Chukwuemeka Odumegwu Ojukwu Teaching Hospital center,23020106,Construction / Provision Of Hospitals / Health Centres,70732,SPECIALIZED HOSPITAL SERVICES,40442200,State Wide,04010322002303,Health sector coordination mechanisms
Completion of Private ward under construction & Isolation Unit,0.0,0.0,936000000.0,0.0,0.0,0.0,482,0.16176,0.17974,052100303400,Chukwuemeka Odumegwu Ojukwu Teaching Hospital center,23020106,Construction / Provision Of Hospitals / Health Centres,70732,SPECIALIZED HOSPITAL SERVICES,40442200,State Wide,04010322002403,Health sector coordination mechanisms
Procurement of Generating Set,0.0,0.0,0.0,0.0,100000000.0,0.0,482,0.16993,0.18791,052100303400,Chukwuemeka Odumegwu Ojukwu Teaching Hospital center,23010119,Purchase Of Power Generating Set,70732,SPECIALIZED HOSPITAL SERVICES,40442200,State Wide,04010322002603,Health sector coordination mechanisms
Purchase of Office Furniture & Equipment,0.0,50000000.0,0.0,0.0,50000000.0,0.0,482,0.17892,0.1969,052100303400,Chukwuemeka Odumegwu Ojukwu Teaching Hospital center,23010112,Purchase Of Office Furniture And Fittings,70732,SPECIALIZED HOSPITAL SERVICES,40442200,State Wide,04010322002703,Health sector coordination mechanisms
Rehabilitation of Office Buildings,0.0,0.0,100000000.0,0.0,10000000.0,0.0,482,0.18791,0.20588,052100303400,Chukwuemeka Odumegwu Ojukwu Teaching Hospital center,23030121,Rehabilitation / Repairs Of Office Buildings,70732,SPECIALIZED HOSPITAL SERVICES,40442200,State Wide,04050122001703,Functional health facilities
Rehabilitation of ICT Infrastructures,0.0,0.0,34000000.0,0.0,0.0,0.0,482,0.1969,0.21487,052100303400,Chukwuemeka Odumegwu Ojukwu Teaching Hospital center,23030127,Rehabilitation/Repairs- Ict Infrastructures,70732,SPECIALIZED HOSPITAL SERVICES,40442200,State Wide,04050122001803,Functional health facilities
Accrediatation of Department and Colleges,0.0,40000000.0,10000000.0,0.0,80000000.0,0.0,482,0.20588,0.22386,052100303400,Chukwuemeka Odumegwu Ojukwu Teaching Hospital center,23050101,Research And Development,70732,SPECIALIZED HOSPITAL SERVICES,40442200,State Wide,04010122004003,"Legal, policy, regulations and standards, guidelines and protocols development and reviews"
Rehabilitation of Water Borehole Facilities & Reticulation,0.0,15000000.0,0.0,0.0,40000000.0,0.0,482,0.21405,0.23203,052100303400,Chukwuemeka Odumegwu Ojukwu Teaching Hospital center,23030104,Rehabilitation / Repairs - Water Facilities,70732,SPECIALIZED HOSPITAL SERVICES,40442200,State Wide,04050322000203,"Facility electrification, water and sanitation"
"MDA Anti-Curruption Crusade Activities, Service Reforms and Re-orientation",0.0,0.0,60000000.0,0.0,2000000.0,0.0,482,0.22304,0.24101,052100303400,Chukwuemeka Odumegwu Ojukwu Teaching Hospital center,23050101,Research And Development,70732,SPECIALIZED HOSPITAL SERVICES,40442200,State Wide,04050322000203,"Facility electrification, water and sanitation"
"Planning, Research and Statistical (PRS)- Department's Monitoring and Evaluation Activities",0.0,0.0,30000000.0,0.0,5000000.0,0.0,482,0.23203,0.25,052100303400,Chukwuemeka Odumegwu Ojukwu Teaching Hospital center,23050101,Research And Development,70732,SPECIALIZED HOSPITAL SERVICES,40442200,State Wide,04050322000203,"Facility electrification, water and sanitation"
Procurement of office Equipment -oxygen Cylinders,49726875.0,50000000.0,20000000.0,0.0,30000000.0,0.0,482,0.27614,0.29412,052110100100,Anambra State Oxygen Production Plant,23010122,Purchase Of Health / Medical Equipment,70442,MANUFACTURING,40442200,State Wide,04010322002804,Health sector coordination mechanisms
Purchase of Office Furniture & Fittings,0.0,4000000.0,4000000.0,0.0,4000000.0,0.0,482,0.28513,0.3031,052110100100,Anambra State Oxygen Production Plant,23010112,Purchase Of Office Furniture And Fittings,70442,MANUFACTURING,40442200,State Wide,04010322003204,Health sector coordination mechanisms
Capacity Training (Others 20 no of staff to be trained),0.0,7000000.0,7000000.0,0.0,10000000.0,0.0,482,0.29412,0.31209,052110100100,Anambra State Oxygen Production Plant,23050108,Capacity Building,70442,MANUFACTURING,40442200,State Wide,04010322003304,Health sector coordination mechanisms
Rehabilitation and mtce of Oxygen Gas plant factory,0.0,100000000.0,30000000.0,0.0,40000000.0,0.0,482,0.30229,0.32026,052110100100,Anambra State Oxygen Production Plant,23030104,Rehabilitation / Repairs - Water Facilities,70732,SPECIALIZED HOSPITAL SERVICES,40442200,State Wide,04050122001904,Functional health facilities
PRS Activities,0.0,7000000.0,0.0,0.0,5000000.0,0.0,482,0.31127,0.32925,052110100100,Anambra State Oxygen Production Plant,23050101,Research And Development,70732,SPECIALIZED HOSPITAL SERVICES,40442200,State Wide,04010322003704,Health sector coordination mechanisms
Environmental Health Monitoring and Control,2500000.0,6000000.0,22500000.0,0.0,0.0,0.0,482,0.35539,0.37337,053500100100,Ministry of Environment,23040105,Water Pollution Prevention & Control,70561,ENVIRONMENTAL PROTECTION N.E.C.,40442200,State Wide,09100122001500,Environmental Improvement - General
Household Sanitary Inspection Activities,0.0,24000000.0,6000000.0,0.0,0.0,0.0,482,0.36438,0.38235,053500100100,Ministry of Environment,23040105,Water Pollution Prevention & Control,70561,ENVIRONMENTAL PROTECTION N.E.C.,40442200,State Wide,09100122001800,Environmental Improvement - General
Public enlightenment on Ecological issues,0.0,1480000.0,10000000.0,0.0,10000000.0,0.0,482,0.37337,0.39134,053500100100,Ministry of Environment,23050110,Value Orientation/Sensistization,70561,ENVIRONMENTAL PROTECTION N.E.C.,40442200,State Wide,09100122002000,Environmental Improvement - General
Waste disposal/establishment of waste management facilities,0.0,0.0,0.0,0.0,500000000.0,0.0,482,0.38235,0.40033,053500100100,Ministry of Environment,23010129,Purchase Of Industrial Equipment,70561,ENVIRONMENTAL PROTECTION N.E.C.,40442200,State Wide,09100122002500,Environmental Improvement - General
Plants Nursery establishment for flood and erosion control,0.0,18000000.0,13650000.0,0.0,35000000.0,0.0,482,0.39052,0.4085,053500100100,Ministry of Environment,23040101,Tree Planting,70561,ENVIRONMENTAL PROTECTION N.E.C.,40442200,State Wide,09100122002600,Environmental Improvement - General
Environmental enforcement,70421356.36,72000000.0,14000000.0,0.0,14000000.0,0.0,482,0.39951,0.41748,053500100100,Ministry of Environment,23050103,Monitoring And Evaluation,70561,ENVIRONMENTAL PROTECTION N.E.C.,40442200,State Wide,09100122002800,Environmental Improvement - General
Fumigation of Public Places and Buildings,0.0,54000000.0,30000000.0,0.0,30000000.0,0.0,482,0.4085,0.42647,053500100100,Ministry of Environment,23040104,Industrial Pollution Prevention & Control,70561,ENVIRONMENTAL PROTECTION N.E.C.,40442200,State Wide,09100122003200,Environmental Improvement - General
EIA including Climate Change: Mandatory Envronment,0.0,15000000.0,3000000.0,0.0,7000000.0,0.0,482,0.41748,0.43546,053500100100,Ministry of Environment,23050101,Research And Development,70561,ENVIRONMENTAL PROTECTION N.E.C.,40442200,State Wide,09100122003300,Environmental Improvement - General
Anambra State Summit on Environment,0.0,3500000.0,5000000.0,0.0,5000000.0,0.0,482,0.42647,0.44444,053500100100,Ministry of Environment,23050104,Anniversaries/Celebrations,70561,ENVIRONMENTAL PROTECTION N.E.C.,40442200,State Wide,09100122003500,Environmental Improvement - General
Ministry of Environment's Statistical Bulletin,0.0,1500000.0,4000000.0,0.0,0.0,0.0,482,0.43464,0.45261,053500100100,Ministry of Environment,23050111,Publications/Publicity,70561,ENVIRONMENTAL PROTECTION N.E.C.,40442200,State Wide,09100122003600,Environmental Improvement - General
Capacity Building of Environmental Heaalth Officers and other Staff of the Ministry,45916850.0,52000000.0,30000000.0,0.0,25000000.0,0.0,482,0.44363,0.4616,053500100100,Ministry of Environment,23050108,Capacity Building,70561,ENVIRONMENTAL PROTECTION N.E.C.,40442200,State Wide,09100122003700,Environmental Improvement - General
Purchase of Office Furniture/Fitting,0.0,36000000.0,31095000.0,0.0,5000000.0,0.0,482,0.45261,0.47059,053500100100,Ministry of Environment,23010112,Purchase Of Office Furniture And Fittings,70561,ENVIRONMENTAL PROTECTION N.E.C.,40442200,State Wide,09100122003800,Environmental Improvement - General
Schools Environmental Health Outreach Programme,0.0,9500000.0,1700000.0,0.0,5000000.0,0.0,482,0.4616,0.47958,053500100100,Ministry of Environment,23050110,Value Orientation/Sensistization,70561,ENVIRONMENTAL PROTECTION N.E.C.,40442200,State Wide,09100122003900,Environmental Improvement - General
Commemoration of Environmental Days,0.0,18500000.0,20000000.0,0.0,15000000.0,0.0,482,0.47059,0.48856,053500100100,Ministry of Environment,23050104,Anniversaries/Celebrations,70561,ENVIRONMENTAL PROTECTION N.E.C.,40442200,State Wide,09100122004000,Environmental Improvement - General
Water Weed Control,10842830.76,28000000.0,58000000.0,0.0,0.0,0.0,482,0.47876,0.49673,053500100100,Ministry of Environment,23040102,Erosion & Flood Control,70561,ENVIRONMENTAL PROTECTION N.E.C.,40442200,State Wide,09100122004100,Environmental Improvement - General
"Planning, Research and Statistical (PRS)- Department's Monitoring and Evaluation Activities",0.0,2000000.0,2000000.0,0.0,5000000.0,0.0,482,0.48775,0.50572,053500100100,Ministry of Environment,23050101,Research And Development,70561,ENVIRONMENTAL PROTECTION N.E.C.,40442200,State Wide,09100122004300,Environmental Improvement - General
Climate Change Activities,0.0,13500000.0,20000000.0,0.0,45000000.0,0.0,482,0.49673,0.51471,053500100100,Ministry of Environment,23040101,Tree Planting,70561,ENVIRONMENTAL PROTECTION N.E.C.,40442200,State Wide,09100122004400,Environmental Improvement - General
Public Toilets,0.0,100000000.0,0.0,0.0,130000000.0,0.0,482,0.50572,0.52369,053500100100,Ministry of Environment,23010112,Purchase Of Office Furniture And Fittings,70561,ENVIRONMENTAL PROTECTION N.E.C.,40442200,State Wide,09100122004500,Environmental Improvement - General
Ecological Control (Biological),0.0,0.0,15000000.0,0.0,5000000.0,0.0,482,0.51471,0.53268,053500100100,Ministry of Environment,23040102,Erosion & Flood Control,70561,ENVIRONMENTAL PROTECTION N.E.C.,40442200,State Wide,09100122004600,Environmental Improvement - General
Purchase of Water Sprinkler Truck,0.0,0.0,0.0,0.0,35000000.0,0.0,482,0.52288,0.54085,053500100100,Ministry of Environment,23010129,Purchase Of Industrial Equipment,70561,ENVIRONMENTAL PROTECTION N.E.C.,40442200,State Wide,09100122004700,Environmental Improvement - General
Purchase of mechanized road sweeper trucks,0.0,0.0,0.0,0.0,105000000.0,0.0,482,0.53186,0.54984,053500100100,Ministry of Environment,23010129,Purchase Of Industrial Equipment,70561,ENVIRONMENTAL PROTECTION N.E.C.,40442200,State Wide,09100122004800,Environmental Improvement - General
"MDA Anti-Curruption Crusade Activities, Service Reforms and Re-orientation",0.0,0.0,0.0,0.0,2000000.0,0.0,482,0.54085,0.55882,053500100100,Ministry of Environment,23050101,Research And Development,70561,ENVIRONMENTAL PROTECTION N.E.C.,40442200,State Wide,09100122004900,Environmental Improvement - General
"Cleaning and Sanitation Management, Re-Covid prevention",0.0,0.0,0.0,0.0,20000000.0,0.0,482,0.54984,0.56781,053500100100,Ministry of Environment,23010112,Purchase Of Office Furniture And Fittings,70561,ENVIRONMENTAL PROTECTION N.E.C.,40442200,State Wide,09100122005000,Environmental Improvement - General
Purchase of Modern Waste Segregation Receptacle,0.0,0.0,0.0,0.0,30000000.0,0.0,482,0.55882,0.5768,053500100100,Ministry of Environment,23010117,Purchase Of Shredding Machines,70561,ENVIRONMENTAL PROTECTION N.E.C.,40442200,State Wide,09100122005100,Environmental Improvement - General
Establishment & Upgrading of Existing Parks & Garden,0.0,0.0,0.0,0.0,50000000.0,0.0,482,0.60294,0.62092,053500200100,Anambra State Park and Gardens,23020119,Construction / Provision Of Recreational Facilities,70473,TOURISM,40442200,State Wide,09100122000100,Environmental Improvement - General
Public enlightenment on Ecological issues,0.0,0.0,0.0,0.0,10000000.0,0.0,482,0.61111,0.62908,053500200100,Anambra State Park and Gardens,23050111,Publications/Publicity,70473,TOURISM,40442200,State Wide,09100122000200,Environmental Improvement - General
Plant/Tree Nursery Development,0.0,0.0,0.0,0.0,20000000.0,0.0,482,0.6201,0.63807,053500200100,Anambra State Park and Gardens,23040101,Tree Planting,70473,TOURISM,40442200,State Wide,09100122000300,Environmental Improvement - General
Procurement of chemicals and tools,0.0,0.0,0.0,0.0,50000000.0,0.0,482,0.62908,0.64706,053500200100,Anambra State Park and Gardens,23010129,Purchase Of Industrial Equipment,70473,TOURISM,40442200,State Wide,09100122000500,Environmental Improvement - General
Enforcement and Control,0.0,0.0,0.0,0.0,15000000.0,0.0,482,0.63807,0.65605,053500200100,Anambra State Park and Gardens,23050103,Monitoring And Evaluation,70473,TOURISM,40442200,State Wide,09100122000600,Environmental Improvement - General
Construction of Leisure Garden at Nnewi,0.0,0.0,0.0,0.0,50000000.0,0.0,482,0.64706,0.66503,053500200100,Anambra State Park and Gardens,23020119,Construction / Provision Of Recreational Facilities,70473,TOURISM,40442200,State Wide,09100122000700,Environmental Improvement - General
Project Implementation and Monitoring Activities (PRS),0.0,0.0,0.0,0.0,5000000.0,0.0,482,0.65523,0.6732,053500200100,Anambra State Park and Gardens,23050101,Research And Development,70473,TOURISM,40442200,State Wide,09100122001100,Environmental Improvement - General
Provision for maintenance of Old/New gardens at Awka and Onitsha,0.0,0.0,0.0,0.0,25000000.0,0.0,482,0.66422,0.68219,053500200100,Anambra State Park and Gardens,23030104,Rehabilitation / Repairs - Water Facilities,70732,SPECIALIZED HOSPITAL SERVICES,40442200,State Wide,09100122001300,Environmental Improvement - General
Water and Environmental Sanitation tracking,0.0,10000000.0,20000000.0,0.0,20000000.0,0.0,482,0.70833,0.72631,053500400100,"Anambra State Erosion, Watershed and Climate Change Agency",23040102,Erosion & Flood Control,70561,ENVIRONMENTAL PROTECTION N.E.C.,40442200,State Wide,20100122000100,CLIMATE CHANGE - General
Erosion control Program project,253982571.0,1000000000.0,2000000000.0,448182012.0,5000000000.0,0.0,482,0.71732,0.73529,053500400100,"Anambra State Erosion, Watershed and Climate Change Agency",23040102,Erosion & Flood Control,70561,ENVIRONMENTAL PROTECTION N.E.C.,40442200,State Wide,20100122000200,CLIMATE CHANGE - General
Environmental Inpact Assesment including Climate Change,0.0,10000000.0,20000000.0,0.0,20000000.0,0.0,482,0.72631,0.74428,053500400100,"Anambra State Erosion, Watershed and Climate Change Agency",23040102,Erosion & Flood Control,70561,ENVIRONMENTAL PROTECTION N.E.C.,40442200,State Wide,20100122000400,CLIMATE CHANGE - General
Mandatory Envronment Management,0.0,50000000.0,50000000.0,0.0,50000000.0,0.0,482,0.73529,0.75327,053500400100,"Anambra State Erosion, Watershed and Climate Change Agency",23040102,Erosion & Flood Control,70561,ENVIRONMENTAL PROTECTION N.E.C.,40442200,State Wide,20100122000500,CLIMATE CHANGE - General
"Planning, Research and Statistical (PRS)- Department's Monitoring and Evaluation Activities",0.0,0.0,0.0,0.0,5000000.0,0.0,482,0.74346,0.76144,053500400100,"Anambra State Erosion, Watershed and Climate Change Agency",23050101,Research And Development,70561,ENVIRONMENTAL PROTECTION N.E.C.,40442200,State Wide,20100122000600,CLIMATE CHANGE - General
Monitoring and Evaluation Activities,0.0,5000000.0,14750000.0,0.0,10000000.0,0.0,482,0.75245,0.77042,053500400100,"Anambra State Erosion, Watershed and Climate Change Agency",23050103,Monitoring And Evaluation,70561,ENVIRONMENTAL PROTECTION N.E.C.,40442200,State Wide,20100122000700,CLIMATE CHANGE - General
Capacity Building of Staff of the Agency,0.0,15000000.0,17800000.0,0.0,15000000.0,0.0,482,0.76144,0.77941,053500400100,"Anambra State Erosion, Watershed and Climate Change Agency",23050108,Capacity Building,70561,ENVIRONMENTAL PROTECTION N.E.C.,40442200,State Wide,20100122000800,CLIMATE CHANGE - General
Communication Visibilities Activities (TBD ),0.0,0.0,27750000.0,0.0,0.0,0.0,482,0.77042,0.7884,053500400100,"Anambra State Erosion, Watershed and Climate Change Agency",23050111,Publications/Publicity,70561,ENVIRONMENTAL PROTECTION N.E.C.,40442200,State Wide,09100122001400,Environmental Improvement - General
Capacity Building Of Waste Management Officers,0.0,3000000.0,2000000.0,0.0,2000000.0,0.0,482,0.81454,0.83252,053505500100,Anambra State Waste Management Agency - ASWAMA,23050108,Capacity Building,70511,WASTE MANAGEMENT,40442200,State Wide,09100122005200,Environmental Improvement - General
Waste Evaluation Intervention in unmapped Communities,0.0,10000000.0,5000000.0,0.0,5000000.0,0.0,482,0.82353,0.8415,053505500100,Anambra State Waste Management Agency - ASWAMA,23050101,Research And Development,70511,WASTE MANAGEMENT,40442200,State Wide,09100122005400,Environmental Improvement - General
Medical /Pharmacitical waste Incilaration Facility,0.0,50000000.0,50000000.0,0.0,50000000.0,0.0,482,0.8317,0.84967,053505500100,Anambra State Waste Management Agency - ASWAMA,23010122,Purchase Of Health / Medical Equipment,70511,WASTE MANAGEMENT,40442200,State Wide,09100122005500,Environmental Improvement - General
Advocacy and Sensitisation Activities,0.0,10000000.0,5000000.0,0.0,5000000.0,0.0,482,0.84069,0.85866,053505500100,Anambra State Waste Management Agency - ASWAMA,23050110,Value Orientation/Sensistization,70511,WASTE MANAGEMENT,40442200,State Wide,09100122005600,Environmental Improvement - General
Procurement of Office Equipments,0.0,10000000.0,7000000.0,0.0,7000000.0,0.0,482,0.84967,0.86765,053505500100,Anambra State Waste Management Agency - ASWAMA,23010112,Purchase Of Office Furniture And Fittings,70511,WASTE MANAGEMENT,40442200,State Wide,09100122005700,Environmental Improvement - General
Enforcement & Monitoring,0.0,96000000.0,5000000.0,0.0,5000000.0,0.0,482,0.85866,0.87663,053505500100,Anambra State Waste Management Agency - ASWAMA,23050103,Monitoring And Evaluation,70511,WASTE MANAGEMENT,40442200,State Wide,09100122005800,Environmental Improvement - General
Establishment of Waste Disposal/ Waste management facilities,0.0,10000000.0,5000000.0,0.0,5000000.0,0.0,482,0.86765,0.88562,053505500100,Anambra State Waste Management Agency - ASWAMA,23040104,Industrial Pollution Prevention & Control,70511,WASTE MANAGEMENT,40442200,State Wide,09100122005900,Environmental Improvement - General
Purchase of 100 kva Power Generating set,0.0,20000000.0,5000000.0,0.0,5000000.0,0.0,482,0.87582,0.89379,053505500100,Anambra State Waste Management Agency - ASWAMA,23010119,Purchase Of Power Generating Set,70511,WASTE MANAGEMENT,40442200,State Wide,09100122006000,Environmental Improvement - General
Forest plantation Establishment Afforestration,0.0,16732352.0,10000000.0,0.0,10000000.0,0.0,483,0.09967,0.11765,053510900100,Forestry Department,23040101,Tree Planting,70422,FORESTRY,40442200,State Wide,20100122000900,CLIMATE CHANGE - General
Launching of Tree Planting Campains,0.0,15000000.0,20000000.0,0.0,10000000.0,0.0,483,0.10866,0.12663,053510900100,Forestry Department,23040101,Tree Planting,70422,FORESTRY,40442200,State Wide,20100122001000,CLIMATE CHANGE - General
Forestry Sanitary Tree feeling,0.0,0.0,5000000.0,0.0,5000000.0,0.0,483,0.11765,0.13562,053510900100,Forestry Department,23040101,Tree Planting,70422,FORESTRY,40442200,State Wide,20100122001100,CLIMATE CHANGE - General
Nursery Development,0.0,15000000.0,5000000.0,0.0,5000000.0,0.0,483,0.12582,0.14379,053510900100,Forestry Department,23040101,Tree Planting,70422,FORESTRY,40442200,State Wide,20100122001200,CLIMATE CHANGE - General
Development of Forest Reserves Boundary Pillars,0.0,2000000.0,2000000.0,0.0,10000000.0,0.0,483,0.1348,0.15278,053510900100,Forestry Department,23020122,Construction Of Boundary Pillars/ Right Of Ways,70422,FORESTRY,40442200,State Wide,20100122001300,CLIMATE CHANGE - General
Climate Change adaptation & best Practices,0.0,15000000.0,5000000.0,0.0,5000000.0,0.0,483,0.14379,0.16176,053510900100,Forestry Department,23040102,Erosion & Flood Control,70422,FORESTRY,40442200,State Wide,20100122001400,CLIMATE CHANGE - General
Forest Data Bank,0.0,5000000.0,2000000.0,0.0,1500000.0,0.0,483,0.15278,0.17075,053510900100,Forestry Department,23010113,Purchase Of Computers,70422,FORESTRY,40442200,State Wide,20100122001500,CLIMATE CHANGE - General
Capacity Building of Forest Guards,0.0,5000000.0,5000000.0,0.0,2000000.0,0.0,483,0.16176,0.17974,053510900100,Forestry Department,23050108,Capacity Building,70422,FORESTRY,40442200,State Wide,20100122001600,CLIMATE CHANGE - General
"Celebration of international day of forest, march 21st.",2500000.0,3000000.0,5000000.0,0.0,5000000.0,0.0,483,0.16993,0.18791,053510900100,Forestry Department,23050104,Anniversaries/Celebrations,70422,FORESTRY,40442200,State Wide,20100122001700,CLIMATE CHANGE - General
Purchase of Office Furnitures and Equipments,0.0,9570000.0,5000000.0,3048400.0,5000000.0,0.0,483,0.21405,0.23203,055100100100,"Ministry of Local Government, Chieftaincy &Community Affairs",23010112,Purchase Of Office Furniture And Fittings,70621,COMMUNITY DEVELOPMENT,40442200,State Wide,13100122017400,Reform of Government and Governance - General
Inspection & Monitoring of Local Government Activities,0.0,20000000.0,20000000.0,0.0,20000000.0,0.0,483,0.22304,0.24101,055100100100,"Ministry of Local Government, Chieftaincy &Community Affairs",23050103,Monitoring And Evaluation,70621,COMMUNITY DEVELOPMENT,40442200,State Wide,13100122017600,Reform of Government and Governance - General
Chieftaincy and Town Union Matters,13800000.0,50000000.0,70000000.0,47780000.0,85000000.0,0.0,483,0.23203,0.25,055100100100,"Ministry of Local Government, Chieftaincy &Community Affairs",23050101,Research And Development,70621,COMMUNITY DEVELOPMENT,40442200,State Wide,13100122017700,Reform of Government and Governance - General
Capacity Building Program for Chieftaincy and Local Government Affairs,0.0,50000000.0,50000000.0,0.0,80000000.0,0.0,483,0.24101,0.25899,055100100100,"Ministry of Local Government, Chieftaincy &Community Affairs",23050108,Capacity Building,70621,COMMUNITY DEVELOPMENT,40442200,State Wide,13100122017800,Reform of Government and Governance - General
Rural Development Day Celebration & Award of Prices,0.0,10000000.0,15000000.0,0.0,15000000.0,0.0,483,0.25,0.26797,055100100100,"Ministry of Local Government, Chieftaincy &Community Affairs",23050104,Anniversaries/Celebrations,70621,COMMUNITY DEVELOPMENT,40442200,State Wide,13100122018000,Reform of Government and Governance - General
Project Implementation and Monitoring Activities (PRS),0.0,5000000.0,3000000.0,0.0,5000000.0,0.0,483,0.25817,0.27614,055100100100,"Ministry of Local Government, Chieftaincy &Community Affairs",23050103,Monitoring And Evaluation,70621,COMMUNITY DEVELOPMENT,40442200,State Wide,13100122018100,Reform of Government and Governance - General
"Resolving Communities, Chieftaincy and Town Union conflicts",0.0,10000000.0,20000000.0,0.0,20000000.0,0.0,483,0.26716,0.28513,055100100100,"Ministry of Local Government, Chieftaincy &Community Affairs",23050103,Monitoring And Evaluation,70621,COMMUNITY DEVELOPMENT,40442200,State Wide,13100122018200,Reform of Government and Governance - General
Training of the Staff of the Ministry on Effective Conflict/ Dispute Resolution skills,0.0,10000000.0,20000000.0,0.0,10000000.0,0.0,483,0.27614,0.29412,055100100100,"Ministry of Local Government, Chieftaincy &Community Affairs",23050108,Capacity Building,70621,COMMUNITY DEVELOPMENT,40442200,State Wide,13100122018300,Reform of Government and Governance - General
Community investment Forum,0.0,20000000.0,10000000.0,0.0,10000000.0,0.0,483,0.28513,0.3031,055100100100,"Ministry of Local Government, Chieftaincy &Community Affairs",23050101,Research And Development,70621,COMMUNITY DEVELOPMENT,40442200,State Wide,13100122018500,Reform of Government and Governance - General
Anambra state Annual Great Achievers Celebrations,0.0,50000000.0,20000000.0,0.0,20000000.0,0.0,483,0.29412,0.31209,055100100100,"Ministry of Local Government, Chieftaincy &Community Affairs",23050110,Value Orientation/Sensistization,70621,COMMUNITY DEVELOPMENT,40442200,State Wide,13100122018800,Reform of Government and Governance - General
Monitoring and Evaluation of Projects in the Communities,0.0,10000000.0,15000000.0,0.0,15000000.0,0.0,483,0.30229,0.32026,055100100100,"Ministry of Local Government, Chieftaincy &Community Affairs",23050103,Monitoring And Evaluation,70621,COMMUNITY DEVELOPMENT,40442200,State Wide,13100122019000,Reform of Government and Governance - General
"Workshops for Presidents General & Community Leaders on National and Natural disaster such as flood, erosion menace, bush burning, Pipeline vanderlisation",0.0,30000000.0,50000000.0,0.0,50000000.0,0.0,483,0.31127,0.32925,055100100100,"Ministry of Local Government, Chieftaincy &Community Affairs",23050108,Capacity Building,70621,COMMUNITY DEVELOPMENT,40442200,State Wide,13100122019100,Reform of Government and Governance - General
Refurblishment and servicing of Motor vehicle,0.0,20000000.0,15000000.0,0.0,15000000.0,0.0,483,0.32026,0.33824,055100100100,"Ministry of Local Government, Chieftaincy &Community Affairs",23030125,Rehabilitation/Repairs- Power Generating Plants,70621,COMMUNITY DEVELOPMENT,40442200,State Wide,13100122019200,Reform of Government and Governance - General
Social Welfare for Community Leaders,0.0,0.0,100000000.0,0.0,100000000.0,0.0,483,0.32925,0.34722,055100100100,"Ministry of Local Government, Chieftaincy &Community Affairs",23050110,Value Orientation/Sensistization,70621,COMMUNITY DEVELOPMENT,40442200,State Wide,13100122019400,Reform of Government and Governance - General
"MDA Anti-Curruption Crusade Activities, Service Reforms and Re-orientation",0.0,0.0,0.0,0.0,2000000.0,0.0,483,0.33824,0.35621,055100100100,"Ministry of Local Government, Chieftaincy &Community Affairs",23050110,Value Orientation/Sensistization,70621,COMMUNITY DEVELOPMENT,40442200,State Wide,13100122019500,Reform of Government and Governance - General
Nutrition Program (NUT),0.0,0.0,0.0,0.0,10000000.0,10000000.0,483,0.34641,0.36438,055100100100,"Ministry of Local Government, Chieftaincy &Community Affairs",23050101,Research And Development,70621,COMMUNITY DEVELOPMENT,40442200,State Wide,13100122019500,Reform of Government and Governance - General
Anambra State Identity Management Projects,6238677.0,300000000.0,200000000.0,0.0,300000000.0,0.0,483,0.39052,0.4085,056600200100,Informa(cid:415)on Commica(cid:415)on Technology (ICT) Agency,23010132,Purch. & Installation Of Secuirty Equp.(CCTV And Intercom),70461,COMMUNICATION,40442200,State Wide,11100122003000,Information Communication and Technology - General
Bandwidth Subscription and network/hardwares maintainance,0.0,0.0,300000000.0,0.0,0.0,0.0,483,0.39951,0.41748,056600200100,Informa(cid:415)on Commica(cid:415)on Technology (ICT) Agency,23050102,Computer Software Acquisition,70461,COMMUNICATION,40442200,State Wide,11100122003300,Information Communication and Technology - General
Purchase of Office Furniture and Fittings/Office Refurbishment/tools,500000.0,72500000.0,30000000.0,0.0,30000000.0,0.0,483,0.4085,0.42647,056600200100,Informa(cid:415)on Commica(cid:415)on Technology (ICT) Agency,23010112,Purchase Of Office Furniture And Fittings,70461,COMMUNICATION,40442200,State Wide,11100122003700,Information Communication and Technology - General
Capacity building across all MDAs,0.0,0.0,20000000.0,0.0,20000000.0,0.0,483,0.41748,0.43546,056600200100,Informa(cid:415)on Commica(cid:415)on Technology (ICT) Agency,23050108,Capacity Building,70461,COMMUNICATION,40442200,State Wide,11100122003800,Information Communication and Technology - General
"Modern work productivity environment with Email and business suite services across all MDAs (Microsoft 365 solutions 400 accounts) and Microsoft Azure for State tech products including setup, consultation and support.",949000.0,200000000.0,150000000.0,0.0,170000000.0,0.0,483,0.42647,0.44444,056600200100,Informa(cid:415)on Commica(cid:415)on Technology (ICT) Agency,23050102,Computer Software Acquisition,70461,COMMUNICATION,40442200,State Wide,11100122004000,Information Communication and Technology - General
Upgrade and purchase of computer and laptops for all MDAs (400units),24824576.0,200000000.0,300000000.0,116011069.0,200000000.0,0.0,483,0.43464,0.45261,056600200100,Informa(cid:415)on Commica(cid:415)on Technology (ICT) Agency,23010113,Purchase Of Computers,70461,COMMUNICATION,40442200,State Wide,11100122004200,Information Communication and Technology - General
Bandwidth Subscription and network/ hardware maintenance,125362010.0,200000000.0,0.0,96334395.13,350000000.0,0.0,483,0.44363,0.4616,056600200100,Informa(cid:415)on Commica(cid:415)on Technology (ICT) Agency,23050102,Computer Software Acquisition,70461,COMMUNICATION,40442200,State Wide,11100122004300,Information Communication and Technology - General
Document Management System (DMS) for all theMDAs,156665150.0,200000000.0,150000000.0,0.0,150000000.0,0.0,483,0.45261,0.47059,056600200100,Informa(cid:415)on Commica(cid:415)on Technology (ICT) Agency,23020127,Construction Of Ict Infrastructures,70461,COMMUNICATION,40442200,State Wide,11100122004400,Information Communication and Technology - General
Anambra cloud with intranet and State-wide data backup infrastructure and service,114273158.0,200000000.0,200000000.0,0.0,300000000.0,0.0,483,0.4616,0.47958,056600200100,Informa(cid:415)on Commica(cid:415)on Technology (ICT) Agency,23050102,Computer Software Acquisition,70461,COMMUNICATION,40442200,State Wide,11100122004500,Information Communication and Technology - General
Development and Deployment of E-Solutions Platforms for the Office of the Deputy Governor and other Key MDAs,0.0,100000000.0,100000000.0,0.0,100000000.0,0.0,483,0.47059,0.48856,056600200100,Informa(cid:415)on Commica(cid:415)on Technology (ICT) Agency,23050109,E-Learning,70461,COMMUNICATION,40442200,State Wide,11100122004600,Information Communication and Technology - General
State Wide Telephony,42763662.0,100000000.0,100000000.0,18006250.0,100000000.0,0.0,483,0.47876,0.49673,056600200100,Informa(cid:415)on Commica(cid:415)on Technology (ICT) Agency,23010142,Purchase of Networking Facilities/Equipments,70461,COMMUNICATION,40442200,State Wide,11100122004700,Information Communication and Technology - General
Anambra State Employee Attendance Management System,0.0,150000000.0,150000000.0,0.0,150000000.0,0.0,483,0.48775,0.50572,056600200100,Informa(cid:415)on Commica(cid:415)on Technology (ICT) Agency,23010132,Purch. & Installation Of Secuirty Equp.(CCTV And Intercom),70461,COMMUNICATION,40442200,State Wide,11100122004800,Information Communication and Technology - General
Cyber and Infrastructure Security,77724171.0,195000000.0,195000000.0,73336017.0,195000000.0,0.0,483,0.49673,0.51471,056600200100,Informa(cid:415)on Commica(cid:415)on Technology (ICT) Agency,23020127,Construction Of Ict Infrastructures,70461,COMMUNICATION,40442200,State Wide,11100122004900,Information Communication and Technology - General
Servers and Broadband / internet for ICT Agency,0.0,20000000.0,20000000.0,3816000.0,20000000.0,0.0,483,0.50572,0.52369,056600200100,Informa(cid:415)on Commica(cid:415)on Technology (ICT) Agency,23020127,Construction Of Ict Infrastructures,70461,COMMUNICATION,40442200,State Wide,11100122005000,Information Communication and Technology - General
Build and Deploy a State-owned Data center (Phase 1),0.0,0.0,500000000.0,0.0,0.0,0.0,483,0.51471,0.53268,056600200100,Informa(cid:415)on Commica(cid:415)on Technology (ICT) Agency,23020101,Construction / Provision Of Office Buildings,70461,COMMUNICATION,40442200,State Wide,11100122005100,Information Communication and Technology - General
Development of Human Resource for ICT agency,0.0,25000000.0,10000000.0,720000.0,10000000.0,0.0,483,0.52288,0.54085,056600200100,Informa(cid:415)on Commica(cid:415)on Technology (ICT) Agency,23020127,Construction Of Ict Infrastructures,70461,COMMUNICATION,40442200,State Wide,11100122005200,Information Communication and Technology - General
Build and Deploy a State-owned Data center (Phase 1),48543813.0,500000000.0,0.0,0.0,300000000.0,0.0,483,0.53186,0.54984,056600200100,Informa(cid:415)on Commica(cid:415)on Technology (ICT) Agency,23050108,Capacity Building,70461,COMMUNICATION,40442200,State Wide,11100122005300,Information Communication and Technology - General
R&D and Grant seeking,0.0,50000000.0,25000000.0,0.0,25000000.0,0.0,483,0.54085,0.55882,056600200100,Informa(cid:415)on Commica(cid:415)on Technology (ICT) Agency,23050101,Research And Development,70441,MINING OF MINERAL RESOURCES OTHER THAN MINERAL FUELS,40442200,State Wide,11100122005900,Information Communication and Technology - General
Hardware maintenance & support Unit/Centre,0.0,50000000.0,50000000.0,0.0,50000000.0,0.0,483,0.54984,0.56781,056600200100,Informa(cid:415)on Commica(cid:415)on Technology (ICT) Agency,23050102,Computer Software Acquisition,70441,MINING OF MINERAL RESOURCES OTHER THAN MINERAL FUELS,40442200,State Wide,11100122006000,Information Communication and Technology - General
Deployment of Public WiFi hotspots in Schools,78933227.0,150000000.0,200000000.0,63787500.0,200000000.0,0.0,483,0.55882,0.5768,056600200100,Informa(cid:415)on Commica(cid:415)on Technology (ICT) Agency,23050102,Computer Software Acquisition,70441,MINING OF MINERAL RESOURCES OTHER THAN MINERAL FUELS,40442200,State Wide,11100122006200,Information Communication and Technology - General
Specialized Tech Capacity Building for ICT Agency (Professional Training).,1806240.0,50000000.0,50000000.0,0.0,50000000.0,0.0,483,0.56699,0.58497,056600200100,Informa(cid:415)on Commica(cid:415)on Technology (ICT) Agency,23050108,Capacity Building,70441,MINING OF MINERAL RESOURCES OTHER THAN MINERAL FUELS,40442200,State Wide,11100122006300,Information Communication and Technology - General
PRS Activities,0.0,0.0,0.0,0.0,2000000.0,0.0,483,0.57598,0.59395,056600200100,Informa(cid:415)on Commica(cid:415)on Technology (ICT) Agency,23050101,Research And Development,70441,MINING OF MINERAL RESOURCES OTHER THAN MINERAL FUELS,40442200,State Wide,11100122006300,Information Communication and Technology - General
Construction of Classroom Blocks ANAMPOLY Mgbakwu,0.0,25000000.0,0.0,0.0,650000000.0,0.0,483,0.6201,0.63807,056601800100,Anambra State Polytechnic – Mgbakwu,23020107,Construction / Provision Of Public Schools,70942,SECOND STAGE OF TERTIARY EDUCATION,40442200,State Wide,05050122002400,Schools’ infrastructure construction and rehabilitation
Procurement & Installation of Workshop & Lab. Equip. ANAMPOL,0.0,10000000.0,50000000.0,0.0,0.0,0.0,483,0.62908,0.64706,056601800100,Anambra State Polytechnic – Mgbakwu,23010124,Purchase Of Teaching / Learning Aid Equipment,70942,SECOND STAGE OF TERTIARY EDUCATION,40442200,State Wide,05040222000200,Instructional and learning materials
Perimeter Fencing of the Polythecnic ANAMPOLY Mgbakwu,0.0,10000000.0,50000000.0,0.0,500000000.0,0.0,483,0.63807,0.65605,056601800100,Anambra State Polytechnic – Mgbakwu,23020118,Construction / Provision Of Infrastructure,70942,SECOND STAGE OF TERTIARY EDUCATION,40442200,State Wide,05050122002600,Schools’ infrastructure construction and rehabilitation
Construction of Workshop Classroom ANAMPOLY Mgbakwu,0.0,100000000.0,200000000.0,0.0,0.0,0.0,483,0.64706,0.66503,056601800100,Anambra State Polytechnic – Mgbakwu,23020107,Construction / Provision Of Public Schools,70942,SECOND STAGE OF TERTIARY EDUCATION,40442200,State Wide,05050122002900,Schools’ infrastructure construction and rehabilitation
Construction & Equipment of Engineering Complex ANAMPOLY Mg,0.0,185000000.0,185000000.0,0.0,0.0,0.0,483,0.65523,0.6732,056601800100,Anambra State Polytechnic – Mgbakwu,23020107,Construction / Provision Of Public Schools,70942,SECOND STAGE OF TERTIARY EDUCATION,40442200,State Wide,05050122003000,Schools’ infrastructure construction and rehabilitation
Accreditation of Depts in ANAMPOLY Mgbakwu,0.0,50000000.0,50000000.0,0.0,200000000.0,0.0,483,0.66422,0.68219,056601800100,Anambra State Polytechnic – Mgbakwu,23050101,Research And Development,70942,SECOND STAGE OF TERTIARY EDUCATION,40442200,State Wide,05020622000100,Tertiary institutions’ new courses accreditation
Construction of Multipurpose Centre ANAMPOLY Mgbakwu,0.0,20000000.0,20000000.0,0.0,0.0,0.0,483,0.6732,0.69118,056601800100,Anambra State Polytechnic – Mgbakwu,23020107,Construction / Provision Of Public Schools,70942,SECOND STAGE OF TERTIARY EDUCATION,40442200,State Wide,05050122003200,Schools’ infrastructure construction and rehabilitation
Construction Multipurpose Classroom block ANAMPOLY Mgbakwu,0.0,0.0,50000000.0,0.0,0.0,0.0,483,0.68219,0.70016,056601800100,Anambra State Polytechnic – Mgbakwu,23020107,Construction / Provision Of Public Schools,70942,SECOND STAGE OF TERTIARY EDUCATION,40442200,State Wide,05050122003300,Schools’ infrastructure construction and rehabilitation
Purchase of 25KVA Generating Set,0.0,42000000.0,47000000.0,0.0,0.0,0.0,483,0.69118,0.70915,056601800100,Anambra State Polytechnic – Mgbakwu,23010119,Purchase Of Power Generating Set,70942,SECOND STAGE OF TERTIARY EDUCATION,40442200,State Wide,05010322000800,Education sector coordination mechanisms
Purchase of Oﬃce Furniture andEquipments,0.0,26118600.0,30000000.0,0.0,0.0,0.0,483,0.69935,0.71732,056601800100,Anambra State Polytechnic – Mgbakwu,23010112,Purchase Of Office Furniture And Fittings,70942,SECOND STAGE OF TERTIARY EDUCATION,40442200,State Wide,05010322000900,Education sector coordination mechanisms
Procurement of Computer and Accessories 20 No. laptop and 10 No. desktops,0.0,12000000.0,12000000.0,0.0,0.0,0.0,483,0.70833,0.72631,056601800100,Anambra State Polytechnic – Mgbakwu,23010141,Purchase of Computer Soft and Hardwares,70942,SECOND STAGE OF TERTIARY EDUCATION,40442200,State Wide,05010322001000,Education sector coordination mechanisms
Provistion & Installation of Street Light within ANAMPOLY Mgbakwu,0.0,0.0,15000000.0,0.0,120000000.0,0.0,483,0.71732,0.73529,056601800100,Anambra State Polytechnic – Mgbakwu,23020119,Construction / Provision Of Recreational Facilities,70942,SECOND STAGE OF TERTIARY EDUCATION,40442200,State Wide,05050222000100,Furnishing
Construc(cid:415)on & Furnishing of Administra(cid:415)on Block ANAMPOLY,0.0,150000000.0,150000000.0,0.0,120000000.0,0.0,483,0.72631,0.74428,056601800100,Anambra State Polytechnic – Mgbakwu,23020119,Construction / Provision Of Recreational Facilities,70942,SECOND STAGE OF TERTIARY EDUCATION,40442200,State Wide,05050122003800,Schools’ infrastructure construction and rehabilitation
Purchase of Utility Vehicles ANAMPOLY Mgbakwu,0.0,0.0,100000000.0,0.0,120000000.0,0.0,483,0.73529,0.75327,056601800100,Anambra State Polytechnic – Mgbakwu,23010105,Purchase Of Motor Vehicles,70942,SECOND STAGE OF TERTIARY EDUCATION,40442200,State Wide,05010322001100,Education sector coordination mechanisms
Construction of Recreation Centre ANAMPOLY Mgbakwu,0.0,70941.0,15000000.0,0.0,0.0,0.0,483,0.74346,0.76144,056601800100,Anambra State Polytechnic – Mgbakwu,23020119,Construction / Provision Of Recreational Facilities,70941,FIRST STAGE OF TERTIARY EDUCATION,40442200,State Wide,05050122003900,Schools’ infrastructure construction and rehabilitation
Installation of Sever and other instructional equipment and Broadband / internet for the college,0.0,0.0,10000000.0,0.0,0.0,0.0,483,0.78758,0.80556,056601900100,Nwafor Orizu College of Educa(cid:415)on Nsugbe,23030127,Rehabilitation/Repairs- Ict Infrastructures,70941,FIRST STAGE OF TERTIARY EDUCATION,40442200,State Wide,05060322000100,Data and data management
Rehabilitation of Sport Facilities,0.0,0.0,20000000.0,0.0,20000000.0,0.0,483,0.79657,0.81454,056601900100,Nwafor Orizu College of Educa(cid:415)on Nsugbe,23030111,Rehabilitation / Repairs - Sporting Facilities,70941,FIRST STAGE OF TERTIARY EDUCATION,40442200,State Wide,05060322000100,Data and data management
Infrastructure development and Improvement for University Status,0.0,0.0,3000000000.0,0.0,3000000000.0,0.0,483,0.80556,0.82353,056601900100,Nwafor Orizu College of Educa(cid:415)on Nsugbe,23020118,Construction / Provision Of Infrastructure,70941,FIRST STAGE OF TERTIARY EDUCATION,40442200,State Wide,05060322000100,Data and data management
Provision of ICT Facilities for E-Learning COE/computerisation of Busary department,0.0,24000000.0,24000000.0,0.0,25000000.0,0.0,483,0.81454,0.83252,056601900100,Nwafor Orizu College of Educa(cid:415)on Nsugbe,23050109,E-Learning,70941,FIRST STAGE OF TERTIARY EDUCATION,40442200,State Wide,05060322000100,Data and data management
Accreditation of NCE & BEDcourses COE,0.0,60000000.0,60000000.0,0.0,60000000.0,0.0,483,0.82353,0.8415,056601900100,Nwafor Orizu College of Educa(cid:415)on Nsugbe,23050101,Research And Development,70941,FIRST STAGE OF TERTIARY EDUCATION,40442200,State Wide,05010122000600,"Legal, policy, regulations and standards, guidelines and protocols development and reviews"
Construction of Male & Female Hostels- Nwafor Orizu COE,0.0,170000000.0,0.0,0.0,20000000.0,0.0,483,0.8317,0.84967,056601900100,Nwafor Orizu College of Educa(cid:415)on Nsugbe,23020102,Construction / Provision Of Residential Buildings,70941,FIRST STAGE OF TERTIARY EDUCATION,40442200,State Wide,05050122004000,Schools’ infrastructure construction and rehabilitation
Construction & Equipment of Medical Centre COE (Drugs),0.0,0.0,20000000.0,0.0,0.0,0.0,483,0.84069,0.85866,056601900100,Nwafor Orizu College of Educa(cid:415)on Nsugbe,23020101,Construction / Provision Of Office Buildings,70941,FIRST STAGE OF TERTIARY EDUCATION,40442200,State Wide,05050122004100,Schools’ infrastructure construction and rehabilitation
Purchase of Vehicles COE,0.0,0.0,100000000.0,0.0,200000000.0,0.0,483,0.84967,0.86765,056601900100,Nwafor Orizu College of Educa(cid:415)on Nsugbe,23010105,Purchase Of Motor Vehicles,70941,FIRST STAGE OF TERTIARY EDUCATION,40442200,State Wide,05010322001300,Education sector coordination mechanisms
Perimeter Fencing of the College COE,0.0,205000000.0,0.0,0.0,200000000.0,0.0,483,0.85866,0.87663,056601900100,Nwafor Orizu College of Educa(cid:415)on Nsugbe,23020118,Construction / Provision Of Infrastructure,70941,FIRST STAGE OF TERTIARY EDUCATION,40442200,State Wide,05050122004200,Schools’ infrastructure construction and rehabilitation
Renovation of male and female hostel,0.0,0.0,0.0,0.0,200000000.0,0.0,483,0.86765,0.88562,056601900100,Nwafor Orizu College of Educa(cid:415)on Nsugbe,23020102,Construction / Provision Of Residential Buildings,70942,SECOND STAGE OF TERTIARY EDUCATION,40442200,State Wide,05050122004300,Schools’ infrastructure construction and rehabilitation
Refurbishment of Buses,0.0,0.0,0.0,0.0,50000000.0,0.0,483,0.87582,0.89379,056601900100,Nwafor Orizu College of Educa(cid:415)on Nsugbe,23030128,Rehabilitation/Repairs -Motor Vehicles,70942,SECOND STAGE OF TERTIARY EDUCATION,40442200,State Wide,05050122004300,Schools’ infrastructure construction and rehabilitation
"Anniversaries/Celebrations including Matriculation, Convocation and end of the year carnival",0.0,0.0,0.0,0.0,30000000.0,0.0,483,0.8848,0.90278,056601900100,Nwafor Orizu College of Educa(cid:415)on Nsugbe,23050104,Anniversaries/Celebrations,70942,SECOND STAGE OF TERTIARY EDUCATION,40442200,State Wide,05050122004300,Schools’ infrastructure construction and rehabilitation
Provision of 500 solar street lights (100)watts around the hostel and classrooms,0.0,0.0,0.0,0.0,100000000.0,0.0,483,0.89379,0.91176,056601900100,Nwafor Orizu College of Educa(cid:415)on Nsugbe,23020133,Construction/Provisions of Solar Equipments,70942,SECOND STAGE OF TERTIARY EDUCATION,40442200,State Wide,05050122004300,Schools’ infrastructure construction and rehabilitation
"Provision of Reagents, Drugs and Medical Accessories for the medical Department",0.0,0.0,0.0,0.0,20000000.0,0.0,483,0.90278,0.92075,056601900100,Nwafor Orizu College of Educa(cid:415)on Nsugbe,23020106,Construction / Provision Of Hospitals / Health Centres,70942,SECOND STAGE OF TERTIARY EDUCATION,40442200,State Wide,05050122004300,Schools’ infrastructure construction and rehabilitation
Construction of Library at Igbariam and Uli Campus,0.0,20000000.0,100000000.0,0.0,150000000.0,0.0,484,0.12582,0.14379,056602100100,Chukwuemeka Odumegwu Ojukwu University Igbariam,23020111,Construction / Provision Of Libraries,70942,SECOND STAGE OF TERTIARY EDUCATION,40442200,State Wide,05050122004400,Schools’ infrastructure construction and rehabilitation
Constructiong of Male and Female Hostels Anambra State Univ.,0.0,0.0,0.0,0.0,450000000.0,0.0,484,0.1348,0.15278,056602100100,Chukwuemeka Odumegwu Ojukwu University Igbariam,23020118,Construction / Provision Of Infrastructure,70942,SECOND STAGE OF TERTIARY EDUCATION,40442200,State Wide,05050122004500,Schools’ infrastructure construction and rehabilitation
Construction of Management Sciences Building Extention at Igbariam,0.0,0.0,100000000.0,0.0,150000000.0,0.0,484,0.14379,0.16176,056602100100,Chukwuemeka Odumegwu Ojukwu University Igbariam,23020101,Construction / Provision Of Office Buildings,70942,SECOND STAGE OF TERTIARY EDUCATION,40442200,State Wide,05050122004900,Schools’ infrastructure construction and rehabilitation
Review and Update of University ofMaster Plan,0.0,0.0,40000000.0,0.0,50000000.0,0.0,484,0.15278,0.17075,056602100100,Chukwuemeka Odumegwu Ojukwu University Igbariam,23050101,Research And Development,70942,SECOND STAGE OF TERTIARY EDUCATION,40442200,State Wide,05010122000800,"Legal, policy, regulations and standards, guidelines and protocols development and reviews"
Procurement of Vehicle,0.0,50000000.0,0.0,0.0,300000000.0,0.0,484,0.16176,0.17974,056602100100,Chukwuemeka Odumegwu Ojukwu University Igbariam,23020128,Construction/Provision of Landscapping,70942,SECOND STAGE OF TERTIARY EDUCATION,40442200,State Wide,05010322001500,Education sector coordination mechanisms
Procurement of Office Furniture and Equipment,0.0,30000000.0,50000000.0,0.0,100000000.0,0.0,484,0.16993,0.18791,056602100100,Chukwuemeka Odumegwu Ojukwu University Igbariam,23010112,Purchase Of Office Furniture And Fittings,70942,SECOND STAGE OF TERTIARY EDUCATION,40442200,State Wide,05010322001600,Education sector coordination mechanisms
Purchase of Tractor and Agriculture Equipment,0.0,100000000.0,60000000.0,0.0,70000000.0,0.0,484,0.17892,0.1969,056602100100,Chukwuemeka Odumegwu Ojukwu University Igbariam,23010105,Purchase Of Motor Vehicles,70942,SECOND STAGE OF TERTIARY EDUCATION,40442200,State Wide,05010322001700,Education sector coordination mechanisms
Construc(cid:415)on of Faculty of EnvironmentBuilding Uli,60225000.0,0.0,200000000.0,0.0,250000000.0,0.0,484,0.18709,0.20507,056602100100,Chukwuemeka Odumegwu Ojukwu University Igbariam,23010107,Purchase Of Trucks,70942,SECOND STAGE OF TERTIARY EDUCATION,40442200,State Wide,05050122005000,Schools’ infrastructure construction and rehabilitation
Landscaping of Administration Block Surrounding Anambra State University Uli,0.0,7000000.0,250000000.0,0.0,200000000.0,0.0,484,0.1969,0.21487,056602100100,Chukwuemeka Odumegwu Ojukwu University Igbariam,23020128,Construction/Provision of Landscapping,70942,SECOND STAGE OF TERTIARY EDUCATION,40442200,State Wide,05050222000300,Furnishing
Landscaping of Administration Block Surrounding Anambra State University Igbariam,0.0,0.0,100000000.0,0.0,250000000.0,0.0,484,0.20588,0.22386,056602100100,Chukwuemeka Odumegwu Ojukwu University Igbariam,23020128,Construction/Provision of Landscapping,70942,SECOND STAGE OF TERTIARY EDUCATION,40442200,State Wide,05050222000400,Furnishing
Completion of Uli Campus Perimetre Fence,0.0,0.0,100000000.0,0.0,150000000.0,0.0,484,0.21405,0.23203,056602100100,Chukwuemeka Odumegwu Ojukwu University Igbariam,23020119,Construction / Provision Of Recreational Facilities,70942,SECOND STAGE OF TERTIARY EDUCATION,40442200,State Wide,05050122005100,Schools’ infrastructure construction and rehabilitation
Building and Infrastructure at Uli Campus,0.0,0.0,1000000000.0,0.0,1000000000.0,0.0,484,0.22304,0.24101,056602100100,Chukwuemeka Odumegwu Ojukwu University Igbariam,23020118,Construction / Provision Of Infrastructure,70942,SECOND STAGE OF TERTIARY EDUCATION,40442200,State Wide,05050122005100,Schools’ infrastructure construction and rehabilitation
Procurement of Teaching/Classroom Equipment for Faculty of Health Sciences,0.0,0.0,100000000.0,0.0,150000000.0,0.0,484,0.23203,0.25,056602100100,Chukwuemeka Odumegwu Ojukwu University Igbariam,23010124,Purchase Of Teaching / Learning Aid Equipment,70942,SECOND STAGE OF TERTIARY EDUCATION,40442200,State Wide,05050122005100,Schools’ infrastructure construction and rehabilitation
Procurement/ Installation of Automatic Weather Station,0.0,150000000.0,25000000.0,0.0,30000000.0,0.0,484,0.24101,0.25899,056602100100,Chukwuemeka Odumegwu Ojukwu University Igbariam,23010131,Purchase Of Air Navigational Equipment,70942,SECOND STAGE OF TERTIARY EDUCATION,40442200,State Wide,05050122005100,Schools’ infrastructure construction and rehabilitation
Completion of abandoned Federal Government NEEDS Project,0.0,30000000.0,100000000.0,0.0,200000000.0,0.0,484,0.25,0.26797,056602100100,Chukwuemeka Odumegwu Ojukwu University Igbariam,23020118,Construction / Provision Of Infrastructure,70942,SECOND STAGE OF TERTIARY EDUCATION,40442200,State Wide,05050122005100,Schools’ infrastructure construction and rehabilitation
Completion of abandoned TET Fund Project,0.0,80000000.0,100000000.0,0.0,150000000.0,0.0,484,0.25817,0.27614,056602100100,Chukwuemeka Odumegwu Ojukwu University Igbariam,23020118,Construction / Provision Of Infrastructure,70942,SECOND STAGE OF TERTIARY EDUCATION,40442200,State Wide,05050122005100,Schools’ infrastructure construction and rehabilitation
Construction of University Convocation Arena,0.0,0.0,0.0,0.0,200000000.0,0.0,484,0.26716,0.28513,056602100100,Chukwuemeka Odumegwu Ojukwu University Igbariam,23020119,Construction / Provision Of Recreational Facilities,70942,SECOND STAGE OF TERTIARY EDUCATION,40442200,State Wide,05050122005100,Schools’ infrastructure construction and rehabilitation
Extension of Internal Road network at Igbariam campus,0.0,0.0,200000000.0,0.0,300000000.0,0.0,484,0.27614,0.29412,056602100100,Chukwuemeka Odumegwu Ojukwu University Igbariam,23020118,Construction / Provision Of Infrastructure,70942,SECOND STAGE OF TERTIARY EDUCATION,40442200,State Wide,05050122005100,Schools’ infrastructure construction and rehabilitation
Extension of Igbariam Campus Perimeter Fence,0.0,0.0,400000000.0,0.0,450000000.0,0.0,484,0.28513,0.3031,056602100100,Chukwuemeka Odumegwu Ojukwu University Igbariam,23020118,Construction / Provision Of Infrastructure,70942,SECOND STAGE OF TERTIARY EDUCATION,40442200,State Wide,05050122005100,Schools’ infrastructure construction and rehabilitation
Construction of Faculty of Physical Science Building,0.0,0.0,200000000.0,0.0,250000000.0,0.0,484,0.29412,0.31209,056602100100,Chukwuemeka Odumegwu Ojukwu University Igbariam,23020107,Construction / Provision Of Public Schools,70942,SECOND STAGE OF TERTIARY EDUCATION,40442200,State Wide,05050122005100,Schools’ infrastructure construction and rehabilitation
Accreditation of NCE & BEDcourses COE,0.0,0.0,200000000.0,0.0,300000000.0,0.0,484,0.30229,0.32026,056602100100,Chukwuemeka Odumegwu Ojukwu University Igbariam,23050101,Research And Development,70942,SECOND STAGE OF TERTIARY EDUCATION,40442200,State Wide,05050122005100,Schools’ infrastructure construction and rehabilitation
Construction of Hostel for College of Medicine Awka,0.0,0.0,0.0,0.0,450000000.0,0.0,484,0.31127,0.32925,056602100100,Chukwuemeka Odumegwu Ojukwu University Igbariam,23050101,Research And Development,70942,SECOND STAGE OF TERTIARY EDUCATION,40442200,State Wide,05050122005100,Schools’ infrastructure construction and rehabilitation
