project,amt_2025_approved,amt_2025_revised,amt_2025_perf,amt_2026_approved,amt_2026_tag_nutrition,source_page,page_y_top,page_y_bottom,mda_code,mda_name,economic_code,economic_name,function_code,function_name,location_code,location_name,program_code,program_name
Purchase of 1 Power Plant Generator for Deputy Governors'Office,20000000.0,20000000.0,0.0,20000000.0,0.0,326,0.12598,0.14446,011100100200,DEPUTY GOVERNOR'S OFFICE,23010119,PURCHASE OF POWER GENERATING SET,70111,EXECUTIVE AND LEGISLATIVE ORGANS,20530200,BAUCHI,13100123000100,Reform of Government and Governance - General
Purchase of 3 Desktop Computers for Officers,2500000.0,2500000.0,0.0,0.0,0.0,326,0.13606,0.15454,011100100200,DEPUTY GOVERNOR'S OFFICE,23010113,PURCHASE OF COMPUTERS,70111,EXECUTIVE AND LEGISLATIVE ORGANS,20530200,BAUCHI,13100123000700,Reform of Government and Governance - General
Purchase of 3 Hp Computer Printers,2500000.0,2500000.0,0.0,0.0,0.0,326,0.14698,0.16546,011100100200,DEPUTY GOVERNOR'S OFFICE,23010114,PURCHASE OF COMPUTER PRINTERS,70111,EXECUTIVE AND LEGISLATIVE ORGANS,20530200,BAUCHI,13100123000300,Reform of Government and Governance - General
Purchase of 2 Photocopying Machines for 2 Offices IN Government House,1500000.0,1500000.0,0.0,0.0,0.0,326,0.1579,0.17638,011100100200,DEPUTY GOVERNOR'S OFFICE,23010115,PURCHASE OF PHOTOCOPYING MACHINES,70111,EXECUTIVE AND LEGISLATIVE ORGANS,20530200,BAUCHI,13100123000400,Reform of Government and Governance - General
Purchase of 5 Fire Extinguishers and its Accessories.,3000000.0,3000000.0,0.0,3000000.0,0.0,326,0.16798,0.18645,011100100200,DEPUTY GOVERNOR'S OFFICE,23010123,PURCHASE OF FIRE FIGHTING EQUIPMENT,70111,EXECUTIVE AND LEGISLATIVE ORGANS,20530200,BAUCHI,13100123000500,Reform of Government and Governance - General
Purchase of a Projector and Flip Charts for Presentations,1000000.0,1000000.0,0.0,1000000.0,0.0,326,0.1789,0.19737,011100100200,DEPUTY GOVERNOR'S OFFICE,23010148,PURCHASE OF PROJECTOR,70111,EXECUTIVE AND LEGISLATIVE ORGANS,20530200,BAUCHI,13100123000600,Reform of Government and Governance - General
Rehabilitation of Deputy Governor's Office Building,15000000.0,15000000.0,0.0,15000000.0,0.0,326,0.18981,0.20829,011100100200,DEPUTY GOVERNOR'S OFFICE,23030121,REHABILITATION / REPAIRS OF OFFICE BUILDINGS,70111,EXECUTIVE AND LEGISLATIVE ORGANS,20530200,BAUCHI,13100123000700,Reform of Government and Governance - General
Purchase of 30 No. Office Tables and 16No. Chairs for the Office of the Chief of Staff,102300000.0,102300000.0,0.0,102300000.0,0.0,326,0.24273,0.2612,011100100300,OFFICE OF THE CHIEF OF STAFF,23010112,PURCHASE OF OFFICE FURNITURE AND FITTINGS,70111,EXECUTIVE AND LEGISLATIVE ORGANS,20530200,BAUCHI,13100123003400,Reform of Government and Governance - General
"Renovation of Government Guest Houses in the State Capital, Bauchi",300000000.0,300000000.0,0.0,300000000.0,0.0,326,0.25365,0.27212,011100100300,OFFICE OF THE CHIEF OF STAFF,23030103,REHABILITATION / REPAIRS - HOUSING,70111,EXECUTIVE AND LEGISLATIVE ORGANS,20530200,BAUCHI,13100123003500,Reform of Government and Governance - General
Establishment of e-Library at Government House,0.0,0.0,0.0,350000000.0,0.0,326,0.26456,0.28304,011100100300,OFFICE OF THE CHIEF OF STAFF,23020111,CONSTRUCTION / PROVISION OF LIBRARIES,70111,EXECUTIVE AND LEGISLATIVE ORGANS,20530200,BAUCHI,13100123003500,Reform of Government and Governance - General
Purchase of 10 Nos. of Office Chairs and 10 Nos. of Office Tables,3000000.0,3000000.0,1080000.0,4500000.0,0.0,326,0.31832,0.33679,011100300100,STATE BOUNDARY COMMISSION,23010112,PURCHASE OF OFFICE FURNITURE AND FITTINGS,70161,GENERAL PUBLIC SERVICES N.E.C.,20530200,BAUCHI,13100123002400,Reform of Government and Governance - General
Purchase of 2 Desktop Computers for the Planning Officers at Boundary Commission,1500000.0,1500000.0,0.0,0.0,0.0,326,0.32839,0.34687,011100300100,STATE BOUNDARY COMMISSION,23010113,PURCHASE OF COMPUTERS,70161,GENERAL PUBLIC SERVICES N.E.C.,20530200,BAUCHI,13100123002500,Reform of Government and Governance - General
Purchase of 2 Nos. of Computers Printers for Planning Officers,1000000.0,1000000.0,0.0,0.0,0.0,326,0.33931,0.35779,011100300100,STATE BOUNDARY COMMISSION,23010114,PURCHASE OF COMPUTER PRINTERS,70161,GENERAL PUBLIC SERVICES N.E.C.,20530200,BAUCHI,13100123002600,Reform of Government and Governance - General
Purchase of 2 No. Photocopying Machine,1000000.0,1000000.0,0.0,0.0,0.0,326,0.35023,0.36871,011100300100,STATE BOUNDARY COMMISSION,23010115,PURCHASE OF PHOTOCOPYING MACHINES,70161,GENERAL PUBLIC SERVICES N.E.C.,20530200,BAUCHI,13100123002700,Reform of Government and Governance - General
Purchase of 1 No. projectors,700000.0,700000.0,0.0,1700000.0,0.0,326,0.36031,0.37879,011100300100,STATE BOUNDARY COMMISSION,23010148,PURCHASE OF PROJECTOR,70161,GENERAL PUBLIC SERVICES N.E.C.,20530200,BAUCHI,13100123002800,Reform of Government and Governance - General
Purchase of Library Books and other Marterials for stocking of the Boundary Commission Library,6000000.0,6000000.0,0.0,7000000.0,0.0,326,0.37123,0.38971,011100300100,STATE BOUNDARY COMMISSION,23010125,PURCHASE OF LIBRARY BOOKS & EQUIPMENT,70161,GENERAL PUBLIC SERVICES N.E.C.,20530200,BAUCHI,13100123002900,Reform of Government and Governance - General
Purchase of 20 Nos. Survey Equipment for Boundary Demacation and other Activities (Both inter and int,10500000.0,10500000.0,18900000.0,11000000.0,0.0,326,0.38215,0.40062,011100300100,STATE BOUNDARY COMMISSION,23010133,PURCHASES OF SURVEYING EQUIPMENT70161 - GENERAL PUBLIC SERVICES N.E.C.,,"ra State, Local Government/District Boundaries)",20530200,BAUCHI,13100123003000,Reform of Government and Governance - General
"Boundary Demarcation Exercises (Both inter and intra State, Local Government/District Boundaries)",15000000.0,15000000.0,14400000.0,20000000.0,0.0,326,0.39307,0.41154,011100300100,STATE BOUNDARY COMMISSION,23020122,CONSTRUCTION OF BOUNDARY PILLARS/ RIGHT OF WAYS,70161,GENERAL PUBLIC SERVICES N.E.C.,20542400,STATE WIDE,13100123003100,Reform of Government and Governance - General
Supervision and Monitoring of Projects along the Boundaries Lines of the State.,5000000.0,5000000.0,1020000.0,10000000.0,0.0,326,0.40314,0.42162,011100300100,STATE BOUNDARY COMMISSION,23050103,MONITORING AND EVALUATION,70161,GENERAL PUBLIC SERVICES N.E.C.,20542400,STATE WIDE,13100123003200,Reform of Government and Governance - General
Annual Special Days Celebration by Boundaries Communities to mark Designated Boundary Demarcation in the State,5000000.0,5000000.0,0.0,7000000.0,0.0,326,0.41406,0.43254,011100300100,STATE BOUNDARY COMMISSION,23050104,ANNIVERSARIES/CELEBRATIONS,70161,GENERAL PUBLIC SERVICES N.E.C.,20530200,BAUCHI,13100123003300,Reform of Government and Governance - General
Purchase 1 Jack Van for Monitoring of Projects.,1000000.0,1000000.0,0.0,0.0,0.0,326,0.46782,0.48629,011101000100,BAUCHI STATE PUBLIC PROCUREMENT BUREAU,23010106,PURCHASE OF VANS,70133,OTHER GENERAL SERVICES,20530200,BAUCHI,13100123000800,Reform of Government and Governance - General
Purchase of 15 nos. of Tables and Chairs for Offices,13500000.0,13500000.0,0.0,30000000.0,0.0,326,0.47789,0.49637,011101000100,BAUCHI STATE PUBLIC PROCUREMENT BUREAU,23010112,PURCHASE OF OFFICE FURNITURE AND FITTINGS,70133,OTHER GENERAL SERVICES,20530200,BAUCHI,13100123000900,Reform of Government and Governance - General
Purchase of 10 nos. of Laptops for Key and relevant Officers.,5000000.0,5000000.0,0.0,10000000.0,0.0,326,0.48881,0.50729,011101000100,BAUCHI STATE PUBLIC PROCUREMENT BUREAU,23010113,PURCHASE OF COMPUTERS,70133,OTHER GENERAL SERVICES,20530200,BAUCHI,13100123001000,Reform of Government and Governance - General
Purchase of 4 nos. of Computer Printers for Offices.,1500000.0,1500000.0,0.0,2000000.0,0.0,326,0.49973,0.51821,011101000100,BAUCHI STATE PUBLIC PROCUREMENT BUREAU,23010114,PURCHASE OF COMPUTER PRINTERS,70133,OTHER GENERAL SERVICES,20530200,BAUCHI,13100123001100,Reform of Government and Governance - General
Purchase of Fire Extinguishers and its Accessories,350000.0,350000.0,0.0,1000000.0,0.0,326,0.51065,0.52913,011101000100,BAUCHI STATE PUBLIC PROCUREMENT BUREAU,23010123,PURCHASE OF FIRE FIGHTING EQUIPMENT,70133,OTHER GENERAL SERVICES,20530200,BAUCHI,13100123001200,Reform of Government and Governance - General
Purchase of Professional Books and Publications for the Establishment of a Library.,1000000.0,1000000.0,0.0,3000000.0,0.0,326,0.52073,0.53921,011101000100,BAUCHI STATE PUBLIC PROCUREMENT BUREAU,23010125,PURCHASE OF LIBRARY BOOKS & EQUIPMENT,70133,OTHER GENERAL SERVICES,20530200,BAUCHI,13100123001300,Reform of Government and Governance - General
Purchase of 5 Nos of Security Dictectors equipment and Accessories for the Offices.,1000000.0,1000000.0,0.0,5000000.0,0.0,326,0.53165,0.55012,011101000100,BAUCHI STATE PUBLIC PROCUREMENT BUREAU,23010128,PURCHASE OF SECURITY EQUIPMENT,70133,OTHER GENERAL SERVICES,20530200,BAUCHI,13100123001400,Reform of Government and Governance - General
Purchase of 1 Nos. of Gymnasium Machines and 5 Nos of Mini Exercise Machines for the main Office,250000.0,250000.0,0.0,10000000.0,0.0,326,0.54257,0.56104,011101000100,BAUCHI STATE PUBLIC PROCUREMENT BUREAU,23010126,PURCHASE OF SPORTING / GAMING EQUIPMENT,70133,OTHER GENERAL SERVICES,20530200,BAUCHI,13100123001500,Reform of Government and Governance - General
Purchase of a Geographical Point Survey (GPS) for Project Tracking and Measurement,500000.0,500000.0,0.0,5000000.0,0.0,326,0.55264,0.57112,011101000100,BAUCHI STATE PUBLIC PROCUREMENT BUREAU,23010133,PURCHASES OF SURVEYING EQUIPMENT,70133,OTHER GENERAL SERVICES,20530200,BAUCHI,13100123001600,Reform of Government and Governance - General
Provision of Befitting Office Building for the Staff of Due Process Office.,70000000.0,70000000.0,102640000.0,150000000.0,0.0,326,0.56356,0.58204,011101000100,BAUCHI STATE PUBLIC PROCUREMENT BUREAU,23020101,CONSTRUCTION / PROVISION OF OFFICE BUILDINGS,70133,OTHER GENERAL SERVICES,20530200,BAUCHI,13100123001700,Reform of Government and Governance - General
Provision and Installation of Solar Power Electricty,8500000.0,8500000.0,0.0,10000000.0,0.0,326,0.57448,0.59296,011101000100,BAUCHI STATE PUBLIC PROCUREMENT BUREAU,23020103,CONSTRUCTION / PROVISION OF ELECTRICITY,70133,OTHER GENERAL SERVICES,20530200,BAUCHI,13100123001800,Reform of Government and Governance - General
Drilling of 1 No. Borehole in the Office,2750000.0,2750000.0,0.0,3000000.0,0.0,326,0.5854,0.60388,011101000100,BAUCHI STATE PUBLIC PROCUREMENT BUREAU,23020105,CONSTRUCTION / PROVISION OF WATER FACILITIES,70133,OTHER GENERAL SERVICES,20530200,BAUCHI,13100123001900,Reform of Government and Governance - General
Construction of Drainages and Landscaping of the office,10000000.0,10000000.0,0.0,20000000.0,0.0,326,0.59548,0.61396,011101000100,BAUCHI STATE PUBLIC PROCUREMENT BUREAU,23020118,CONSTRUCTION / PROVISION OF INFRASTRUCTURE,70133,OTHER GENERAL SERVICES,20530200,BAUCHI,13100123002000,Reform of Government and Governance - General
Renovation of Due Process Office at Bauchi.,6000000.0,6000000.0,0.0,30000000.0,0.0,326,0.6064,0.62487,011101000100,BAUCHI STATE PUBLIC PROCUREMENT BUREAU,23030121,REHABILITATION / REPAIRS OF OFFICE BUILDINGS,70133,OTHER GENERAL SERVICES,20530200,BAUCHI,13100123002100,Reform of Government and Governance - General
Undertaking of Assessment of Viability of Projects executed.,1000000.0,1000000.0,0.0,3000000.0,0.0,326,0.61732,0.63579,011101000100,BAUCHI STATE PUBLIC PROCUREMENT BUREAU,23050103,MONITORING AND EVALUATION,70133,OTHER GENERAL SERVICES,20542400,STATE WIDE,13100123002200,Reform of Government and Governance - General
Purchase and Licenses of Computer Software for Tracking Projects Initiate.,5000000.0,5000000.0,0.0,0.0,0.0,326,0.62823,0.64671,011101000100,BAUCHI STATE PUBLIC PROCUREMENT BUREAU,23050102,COMPUTER SOFTWARE ACQUISITION,70133,OTHER GENERAL SERVICES,20530200,BAUCHI,13100123002300,Reform of Government and Governance - General
Establishment of e-procurement Portal,0.0,0.0,0.0,500000000.0,0.0,326,0.63831,0.65679,011101000100,BAUCHI STATE PUBLIC PROCUREMENT BUREAU,23020127,CONSTRUCTION OF ICT INFRASTRUCTURES,70133,OTHER GENERAL SERVICES,20530200,BAUCHI,13100123002300,Reform of Government and Governance - General
Purchase of Land for the Construction of Offices and Buildings in the State Capital,1000000000.0,500000000.0,0.0,850000000.0,0.0,326,0.69206,0.71054,016100100100,GOVERNOR'S OFFICE (SSG's OFFICE),23010101,PURCHASE / ACQUISITION OF LAND,70111,EXECUTIVE AND LEGISLATIVE ORGANS,20530200,BAUCHI,13100123003600,Reform of Government and Governance - General
Purchase of 10 Nos. of Maikano Generators in the SSG's Office for Distribution to some MDAs,161235283.84,161235283.84,4000000.0,161235283.84,0.0,326,0.70298,0.72146,016100100100,GOVERNOR'S OFFICE (SSG's OFFICE),23010119,PURCHASE OF POWER GENERATING SET,70111,EXECUTIVE AND LEGISLATIVE ORGANS,20542400,STATE WIDE,13100123003700,Reform of Government and Governance - General
Purchase of 10 Nos. of Executive Cushion and 5 Nos. of Tables for Emirs Palaces at Bauchi,35000000.0,35000000.0,0.0,35000000.0,0.0,326,0.71306,0.73154,016100100100,GOVERNOR'S OFFICE (SSG's OFFICE),23010112,PURCHASE OF OFFICE FURNITURE AND FITTINGS,70111,EXECUTIVE AND LEGISLATIVE ORGANS,20542400,STATE WIDE,13100123003800,Reform of Government and Governance - General
"Purchase of 19 Nos. Cushions, 5Nos. of Beds and 10 Nos. of Table for Furnishing Government Guest houses",40000000.0,40000000.0,0.0,40000000.0,0.0,326,0.72398,0.74246,016100100100,GOVERNOR'S OFFICE (SSG's OFFICE),23010112,PURCHASE OF OFFICE FURNITURE AND FITTINGS,70111,EXECUTIVE AND LEGISLATIVE ORGANS,20542400,STATE WIDE,13100123003900,Reform of Government and Governance - General
Purchase of 5 Nos Cushions and 10 Nos of Centre Tables for Furnishing of Liaison Office Abuja,32130000.0,32130000.0,0.0,32130000.0,0.0,326,0.7349,0.75338,016100100100,GOVERNOR'S OFFICE (SSG's OFFICE),23010112,PURCHASE OF OFFICE FURNITURE AND FITTINGS,70111,EXECUTIVE AND LEGISLATIVE ORGANS,20542400,STATE WIDE,13100123004000,Reform of Government and Governance - General
Furnishing and Equipping of Bauchi Broadcasting Services (BBS) with 10 Nos. of Executive Chairs and 10 Nos. of Tables at the Chairman's Office,70000000.0,70000000.0,0.0,0.0,0.0,326,0.74498,0.76345,016100100100,GOVERNOR'S OFFICE (SSG's OFFICE),23010112,PURCHASE OF OFFICE FURNITURE AND FITTINGS,70111,EXECUTIVE AND LEGISLATIVE ORGANS,20530200,BAUCHI,13100123004100,Reform of Government and Governance - General
Furnishing of Sustainable Development Goals Office with 15 Nos. of Office Chairs and 15 Nos. of Tables,250000000.0,250000000.0,0.0,0.0,0.0,326,0.7559,0.77437,016100100100,GOVERNOR'S OFFICE (SSG's OFFICE),23010112,PURCHASE OF OFFICE FURNITURE AND FITTINGS,70111,EXECUTIVE AND LEGISLATIVE ORGANS,20530200,BAUCHI,13100123004200,Reform of Government and Governance - General
Purchase of Laptops and Desktops Computers for ICT Networking Infrastructures,250000000.0,250000000.0,0.0,0.0,0.0,326,0.76681,0.78529,016100100100,GOVERNOR'S OFFICE (SSG's OFFICE),23010113,PURCHASE OF COMPUTERS,70111,EXECUTIVE AND LEGISLATIVE ORGANS,20530200,BAUCHI,13100123004300,Reform of Government and Governance - General
Expansion of Office Accommodation at Hajj Camp,140000000.0,140000000.0,160486964.16,140000000.0,0.0,326,0.77773,0.79621,016100100100,GOVERNOR'S OFFICE (SSG's OFFICE),23020101,CONSTRUCTION / PROVISION OF OFFICE BUILDINGS,70111,EXECUTIVE AND LEGISLATIVE ORGANS,20530200,BAUCHI,13100123004400,Reform of Government and Governance - General
Renovations and Repairs of Government Guest Houses Across the State,30000000.0,30000000.0,0.0,300000000.0,0.0,326,0.78781,0.80629,016100100100,GOVERNOR'S OFFICE (SSG's OFFICE),23030101,REHABILITATION / REPAIRS OF RESIDENTIAL BUILDING,70111,EXECUTIVE AND LEGISLATIVE ORGANS,20542400,STATE WIDE,13100123004800,Reform of Government and Governance - General
Rehabilitation of Liaison Office Kaduna at Kaduna,45000000.0,45000000.0,0.0,150000000.0,0.0,326,0.79873,0.81721,016100100100,GOVERNOR'S OFFICE (SSG's OFFICE),23030121,REHABILITATION / REPAIRS OF OFFICE BUILDINGS,70111,EXECUTIVE AND LEGISLATIVE ORGANS,20542400,STATE WIDE,13100123005100,Reform of Government and Governance - General
"Construction and Provision of ICT Infrastructure at Fortune University Magama, Toro LGA",50000000.0,90000000.0,166000000.0,350000000.0,0.0,326,0.80965,0.82813,016100100100,GOVERNOR'S OFFICE (SSG's OFFICE),23020127,CONSTRUCTION OF ICT INFRASTRUCTURES,70111,EXECUTIVE AND LEGISLATIVE ORGANS,20531800,TORO,13100123005100,Reform of Government and Governance - General
Repairs and Rehabilitation of Abuja Liaison Office at Federal Capital Teritory,50000000.0,250000000.0,406900000.0,500000000.0,0.0,326,0.82057,0.83904,016100100100,GOVERNOR'S OFFICE (SSG's OFFICE),23030121,REHABILITATION / REPAIRS OF OFFICE BUILDINGS,70111,EXECUTIVE AND LEGISLATIVE ORGANS,20542400,STATE WIDE,13100123005100,Reform of Government and Governance - General
Renovations and Repairs of 5 Nos. Government Guest Houses Across the State,50000000.0,50000000.0,71824407.78,300000000.0,0.0,326,0.83065,0.84912,016100100100,GOVERNOR'S OFFICE (SSG's OFFICE),23030101,REHABILITATION / REPAIRS OF RESIDENTIAL BUILDING,70111,EXECUTIVE AND LEGISLATIVE ORGANS,20530200,BAUCHI,13100123005100,Reform of Government and Governance - General
Purchase of 20 nos of Motor Vehicles to Principals Officers at BAHA,440000000.0,440000000.0,0.0,600000000.0,0.0,326,0.8844,0.90288,011200300100,BAUCHI STATE HOUSE OF ASSEMBLY,23010105,PURCHASE OF MOTOR VEHICLES,70111,EXECUTIVE AND LEGISLATIVE ORGANS,20530200,BAUCHI,13100123009600,Reform of Government and Governance - General
Purchase of 2 nos of 32-Seater Toyota Buses for BAHA,118000000.0,118000000.0,0.0,100000000.0,0.0,326,0.89532,0.91379,011200300100,BAUCHI STATE HOUSE OF ASSEMBLY,23010108,PURCHASE OF BUSES,70111,EXECUTIVE AND LEGISLATIVE ORGANS,20530200,BAUCHI,13100123009700,Reform of Government and Governance - General
Furnishing of Honourable Members Offices with 32 Nos. Chairs and 32 Nos. of Tables,132240000.0,132240000.0,0.0,350000000.0,0.0,327,0.09323,0.1117,011200300100,BAUCHI STATE HOUSE OF ASSEMBLY,23010112,PURCHASE OF OFFICE FURNITURE AND FITTINGS,70111,EXECUTIVE AND LEGISLATIVE ORGANS,20530200,BAUCHI,13100123009800,Reform of Government and Governance - General
Purchase of 10 nos. of Laptops Computer for the Principal Officers.,16800000.0,16800000.0,0.0,15000000.0,0.0,327,0.10415,0.12262,011200300100,BAUCHI STATE HOUSE OF ASSEMBLY,23010113,PURCHASE OF COMPUTERS,70111,EXECUTIVE AND LEGISLATIVE ORGANS,20530200,BAUCHI,13100123009900,Reform of Government and Governance - General
Purchase of 10 nos. of Computer Printers for the Principal Officers.,15540000.0,15540000.0,0.0,5000000.0,0.0,327,0.11506,0.13354,011200300100,BAUCHI STATE HOUSE OF ASSEMBLY,23010114,PURCHASE OF COMPUTER PRINTERS,70111,EXECUTIVE AND LEGISLATIVE ORGANS,20530200,BAUCHI,13100123010000,Reform of Government and Governance - General
Purchase of 3 nos. Photocopier Machines in the Office of the Speaker and the Clerk.,10000000.0,10000000.0,0.0,3000000.0,0.0,327,0.12598,0.14446,011200300100,BAUCHI STATE HOUSE OF ASSEMBLY,23010115,PURCHASE OF PHOTOCOPYING MACHINES,70111,EXECUTIVE AND LEGISLATIVE ORGANS,20530200,BAUCHI,13100123010100,Reform of Government and Governance - General
Purchase of 6 nos. of Scanners for Principal Member of BAHA,132000000.0,132000000.0,0.0,300000.0,0.0,327,0.13606,0.15454,011200300100,BAUCHI STATE HOUSE OF ASSEMBLY,23010118,PURCHASE OF SCANNERS,70111,EXECUTIVE AND LEGISLATIVE ORGANS,20530200,BAUCHI,13100123010200,Reform of Government and Governance - General
Purchase of 2Nos. Of Mikano Power Generating Set for the State House of Assembly,184000000.0,184000000.0,0.0,184000000.0,0.0,327,0.14698,0.16546,011200300100,BAUCHI STATE HOUSE OF ASSEMBLY,23010119,PURCHASE OF POWER GENERATING SET,70111,EXECUTIVE AND LEGISLATIVE ORGANS,20530200,BAUCHI,13100123010300,Reform of Government and Governance - General
Purchase of 50 Nos. of Fire Extuinguishers and other fire fighting equipments,10000000.0,10000000.0,0.0,5000000.0,0.0,327,0.1579,0.17638,011200300100,BAUCHI STATE HOUSE OF ASSEMBLY,23010123,PURCHASE OF FIRE FIGHTING EQUIPMENT,70111,EXECUTIVE AND LEGISLATIVE ORGANS,20530200,BAUCHI,13100123010400,Reform of Government and Governance - General
Provision of Assorted Professional Books for the Establishment Library at BAHA,40650000.0,40650000.0,0.0,50000000.0,0.0,327,0.16798,0.18645,011200300100,BAUCHI STATE HOUSE OF ASSEMBLY,23010125,PURCHASE OF LIBRARY BOOKS & EQUIPMENT,70111,EXECUTIVE AND LEGISLATIVE ORGANS,20530200,BAUCHI,13100123010500,Reform of Government and Governance - General
Purchase of 5 Nos. of Dictator Security Equipment and its Security Accessories,9960000.0,9960000.0,0.0,45000000.0,0.0,327,0.1789,0.19737,011200300100,BAUCHI STATE HOUSE OF ASSEMBLY,23010128,PURCHASE OF SECURITY EQUIPMENT,70111,EXECUTIVE AND LEGISLATIVE ORGANS,20530200,BAUCHI,13100123010600,Reform of Government and Governance - General
Construction of Office Complex at State House of Assembly at BAHA,50000000.0,50000000.0,99995463.18,0.0,0.0,327,0.18981,0.20829,011200300100,BAUCHI STATE HOUSE OF ASSEMBLY,23020101,CONSTRUCTION / PROVISION OF OFFICE BUILDINGS,70111,EXECUTIVE AND LEGISLATIVE ORGANS,20530200,BAUCHI,13100123010700,Reform of Government and Governance - General
Complete Renovation of Existing House of Assembly Complex at Bauchi,45000000.0,95000000.0,158621030.0,0.0,0.0,327,0.20073,0.21921,011200300100,BAUCHI STATE HOUSE OF ASSEMBLY,23030121,REHABILITATION / REPAIRS OF OFFICE BUILDINGS,70111,EXECUTIVE AND LEGISLATIVE ORGANS,20530200,BAUCHI,13100123010800,Reform of Government and Governance - General
Provision of Solar Power Electricity at Bauchi State House of Assembly Complex,0.0,0.0,0.0,200000000.0,0.0,327,0.21081,0.22929,011200300100,BAUCHI STATE HOUSE OF ASSEMBLY,23020103,CONSTRUCTION / PROVISION OF ELECTRICITY,70111,EXECUTIVE AND LEGISLATIVE ORGANS,20530200,BAUCHI,13100126000100,Reform of Government and Governance - General
Contituency Research on Implemented Projects and Programmes by Staff of Bauchi State House of Assembly,0.0,0.0,0.0,30000000.0,0.0,327,0.22173,0.24021,011200300100,BAUCHI STATE HOUSE OF ASSEMBLY,23050103,MONITORING AND EVALUATION,70111,EXECUTIVE AND LEGISLATIVE ORGANS,20542400,STATE WIDE,13100126000200,Reform of Government and Governance - General
Purchase of Two (2) of 18 Seater Buses for Bauchi State House of Assembly Commission,50000000.0,50000000.0,0.0,0.0,0.0,327,0.27548,0.29396,011200300200,BAUCHI STATE HOUSE OF ASSEBMLY SERVICE COM.,23010108,PURCHASE OF BUSES,70111,EXECUTIVE AND LEGISLATIVE ORGANS,20530200,BAUCHI,13100100000000,Reform of Government and Governance - General
Purchase of 10 Nos of Office Chairs and 10 Nos of Office Tables for Bauchi State House of Assembly Commission,20000000.0,20000000.0,0.0,100000000.0,0.0,327,0.28556,0.30404,011200300200,BAUCHI STATE HOUSE OF ASSEBMLY SERVICE COM.,23010112,PURCHASE OF OFFICE FURNITURE AND FITTINGS,70111,EXECUTIVE AND LEGISLATIVE ORGANS,20530200,BAUCHI,13100100000000,Reform of Government and Governance - General
Purchase of 15 Nos. of HP Destop Computers for Bauchi State House of Assembly Commission,10000000.0,10000000.0,0.0,0.0,0.0,327,0.29648,0.31496,011200300200,BAUCHI STATE HOUSE OF ASSEBMLY SERVICE COM.,23010113,PURCHASE OF COMPUTERS,70111,EXECUTIVE AND LEGISLATIVE ORGANS,20530200,BAUCHI,13100100000000,Reform of Government and Governance - General
Purchase of One no Computer Printers for Bauchi State House of Assembly Commission,2000000.0,2000000.0,0.0,0.0,0.0,327,0.3074,0.32588,011200300200,BAUCHI STATE HOUSE OF ASSEBMLY SERVICE COM.,23010114,PURCHASE OF COMPUTER PRINTERS,70111,EXECUTIVE AND LEGISLATIVE ORGANS,20530200,BAUCHI,13100100000000,Reform of Government and Governance - General
Purchase of One no Photocopying Machines for Bauchi State House of Assembly Commission,2000000.0,2000000.0,0.0,0.0,0.0,327,0.31832,0.33679,011200300200,BAUCHI STATE HOUSE OF ASSEBMLY SERVICE COM.,23010115,PURCHASE OF PHOTOCOPYING MACHINES,70111,EXECUTIVE AND LEGISLATIVE ORGANS,20530200,BAUCHI,13100100000000,Reform of Government and Governance - General
Purchase of One no Shredding Machines for Bauchi State House of Assembly Commission,500000.0,500000.0,0.0,2000000.0,0.0,327,0.32839,0.34687,011200300200,BAUCHI STATE HOUSE OF ASSEBMLY SERVICE COM.,23010117,PURCHASE OF SHREDDING MACHINES,70111,EXECUTIVE AND LEGISLATIVE ORGANS,20530200,BAUCHI,13100100000000,Reform of Government and Governance - General
Purchase of One no Scanner for Bauchi State House of Assembly Commission,300000.0,300000.0,0.0,1500000.0,0.0,327,0.33931,0.35779,011200300200,BAUCHI STATE HOUSE OF ASSEBMLY SERVICE COM.,23010118,PURCHASE OF SCANNERS,70111,EXECUTIVE AND LEGISLATIVE ORGANS,20530200,BAUCHI,13100100000000,Reform of Government and Governance - General
Purchase of Mikano Generating Set for Bauchi State House of Assembly Commission,30000000.0,30000000.0,0.0,20000000.0,0.0,327,0.35023,0.36871,011200300200,BAUCHI STATE HOUSE OF ASSEBMLY SERVICE COM.,23010119,PURCHASE OF POWER GENERATING SET,70111,EXECUTIVE AND LEGISLATIVE ORGANS,20530200,BAUCHI,13100100000000,Reform of Government and Governance - General
Construction of Office Building in the House of Assembly Complex,200000000.0,200000000.0,0.0,0.0,0.0,327,0.36031,0.37879,011200300200,BAUCHI STATE HOUSE OF ASSEBMLY SERVICE COM.,23020101,CONSTRUCTION / PROVISION OF OFFICE BUILDINGS,70111,EXECUTIVE AND LEGISLATIVE ORGANS,20530200,BAUCHI,13100100000000,Reform of Government and Governance - General
2 Km Roads Construction within the Assembly Office Complex,40000000.0,40000000.0,0.0,0.0,0.0,327,0.37123,0.38971,011200300200,BAUCHI STATE HOUSE OF ASSEBMLY SERVICE COM.,23020114,CONSTRUCTION / PROVISION OF ROADS,70111,EXECUTIVE AND LEGISLATIVE ORGANS,20530200,BAUCHI,13100100000000,Reform of Government and Governance - General
Repairs and Rehabilitation of Existing Office Building and BAHA,5000000.0,5000000.0,0.0,0.0,0.0,327,0.38215,0.40062,011200300200,BAUCHI STATE HOUSE OF ASSEBMLY SERVICE COM.,23030121,REHABILITATION / REPAIRS OF OFFICE BUILDINGS,70111,EXECUTIVE AND LEGISLATIVE ORGANS,20530200,BAUCHI,13100100000000,Reform of Government and Governance - General
Undertake Study on the Policies and Programmes for Enhance Legislative Duties,30000000.0,30000000.0,0.0,30000000.0,0.0,327,0.39307,0.41154,011200300200,BAUCHI STATE HOUSE OF ASSEBMLY SERVICE COM.,23050101,RESEARCH AND DEVELOPMENT,70111,EXECUTIVE AND LEGISLATIVE ORGANS,20530200,BAUCHI,13100100000000,Reform of Government and Governance - General
Acquisition and Provision of Computer Software Package for the Harmonization of Legislative Activities.,2000000.0,2000000.0,0.0,0.0,0.0,327,0.40314,0.42162,011200300200,BAUCHI STATE HOUSE OF ASSEBMLY SERVICE COM.,23050102,COMPUTER SOFTWARE ACQUISITION,70111,EXECUTIVE AND LEGISLATIVE ORGANS,20530200,BAUCHI,13100100000000,Reform of Government and Governance - General
Annual Legislative Enhancement Anniversary Day to Mark Improvement in Legislative Functions.,4900000.0,4900000.0,0.0,5000000.0,0.0,327,0.41406,0.43254,011200300200,BAUCHI STATE HOUSE OF ASSEBMLY SERVICE COM.,23050104,ANNIVERSARIES/CELEBRATIONS,70111,EXECUTIVE AND LEGISLATIVE ORGANS,20530200,BAUCHI,13100100000000,Reform of Government and Governance - General
Purchase 1 Mobile Cinema Van,60000000.0,60000000.0,50000000.0,70000000.0,0.0,327,0.46782,0.48629,012300100100,MINISTRY OF INFORMATION AND COMMUNICATION,23010106,PURCHASE OF VANS,70831,BROADCASTING AND PUBLISHING SERVICES,20530200,BAUCHI,11100123000100,Information Communication and Technology - General
Purchase of 1 no. of Complete set of Editing Machine for Film/Cinema Unit at Hqts Bauchi,10000000.0,10000000.0,17800000.0,10000000.0,0.0,327,0.47789,0.49637,012300100100,MINISTRY OF INFORMATION AND COMMUNICATION,23010129,PURCHASE OF INDUSTRIAL EQUIPMENT,70831,BROADCASTING AND PUBLISHING SERVICES,20530200,BAUCHI,11100123000200,Information Communication and Technology - General
Purchase of Technical Tools/Equipment for the production of programmes and activities at the Ministry,10000000.0,10000000.0,0.0,20000000.0,0.0,327,0.48881,0.50729,012300100100,MINISTRY OF INFORMATION AND COMMUNICATION,23010129,PURCHASE OF INDUSTRIAL EQUIPMENT 70831 - BROADCASTING AND PUBLISHING SERVICES,,of Information,20530200,BAUCHI,11100123000300,Information Communication and Technology - General
Establishment of Data Bank at MOI Hqts. Bauchi for achieving of government document and documentries,15000000.0,85000000.0,72575000.0,15000000.0,0.0,327,0.49973,0.51821,012300100100,MINISTRY OF INFORMATION AND COMMUNICATION,23020127,CONSTRUCTION OF ICT INFRASTRUCTURES,70831,BROADCASTING AND PUBLISHING SERVICES,20530200,BAUCHI,11100123000400,Information Communication and Technology - General
Construction/Provision of Office Building for proposed Government Printing Press at Bauchi.,40000000.0,40000000.0,35000000.0,50000000.0,0.0,327,0.51065,0.52913,012300100100,MINISTRY OF INFORMATION AND COMMUNICATION,23020101,CONSTRUCTION / PROVISION OF OFFICE BUILDINGS,70831,BROADCASTING AND PUBLISHING SERVICES,20530200,BAUCHI,11100123000500,Information Communication and Technology - General
Purchase and Provision of Digital Studio/Equipment at BATV Hqts. Bauchi.,500000000.0,650000000.0,557029978.86,500000000.0,0.0,327,0.52073,0.53921,012300100100,MINISTRY OF INFORMATION AND COMMUNICATION,23010129,PURCHASE OF INDUSTRIAL EQUIPMENT,70831,BROADCASTING AND PUBLISHING SERVICES,20530200,BAUCHI,11100123000600,Information Communication and Technology - General
Purchase and Provision of Digital Studio/Equipment at BRC Hqts. Bauchi,250000000.0,250000000.0,225515000.0,300000000.0,0.0,327,0.53165,0.55012,012300100100,MINISTRY OF INFORMATION AND COMMUNICATION,23010129,PURCHASE OF INDUSTRIAL EQUIPMENT,70831,BROADCASTING AND PUBLISHING SERVICES,20530200,BAUCHI,11100123000700,Information Communication and Technology - General
Conduct of Survey for the Establishment of Radio Stations within the three Senatorial Zones of the State,5000000.0,5000000.0,0.0,10000000.0,0.0,327,0.54257,0.56104,012300100100,MINISTRY OF INFORMATION AND COMMUNICATION,23050101,RESEARCH AND DEVELOPMENT,70831,BROADCASTING AND PUBLISHING SERVICES,20542400,STATE WIDE,11100123000800,Information Communication and Technology - General
Supervision of Projects and Programmes that is associated with the Policies of the Ministry.,3000000.0,3000000.0,0.0,10000000.0,0.0,327,0.55264,0.57112,012300100100,MINISTRY OF INFORMATION AND COMMUNICATION,23050103,MONITORING AND EVALUATION,70831,BROADCASTING AND PUBLISHING SERVICES,20542400,STATE WIDE,11100123000900,Information Communication and Technology - General
Special Day Anniversary to Mark Bauchi State Information and Communication Revolution,5000000.0,5000000.0,0.0,5000000.0,0.0,327,0.56356,0.58204,012300100100,MINISTRY OF INFORMATION AND COMMUNICATION,23050104,ANNIVERSARIES/CELEBRATIONS,70831,BROADCASTING AND PUBLISHING SERVICES,20542400,STATE WIDE,11100123001000,Information Communication and Technology - General
Establishment of 10 no. Additional Community Radio Stations in Bauchi,448160000.0,448160000.0,450000000.0,1500000000.0,0.0,327,0.57448,0.59296,012300100100,MINISTRY OF INFORMATION AND COMMUNICATION,23020127,CONSTRUCTION OF ICT INFRASTRUCTURES,70831,BROADCASTING AND PUBLISHING SERVICES,20542400,STATE WIDE,11100123001100,Information Communication and Technology - General
Rehabilitation and Repairs of BATV Office Bauchi,245000000.0,245000000.0,200000000.0,250000000.0,0.0,327,0.5854,0.60388,012300100100,MINISTRY OF INFORMATION AND COMMUNICATION,23030121,REHABILITATION / REPAIRS OF OFFICE BUILDINGS,70831,BROADCASTING AND PUBLISHING SERVICES,20530200,BAUCHI,11100123001200,Information Communication and Technology - General
Construction of Television Booster station at Darazo,100000000.0,100000000.0,50000000.0,150000000.0,0.0,327,0.59548,0.61396,012300100100,MINISTRY OF INFORMATION AND COMMUNICATION,23020127,CONSTRUCTION OF ICT INFRASTRUCTURES,70831,BROADCASTING AND PUBLISHING SERVICES,20510500,DARAZO,11100123001300,Information Communication and Technology - General
Construction of Television Booster station at Alkaleri,100000000.0,100000000.0,50000000.0,250000000.0,0.0,327,0.6064,0.62487,012300100100,MINISTRY OF INFORMATION AND COMMUNICATION,23020127,CONSTRUCTION OF ICT INFRASTRUCTURES,70831,BROADCASTING AND PUBLISHING SERVICES,20530100,ALKALERI,11100123001400,Information Communication and Technology - General
Rehabilitation of Television BATV station at Azare,100000000.0,100000000.0,50000000.0,250000000.0,0.0,327,0.61732,0.63579,012300100100,MINISTRY OF INFORMATION AND COMMUNICATION,23020127,CONSTRUCTION OF ICT INFRASTRUCTURES,70831,BROADCASTING AND PUBLISHING SERVICES,20521200,KATAGUM,11100123001500,Information Communication and Technology - General
Provision of solar power for BATV Headquarter at Bauchi,100000000.0,100000000.0,50000000.0,250000000.0,0.0,327,0.62823,0.64671,012300100100,MINISTRY OF INFORMATION AND COMMUNICATION,23020103,CONSTRUCTION / PROVISION OF ELECTRICITY,70831,BROADCASTING AND PUBLISHING SERVICES,20530200,BAUCHI,11100123001600,Information Communication and Technology - General
Purchase of Digitalization Equipment for the Second Phase of Digitalization of BATV & BRC for the impro,0.0,0.0,0.0,250000000.0,0.0,327,0.63831,0.65679,012300100100,MINISTRY OF INFORMATION AND COMMUNICATION,23010129,PURCHASE OF INDUSTRIAL EQUIPMENT 70831 - BROADCASTING AND PUBLISHING SERVICES,,vement of Broadcasting,20542400,STATE WIDE,11100123001700,Information Communication and Technology - General
Provision of 5 Nos. of Tables and 5 Nos. of Chairs for Offices at BRC,12500000.0,12500000.0,0.0,15000000.0,0.0,327,0.69206,0.71054,012300200100,STATE RADIO CORP. (BRC),23010112,PURCHASE OF OFFICE FURNITURE AND FITTINGS,70831,BROADCASTING AND PUBLISHING SERVICES,20542400,STATE WIDE,11100123001300,Information Communication and Technology - General
Purchase of 3nos. Of Desktop Computers for BRC staff,4500000.0,4500000.0,0.0,5000000.0,0.0,327,0.70298,0.72146,012300200100,STATE RADIO CORP. (BRC),23010113,PURCHASE OF COMPUTERS,70831,BROADCASTING AND PUBLISHING SERVICES,20542400,STATE WIDE,11100123001400,Information Communication and Technology - General
Purchase of 2 nos of Printers for News Studio for BRC staff,1200000.0,1200000.0,0.0,1500000.0,0.0,327,0.71306,0.73154,012300200100,STATE RADIO CORP. (BRC),23010114,PURCHASE OF COMPUTER PRINTERS,70831,BROADCASTING AND PUBLISHING SERVICES,20542400,STATE WIDE,11100123001500,Information Communication and Technology - General
Construction of Solar Power Energy for the Provision of Electricity at BRC and Community Radios,50000000.0,50000000.0,30000000.0,75000000.0,0.0,327,0.72398,0.74246,012300200100,STATE RADIO CORP. (BRC),23020103,CONSTRUCTION / PROVISION OF ELECTRICITY,70831,BROADCASTING AND PUBLISHING SERVICES,20542400,STATE WIDE,11100123001600,Information Communication and Technology - General
Provision of Modern Computer Application Software for computerization of BRC Activities,30000000.0,30000000.0,0.0,35000000.0,0.0,327,0.7349,0.75338,012300200100,STATE RADIO CORP. (BRC),23050102,COMPUTER SOFTWARE ACQUISITION,70831,BROADCASTING AND PUBLISHING SERVICES,20542400,STATE WIDE,11100123001700,Information Communication and Technology - General
Provision of 3 nos. of Tables and 3 nos. of Chairs for Offices at BATV,2500000.0,2500000.0,0.0,3000000.0,0.0,327,0.78781,0.80629,012300300100,STATE TELEVISION (BATV),23010112,PURCHASE OF OFFICE FURNITURE AND FITTINGS,70831,BROADCASTING AND PUBLISHING SERVICES,20530200,BAUCHI,11100123001800,Information Communication and Technology - General
Purchase of 3nos. Of Desktop Computers HP (3) at BATV HQ,2500000.0,2500000.0,0.0,0.0,0.0,327,0.79873,0.81721,012300300100,STATE TELEVISION (BATV),23010113,PURCHASE OF COMPUTERS,70831,BROADCASTING AND PUBLISHING SERVICES,20530200,BAUCHI,11100123001900,Information Communication and Technology - General
Purchase of a Printer for News Studio HP 0ne (1) at BATV HQ,1550000.0,1550000.0,0.0,0.0,0.0,327,0.80965,0.82813,012300300100,STATE TELEVISION (BATV),23010114,PURCHASE OF COMPUTER PRINTERS,70831,BROADCASTING AND PUBLISHING SERVICES,20530200,BAUCHI,11100123002000,Information Communication and Technology - General
Purchase of a Photocopier for the General Manager's Office. BATV HQ,1500000.0,1500000.0,0.0,0.0,0.0,327,0.82057,0.83904,012300300100,STATE TELEVISION (BATV),23010115,PURCHASE OF PHOTOCOPYING MACHINES,70831,BROADCASTING AND PUBLISHING SERVICES,20530200,BAUCHI,11100123002100,Information Communication and Technology - General
Purchase of 2 nos. of Scanner for BATV HQ,750000.0,750000.0,0.0,0.0,0.0,327,0.83065,0.84912,012300300100,STATE TELEVISION (BATV),23010118,PURCHASE OF SCANNERS,70831,BROADCASTING AND PUBLISHING SERVICES,20530200,BAUCHI,11100123002200,Information Communication and Technology - General
Purchase of 5 Nos. of Fire Extuinguishers and other fire fighting equipment at BATV HQ,550000.0,550000.0,0.0,1000000.0,0.0,327,0.84156,0.86004,012300300100,STATE TELEVISION (BATV),23010123,PURCHASE OF FIRE FIGHTING EQUIPMENT,70831,BROADCASTING AND PUBLISHING SERVICES,20530200,BAUCHI,11100123002300,Information Communication and Technology - General
Purchase of 3 nos. Security Equipment dictector and other Security Accessories,1550000.0,1550000.0,0.0,1000000.0,0.0,327,0.85248,0.87096,012300300100,STATE TELEVISION (BATV),23010128,PURCHASE OF SECURITY EQUIPMENT,70831,BROADCASTING AND PUBLISHING SERVICES,20530200,BAUCHI,11100123002400,Information Communication and Technology - General
Provision of 3 nos. of beds and bedding for Accommodation at BATV HQ,900000.0,900000.0,0.0,900000.0,0.0,327,0.86256,0.88104,012300300100,STATE TELEVISION (BATV),23010143,PURCHASE OF BEDDINGS/CLOTHING MATERIALS,70831,BROADCASTING AND PUBLISHING SERVICES,20530200,BAUCHI,11100123002500,Information Communication and Technology - General
Purchase of 2 Nos. of Projectors at BATV HQ,1350000.0,1350000.0,0.0,2000000.0,0.0,327,0.87348,0.89196,012300300100,STATE TELEVISION (BATV),23010148,PURCHASE OF PROJECTOR,70831,BROADCASTING AND PUBLISHING SERVICES,20530200,BAUCHI,11100123002600,Information Communication and Technology - General
Complete Rehabilitation and Repairs of BATV Office HQ,23500000.0,23500000.0,0.0,20000000.0,0.0,327,0.8844,0.90288,012300300100,STATE TELEVISION (BATV),23030121,REHABILITATION / REPAIRS OF OFFICE BUILDINGS,70831,BROADCASTING AND PUBLISHING SERVICES,20530200,BAUCHI,11100123002700,Information Communication and Technology - General
Provision of Electricity and its Accessories for offices at BATV HQ,30270000.0,30270000.0,0.0,80000000.0,0.0,327,0.89532,0.91379,012300300100,STATE TELEVISION (BATV),23020103,CONSTRUCTION / PROVISION OF ELECTRICITY,70831,BROADCASTING AND PUBLISHING SERVICES,20530200,BAUCHI,11100123002800,Information Communication and Technology - General
Tree Planting & Orchards for Landscaping and Beautification of BATV HQ,500000.0,500000.0,0.0,1250000.0,0.0,328,0.09323,0.1117,012300300100,STATE TELEVISION (BATV),23040101,TREE PLANTING,70831,BROADCASTING AND PUBLISHING SERVICES,20530200,BAUCHI,11100123002900,Information Communication and Technology - General
Construction of Drainages and Landscaping of BATV HQ Bauchi,2500000.0,2500000.0,0.0,3500000.0,0.0,328,0.10415,0.12262,012300300100,STATE TELEVISION (BATV),23020118,CONSTRUCTION / PROVISION OF INFRASTRUCTURE,70831,BROADCASTING AND PUBLISHING SERVICES,20530200,BAUCHI,11100123003000,Information Communication and Technology - General
Provision of 1 No. Modern Computer Application Software for computerization of BATV Activities,2000000.0,2000000.0,0.0,3000000.0,0.0,328,0.11506,0.13354,012300300100,STATE TELEVISION (BATV),23050102,COMPUTER SOFTWARE ACQUISITION,70831,BROADCASTING AND PUBLISHING SERVICES,20530200,BAUCHI,11100123003100,Information Communication and Technology - General
Supervision of BATV Programmes and Projects,1000000.0,1000000.0,0.0,2000000.0,0.0,328,0.12598,0.14446,012300300100,STATE TELEVISION (BATV),23050103,MONITORING AND EVALUATION,70831,BROADCASTING AND PUBLISHING SERVICES,20542400,STATE WIDE,11100123003200,Information Communication and Technology - General
Bauchi State Television Annual Cultural Celebration,964000.0,964000.0,0.0,5000000.0,0.0,328,0.13606,0.15454,012300300100,STATE TELEVISION (BATV),23050104,ANNIVERSARIES/CELEBRATIONS,70831,BROADCASTING AND PUBLISHING SERVICES,20542400,STATE WIDE,11100123003300,Information Communication and Technology - General
Purchase of 10 Nos. of Office Chairs and 10 Nos. of Office Table for the Furnishing of Bureau of Information Technology Offices,10000000.0,10000000.0,0.0,20000000.0,0.0,328,0.18981,0.20829,012300500100,BUREAU FOR INFORMATION AND COMMUNICATION TECHNOLOGY (BICT),23010112,PURCHASE OF OFFICE FURNITURE AND FITTINGS,70133,OTHER GENERAL SERVICES,20530200,BAUCHI,11100123003400,Information Communication and Technology - General
Purchase of 200 Nos Laptops and 200 Nos. Computers for distribution to the State MDAs,30000000.0,30000000.0,22470000.0,180000000.0,0.0,328,0.20073,0.21921,012300500100,BUREAU FOR INFORMATION AND COMMUNICATION TECHNOLOGY (BICT),23010113,PURCHASE OF COMPUTERS,70133,OTHER GENERAL SERVICES,20542400,STATE WIDE,11100123003500,Information Communication and Technology - General
Purchase of 200 Nos. of Desktop for distribution to MDAs in the state,5000000.0,5000000.0,4610000.0,120000000.0,0.0,328,0.21081,0.22929,012300500100,BUREAU FOR INFORMATION AND COMMUNICATION TECHNOLOGY (BICT),23010114,PURCHASE OF COMPUTER PRINTERS,70133,OTHER GENERAL SERVICES,20542400,STATE WIDE,11100123003600,Information Communication and Technology - General
Purchase of 150 Nos. of Computer Printers for distribution to MDAs in the state,5000000.0,2500000.0,1400000.0,75000000.0,0.0,328,0.22173,0.24021,012300500100,BUREAU FOR INFORMATION AND COMMUNICATION TECHNOLOGY (BICT),23010114,PURCHASE OF COMPUTER PRINTERS,70133,OTHER GENERAL SERVICES,20542400,STATE WIDE,11100123003600,Information Communication and Technology - General
Provision of 150 nos. of Photocopier in Bureau of Information Technology Office,2500000.0,2000000.0,0.0,225000000.0,0.0,328,0.23265,0.25113,012300500100,BUREAU FOR INFORMATION AND COMMUNICATION TECHNOLOGY (BICT),23010115,PURCHASE OF PHOTOCOPYING MACHINES,70133,OTHER GENERAL SERVICES,20530200,BAUCHI,11100123003700,Information Communication and Technology - General
Purchase of 150 nos. of Shredding Machines for Distribution to MDAs,2000000.0,1768526.0,0.0,11250000.0,0.0,328,0.24273,0.2612,012300500100,BUREAU FOR INFORMATION AND COMMUNICATION TECHNOLOGY (BICT),23010117,PURCHASE OF SHREDDING MACHINES,70133,OTHER GENERAL SERVICES,20530200,BAUCHI,11100123003800,Information Communication and Technology - General
Purchase of 150 nos. of Scanners for Distribution to MDAs,1768526.0,5000000.0,0.0,15000000.0,0.0,328,0.25365,0.27212,012300500100,BUREAU FOR INFORMATION AND COMMUNICATION TECHNOLOGY (BICT),23010118,PURCHASE OF SCANNERS,70133,OTHER GENERAL SERVICES,20530200,BAUCHI,11100123003900,Information Communication and Technology - General
Purchase of a 2 Nos. Yamaha Generator Set at Bureau of Information Technology Office,5000000.0,2000000.0,0.0,8000000.0,0.0,328,0.26456,0.28304,012300500100,BUREAU FOR INFORMATION AND COMMUNICATION TECHNOLOGY (BICT),23010119,PURCHASE OF POWER GENERATING SET,70133,OTHER GENERAL SERVICES,20530200,BAUCHI,11100123004000,Information Communication and Technology - General
Purchase of 10 Nos. of Fire Extuinguishers and other fire fighting equipment at Bureau of Information Technology Office,2000000.0,8000000.0,0.0,2000000.0,0.0,328,0.27548,0.29396,012300500100,BUREAU FOR INFORMATION AND COMMUNICATION TECHNOLOGY (BICT),23010123,PURCHASE OF FIRE FIGHTING EQUIPMENT,70133,OTHER GENERAL SERVICES,20530200,BAUCHI,11100123004100,Information Communication and Technology - General
Purchase of 10 Nos. of Dictector for Security Survellance at Bureau of Information Technology Office,8000000.0,100000000.0,95000000.0,10000000.0,0.0,328,0.28556,0.30404,012300500100,BUREAU FOR INFORMATION AND COMMUNICATION TECHNOLOGY (BICT),23010128,PURCHASE OF SECURITY EQUIPMENT,70133,OTHER GENERAL SERVICES,20530200,BAUCHI,11100123004200,Information Communication and Technology - General
Purchase and Provision of Modern ICT Technology Equipment at Bureau of Information Technology Office,100000000.0,100000000.0,89740000.0,150000000.0,0.0,328,0.29648,0.31496,012300500100,BUREAU FOR INFORMATION AND COMMUNICATION TECHNOLOGY (BICT),23010129,PURCHASE OF INDUSTRIAL EQUIPMENT,70133,OTHER GENERAL SERVICES,20530200,BAUCHI,11100123004300,Information Communication and Technology - General
Construction and Installationm ICT Equipment for the Implementation of E-Governance through the Pro,100000000.0,10000000.0,0.0,50000000.0,0.0,328,0.3074,0.32588,012300500100,BUREAU FOR INFORMATION AND COMMUNICATION TECHNOLOGY (BICT),23010129,PURCHASE OF INDUSTRIAL EQUIPMENT 70133 - OTHER GENERAL SERVICES,,curement In MDAs,20542400,STATE WIDE,11100123004400,Information Communication and Technology - General
Construction and Installationm ICT Equipment forImplementation of E-Leaning in Secondary Schools.,10000000.0,15000000.0,0.0,150000000.0,0.0,328,0.31832,0.33679,012300500100,BUREAU FOR INFORMATION AND COMMUNICATION TECHNOLOGY (BICT),23020127,CONSTRUCTION OF ICT INFRASTRUCTURES,70133,OTHER GENERAL SERVICES,20542400,STATE WIDE,11100123004500,Information Communication and Technology - General
Procurement of 2 Nos. of Computer software for the implementation of E-Agriculture in Bauchi State,15000000.0,100000000.0,87000000.0,15000000.0,0.0,328,0.32839,0.34687,012300500100,BUREAU FOR INFORMATION AND COMMUNICATION TECHNOLOGY (BICT),23050102,COMPUTER SOFTWARE ACQUISITION,70133,OTHER GENERAL SERVICES,20542400,STATE WIDE,11100123004600,Information Communication and Technology - General
Construction and Provision of ICT Infrastructure for BICT Intelligent Square & C R C,100000000.0,5000000.0,0.0,50000000.0,0.0,328,0.33931,0.35779,012300500100,BUREAU FOR INFORMATION AND COMMUNICATION TECHNOLOGY (BICT),23020127,CONSTRUCTION OF ICT INFRASTRUCTURES,70133,OTHER GENERAL SERVICES,20530200,BAUCHI,11100123004700,Information Communication and Technology - General
Provision of Electricity Facilities at the Bureau of Information Technology Office Bauchi,5000000.0,2500000.0,0.0,6000000.0,0.0,328,0.35023,0.36871,012300500100,BUREAU FOR INFORMATION AND COMMUNICATION TECHNOLOGY (BICT),23020103,CONSTRUCTION / PROVISION OF ELECTRICITY,70133,OTHER GENERAL SERVICES,20530200,BAUCHI,11100123004800,Information Communication and Technology - General
Repairs of Water Facilities at Bureau of Information Technology Office Bauchi,2500000.0,10000000.0,0.0,10000000.0,0.0,328,0.36031,0.37879,012300500100,BUREAU FOR INFORMATION AND COMMUNICATION TECHNOLOGY (BICT),23020105,CONSTRUCTION / PROVISION OF WATER FACILITIES,70133,OTHER GENERAL SERVICES,20530200,BAUCHI,11100123004900,Information Communication and Technology - General
Renovation and Repairs of Bureau of Information Office Building bauchi,10000000.0,50000000.0,40000000.0,5000000.0,0.0,328,0.37123,0.38971,012300500100,BUREAU FOR INFORMATION AND COMMUNICATION TECHNOLOGY (BICT),23030121,REHABILITATION / REPAIRS OF OFFICE BUILDINGS,70133,OTHER GENERAL SERVICES,20530200,BAUCHI,11100123005000,Information Communication and Technology - General
Repairs of Existing ICT Infrastructure in the State Bureau of Information Office Bauchi,50000000.0,20000000.0,0.0,15000000.0,0.0,328,0.38215,0.40062,012300500100,BUREAU FOR INFORMATION AND COMMUNICATION TECHNOLOGY (BICT),23030127,REHABILITATION/REPAIRS- ICT INFRASTRUCTURES,70133,OTHER GENERAL SERVICES,20530200,BAUCHI,11100123005100,Information Communication and Technology - General
Development of Computer Software Peculiar to the needs of MDAs in the State.,20000000.0,100000000.0,90000000.0,500000000.0,0.0,328,0.39307,0.41154,012300500100,BUREAU FOR INFORMATION AND COMMUNICATION TECHNOLOGY (BICT),23050102,COMPUTER SOFTWARE ACQUISITION,70133,OTHER GENERAL SERVICES,20530200,BAUCHI,11100123005200,Information Communication and Technology - General
Provision of Modern Computer Application Software for the computerization of the Bureau for Information and Communication Technology Activities,100000000.0,10000000.0,0.0,25000000.0,0.0,328,0.40314,0.42162,012300500100,BUREAU FOR INFORMATION AND COMMUNICATION TECHNOLOGY (BICT),23050102,COMPUTER SOFTWARE ACQUISITION,70133,OTHER GENERAL SERVICES,20530200,BAUCHI,11100123005300,Information Communication and Technology - General
Supervision and Monitoring of Bureau of Information and Communication Programmes and Projects,10000000.0,0.0,0.0,10000000.0,0.0,328,0.41406,0.43254,012300500100,BUREAU FOR INFORMATION AND COMMUNICATION TECHNOLOGY (BICT),23050103,MONITORING AND EVALUATION,70133,OTHER GENERAL SERVICES,20542400,STATE WIDE,11100123005400,Information Communication and Technology - General
Laying of Optic Fibres within the Bauchi Metropolis for ease of Internet Connectivity,500000000.0,200000000.0,190000000.0,150000000.0,0.0,328,0.42498,0.44346,012300500100,BUREAU FOR INFORMATION AND COMMUNICATION TECHNOLOGY (BICT),23020127,CONSTRUCTION OF ICT INFRASTRUCTURES,70133,OTHER GENERAL SERVICES,20530200,BAUCHI,11100123005500,Information Communication and Technology - General
Renovation and Repairs of Professor Iya Abubakar Community Resource Centre Bauchi,0.0,0.0,0.0,200000000.0,0.0,328,0.43506,0.45354,012300500100,BUREAU FOR INFORMATION AND COMMUNICATION TECHNOLOGY (BICT),23030121,REHABILITATION / REPAIRS OF OFFICE BUILDINGS,70133,OTHER GENERAL SERVICES,20530200,BAUCHI,11100123005500,Information Communication and Technology - General
Provision of 100 nos. of Chairs and 100 nos. office Table for distribution to MDAs Offices across the State,134055485.18,134055485.18,20000000.0,120649936.66,0.0,328,0.48881,0.50729,012500100100,OFFICE OF THE HEAD OF CIVIL SERVICE,23010112,PURCHASE OF OFFICE FURNITURE AND FITTINGS,70131,GENERAL PERSONNEL SERVICES,20530200,BAUCHI,13100123010600,Reform of Government and Governance - General
Purchase of 4 nos. of Desktop Computers at OHCS,1790000.0,1790000.0,0.0,0.0,0.0,328,0.49973,0.51821,012500100100,OFFICE OF THE HEAD OF CIVIL SERVICE,23010113,PURCHASE OF COMPUTERS,70131,GENERAL PERSONNEL SERVICES,20530200,BAUCHI,13100123010700,Reform of Government and Governance - General
Purchase of 8 nos. of Computer Printers at OHCS,1790000.0,1790000.0,0.0,0.0,0.0,328,0.51065,0.52913,012500100100,OFFICE OF THE HEAD OF CIVIL SERVICE,23010114,PURCHASE OF COMPUTER PRINTERS,70131,GENERAL PERSONNEL SERVICES,20530200,BAUCHI,13100123010800,Reform of Government and Governance - General
Purchase of 4 nos. Photocopying machines at OHCS,1790000.0,1790000.0,0.0,0.0,0.0,328,0.52073,0.53921,012500100100,OFFICE OF THE HEAD OF CIVIL SERVICE,23010115,PURCHASE OF PHOTOCOPYING MACHINES,70131,GENERAL PERSONNEL SERVICES,20530200,BAUCHI,13100123010900,Reform of Government and Governance - General
Purchase of 4 nos. Scanners at OHCS,1342500.0,1342500.0,0.0,0.0,0.0,328,0.53165,0.55012,012500100100,OFFICE OF THE HEAD OF CIVIL SERVICE,23010118,PURCHASE OF SCANNERS,70131,GENERAL PERSONNEL SERVICES,20530200,BAUCHI,13100123011000,Reform of Government and Governance - General
Purchase of 2 nos. of Mikano KVA Generator at the State Secretariat,7412824.79,7412824.79,0.0,6671542.31,0.0,328,0.54257,0.56104,012500100100,OFFICE OF THE HEAD OF CIVIL SERVICE,23010119,PURCHASE OF POWER GENERATING SET,70131,GENERAL PERSONNEL SERVICES,20530200,BAUCHI,13100123011100,Reform of Government and Governance - General
Construction and Establshement of Creche at State Secretariat,15500000.0,15500000.0,0.0,13950000.0,0.0,328,0.55264,0.57112,012500100100,OFFICE OF THE HEAD OF CIVIL SERVICE,23020118,CONSTRUCTION / PROVISION OF INFRASTRUCTURE,70131,GENERAL PERSONNEL SERVICES,20530200,BAUCHI,13100123011200,Reform of Government and Governance - General
Completion of Auditorium Complex at the Secretariat,44750000.0,44750000.0,0.0,340275000.0,0.0,328,0.56356,0.58204,012500100100,OFFICE OF THE HEAD OF CIVIL SERVICE,23020101,CONSTRUCTION / PROVISION OF OFFICE BUILDINGS,70131,GENERAL PERSONNEL SERVICES,20530200,BAUCHI,13100123011300,Reform of Government and Governance - General
Construction of Phase IV office Buiilding at the State Secretariat,500000000.0,200000000.0,0.0,2000000000.0,0.0,328,0.57448,0.59296,012500100100,OFFICE OF THE HEAD OF CIVIL SERVICE,23020101,CONSTRUCTION / PROVISION OF OFFICE BUILDINGS,70131,GENERAL PERSONNEL SERVICES,20530200,BAUCHI,13100123011400,Reform of Government and Governance - General
Construction of Water Ways and Drainages at the State Secretariat,179000000.0,179000000.0,0.0,500000000.0,0.0,328,0.5854,0.60388,012500100100,OFFICE OF THE HEAD OF CIVIL SERVICE,23020116,CONSTRUCTION / PROVISION OF WATER-WAYS,70131,GENERAL PERSONNEL SERVICES,20530200,BAUCHI,13100123011500,Reform of Government and Governance - General
Landscaping and Beautification of AUS Complex,30000000.0,30000000.0,0.0,150000000.0,0.0,328,0.59548,0.61396,012500100100,OFFICE OF THE HEAD OF CIVIL SERVICE,23040101,TREE PLANTING,70131,GENERAL PERSONNEL SERVICES,20530200,BAUCHI,13100123011600,Reform of Government and Governance - General
Provision of Solar power infrastructure AUS Bauchi,17900000.0,17900000.0,0.0,16110000.0,0.0,328,0.6064,0.62487,012500100100,OFFICE OF THE HEAD OF CIVIL SERVICE,23020103,CONSTRUCTION / PROVISION OF ELECTRICITY,70131,GENERAL PERSONNEL SERVICES,20530200,BAUCHI,13100123011700,Reform of Government and Governance - General
Rehabilitation and Provision of 2 KM Roads network at AUS Bauchi,60550000.0,60550000.0,0.0,52829245.43,0.0,328,0.61732,0.63579,012500100100,OFFICE OF THE HEAD OF CIVIL SERVICE,23030113,REHABILITATION / REPAIRS - ROADS,70131,GENERAL PERSONNEL SERVICES,20530200,BAUCHI,13100123011800,Reform of Government and Governance - General
Rehabilitation of Government Offices in Bauchi,53700000.0,53700000.0,20000000.0,48330000.0,0.0,328,0.62823,0.64671,012500100100,OFFICE OF THE HEAD OF CIVIL SERVICE,23030121,REHABILITATION / REPAIRS OF OFFICE BUILDINGS,70131,GENERAL PERSONNEL SERVICES,20542400,STATE WIDE,13100123011900,Reform of Government and Governance - General
Acquisition of Computer Application Software for computerization of Civil Service Activities in the State,6615584.0,6615584.0,0.0,0.0,0.0,328,0.63831,0.65679,012500100100,OFFICE OF THE HEAD OF CIVIL SERVICE,23050102,COMPUTER SOFTWARE ACQUISITION,70131,GENERAL PERSONNEL SERVICES,20530200,BAUCHI,13100123012000,Reform of Government and Governance - General
Provision of 10 Nos. Tables and 10 Nos. Chairs for the Offices at Board,0.0,0.0,0.0,3700000.0,0.0,328,0.69206,0.71054,012500200100,BAUCHI STATE CONTRIBUTORY PENSION COMMISSION,23010112,PURCHASE OF OFFICE FURNITURE AND FITTINGS,70111,EXECUTIVE AND LEGISLATIVE ORGANS,20530200,BAUCHI,13100123005800,Reform of Government and Governance - General
Purchase of 10 nos. of Scanners (10),0.0,0.0,0.0,5000000.0,0.0,328,0.70298,0.72146,012500200100,BAUCHI STATE CONTRIBUTORY PENSION COMMISSION,23010118,PURCHASE OF SCANNERS,70111,EXECUTIVE AND LEGISLATIVE ORGANS,20530200,BAUCHI,13100123005900,Reform of Government and Governance - General
Rehablitation of existing Office Building at Contributory Pension Commission.,0.0,0.0,0.0,25000000.0,0.0,328,0.71306,0.73154,012500200100,BAUCHI STATE CONTRIBUTORY PENSION COMMISSION,23030121,REHABILITATION / REPAIRS OF OFFICE BUILDINGS,70111,EXECUTIVE AND LEGISLATIVE ORGANS,20530200,BAUCHI,13100123006000,Reform of Government and Governance - General
Construction of Archival Centre (Modern Filling Room) for storage of Pensiners' Files for State and Local Goverments,0.0,0.0,0.0,40000000.0,0.0,328,0.72398,0.74246,012500200100,BAUCHI STATE CONTRIBUTORY PENSION COMMISSION,23020101,CONSTRUCTION / PROVISION OF OFFICE BUILDINGS,70111,EXECUTIVE AND LEGISLATIVE ORGANS,20530200,BAUCHI,13100123006100,Reform of Government and Governance - General
Provision of 15 Nos. Tables and 15 Nos. Chairs for the Offices at Board,7000000.0,7000000.0,0.0,0.0,0.0,328,0.77773,0.79621,012500400100,LOCAL GOVERNMENT PENSION BOARD,23010112,PURCHASE OF OFFICE FURNITURE AND FITTINGS,71021,OLD AGE,20530200,BAUCHI,13100125000100,Reform of Government and Governance - General
Purchase of 3nos. Of Desktop Computers HP (3),5000000.0,5000000.0,0.0,0.0,0.0,328,0.78781,0.80629,012500400100,LOCAL GOVERNMENT PENSION BOARD,23010113,PURCHASE OF COMPUTERS,71021,OLD AGE,20530200,BAUCHI,13100125000200,Reform of Government and Governance - General
Purchase of 1 nos. HP Printer,1000000.0,1000000.0,0.0,0.0,0.0,328,0.79873,0.81721,012500400100,LOCAL GOVERNMENT PENSION BOARD,23010114,PURCHASE OF COMPUTER PRINTERS,71021,OLD AGE,20530200,BAUCHI,13100125000300,Reform of Government and Governance - General
Purchase of a Photocopier for the Office. HP ONE (1),1500000.0,1500000.0,0.0,0.0,0.0,328,0.80965,0.82813,012500400100,LOCAL GOVERNMENT PENSION BOARD,23010115,PURCHASE OF PHOTOCOPYING MACHINES,71021,OLD AGE,20530200,BAUCHI,13100125000400,Reform of Government and Governance - General
Purchase of 2 nos. of Scanners,500000.0,500000.0,0.0,0.0,0.0,328,0.82057,0.83904,012500400100,LOCAL GOVERNMENT PENSION BOARD,23010118,PURCHASE OF SCANNERS,71021,OLD AGE,20530200,BAUCHI,13100125000500,Reform of Government and Governance - General
Rehablitation of Recreational facilities for Staff at Local Government Pension Board.,3000000.0,3000000.0,0.0,0.0,0.0,328,0.83065,0.84912,012500400100,LOCAL GOVERNMENT PENSION BOARD,23030118,REHABILITATION / REPAIRS - RECREATIONAL FACILITIES,71021,OLD AGE,20530200,BAUCHI,13100125000600,Reform of Government and Governance - General
Rehablitation of existing Office Building at Local Government Pension Board.,45000000.0,45000000.0,0.0,0.0,0.0,328,0.84156,0.86004,012500400100,LOCAL GOVERNMENT PENSION BOARD,23030121,REHABILITATION / REPAIRS OF OFFICE BUILDINGS,71021,OLD AGE,20530200,BAUCHI,13100125000700,Reform of Government and Governance - General
constuction and provision of ICT facilities for Data Capturing of Pensioneers and storage of Historical data at the Local Government Pension Board,45000000.0,45000000.0,0.0,0.0,0.0,328,0.85248,0.87096,012500400100,LOCAL GOVERNMENT PENSION BOARD,23020127,CONSTRUCTION OF ICT INFRASTRUCTURES,71021,OLD AGE,20530200,BAUCHI,13100125000800,Reform of Government and Governance - General
Construction of Office Complex for the Audit Headquater in Bauchi,250000000.0,250000000.0,0.0,355594126.8,0.0,329,0.09323,0.1117,014000100100,OFFICE OF STATE AUDITOR GENERAL,23020101,CONSTRUCTION / PROVISION OF OFFICE BUILDINGS,70112,FINANCIAL AND FISCAL AFFAIRS,20530200,BAUCHI,13100123012600,Reform of Government and Governance - General
"Purchase of 4 Nos. of Executive Cushions, 10 Nos. of Table and 10 nos. of office Chairs for State Audit Office.",31000000.0,31000000.0,0.0,50226085.72,0.0,329,0.10415,0.12262,014000100100,OFFICE OF STATE AUDITOR GENERAL,23010112,PURCHASE OF OFFICE FURNITURE AND FITTINGS,70112,FINANCIAL AND FISCAL AFFAIRS,20530200,BAUCHI,13100123012800,Reform of Government and Governance - General
Acquision of Computer Audit Software Package for Auditing Purposes at the Office of the State Auditor General,35000000.0,35000000.0,0.0,32952585.3,0.0,329,0.11506,0.13354,014000100100,OFFICE OF STATE AUDITOR GENERAL,23050102,COMPUTER SOFTWARE ACQUISITION,70112,FINANCIAL AND FISCAL AFFAIRS,20530200,BAUCHI,13100123012900,Reform of Government and Governance - General
Renovation and Repairs of Existing Office Building at Office of Auditor General for Local Government Headquarters Bauchi,20000000.0,20000000.0,0.0,25000000.0,0.0,329,0.16798,0.18645,014000200100,OFFICE OF AUDITOR GEN. FOR LOCAL GOVERNMENT,23030121,REHABILITATION / REPAIRS OF OFFICE BUILDINGS,70112,FINANCIAL AND FISCAL AFFAIRS,20530200,BAUCHI,13100123013000,Reform of Government and Governance - General
Construction of New Audit Office at Dass LGA Area Office,15000000.0,15000000.0,0.0,20000000.0,0.0,329,0.1789,0.19737,014000200100,OFFICE OF AUDITOR GEN. FOR LOCAL GOVERNMENT,23020101,CONSTRUCTION / PROVISION OF OFFICE BUILDINGS,70112,FINANCIAL AND FISCAL AFFAIRS,20530600,DASS,13100123013000,Reform of Government and Governance - General
"Purchase of 3 Nos. Executive Cushions, 5 Nos. Office Tables and 8 Nos. of Chairs for Office of the Autor General for Local Governemnt .",25000000.0,25000000.0,0.0,28000000.0,0.0,329,0.18981,0.20829,014000200100,OFFICE OF AUDITOR GEN. FOR LOCAL GOVERNMENT,23010112,PURCHASE OF OFFICE FURNITURE AND FITTINGS,70112,FINANCIAL AND FISCAL AFFAIRS,20530200,BAUCHI,13100123013000,Reform of Government and Governance - General
Costruction of New Office Building for Audit Service Commission within the Audit Office Complex Bauchi,52000000.0,52000000.0,0.0,120170885.25,0.0,329,0.24273,0.2612,014000300100,AUDIT SERVICE COMMISSION,23020101,CONSTRUCTION / PROVISION OF OFFICE BUILDINGS,70131,GENERAL PERSONNEL SERVICES,20542400,STATE WIDE,13100123012200,Reform of Government and Governance - General
Provisions of 6 Nos. of Office Chairs and 6 Nos. of Office Tables for the Staff of Audit Service Commission,6000000.0,6000000.0,0.0,10150200.65,0.0,329,0.25365,0.27212,014000300100,AUDIT SERVICE COMMISSION,23010112,PURCHASE OF OFFICE FURNITURE AND FITTINGS,70131,GENERAL PERSONNEL SERVICES,20542400,STATE WIDE,13100123012400,Reform of Government and Governance - General
Purchase and Acquisition of 14 Nos. of Laptop and 3 Nos. of Desktop for installation of Audit Computer Software,7000000.0,7000000.0,0.0,0.0,0.0,329,0.26456,0.28304,014000300100,AUDIT SERVICE COMMISSION,23010113,PURCHASE OF COMPUTERS,70131,GENERAL PERSONNEL SERVICES,20542400,STATE WIDE,13100123012500,Reform of Government and Governance - General
Costruction of New Office Building at Civil Service Commission Headquarter,20000000.0,20000000.0,0.0,250000000.0,0.0,329,0.31832,0.33679,014700100100,CIVIL SERVICE COMMISSION,23020101,CONSTRUCTION / PROVISION OF OFFICE BUILDINGS,70131,GENERAL PERSONNEL SERVICES,20530200,BAUCHI,13100123005300,Reform of Government and Governance - General
Drilling of a Well at Civil Service Commission Office HQ Bauchi,1000000.0,1000000.0,0.0,2500000.0,0.0,329,0.32839,0.34687,014700100100,CIVIL SERVICE COMMISSION,23020105,CONSTRUCTION / PROVISION OF WATER FACILITIES,70131,GENERAL PERSONNEL SERVICES,20530200,BAUCHI,13100123005400,Reform of Government and Governance - General
"Provision of 5,000 Gallon Over-Head Tank for Water Supply at the CSC Office HQ",10000000.0,10000000.0,0.0,20000000.0,0.0,329,0.33931,0.35779,014700100100,CIVIL SERVICE COMMISSION,23020105,CONSTRUCTION / PROVISION OF WATER FACILITIES,70131,GENERAL PERSONNEL SERVICES,20530200,BAUCHI,13100123005500,Reform of Government and Governance - General
Renovation and Repairs of Existing Offices at Civiil Service Commission Office HQ,30000000.0,30000000.0,0.0,35000000.0,0.0,329,0.35023,0.36871,014700100100,CIVIL SERVICE COMMISSION,23030121,REHABILITATION / REPAIRS OF OFFICE BUILDINGS,70131,GENERAL PERSONNEL SERVICES,20530200,BAUCHI,13100123005600,Reform of Government and Governance - General
Acquisition of Application Software for Record Keeping at Civil Service Commission,20000000.0,20000000.0,0.0,35000000.0,0.0,329,0.36031,0.37879,014700100100,CIVIL SERVICE COMMISSION,23050102,COMPUTER SOFTWARE ACQUISITION,70131,GENERAL PERSONNEL SERVICES,20530200,BAUCHI,13100123005700,Reform of Government and Governance - General
Construction and Installation of Solar Power equipment for the supply of Electricity at Civil Service Commission.,0.0,0.0,0.0,25000000.0,0.0,329,0.37123,0.38971,014700100100,CIVIL SERVICE COMMISSION,23020103,CONSTRUCTION / PROVISION OF ELECTRICITY,70131,GENERAL PERSONNEL SERVICES,20530200,BAUCHI,13100123005800,Reform of Government and Governance - General
Purchase of 5 Nos. Office Chairs and 5 Nos. of Office Table for LGSC's Office Bauchi,5000000.0,5000000.0,0.0,5000000.0,0.0,329,0.42498,0.44346,014900100100,LOCAL GOVERNMENT SERVICE COMMISSION,23010112,PURCHASE OF OFFICE FURNITURE AND FITTINGS,70131,GENERAL PERSONNEL SERVICES,20530200,BAUCHI,13100123005800,Reform of Government and Governance - General
Purchase of 50 Nos. Conference Hall Table and 50 Nos. of Chairs at LGSC Office Bauchi,4500000.0,4500000.0,0.0,4500000.0,0.0,329,0.43506,0.45354,014900100100,LOCAL GOVERNMENT SERVICE COMMISSION,23010112,PURCHASE OF OFFICE FURNITURE AND FITTINGS,70131,GENERAL PERSONNEL SERVICES,20530200,BAUCHI,13100123005900,Reform of Government and Governance - General
Purchase of 5 Laptop Computers for Staff of the LGSC's Office Bauchi,13000000.0,13000000.0,0.0,0.0,0.0,329,0.44598,0.46446,014900100100,LOCAL GOVERNMENT SERVICE COMMISSION,23010113,PURCHASE OF COMPUTERS,70131,GENERAL PERSONNEL SERVICES,20530200,BAUCHI,13100123006000,Reform of Government and Governance - General
Purchase of 2 Printers for LGSC's Office Bauchi,3000000.0,3000000.0,0.0,0.0,0.0,329,0.4569,0.47537,014900100100,LOCAL GOVERNMENT SERVICE COMMISSION,23010114,PURCHASE OF COMPUTER PRINTERS,70131,GENERAL PERSONNEL SERVICES,20530200,BAUCHI,13100123006100,Reform of Government and Governance - General
Purchase of 2 Photocopy Machines for LGSC's Office Bauchi,1000000.0,1000000.0,0.0,0.0,0.0,329,0.46782,0.48629,014900100100,LOCAL GOVERNMENT SERVICE COMMISSION,23010115,PURCHASE OF PHOTOCOPYING MACHINES,70131,GENERAL PERSONNEL SERVICES,20530200,BAUCHI,13100123006200,Reform of Government and Governance - General
Purchase of 3 Scanners for LGSC's Office Bauchi,800000.0,800000.0,0.0,0.0,0.0,329,0.47789,0.49637,014900100100,LOCAL GOVERNMENT SERVICE COMMISSION,23010118,PURCHASE OF SCANNERS,70131,GENERAL PERSONNEL SERVICES,20530200,BAUCHI,13100123006300,Reform of Government and Governance - General
Purchase of 2 Nos. 60 (KVA) Power Generating Sets,20000000.0,20000000.0,0.0,0.0,0.0,329,0.48881,0.50729,014900100100,LOCAL GOVERNMENT SERVICE COMMISSION,23010119,PURCHASE OF POWER GENERATING SET,70131,GENERAL PERSONNEL SERVICES,20530200,BAUCHI,13100123006400,Reform of Government and Governance - General
Purchase of 3 Nos. of Security Dictectors and other Security facilities for LGSC's Office Bauchi,2500000.0,2500000.0,0.0,2500000.0,0.0,329,0.49973,0.51821,014900100100,LOCAL GOVERNMENT SERVICE COMMISSION,23010128,PURCHASE OF SECURITY EQUIPMENT,70131,GENERAL PERSONNEL SERVICES,20530200,BAUCHI,13100123006500,Reform of Government and Governance - General
Provision of ICT Infrastructure at Local Government Service Commission Office Bauchi,50000000.0,50000000.0,0.0,50000000.0,0.0,329,0.51065,0.52913,014900100100,LOCAL GOVERNMENT SERVICE COMMISSION,23020127,CONSTRUCTION OF ICT INFRASTRUCTURES,70131,GENERAL PERSONNEL SERVICES,20530200,BAUCHI,13100123006700,Reform of Government and Governance - General
Provision and Acquisition of Web-Site and Saver for Internet facilities at LGSC's Office Bauchi,2000000.0,2000000.0,0.0,0.0,0.0,329,0.52073,0.53921,014900100100,LOCAL GOVERNMENT SERVICE COMMISSION,23050102,COMPUTER SOFTWARE ACQUISITION,70131,GENERAL PERSONNEL SERVICES,20530200,BAUCHI,13100123006800,Reform of Government and Governance - General
Construction of New Office Building at Local Government Service Commission Office,10000000.0,10000000.0,0.0,20000000.0,0.0,329,0.53165,0.55012,014900100100,LOCAL GOVERNMENT SERVICE COMMISSION,23020101,CONSTRUCTION / PROVISION OF OFFICE BUILDINGS,70131,GENERAL PERSONNEL SERVICES,20530200,BAUCHI,13100123006900,Reform of Government and Governance - General
Purchase of 5 Nos. Office Chairs and 5 Nos. of Office Table for LGSC's Office Bauchi,5000000.0,5000000.0,0.0,8500000.0,0.0,329,0.54257,0.56104,014900100100,LOCAL GOVERNMENT SERVICE COMMISSION,23010112,PURCHASE OF OFFICE FURNITURE AND FITTINGS,70131,GENERAL PERSONNEL SERVICES,20530200,BAUCHI,13100123005800,Reform of Government and Governance - General
Purchase of 50 Nos. Conference Hall Table and 50 Nos. of Chairs at LGSC Office Bauchi,4500000.0,4500000.0,0.0,0.0,0.0,329,0.55264,0.57112,014900100100,LOCAL GOVERNMENT SERVICE COMMISSION,23010112,PURCHASE OF OFFICE FURNITURE AND FITTINGS,70131,GENERAL PERSONNEL SERVICES,20530200,BAUCHI,13100123005900,Reform of Government and Governance - General
Purchase of 5 Laptop Computers for Staff of the LGSC's Office Bauchi,13000000.0,13000000.0,0.0,0.0,0.0,329,0.56356,0.58204,014900100100,LOCAL GOVERNMENT SERVICE COMMISSION,23010113,PURCHASE OF COMPUTERS,70131,GENERAL PERSONNEL SERVICES,20530200,BAUCHI,13100123006000,Reform of Government and Governance - General
Purchase of 2 Printers for LGSC's Office Bauchi,3000000.0,3000000.0,0.0,0.0,0.0,329,0.57448,0.59296,014900100100,LOCAL GOVERNMENT SERVICE COMMISSION,23010114,PURCHASE OF COMPUTER PRINTERS,70131,GENERAL PERSONNEL SERVICES,20530200,BAUCHI,13100123006100,Reform of Government and Governance - General
Purchase of 2 Photocopy Machines for LGSC's Office Bauchi,1000000.0,1000000.0,0.0,0.0,0.0,329,0.5854,0.60388,014900100100,LOCAL GOVERNMENT SERVICE COMMISSION,23010115,PURCHASE OF PHOTOCOPYING MACHINES,70131,GENERAL PERSONNEL SERVICES,20530200,BAUCHI,13100123006200,Reform of Government and Governance - General
Purchase of 3 Scanners for LGSC's Office Bauchi,800000.0,800000.0,0.0,0.0,0.0,329,0.59548,0.61396,014900100100,LOCAL GOVERNMENT SERVICE COMMISSION,23010118,PURCHASE OF SCANNERS,70131,GENERAL PERSONNEL SERVICES,20530200,BAUCHI,13100123006300,Reform of Government and Governance - General
Purchase of 2 Nos. 60 (KVA) Power Generating Sets,20000000.0,20000000.0,0.0,10000000.0,0.0,329,0.6064,0.62487,014900100100,LOCAL GOVERNMENT SERVICE COMMISSION,23010119,PURCHASE OF POWER GENERATING SET,70131,GENERAL PERSONNEL SERVICES,20530200,BAUCHI,13100123006400,Reform of Government and Governance - General
Purchase of 3 Nos. of Security Dictectors and other Security facilities for LGSC's Office Bauchi,2500000.0,2500000.0,0.0,2000000.0,0.0,329,0.61732,0.63579,014900100100,LOCAL GOVERNMENT SERVICE COMMISSION,23010128,PURCHASE OF SECURITY EQUIPMENT,70131,GENERAL PERSONNEL SERVICES,20530200,BAUCHI,13100123006500,Reform of Government and Governance - General
Provision of ICT Infrastures for Local Government Area Councils,50000000.0,50000000.0,0.0,30000000.0,0.0,329,0.62823,0.64671,014900100100,LOCAL GOVERNMENT SERVICE COMMISSION,23020127,CONSTRUCTION OF ICT INFRASTRUCTURES,70131,GENERAL PERSONNEL SERVICES,20530200,BAUCHI,13100123006700,Reform of Government and Governance - General
Provision and Acquisition of Web-Site and Saver for Internet facilities at LGSC's Office Bauchi,2000000.0,2000000.0,0.0,0.0,0.0,329,0.63831,0.65679,014900100100,LOCAL GOVERNMENT SERVICE COMMISSION,23020127,CONSTRUCTION OF ICT INFRASTRUCTURES,70131,GENERAL PERSONNEL SERVICES,20530200,BAUCHI,13100123006800,Reform of Government and Governance - General
Construction of New Office Building at Local Government Service Commission Office,10000000.0,10000000.0,0.0,5000000.0,0.0,329,0.64923,0.66771,014900100100,LOCAL GOVERNMENT SERVICE COMMISSION,23020101,CONSTRUCTION / PROVISION OF OFFICE BUILDINGS,70131,GENERAL PERSONNEL SERVICES,20530200,BAUCHI,13100123006900,Reform of Government and Governance - General
Purchase of 10 nos Motorcycles at SIEC Headquarters,15000000.0,15000000.0,0.0,15000000.0,0.0,329,0.70298,0.72146,014800100100,STATE INDEPENDENT ELECTORAL COMMISSION,23010104,PURCHASE MOTOR CYCLES,70161,GENERAL PUBLIC SERVICES N.E.C.,20530200,BAUCHI,13100114901100,Reform of Government and Governance - General
Purchase of 6 New Hilux Motor Vehicle for Election Purposes SIEC Headquarters,156000000.0,156000000.0,0.0,156000000.0,0.0,329,0.71306,0.73154,014800100100,STATE INDEPENDENT ELECTORAL COMMISSION,23010105,PURCHASE OF MOTOR VEHICLES,70161,GENERAL PUBLIC SERVICES N.E.C.,20530200,BAUCHI,13100114901200,Reform of Government and Governance - General
Purchase of 4 nos. of Desktop Computers for Staff at SIEC Headquarters,2500000.0,2500000.0,0.0,3000000.0,0.0,329,0.72398,0.74246,014800100100,STATE INDEPENDENT ELECTORAL COMMISSION,23010113,PURCHASE OF COMPUTERS,70161,GENERAL PUBLIC SERVICES N.E.C.,20530200,BAUCHI,13100114901300,Reform of Government and Governance - General
Purchase of 4 nos. of Computer Printers at SIEC Headquarters,2500000.0,2500000.0,0.0,3000000.0,0.0,329,0.7349,0.75338,014800100100,STATE INDEPENDENT ELECTORAL COMMISSION,23010114,PURCHASE OF COMPUTER PRINTERS,70161,GENERAL PUBLIC SERVICES N.E.C.,20530200,BAUCHI,13100114901400,Reform of Government and Governance - General
purchase of 3 nos. of photocopying machines at SIEC Headquarters,15000000.0,15000000.0,0.0,15000000.0,0.0,329,0.74498,0.76345,014800100100,STATE INDEPENDENT ELECTORAL COMMISSION,23010115,PURCHASE OF PHOTOCOPYING MACHINES,70161,GENERAL PUBLIC SERVICES N.E.C.,20530200,BAUCHI,13100114901500,Reform of Government and Governance - General
purchase of 2 Nos. of fire extinguishers and other fire fighting equipment at SIEC Headquarters,100000.0,100000.0,0.0,300000.0,0.0,329,0.7559,0.77437,014800100100,STATE INDEPENDENT ELECTORAL COMMISSION,23010123,PURCHASE OF FIRE FIGHTING EQUIPMENT,70161,GENERAL PUBLIC SERVICES N.E.C.,20530200,BAUCHI,13100114901600,Reform of Government and Governance - General
Provisions of Election Structures (Boot Camp Materials) for Election purposes across 20 LGAs of the State.,242916150.0,242916150.0,44154800.0,50000000.0,0.0,329,0.76681,0.78529,014800100100,STATE INDEPENDENT ELECTORAL COMMISSION,23020118,CONSTRUCTION / PROVISION OF INFRASTRUCTURE,70161,GENERAL PUBLIC SERVICES N.E.C.,20542400,STATE WIDE,13100114901700,Reform of Government and Governance - General
Provisions of Election facilities and Materials for Election purposes Across the 20 LGAs of the State,98345000.0,98345000.0,0.0,200000000.0,0.0,329,0.77773,0.79621,014800100100,STATE INDEPENDENT ELECTORAL COMMISSION,23020118,CONSTRUCTION / PROVISION OF INFRASTRUCTURE,70161,GENERAL PUBLIC SERVICES N.E.C.,20542400,STATE WIDE,13100114901800,Reform of Government and Governance - General
Renovation and Repairs of Existing SIEC Headquarter Office Building at Bauchi,0.0,0.0,0.0,63000000.0,0.0,329,0.78781,0.80629,014800100100,STATE INDEPENDENT ELECTORAL COMMISSION,23030121,REHABILITATION / REPAIRS OF OFFICE BUILDINGS,70161,GENERAL PUBLIC SERVICES N.E.C.,20530200,BAUCHI,13100114901900,Reform of Government and Governance - General
Procurement of (25KVA) Generating Set at S.D.I Ningi,30000000.0,30000000.0,0.0,0.0,0.0,329,0.84156,0.86004,017100100100,MINISTRY OF RELIGIOUS AFFAIRS,23010119,PURCHASE OF POWER GENERATING SET,70841,RELIGIOUS AND OTHER COMMUNITY SERVICES,20511500,NINGI,02100123000100,Societal Re-orientation - General
Provision of Skill Acquisition Equipment for empowerment,5000000.0,5000000.0,0.0,0.0,0.0,329,0.85248,0.87096,017100100100,MINISTRY OF RELIGIOUS AFFAIRS,23010124,PURCHASE OF TEACHING / LEARNING AID EQUIPMENT,70841,RELIGIOUS AND OTHER COMMUNITY SERVICES,20542400,STATE WIDE,02100123000200,Societal Re-orientation - General
"construction of school auditorium, male hostels and wall fencing of S.D.I ningi",30000000.0,30000000.0,0.0,0.0,0.0,329,0.86256,0.88104,017100100100,MINISTRY OF RELIGIOUS AFFAIRS,23020107,CONSTRUCTION / PROVISION OF PUBLIC SCHOOLS,70841,RELIGIOUS AND OTHER COMMUNITY SERVICES,20511500,NINGI,02100123000300,Societal Re-orientation - General
Construction of office Building for Skill Acquisition at Misau Local Government,150000000.0,150000000.0,0.0,0.0,0.0,329,0.87348,0.89196,017100100100,MINISTRY OF RELIGIOUS AFFAIRS,23020101,CONSTRUCTION / PROVISION OF OFFICE BUILDINGS,70841,RELIGIOUS AND OTHER COMMUNITY SERVICES,20511400,MISAU,02100123000400,Societal Re-orientation - General
Rehabilitation and Repairs of Existing Cemetries Across the State,50000000.0,50000000.0,0.0,250000000.0,0.0,329,0.8844,0.90288,017100100100,MINISTRY OF RELIGIOUS AFFAIRS,23030126,REHABILITATION/REPAIRS OF CEMETERIES,70841,RELIGIOUS AND OTHER COMMUNITY SERVICES,20542400,STATE WIDE,02100123000500,Societal Re-orientation - General
Construction of New Cemetries Across the State,70000000.0,70000000.0,2458000.0,500000000.0,0.0,329,0.89532,0.91379,017100100100,MINISTRY OF RELIGIOUS AFFAIRS,23020126,CONSTRUCTION/PROVISION OF CEMETERIES,70841,RELIGIOUS AND OTHER COMMUNITY SERVICES,20542400,STATE WIDE,02100123000600,Societal Re-orientation - General
Renovation and Repairs of Existing zonal offices across the state,30000000.0,30000000.0,0.0,30000000.0,0.0,330,0.09323,0.1117,017100100100,MINISTRY OF RELIGIOUS AFFAIRS,23030121,REHABILITATION / REPAIRS OF OFFICE BUILDINGS,70841,RELIGIOUS AND OTHER COMMUNITY SERVICES,20542400,STATE WIDE,02100123000700,Societal Re-orientation - General
Acquisition of Application Software for Record Keeping at Existing Cementries across the State,5000000.0,5000000.0,0.0,5000000.0,0.0,330,0.10415,0.12262,017100100100,MINISTRY OF RELIGIOUS AFFAIRS,23050102,COMPUTER SOFTWARE ACQUISITION,70841,RELIGIOUS AND OTHER COMMUNITY SERVICES,20530200,BAUCHI,02100123000800,Societal Re-orientation - General
Supervison and Monitoring of programmes and projects under Ministry of Religion Affairs,30000000.0,30000000.0,0.0,30000000.0,0.0,330,0.11506,0.13354,017100100100,MINISTRY OF RELIGIOUS AFFAIRS,23050103,MONITORING AND EVALUATION,70841,RELIGIOUS AND OTHER COMMUNITY SERVICES,20542400,STATE WIDE,02100123000900,Societal Re-orientation - General
Construction of New Office Complexes one in each of the 3 Senatorial Districts of the State.,60000000.0,60000000.0,0.0,75000000.0,0.0,330,0.16798,0.18645,017100200100,BAUCHI STATE SHARIAH COMMISSION,23020101,CONSTRUCTION / PROVISION OF OFFICE BUILDINGS,70841,RELIGIOUS AND OTHER COMMUNITY SERVICES,20542400,STATE WIDE,02100123001100,Societal Re-orientation - General
Provision of 20 nos. Office Chairs and 20 nos. Tables for Shariah Commission Office,25000000.0,25000000.0,11137600.0,30000000.0,0.0,330,0.1789,0.19737,017100200100,BAUCHI STATE SHARIAH COMMISSION,23010112,PURCHASE OF OFFICE FURNITURE AND FITTINGS,70841,RELIGIOUS AND OTHER COMMUNITY SERVICES,20530200,BAUCHI,02100123001200,Societal Re-orientation - General
Purchase of 6 nos. of Desktop Computers for Shariah Commission Office,5000000.0,5000000.0,2800000.0,0.0,0.0,330,0.18981,0.20829,017100200100,BAUCHI STATE SHARIAH COMMISSION,23010113,PURCHASE OF COMPUTERS,70841,RELIGIOUS AND OTHER COMMUNITY SERVICES,20530200,BAUCHI,02100123001300,Societal Re-orientation - General
Purchase of 3 nos. of Computers Printers,1500000.0,1500000.0,520000.0,0.0,0.0,330,0.20073,0.21921,017100200100,BAUCHI STATE SHARIAH COMMISSION,23010114,PURCHASE OF COMPUTER PRINTERS,70841,RELIGIOUS AND OTHER COMMUNITY SERVICES,20530200,BAUCHI,02100123001400,Societal Re-orientation - General
Purchase of a Photocopying Machine at Shariah Commission,1000000.0,1000000.0,0.0,0.0,0.0,330,0.21081,0.22929,017100200100,BAUCHI STATE SHARIAH COMMISSION,23010115,PURCHASE OF PHOTOCOPYING MACHINES,70841,RELIGIOUS AND OTHER COMMUNITY SERVICES,20530200,BAUCHI,02100123001500,Societal Re-orientation - General
Purchase of 2 nos. of Scanners Machines at Shariah Commission,500000.0,500000.0,600000.0,0.0,0.0,330,0.22173,0.24021,017100200100,BAUCHI STATE SHARIAH COMMISSION,23010118,PURCHASE OF SCANNERS,70841,RELIGIOUS AND OTHER COMMUNITY SERVICES,20530200,BAUCHI,02100123001600,Societal Re-orientation - General
Purchase of 20 Nos. Motorcycles for Monitoring activities at Shariah Commission,30000000.0,30000000.0,0.0,40000000.0,0.0,330,0.23265,0.25113,017100200100,BAUCHI STATE SHARIAH COMMISSION,23010104,PURCHASE MOTOR CYCLES,70841,RELIGIOUS AND OTHER COMMUNITY SERVICES,20530200,BAUCHI,02100123001700,Societal Re-orientation - General
Construction and Installation of Solar Power equipment for the supply of Electricity at Shariah Commission.,7000000.0,7000000.0,2000000.0,10000000.0,0.0,330,0.24273,0.2612,017100200100,BAUCHI STATE SHARIAH COMMISSION,23020103,CONSTRUCTION / PROVISION OF ELECTRICITY,70841,RELIGIOUS AND OTHER COMMUNITY SERVICES,20530200,BAUCHI,02100123001800,Societal Re-orientation - General
Purchase of 24 nos. Walking Talking Equipment for Security operations,6500000.0,6500000.0,8528800.0,8500000.0,0.0,330,0.25365,0.27212,017100200100,BAUCHI STATE SHARIAH COMMISSION,23010128,PURCHASE OF SECURITY EQUIPMENT,70841,RELIGIOUS AND OTHER COMMUNITY SERVICES,20530200,BAUCHI,02100123001900,Societal Re-orientation - General
"Provision of 2,500 nos. of Travelling Bags for Pilgrimage Activity",50000000.0,50000000.0,0.0,50000000.0,0.0,330,0.3074,0.32588,017100300100,MUSLIMS PILGRIMS WELFARE BOARD,23010150,PURCHASE OF SUIT CASES,70841,RELIGIOUS AND OTHER COMMUNITY SERVICES,20542400,STATE WIDE,02100123001700,Societal Re-orientation - General
Purchase of 4 nos. of Desktop Computers for Muslims Pilgrims Welfare Board,3000000.0,3000000.0,0.0,3000000.0,0.0,330,0.31832,0.33679,017100300100,MUSLIMS PILGRIMS WELFARE BOARD,23010113,PURCHASE OF COMPUTERS,70841,RELIGIOUS AND OTHER COMMUNITY SERVICES,20542400,STATE WIDE,02100123001800,Societal Re-orientation - General
Repairs of 20 nos. of water system toilet facilites at the Hajj Camp Bauchi,80000000.0,80000000.0,0.0,60000000.0,0.0,330,0.32839,0.34687,017100300100,MUSLIMS PILGRIMS WELFARE BOARD,23020118,CONSTRUCTION / PROVISION OF INFRASTRUCTURE,70841,RELIGIOUS AND OTHER COMMUNITY SERVICES,20542400,STATE WIDE,02100123001900,Societal Re-orientation - General
Construction of Modern Pit-Latrine and closset for Sanitation at the Hajj Camp Bauchi,30000000.0,30000000.0,0.0,30000000.0,0.0,330,0.33931,0.35779,017100300100,MUSLIMS PILGRIMS WELFARE BOARD,23020118,CONSTRUCTION / PROVISION OF INFRASTRUCTURE,70841,RELIGIOUS AND OTHER COMMUNITY SERVICES,20542400,STATE WIDE,02100123002000,Societal Re-orientation - General
Construction and Provision of Solar Power for the supply of Electricity at Hajj Camp Bauchi.,40000000.0,40000000.0,0.0,60000000.0,0.0,330,0.35023,0.36871,017100300100,MUSLIMS PILGRIMS WELFARE BOARD,23020103,CONSTRUCTION / PROVISION OF ELECTRICITY,70841,RELIGIOUS AND OTHER COMMUNITY SERVICES,20542400,STATE WIDE,02100125001200,Societal Re-orientation - General
Construction and Provision 5 nos. of Borehole for Water Supply at the Hajj Camp Bauchi,25000000.0,25000000.0,0.0,25000000.0,0.0,330,0.36031,0.37879,017100300100,MUSLIMS PILGRIMS WELFARE BOARD,23020105,CONSTRUCTION / PROVISION OF WATER FACILITIES,70841,RELIGIOUS AND OTHER COMMUNITY SERVICES,20542400,STATE WIDE,02100125001300,Societal Re-orientation - General
Acqusition of Land for the Construction of New Office Complex in Bauchi,30000000.0,30000000.0,0.0,40000000.0,0.0,330,0.41406,0.43254,017100400100,CHRISTIAN PILGRIMS WELFARE BOARD,23010101,PURCHASE / ACQUISITION OF LAND,70841,RELIGIOUS AND OTHER COMMUNITY SERVICES,20542400,STATE WIDE,02100123002100,Societal Re-orientation - General
Provision of 20 nos. of Office Chairs and 20 nos. of Tables for Christain Pilgrims Welfare Office at Bauchi,10000000.0,10000000.0,0.0,18000000.0,0.0,330,0.42498,0.44346,017100400100,CHRISTIAN PILGRIMS WELFARE BOARD,23010112,PURCHASE OF OFFICE FURNITURE AND FITTINGS,70841,RELIGIOUS AND OTHER COMMUNITY SERVICES,20542400,STATE WIDE,02100123002200,Societal Re-orientation - General
Purchase of 6 nos. of Desktop Computers for Christian Pilgrims Welfare Board,8000000.0,8000000.0,0.0,10000000.0,0.0,330,0.43506,0.45354,017100400100,CHRISTIAN PILGRIMS WELFARE BOARD,23010113,PURCHASE OF COMPUTERS,70841,RELIGIOUS AND OTHER COMMUNITY SERVICES,20542400,STATE WIDE,02100123002300,Societal Re-orientation - General
Provision of 200 Travelling Bags for Pilgrimage Activity at Christain Welfare Board,6940000.0,6940000.0,0.0,7500000.0,0.0,330,0.44598,0.46446,017100400100,CHRISTIAN PILGRIMS WELFARE BOARD,23010150,PURCHASE OF SUIT CASES,70841,RELIGIOUS AND OTHER COMMUNITY SERVICES,20542400,STATE WIDE,02100123002400,Societal Re-orientation - General
Purchase of 50 Nos. of Motor Cycles for the 20 LGC of the State,75000000.0,75000000.0,0.0,40000000.0,0.0,330,0.49973,0.51821,012400100100,MINISTRY OF SECURITY AND INTERNAL AFFAIRS,23010104,PURCHASE MOTOR CYCLES,70361,PUBLIC ORDER AND SAFETY N.E.C.,20542400,STATE WIDE,13100123013100,Reform of Government and Governance - General
Purchase of 3 nos. of Executive Cushsion and 5 nos. of Executive Tables for the Principal Officers,20000000.0,40000000.0,51710000.0,5000000.0,0.0,330,0.51065,0.52913,012400100100,MINISTRY OF SECURITY AND INTERNAL AFFAIRS,23010112,PURCHASE OF OFFICE FURNITURE AND FITTINGS,70361,PUBLIC ORDER AND SAFETY N.E.C.,20530200,BAUCHI,13100123013200,Reform of Government and Governance - General
Purchase of Office 20 nos. of Tables and 20 nos. of Chairs for the Officers of Ministry of Security and Internal Affairs,10000000.0,10000000.0,20000000.0,5000000.0,0.0,330,0.52073,0.53921,012400100100,MINISTRY OF SECURITY AND INTERNAL AFFAIRS,23010112,PURCHASE OF OFFICE FURNITURE AND FITTINGS,70361,PUBLIC ORDER AND SAFETY N.E.C.,20530200,BAUCHI,13100123013300,Reform of Government and Governance - General
Purchase of 7nos. Of Hp Laptops Computers for the Staff.,2500000.0,12500000.0,13420000.0,0.0,0.0,330,0.53165,0.55012,012400100100,MINISTRY OF SECURITY AND INTERNAL AFFAIRS,23010113,PURCHASE OF COMPUTERS,70361,PUBLIC ORDER AND SAFETY N.E.C.,20530200,BAUCHI,13100123013400,Reform of Government and Governance - General
Purchase of 4nos. Of Hp Desktop for the Staff.,5400000.0,5400000.0,0.0,0.0,0.0,330,0.54257,0.56104,012400100100,MINISTRY OF SECURITY AND INTERNAL AFFAIRS,23010113,PURCHASE OF COMPUTERS,70361,PUBLIC ORDER AND SAFETY N.E.C.,20530200,BAUCHI,13100123013500,Reform of Government and Governance - General
Purchase of 5nos. Of Hp Computer Printers.,200000.0,200000.0,0.0,0.0,0.0,330,0.55264,0.57112,012400100100,MINISTRY OF SECURITY AND INTERNAL AFFAIRS,23010114,PURCHASE OF COMPUTER PRINTERS,70361,PUBLIC ORDER AND SAFETY N.E.C.,20530200,BAUCHI,13100123013600,Reform of Government and Governance - General
Purchase of 3Nos. Of Sharp Photo Copying Machines.,500000.0,500000.0,0.0,0.0,0.0,330,0.56356,0.58204,012400100100,MINISTRY OF SECURITY AND INTERNAL AFFAIRS,23010115,PURCHASE OF PHOTOCOPYING MACHINES,70361,PUBLIC ORDER AND SAFETY N.E.C.,20530200,BAUCHI,13100123013700,Reform of Government and Governance - General
Purchase of 2 Nos. of Shredding Machines.,2000000.0,2000000.0,0.0,0.0,0.0,330,0.57448,0.59296,012400100100,MINISTRY OF SECURITY AND INTERNAL AFFAIRS,23010117,PURCHASE OF SHREDDING MACHINES,70361,PUBLIC ORDER AND SAFETY N.E.C.,20530200,BAUCHI,13100123013800,Reform of Government and Governance - General
Purchase of 2 Nos. of Scanners Machines.,150000000.0,150000000.0,0.0,0.0,0.0,330,0.5854,0.60388,012400100100,MINISTRY OF SECURITY AND INTERNAL AFFAIRS,23010118,PURCHASE OF SCANNERS,70361,PUBLIC ORDER AND SAFETY N.E.C.,20530200,BAUCHI,13100123013900,Reform of Government and Governance - General
Purchase of 1 Nos. KVA Generator Sets.,7500000.0,7500000.0,0.0,150000.0,0.0,330,0.59548,0.61396,012400100100,MINISTRY OF SECURITY AND INTERNAL AFFAIRS,23010119,PURCHASE OF POWER GENERATING SET,70361,PUBLIC ORDER AND SAFETY N.E.C.,20530200,BAUCHI,13100123014000,Reform of Government and Governance - General
Rehabilitation and Repairs of office Complex of the Ministry of Internal Security & Home Affairs (Former Deputy Governor's Office),125900000.0,125900000.0,88445826.0,0.0,0.0,330,0.6064,0.62487,012400100100,MINISTRY OF SECURITY AND INTERNAL AFFAIRS,23030121,REHABILITATION / REPAIRS OF OFFICE BUILDINGS,70361,PUBLIC ORDER AND SAFETY N.E.C.,20530200,BAUCHI,13100123014100,Reform of Government and Governance - General
Purchase of Security Dictector Equipment.,250000000.0,250000000.0,0.0,100000000.0,0.0,330,0.61732,0.63579,012400100100,MINISTRY OF SECURITY AND INTERNAL AFFAIRS,23010128,PURCHASE OF SECURITY EQUIPMENT,70361,PUBLIC ORDER AND SAFETY N.E.C.,20530200,BAUCHI,13100123014200,Reform of Government and Governance - General
Purchase of Office 50 nos. of Tables and 50 nos. of Chairs for Security Personnel in the State,0.0,0.0,0.0,73350000.0,0.0,330,0.62823,0.64671,012400100100,MINISTRY OF SECURITY AND INTERNAL AFFAIRS,23010112,PURCHASE OF OFFICE FURNITURE AND FITTINGS,70361,PUBLIC ORDER AND SAFETY N.E.C.,20530200,BAUCHI,13100126000400,Reform of Government and Governance - General
"Construction of Security Out Post at Gwana, Alkaleri LGA",0.0,0.0,0.0,500000000.0,0.0,330,0.63831,0.65679,012400100100,MINISTRY OF SECURITY AND INTERNAL AFFAIRS,23020101,CONSTRUCTION / PROVISION OF OFFICE BUILDINGS,70361,PUBLIC ORDER AND SAFETY N.E.C.,20530200,BAUCHI,13100126000500,Reform of Government and Governance - General
Purchase of Security Tracking Device,0.0,0.0,0.0,1700000000.0,0.0,330,0.64923,0.66771,012400100100,MINISTRY OF SECURITY AND INTERNAL AFFAIRS,23010128,PURCHASE OF SECURITY EQUIPMENT,70361,PUBLIC ORDER AND SAFETY N.E.C.,20542400,STATE WIDE,13100126000600,Reform of Government and Governance - General
Purchase of Two (2) Hilux,70000000.0,70000000.0,0.0,0.0,0.0,330,0.70298,0.72146,012400200100,BAUCHI STATE VIGILANTE AND YOUTH EMPOWERMENT AGENCY,23010108,PURCHASE OF BUSES,70361,PUBLIC ORDER AND SAFETY N.E.C.,20530200,BAUCHI,13100123014300,Reform of Government and Governance - General
Purchase of Executive Cussion for the Principal Officers,10000000.0,10000000.0,0.0,20000000.0,0.0,330,0.71306,0.73154,012400200100,BAUCHI STATE VIGILANTE AND YOUTH EMPOWERMENT AGENCY,23010112,PURCHASE OF OFFICE FURNITURE AND FITTINGS,70361,PUBLIC ORDER AND SAFETY N.E.C.,20530200,BAUCHI,13100123014400,Reform of Government and Governance - General
Purchase of Office Tables for the Principal Officers,5000000.0,5000000.0,0.0,10000000.0,0.0,330,0.72398,0.74246,012400200100,BAUCHI STATE VIGILANTE AND YOUTH EMPOWERMENT AGENCY,23010112,PURCHASE OF OFFICE FURNITURE AND FITTINGS,70361,PUBLIC ORDER AND SAFETY N.E.C.,20530200,BAUCHI,13100123014500,Reform of Government and Governance - General
Purchase of 3nos. Of Hp Laptops Computers for the Staff.,2000000.0,2000000.0,0.0,0.0,0.0,330,0.7349,0.75338,012400200100,BAUCHI STATE VIGILANTE AND YOUTH EMPOWERMENT AGENCY,23010113,PURCHASE OF COMPUTERS,70361,PUBLIC ORDER AND SAFETY N.E.C.,20530200,BAUCHI,13100123014600,Reform of Government and Governance - General
Purchase of 6nos. Of Hp Desktop for the Staff.,3000000.0,3000000.0,0.0,0.0,0.0,330,0.74498,0.76345,012400200100,BAUCHI STATE VIGILANTE AND YOUTH EMPOWERMENT AGENCY,23010113,PURCHASE OF COMPUTERS,70361,PUBLIC ORDER AND SAFETY N.E.C.,20530200,BAUCHI,13100123014700,Reform of Government and Governance - General
Purchase of 5nos. Of Hp Computer Printers.,2000000.0,2000000.0,0.0,0.0,0.0,330,0.7559,0.77437,012400200100,BAUCHI STATE VIGILANTE AND YOUTH EMPOWERMENT AGENCY,23010114,PURCHASE OF COMPUTER PRINTERS,70361,PUBLIC ORDER AND SAFETY N.E.C.,20530200,BAUCHI,13100123014800,Reform of Government and Governance - General
Purchase of 3Nos. Of Sharp Photo Copying Machines.,2000000.0,2000000.0,0.0,0.0,0.0,330,0.76681,0.78529,012400200100,BAUCHI STATE VIGILANTE AND YOUTH EMPOWERMENT AGENCY,23010115,PURCHASE OF PHOTOCOPYING MACHINES,70361,PUBLIC ORDER AND SAFETY N.E.C.,20530200,BAUCHI,13100123014900,Reform of Government and Governance - General
Purchase of 2 Nos. of Shredding Machines.,200000.0,200000.0,0.0,0.0,0.0,330,0.77773,0.79621,012400200100,BAUCHI STATE VIGILANTE AND YOUTH EMPOWERMENT AGENCY,23010117,PURCHASE OF SHREDDING MACHINES,70361,PUBLIC ORDER AND SAFETY N.E.C.,20530200,BAUCHI,13100123015000,Reform of Government and Governance - General
Purchase of 2 Nos. of Scanners Machines.,500000.0,500000.0,0.0,0.0,0.0,330,0.78781,0.80629,012400200100,BAUCHI STATE VIGILANTE AND YOUTH EMPOWERMENT AGENCY,23010118,PURCHASE OF SCANNERS,70361,PUBLIC ORDER AND SAFETY N.E.C.,20530200,BAUCHI,13100123015100,Reform of Government and Governance - General
Purchase of 1 Nos. KVA Generator Sets.,2000000.0,2000000.0,0.0,10000000.0,0.0,330,0.79873,0.81721,012400200100,BAUCHI STATE VIGILANTE AND YOUTH EMPOWERMENT AGENCY,23010119,PURCHASE OF POWER GENERATING SET,70361,PUBLIC ORDER AND SAFETY N.E.C.,20530200,BAUCHI,13100123015200,Reform of Government and Governance - General
Purchase of Security Survellance Equipment for Vigilante,10000000.0,10000000.0,0.0,350000000.0,0.0,330,0.80965,0.82813,012400200100,BAUCHI STATE VIGILANTE AND YOUTH EMPOWERMENT AGENCY,23010128,PURCHASE OF SECURITY EQUIPMENT,70361,PUBLIC ORDER AND SAFETY N.E.C.,20542400,STATE WIDE,13100123015300,Reform of Government and Governance - General
Purchase and Supply of 100 units of Skills Acquisition Equipment for Youth Empowerment across the Sta,250000000.0,250000000.0,0.0,0.0,0.0,330,0.82057,0.83904,012400200100,BAUCHI STATE VIGILANTE AND YOUTH EMPOWERMENT AGENCY,23010129,PURCHASE OF INDUSTRIAL EQUIPMENT 70361 - PUBLIC ORDER AND SAFETY N.E.C.,,te.,20542400,STATE WIDE,13100123015400,Reform of Government and Governance - General
Construction of Armoury for Vigilante,0.0,0.0,0.0,350000000.0,0.0,330,0.83065,0.84912,012400200100,BAUCHI STATE VIGILANTE AND YOUTH EMPOWERMENT AGENCY,23010118,PURCHASE OF SCANNERS,70361,PUBLIC ORDER AND SAFETY N.E.C.,20542400,STATE WIDE,13100123015400,Reform of Government and Governance - General
Purchase of Zoonotic Consumables for Animal Insimination Purpose Across the State,90000000.0,160000000.0,153518000.0,0.0,0.0,330,0.8844,0.90288,021500100100,MINISTRY OF AGRICULTURE,23010127,PURCHASE OF AGRICULTURAL EQUIPMENT,70421,AGRICULTURE,20542400,STATE WIDE,01020523000100,Animal health and livestock diseases management
Renovation and Construction of New Abbatoir in the Major Towns of the 3 Senatorial Districts of the State,200000000.0,200000000.0,0.0,0.0,0.0,330,0.89532,0.91379,021500100100,MINISTRY OF AGRICULTURE,23030112,REHABILITATION / REPAIRS - AGRICICULTURAL FACILITIES,70421,AGRICULTURE,20530200,BAUCHI,01020223000200,Meat processing and marketing
Purchase of 10 N0s. Motorcycles for Monitoring and survellance.,10000000.0,10000000.0,0.0,0.0,0.0,331,0.09323,0.1117,021500100100,MINISTRY OF AGRICULTURE,23010104,PURCHASE MOTOR CYCLES,70421,AGRICULTURE,20542400,STATE WIDE,01010223000300,Agriculture sector coordination mechanisms
Renovation of Modern indoor fish hatchery at Gubi at Bauchi,10000000.0,10000000.0,0.0,0.0,0.0,331,0.10415,0.12262,021500100100,MINISTRY OF AGRICULTURE,23030112,REHABILITATION / REPAIRS - AGRICICULTURAL FACILITIES,70421,AGRICULTURE,20530200,BAUCHI,01050323000400,Fish processing and post-harvest management
Renovation of 3 Veterinary clinics in the 3 Senatorial Zones of the State,60000000.0,60000000.0,20000000.0,0.0,0.0,331,0.11506,0.13354,021500100100,MINISTRY OF AGRICULTURE,23010127,PURCHASE OF AGRICULTURAL EQUIPMENT,70421,AGRICULTURE,20542400,STATE WIDE,01020523000500,Animal health and livestock diseases management
Renovation and Stocking of 2 Government earthing Ponds at Gubi in Bauchi LGA,100000000.0,100000000.0,0.0,0.0,0.0,331,0.12598,0.14446,021500100100,MINISTRY OF AGRICULTURE,23030112,REHABILITATION / REPAIRS - AGRICICULTURAL FACILITIES,70421,AGRICULTURE,20530200,BAUCHI,01030223000600,"Intensive crop and vegetable production (irrigation, crop diversification etc.)"
Purchase and supply of 100 Nos. of Tractors for Farming to farmers in Bauchi State,500000000.0,500000000.0,0.0,4000000000.0,0.0,331,0.13606,0.15454,021500100100,MINISTRY OF AGRICULTURE,23010127,PURCHASE OF AGRICULTURAL EQUIPMENT,70421,AGRICULTURE,20542400,STATE WIDE,01040123000700,Modern technology for post-harvest storage and value addition
Purchase of 50 nos of Mini Tractors and other Farm Implements for Distribution to Farmers,500000000.0,500000000.0,0.0,1000000000.0,0.0,331,0.14698,0.16546,021500100100,MINISTRY OF AGRICULTURE,23010127,PURCHASE OF AGRICULTURAL EQUIPMENT,70421,AGRICULTURE,20542400,STATE WIDE,01040123000800,Modern technology for post-harvest storage and value addition
Refurbishing of 10 units of assorted tractors for Utilization by Ministry of Agriculture,10000000.0,10000000.0,0.0,10000000.0,0.0,331,0.1579,0.17638,021500100100,MINISTRY OF AGRICULTURE,23010127,PURCHASE OF AGRICULTURAL EQUIPMENT,70421,AGRICULTURE,20542400,STATE WIDE,01040123000900,Modern technology for post-harvest storage and value addition
Purchase of Agricultural Equipment for Pest control for use by Farmers in Bauchi State.,100000000.0,100000000.0,0.0,100000000.0,0.0,331,0.16798,0.18645,021500100100,MINISTRY OF AGRICULTURE,23010127,PURCHASE OF AGRICULTURAL EQUIPMENT,70421,AGRICULTURE,20542400,STATE WIDE,01030323001000,"Farm inputs supply and service delivery system (improved seeds, fertilizer, agro-chemicals etc.)"
Purchase of 100 Nos Vaccine Carriers and Vaccines Animal Drugs for Annual Vaccination programmes Across the State.,40000000.0,40000000.0,0.0,0.0,0.0,331,0.1789,0.19737,021500100100,MINISTRY OF AGRICULTURE,23010127,PURCHASE OF AGRICULTURAL EQUIPMENT,70421,AGRICULTURE,20542400,STATE WIDE,01020523001100,Animal health and livestock diseases management
Purchase of 2 Nos. of Trucks of Animal Feeds for Livestock Development in the State,20000000.0,20000000.0,0.0,0.0,0.0,331,0.18981,0.20829,021500100100,MINISTRY OF AGRICULTURE,23010127,PURCHASE OF AGRICULTURAL EQUIPMENT,70421,AGRICULTURE,20542400,STATE WIDE,01020623001200,Livestock feeds development
Establishment of Grazing reserves Across the State under livestock productivity and resilience Support Project (L-Press),100000000.0,1500000000.0,1100785125.0,0.0,0.0,331,0.20073,0.21921,021500100100,MINISTRY OF AGRICULTURE,23020113,CONSTRUCTION / PROVISION OF AGRICULTURAL FACILITIES,70421,AGRICULTURE,20542400,STATE WIDE,01020623001400,Livestock feeds development
Establishment of Livestock service centers Across the State under livestock productivity and resilience Support Project (L-Press),50000000.0,100000000.0,823269535.56,0.0,0.0,331,0.21081,0.22929,021500100100,MINISTRY OF AGRICULTURE,23020113,CONSTRUCTION / PROVISION OF AGRICULTURAL FACILITIES,70421,AGRICULTURE,20542400,STATE WIDE,01020323001500,"Poultry, pig, and micro livestock production"
Establishment of Value Chain Enhancement Project Centres Across the 3 Senatorial Districts of the State,50000000.0,450000000.0,0.0,0.0,0.0,331,0.22173,0.24021,021500100100,MINISTRY OF AGRICULTURE,23020113,CONSTRUCTION / PROVISION OF AGRICULTURAL FACILITIES,70421,AGRICULTURE,20542400,STATE WIDE,01030123001600,Crop value chains and food systems promotion (food and cash crops of state’s comparative advantage)
Redemacartion and Maintainance of Existing Stock route in the 20 local Govt Areas.,100000000.0,50000000.0,0.0,0.0,0.0,331,0.23265,0.25113,021500100100,MINISTRY OF AGRICULTURE,23020113,CONSTRUCTION / PROVISION OF AGRICULTURAL FACILITIES,70421,AGRICULTURE,20542400,STATE WIDE,01070123001700,"Integrated rural development (agricultural land development, farm mechanization, & rural infrastructures"
Development of 3 nos. Grazing Reserves in the 3 Senatorial Zones of the State,60000000.0,100000000.0,0.0,0.0,0.0,331,0.24273,0.2612,021500100100,MINISTRY OF AGRICULTURE,23020113,CONSTRUCTION / PROVISION OF AGRICULTURAL FACILITIES,70421,AGRICULTURE,20542400,STATE WIDE,01020623001800,Livestock feeds development
Repairs and Refurbishing of Bauchi Meat Product Company (Dan Dango Ward) at Bauchi LGA,50000000.0,60000000.0,0.0,0.0,0.0,331,0.25365,0.27212,021500100100,MINISTRY OF AGRICULTURE,23020118,CONSTRUCTION / PROVISION OF INFRASTRUCTURE,70421,AGRICULTURE,20530200,BAUCHI,01100123001900,Agriculture Programme Not Elsewhere Classified
Provision of Starter Packs Agricultural Enterprenuers,0.0,50000000.0,0.0,1000000000.0,0.0,331,0.26456,0.28304,021500100100,MINISTRY OF AGRICULTURE,23010127,PURCHASE OF AGRICULTURAL EQUIPMENT,70421,AGRICULTURE,20542400,STATE WIDE,01100123002000,Agriculture Programme Not Elsewhere Classified
Livestock Productivity and Resilient project L-press Counterpart Funding for the Improvement of Agriculture Inputs and Output in the Agriculture Sector,50000000.0,50000000.0,0.0,0.0,0.0,331,0.27548,0.29396,021500100100,MINISTRY OF AGRICULTURE,23020118,CONSTRUCTION / PROVISION OF INFRASTRUCTURE,70421,AGRICULTURE,20542400,STATE WIDE,01020623002100,Livestock feeds development
Refurbishing of Bauchi Fertilizer Company and Soil Fertility Testing,20000000.0,20000000.0,9476000.0,2000000000.0,0.0,331,0.28556,0.30404,021500100100,MINISTRY OF AGRICULTURE,23030112,REHABILITATION / REPAIRS - AGRICICULTURAL FACILITIES,70421,AGRICULTURE,20542400,STATE WIDE,01030323002200,"Farm inputs supply and service delivery system (improved seeds, fertilizer, agro-chemicals etc.)"
Construction and Provision of 1 Nos of Vettiinary Hospitals at Bauchi,50000000.0,50000000.0,0.0,0.0,0.0,331,0.29648,0.31496,021500100100,MINISTRY OF AGRICULTURE,23020106,CONSTRUCTION / PROVISION OF HOSPITALS / HEALTH CENTRES,70421,AGRICULTURE,20530200,BAUCHI,01020523002300,Animal health and livestock diseases management
Rehab. and upgrading of 3 Farm service centres 1 in each senatorial Zone,30000000.0,30000000.0,0.0,210000000.0,0.0,331,0.3074,0.32588,021500100100,MINISTRY OF AGRICULTURE,23030112,REHABILITATION / REPAIRS - AGRICICULTURAL FACILITIES,70421,AGRICULTURE,20542400,STATE WIDE,01070123002400,"Integrated rural development (agricultural land development, farm mechanization, & rural infrastructures"
Renovation of 2 Existing Silos in the State,200000000.0,200000000.0,100000000.0,360000000.0,0.0,331,0.31832,0.33679,021500100100,MINISTRY OF AGRICULTURE,23030112,REHABILITATION / REPAIRS - AGRICICULTURAL FACILITIES,70421,AGRICULTURE,20542400,STATE WIDE,01070123002500,"Integrated rural development (agricultural land development, farm mechanization, & rural infrastructures"
Renovations and Repairs of Existing Bauchi Fertilizer Company in Bauchi LGA,50000000.0,50000000.0,0.0,0.0,0.0,331,0.32839,0.34687,021500100100,MINISTRY OF AGRICULTURE,23030112,REHABILITATION / REPAIRS - AGRICICULTURAL FACILITIES,70421,AGRICULTURE,20530200,BAUCHI,01070123002600,"Integrated rural development (agricultural land development, farm mechanization, & rural infrastructures"
FAWOYDI/ACTION AID Stakeholders Collaboration with the Bauchi State Ministry of Agriculturefor the Supply for Agriculture Inputs,5000000.0,5000000.0,0.0,15000000.0,15000000.0,331,0.33931,0.35779,021500100100,MINISTRY OF AGRICULTURE,23050101,RESEARCH AND DEVELOPMENT,70421,AGRICULTURE,20542400,STATE WIDE,01030323002700,"Farm inputs supply and service delivery system (improved seeds, fertilizer, agro-chemicals etc.)"
Renovation and repairs of Groundnut Production (Tiny Oil) company in Bauchi,30000000.0,30000000.0,0.0,10000000.0,10000000.0,331,0.35023,0.36871,021500100100,MINISTRY OF AGRICULTURE,23030112,REHABILITATION / REPAIRS - AGRICICULTURAL FACILITIES,70421,AGRICULTURE,20530200,BAUCHI,01030123002800,Crop value chains and food systems promotion (food and cash crops of state’s comparative advantage)
Engagement of Professionals in the Development of Priority Value Chains Assessment in Bauchi State,20000000.0,20000000.0,3980000.0,500000000.0,0.0,331,0.36031,0.37879,021500100100,MINISTRY OF AGRICULTURE,23020113,CONSTRUCTION / PROVISION OF AGRICULTURAL FACILITIES,70421,AGRICULTURE,20542400,STATE WIDE,01070423002900,"Adaptive research, unified and all-inclusive extension services delivery"
Exploring new methods to improve Agriculture yield through Research and Development.,10000000.0,10000000.0,0.0,50000000.0,0.0,331,0.37123,0.38971,021500100100,MINISTRY OF AGRICULTURE,23050101,RESEARCH AND DEVELOPMENT,70421,AGRICULTURE,20542400,STATE WIDE,01070423003000,"Adaptive research, unified and all-inclusive extension services delivery"
Special Agro-Industrial Processing Zone (SAPZ) Project for the Provision of Agricultural Facilities,50000000.0,50000000.0,0.0,10000000.0,0.0,331,0.38215,0.40062,021500100100,MINISTRY OF AGRICULTURE,23020113,CONSTRUCTION / PROVISION OF AGRICULTURAL FACILITIES,70421,AGRICULTURE,20542400,STATE WIDE,01020523003100,Animal health and livestock diseases management
Establishment of agro- Industrial Processing Zone in 3 Senatorial zonesof the State Under the SAPZ Project,500000000.0,300000000.0,0.0,500000000.0,0.0,331,0.39307,0.41154,021500100100,MINISTRY OF AGRICULTURE,23020113,CONSTRUCTION / PROVISION OF AGRICULTURAL FACILITIES,70421,AGRICULTURE,20542400,STATE WIDE,01020623003200,Livestock feeds development
Establishment of agro- Industrial Processing Hub Across the State Under the SAPZ Project,500000000.0,300000000.0,0.0,200000000.0,0.0,331,0.40314,0.42162,021500100100,MINISTRY OF AGRICULTURE,23020113,CONSTRUCTION / PROVISION OF AGRICULTURAL FACILITIES,70421,AGRICULTURE,20542400,STATE WIDE,01030323003300,"Farm inputs supply and service delivery system (improved seeds, fertilizer, agro-chemicals etc.)"
Provision of Agro-Chemical to Wheat farmersunder the SAPZ project.,200000000.0,200000000.0,0.0,500000000.0,0.0,331,0.41406,0.43254,021500100100,MINISTRY OF AGRICULTURE,23010127,PURCHASE OF AGRICULTURAL EQUIPMENT,70421,AGRICULTURE,20542400,STATE WIDE,01020623003400,Livestock feeds development
Provision of of Fertilizer to wheat farmers under the national Agricultural growth scheme agro -Pocket.(NAGS AP) project,500000000.0,300000000.0,0.0,100000000.0,100000000.0,331,0.42498,0.44346,021500100100,MINISTRY OF AGRICULTURE,23010127,PURCHASE OF AGRICULTURAL EQUIPMENT,70421,AGRICULTURE,20542400,STATE WIDE,01020323003500,"Poultry, pig, and micro livestock production"
Provision of Agricultural Equipment for the Production of improved wheat seedlings to wheat farmesr under the SAPZ project,100000000.0,100000000.0,0.0,230000000.0,0.0,331,0.43506,0.45354,021500100100,MINISTRY OF AGRICULTURE,23010127,PURCHASE OF AGRICULTURAL EQUIPMENT,70421,AGRICULTURE,20542400,STATE WIDE,01030123003600,Crop value chains and food systems promotion (food and cash crops of state’s comparative advantage)
Construction and Provision of Solar Powered Water Pump to Wheat farmers under the SAPz project for designated Location Across the 3 Senatorial Zone of the State.,200000000.0,200000000.0,0.0,50000000.0,0.0,331,0.44598,0.46446,021500100100,MINISTRY OF AGRICULTURE,23020103,CONSTRUCTION / PROVISION OF ELECTRICITY,70421,AGRICULTURE,20542400,STATE WIDE,01070123003700,"Integrated rural development (agricultural land development, farm mechanization, & rural infrastructures"
Women and Youth Empowerment in Agriulture through the provision of Farm Implements and Inputs.,50000000.0,50000000.0,0.0,20000000.0,20000000.0,331,0.4569,0.47537,021500100100,MINISTRY OF AGRICULTURE,23010127,PURCHASE OF AGRICULTURAL EQUIPMENT,70421,AGRICULTURE,20542400,STATE WIDE,01020623003800,Livestock feeds development
Surpervision of programmes and projects under Ministry of Agriculture.,20000000.0,20000000.0,0.0,303983666.6,0.0,331,0.46782,0.48629,021500100100,MINISTRY OF AGRICULTURE,23050103,MONITORING AND EVALUATION,70421,AGRICULTURE,20542400,STATE WIDE,01100123003900,Agriculture Programme Not Elsewhere Classified
Environmental and social impact assessment of NAGS-AP project,0.0,1000000000.0,1000000000.0,1100000000.0,0.0,331,0.47789,0.49637,021500100100,MINISTRY OF AGRICULTURE,23050101,RESEARCH AND DEVELOPMENT,70421,AGRICULTURE,20542400,STATE WIDE,01100123004100,Agriculture Programme Not Elsewhere Classified
Establishment of Farm Training Centres in Alkaleri and Itas Gadau,0.0,0.0,0.0,300000000.0,300000000.0,331,0.48881,0.50729,021500100100,MINISTRY OF AGRICULTURE,23020113,CONSTRUCTION / PROVISION OF AGRICULTURAL FACILITIES,70421,AGRICULTURE,20542400,STATE WIDE,01100123004100,Agriculture Programme Not Elsewhere Classified
Purchase of 10 Nos. of Combine Harvesters,0.0,0.0,0.0,1500000000.0,0.0,331,0.49973,0.51821,021500100100,MINISTRY OF AGRICULTURE,23010127,PURCHASE OF AGRICULTURAL EQUIPMENT,70421,AGRICULTURE,20542400,STATE WIDE,01100123004100,Agriculture Programme Not Elsewhere Classified
Establishment of 3 Seed Multiplication Centres,0.0,0.0,0.0,210000000.0,0.0,331,0.51065,0.52913,021500100100,MINISTRY OF AGRICULTURE,23020113,CONSTRUCTION / PROVISION OF AGRICULTURAL FACILITIES,70421,AGRICULTURE,20542400,STATE WIDE,01100123004100,Agriculture Programme Not Elsewhere Classified
Provision of 1 Media Van to BSADP,0.0,0.0,0.0,150000000.0,0.0,331,0.52073,0.53921,021500100100,MINISTRY OF AGRICULTURE,23010106,PURCHASE OF VANS,70421,AGRICULTURE,20542400,STATE WIDE,01100123004100,Agriculture Programme Not Elsewhere Classified
Renovation of Farm Training Centre in Darazo,0.0,0.0,0.0,150000000.0,150000000.0,331,0.53165,0.55012,021500100100,MINISTRY OF AGRICULTURE,23030112,REHABILITATION / REPAIRS - AGRICICULTURAL FACILITIES,70421,AGRICULTURE,20542400,STATE WIDE,01100123004100,Agriculture Programme Not Elsewhere Classified
Purchase 20 nos. motor cycles for agriculture sensitization and survellance,39600000.0,39600000.0,0.0,12500000.0,0.0,331,0.5854,0.60388,021500200100,BAUCHI STATE AGRICULTURAL DEVELOPMENT PROGRAMME (BASDP),23010104,PURCHASE MOTOR CYCLES,70421,AGRICULTURE,20542400,STATE WIDE,01070623004100,Capacity building for stakeholders and professional human resources development
Purchase of 50 Units office tables and chairs for BSADP Offices Across the State.,12500000.0,12500000.0,0.0,6250000.0,0.0,331,0.59548,0.61396,021500200100,BAUCHI STATE AGRICULTURAL DEVELOPMENT PROGRAMME (BASDP),23010112,PURCHASE OF OFFICE FURNITURE AND FITTINGS,70421,AGRICULTURE,20530200,BAUCHI,01010223004200,Agriculture sector coordination mechanisms
Purchase of 2 nos of Desktop Computers,4200000.0,4200000.0,0.0,0.0,0.0,331,0.6064,0.62487,021500200100,BAUCHI STATE AGRICULTURAL DEVELOPMENT PROGRAMME (BASDP),23010113,PURCHASE OF COMPUTERS,70421,AGRICULTURE,20530200,BAUCHI,01010223004300,Agriculture sector coordination mechanisms
Purchase of 2 nos. of computer printers,2450000.0,2450000.0,0.0,0.0,0.0,331,0.61732,0.63579,021500200100,BAUCHI STATE AGRICULTURAL DEVELOPMENT PROGRAMME (BASDP),23010114,PURCHASE OF COMPUTER PRINTERS,70421,AGRICULTURE,20530200,BAUCHI,01010223004400,Agriculture sector coordination mechanisms
Purchase of 3 nos. of photocopying machines,7000000.0,7000000.0,0.0,0.0,0.0,331,0.62823,0.64671,021500200100,BAUCHI STATE AGRICULTURAL DEVELOPMENT PROGRAMME (BASDP),23010115,PURCHASE OF PHOTOCOPYING MACHINES,70421,AGRICULTURE,20530200,BAUCHI,01010223004500,Agriculture sector coordination mechanisms
Purchase of Plough Harrowing Agricultural Equipment for Rural Farmers.,51000000.0,51000000.0,0.0,21000000.0,21000000.0,331,0.63831,0.65679,021500200100,BAUCHI STATE AGRICULTURAL DEVELOPMENT PROGRAMME (BASDP),23010127,PURCHASE OF AGRICULTURAL EQUIPMENT,70421,AGRICULTURE,20542400,STATE WIDE,01030323004600,"Farm inputs supply and service delivery system (improved seeds, fertilizer, agro-chemicals etc.)"
Support NATSP (Sustainability) through the establishment and provision of agriculture inputs,108000000.0,108000000.0,120889005.36,108000000.0,108000000.0,331,0.64923,0.66771,021500200100,BAUCHI STATE AGRICULTURAL DEVELOPMENT PROGRAMME (BASDP),23010127,PURCHASE OF AGRICULTURAL EQUIPMENT,70421,AGRICULTURE,20542400,STATE WIDE,01030323004700,"Farm inputs supply and service delivery system (improved seeds, fertilizer, agro-chemicals etc.)"
NFDP 1 (Sustainability) through the establishmentand provision of agriculture inputs,36000000.0,36000000.0,10721000.0,36000000.0,0.0,331,0.66015,0.67863,021500200100,BAUCHI STATE AGRICULTURAL DEVELOPMENT PROGRAMME (BASDP),23010127,PURCHASE OF AGRICULTURAL EQUIPMENT,70421,AGRICULTURE,20542400,STATE WIDE,01030323004800,"Farm inputs supply and service delivery system (improved seeds, fertilizer, agro-chemicals etc.)"
NPFS 1 (Sustainability) through the establishment and provision of agriculture inputs,74808000.0,74808000.0,24829400.0,74808000.0,0.0,331,0.67023,0.68871,021500200100,BAUCHI STATE AGRICULTURAL DEVELOPMENT PROGRAMME (BASDP),23010127,PURCHASE OF AGRICULTURAL EQUIPMENT,70421,AGRICULTURE,20542400,STATE WIDE,01030323004900,"Farm inputs supply and service delivery system (improved seeds, fertilizer, agro-chemicals etc.)"
CBARDP (Sustainability) through the establishment and provision of agriculture inputs,39582628.0,39582628.0,13457600.0,39582628.0,0.0,331,0.68115,0.69962,021500200100,BAUCHI STATE AGRICULTURAL DEVELOPMENT PROGRAMME (BASDP),23010127,PURCHASE OF AGRICULTURAL EQUIPMENT,70421,AGRICULTURE,20542400,STATE WIDE,01030323005000,"Farm inputs supply and service delivery system (improved seeds, fertilizer, agro-chemicals etc.)"
Support the sutainability of Sasakawa Global 2000 Project through the provision of agriculture inputs,20000000.0,20000000.0,0.0,0.0,0.0,331,0.69206,0.71054,021500200100,BAUCHI STATE AGRICULTURAL DEVELOPMENT PROGRAMME (BASDP),23010127,PURCHASE OF AGRICULTURAL EQUIPMENT,70421,AGRICULTURE,20542400,STATE WIDE,01030323005100,"Farm inputs supply and service delivery system (improved seeds, fertilizer, agro-chemicals etc.)"
Support the Sustainability of IITA Project through the provision of agriculture inputs,25000000.0,25000000.0,0.0,400000000.0,0.0,331,0.70298,0.72146,021500200100,BAUCHI STATE AGRICULTURAL DEVELOPMENT PROGRAMME (BASDP),23010127,PURCHASE OF AGRICULTURAL EQUIPMENT,70421,AGRICULTURE,20542400,STATE WIDE,01030323005200,"Farm inputs supply and service delivery system (improved seeds, fertilizer, agro-chemicals etc.)"
Support to Carry Out Study for Seed Multiplication at BSADP Jamaáre and Nabardo,25000000.0,25000000.0,0.0,11000000.0,0.0,331,0.71306,0.73154,021500200100,BAUCHI STATE AGRICULTURAL DEVELOPMENT PROGRAMME (BASDP),23050101,RESEARCH AND DEVELOPMENT,70421,AGRICULTURE,20542400,STATE WIDE,01030123005300,Crop value chains and food systems promotion (food and cash crops of state’s comparative advantage)
Support to Carry Out Study for Seed Multiplication at Miya South West BSADP Miya,20000000.0,20000000.0,0.0,5000000.0,0.0,331,0.72398,0.74246,021500200100,BAUCHI STATE AGRICULTURAL DEVELOPMENT PROGRAMME (BASDP),23050101,RESEARCH AND DEVELOPMENT,70421,AGRICULTURE,20510800,GANJUWA,01030123005400,Crop value chains and food systems promotion (food and cash crops of state’s comparative advantage)
Support to Carry Out Study for Seed Multiplication at Azare Bakin Kasuwa BSADP,6000000.0,6000000.0,0.0,9000000.0,0.0,331,0.7349,0.75338,021500200100,BAUCHI STATE AGRICULTURAL DEVELOPMENT PROGRAMME (BASDP),23050101,RESEARCH AND DEVELOPMENT,70421,AGRICULTURE,20521200,KATAGUM,01030123005500,Crop value chains and food systems promotion (food and cash crops of state’s comparative advantage)
Support to Carry Out Study for Seed Multiplication at Nasarawa South Wailo,5000000.0,5000000.0,0.0,5000000.0,0.0,331,0.74498,0.76345,021500200100,BAUCHI STATE AGRICULTURAL DEVELOPMENT PROGRAMME (BASDP),23050101,RESEARCH AND DEVELOPMENT,70421,AGRICULTURE,20510800,GANJUWA,01030123005600,Crop value chains and food systems promotion (food and cash crops of state’s comparative advantage)
Provision of Qualitative Farm Inputs at BSADP at Nasarawa South Wailo Headquarters,4000000.0,4000000.0,0.0,15000000.0,0.0,331,0.7559,0.77437,021500200100,BAUCHI STATE AGRICULTURAL DEVELOPMENT PROGRAMME (BASDP),23010127,PURCHASE OF AGRICULTURAL EQUIPMENT,70421,AGRICULTURE,20510800,GANJUWA,01030323005700,"Farm inputs supply and service delivery system (improved seeds, fertilizer, agro-chemicals etc.)"
Support to Carry Out Study for Seed Multiplication at BSADP Headquarter Bauchi,55000000.0,55000000.0,0.0,5000000.0,0.0,331,0.76681,0.78529,021500200100,BAUCHI STATE AGRICULTURAL DEVELOPMENT PROGRAMME (BASDP),23050101,RESEARCH AND DEVELOPMENT,70421,AGRICULTURE,20530200,BAUCHI,01030123005800,Crop value chains and food systems promotion (food and cash crops of state’s comparative advantage)
Provision of Qualitative Farm Inputs at BSADP Headquarter Bauch,55000000.0,55000000.0,0.0,3000000.0,0.0,331,0.77773,0.79621,021500200100,BAUCHI STATE AGRICULTURAL DEVELOPMENT PROGRAMME (BASDP),23010127,PURCHASE OF AGRICULTURAL EQUIPMENT,70421,AGRICULTURE,20530200,BAUCHI,01030323005900,"Farm inputs supply and service delivery system (improved seeds, fertilizer, agro-chemicals etc.)"
Provision of Agriculture Farm Inputs to Farmers in the State through Nigeria Community Action for Resilience and Economic Stimulus NG-CARES Project,500000000.0,300000000.0,43665104.68,255000000.0,0.0,331,0.78781,0.80629,021500200100,BAUCHI STATE AGRICULTURAL DEVELOPMENT PROGRAMME (BASDP),23010127,PURCHASE OF AGRICULTURAL EQUIPMENT,70421,AGRICULTURE,20542400,STATE WIDE,01030323006000,"Farm inputs supply and service delivery system (improved seeds, fertilizer, agro-chemicals etc.)"
ICRISAT (Technology transfer) Project for the Establishment and Production of Agricultural Equipment,13000000.0,13000000.0,0.0,1110000.0,0.0,331,0.79873,0.81721,021500200100,BAUCHI STATE AGRICULTURAL DEVELOPMENT PROGRAMME (BASDP),23010127,PURCHASE OF AGRICULTURAL EQUIPMENT,70421,AGRICULTURE,20542400,STATE WIDE,01030323006100,"Farm inputs supply and service delivery system (improved seeds, fertilizer, agro-chemicals etc.)"
UNICEF. (Nutrition and water and sanitation) Programme for the Provision of Agricultural Inputs for enhance Nutrition And WASH in the State,20000000.0,20000000.0,0.0,1150000.0,1150000.0,331,0.80965,0.82813,021500200100,BAUCHI STATE AGRICULTURAL DEVELOPMENT PROGRAMME (BASDP),23010127,PURCHASE OF AGRICULTURAL EQUIPMENT,70421,AGRICULTURE,20542400,STATE WIDE,01030323006200,"Farm inputs supply and service delivery system (improved seeds, fertilizer, agro-chemicals etc.)"
Support on Food and Nutrition Security through the Provision of Agricultural Equipament,23000000.0,23000000.0,0.0,35700000.0,35700000.0,331,0.82057,0.83904,021500200100,BAUCHI STATE AGRICULTURAL DEVELOPMENT PROGRAMME (BASDP),23010127,PURCHASE OF AGRICULTURAL EQUIPMENT,70421,AGRICULTURE,20542400,STATE WIDE,01030323006300,"Farm inputs supply and service delivery system (improved seeds, fertilizer, agro-chemicals etc.)"
West African Agricultural Productivity Programme(WAAAPP) Provision of Agricultural Inputs,15000000.0,15000000.0,0.0,0.0,0.0,331,0.83065,0.84912,021500200100,BAUCHI STATE AGRICULTURAL DEVELOPMENT PROGRAMME (BASDP),23010127,PURCHASE OF AGRICULTURAL EQUIPMENT,70421,AGRICULTURE,20542400,STATE WIDE,01030323006400,"Farm inputs supply and service delivery system (improved seeds, fertilizer, agro-chemicals etc.)"
Purchase of 1 Unit Official Vehicles (Toyota Camry),50000000.0,50000000.0,0.0,0.0,0.0,331,0.8844,0.90288,021500300100,BAUCHI AGRICULTURAL SUPPLY AGENCY (BASAC),23010105,PURCHASE OF MOTOR VEHICLES,70421,AGRICULTURE,20530200,BAUCHI,01030323006500,"Farm inputs supply and service delivery system (improved seeds, fertilizer, agro-chemicals etc.)"
Purchase of 2 Units of Vans,30000000.0,30000000.0,0.0,0.0,0.0,331,0.89532,0.91379,021500300100,BAUCHI AGRICULTURAL SUPPLY AGENCY (BASAC),23010106,PURCHASE OF VANS,70421,AGRICULTURE,20530200,BAUCHI,01030323006600,"Farm inputs supply and service delivery system (improved seeds, fertilizer, agro-chemicals etc.)"
Purchase of 3 Units of Power Generating Plant,80000000.0,80000000.0,0.0,20000000.0,0.0,332,0.09323,0.1117,021500300100,BAUCHI AGRICULTURAL SUPPLY AGENCY (BASAC),23010119,PURCHASE OF POWER GENERATING SET,70421,AGRICULTURE,20530200,BAUCHI,01030323006700,"Farm inputs supply and service delivery system (improved seeds, fertilizer, agro-chemicals etc.)"
"Purchase of 1,000 units of Oxplough Ridgers",60000000.0,60000000.0,0.0,40000000.0,0.0,332,0.10415,0.12262,021500300100,BAUCHI AGRICULTURAL SUPPLY AGENCY (BASAC),23010127,PURCHASE OF AGRICULTURAL EQUIPMENT,70421,AGRICULTURE,20530200,BAUCHI,01030323006800,"Farm inputs supply and service delivery system (improved seeds, fertilizer, agro-chemicals etc.)"
Purchase of 200 Units of Water Pumps 2,17000000.0,17000000.0,0.0,17000000.0,0.0,332,0.11506,0.13354,021500300100,BAUCHI AGRICULTURAL SUPPLY AGENCY (BASAC),23010127,PURCHASE OF AGRICULTURAL EQUIPMENT,70421,AGRICULTURE,20530200,BAUCHI,01030323006900,"Farm inputs supply and service delivery system (improved seeds, fertilizer, agro-chemicals etc.)"
Purchase of 200 Units of Water Pumps 3,18000000.0,18000000.0,0.0,18000000.0,0.0,332,0.12598,0.14446,021500300100,BAUCHI AGRICULTURAL SUPPLY AGENCY (BASAC),23010127,PURCHASE OF AGRICULTURAL EQUIPMENT,70421,AGRICULTURE,20530200,BAUCHI,01030323007000,"Farm inputs supply and service delivery system (improved seeds, fertilizer, agro-chemicals etc.)"
Purchase of 1555 units of Sprayers (Knap Sack),4995000.0,4995000.0,0.0,4995000.0,0.0,332,0.13606,0.15454,021500300100,BAUCHI AGRICULTURAL SUPPLY AGENCY (BASAC),23010127,PURCHASE OF AGRICULTURAL EQUIPMENT,70421,AGRICULTURE,20530200,BAUCHI,01030323007100,"Farm inputs supply and service delivery system (improved seeds, fertilizer, agro-chemicals etc.)"
Construction of Office Building at the BASAC Headquarter Bauchi,60000000.0,250000000.0,0.0,60000000.0,0.0,332,0.14698,0.16546,021500300100,BAUCHI AGRICULTURAL SUPPLY AGENCY (BASAC),23020118,CONSTRUCTION / PROVISION OF INFRASTRUCTURE,70421,AGRICULTURE,20530200,BAUCHI,01030323007300,"Farm inputs supply and service delivery system (improved seeds, fertilizer, agro-chemicals etc.)"
Construction and Provision Drainage Infrastructure at BASAC headquarters,20000000.0,60000000.0,0.0,20000000.0,0.0,332,0.1579,0.17638,021500300100,BAUCHI AGRICULTURAL SUPPLY AGENCY (BASAC),23020118,CONSTRUCTION / PROVISION OF INFRASTRUCTURE,70421,AGRICULTURE,20530200,BAUCHI,01030323007400,"Farm inputs supply and service delivery system (improved seeds, fertilizer, agro-chemicals etc.)"
Rehabilitationand Repairs Agricultural Facilities,50000000.0,20000000.0,0.0,50000000.0,0.0,332,0.16798,0.18645,021500300100,BAUCHI AGRICULTURAL SUPPLY AGENCY (BASAC),23030121,REHABILITATION / REPAIRS OF OFFICE BUILDINGS,70421,AGRICULTURE,20530200,BAUCHI,01030323007500,"Farm inputs supply and service delivery system (improved seeds, fertilizer, agro-chemicals etc.)"
Renovation and Repairs of Office at BASAC Headquarter Bauchi,20000000.0,70000000.0,0.0,20000000.0,0.0,332,0.1789,0.19737,021500300100,BAUCHI AGRICULTURAL SUPPLY AGENCY (BASAC),23030121,REHABILITATION / REPAIRS OF OFFICE BUILDINGS,70421,AGRICULTURE,20530200,BAUCHI,01030323007600,"Farm inputs supply and service delivery system (improved seeds, fertilizer, agro-chemicals etc.)"
Purchase of Land for the Compensation of Farmers as a result of the Creation of New Cattles Routes within the State,0.0,0.0,0.0,100000000.0,0.0,332,0.23265,0.25113,025500100100,MINISTRY OF LIVESTOCK DEVELOPMENT,23010127,PURCHASE OF AGRICULTURAL EQUIPMENT,70421,AGRICULTURE,20530200,BAUCHI,01020626000100,Livestock feeds development
Purchase of Agricultural Equipment for the Control of Zoonotic Diseases in the State,0.0,0.0,0.0,90000000.0,45000000.0,332,0.24273,0.2612,025500100100,MINISTRY OF LIVESTOCK DEVELOPMENT,23010127,PURCHASE OF AGRICULTURAL EQUIPMENT,70421,AGRICULTURE,20542400,STATE WIDE,01020626000200,Livestock feeds development
Construction of 4 New Abattoirs in the State,0.0,0.0,0.0,285000000.0,285000000.0,332,0.25365,0.27212,025500100100,MINISTRY OF LIVESTOCK DEVELOPMENT,23030112,REHABILITATION / REPAIRS - AGRICICULTURAL FACILITIES,70421,AGRICULTURE,20530200,BAUCHI,01020626000300,Livestock feeds development
Construction and Establishment of Modern Bauchi Fish Market,0.0,0.0,0.0,100000000.0,0.0,332,0.26456,0.28304,025500100100,MINISTRY OF LIVESTOCK DEVELOPMENT,23020113,CONSTRUCTION / PROVISION OF AGRICULTURAL FACILITIES,70421,AGRICULTURE,20530200,BAUCHI,01020626000600,Livestock feeds development
Purchase of 60 N0s. Motorcycles for Monitoring and survellance.,0.0,0.0,0.0,90000000.0,0.0,332,0.27548,0.29396,025500100100,MINISTRY OF LIVESTOCK DEVELOPMENT,23010104,PURCHASE MOTOR CYCLES,70421,AGRICULTURE,20542400,STATE WIDE,01020626000700,Livestock feeds development
Renovation of Modern indoor fish hatchery at Gubi at Bauchi,0.0,0.0,0.0,10000000.0,10000000.0,332,0.28556,0.30404,025500100100,MINISTRY OF LIVESTOCK DEVELOPMENT,23030112,REHABILITATION / REPAIRS - AGRICICULTURAL FACILITIES,70421,AGRICULTURE,20542400,STATE WIDE,01020626000800,Livestock feeds development
Purchase of 3 nos. Tractors and 3 nos. Hay Bailers for Pasture Development,0.0,0.0,0.0,100000000.0,0.0,332,0.29648,0.31496,025500100100,MINISTRY OF LIVESTOCK DEVELOPMENT,23010127,PURCHASE OF AGRICULTURAL EQUIPMENT,70421,AGRICULTURE,20542400,STATE WIDE,01020626000900,Livestock feeds development
Renovation and Stocking of 2 Government earthing Ponds at Gubi in Bauchi LGA,0.0,0.0,0.0,100000000.0,0.0,332,0.3074,0.32588,025500100100,MINISTRY OF LIVESTOCK DEVELOPMENT,23030112,REHABILITATION / REPAIRS - AGRICICULTURAL FACILITIES,70421,AGRICULTURE,20542400,STATE WIDE,01020626001000,Livestock feeds development
Construction of Grazing reserves Across the State under livestock productivity and resilience Support Project (L-Press),0.0,0.0,0.0,100000000.0,0.0,332,0.31832,0.33679,025500100100,MINISTRY OF LIVESTOCK DEVELOPMENT,23020113,CONSTRUCTION / PROVISION OF AGRICULTURAL FACILITIES,70421,AGRICULTURE,20542400,STATE WIDE,01020626001100,Livestock feeds development
Redemacartion and Maintainance of eixisting Stock route in the 20 local Govt Areas.,0.0,0.0,0.0,100000000.0,0.0,332,0.32839,0.34687,025500100100,MINISTRY OF LIVESTOCK DEVELOPMENT,23020113,CONSTRUCTION / PROVISION OF AGRICULTURAL FACILITIES,70421,AGRICULTURE,20542400,STATE WIDE,01020626001200,Livestock feeds development
Establishment of Cluster Form Settlement for Nomads in at Least 3 Wards of Three Senatorial Districts of the States.,0.0,0.0,0.0,40000000.0,0.0,332,0.33931,0.35779,025500100100,MINISTRY OF LIVESTOCK DEVELOPMENT,23020113,CONSTRUCTION / PROVISION OF AGRICULTURAL FACILITIES,70421,AGRICULTURE,20542400,STATE WIDE,01020626001300,Livestock feeds development
Development of 3 nos. Grazing Reserves in the 3 Senatorial Zones of the State,0.0,0.0,0.0,60000000.0,0.0,332,0.35023,0.36871,025500100100,MINISTRY OF LIVESTOCK DEVELOPMENT,23020113,CONSTRUCTION / PROVISION OF AGRICULTURAL FACILITIES,70421,AGRICULTURE,20542400,STATE WIDE,01020626001400,Livestock feeds development
Repairs and Refurbishing of Bauchi Meat Product Company (Dan Dango Ward) at Bauchi LGA,0.0,0.0,0.0,50000000.0,0.0,332,0.36031,0.37879,025500100100,MINISTRY OF LIVESTOCK DEVELOPMENT,23030112,REHABILITATION / REPAIRS - AGRICICULTURAL FACILITIES,70421,AGRICULTURE,20542400,STATE WIDE,01020626001500,Livestock feeds development
Construction and Provision of 1 Nos of Vettiinary Hospitals at Bauchi,0.0,0.0,0.0,50000000.0,0.0,332,0.37123,0.38971,025500100100,MINISTRY OF LIVESTOCK DEVELOPMENT,23020106,CONSTRUCTION / PROVISION OF HOSPITALS / HEALTH CENTRES,70421,AGRICULTURE,20542400,STATE WIDE,01020626001600,Livestock feeds development
Renovation of 3 Veterinary clinics in the 3 Senatorial Zones of the State,0.0,0.0,0.0,90000000.0,0.0,332,0.38215,0.40062,025500100100,MINISTRY OF LIVESTOCK DEVELOPMENT,23010127,PURCHASE OF AGRICULTURAL EQUIPMENT,70421,AGRICULTURE,20542400,STATE WIDE,01020626001700,Livestock feeds development
Women and Youth Empowerment in livestock Production,0.0,0.0,0.0,50000000.0,50000000.0,332,0.39307,0.41154,025500100100,MINISTRY OF LIVESTOCK DEVELOPMENT,23010127,PURCHASE OF AGRICULTURAL EQUIPMENT,70421,AGRICULTURE,20542400,STATE WIDE,01020626001800,Livestock feeds development
Purch. of Vaccine and Equipment for Annual Vaccinations prog.,0.0,0.0,0.0,250000000.0,45000000.0,332,0.40314,0.42162,025500100100,MINISTRY OF LIVESTOCK DEVELOPMENT,23010127,PURCHASE OF AGRICULTURAL EQUIPMENT,70421,AGRICULTURE,20542400,STATE WIDE,01020626001900,Livestock feeds development
Purchase of Supplimentary feeds to enhance Livestock Farming and Development in the State.,0.0,0.0,0.0,500000000.0,50000000.0,332,0.41406,0.43254,025500100100,MINISTRY OF LIVESTOCK DEVELOPMENT,23010127,PURCHASE OF AGRICULTURAL EQUIPMENT,70421,AGRICULTURE,20542400,STATE WIDE,01020626002000,Livestock feeds development
Establishment of Livestock service center under livestock productivity and resilience Support Project (L-Press),0.0,0.0,0.0,3540000000.0,0.0,332,0.42498,0.44346,025500100100,MINISTRY OF LIVESTOCK DEVELOPMENT,23020113,CONSTRUCTION / PROVISION OF AGRICULTURAL FACILITIES,70421,AGRICULTURE,20542400,STATE WIDE,01020626002100,Livestock feeds development
Establishment of value Chains at Enhancement center for Livestock in at least 2 in each of the 3 Senatorial Districts of the State. Across the state,0.0,0.0,0.0,50000000.0,300000000.0,332,0.43506,0.45354,025500100100,MINISTRY OF LIVESTOCK DEVELOPMENT,23020113,CONSTRUCTION / PROVISION OF AGRICULTURAL FACILITIES,70421,AGRICULTURE,20542400,STATE WIDE,01020626002200,Livestock feeds development
Construction and Establishment of Pasture Development Infrastructure with Irrigation Facilities in at Least 3 of the 3 Senatorial Districts of the State,0.0,0.0,0.0,500000000.0,2500000000.0,332,0.44598,0.46446,025500100100,MINISTRY OF LIVESTOCK DEVELOPMENT,23020113,CONSTRUCTION / PROVISION OF AGRICULTURAL FACILITIES,70421,AGRICULTURE,20542400,STATE WIDE,01020626002300,Livestock feeds development
Conversion of Misau Sheep Farm into Small Ruminant Development Centre,0.0,0.0,0.0,200000000.0,0.0,332,0.4569,0.47537,025500100100,MINISTRY OF LIVESTOCK DEVELOPMENT,23030112,REHABILITATION / REPAIRS - AGRICICULTURAL FACILITIES,70421,AGRICULTURE,20542400,STATE WIDE,01020626002400,Livestock feeds development
Engagement of Professionals in the Development of Priority value Chains,0.0,0.0,0.0,10000000.0,0.0,332,0.46782,0.48629,025500100100,MINISTRY OF LIVESTOCK DEVELOPMENT,23050101,RESEARCH AND DEVELOPMENT,70421,AGRICULTURE,20542400,STATE WIDE,01020626002500,Livestock feeds development
Purchase of Exotic Livestock Breeds for Distribution to Farmers,0.0,0.0,0.0,100000000.0,200000000.0,332,0.47789,0.49637,025500100100,MINISTRY OF LIVESTOCK DEVELOPMENT,23010127,PURCHASE OF AGRICULTURAL EQUIPMENT,70421,AGRICULTURE,20542400,STATE WIDE,01020626002600,Livestock feeds development
Desilting of Existing Earth Dams for improving Water Supply for Livestockck Consumption,0.0,0.0,0.0,100000000.0,0.0,332,0.48881,0.50729,025500100100,MINISTRY OF LIVESTOCK DEVELOPMENT,23020118,CONSTRUCTION / PROVISION OF INFRASTRUCTURE,70421,AGRICULTURE,20542400,STATE WIDE,01020626002700,Livestock feeds development
"Construction of Solar Power Boreholes,Overhead Tanks and Drinking Troughs for Livestock",0.0,0.0,0.0,200000000.0,100000000.0,332,0.49973,0.51821,025500100100,MINISTRY OF LIVESTOCK DEVELOPMENT,23020118,CONSTRUCTION / PROVISION OF INFRASTRUCTURE,70421,AGRICULTURE,20542400,STATE WIDE,01020626002800,Livestock feeds development
Purchase of Veterinary Equipment for Youth Empowerment in Rural Areas,0.0,0.0,0.0,100000000.0,0.0,332,0.51065,0.52913,025500100100,MINISTRY OF LIVESTOCK DEVELOPMENT,23010152,PURCHASE OF VETERINARY EQUIPMENT,70421,AGRICULTURE,20542400,STATE WIDE,01020626002900,Livestock feeds development
Construction and Establishment of Animal Control Post at Alkaleri,0.0,0.0,0.0,20000000.0,0.0,332,0.52073,0.53921,025500100100,MINISTRY OF LIVESTOCK DEVELOPMENT,23020113,CONSTRUCTION / PROVISION OF AGRICULTURAL FACILITIES,70421,AGRICULTURE,20530100,ALKALERI,01020626003000,Livestock feeds development
Construction and Establishment of Animal Control Post at Toro,0.0,0.0,0.0,20000000.0,0.0,332,0.53165,0.55012,025500100100,MINISTRY OF LIVESTOCK DEVELOPMENT,23020113,CONSTRUCTION / PROVISION OF AGRICULTURAL FACILITIES,70421,AGRICULTURE,20531800,TORO,01020626003100,Livestock feeds development
Construction and Establishment of Animal Control Post at Nasaru,0.0,0.0,0.0,20000000.0,0.0,332,0.54257,0.56104,025500100100,MINISTRY OF LIVESTOCK DEVELOPMENT,23020113,CONSTRUCTION / PROVISION OF AGRICULTURAL FACILITIES,70421,AGRICULTURE,20511500,NINGI,01020626003200,Livestock feeds development
Construction and Establishment of Animal Control Post at Bulkachuwa,0.0,0.0,0.0,20000000.0,0.0,332,0.55264,0.57112,025500100100,MINISTRY OF LIVESTOCK DEVELOPMENT,23020113,CONSTRUCTION / PROVISION OF AGRICULTURAL FACILITIES,70421,AGRICULTURE,20521200,KATAGUM,01020626003300,Livestock feeds development
Construction and Establishment of Animal Control Post at Adamami,0.0,0.0,0.0,20000000.0,0.0,332,0.56356,0.58204,025500100100,MINISTRY OF LIVESTOCK DEVELOPMENT,23020113,CONSTRUCTION / PROVISION OF AGRICULTURAL FACILITIES,70421,AGRICULTURE,20521600,SHIRA,01020626003400,Livestock feeds development
Construction and Establishment of Animal Control Post at Boi,0.0,0.0,0.0,20000000.0,0.0,332,0.57448,0.59296,025500100100,MINISTRY OF LIVESTOCK DEVELOPMENT,23020113,CONSTRUCTION / PROVISION OF AGRICULTURAL FACILITIES,70421,AGRICULTURE,20530300,BOGORO,01020626003500,Livestock feeds development
Construction and Establishment of Animal Control Post at Jama'are,0.0,0.0,0.0,20000000.0,0.0,332,0.5854,0.60388,025500100100,MINISTRY OF LIVESTOCK DEVELOPMENT,23020113,CONSTRUCTION / PROVISION OF AGRICULTURAL FACILITIES,70421,AGRICULTURE,20521100,JAMA'ARE,01020626003600,Livestock feeds development
Construction and Establishment of Animal Control Post at Gololo,0.0,0.0,0.0,20000000.0,0.0,332,0.59548,0.61396,025500100100,MINISTRY OF LIVESTOCK DEVELOPMENT,23020113,CONSTRUCTION / PROVISION OF AGRICULTURAL FACILITIES,70421,AGRICULTURE,20520700,GAMAWA,01020626003700,Livestock feeds development
Purchase of 2 Nos. of Cold Van,0.0,0.0,0.0,100000000.0,0.0,332,0.6064,0.62487,025500100100,MINISTRY OF LIVESTOCK DEVELOPMENT,23010127,PURCHASE OF AGRICULTURAL EQUIPMENT,70421,AGRICULTURE,20542400,STATE WIDE,01020626003800,Livestock feeds development
Purchase of 3 Nos. of Cold Storage Motor-Cycles,0.0,0.0,0.0,7000000.0,0.0,332,0.61732,0.63579,025500100100,MINISTRY OF LIVESTOCK DEVELOPMENT,23010127,PURCHASE OF AGRICULTURAL EQUIPMENT,70421,AGRICULTURE,20542400,STATE WIDE,01020626003900,Livestock feeds development
Purchase of Tracking Device for Vetinary Services,0.0,0.0,0.0,100000000.0,0.0,332,0.62823,0.64671,025500100100,MINISTRY OF LIVESTOCK DEVELOPMENT,23010127,PURCHASE OF AGRICULTURAL EQUIPMENT,70421,AGRICULTURE,20542400,STATE WIDE,01020626004000,Livestock feeds development
Purchase of 3 nos. of Motor Cycles at Galambi Ranching Coy.,1000000.0,1000000.0,0.0,2000000.0,0.0,332,0.68115,0.69962,025500200100,GALAMBI RANCHING COMPANY,23010104,PURCHASE MOTOR CYCLES,70421,AGRICULTURE,20530200,BAUCHI,01020423000900,Dairy development
Purchase of 1 nos. of Van at Galambi Ranching Coy.,5500000.0,5500000.0,0.0,500000.0,0.0,332,0.69206,0.71054,025500200100,GALAMBI RANCHING COMPANY,23010106,PURCHASE OF VANS,70421,AGRICULTURE,20530200,BAUCHI,01020423001000,Dairy development
Purchase of 6 Units Office Tables and Chairs for Staff,1500000.0,1500000.0,0.0,250000.0,0.0,332,0.70298,0.72146,025500200100,GALAMBI RANCHING COMPANY,23010112,PURCHASE OF OFFICE FURNITURE AND FITTINGS,70421,AGRICULTURE,20530200,BAUCHI,01020423001100,Dairy development
Purchase of 1 nos. Laptop,500000.0,500000.0,0.0,0.0,0.0,332,0.71306,0.73154,025500200100,GALAMBI RANCHING COMPANY,23010113,PURCHASE OF COMPUTERS,70421,AGRICULTURE,20530200,BAUCHI,01020423001200,Dairy development
Purchase of 1 Unit of Yamaha Generator,250000.0,250000.0,0.0,350000.0,0.0,332,0.72398,0.74246,025500200100,GALAMBI RANCHING COMPANY,23010119,PURCHASE OF POWER GENERATING SET,70421,AGRICULTURE,20530200,BAUCHI,01020423001300,Dairy development
Purchase and Supply of Agricultural Equipment for Cagging of Cows and Goats,2000000.0,2000000.0,0.0,2000000.0,0.0,332,0.7349,0.75338,025500200100,GALAMBI RANCHING COMPANY,23010127,PURCHASE OF AGRICULTURAL EQUIPMENT,70421,AGRICULTURE,20530200,BAUCHI,01020423001400,Dairy development
Purchase of 40 Units Rams and 40 Units Goats for Galambi Ranching Coy.,8000000.0,8000000.0,0.0,29650000.0,0.0,332,0.74498,0.76345,025500200100,GALAMBI RANCHING COMPANY,23010144,PURCHASE OF LIVESTOCKS,70421,AGRICULTURE,20530200,BAUCHI,01020423001500,Dairy development
Drilling of Borehole for Supply fo Prtable Drinking Water at Galambi Ranching Coy.,2000000.0,2000000.0,0.0,0.0,0.0,332,0.7559,0.77437,025500200100,GALAMBI RANCHING COMPANY,23020105,CONSTRUCTION / PROVISION OF WATER FACILITIES,70421,AGRICULTURE,20530200,BAUCHI,01020423001600,Dairy development
Provision of Agricultural Implements and Inputs for Galambi Ranching Coy.,1000000.0,1000000.0,0.0,0.0,0.0,332,0.76681,0.78529,025500200100,GALAMBI RANCHING COMPANY,23010127,PURCHASE OF AGRICULTURAL EQUIPMENT,70421,AGRICULTURE,20530200,BAUCHI,01020423001700,Dairy development
Dermacation of Galambi Ranching Coy Boundaries.,1500000.0,1500000.0,0.0,2500000.0,0.0,332,0.77773,0.79621,025500200100,GALAMBI RANCHING COMPANY,23020122,CONSTRUCTION OF BOUNDARY PILLARS/ RIGHT OF WAYS,70421,AGRICULTURE,20530200,BAUCHI,01020423001800,Dairy development
Renovation and Repairs of Delapidated Residential Quarters at Galambi Ranching Coy.,1200000.0,1200000.0,0.0,5000000.0,0.0,332,0.78781,0.80629,025500200100,GALAMBI RANCHING COMPANY,23030101,REHABILITATION / REPAIRS OF RESIDENTIAL BUILDING,70421,AGRICULTURE,20530200,BAUCHI,01020423001900,Dairy development
Repairs of Agricultural and Farm Inplements abandone over the years.,1000000.0,1000000.0,0.0,0.0,0.0,332,0.79873,0.81721,025500200100,GALAMBI RANCHING COMPANY,23030112,REHABILITATION / REPAIRS - AGRICICULTURAL FACILITIES,70421,AGRICULTURE,20530200,BAUCHI,01020423002000,Dairy development
Renovation and Repairs of 1 nos. Staff Quarter at Galambi Ranching Quarters.,2000000.0,2000000.0,0.0,0.0,0.0,332,0.80965,0.82813,025500200100,GALAMBI RANCHING COMPANY,23030101,REHABILITATION / REPAIRS OF RESIDENTIAL BUILDING,70421,AGRICULTURE,20530200,BAUCHI,01020423002100,Dairy development
Renovation and Repairs of Road Network at Galambi Ranchin Coy.,500000.0,500000.0,0.0,0.0,0.0,332,0.82057,0.83904,025500200100,GALAMBI RANCHING COMPANY,23030113,REHABILITATION / REPAIRS - ROADS,70421,AGRICULTURE,20530200,BAUCHI,01020423002200,Dairy development
Renovation and Repairs of Delapidated Office Structure at Galambi Ranchin Coy.,500000.0,500000.0,0.0,3500000.0,0.0,332,0.83065,0.84912,025500200100,GALAMBI RANCHING COMPANY,23030121,REHABILITATION / REPAIRS OF OFFICE BUILDINGS,70421,AGRICULTURE,20530200,BAUCHI,01020423002300,Dairy development
Planting of Ecoonomic Trees and Plant at Galambi Ranching Coy.,650000.0,650000.0,0.0,1500000.0,0.0,332,0.84156,0.86004,025500200100,GALAMBI RANCHING COMPANY,23040101,TREE PLANTING,70421,AGRICULTURE,20530200,BAUCHI,01020423002400,Dairy development
Construction of Drainges and Culverts to adress the Menance of Gully Erossion.,1000000.0,1000000.0,0.0,2500000.0,0.0,332,0.85248,0.87096,025500200100,GALAMBI RANCHING COMPANY,23020118,CONSTRUCTION / PROVISION OF INFRASTRUCTURE,70421,AGRICULTURE,20530200,BAUCHI,01020423002500,Dairy development
Campaign against Bush Burning and Environmental and Water Polution,2000000.0,2000000.0,0.0,0.0,0.0,332,0.86256,0.88104,025500200100,GALAMBI RANCHING COMPANY,23040105,WATER POLLUTION PREVENTION & CONTROL,70421,AGRICULTURE,20530200,BAUCHI,01020423002600,Dairy development
Purchase of Assorted 130 Number of Official Motor Vehicle for Commissioners and Public Office Holders,2000000000.0,12000000000.0,11475078160.0,5104872964.13,0.0,333,0.10415,0.12262,022000100100,MINISTRY OF FINANCE-HQTRS,23010105,PURCHASE OF MOTOR VEHICLES,70112,FINANCIAL AND FISCAL AFFAIRS,20530200,BAUCHI,13100123015500,Reform of Government and Governance - General
Provision of 25 Units of Executive Tables and Chairs for Ministry of Finance,4000000.0,24000000.0,25795400.0,50000000.0,0.0,333,0.11506,0.13354,022000100100,MINISTRY OF FINANCE-HQTRS,23010112,PURCHASE OF OFFICE FURNITURE AND FITTINGS,70112,FINANCIAL AND FISCAL AFFAIRS,20530200,BAUCHI,13100123015600,Reform of Government and Governance - General
Purchase of 10 Number of Laptop for the staff of Ministry of Finance,2300000.0,2300000.0,0.0,0.0,0.0,333,0.12598,0.14446,022000100100,MINISTRY OF FINANCE-HQTRS,23010113,PURCHASE OF COMPUTERS,70112,FINANCIAL AND FISCAL AFFAIRS,20530200,BAUCHI,13100123015700,Reform of Government and Governance - General
Construction of New Office Complex at Ministry of Finance Bauchi,30000000.0,30000000.0,8939000.0,350000000.0,0.0,333,0.13606,0.15454,022000100100,MINISTRY OF FINANCE-HQTRS,23020101,CONSTRUCTION / PROVISION OF OFFICE BUILDINGS,70112,FINANCIAL AND FISCAL AFFAIRS,20530200,BAUCHI,13100123015800,Reform of Government and Governance - General
Provision of infractructure for the establishment of Sustainable of Micro Finance Agency,25000000.0,0.0,0.0,300000000.0,0.0,333,0.14698,0.16546,022000100100,MINISTRY OF FINANCE-HQTRS,23020118,CONSTRUCTION / PROVISION OF INFRASTRUCTURE,70112,FINANCIAL AND FISCAL AFFAIRS,20530200,BAUCHI,13100123015900,Reform of Government and Governance - General
Renovation and Repairs of Ministry of Finance Headquaters,15000000.0,0.0,0.0,25000000.0,0.0,333,0.1579,0.17638,022000100100,MINISTRY OF FINANCE-HQTRS,23030121,REHABILITATION / REPAIRS OF OFFICE BUILDINGS,70112,FINANCIAL AND FISCAL AFFAIRS,20530200,BAUCHI,13100123016100,Reform of Government and Governance - General
Provision of Computer Application software for computerization of MOF activities,0.0,25000000.0,0.0,0.0,0.0,333,0.16798,0.18645,022000100100,MINISTRY OF FINANCE-HQTRS,23050102,COMPUTER SOFTWARE ACQUISITION,70112,FINANCIAL AND FISCAL AFFAIRS,20530200,BAUCHI,13100123016200,Reform of Government and Governance - General
Purchase of Information and Communication Equipment,0.0,15000000.0,0.0,1000000.0,0.0,333,0.1789,0.19737,022000100100,MINISTRY OF FINANCE-HQTRS,23010153,PURCHASE OF COMMUNICATION EQUIPMENT,70112,FINANCIAL AND FISCAL AFFAIRS,20530200,BAUCHI,13100123016200,Reform of Government and Governance - General
"Provision of 75 Office Tables, Chairs, and Other Office Equipment in the Office of Accountant General",25000000.0,25000000.0,1976000.0,30000000.0,0.0,333,0.23265,0.25113,022000700100,OFFICE OF THE ACCOUNTANT GENERAL,23010112,PURCHASE OF OFFICE FURNITURE AND FITTINGS,70112,FINANCIAL AND FISCAL AFFAIRS,20530200,BAUCHI,13100123016300,Reform of Government and Governance - General
Purchase of 10 nos. of Laptops and 15 Nos. of Desktops Computers,62715000.0,62715000.0,0.0,0.0,0.0,333,0.24273,0.2612,022000700100,OFFICE OF THE ACCOUNTANT GENERAL,23010113,PURCHASE OF COMPUTERS,70112,FINANCIAL AND FISCAL AFFAIRS,20530200,BAUCHI,13100123016400,Reform of Government and Governance - General
Purchase of 10 nos. of Computer Printers,10000000.0,10000000.0,0.0,0.0,0.0,333,0.25365,0.27212,022000700100,OFFICE OF THE ACCOUNTANT GENERAL,23010114,PURCHASE OF COMPUTER PRINTERS,70112,FINANCIAL AND FISCAL AFFAIRS,20530200,BAUCHI,13100123016500,Reform of Government and Governance - General
Purchase of 5 nos. of Photocopying Machines,8000000.0,8000000.0,0.0,0.0,0.0,333,0.26456,0.28304,022000700100,OFFICE OF THE ACCOUNTANT GENERAL,23010115,PURCHASE OF PHOTOCOPYING MACHINES,70112,FINANCIAL AND FISCAL AFFAIRS,20530200,BAUCHI,13100123016600,Reform of Government and Governance - General
Purchase of 5 nos. Shredding Machines,1500000.0,1500000.0,0.0,0.0,0.0,333,0.27548,0.29396,022000700100,OFFICE OF THE ACCOUNTANT GENERAL,23010117,PURCHASE OF SHREDDING MACHINES,70112,FINANCIAL AND FISCAL AFFAIRS,20530200,BAUCHI,13100123016700,Reform of Government and Governance - General
Purchase of 10 nos of Scanners,5000000.0,5000000.0,0.0,4500000.0,0.0,333,0.28556,0.30404,022000700100,OFFICE OF THE ACCOUNTANT GENERAL,23010118,PURCHASE OF SCANNERS,70112,FINANCIAL AND FISCAL AFFAIRS,20530200,BAUCHI,13100123016800,Reform of Government and Governance - General
Purchase of security Dictectors and Survellance Equipments.,25000000.0,25000000.0,1534000.0,30000000.0,0.0,333,0.29648,0.31496,022000700100,OFFICE OF THE ACCOUNTANT GENERAL,23010128,PURCHASE OF SECURITY EQUIPMENT,70112,FINANCIAL AND FISCAL AFFAIRS,20530200,BAUCHI,13100123016900,Reform of Government and Governance - General
Renovation of Office Building at the Treasury Headquarters,100000000.0,100000000.0,1400000.0,130000000.0,0.0,333,0.3074,0.32588,022000700100,OFFICE OF THE ACCOUNTANT GENERAL,23030121,REHABILITATION / REPAIRS OF OFFICE BUILDINGS,70112,FINANCIAL AND FISCAL AFFAIRS,20530200,BAUCHI,13100123017000,Reform of Government and Governance - General
Purchase of 2 nos. of 260KVA Mikano Generator Set,20000000.0,20000000.0,0.0,25000000.0,0.0,333,0.31832,0.33679,022000700100,OFFICE OF THE ACCOUNTANT GENERAL,23010119,PURCHASE OF POWER GENERATING SET,70112,FINANCIAL AND FISCAL AFFAIRS,20530200,BAUCHI,13100123017100,Reform of Government and Governance - General
Construction of 3 nos. of Sub-Treasuries in each of the State Senatorial Zones of the State.,20000000.0,20000000.0,0.0,30000000.0,0.0,333,0.32839,0.34687,022000700100,OFFICE OF THE ACCOUNTANT GENERAL,23020101,CONSTRUCTION / PROVISION OF OFFICE BUILDINGS,70112,FINANCIAL AND FISCAL AFFAIRS,20542400,STATE WIDE,13100123017200,Reform of Government and Governance - General
Construction of IPSAS Project Office at Treasury Hqtrs,20000000.0,20000000.0,3916000.0,25000000.0,0.0,333,0.33931,0.35779,022000700100,OFFICE OF THE ACCOUNTANT GENERAL,23020101,CONSTRUCTION / PROVISION OF OFFICE BUILDINGS,70112,FINANCIAL AND FISCAL AFFAIRS,20530200,BAUCHI,13100123017300,Reform of Government and Governance - General
Construction and Provision of Office to Facilitate the TSA Facilitation at the Treasury Division,5000000.0,5000000.0,0.0,0.0,0.0,333,0.35023,0.36871,022000700100,OFFICE OF THE ACCOUNTANT GENERAL,23020101,CONSTRUCTION / PROVISION OF OFFICE BUILDINGS,70112,FINANCIAL AND FISCAL AFFAIRS,20530200,BAUCHI,13100123017400,Reform of Government and Governance - General
Construction of Office Building for SFTAS Facilitation Project as Office of Accountant General Office.,5000000.0,5000000.0,0.0,10000000.0,0.0,333,0.36031,0.37879,022000700100,OFFICE OF THE ACCOUNTANT GENERAL,23020101,CONSTRUCTION / PROVISION OF OFFICE BUILDINGS,70112,FINANCIAL AND FISCAL AFFAIRS,20530200,BAUCHI,13100123017500,Reform of Government and Governance - General
Construction of Office at the Treasury Division for the Implementation of TSA in the State.,40000000.0,40000000.0,0.0,30826000.0,0.0,333,0.37123,0.38971,022000700100,OFFICE OF THE ACCOUNTANT GENERAL,23020101,CONSTRUCTION / PROVISION OF OFFICE BUILDINGS,70112,FINANCIAL AND FISCAL AFFAIRS,20530200,BAUCHI,13100123017600,Reform of Government and Governance - General
"Purchase of Motor Vehicles (Toyota - Yaris - 2020, '3nos')",27100000.0,27100000.0,0.0,120000000.0,0.0,333,0.42498,0.44346,022000800100,BOARD OF INTERNAL REVENUE - STATE,23010105,PURCHASE OF MOTOR VEHICLES,70112,FINANCIAL AND FISCAL AFFAIRS,20530200,BAUCHI,13100123017700,Reform of Government and Governance - General
Purchase of Motor Cycles (BOXER '10nos'),3540000.0,3540000.0,0.0,12000000.0,0.0,333,0.43506,0.45354,022000800100,BOARD OF INTERNAL REVENUE - STATE,23010104,PURCHASE MOTOR CYCLES,70112,FINANCIAL AND FISCAL AFFAIRS,20530200,BAUCHI,13100123017800,Reform of Government and Governance - General
"Provision of 45 Units Office Tables, Chairs, and Other Office Equipment in the Board of internal Revenue Service.",11330000.0,11330000.0,0.0,36825050.0,0.0,333,0.44598,0.46446,022000800100,BOARD OF INTERNAL REVENUE - STATE,23010112,PURCHASE OF OFFICE FURNITURE AND FITTINGS,70112,FINANCIAL AND FISCAL AFFAIRS,20530200,BAUCHI,13100123017900,Reform of Government and Governance - General
Provision of Assorted Professional Books for the Board of Internal Revenue Service Library,3400000.0,3400000.0,0.0,3000000.0,0.0,333,0.4569,0.47537,022000800100,BOARD OF INTERNAL REVENUE - STATE,23010125,PURCHASE OF LIBRARY BOOKS & EQUIPMENT,70112,FINANCIAL AND FISCAL AFFAIRS,20530200,BAUCHI,13100123018000,Reform of Government and Governance - General
Construction of 3 nos. of Office Building in Jama'are LGA,12400000.0,12400000.0,0.0,51000000.0,0.0,333,0.46782,0.48629,022000800100,BOARD OF INTERNAL REVENUE - STATE,23020101,CONSTRUCTION / PROVISION OF OFFICE BUILDINGS,70112,FINANCIAL AND FISCAL AFFAIRS,20542400,STATE WIDE,13100123018100,Reform of Government and Governance - General
Provision of Modern Digital ICT Infrastructures to facilitate the Board Operations,12400000.0,12400000.0,0.0,38414000.0,0.0,333,0.47789,0.49637,022000800100,BOARD OF INTERNAL REVENUE - STATE,23020127,CONSTRUCTION OF ICT INFRASTRUCTURES,70112,FINANCIAL AND FISCAL AFFAIRS,20530200,BAUCHI,13100123018200,Reform of Government and Governance - General
Renovation and Repairs of Office Building at the Board of Internal Revenue Service Headquarters,41800000.0,41800000.0,0.0,20500000.0,0.0,333,0.48881,0.50729,022000800100,BOARD OF INTERNAL REVENUE - STATE,23030121,REHABILITATION / REPAIRS OF OFFICE BUILDINGS,70112,FINANCIAL AND FISCAL AFFAIRS,20530200,BAUCHI,13100123018300,Reform of Government and Governance - General
Undertaking Research Study to see how best to improve Revenue Generation in the State.,3400000.0,3400000.0,0.0,5049000.0,0.0,333,0.49973,0.51821,022000800100,BOARD OF INTERNAL REVENUE - STATE,23050101,RESEARCH AND DEVELOPMENT,70112,FINANCIAL AND FISCAL AFFAIRS,20530200,BAUCHI,13100123018400,Reform of Government and Governance - General
Acquisition of Revenue Computer Software Application to Facilitate the Board Operations,78250000.0,78250000.0,97010550.0,70201250.0,0.0,333,0.51065,0.52913,022000800100,BOARD OF INTERNAL REVENUE - STATE,23050102,COMPUTER SOFTWARE ACQUISITION,70112,FINANCIAL AND FISCAL AFFAIRS,20530200,BAUCHI,13100123018500,Reform of Government and Governance - General
Supervision of Operations and Activities of the Board of Internal Revenue Service Staff.,2700000.0,2700000.0,0.0,2009500.0,0.0,333,0.52073,0.53921,022000800100,BOARD OF INTERNAL REVENUE - STATE,23050103,MONITORING AND EVALUATION,70112,FINANCIAL AND FISCAL AFFAIRS,20530200,BAUCHI,13100123018600,Reform of Government and Governance - General
Board of Internal Revenue Annual Tax Reform Seminar,3500000.0,3500000.0,0.0,0.0,0.0,333,0.53165,0.55012,022000800100,BOARD OF INTERNAL REVENUE - STATE,23050104,ANNIVERSARIES/CELEBRATIONS,70112,FINANCIAL AND FISCAL AFFAIRS,20530200,BAUCHI,13100123018700,Reform of Government and Governance - General
Construction of Office Buildings at Gamawa LGA.,0.0,20000000.0,0.0,51000000.0,0.0,333,0.54257,0.56104,022000800100,BOARD OF INTERNAL REVENUE - STATE,23020124,CONSTRUCTION OF MARKETS/PARKS,70112,FINANCIAL AND FISCAL AFFAIRS,20530200,BAUCHI,13100123018800,Reform of Government and Governance - General
Provision of 3 number of Soler Inverter Sets.,0.0,0.0,0.0,37000000.0,0.0,333,0.55264,0.57112,022000800100,BOARD OF INTERNAL REVENUE - STATE,23020101,CONSTRUCTION / PROVISION OF OFFICE BUILDINGS,70112,FINANCIAL AND FISCAL AFFAIRS,20530200,BAUCHI,13100123018800,Reform of Government and Governance - General
Renovation and Repairs of the Office Building at the Board of Internal Revenue Service in Zaki LGA.,0.0,0.0,0.0,25500000.0,0.0,333,0.56356,0.58204,022000800100,BOARD OF INTERNAL REVENUE - STATE,23020101,CONSTRUCTION / PROVISION OF OFFICE BUILDINGS,70112,FINANCIAL AND FISCAL AFFAIRS,20530200,BAUCHI,13100123018800,Reform of Government and Governance - General
Renovation and Repairs of the Office Building at the Board of Internal Revenue Service in AlkaleriLGA.,0.0,0.0,0.0,25500000.0,0.0,333,0.57448,0.59296,022000800100,BOARD OF INTERNAL REVENUE - STATE,23020101,CONSTRUCTION / PROVISION OF OFFICE BUILDINGS,70112,FINANCIAL AND FISCAL AFFAIRS,20530200,BAUCHI,13100123018800,Reform of Government and Governance - General
Renovation and Repairs of the Office Building at the Board of Internal Revenue Service in Misau LGA.,0.0,0.0,0.0,15700000.0,0.0,333,0.5854,0.60388,022000800100,BOARD OF INTERNAL REVENUE - STATE,23020101,CONSTRUCTION / PROVISION OF OFFICE BUILDINGS,70112,FINANCIAL AND FISCAL AFFAIRS,20542400,STATE WIDE,13100123018800,Reform of Government and Governance - General
Fencing of Ningi Area Revenue Office,0.0,0.0,0.0,15700000.0,0.0,333,0.59548,0.61396,022000800100,BOARD OF INTERNAL REVENUE - STATE,23020101,CONSTRUCTION / PROVISION OF OFFICE BUILDINGS,70112,FINANCIAL AND FISCAL AFFAIRS,20542400,STATE WIDE,13100123018800,Reform of Government and Governance - General
Construction of Office Building at Toro LGA,0.0,0.0,0.0,96000000.0,0.0,333,0.6064,0.62487,022000800100,BOARD OF INTERNAL REVENUE - STATE,23020101,CONSTRUCTION / PROVISION OF OFFICE BUILDINGS,70112,FINANCIAL AND FISCAL AFFAIRS,20542400,STATE WIDE,13100123018800,Reform of Government and Governance - General
Provision of 20 Units Office Tables and Chairs for Debt Management Office,5000000.0,5000000.0,0.0,5000000.0,0.0,333,0.66015,0.67863,022000900100,DEBT MANAGEMENT AGENCY,23010112,PURCHASE OF OFFICE FURNITURE AND FITTINGS,70112,FINANCIAL AND FISCAL AFFAIRS,20530200,BAUCHI,13100123018900,Reform of Government and Governance - General
Purchase of 3 nos. Laptops and 3 nos. Desktops Computers,3500000.0,3500000.0,0.0,0.0,0.0,333,0.67023,0.68871,022000900100,DEBT MANAGEMENT AGENCY,23010113,PURCHASE OF COMPUTERS,70112,FINANCIAL AND FISCAL AFFAIRS,20530200,BAUCHI,13100123019000,Reform of Government and Governance - General
Purchase of 1 no. of Computer Printers,1000000.0,1000000.0,0.0,0.0,0.0,333,0.68115,0.69962,022000900100,DEBT MANAGEMENT AGENCY,23010114,PURCHASE OF COMPUTER PRINTERS,70112,FINANCIAL AND FISCAL AFFAIRS,20530200,BAUCHI,13100123019100,Reform of Government and Governance - General
Purchase of 2 nos of Photocopying Machine,2000000.0,2000000.0,0.0,0.0,0.0,333,0.69206,0.71054,022000900100,DEBT MANAGEMENT AGENCY,23010115,PURCHASE OF PHOTOCOPYING MACHINES,70112,FINANCIAL AND FISCAL AFFAIRS,20530200,BAUCHI,13100123019200,Reform of Government and Governance - General
Purchase of Shredding Machines,1050000.0,1050000.0,0.0,0.0,0.0,333,0.70298,0.72146,022000900100,DEBT MANAGEMENT AGENCY,23010117,PURCHASE OF SHREDDING MACHINES,70112,FINANCIAL AND FISCAL AFFAIRS,20530200,BAUCHI,13100123019300,Reform of Government and Governance - General
Purchase of KVA 1 no. Power Generating Set,10000000.0,10000000.0,0.0,0.0,0.0,333,0.71306,0.73154,022000900100,DEBT MANAGEMENT AGENCY,23010119,PURCHASE OF POWER GENERATING SET,70112,FINANCIAL AND FISCAL AFFAIRS,20530200,BAUCHI,13100123019400,Reform of Government and Governance - General
Cosntruction and Completion of the Existing Debt Management Office Bauchi,12443500.0,12443500.0,7521500.0,0.0,0.0,333,0.72398,0.74246,022000900100,DEBT MANAGEMENT AGENCY,23020101,CONSTRUCTION / PROVISION OF OFFICE BUILDINGS,70112,FINANCIAL AND FISCAL AFFAIRS,20530200,BAUCHI,13100123019500,Reform of Government and Governance - General
Renovation and Repairs of Existing Debt Management Office,10000000.0,10000000.0,0.0,10000000.0,0.0,333,0.7349,0.75338,022000900100,DEBT MANAGEMENT AGENCY,23030121,REHABILITATION / REPAIRS OF OFFICE BUILDINGS,70112,FINANCIAL AND FISCAL AFFAIRS,20530200,BAUCHI,13100123019600,Reform of Government and Governance - General
Establishment of Bauchi Investment Promotion Agency,0.0,0.0,0.0,49500000.0,0.0,333,0.78781,0.80629,022200100100,"MIN OF COMMERCE, INDUSTRY AND INVESTMENT",23030124,REHABILITATION/REPAIRS- MARKETS/PARKS,70411,GENERAL ECONOMIC AND COMMERCIALAFFAIRS,20530200,BAUCHI,13100123019700,Reform of Government and Governance - General
Construction and Provision of Drainages and Road Infrastructure at Tambari Housing Estate,150000000.0,150000000.0,1000000.0,0.0,0.0,333,0.79873,0.81721,022200100100,"MIN OF COMMERCE, INDUSTRY AND INVESTMENT",23020118,CONSTRUCTION / PROVISION OF INFRASTRUCTURE,70411,GENERAL ECONOMIC AND COMMERCIALAFFAIRS,20530200,BAUCHI,13100123019700,Reform of Government and Governance - General
Provision and Supply of 10 nos. of Buses to Yankari Express,25000000.0,25000000.0,7800000.0,0.0,0.0,333,0.80965,0.82813,022200100100,"MIN OF COMMERCE, INDUSTRY AND INVESTMENT",23010108,PURCHASE OF BUSES,70411,GENERAL ECONOMIC AND COMMERCIALAFFAIRS,20530200,BAUCHI,13100123019800,Reform of Government and Governance - General
Provision of Infrastructures for the take-off of the Bauchi State Special Economic Zone (UNIDO),60000000.0,60000000.0,39138400.0,50000000.0,0.0,333,0.82057,0.83904,022200100100,"MIN OF COMMERCE, INDUSTRY AND INVESTMENT",23020118,CONSTRUCTION / PROVISION OF INFRASTRUCTURE,70411,GENERAL ECONOMIC AND COMMERCIALAFFAIRS,20530200,BAUCHI,13100123019900,Reform of Government and Governance - General
"Provision of Infrastructure for Participation in the National & International Trade Fairs, Exibitions,",70000000.0,70000000.0,0.0,450000000.0,0.0,333,0.83065,0.84912,022200100100,"MIN OF COMMERCE, INDUSTRY AND INVESTMENT",23020118,CONSTRUCTION / PROVISION OF INFRASTRUCTURE,70411,GENERAL ECONOMIC AND COMMERCIALAFFAIRS,20530200,BAUCHI,13100123020000,Reform of Government and Governance - General
Provision of Infrastructure for the Establishment of Export Promotion Villages at Zaki LGA,50000000.0,50000000.0,0.0,50000000.0,0.0,333,0.84156,0.86004,022200100100,"MIN OF COMMERCE, INDUSTRY AND INVESTMENT",23020118,CONSTRUCTION / PROVISION OF INFRASTRUCTURE,70411,GENERAL ECONOMIC AND COMMERCIALAFFAIRS,20522000,ZAKI,13100123020100,Reform of Government and Governance - General
Provision of Infrastructure at Bauchi Plastic Company (Dan Iya Ward),60000000.0,60000000.0,0.0,0.0,0.0,333,0.85248,0.87096,022200100100,"MIN OF COMMERCE, INDUSTRY AND INVESTMENT",23020118,CONSTRUCTION / PROVISION OF INFRASTRUCTURE,70411,GENERAL ECONOMIC AND COMMERCIALAFFAIRS,20530200,BAUCHI,13100123020200,Reform of Government and Governance - General
Provision of Infrastructure at Kaura Modern Markets (Bauchi & Azare),60000000.0,60000000.0,0.0,0.0,0.0,333,0.86256,0.88104,022200100100,"MIN OF COMMERCE, INDUSTRY AND INVESTMENT",23020118,CONSTRUCTION / PROVISION OF INFRASTRUCTURE,70411,GENERAL ECONOMIC AND COMMERCIALAFFAIRS,20542400,STATE WIDE,13100123020300,Reform of Government and Governance - General
Provision of Infrastructure and Facilities for the Take-off of Nigeria's Agribusiness and Agro-Industrial Development at Bauchi,97000000.0,97000000.0,0.0,100000000.0,0.0,333,0.87348,0.89196,022200100100,"MIN OF COMMERCE, INDUSTRY AND INVESTMENT",23020118,CONSTRUCTION / PROVISION OF INFRASTRUCTURE,70411,GENERAL ECONOMIC AND COMMERCIALAFFAIRS,20530200,BAUCHI,13100123020400,Reform of Government and Governance - General
Facilitation for the Establishment of Industrial Park in the New Bauchi City Project,20000000.0,20000000.0,0.0,50000000.0,0.0,333,0.8844,0.90288,022200100100,"MIN OF COMMERCE, INDUSTRY AND INVESTMENT",23020118,CONSTRUCTION / PROVISION OF INFRASTRUCTURE,70411,GENERAL ECONOMIC AND COMMERCIALAFFAIRS,20530600,DASS,13100123020500,Reform of Government and Governance - General
Provision of Infrastructure and Facilities for the Establishment of Bauchi Dry Port,50000000.0,50000000.0,13400000.0,100000000.0,0.0,333,0.89532,0.91379,022200100100,"MIN OF COMMERCE, INDUSTRY AND INVESTMENT",23020118,CONSTRUCTION / PROVISION OF INFRASTRUCTURE,70411,GENERAL ECONOMIC AND COMMERCIALAFFAIRS,20530200,BAUCHI,13100123020600,Reform of Government and Governance - General
Provision of Infrastructure and Facilities for the Take-off of the Industrial Development Centre Bauchi,10000000.0,10000000.0,0.0,0.0,0.0,334,0.09323,0.1117,022200100100,"MIN OF COMMERCE, INDUSTRY AND INVESTMENT",23020118,CONSTRUCTION / PROVISION OF INFRASTRUCTURE,70411,GENERAL ECONOMIC AND COMMERCIALAFFAIRS,20530200,BAUCHI,13100123020700,Reform of Government and Governance - General
"Provision of Infrastructure at Tambari Housing Unit, Infrastructure",20000000.0,20000000.0,0.0,0.0,0.0,334,0.10415,0.12262,022200100100,"MIN OF COMMERCE, INDUSTRY AND INVESTMENT",23020118,CONSTRUCTION / PROVISION OF INFRASTRUCTURE,70411,GENERAL ECONOMIC AND COMMERCIALAFFAIRS,20530200,BAUCHI,13100123020800,Reform of Government and Governance - General
Provision of Infrastructures for the Recertification of Lagos Liaison Office,15000000.0,15000000.0,0.0,0.0,0.0,334,0.11506,0.13354,022200100100,"MIN OF COMMERCE, INDUSTRY AND INVESTMENT",23020118,CONSTRUCTION / PROVISION OF INFRASTRUCTURE,70411,GENERAL ECONOMIC AND COMMERCIALAFFAIRS,20542400,STATE WIDE,13100123020900,Reform of Government and Governance - General
Provision of Infrastructure at Bauchi Furniture Company,10500000.0,10500000.0,0.0,60000000.0,0.0,334,0.12598,0.14446,022200100100,"MIN OF COMMERCE, INDUSTRY AND INVESTMENT",23020118,CONSTRUCTION / PROVISION OF INFRASTRUCTURE,70411,GENERAL ECONOMIC AND COMMERCIALAFFAIRS,20542400,STATE WIDE,13100123021000,Reform of Government and Governance - General
Facilitation for the Establishment of Industrial Park in the New Bauchi City Project,8000000.0,8000000.0,0.0,50000000.0,0.0,334,0.13606,0.15454,022200100100,"MIN OF COMMERCE, INDUSTRY AND INVESTMENT",23020118,CONSTRUCTION / PROVISION OF INFRASTRUCTURE,70411,GENERAL ECONOMIC AND COMMERCIALAFFAIRS,20542400,STATE WIDE,13100123021100,Reform of Government and Governance - General
Facilitation for the Privatization of State-owned Enterprises,100000000.0,100000000.0,104306200.0,60000000.0,0.0,334,0.14698,0.16546,022200100100,"MIN OF COMMERCE, INDUSTRY AND INVESTMENT",23020118,CONSTRUCTION / PROVISION OF INFRASTRUCTURE,70411,GENERAL ECONOMIC AND COMMERCIALAFFAIRS,20542400,STATE WIDE,13100123021200,Reform of Government and Governance - General
Facilitation for the Building of Shops around the IBB Square,30000000.0,30000000.0,10240000.0,100000000.0,0.0,334,0.1579,0.17638,022200100100,"MIN OF COMMERCE, INDUSTRY AND INVESTMENT",23030121,REHABILITATION / REPAIRS OF OFFICE BUILDINGS,70411,GENERAL ECONOMIC AND COMMERCIALAFFAIRS,20542400,STATE WIDE,13100123021300,Reform of Government and Governance - General
Study on the Improvement of Commercial Activities in Bauchi Town,10000000.0,10000000.0,0.0,0.0,0.0,334,0.16798,0.18645,022200100100,"MIN OF COMMERCE, INDUSTRY AND INVESTMENT",23050101,RESEARCH AND DEVELOPMENT,70411,GENERAL ECONOMIC AND COMMERCIALAFFAIRS,20542400,STATE WIDE,13100123021400,Reform of Government and Governance - General
Acquisition of Computer Application Software for improvement of Ministry of Commerce and Industry Activities,60000000.0,60000000.0,0.0,0.0,0.0,334,0.1789,0.19737,022200100100,"MIN OF COMMERCE, INDUSTRY AND INVESTMENT",23050102,COMPUTER SOFTWARE ACQUISITION,70411,GENERAL ECONOMIC AND COMMERCIALAFFAIRS,20542400,STATE WIDE,13100123021500,Reform of Government and Governance - General
Supervision of Ministry of Commerce and Industry Programmes and Projects,35000000.0,35000000.0,0.0,15000000.0,0.0,334,0.18981,0.20829,022200100100,"MIN OF COMMERCE, INDUSTRY AND INVESTMENT",23050103,MONITORING AND EVALUATION,70411,GENERAL ECONOMIC AND COMMERCIALAFFAIRS,20542400,STATE WIDE,13100123021600,Reform of Government and Governance - General
Provision of Infrastructure and Facilities for the Take-off of Bauchi State Trade Facilitation Centre.,10000000.0,10000000.0,10632000.0,30000000.0,0.0,334,0.20073,0.21921,022200100100,"MIN OF COMMERCE, INDUSTRY AND INVESTMENT",23020118,CONSTRUCTION / PROVISION OF INFRASTRUCTURE,70411,GENERAL ECONOMIC AND COMMERCIALAFFAIRS,20542400,STATE WIDE,13100123021700,Reform of Government and Governance - General
Provision of Infrastructure and Facilities for Technology Incubation Centre,62000000.0,62000000.0,0.0,20000000.0,0.0,334,0.21081,0.22929,022200100100,"MIN OF COMMERCE, INDUSTRY AND INVESTMENT",23020118,CONSTRUCTION / PROVISION OF INFRASTRUCTURE,70411,GENERAL ECONOMIC AND COMMERCIALAFFAIRS,20542400,STATE WIDE,13100123021800,Reform of Government and Governance - General
Provision of Infrastructure for the establishment of PVC Flexible Pipes,300000000.0,300000000.0,331479000.0,0.0,0.0,334,0.22173,0.24021,022200100100,"MIN OF COMMERCE, INDUSTRY AND INVESTMENT",23020118,CONSTRUCTION / PROVISION OF INFRASTRUCTURE,70411,GENERAL ECONOMIC AND COMMERCIALAFFAIRS,20542400,STATE WIDE,13100123021900,Reform of Government and Governance - General
Provision of Infrastructure for the establishment of Bauchi-Gwana Cement,7500000.0,7500000.0,0.0,0.0,0.0,334,0.23265,0.25113,022200100100,"MIN OF COMMERCE, INDUSTRY AND INVESTMENT",23020118,CONSTRUCTION / PROVISION OF INFRASTRUCTURE,70411,GENERAL ECONOMIC AND COMMERCIALAFFAIRS,20542400,STATE WIDE,13100123022000,Reform of Government and Governance - General
Provision of Infrastructure for the establishment of Export Display Centres in Three Senatorial Zones,7000000.0,7000000.0,0.0,10000000.0,0.0,334,0.24273,0.2612,022200100100,"MIN OF COMMERCE, INDUSTRY AND INVESTMENT",23020118,CONSTRUCTION / PROVISION OF INFRASTRUCTURE,70411,GENERAL ECONOMIC AND COMMERCIALAFFAIRS,20542400,STATE WIDE,13100123022100,Reform of Government and Governance - General
Provision of Infrastructure for the Establishment of Bauchi Export Cluster/State Committee on Export Promotion,5000000.0,5000000.0,3410000.0,10000000.0,0.0,334,0.25365,0.27212,022200100100,"MIN OF COMMERCE, INDUSTRY AND INVESTMENT",23020118,CONSTRUCTION / PROVISION OF INFRASTRUCTURE,70411,GENERAL ECONOMIC AND COMMERCIALAFFAIRS,20542400,STATE WIDE,13100123022200,Reform of Government and Governance - General
Provision of Medical Infrastructure for the Establishment of MSME Clinic,50000000.0,50000000.0,0.0,0.0,0.0,334,0.26456,0.28304,022200100100,"MIN OF COMMERCE, INDUSTRY AND INVESTMENT",23020106,CONSTRUCTION / PROVISION OF HOSPITALS / HEALTH CENTRES,70411,GENERAL ECONOMIC AND COMMERCIALAFFAIRS,20542400,STATE WIDE,13100123022300,Reform of Government and Governance - General
Provision of Infrastructures for Public Private Partnership (PPP) on Moribund Industries,15000000.0,15000000.0,0.0,19000000.0,0.0,334,0.27548,0.29396,022200100100,"MIN OF COMMERCE, INDUSTRY AND INVESTMENT",23020118,CONSTRUCTION / PROVISION OF INFRASTRUCTURE,70411,GENERAL ECONOMIC AND COMMERCIALAFFAIRS,20542400,STATE WIDE,13100123022400,Reform of Government and Governance - General
Carrying out Feasibility Study for the Re-Acquisition of STEYR Nigeria Limited,300000000.0,300000000.0,0.0,0.0,0.0,334,0.28556,0.30404,022200100100,"MIN OF COMMERCE, INDUSTRY AND INVESTMENT",23050101,RESEARCH AND DEVELOPMENT,70411,GENERAL ECONOMIC AND COMMERCIALAFFAIRS,20542400,STATE WIDE,13100123022500,Reform of Government and Governance - General
Design and Establishment of industrial lay-out in Bauchi,0.0,0.0,0.0,10000000.0,0.0,334,0.29648,0.31496,022200100100,"MIN OF COMMERCE, INDUSTRY AND INVESTMENT",23020118,CONSTRUCTION / PROVISION OF INFRASTRUCTURE,70411,GENERAL ECONOMIC AND COMMERCIALAFFAIRS,20542400,STATE WIDE,13100126000700,Reform of Government and Governance - General
Provision of Infrasturcture to Facilitate the Growth of Bauchi State Investment.,0.0,0.0,0.0,100000000.0,0.0,334,0.3074,0.32588,022200100100,"MIN OF COMMERCE, INDUSTRY AND INVESTMENT",23020118,CONSTRUCTION / PROVISION OF INFRASTRUCTURE,70411,GENERAL ECONOMIC AND COMMERCIALAFFAIRS,20542400,STATE WIDE,13100126000800,Reform of Government and Governance - General
Public-Private Partnership (PPP) Facilitation in the State.,0.0,0.0,0.0,300000000.0,0.0,334,0.31832,0.33679,022200100100,"MIN OF COMMERCE, INDUSTRY AND INVESTMENT",23050150,PROJECT FACILITATION FUND FOR PPP ARRANGEMENT,70411,GENERAL ECONOMIC AND COMMERCIALAFFAIRS,20542400,STATE WIDE,13100126001000,Reform of Government and Governance - General
Post Bauchi State Economic and Investment Summit Follow-up,0.0,0.0,0.0,325000000.0,0.0,334,0.32839,0.34687,022200100100,"MIN OF COMMERCE, INDUSTRY AND INVESTMENT",23030124,REHABILITATION/REPAIRS- MARKETS/PARKS,70411,GENERAL ECONOMIC AND COMMERCIALAFFAIRS,20542400,STATE WIDE,13100126001200,Reform of Government and Governance - General
Provision of Electrification Safety Kits (50 set),2000000.0,2000000.0,0.0,4000000.0,0.0,334,0.38215,0.40062,022800100100,"MINISTRY OF POWER, SCIENCE & TECHNOLOGY",23010129,PURCHASE OF INDUSTRIAL EQUIPMENT,70435,ELECTRICITY,20542400,STATE WIDE,14100123000100,Power - General
Purchase of Transformers and its assessories (15 various capacity),300000000.0,300000000.0,0.0,200000000.0,0.0,334,0.39307,0.41154,022800100100,"MINISTRY OF POWER, SCIENCE & TECHNOLOGY",23010129,PURCHASE OF INDUSTRIAL EQUIPMENT,70435,ELECTRICITY,20542400,STATE WIDE,14100123000200,Power - General
"Purchase of Indutrial Equipments for Higher Equipment Machines Development Institute (HEMEDI), Bau",5000000.0,5000000.0,19713650.0,10000000.0,0.0,334,0.40314,0.42162,022800100100,"MINISTRY OF POWER, SCIENCE & TECHNOLOGY",23010129,PURCHASE OF INDUSTRIAL EQUIPMENT 70435 - ELECTRICITY,,chi,20542400,STATE WIDE,14100123000300,Power - General
Purchase of Tools and Machines for the State Technology Incubation Centre,10000000.0,10000000.0,0.0,10000000.0,0.0,334,0.41406,0.43254,022800100100,"MINISTRY OF POWER, SCIENCE & TECHNOLOGY",23010129,PURCHASE OF INDUSTRIAL EQUIPMENT,70435,ELECTRICITY,20542400,STATE WIDE,14100123000400,Power - General
Construction of Drainages and water Ways Infrastructure for the Completion of state Technology Incubation Center.,40000000.0,40000000.0,0.0,15000000.0,0.0,334,0.42498,0.44346,022800100100,"MINISTRY OF POWER, SCIENCE & TECHNOLOGY",23020118,CONSTRUCTION / PROVISION OF INFRASTRUCTURE,70435,ELECTRICITY,20542400,STATE WIDE,14100123000500,Power - General
Construction of Fences and Decking infrastructures for the Installation of Transformers in Bauchi State LGA,50000000.0,50000000.0,0.0,100000000.0,0.0,334,0.43506,0.45354,022800100100,"MINISTRY OF POWER, SCIENCE & TECHNOLOGY",23020103,CONSTRUCTION / PROVISION OF ELECTRICITY,70435,ELECTRICITY,20542400,STATE WIDE,14100123000600,Power - General
"Construction and Provision of Infrastructures for the Establishment of Science park (pesticidal plants 2.5, medicinal plants 1.25, aromatic plants 0.50, spices plants 1.25. Hectres each)",15000000.0,15000000.0,0.0,15000000.0,0.0,334,0.44598,0.46446,022800100100,"MINISTRY OF POWER, SCIENCE & TECHNOLOGY",23020118,CONSTRUCTION / PROVISION OF INFRASTRUCTURE,70435,ELECTRICITY,20542400,STATE WIDE,14100123000700,Power - General
Construction of Solar Power Electricity to 5 Nos. of Government Institution in Bauchi,350000000.0,350000000.0,0.0,350000000.0,0.0,334,0.4569,0.47537,022800100100,"MINISTRY OF POWER, SCIENCE & TECHNOLOGY",23020103,CONSTRUCTION / PROVISION OF ELECTRICITY,70435,ELECTRICITY,20542400,STATE WIDE,14100123000800,Power - General
Construction and Provision of Electricity and Fencing Infrastructure to Safeguard Electrification Structures in the State.,300000000.0,300000000.0,311542831.9,250000000.0,0.0,334,0.46782,0.48629,022800100100,"MINISTRY OF POWER, SCIENCE & TECHNOLOGY",23020103,CONSTRUCTION / PROVISION OF ELECTRICITY,70435,ELECTRICITY,20542400,STATE WIDE,14100123000900,Power - General
"Rehabilitation and Repairs of Electrical Networks Across the State. (25 communities which includes: 33KV,11KV, and TDN)",300000000.0,300000000.0,198295236.08,250000000.0,0.0,334,0.47789,0.49637,022800100100,"MINISTRY OF POWER, SCIENCE & TECHNOLOGY",23030102,REHABILITATION / REPAIRS - ELECTRICITY,70435,ELECTRICITY,20542400,STATE WIDE,14100123001000,Power - General
Support and Promotion of Innovators and Inventors in the State,10000000.0,25000000.0,11997666.66,50000000.0,0.0,334,0.48881,0.50729,022800100100,"MINISTRY OF POWER, SCIENCE & TECHNOLOGY",23050101,RESEARCH AND DEVELOPMENT,70435,ELECTRICITY,20542400,STATE WIDE,14100123001100,Power - General
State Science and Technology Expo and starter park for beginners.,10000000.0,10000000.0,0.0,10000000.0,0.0,334,0.49973,0.51821,022800100100,"MINISTRY OF POWER, SCIENCE & TECHNOLOGY",23010129,PURCHASE OF INDUSTRIAL EQUIPMENT,70435,ELECTRICITY,20542400,STATE WIDE,14100123001200,Power - General
"Supervision of Ministry of Power, Science and Technology Programmes and Projects in the State.",5000000.0,5000000.0,0.0,5000000.0,0.0,334,0.51065,0.52913,022800100100,"MINISTRY OF POWER, SCIENCE & TECHNOLOGY",23050103,MONITORING AND EVALUATION,70435,ELECTRICITY,20542400,STATE WIDE,14100123001300,Power - General
Provision of Power Supply System for the State,5000000000.0,500000000.0,0.0,150000000.0,0.0,334,0.52073,0.53921,022800100100,"MINISTRY OF POWER, SCIENCE & TECHNOLOGY",23020103,CONSTRUCTION / PROVISION OF ELECTRICITY,70435,ELECTRICITY,20542400,STATE WIDE,14100125000100,Power - General
"Rehabilitation and Repairs of Electrical Networks in Sakwa, Zaki LGA",50000000.0,50000000.0,0.0,150000000.0,0.0,334,0.53165,0.55012,022800100100,"MINISTRY OF POWER, SCIENCE & TECHNOLOGY",23030102,REHABILITATION / REPAIRS - ELECTRICITY,70435,ELECTRICITY,20542400,STATE WIDE,14100125000200,Power - General
"Rehabilitation and Repairs of Electrical Networks in Akuyam, Misau LGA",50000000.0,50000000.0,0.0,150000000.0,0.0,334,0.54257,0.56104,022800100100,"MINISTRY OF POWER, SCIENCE & TECHNOLOGY",23030102,REHABILITATION / REPAIRS - ELECTRICITY,70435,ELECTRICITY,20542400,STATE WIDE,14100125000300,Power - General
Construction and Provision of Solar Power Electricity in Bauchi State Constituencies,2000000000.0,500000000.0,0.0,50000000.0,0.0,334,0.55264,0.57112,022800100100,"MINISTRY OF POWER, SCIENCE & TECHNOLOGY",23020103,CONSTRUCTION / PROVISION OF ELECTRICITY,70435,ELECTRICITY,20542400,STATE WIDE,14100125000400,Power - General
"Installation of solar all in one street lights in some communities, strategic government infrastructures and schools environments to enhance security - under the REA Project",0.0,0.0,0.0,50000000.0,0.0,334,0.56356,0.58204,022800100100,"MINISTRY OF POWER, SCIENCE & TECHNOLOGY",23020103,CONSTRUCTION / PROVISION OF ELECTRICITY,70435,ELECTRICITY,20542400,STATE WIDE,14100125000300,Power - General
"Installation of solar all in one street lights in some communities and strategic government infrastructures 700 units, at Bauchi LGA sources (R.E.A)",0.0,0.0,0.0,50000000.0,0.0,334,0.57448,0.59296,022800100100,"MINISTRY OF POWER, SCIENCE & TECHNOLOGY",23020103,CONSTRUCTION / PROVISION OF ELECTRICITY,70435,ELECTRICITY,20542400,STATE WIDE,14100125000400,Power - General
"Installation of solar all-in-one street lights in some communities and strategic government infrastructures at Alkaleri LGA, sources through the REA Project",0.0,0.0,0.0,50000000.0,0.0,334,0.5854,0.60388,022800100100,"MINISTRY OF POWER, SCIENCE & TECHNOLOGY",23020103,CONSTRUCTION / PROVISION OF ELECTRICITY,70435,ELECTRICITY,20542400,STATE WIDE,14100125000300,Power - General
"Installation of solar all-in-one street lights in some communities, strategic government infrastructures, and school environments to enhance security, at Toro LGA, through the REA Project",0.0,0.0,0.0,50000000.0,0.0,334,0.59548,0.61396,022800100100,"MINISTRY OF POWER, SCIENCE & TECHNOLOGY",23020103,CONSTRUCTION / PROVISION OF ELECTRICITY,70435,ELECTRICITY,20542400,STATE WIDE,14100125000400,Power - General
"Installation of solar all in one street lights in some communities and strategic government infrastructures 300 units, at Tafawa Balela LGA through the REA Project",0.0,0.0,0.0,50000000.0,0.0,334,0.6064,0.62487,022800100100,"MINISTRY OF POWER, SCIENCE & TECHNOLOGY",23020103,CONSTRUCTION / PROVISION OF ELECTRICITY,70435,ELECTRICITY,20542400,STATE WIDE,14100125000300,Power - General
"Installation of solar all-in-one street lights in some communities and strategic government infrastructures 300 units, at Kirfi LGA through the REA Project",0.0,0.0,0.0,50000000.0,0.0,334,0.61732,0.63579,022800100100,"MINISTRY OF POWER, SCIENCE & TECHNOLOGY",23020103,CONSTRUCTION / PROVISION OF ELECTRICITY,70435,ELECTRICITY,20542400,STATE WIDE,14100125000400,Power - General
"Installation of solar all-in-one street lights in some communities, strategic government infrastructures, and school environments to enhance security - 250 units, at Bogoro LGA through the REA Project",0.0,0.0,0.0,50000000.0,0.0,334,0.62823,0.64671,022800100100,"MINISTRY OF POWER, SCIENCE & TECHNOLOGY",23020103,CONSTRUCTION / PROVISION OF ELECTRICITY,70435,ELECTRICITY,20542400,STATE WIDE,14100125000300,Power - General
Installation of solar all in one street lights in some communities and strategic government infrastructures at MIsau LGA through the REA Project.,0.0,0.0,0.0,50000000.0,0.0,334,0.63831,0.65679,022800100100,"MINISTRY OF POWER, SCIENCE & TECHNOLOGY",23020103,CONSTRUCTION / PROVISION OF ELECTRICITY,70435,ELECTRICITY,20542400,STATE WIDE,14100125000400,Power - General
"Installation of solar all in one street lights in some communities and strategic government infrastructures 150 units, at Darazo LGA sources (R.E.A)",0.0,0.0,0.0,50000000.0,0.0,334,0.64923,0.66771,022800100100,"MINISTRY OF POWER, SCIENCE & TECHNOLOGY",23020103,CONSTRUCTION / PROVISION OF ELECTRICITY,70435,ELECTRICITY,20542400,STATE WIDE,14100125000300,Power - General
Installation of solar all in one street lights in some communities and strategic government infrastructures at Ningi LGA through the REA Project.,0.0,0.0,0.0,50000000.0,0.0,334,0.66015,0.67863,022800100100,"MINISTRY OF POWER, SCIENCE & TECHNOLOGY",23020103,CONSTRUCTION / PROVISION OF ELECTRICITY,70435,ELECTRICITY,20542400,STATE WIDE,14100125000400,Power - General
"Installation of solar all-in-one street lights in some communities, strategic government infrastructures, and schools environments to enhance security, at Dambam, through the REA Project",0.0,0.0,0.0,50000000.0,0.0,334,0.67023,0.68871,022800100100,"MINISTRY OF POWER, SCIENCE & TECHNOLOGY",23020103,CONSTRUCTION / PROVISION OF ELECTRICITY,70435,ELECTRICITY,20542400,STATE WIDE,14100125000300,Power - General
"Installation of solar all in one street lights in some communities and strategic government infrastructures 150 units, at Warji LGA through the REA Project.",0.0,0.0,0.0,50000000.0,0.0,334,0.68115,0.69962,022800100100,"MINISTRY OF POWER, SCIENCE & TECHNOLOGY",23020103,CONSTRUCTION / PROVISION OF ELECTRICITY,70435,ELECTRICITY,20542400,STATE WIDE,14100125000400,Power - General
"Installation of solar all in one street lights in some communities and strategic government infrastructure - 150 units, at Ganjuwa LGA through the REA Project.",0.0,0.0,0.0,50000000.0,0.0,334,0.69206,0.71054,022800100100,"MINISTRY OF POWER, SCIENCE & TECHNOLOGY",23020103,CONSTRUCTION / PROVISION OF ELECTRICITY,70435,ELECTRICITY,20542400,STATE WIDE,14100125000300,Power - General
"Installation of solar all in one street lights in some communities and strategic government infrastructures - 500 units, at Katagum LGA through the REA Project.",0.0,0.0,0.0,50000000.0,0.0,334,0.70298,0.72146,022800100100,"MINISTRY OF POWER, SCIENCE & TECHNOLOGY",23020103,CONSTRUCTION / PROVISION OF ELECTRICITY,70435,ELECTRICITY,20542400,STATE WIDE,14100125000400,Power - General
"Installation of solar all-in-one street lights in some communities, strategic government infrastructure, and school environments to enhance security —150 units at Jam'are LGA, REA Project.",0.0,0.0,0.0,50000000.0,0.0,334,0.71306,0.73154,022800100100,"MINISTRY OF POWER, SCIENCE & TECHNOLOGY",23020103,CONSTRUCTION / PROVISION OF ELECTRICITY,70435,ELECTRICITY,20542400,STATE WIDE,14100125000300,Power - General
"Installation of solar all-in-one street lights in some communities, strategic government infrastructures, and school environments to enhance security- 150 units at Itas Gadau LGA through the REA Project.",0.0,0.0,0.0,50000000.0,0.0,334,0.72398,0.74246,022800100100,"MINISTRY OF POWER, SCIENCE & TECHNOLOGY",23020103,CONSTRUCTION / PROVISION OF ELECTRICITY,70435,ELECTRICITY,20542400,STATE WIDE,14100125000400,Power - General
"Installation of solar all in one street lights in some communities, strategic government infrastructures and schools environments to enhance security- 150 units at Shira LGA through the REA Project.",0.0,0.0,0.0,50000000.0,0.0,334,0.7349,0.75338,022800100100,"MINISTRY OF POWER, SCIENCE & TECHNOLOGY",23020103,CONSTRUCTION / PROVISION OF ELECTRICITY,70435,ELECTRICITY,20542400,STATE WIDE,14100125000300,Power - General
"Installation of solar all-in-one street lights in some communities, strategic government infrastructure, and school environments to enhance security —150 units in Gamawa LGA LGA through the REA Project",0.0,0.0,0.0,50000000.0,0.0,334,0.74498,0.76345,022800100100,"MINISTRY OF POWER, SCIENCE & TECHNOLOGY",23020103,CONSTRUCTION / PROVISION OF ELECTRICITY,70435,ELECTRICITY,20542400,STATE WIDE,14100125000400,Power - General
"Installation of solar all-in-one street lights in some communities, strategic government infrastructures aand school,chools environments to enhance security- 150 units at Zaki LGA through the REA Project",0.0,0.0,0.0,50000000.0,0.0,334,0.7559,0.77437,022800100100,"MINISTRY OF POWER, SCIENCE & TECHNOLOGY",23020103,CONSTRUCTION / PROVISION OF ELECTRICITY,70435,ELECTRICITY,20542400,STATE WIDE,14100125000300,Power - General
"Installation of solar all-in-one street lights in some communities, strategic government infrastructures aand school,chools environments to enhance security- 150 units at Giade LGA through the REA Projects",0.0,0.0,0.0,50000000.0,0.0,334,0.76681,0.78529,022800100100,"MINISTRY OF POWER, SCIENCE & TECHNOLOGY",23020103,CONSTRUCTION / PROVISION OF ELECTRICITY,70435,ELECTRICITY,20542400,STATE WIDE,14100125000400,Power - General
Provision of Electricity under the Middle East Energy Transitional Funds for Decarbonization.,0.0,0.0,0.0,1500000000.0,0.0,334,0.77773,0.79621,022800100100,"MINISTRY OF POWER, SCIENCE & TECHNOLOGY",23020103,CONSTRUCTION / PROVISION OF ELECTRICITY,70435,ELECTRICITY,20542400,STATE WIDE,14100125000300,Power - General
Provision of Small Hydro-Power for Agro Processing through the REA and UNIDO Power Project.,0.0,0.0,0.0,1500000000.0,0.0,334,0.78781,0.80629,022800100100,"MINISTRY OF POWER, SCIENCE & TECHNOLOGY",23020103,CONSTRUCTION / PROVISION OF ELECTRICITY,70435,ELECTRICITY,20542400,STATE WIDE,14100125000400,Power - General
"Provision of Solar Power for Health Care Institutions under the European Union Power Projects,",0.0,0.0,0.0,1000000000.0,0.0,334,0.79873,0.81721,022800100100,"MINISTRY OF POWER, SCIENCE & TECHNOLOGY",23020103,CONSTRUCTION / PROVISION OF ELECTRICITY,70435,ELECTRICITY,20542400,STATE WIDE,14100125000300,Power - General
"Provision of Electricity Supply for Rural Development through the GIZ Electricity Project,",0.0,0.0,0.0,1000000000.0,0.0,334,0.80965,0.82813,022800100100,"MINISTRY OF POWER, SCIENCE & TECHNOLOGY",23020103,CONSTRUCTION / PROVISION OF ELECTRICITY,70435,ELECTRICITY,20542400,STATE WIDE,14100125000400,Power - General
"Installation of solar inverter systems in selected boarding secondary schools, tertiary institutions and Bayara General Hospital, through REA Project.",0.0,0.0,0.0,50000000.0,0.0,334,0.82057,0.83904,022800100100,"MINISTRY OF POWER, SCIENCE & TECHNOLOGY",23020103,CONSTRUCTION / PROVISION OF ELECTRICITY,70435,ELECTRICITY,20542400,STATE WIDE,14100125000300,Power - General
"Installation of solar inverter systems in Toro General Hospital, under the REA Project.",0.0,0.0,0.0,50000000.0,0.0,334,0.83065,0.84912,022800100100,"MINISTRY OF POWER, SCIENCE & TECHNOLOGY",23020103,CONSTRUCTION / PROVISION OF ELECTRICITY,70435,ELECTRICITY,20542400,STATE WIDE,14100125000400,Power - General
"Installation of solar inverter systems in selected boarding secondary schools, tertiary institutions and GGSS Alkaleri through the REA Project",0.0,0.0,0.0,50000000.0,0.0,334,0.84156,0.86004,022800100100,"MINISTRY OF POWER, SCIENCE & TECHNOLOGY",23020103,CONSTRUCTION / PROVISION OF ELECTRICITY,70435,ELECTRICITY,20542400,STATE WIDE,14100125000300,Power - General
"Installation of solar inverter systems in selected boarding secondary schools, tertiary institutions and Genaral Hospital Azare, through the REA Project",0.0,0.0,0.0,50000000.0,0.0,334,0.85248,0.87096,022800100100,"MINISTRY OF POWER, SCIENCE & TECHNOLOGY",23020103,CONSTRUCTION / PROVISION OF ELECTRICITY,70435,ELECTRICITY,20542400,STATE WIDE,14100125000400,Power - General
"Installation of solar inverter systems in selected boarding secondary schools, tertiary institutions and C.O.E Azare, through the REA Project",0.0,0.0,0.0,50000000.0,0.0,334,0.86256,0.88104,022800100100,"MINISTRY OF POWER, SCIENCE & TECHNOLOGY",23020103,CONSTRUCTION / PROVISION OF ELECTRICITY,70435,ELECTRICITY,20542400,STATE WIDE,14100125000300,Power - General
"Installation of solar inverter systems in selected boarding secondary schools, tertiary institutions and Jama'are General Hospital through the REA Project.",0.0,0.0,0.0,50000000.0,0.0,334,0.87348,0.89196,022800100100,"MINISTRY OF POWER, SCIENCE & TECHNOLOGY",23020103,CONSTRUCTION / PROVISION OF ELECTRICITY,70435,ELECTRICITY,20542400,STATE WIDE,14100125000400,Power - General
"Installation of solar inverter systems in selected boarding secondary schools, tertiary institutions and Health Tech Ningi, through the REA Project.",0.0,0.0,0.0,50000000.0,0.0,334,0.8844,0.90288,022800100100,"MINISTRY OF POWER, SCIENCE & TECHNOLOGY",23020103,CONSTRUCTION / PROVISION OF ELECTRICITY,70435,ELECTRICITY,20542400,STATE WIDE,14100125000300,Power - General
"Installation of solar inverter systems in selected boarding secondary schools, tertiary institutions and S.S.S Darazo, through the REA Project.",0.0,0.0,0.0,50000000.0,0.0,334,0.89532,0.91379,022800100100,"MINISTRY OF POWER, SCIENCE & TECHNOLOGY",23020103,CONSTRUCTION / PROVISION OF ELECTRICITY,70435,ELECTRICITY,20542400,STATE WIDE,14100125000400,Power - General
"Installation of solar inverter systems in selected boarding secondary schools, tertiary institutions and Colleage for Legal and Islamic Studies Misau, through the REA Project",0.0,0.0,0.0,50000000.0,0.0,335,0.09323,0.1117,022800100100,"MINISTRY OF POWER, SCIENCE & TECHNOLOGY",23020103,CONSTRUCTION / PROVISION OF ELECTRICITY,70435,ELECTRICITY,20542400,STATE WIDE,14100125000300,Power - General
"Rehabilitation of Office Building at Ministry of Power, Science and Technology Headquater, Bauchi.",1000000.0,1000000.0,1322000.0,50000000.0,0.0,335,0.10415,0.12262,022800100100,"MINISTRY OF POWER, SCIENCE & TECHNOLOGY",23030121,REHABILITATION / REPAIRS OF OFFICE BUILDINGS,70435,ELECTRICITY,20542400,STATE WIDE,14100125000400,Power - General
"Rural Electrification Fund through e-heart Project for the Provision of Electricity to Health, Edu. And other institutions",0.0,0.0,0.0,3000000000.0,0.0,335,0.11506,0.13354,022800100100,"MINISTRY OF POWER, SCIENCE & TECHNOLOGY",23020103,CONSTRUCTION / PROVISION OF ELECTRICITY,70435,ELECTRICITY,20542400,STATE WIDE,14100125000400,Power - General
"Provision of Solar Power at Gubi Dam, Bauchi.",0.0,0.0,0.0,300000000.0,150000000.0,335,0.12598,0.14446,022800100100,"MINISTRY OF POWER, SCIENCE & TECHNOLOGY",23020103,CONSTRUCTION / PROVISION OF ELECTRICITY,70435,ELECTRICITY,20542400,STATE WIDE,14100125000400,Power - General
"Provision of Solar Power at Bauchi State Government House, Bauchi",0.0,0.0,0.0,300000000.0,0.0,335,0.13606,0.15454,022800100100,"MINISTRY OF POWER, SCIENCE & TECHNOLOGY",23020103,CONSTRUCTION / PROVISION OF ELECTRICITY,70435,ELECTRICITY,20542400,STATE WIDE,14100125000400,Power - General
"Provision of Solar Power at Bauchi Specialist Hospital, Bauchi",0.0,0.0,0.0,300000000.0,0.0,335,0.14698,0.16546,022800100100,"MINISTRY OF POWER, SCIENCE & TECHNOLOGY",23020103,CONSTRUCTION / PROVISION OF ELECTRICITY,70435,ELECTRICITY,20542400,STATE WIDE,14100125000400,Power - General
"Provision of Solar Power at Abubakar Umar State Secretariat, Bauchi.",0.0,0.0,0.0,300000000.0,0.0,335,0.1579,0.17638,022800100100,"MINISTRY OF POWER, SCIENCE & TECHNOLOGY",23020103,CONSTRUCTION / PROVISION OF ELECTRICITY,70435,ELECTRICITY,20542400,STATE WIDE,14100125000400,Power - General
Provision of Solar Power Streetlights in Bauchi,0.0,0.0,0.0,300000000.0,0.0,335,0.16798,0.18645,022800100100,"MINISTRY OF POWER, SCIENCE & TECHNOLOGY",23020103,CONSTRUCTION / PROVISION OF ELECTRICITY,70435,ELECTRICITY,20542400,STATE WIDE,14100125000400,Power - General
Provision of Solar Power for the Utilization of Equipment for 8 Water Pumping Systems,0.0,0.0,0.0,300000000.0,0.0,335,0.1789,0.19737,022800100100,"MINISTRY OF POWER, SCIENCE & TECHNOLOGY",23020103,CONSTRUCTION / PROVISION OF ELECTRICITY,70435,ELECTRICITY,20542400,STATE WIDE,14100125000400,Power - General
Acquisition of Residual Mineral Mining Sites and formalization of ASMs Across the State,50000000.0,50000000.0,1895000.0,300000000.0,0.0,335,0.23265,0.25113,023300100100,MINISTRY OF NATURAL RESOURCES,23010101,PURCHASE / ACQUISITION OF LAND,70441,MINING OF MINERAL RESOURCES OTHER THAN MINERAL FUELS,20542400,STATE WIDE,13100123000100,Reform of Government and Governance - General
"Provisions and Supply of 80 Units Office Chairs, Tables and other Office Equipment",20000000.0,20000000.0,1825000.0,30000000.0,0.0,335,0.24273,0.2612,023300100100,MINISTRY OF NATURAL RESOURCES,23010112,PURCHASE OF OFFICE FURNITURE AND FITTINGS,70441,MINING OF MINERAL RESOURCES OTHER THAN MINERAL FUELS,20542400,STATE WIDE,13100123000500,Reform of Government and Governance - General
Purchase of Office Building Accommodation in Bauchi Town,10000000.0,10000000.0,0.0,0.0,0.0,335,0.25365,0.27212,023300100100,MINISTRY OF NATURAL RESOURCES,23010102,PURCHASE OF OFFICE BUILDINGS,70441,MINING OF MINERAL RESOURCES OTHER THAN MINERAL FUELS,20542400,STATE WIDE,13100123000600,Reform of Government and Governance - General
Purchase of 3 nos. of Photocopying Machine,2000000.0,2000000.0,0.0,0.0,0.0,335,0.26456,0.28304,023300100100,MINISTRY OF NATURAL RESOURCES,23010115,PURCHASE OF PHOTOCOPYING MACHINES,70441,MINING OF MINERAL RESOURCES OTHER THAN MINERAL FUELS,20542400,STATE WIDE,13100123000700,Reform of Government and Governance - General
Purchase of 3 nos. Laptop and 3 nos. Desktop of Computers,6000000.0,6000000.0,0.0,0.0,0.0,335,0.27548,0.29396,023300100100,MINISTRY OF NATURAL RESOURCES,23010113,PURCHASE OF COMPUTERS,70441,MINING OF MINERAL RESOURCES OTHER THAN MINERAL FUELS,20542400,STATE WIDE,13100123000800,Reform of Government and Governance - General
Purchase of Survey Equipment for Exploration Activities.,200000000.0,200000000.0,30390000.0,30000000.0,0.0,335,0.28556,0.30404,023300100100,MINISTRY OF NATURAL RESOURCES,23010133,PURCHASES OF SURVEYING EQUIPMENT,70441,MINING OF MINERAL RESOURCES OTHER THAN MINERAL FUELS,20542400,STATE WIDE,13100123000900,Reform of Government and Governance - General
Provision of Infrastructures and Grants for BAMSEL,10000000.0,60000000.0,42511627.9,100000000.0,0.0,335,0.29648,0.31496,023300100100,MINISTRY OF NATURAL RESOURCES,23020118,CONSTRUCTION / PROVISION OF INFRASTRUCTURE,70441,MINING OF MINERAL RESOURCES OTHER THAN MINERAL FUELS,20542400,STATE WIDE,13100123001000,Reform of Government and Governance - General
Study on Mineral Deposit and Hydrocarbon within the State,100000000.0,170000000.0,161390560.69,100000000.0,0.0,335,0.3074,0.32588,023300100100,MINISTRY OF NATURAL RESOURCES,23050101,RESEARCH AND DEVELOPMENT,70441,MINING OF MINERAL RESOURCES OTHER THAN MINERAL FUELS,20542400,STATE WIDE,13100123001300,Reform of Government and Governance - General
Acquisition of Computer Application Software for Exploration Activities within the State.,3000000.0,3000000.0,0.0,20000000.0,0.0,335,0.31832,0.33679,023300100100,MINISTRY OF NATURAL RESOURCES,23050102,COMPUTER SOFTWARE ACQUISITION,70441,MINING OF MINERAL RESOURCES OTHER THAN MINERAL FUELS,20542400,STATE WIDE,13100123001400,Reform of Government and Governance - General
Supervision of Ministry of Natural Resources Programmes and Projects.,10000000.0,10000000.0,255000.0,170000000.0,0.0,335,0.32839,0.34687,023300100100,MINISTRY OF NATURAL RESOURCES,23050103,MONITORING AND EVALUATION,70441,MINING OF MINERAL RESOURCES OTHER THAN MINERAL FUELS,20542400,STATE WIDE,13100123001500,Reform of Government and Governance - General
Purchase of 5 Nos. computer printers,2000000.0,2000000.0,0.0,0.0,0.0,335,0.33931,0.35779,023300100100,MINISTRY OF NATURAL RESOURCES,23010114,PURCHASE OF COMPUTER PRINTERS,70441,MINING OF MINERAL RESOURCES OTHER THAN MINERAL FUELS,20542400,STATE WIDE,13100125000500,Reform of Government and Governance - General
"Purchase of 2 Digital weighing Balance, 2 Conductivity Meter, 2 Flash point tester, 2 (Centrifuge, Desicca",250000000.0,250000000.0,0.0,20000000.0,0.0,335,0.35023,0.36871,023300100100,MINISTRY OF NATURAL RESOURCES,23010129,PURCHASE OF INDUSTRIAL EQUIPMENT 70441 - MINING OF MINERAL RESOURCES OTHER THAN MINERAL FUELS,,"tor, Crusher, Elemental analysis machine and Hot air oven) etc.",20542400,STATE WIDE,13100125000600,Reform of Government and Governance - General
"Purchase of 1 Terameter, 1 Magnetometer, 5 measuring Tapes, 100 dozen of sample bags, 10 PPEs and",200000000.0,200000000.0,0.0,20000000.0,0.0,335,0.36031,0.37879,023300100100,MINISTRY OF NATURAL RESOURCES,23010133,PURCHASES OF SURVEYING EQUIPMENT70441 - MINING OF MINERAL RESOURCES OTHER THAN MINERAL FUELS,,10 compass clinometers etc.,20542400,STATE WIDE,13100125000700,Reform of Government and Governance - General
Provision of Office Building for Bauchi Mineral Synergy BAMSEL in Bauchi Town,10000000.0,10000000.0,0.0,0.0,0.0,335,0.37123,0.38971,023300100100,MINISTRY OF NATURAL RESOURCES,23020101,CONSTRUCTION / PROVISION OF OFFICE BUILDINGS,70441,MINING OF MINERAL RESOURCES OTHER THAN MINERAL FUELS,20542400,STATE WIDE,13100125000800,Reform of Government and Governance - General
Construction of 2 Mineral Processing centers for BAMSEL Take-up in Bauchi,290000000.0,290000000.0,0.0,180000000.0,0.0,335,0.38215,0.40062,023300100100,MINISTRY OF NATURAL RESOURCES,23020101,CONSTRUCTION / PROVISION OF OFFICE BUILDINGS,70441,MINING OF MINERAL RESOURCES OTHER THAN MINERAL FUELS,20542400,STATE WIDE,13100125000900,Reform of Government and Governance - General
Renovating the Ministry’s Office Building at Bauchi,20000000.0,20000000.0,20000000.0,10000000.0,0.0,335,0.39307,0.41154,023300100100,MINISTRY OF NATURAL RESOURCES,23030121,REHABILITATION / REPAIRS OF OFFICE BUILDINGS,70441,MINING OF MINERAL RESOURCES OTHER THAN MINERAL FUELS,20542400,STATE WIDE,13100125001000,Reform of Government and Governance - General
"Construction and Provision of Drainages and Water Ways Infrastructures at Mining Institute, Alkaleri",0.0,0.0,0.0,320000000.0,0.0,335,0.40314,0.42162,023300100100,MINISTRY OF NATURAL RESOURCES,23020118,CONSTRUCTION / PROVISION OF INFRASTRUCTURE,70441,MINING OF MINERAL RESOURCES OTHER THAN MINERAL FUELS,20542400,STATE WIDE,13100125001000,Reform of Government and Governance - General
Purchase of Mining Equipment for the Empowerment of Artisinal and Small Scale Miners.,0.0,0.0,0.0,100000000.0,0.0,335,0.41406,0.43254,023300100100,MINISTRY OF NATURAL RESOURCES,23010129,PURCHASE OF INDUSTRIAL EQUIPMENT,70441,MINING OF MINERAL RESOURCES OTHER THAN MINERAL FUELS,20542400,STATE WIDE,13100125001000,Reform of Government and Governance - General
Purchase of 2 No.Utility vehicles (1 Hilux & 1 32 seater Bus) (BOGAA Permanent site Alkaleri),195000000.0,195000000.0,0.0,250000000.0,0.0,335,0.46782,0.48629,023300300100,"OIL AND GAS ACADEMY ALKALERI, BAUCHI STATE",23010105,PURCHASE OF MOTOR VEHICLES,70483,FUEL AND ENERGY,20542400,STATE WIDE,21100123001600,Oil and Gas Infrastructure - General
Purchase of 4 No. Official Motor vehicles (BOGAA Permanent site Alkaleri),200000000.0,200000000.0,0.0,200000000.0,0.0,335,0.47789,0.49637,023300300100,"OIL AND GAS ACADEMY ALKALERI, BAUCHI STATE",23010105,PURCHASE OF MOTOR VEHICLES,70483,FUEL AND ENERGY,20542400,STATE WIDE,21100123001700,Oil and Gas Infrastructure - General
Purchase 75 Nos of Desktops Computer and 25 Nos. Sets of Laptops Computers (BOGAA Permanent site Alkaleri),250000000.0,250000000.0,0.0,125000000.0,0.0,335,0.48881,0.50729,023300300100,"OIL AND GAS ACADEMY ALKALERI, BAUCHI STATE",23010113,PURCHASE OF COMPUTERS,70483,FUEL AND ENERGY,20542400,STATE WIDE,21100126000100,Oil and Gas Infrastructure - General
Purchase and provision of 80 Nos. of Computer Printers (BOGAA Permanent site Alkaleri),15000000.0,15000000.0,0.0,65000000.0,0.0,335,0.49973,0.51821,023300300100,"OIL AND GAS ACADEMY ALKALERI, BAUCHI STATE",23010114,PURCHASE OF COMPUTER PRINTERS,70483,FUEL AND ENERGY,20542400,STATE WIDE,21100126000200,Oil and Gas Infrastructure - General
Provision of solar powered Electricity (BOGAA Permanent site Alkaleri),35000000.0,35000000.0,0.0,250000000.0,0.0,335,0.51065,0.52913,023300300100,"OIL AND GAS ACADEMY ALKALERI, BAUCHI STATE",23020103,CONSTRUCTION / PROVISION OF ELECTRICITY,70483,FUEL AND ENERGY,20542400,STATE WIDE,21100123001800,Oil and Gas Infrastructure - General
Purchase of Modern Instructional Materials to Facilitate Teaching and Learning at (BOGAA Permanent site Alkaleri),20000000.0,20000000.0,0.0,570000000.0,0.0,335,0.52073,0.53921,023300300100,"OIL AND GAS ACADEMY ALKALERI, BAUCHI STATE",23010124,PURCHASE OF TEACHING / LEARNING AID EQUIPMENT,70483,FUEL AND ENERGY,20542400,STATE WIDE,21100123001900,Oil and Gas Infrastructure - General
Provision of Assorted and Professional Library Books and Equipments,400000000.0,400000000.0,300000000.0,70000000.0,0.0,335,0.53165,0.55012,023300300100,"OIL AND GAS ACADEMY ALKALERI, BAUCHI STATE",23010125,PURCHASE OF LIBRARY BOOKS & EQUIPMENT,70483,FUEL AND ENERGY,20542400,STATE WIDE,21100123002000,Oil and Gas Infrastructure - General
Purchase of Assorted Residential Executive Cushion and Tables for Staff Quarters (BOGA Residential Houses),550000000.0,250000000.0,0.0,200000000.0,0.0,335,0.54257,0.56104,023300300100,"OIL AND GAS ACADEMY ALKALERI, BAUCHI STATE",23010112,PURCHASE OF OFFICE FURNITURE AND FITTINGS,70483,FUEL AND ENERGY,20542400,STATE WIDE,21100123002100,Oil and Gas Infrastructure - General
Construction and Provision of Corporate Office Building,1000000000.0,500000000.0,300000000.0,750000000.0,0.0,335,0.55264,0.57112,023300300100,"OIL AND GAS ACADEMY ALKALERI, BAUCHI STATE",23020101,CONSTRUCTION / PROVISION OF OFFICE BUILDINGS,70483,FUEL AND ENERGY,20542400,STATE WIDE,21100123002200,Oil and Gas Infrastructure - General
Construction Lecture Halls and Classrooms,500000000.0,300000000.0,0.0,1300000000.0,0.0,335,0.56356,0.58204,023300300100,"OIL AND GAS ACADEMY ALKALERI, BAUCHI STATE",23020107,CONSTRUCTION / PROVISION OF PUBLIC SCHOOLS,70483,FUEL AND ENERGY,20542400,STATE WIDE,21100123002300,Oil and Gas Infrastructure - General
Construction of Parameter Wall Fencing of BOGA Alkaleri,60000000.0,60000000.0,0.0,0.0,0.0,335,0.57448,0.59296,023300300100,"OIL AND GAS ACADEMY ALKALERI, BAUCHI STATE",23020118,CONSTRUCTION / PROVISION OF INFRASTRUCTURE,70483,FUEL AND ENERGY,20542400,STATE WIDE,21100123002400,Oil and Gas Infrastructure - General
Construction of a Special Dedicated Lecture Hall for the Accreditation of Academic Courses,65000000.0,65000000.0,0.0,200000000.0,0.0,335,0.5854,0.60388,023300300100,"OIL AND GAS ACADEMY ALKALERI, BAUCHI STATE",23020107,CONSTRUCTION / PROVISION OF PUBLIC SCHOOLS,70483,FUEL AND ENERGY,20542400,STATE WIDE,21100123002500,Oil and Gas Infrastructure - General
Purchase of Laboratory Equipment and Facilities for Accreditation of Academic Courses,450000000.0,200000000.0,0.0,45000000.0,0.0,335,0.59548,0.61396,023300300100,"OIL AND GAS ACADEMY ALKALERI, BAUCHI STATE",23010124,PURCHASE OF TEACHING / LEARNING AID EQUIPMENT,70483,FUEL AND ENERGY,20542400,STATE WIDE,21100123002600,Oil and Gas Infrastructure - General
Provision for Research work to BOGAA Staff,75000000.0,75000000.0,0.0,25000000.0,0.0,335,0.6064,0.62487,023300300100,"OIL AND GAS ACADEMY ALKALERI, BAUCHI STATE",23050101,RESEARCH AND DEVELOPMENT,70483,FUEL AND ENERGY,20542400,STATE WIDE,21100123002700,Oil and Gas Infrastructure - General
Construction of Residential Building for the Staff of BOGA at Alkaleri,150000000.0,150000000.0,0.0,200000000.0,0.0,335,0.61732,0.63579,023300300100,"OIL AND GAS ACADEMY ALKALERI, BAUCHI STATE",23020107,CONSTRUCTION / PROVISION OF PUBLIC SCHOOLS,70483,FUEL AND ENERGY,20542400,STATE WIDE,21100123002800,Oil and Gas Infrastructure - General
Nigeria National Petroleum Company (NNPC) Limited Support for Construction of Classrooms and Furniture,90000000.0,90000000.0,0.0,72000000.0,0.0,335,0.62823,0.64671,023300300100,"OIL AND GAS ACADEMY ALKALERI, BAUCHI STATE",23020107,CONSTRUCTION / PROVISION OF PUBLIC SCHOOLS,70483,FUEL AND ENERGY,20542400,STATE WIDE,21100123002900,Oil and Gas Infrastructure - General
"North East Dev. Commission (NEDC) Support for the Provision of Classroom, Funiture and Scholarship to Students",65000000.0,65000000.0,0.0,66000000.0,0.0,335,0.63831,0.65679,023300300100,"OIL AND GAS ACADEMY ALKALERI, BAUCHI STATE",23020107,CONSTRUCTION / PROVISION OF PUBLIC SCHOOLS,70483,FUEL AND ENERGY,20542400,STATE WIDE,21100123003000,Oil and Gas Infrastructure - General
Petroleum Technolgy Development Fund (PTDF) Support for Construction of Classrooms,500000000.0,300000000.0,200000000.0,50000000.0,0.0,335,0.64923,0.66771,023300300100,"OIL AND GAS ACADEMY ALKALERI, BAUCHI STATE",23020118,CONSTRUCTION / PROVISION OF INFRASTRUCTURE,70483,FUEL AND ENERGY,20542400,STATE WIDE,21100123003100,Oil and Gas Infrastructure - General
National Solid Mineral Development Fund for the Esterblishment of Mineral processing Zone in the State,0.0,0.0,0.0,52000000.0,0.0,335,0.66015,0.67863,023300300100,"OIL AND GAS ACADEMY ALKALERI, BAUCHI STATE",23020107,CONSTRUCTION / PROVISION OF PUBLIC SCHOOLS,70483,FUEL AND ENERGY,20542400,STATE WIDE,21100123003200,Oil and Gas Infrastructure - General
Construction of 6 Span Bridge and Re-Inpost Concrete Line Drainage Along Kuka - Maina Maiji - Pali Road,0.0,0.0,1100022000.0,1500000000.0,0.0,335,0.71306,0.73154,023400100100,MINISTRY OF WORKS AND TRANSPORT,23020114,CONSTRUCTION / PROVISION OF ROADS,70443,CONSTRUCTION,20542400,STATE WIDE,06100123010100,Housing and Urban Development - General
Construction of 6 Span Bridge Along Nahuta - Rauta Road,0.0,0.0,1000000000.0,1000000000.0,0.0,335,0.72398,0.74246,023400100100,MINISTRY OF WORKS AND TRANSPORT,23020114,CONSTRUCTION / PROVISION OF ROADS,70443,CONSTRUCTION,20542400,STATE WIDE,06100123010100,Housing and Urban Development - General
Construction of Roads and Bridges Along Nabordo - Jama'ah Road,0.0,0.0,980115000.0,500000000.0,0.0,335,0.7349,0.75338,023400100100,MINISTRY OF WORKS AND TRANSPORT,23020114,CONSTRUCTION / PROVISION OF ROADS,70443,CONSTRUCTION,20542400,STATE WIDE,17100123010100,Road - General
Construction of Roads and Bridges Along Luda - Bauchi Road,0.0,0.0,780451245.0,500000000.0,0.0,335,0.74498,0.76345,023400100100,MINISTRY OF WORKS AND TRANSPORT,23020114,CONSTRUCTION / PROVISION OF ROADS,70451,ROAD TRANSPORT,20542400,STATE WIDE,06100123010100,Housing and Urban Development - General
"Construction of 2 VIO Office Building at Rinjin-Gani, Toro",30000000.0,30000000.0,0.0,25000000.0,0.0,335,0.7559,0.77437,023400100100,MINISTRY OF WORKS AND TRANSPORT,23030121,REHABILITATION / REPAIRS OF OFFICE BUILDINGS,70443,CONSTRUCTION,20542400,STATE WIDE,06100123010200,Housing and Urban Development - General
Upgrading of Material Testing Lab. In Bauchi,45000000.0,45000000.0,0.0,0.0,0.0,335,0.76681,0.78529,023400100100,MINISTRY OF WORKS AND TRANSPORT,23010107,PURCHASE OF TRUCKS,70443,CONSTRUCTION,20542400,STATE WIDE,06100123010300,Housing and Urban Development - General
Purchase of 2 Units Heavy duty VIO patrol mortor cycles,15000000.0,15000000.0,0.0,25000000.0,0.0,335,0.77773,0.79621,023400100100,MINISTRY OF WORKS AND TRANSPORT,23010107,PURCHASE OF TRUCKS,70443,CONSTRUCTION,20542400,STATE WIDE,06100123010400,Housing and Urban Development - General
Purchase of 2 Units trucks and other Transport Equipment for offices across the state.,50000000.0,50000000.0,0.0,60000000.0,0.0,335,0.78781,0.80629,023400100100,MINISTRY OF WORKS AND TRANSPORT,23010107,PURCHASE OF TRUCKS,70443,CONSTRUCTION,20542400,STATE WIDE,06100123010500,Housing and Urban Development - General
Purchase of 1 Unit Fire Fighting Equipment for Fire Service Operations at the Airport Bauchi,45000000.0,45000000.0,18890100.0,45000000.0,0.0,335,0.79873,0.81721,023400100100,MINISTRY OF WORKS AND TRANSPORT,23020101,CONSTRUCTION / PROVISION OF OFFICE BUILDINGS,70443,CONSTRUCTION,20542400,STATE WIDE,06100123010600,Housing and Urban Development - General
"Construction of Government Offices, Fire service sub-station and VIO Offices across the state.",200000000.0,200000000.0,0.0,200000000.0,0.0,335,0.80965,0.82813,023400100100,MINISTRY OF WORKS AND TRANSPORT,23020119,CONSTRUCTION / PROVISION OF RECREATIONAL FACILITIES,70443,CONSTRUCTION,20542400,STATE WIDE,06100123010700,Housing and Urban Development - General
Construction of Recreational Facilities Across Bauchi State,10000000.0,10000000.0,0.0,0.0,0.0,335,0.82057,0.83904,023400100100,MINISTRY OF WORKS AND TRANSPORT,23020114,CONSTRUCTION / PROVISION OF ROADS,70443,CONSTRUCTION,20542400,STATE WIDE,06100123010800,Housing and Urban Development - General
Road Construction of Azare-Isawa-Giade-Kurba-Basirka (phase II),50000000.0,50000000.0,650611800.0,50000000.0,0.0,335,0.83065,0.84912,023400100100,MINISTRY OF WORKS AND TRANSPORT,23020114,CONSTRUCTION / PROVISION OF ROADS,70443,CONSTRUCTION,20542400,STATE WIDE,06100123010900,Housing and Urban Development - General
Road Construction of Misau- Bulkachuwa - Udubo (Retention Balance),29926245.58,29926245.58,0.0,30000000.0,0.0,335,0.84156,0.86004,023400100100,MINISTRY OF WORKS AND TRANSPORT,23020114,CONSTRUCTION / PROVISION OF ROADS,70443,CONSTRUCTION,20542400,STATE WIDE,06100123011000,Housing and Urban Development - General
Road Construction of Yelwan Duguri-Kumbala-Kundak-Burga,1200000000.0,1200000000.0,704112005.0,1200000000.0,0.0,335,0.85248,0.87096,023400100100,MINISTRY OF WORKS AND TRANSPORT,23020114,CONSTRUCTION / PROVISION OF ROADS,70443,CONSTRUCTION,20542400,STATE WIDE,06100123011100,Housing and Urban Development - General
Road Construction of Darazo-Gabchiyari,450000000.0,450000000.0,463641743.94,450000000.0,0.0,335,0.86256,0.88104,023400100100,MINISTRY OF WORKS AND TRANSPORT,23020114,CONSTRUCTION / PROVISION OF ROADS,70443,CONSTRUCTION,20542400,STATE WIDE,06100123011200,Housing and Urban Development - General
Road Construction of Dass-Bununu,400000000.0,400000000.0,56450003.0,50000000.0,0.0,335,0.87348,0.89196,023400100100,MINISTRY OF WORKS AND TRANSPORT,23020114,CONSTRUCTION / PROVISION OF ROADS,70443,CONSTRUCTION,20542400,STATE WIDE,06100123011300,Housing and Urban Development - General
Road Construction of Hanafari - Jurara - G/Babani - S/Kafi - Mashema Road,500000000.0,500000000.0,0.0,50000000.0,0.0,335,0.8844,0.90288,023400100100,MINISTRY OF WORKS AND TRANSPORT,23020114,CONSTRUCTION / PROVISION OF ROADS,70443,CONSTRUCTION,20542400,STATE WIDE,06100123011400,Housing and Urban Development - General
Construction of Bye-Passes Roads across the State,1000000000.0,1000000000.0,0.0,1200000000.0,0.0,335,0.89532,0.91379,023400100100,MINISTRY OF WORKS AND TRANSPORT,23020114,CONSTRUCTION / PROVISION OF ROADS,70443,CONSTRUCTION,20542400,STATE WIDE,06100123011500,Housing and Urban Development - General
Construction of Kamfanin Kutare - Kubi-Shango-Balan Kanawa - Gungaru - Soro 98km,250000000.0,250000000.0,0.0,50000000.0,0.0,336,0.09323,0.1117,023400100100,MINISTRY OF WORKS AND TRANSPORT,23020114,CONSTRUCTION / PROVISION OF ROADS,70443,CONSTRUCTION,20542400,STATE WIDE,06100123011600,Housing and Urban Development - General
Road Construction of Itas - Gadau,1200000000.0,2500000000.0,4547170796.18,800000000.0,0.0,336,0.10415,0.12262,023400100100,MINISTRY OF WORKS AND TRANSPORT,23020114,CONSTRUCTION / PROVISION OF ROADS,70443,CONSTRUCTION,20542400,STATE WIDE,06100123011700,Housing and Urban Development - General
Construction of Futuk - Gobirawa,75000000.0,75000000.0,0.0,0.0,0.0,336,0.11506,0.13354,023400100100,MINISTRY OF WORKS AND TRANSPORT,23020114,CONSTRUCTION / PROVISION OF ROADS,70443,CONSTRUCTION,20542400,STATE WIDE,06100123011800,Housing and Urban Development - General
Road Construction of Bakari - Kafin Larabawa Road/Madangala - Kujuru,100000000.0,100000000.0,0.0,0.0,0.0,336,0.12598,0.14446,023400100100,MINISTRY OF WORKS AND TRANSPORT,23020114,CONSTRUCTION / PROVISION OF ROADS,70443,CONSTRUCTION,20542400,STATE WIDE,06100123011900,Housing and Urban Development - General
Road Construction of Arinja (Bura Junction) Balma & Nasaru Township,200000000.0,200000000.0,0.0,0.0,0.0,336,0.13606,0.15454,023400100100,MINISTRY OF WORKS AND TRANSPORT,23020114,CONSTRUCTION / PROVISION OF ROADS,70443,CONSTRUCTION,20542400,STATE WIDE,06100123012000,Housing and Urban Development - General
Road Construction of Soro - Miya Road,800000000.0,800000000.0,0.0,2000000000.0,0.0,336,0.14698,0.16546,023400100100,MINISTRY OF WORKS AND TRANSPORT,23020114,CONSTRUCTION / PROVISION OF ROADS,70443,CONSTRUCTION,20542400,STATE WIDE,06100123012100,Housing and Urban Development - General
Road Construction of Magama Gumau - Gumau,950000000.0,950000000.0,1359393395.32,550000000.0,0.0,336,0.1579,0.17638,023400100100,MINISTRY OF WORKS AND TRANSPORT,23020114,CONSTRUCTION / PROVISION OF ROADS,70443,CONSTRUCTION,20542400,STATE WIDE,06100123012200,Housing and Urban Development - General
Road Construction of Rimin Zayam - Polchi - Palama,200000000.0,200000000.0,0.0,1500000000.0,0.0,336,0.16798,0.18645,023400100100,MINISTRY OF WORKS AND TRANSPORT,23020114,CONSTRUCTION / PROVISION OF ROADS,70443,CONSTRUCTION,20542400,STATE WIDE,06100123012300,Housing and Urban Development - General
Road Construction of Rishi - Tulu - Tama Road,200000000.0,200000000.0,0.0,0.0,0.0,336,0.1789,0.19737,023400100100,MINISTRY OF WORKS AND TRANSPORT,23020114,CONSTRUCTION / PROVISION OF ROADS,70443,CONSTRUCTION,20542400,STATE WIDE,06100123012400,Housing and Urban Development - General
Rehabilitation and Repairs of Govt. qtrs across the state,100000000.0,100000000.0,57833700.0,150000000.0,0.0,336,0.18981,0.20829,023400100100,MINISTRY OF WORKS AND TRANSPORT,23020107,CONSTRUCTION / PROVISION OF PUBLIC SCHOOLS,70443,CONSTRUCTION,20542400,STATE WIDE,06100123012500,Housing and Urban Development - General
"Construction of Bauchi MEGA Secondary School, in Bauchi",50000000.0,50000000.0,0.0,0.0,0.0,336,0.20073,0.21921,023400100100,MINISTRY OF WORKS AND TRANSPORT,23030113,REHABILITATION / REPAIRS - ROADS,70443,CONSTRUCTION,20542400,STATE WIDE,06100123012600,Housing and Urban Development - General
Rehabilitation of Ningi - Burra Road,100000000.0,100000000.0,0.0,50000000.0,0.0,336,0.21081,0.22929,023400100100,MINISTRY OF WORKS AND TRANSPORT,23020114,CONSTRUCTION / PROVISION OF ROADS,70443,CONSTRUCTION,20542400,STATE WIDE,06100123012700,Housing and Urban Development - General
Construction of Almajiri Schools across the state,40000000.0,40000000.0,0.0,50000000.0,0.0,336,0.22173,0.24021,023400100100,MINISTRY OF WORKS AND TRANSPORT,23020107,CONSTRUCTION / PROVISION OF PUBLIC SCHOOLS,70443,CONSTRUCTION,20542400,STATE WIDE,06100123012800,Housing and Urban Development - General
Construction of Police Station across the state,150000000.0,150000000.0,94024712.74,200000000.0,0.0,336,0.23265,0.25113,023400100100,MINISTRY OF WORKS AND TRANSPORT,23020101,CONSTRUCTION / PROVISION OF OFFICE BUILDINGS,70443,CONSTRUCTION,20542400,STATE WIDE,06100123012900,Housing and Urban Development - General
Construction of public buildings across the state,200000000.0,200000000.0,0.0,250000000.0,0.0,336,0.24273,0.2612,023400100100,MINISTRY OF WORKS AND TRANSPORT,23030101,REHABILITATION / REPAIRS OF RESIDENTIAL BUILDING,70443,CONSTRUCTION,20542400,STATE WIDE,06100123013000,Housing and Urban Development - General
Rehabilitation of BAHA Guest House,300000000.0,300000000.0,0.0,50000000.0,0.0,336,0.25365,0.27212,023400100100,MINISTRY OF WORKS AND TRANSPORT,23030101,REHABILITATION / REPAIRS OF RESIDENTIAL BUILDING,70443,CONSTRUCTION,20542400,STATE WIDE,06100123013100,Housing and Urban Development - General
Rehabilitation of Ramat House at Bauchi,120000000.0,120000000.0,0.0,5000000.0,0.0,336,0.26456,0.28304,023400100100,MINISTRY OF WORKS AND TRANSPORT,23030121,REHABILITATION / REPAIRS OF OFFICE BUILDINGS,70443,CONSTRUCTION,20542400,STATE WIDE,06100123013200,Housing and Urban Development - General
Renovation/improvement of Teachers Service Commission,50000000.0,50000000.0,0.0,45000000.0,0.0,336,0.27548,0.29396,023400100100,MINISTRY OF WORKS AND TRANSPORT,23030121,REHABILITATION / REPAIRS OF OFFICE BUILDINGS,70443,CONSTRUCTION,20542400,STATE WIDE,06100123013300,Housing and Urban Development - General
Construction/improvement of Civil Service Commission,200000000.0,200000000.0,0.0,100000000.0,0.0,336,0.28556,0.30404,023400100100,MINISTRY OF WORKS AND TRANSPORT,23030101,REHABILITATION / REPAIRS OF RESIDENTIAL BUILDING,70443,CONSTRUCTION,20542400,STATE WIDE,06100123013400,Housing and Urban Development - General
Renovation and Upgrading of VIP5 Building,150000000.0,150000000.0,28978906.54,165000000.0,0.0,336,0.29648,0.31496,023400100100,MINISTRY OF WORKS AND TRANSPORT,23030121,REHABILITATION / REPAIRS OF OFFICE BUILDINGS,70443,CONSTRUCTION,20542400,STATE WIDE,06100123013500,Housing and Urban Development - General
Renovation of Deputy Governor's Office,0.0,0.0,0.0,10000000.0,0.0,336,0.3074,0.32588,023400100100,MINISTRY OF WORKS AND TRANSPORT,23030101,REHABILITATION / REPAIRS OF RESIDENTIAL BUILDING,70443,CONSTRUCTION,20542400,STATE WIDE,06100123013600,Housing and Urban Development - General
Rehab. of Governor's Lodge Azare,100000000.0,100000000.0,0.0,60000000.0,0.0,336,0.31832,0.33679,023400100100,MINISTRY OF WORKS AND TRANSPORT,23030113,REHABILITATION / REPAIRS - ROADS,70443,CONSTRUCTION,20542400,STATE WIDE,06100123013700,Housing and Urban Development - General
Rehab. of Udubo - Gamawa Road,60000000.0,260000000.0,397019004.7,10000000.0,0.0,336,0.32839,0.34687,023400100100,MINISTRY OF WORKS AND TRANSPORT,23020114,CONSTRUCTION / PROVISION OF ROADS,70443,CONSTRUCTION,20542400,STATE WIDE,06100123013800,Housing and Urban Development - General
Outstanding Payments for Completed Roads Projects in Affected Areas of the State.,450000000.0,750000000.0,1421524018.16,100000000.0,0.0,336,0.33931,0.35779,023400100100,MINISTRY OF WORKS AND TRANSPORT,23030113,REHABILITATION / REPAIRS - ROADS,70443,CONSTRUCTION,20542400,STATE WIDE,06100123013900,Housing and Urban Development - General
Rehabliltation of Rugan Kela - Gokaru - Gwaram - Alkaleri Road,350000000.0,350000000.0,0.0,50000000.0,0.0,336,0.35023,0.36871,023400100100,MINISTRY OF WORKS AND TRANSPORT,23030113,REHABILITATION / REPAIRS - ROADS,70443,CONSTRUCTION,20542400,STATE WIDE,06100123014000,Housing and Urban Development - General
Rehabilitation of Darazo - Basirka Road,500000000.0,500000000.0,0.0,2000000000.0,0.0,336,0.36031,0.37879,023400100100,MINISTRY OF WORKS AND TRANSPORT,23030113,REHABILITATION / REPAIRS - ROADS,70443,CONSTRUCTION,20542400,STATE WIDE,06100123014100,Housing and Urban Development - General
Emergency Washout on Road Infrastructure across the state,400000000.0,400000000.0,0.0,500000000.0,0.0,336,0.37123,0.38971,023400100100,MINISTRY OF WORKS AND TRANSPORT,23030113,REHABILITATION / REPAIRS - ROADS,70443,CONSTRUCTION,20542400,STATE WIDE,06100123014200,Housing and Urban Development - General
Construction of Road Projects in the 3 senatorial districts of the State,2000000000.0,2000000000.0,3191293318.3,2000000000.0,0.0,336,0.38215,0.40062,023400100100,MINISTRY OF WORKS AND TRANSPORT,23030113,REHABILITATION / REPAIRS - ROADS,70443,CONSTRUCTION,20542400,STATE WIDE,06100123014300,Housing and Urban Development - General
Rehabilitation of Maraban Liman Katagum Road (Phase 1),50000000.0,50000000.0,0.0,10000000.0,0.0,336,0.39307,0.41154,023400100100,MINISTRY OF WORKS AND TRANSPORT,23030113,REHABILITATION / REPAIRS - ROADS,70443,CONSTRUCTION,20542400,STATE WIDE,06100123014400,Housing and Urban Development - General
Const. and Provision of Erosion and Flood Control Infrastructures Across the State.,200000000.0,200000000.0,0.0,50000000.0,0.0,336,0.40314,0.42162,023400100100,MINISTRY OF WORKS AND TRANSPORT,23020118,CONSTRUCTION / PROVISION OF INFRASTRUCTURE,70443,CONSTRUCTION,20542400,STATE WIDE,06100123014500,Housing and Urban Development - General
Supervision of Projects and Programmes Under the Ministry of Works.,25000000.0,25000000.0,0.0,50000000.0,0.0,336,0.41406,0.43254,023400100100,MINISTRY OF WORKS AND TRANSPORT,23050103,MONITORING AND EVALUATION,70443,CONSTRUCTION,20542400,STATE WIDE,06100123014600,Housing and Urban Development - General
"Road Dualization of Ningi - Kano Road, from (GSS Ningi - Gundiba).",3420479577.75,3791119577.75,7348383647.46,1000000000.0,0.0,336,0.42498,0.44346,023400100100,MINISTRY OF WORKS AND TRANSPORT,23020114,CONSTRUCTION / PROVISION OF ROADS,70443,CONSTRUCTION,20542400,STATE WIDE,06100123014700,Housing and Urban Development - General
Rehabilitation of Jamaáre Old Link Road between East and West Round About,350000000.0,350000000.0,0.0,120000000.0,0.0,336,0.43506,0.45354,023400100100,MINISTRY OF WORKS AND TRANSPORT,23030113,REHABILITATION / REPAIRS - ROADS,70443,CONSTRUCTION,20542400,STATE WIDE,06100123014800,Housing and Urban Development - General
Renovation and Repairs of Airport Facilities at Bauchi Airport,350000000.0,350000000.0,0.0,375000000.0,0.0,336,0.44598,0.46446,023400100100,MINISTRY OF WORKS AND TRANSPORT,23030128,REHABILITATION/REPAIRS OF AIRPORT,70443,CONSTRUCTION,20542400,STATE WIDE,06100123014900,Housing and Urban Development - General
Rehabiliotation of Darazo - Gombe Abba Road.,500000000.0,500000000.0,0.0,50000000.0,0.0,336,0.4569,0.47537,023400100100,MINISTRY OF WORKS AND TRANSPORT,23030113,REHABILITATION / REPAIRS - ROADS,70443,CONSTRUCTION,20542400,STATE WIDE,06100123015000,Housing and Urban Development - General
Reh. Of Dindima - Yashi - Maina Maji Road,2091906062.19,5591906062.19,10975562910.6,1500000000.0,0.0,336,0.46782,0.48629,023400100100,MINISTRY OF WORKS AND TRANSPORT,23030113,REHABILITATION / REPAIRS - ROADS,70443,CONSTRUCTION,20542400,STATE WIDE,06100123015100,Housing and Urban Development - General
Design and Construction of Duguri Mansur Road Project,50000000.0,50000000.0,0.0,1500000000.0,0.0,336,0.47789,0.49637,023400100100,MINISTRY OF WORKS AND TRANSPORT,23020114,CONSTRUCTION / PROVISION OF ROADS,70443,CONSTRUCTION,20542400,STATE WIDE,06100123015200,Housing and Urban Development - General
Rehabilitation of Siri Miya - K/Warji Road,65000000.0,65000000.0,0.0,2000000000.0,0.0,336,0.48881,0.50729,023400100100,MINISTRY OF WORKS AND TRANSPORT,23030113,REHABILITATION / REPAIRS - ROADS,70443,CONSTRUCTION,20542400,STATE WIDE,06100123015300,Housing and Urban Development - General
Construction of Burgel - Gori - Kundum - Zari - Kwapte - Sati Musa Road,425000000.0,425000000.0,0.0,1500000000.0,0.0,336,0.49973,0.51821,023400100100,MINISTRY OF WORKS AND TRANSPORT,23020114,CONSTRUCTION / PROVISION OF ROADS,70443,CONSTRUCTION,20542400,STATE WIDE,06100123015400,Housing and Urban Development - General
Mararraban Daji - Filiri Road,425000000.0,425000000.0,0.0,50000000.0,0.0,336,0.51065,0.52913,023400100100,MINISTRY OF WORKS AND TRANSPORT,23020114,CONSTRUCTION / PROVISION OF ROADS,70443,CONSTRUCTION,20542400,STATE WIDE,06100123015500,Housing and Urban Development - General
Rehabilitation of Liman Katagum - Bununu-Tafawa Balewa Road (Phase II),200000000.0,200000000.0,0.0,1500000000.0,0.0,336,0.52073,0.53921,023400100100,MINISTRY OF WORKS AND TRANSPORT,23030113,REHABILITATION / REPAIRS - ROADS,70443,CONSTRUCTION,20542400,STATE WIDE,06100123015600,Housing and Urban Development - General
Kumbu kudi - Unguwar Tsamiya - Natsira - Kusada - Hanga and Limian Katagum Road,500000000.0,500000000.0,0.0,50000000.0,0.0,336,0.53165,0.55012,023400100100,MINISTRY OF WORKS AND TRANSPORT,23020114,CONSTRUCTION / PROVISION OF ROADS,70443,CONSTRUCTION,20542400,STATE WIDE,06100123015700,Housing and Urban Development - General
Rehabilitation of Adamami - Disina - Jama'are Road.,1500000000.0,1500000000.0,1913208954.8,1500000000.0,0.0,336,0.54257,0.56104,023400100100,MINISTRY OF WORKS AND TRANSPORT,23030113,REHABILITATION / REPAIRS - ROADS,70443,CONSTRUCTION,20542400,STATE WIDE,06100123015800,Housing and Urban Development - General
Design and Construction of Dass - Nabardo Road Project.,50000000.0,50000000.0,0.0,75000000.0,0.0,336,0.55264,0.57112,023400100100,MINISTRY OF WORKS AND TRANSPORT,23020114,CONSTRUCTION / PROVISION OF ROADS,70443,CONSTRUCTION,20542400,STATE WIDE,06100123015900,Housing and Urban Development - General
Rehabilitation of Kari - Misau Road Project.,1750000000.0,1750000000.0,1500815098.7,1500000000.0,0.0,336,0.56356,0.58204,023400100100,MINISTRY OF WORKS AND TRANSPORT,23030113,REHABILITATION / REPAIRS - ROADS,70443,CONSTRUCTION,20542400,STATE WIDE,06100123016000,Housing and Urban Development - General
Construction of Fly Overs in Bauchi Metropolis,2500000000.0,9000000000.0,17419444100.72,3000000000.0,0.0,336,0.57448,0.59296,023400100100,MINISTRY OF WORKS AND TRANSPORT,23020114,CONSTRUCTION / PROVISION OF ROADS,70443,CONSTRUCTION,20542400,STATE WIDE,06100123016100,Housing and Urban Development - General
Construction of Shari'a Court of Appeal Bauchi,450000000.0,450000000.0,0.0,500000000.0,0.0,336,0.5854,0.60388,023400100100,MINISTRY OF WORKS AND TRANSPORT,23020101,CONSTRUCTION / PROVISION OF OFFICE BUILDINGS,70443,CONSTRUCTION,20542400,STATE WIDE,06100123016200,Housing and Urban Development - General
Road Marking Project for the Newly Constructed Roads in the State,200000000.0,200000000.0,0.0,50000000.0,0.0,336,0.59548,0.61396,023400100100,MINISTRY OF WORKS AND TRANSPORT,23020118,CONSTRUCTION / PROVISION OF INFRASTRUCTURE,70443,CONSTRUCTION,20542400,STATE WIDE,06100123016300,Housing and Urban Development - General
Road Construction of Boi - Marti - Gambar - Lere,2000000000.0,2000000000.0,2587052825.14,2000000000.0,0.0,336,0.6064,0.62487,023400100100,MINISTRY OF WORKS AND TRANSPORT,23020114,CONSTRUCTION / PROVISION OF ROADS,70443,CONSTRUCTION,20542400,STATE WIDE,06100123016400,Housing and Urban Development - General
Construction of Geljaule - Lame Road.,2000000000.0,2000000000.0,2630305308.48,1000000000.0,0.0,336,0.61732,0.63579,023400100100,MINISTRY OF WORKS AND TRANSPORT,23020114,CONSTRUCTION / PROVISION OF ROADS,70443,CONSTRUCTION,20542400,STATE WIDE,06100123016500,Housing and Urban Development - General
Construction of Dungulbi - Jitar Road,50000000.0,50000000.0,0.0,50000000.0,0.0,336,0.62823,0.64671,023400100100,MINISTRY OF WORKS AND TRANSPORT,23020114,CONSTRUCTION / PROVISION OF ROADS,70443,CONSTRUCTION,20542400,STATE WIDE,06100123016600,Housing and Urban Development - General
Construction of Kangere - Gwaskwaram Road,50000000.0,50000000.0,0.0,50000000.0,0.0,336,0.63831,0.65679,023400100100,MINISTRY OF WORKS AND TRANSPORT,23020114,CONSTRUCTION / PROVISION OF ROADS,70443,CONSTRUCTION,20542400,STATE WIDE,06100123016700,Housing and Urban Development - General
Construction/Rehabilitation of Liman Katagum - Zungur Road,50000000.0,50000000.0,0.0,50000000.0,0.0,336,0.64923,0.66771,023400100100,MINISTRY OF WORKS AND TRANSPORT,23020114,CONSTRUCTION / PROVISION OF ROADS,70443,CONSTRUCTION,20542400,STATE WIDE,06100123016800,Housing and Urban Development - General
Construction of Road from Jos Road - Zaranda Town,50000000.0,50000000.0,0.0,50000000.0,0.0,336,0.66015,0.67863,023400100100,MINISTRY OF WORKS AND TRANSPORT,23020114,CONSTRUCTION / PROVISION OF ROADS,70443,CONSTRUCTION,20542400,STATE WIDE,06100123016900,Housing and Urban Development - General
Construction of Dumun - Yali Road,100000000.0,100000000.0,0.0,50000000.0,0.0,336,0.67023,0.68871,023400100100,MINISTRY OF WORKS AND TRANSPORT,23020114,CONSTRUCTION / PROVISION OF ROADS,70443,CONSTRUCTION,20542400,STATE WIDE,06100123017000,Housing and Urban Development - General
Road Construction from Mararraban Dajin - Dajin Road.,50000000.0,50000000.0,0.0,50000000.0,0.0,336,0.68115,0.69962,023400100100,MINISTRY OF WORKS AND TRANSPORT,23020114,CONSTRUCTION / PROVISION OF ROADS,70443,CONSTRUCTION,20542400,STATE WIDE,06100123017100,Housing and Urban Development - General
Construction of Kwanar Darajiya-Beli-Zigau Road.,1200000000.0,1000000000.0,0.0,1500000000.0,0.0,336,0.69206,0.71054,023400100100,MINISTRY OF WORKS AND TRANSPORT,23020114,CONSTRUCTION / PROVISION OF ROADS,70443,CONSTRUCTION,20542400,STATE WIDE,06100123017200,Housing and Urban Development - General
Rehabilitation of Murtala Muhammed Road from CBN Roundabout to Railway Roundabout in Bauchi,35000000.0,35000000.0,0.0,50000000.0,0.0,336,0.70298,0.72146,023400100100,MINISTRY OF WORKS AND TRANSPORT,23030113,REHABILITATION / REPAIRS - ROADS,70443,CONSTRUCTION,20542400,STATE WIDE,06100123017300,Housing and Urban Development - General
Construction of Jama'are Road and Rehabilitation of Sule Katagum Road in Azare,150000000.0,150000000.0,0.0,150000000.0,0.0,336,0.71306,0.73154,023400100100,MINISTRY OF WORKS AND TRANSPORT,23020114,CONSTRUCTION / PROVISION OF ROADS,70443,CONSTRUCTION,20542400,STATE WIDE,06100123017400,Housing and Urban Development - General
"Construction / Rehabilitation of Some Selected Roads in Bauchi (ATBHE, Ibrahim Bako Estate, ATBU Gubi)",350000000.0,350000000.0,407054882.58,450000000.0,0.0,336,0.72398,0.74246,023400100100,MINISTRY OF WORKS AND TRANSPORT,23020114,CONSTRUCTION / PROVISION OF ROADS,70443,CONSTRUCTION,20542400,STATE WIDE,06100123017500,Housing and Urban Development - General
Construction / Rehabilitation of Awala Roundabout - Gidan Mai - Zaranda - Miri Road,150000000.0,150000000.0,0.0,150000000.0,0.0,336,0.7349,0.75338,023400100100,MINISTRY OF WORKS AND TRANSPORT,23020114,CONSTRUCTION / PROVISION OF ROADS,70443,CONSTRUCTION,20542400,STATE WIDE,06100123017600,Housing and Urban Development - General
Bauchi Urban Renewal Project: Construction/Dualization/ Rehab of Sir Abubakar T/Balewa Inter. Airport,2000000000.0,1600000000.0,2401156564.28,350000000.0,0.0,336,0.74498,0.76345,023400100100,MINISTRY OF WORKS AND TRANSPORT,23020114,CONSTRUCTION / PROVISION OF ROADS70443 - CONSTRUCTION,,"(SATBIA) Road, Maiduguri Road, Sam Njoma, Road,",20542400,STATE WIDE,06100123017700,Housing and Urban Development - General
Rehabilitation of 1.5km Emir's Palace - Marshal Road - CLIS Junction in Misau,30000000.0,30000000.0,0.0,0.0,0.0,336,0.7559,0.77437,023400100100,MINISTRY OF WORKS AND TRANSPORT,23030113,REHABILITATION / REPAIRS - ROADS,70443,CONSTRUCTION,20542400,STATE WIDE,06100123017800,Housing and Urban Development - General
Construction of Masallacin Balantu (Zungur Off Isa Yuguda Guest House) Road,50000000.0,50000000.0,0.0,0.0,0.0,336,0.76681,0.78529,023400100100,MINISTRY OF WORKS AND TRANSPORT,23020114,CONSTRUCTION / PROVISION OF ROADS,70443,CONSTRUCTION,20542400,STATE WIDE,06100123017900,Housing and Urban Development - General
Construction and Provision of Road Infrastructure Within Bauchi Metropolis,0.0,0.0,0.0,1500000000.0,0.0,336,0.77773,0.79621,023400100100,MINISTRY OF WORKS AND TRANSPORT,23020114,CONSTRUCTION / PROVISION OF ROADS,70443,CONSTRUCTION,20542400,STATE WIDE,06100123018100,Housing and Urban Development - General
Construction and Provision of Traffic and Streetlights Infrastructure in Urban Centres of the State,1200000000.0,1200000000.0,440836192.1,1000000000.0,0.0,336,0.78781,0.80629,023400100100,MINISTRY OF WORKS AND TRANSPORT,23020114,CONSTRUCTION / PROVISION OF ROADS,70443,CONSTRUCTION,20542400,STATE WIDE,06100123018200,Housing and Urban Development - General
Construction of Motor Parks in Selected Areas in the State,650000000.0,650000000.0,0.0,100000000.0,0.0,336,0.79873,0.81721,023400100100,MINISTRY OF WORKS AND TRANSPORT,23020114,CONSTRUCTION / PROVISION OF ROADS,70443,CONSTRUCTION,20542400,STATE WIDE,06100123018300,Housing and Urban Development - General
Construction of Zango - Gwallagan Mayaka Road.,400000000.0,400000000.0,0.0,1000000000.0,0.0,336,0.80965,0.82813,023400100100,MINISTRY OF WORKS AND TRANSPORT,23020114,CONSTRUCTION / PROVISION OF ROADS,70443,CONSTRUCTION,20542400,STATE WIDE,06100123018400,Housing and Urban Development - General
Construction of Sabon Kaura - Birshi Gandu - Yelwa Road.,1250000000.0,1250000000.0,795197083.34,100000000.0,0.0,336,0.82057,0.83904,023400100100,MINISTRY OF WORKS AND TRANSPORT,23020114,CONSTRUCTION / PROVISION OF ROADS,70443,CONSTRUCTION,20542400,STATE WIDE,06100123018500,Housing and Urban Development - General
Construction of Gwallameji - Doka - Rafin Zurfi Dass Road.,900000000.0,900000000.0,818135615.58,400000000.0,0.0,336,0.83065,0.84912,023400100100,MINISTRY OF WORKS AND TRANSPORT,23020114,CONSTRUCTION / PROVISION OF ROADS,70443,CONSTRUCTION,20542400,STATE WIDE,06100123018600,Housing and Urban Development - General
Construction of Roads at Bayara.,900000000.0,900000000.0,1963449738.24,50000000.0,0.0,336,0.84156,0.86004,023400100100,MINISTRY OF WORKS AND TRANSPORT,23020114,CONSTRUCTION / PROVISION OF ROADS,70443,CONSTRUCTION,20542400,STATE WIDE,06100123018700,Housing and Urban Development - General
Construction of Township Roads in Jama'are.,450000000.0,550000000.0,1071545227.12,50000000.0,0.0,336,0.85248,0.87096,023400100100,MINISTRY OF WORKS AND TRANSPORT,23020114,CONSTRUCTION / PROVISION OF ROADS,70443,CONSTRUCTION,20542400,STATE WIDE,06100123018800,Housing and Urban Development - General
"Construction of Road Networks in Sa'adu Zungur (Bauchi State) University, Gadau Campus.",400000000.0,400000000.0,0.0,150000000.0,0.0,336,0.86256,0.88104,023400100100,MINISTRY OF WORKS AND TRANSPORT,23020114,CONSTRUCTION / PROVISION OF ROADS,70443,CONSTRUCTION,20542400,STATE WIDE,06100123018900,Housing and Urban Development - General
Dualization of Emirs Place Road - Setraco Round About in Azare,750000000.0,800000000.0,1523446335.42,1500000000.0,0.0,336,0.87348,0.89196,023400100100,MINISTRY OF WORKS AND TRANSPORT,23020114,CONSTRUCTION / PROVISION OF ROADS,70443,CONSTRUCTION,20542400,STATE WIDE,06100123019000,Housing and Urban Development - General
Construction of Sani Abacha Road in Azare.,1350000000.0,1296700000.0,2837235198.94,5000000.0,0.0,336,0.8844,0.90288,023400100100,MINISTRY OF WORKS AND TRANSPORT,23020114,CONSTRUCTION / PROVISION OF ROADS,70443,CONSTRUCTION,20542400,STATE WIDE,06100123019100,Housing and Urban Development - General
Construction of Township Road Across the State.,80000000.0,80000000.0,0.0,0.0,0.0,336,0.89532,0.91379,023400100100,MINISTRY OF WORKS AND TRANSPORT,23020114,CONSTRUCTION / PROVISION OF ROADS,70443,CONSTRUCTION,20542400,STATE WIDE,06100125000100,Housing and Urban Development - General
Construction of Dott – Bajar Road.,0.0,0.0,0.0,5000000.0,0.0,337,0.09323,0.1117,023400100100,MINISTRY OF WORKS AND TRANSPORT,23020114,CONSTRUCTION / PROVISION OF ROADS,70443,CONSTRUCTION,20542400,STATE WIDE,06100125000200,Housing and Urban Development - General
Construction of Bakin Kogi – Shall Road.,200000000.0,200000000.0,0.0,5000000.0,0.0,337,0.10415,0.12262,023400100100,MINISTRY OF WORKS AND TRANSPORT,23020114,CONSTRUCTION / PROVISION OF ROADS,70443,CONSTRUCTION,20542400,STATE WIDE,06100125000300,Housing and Urban Development - General
Construction/Complete Rehabilitation of Dass Township Roads .,50000000.0,50000000.0,0.0,1000000000.0,0.0,337,0.11506,0.13354,023400100100,MINISTRY OF WORKS AND TRANSPORT,23020114,CONSTRUCTION / PROVISION OF ROADS,70443,CONSTRUCTION,20542400,STATE WIDE,06100125000400,Housing and Urban Development - General
Construction of Alkaleri Township Roads.,50000000.0,50000000.0,0.0,200000000.0,0.0,337,0.12598,0.14446,023400100100,MINISTRY OF WORKS AND TRANSPORT,23020114,CONSTRUCTION / PROVISION OF ROADS,70443,CONSTRUCTION,20542400,STATE WIDE,06100125000500,Housing and Urban Development - General
Rehabilitation of Alkaleri - Kirfi Road.,1000000000.0,500000000.0,0.0,1500000000.0,0.0,337,0.13606,0.15454,023400100100,MINISTRY OF WORKS AND TRANSPORT,23030113,REHABILITATION / REPAIRS - ROADS,70443,CONSTRUCTION,20542400,STATE WIDE,06100125000600,Housing and Urban Development - General
Construction of Bara - Hashidu - Tubule - Garin Malam Julde - Wanka.,1000000000.0,1400000000.0,2603471198.54,1500000000.0,0.0,337,0.14698,0.16546,023400100100,MINISTRY OF WORKS AND TRANSPORT,23020114,CONSTRUCTION / PROVISION OF ROADS,70443,CONSTRUCTION,20542400,STATE WIDE,06100125000700,Housing and Urban Development - General
Construction of Road and Bridge at Gwana District.,1000000000.0,2200000000.0,4040379263.5,1500000000.0,0.0,337,0.1579,0.17638,023400100100,MINISTRY OF WORKS AND TRANSPORT,23020114,CONSTRUCTION / PROVISION OF ROADS,70443,CONSTRUCTION,20542400,STATE WIDE,06100125000800,Housing and Urban Development - General
Construction of Dass - Wandi - Basnam - Lamdi - Durr - Dado Road.,1500000000.0,1500000000.0,0.0,1500000000.0,0.0,337,0.16798,0.18645,023400100100,MINISTRY OF WORKS AND TRANSPORT,23020114,CONSTRUCTION / PROVISION OF ROADS,70443,CONSTRUCTION,20542400,STATE WIDE,06100125000900,Housing and Urban Development - General
Construction of Rimin Zayam Township Road.,2000000000.0,1100000000.0,887006498.82,500000000.0,0.0,337,0.1789,0.19737,023400100100,MINISTRY OF WORKS AND TRANSPORT,23020114,CONSTRUCTION / PROVISION OF ROADS,70443,CONSTRUCTION,20542400,STATE WIDE,06100125001000,Housing and Urban Development - General
Construction of Duguri Township Roads.,1000000000.0,1000000000.0,0.0,1500000000.0,0.0,337,0.18981,0.20829,023400100100,MINISTRY OF WORKS AND TRANSPORT,23020114,CONSTRUCTION / PROVISION OF ROADS,70443,CONSTRUCTION,20542400,STATE WIDE,06100125001100,Housing and Urban Development - General
Construction of Nabardo Bye - Pass.,300000000.0,600000000.0,1117940985.62,500000000.0,0.0,337,0.20073,0.21921,023400100100,MINISTRY OF WORKS AND TRANSPORT,23020114,CONSTRUCTION / PROVISION OF ROADS,70443,CONSTRUCTION,20542400,STATE WIDE,06100125001200,Housing and Urban Development - General
Construction of Gajin Duguri Bye - Pass.,1000000000.0,1550000000.0,3043016892.32,0.0,0.0,337,0.21081,0.22929,023400100100,MINISTRY OF WORKS AND TRANSPORT,23020114,CONSTRUCTION / PROVISION OF ROADS,70443,CONSTRUCTION,20542400,STATE WIDE,06100125001300,Housing and Urban Development - General
Construction of Bauchi Township Roads,287747808.16,300000000.0,513150435.92,2500000000.0,0.0,337,0.22173,0.24021,023400100100,MINISTRY OF WORKS AND TRANSPORT,23020114,CONSTRUCTION / PROVISION OF ROADS,70443,CONSTRUCTION,20542400,STATE WIDE,06100125001400,Housing and Urban Development - General
Construction of 6 Span Bridge and Re-Inpost Concrete Line Drainage Along Kuka - Maina Maiji - Pali Road,300000000.0,300000000.0,3869586289.55,0.0,0.0,337,0.23265,0.25113,023400100100,MINISTRY OF WORKS AND TRANSPORT,23020114,CONSTRUCTION / PROVISION OF ROADS,70443,CONSTRUCTION,20542400,STATE WIDE,06100126000100,Housing and Urban Development - General
Design and Construction of 6 Span Bridge Along Nahuta - Rauta Road,2000000000.0,2000000000.0,3746730378.7,0.0,0.0,337,0.24273,0.2612,023400100100,MINISTRY OF WORKS AND TRANSPORT,23020114,CONSTRUCTION / PROVISION OF ROADS,70443,CONSTRUCTION,20542400,STATE WIDE,06100126000200,Housing and Urban Development - General
"Rehabilitation of Zwall - Lere, Boto and Maijuju Tasha Road.",0.0,0.0,0.0,500000000.0,0.0,337,0.25365,0.27212,023400100100,MINISTRY OF WORKS AND TRANSPORT,23030113,REHABILITATION / REPAIRS - ROADS,70443,CONSTRUCTION,20542400,STATE WIDE,06100126000300,Housing and Urban Development - General
Construction of Roads and Bridges Along Nabordo - Jama'ah Road,0.0,0.0,0.0,500000000.0,0.0,337,0.26456,0.28304,023400100100,MINISTRY OF WORKS AND TRANSPORT,23020114,CONSTRUCTION / PROVISION OF ROADS,70443,CONSTRUCTION,20542400,STATE WIDE,06100126000400,Housing and Urban Development - General
Construction of Roads and Bridges Along Luda - Bauchi Road,0.0,0.0,0.0,500000000.0,0.0,337,0.27548,0.29396,023400100100,MINISTRY OF WORKS AND TRANSPORT,23020114,CONSTRUCTION / PROVISION OF ROADS,70443,CONSTRUCTION,20542400,STATE WIDE,06100126000500,Housing and Urban Development - General
Construction of Roads from Burra - Yadagungume.,0.0,0.0,0.0,500000000.0,0.0,337,0.28556,0.30404,023400100100,MINISTRY OF WORKS AND TRANSPORT,23020114,CONSTRUCTION / PROVISION OF ROADS,70443,CONSTRUCTION,20542400,STATE WIDE,06100126000600,Housing and Urban Development - General
Construction of Roads from Dafatuwo - Jimin - daburai - Bula - gangalawai - Konkiyel,0.0,0.0,0.0,500000000.0,0.0,337,0.29648,0.31496,023400100100,MINISTRY OF WORKS AND TRANSPORT,23020114,CONSTRUCTION / PROVISION OF ROADS,70443,CONSTRUCTION,20542400,STATE WIDE,06100126000700,Housing and Urban Development - General
Construction of Kardam Road in Tafawa Balewa LGA,0.0,0.0,0.0,500000000.0,0.0,337,0.3074,0.32588,023400100100,MINISTRY OF WORKS AND TRANSPORT,23020114,CONSTRUCTION / PROVISION OF ROADS,70443,CONSTRUCTION,20542400,STATE WIDE,06100126000800,Housing and Urban Development - General
Construction of Toro - Ribina Road in Toro LGA,0.0,0.0,0.0,500000000.0,0.0,337,0.31832,0.33679,023400100100,MINISTRY OF WORKS AND TRANSPORT,23020114,CONSTRUCTION / PROVISION OF ROADS,70443,CONSTRUCTION,20542400,STATE WIDE,06100126000900,Housing and Urban Development - General
Rehabilitation of Gumau - Rishi - Rahama Road in Toro LGA.,0.0,0.0,0.0,500000000.0,0.0,337,0.32839,0.34687,023400100100,MINISTRY OF WORKS AND TRANSPORT,23020114,CONSTRUCTION / PROVISION OF ROADS,70443,CONSTRUCTION,20542400,STATE WIDE,06100126001000,Housing and Urban Development - General
Construction of Internal Roads at Bauchi State Higher Institutions of Learning.,0.0,0.0,0.0,2500000000.0,0.0,337,0.33931,0.35779,023400100100,MINISTRY OF WORKS AND TRANSPORT,23020114,CONSTRUCTION / PROVISION OF ROADS,70443,CONSTRUCTION,20542400,STATE WIDE,06100126001100,Housing and Urban Development - General
Construction of Burgel - Gori Road in Tafawa Balewa LGA.,0.0,0.0,0.0,500000000.0,0.0,337,0.35023,0.36871,023400100100,MINISTRY OF WORKS AND TRANSPORT,23020114,CONSTRUCTION / PROVISION OF ROADS,70443,CONSTRUCTION,20542400,STATE WIDE,06100126001200,Housing and Urban Development - General
Construction of Jitar Road in Bauchi LGA.,0.0,0.0,0.0,500000000.0,0.0,337,0.36031,0.37879,023400100100,MINISTRY OF WORKS AND TRANSPORT,23020114,CONSTRUCTION / PROVISION OF ROADS,70443,CONSTRUCTION,20542400,STATE WIDE,06100126001300,Housing and Urban Development - General
Rehabilitation of Liman Katagum - Tafawa Balewa Road,0.0,0.0,0.0,1200000000.0,0.0,337,0.37123,0.38971,023400100100,MINISTRY OF WORKS AND TRANSPORT,23030113,REHABILITATION / REPAIRS - ROADS,70443,CONSTRUCTION,20542400,STATE WIDE,06100126001400,Housing and Urban Development - General
Rehabilitation of Maraban Burga - Burga Town,0.0,0.0,0.0,1200000000.0,0.0,337,0.38215,0.40062,023400100100,MINISTRY OF WORKS AND TRANSPORT,23030113,REHABILITATION / REPAIRS - ROADS,70443,CONSTRUCTION,20542400,STATE WIDE,06100126001500,Housing and Urban Development - General
Construction of Gori - Bandas Road,0.0,0.0,0.0,1200000000.0,0.0,337,0.39307,0.41154,023400100100,MINISTRY OF WORKS AND TRANSPORT,23020114,CONSTRUCTION / PROVISION OF ROADS,70443,CONSTRUCTION,20542400,STATE WIDE,06100126001600,Housing and Urban Development - General
Construction of Burga - Dull Road,0.0,0.0,0.0,2000000000.0,0.0,337,0.40314,0.42162,023400100100,MINISTRY OF WORKS AND TRANSPORT,23030113,REHABILITATION / REPAIRS - ROADS,70443,CONSTRUCTION,20542400,STATE WIDE,06100126001700,Housing and Urban Development - General
Rehabilitation of Misau - Zadawa - Azare Road,0.0,0.0,0.0,2000000000.0,0.0,337,0.41406,0.43254,023400100100,MINISTRY OF WORKS AND TRANSPORT,23030113,REHABILITATION / REPAIRS - ROADS,70443,CONSTRUCTION,20542400,STATE WIDE,06100126001800,Housing and Urban Development - General
Rehabilitation of Azare - Sakwa - Katagum Road,0.0,0.0,0.0,2500000000.0,0.0,337,0.42498,0.44346,023400100100,MINISTRY OF WORKS AND TRANSPORT,23030113,REHABILITATION / REPAIRS - ROADS,70443,CONSTRUCTION,20542400,STATE WIDE,06100126001900,Housing and Urban Development - General
Rehabilitation of Jama'are - Itas Road,0.0,0.0,0.0,2000000000.0,0.0,337,0.43506,0.45354,023400100100,MINISTRY OF WORKS AND TRANSPORT,23030113,REHABILITATION / REPAIRS - ROADS,70443,CONSTRUCTION,20542400,STATE WIDE,06100126002000,Housing and Urban Development - General
Construction of 17 Nos. Bauchi Township Roads,0.0,0.0,0.0,3000000000.0,0.0,337,0.44598,0.46446,023400100100,MINISTRY OF WORKS AND TRANSPORT,23020114,CONSTRUCTION / PROVISION OF ROADS,70443,CONSTRUCTION,20542400,STATE WIDE,06100126002100,Housing and Urban Development - General
Construction of Azare Township Roads,0.0,0.0,0.0,1000000000.0,0.0,337,0.4569,0.47537,023400100100,MINISTRY OF WORKS AND TRANSPORT,23020114,CONSTRUCTION / PROVISION OF ROADS,70443,CONSTRUCTION,20542400,STATE WIDE,06100126002200,Housing and Urban Development - General
Construction of Danfodio Link Road At New GRA Bauchi,0.0,0.0,0.0,300000000.0,0.0,337,0.46782,0.48629,023400100100,MINISTRY OF WORKS AND TRANSPORT,23020114,CONSTRUCTION / PROVISION OF ROADS,70443,CONSTRUCTION,20542400,STATE WIDE,06100126002300,Housing and Urban Development - General
Construction of Roads and Bridges Along Nabordo - Jama'ah Road,0.0,0.0,0.0,300000000.0,0.0,337,0.47789,0.49637,023400100100,MINISTRY OF WORKS AND TRANSPORT,23020114,CONSTRUCTION / PROVISION OF ROADS,70443,CONSTRUCTION,20542400,STATE WIDE,06100126002400,Housing and Urban Development - General
Construction of Roads and Bridges Along Luda - Bauchi Road,0.0,0.0,0.0,300000000.0,0.0,337,0.48881,0.50729,023400100100,MINISTRY OF WORKS AND TRANSPORT,23020114,CONSTRUCTION / PROVISION OF ROADS,70443,CONSTRUCTION,20542400,STATE WIDE,06100126002500,Housing and Urban Development - General
Construction of Roads from Burra - Yadagungume.,0.0,0.0,0.0,300000000.0,0.0,337,0.49973,0.51821,023400100100,MINISTRY OF WORKS AND TRANSPORT,23020114,CONSTRUCTION / PROVISION OF ROADS,70443,CONSTRUCTION,20542400,STATE WIDE,06100126002600,Housing and Urban Development - General
Construction of Roads from Dafatuwo - Jimin - daburai - Bula - gangalawai - Konkiyel,0.0,0.0,0.0,300000000.0,0.0,337,0.51065,0.52913,023400100100,MINISTRY OF WORKS AND TRANSPORT,23020114,CONSTRUCTION / PROVISION OF ROADS,70443,CONSTRUCTION,20542400,STATE WIDE,06100126002700,Housing and Urban Development - General
Construction of Kardam Road in Tafawa Balewa LGA,0.0,0.0,0.0,300000000.0,0.0,337,0.52073,0.53921,023400100100,MINISTRY OF WORKS AND TRANSPORT,23020114,CONSTRUCTION / PROVISION OF ROADS,70443,CONSTRUCTION,20542400,STATE WIDE,06100126002800,Housing and Urban Development - General
Construction of Toro - Ribina Road in Toro LGA,0.0,0.0,0.0,300000000.0,0.0,337,0.53165,0.55012,023400100100,MINISTRY OF WORKS AND TRANSPORT,23020114,CONSTRUCTION / PROVISION OF ROADS,70443,CONSTRUCTION,20542400,STATE WIDE,06100126002900,Housing and Urban Development - General
Rehabilitation of Gumau - Rishi - Rahama Road in Toro LGA.,0.0,0.0,0.0,300000000.0,0.0,337,0.54257,0.56104,023400100100,MINISTRY OF WORKS AND TRANSPORT,23030113,REHABILITATION / REPAIRS - ROADS,70443,CONSTRUCTION,20542400,STATE WIDE,06100126003000,Housing and Urban Development - General
Construction of Internal Roads at Bauchi State Higher Institutions of Learning.,0.0,0.0,0.0,2500000000.0,0.0,337,0.55264,0.57112,023400100100,MINISTRY OF WORKS AND TRANSPORT,23020114,CONSTRUCTION / PROVISION OF ROADS,70443,CONSTRUCTION,20542400,STATE WIDE,06100126003100,Housing and Urban Development - General
Construction of Burgel - Gori Road in Tafawa Balewa LGA.,0.0,0.0,0.0,300000000.0,0.0,337,0.56356,0.58204,023400100100,MINISTRY OF WORKS AND TRANSPORT,23020114,CONSTRUCTION / PROVISION OF ROADS,70443,CONSTRUCTION,20542400,STATE WIDE,06100126003200,Housing and Urban Development - General
Construction of Jitar Road in Bauchi LGA.,0.0,0.0,0.0,300000000.0,0.0,337,0.57448,0.59296,023400100100,MINISTRY OF WORKS AND TRANSPORT,23020114,CONSTRUCTION / PROVISION OF ROADS,70443,CONSTRUCTION,20542400,STATE WIDE,06100126003300,Housing and Urban Development - General
Construction of Road in Gamawa LGA,0.0,0.0,0.0,300000000.0,0.0,337,0.5854,0.60388,023400100100,MINISTRY OF WORKS AND TRANSPORT,23020114,CONSTRUCTION / PROVISION OF ROADS,70443,CONSTRUCTION,20542400,STATE WIDE,06100126003400,Housing and Urban Development - General
Construction of Road in Kirfi LGA,0.0,0.0,0.0,300000000.0,0.0,337,0.59548,0.61396,023400100100,MINISTRY OF WORKS AND TRANSPORT,23020114,CONSTRUCTION / PROVISION OF ROADS,70443,CONSTRUCTION,20542400,STATE WIDE,06100126003500,Housing and Urban Development - General
Construction of Road in Bogoro LGA,0.0,0.0,0.0,300000000.0,0.0,337,0.6064,0.62487,023400100100,MINISTRY OF WORKS AND TRANSPORT,23020114,CONSTRUCTION / PROVISION OF ROADS,70443,CONSTRUCTION,20542400,STATE WIDE,06100126003600,Housing and Urban Development - General
Construction of Road in Tafawa BalewaLGA,0.0,0.0,0.0,300000000.0,0.0,337,0.61732,0.63579,023400100100,MINISTRY OF WORKS AND TRANSPORT,23020114,CONSTRUCTION / PROVISION OF ROADS,70443,CONSTRUCTION,20542400,STATE WIDE,06100126003700,Housing and Urban Development - General
Construction of Road in Warji LGA,0.0,0.0,0.0,300000000.0,0.0,337,0.62823,0.64671,023400100100,MINISTRY OF WORKS AND TRANSPORT,23020114,CONSTRUCTION / PROVISION OF ROADS,70443,CONSTRUCTION,20542400,STATE WIDE,06100126003800,Housing and Urban Development - General
Construction of Road in Ningi LGA,0.0,0.0,0.0,300000000.0,0.0,337,0.63831,0.65679,023400100100,MINISTRY OF WORKS AND TRANSPORT,23020114,CONSTRUCTION / PROVISION OF ROADS,70443,CONSTRUCTION,20542400,STATE WIDE,06100126003900,Housing and Urban Development - General
Construction of Road in Itas Gadau LGA,0.0,0.0,0.0,300000000.0,0.0,337,0.64923,0.66771,023400100100,MINISTRY OF WORKS AND TRANSPORT,23020114,CONSTRUCTION / PROVISION OF ROADS,70443,CONSTRUCTION,20542400,STATE WIDE,06100126004000,Housing and Urban Development - General
Construction of Road in Darazo LGA,0.0,0.0,0.0,300000000.0,0.0,337,0.66015,0.67863,023400100100,MINISTRY OF WORKS AND TRANSPORT,23020114,CONSTRUCTION / PROVISION OF ROADS,70443,CONSTRUCTION,20542400,STATE WIDE,06100126004100,Housing and Urban Development - General
Construction of Road in Katagum LGA,0.0,0.0,0.0,300000000.0,0.0,337,0.67023,0.68871,023400100100,MINISTRY OF WORKS AND TRANSPORT,23020114,CONSTRUCTION / PROVISION OF ROADS,70443,CONSTRUCTION,20542400,STATE WIDE,06100126004200,Housing and Urban Development - General
Construction of Road in Giade LGA,0.0,0.0,0.0,300000000.0,0.0,337,0.68115,0.69962,023400100100,MINISTRY OF WORKS AND TRANSPORT,23020114,CONSTRUCTION / PROVISION OF ROADS,70443,CONSTRUCTION,20542400,STATE WIDE,06100126004300,Housing and Urban Development - General
Construction of Road in Misau LGA,0.0,0.0,0.0,300000000.0,0.0,337,0.69206,0.71054,023400100100,MINISTRY OF WORKS AND TRANSPORT,23020114,CONSTRUCTION / PROVISION OF ROADS,70443,CONSTRUCTION,20542400,STATE WIDE,06100126004400,Housing and Urban Development - General
Construction of Road in Dambam LGA,0.0,0.0,0.0,300000000.0,0.0,337,0.70298,0.72146,023400100100,MINISTRY OF WORKS AND TRANSPORT,23020114,CONSTRUCTION / PROVISION OF ROADS,70443,CONSTRUCTION,20542400,STATE WIDE,06100126004500,Housing and Urban Development - General
Construction of Road in Ganjuwa LGA,0.0,0.0,0.0,300000000.0,0.0,337,0.71306,0.73154,023400100100,MINISTRY OF WORKS AND TRANSPORT,23020114,CONSTRUCTION / PROVISION OF ROADS,70443,CONSTRUCTION,20542400,STATE WIDE,06100126004600,Housing and Urban Development - General
Construction of Road in Toro LGA,0.0,0.0,0.0,300000000.0,0.0,337,0.72398,0.74246,023400100100,MINISTRY OF WORKS AND TRANSPORT,23020114,CONSTRUCTION / PROVISION OF ROADS,70443,CONSTRUCTION,20542400,STATE WIDE,06100126004700,Housing and Urban Development - General
Construction of Road in Shira LGA,0.0,0.0,0.0,250000000.0,0.0,337,0.7349,0.75338,023400100100,MINISTRY OF WORKS AND TRANSPORT,23020114,CONSTRUCTION / PROVISION OF ROADS,70443,CONSTRUCTION,20542400,STATE WIDE,06100126004800,Housing and Urban Development - General
Construction of Road in Zaki LGA,0.0,0.0,0.0,250000000.0,0.0,337,0.74498,0.76345,023400100100,MINISTRY OF WORKS AND TRANSPORT,23020114,CONSTRUCTION / PROVISION OF ROADS,70443,CONSTRUCTION,20542400,STATE WIDE,06100126004900,Housing and Urban Development - General
Dualization of 3.8km Maiduguri Road from 7km to University (Asphalt),0.0,0.0,0.0,1500000000.0,0.0,337,0.7559,0.77437,023400100100,MINISTRY OF WORKS AND TRANSPORT,23020114,CONSTRUCTION / PROVISION OF ROADS,70443,CONSTRUCTION,20542400,STATE WIDE,06100126005000,Housing and Urban Development - General
Construction of 6.1km Road at Jitar Bauchi (Asphalt),0.0,0.0,0.0,1000000000.0,0.0,337,0.76681,0.78529,023400100100,MINISTRY OF WORKS AND TRANSPORT,23020114,CONSTRUCTION / PROVISION OF ROADS,70443,CONSTRUCTION,20542400,STATE WIDE,06100126005100,Housing and Urban Development - General
Construction of Malam Yusuf Mai Littafi - Zubairu Madaki Mosque road (Asphalt),0.0,0.0,0.0,500000000.0,0.0,337,0.77773,0.79621,023400100100,MINISTRY OF WORKS AND TRANSPORT,23020114,CONSTRUCTION / PROVISION OF ROADS,70443,CONSTRUCTION,20542400,STATE WIDE,06100126005200,Housing and Urban Development - General
Construction of Ilellah - Kobi road 550M Bauchi (Asphalt),0.0,0.0,0.0,300000000.0,0.0,337,0.78781,0.80629,023400100100,MINISTRY OF WORKS AND TRANSPORT,23020114,CONSTRUCTION / PROVISION OF ROADS,70443,CONSTRUCTION,20542400,STATE WIDE,06100126005300,Housing and Urban Development - General
Rehabilitation of Kandahar Road 2.43km (8M Width) Bauchi Asphalt),0.0,0.0,0.0,500000000.0,0.0,337,0.79873,0.81721,023400100100,MINISTRY OF WORKS AND TRANSPORT,23030113,REHABILITATION / REPAIRS - ROADS,70443,CONSTRUCTION,20542400,STATE WIDE,06100126005400,Housing and Urban Development - General
Construction of Magaji Quarters - Unguwar Sarakuna - Buhari Academy 2.2km and 700 Spur road to APC,0.0,0.0,0.0,800000000.0,0.0,337,0.80965,0.82813,023400100100,MINISTRY OF WORKS AND TRANSPORT,23020114,CONSTRUCTION / PROVISION OF ROADS70443 - CONSTRUCTION,,Secretariat (8m) Width) (Asphalt),20542400,STATE WIDE,06100126005500,Housing and Urban Development - General
Construction of Miri - Tsohon Kamfani - wuntin dada - Baraya Quarters 4.8Km (Asphalt),0.0,0.0,0.0,1600000000.0,0.0,337,0.82057,0.83904,023400100100,MINISTRY OF WORKS AND TRANSPORT,23020114,CONSTRUCTION / PROVISION OF ROADS,70443,CONSTRUCTION,20542400,STATE WIDE,06100126005600,Housing and Urban Development - General
"Construction of Internal road at State University Yuli campus, Bauchi (550M Doule lane, 2.9Km single lan",0.0,0.0,0.0,950000000.0,0.0,337,0.83065,0.84912,023400100100,MINISTRY OF WORKS AND TRANSPORT,23020114,CONSTRUCTION / PROVISION OF ROADS70443 - CONSTRUCTION,,e) (Asphalt),20542400,STATE WIDE,06100126005700,Housing and Urban Development - General
construction of Yakubu wanka - Unguwa Makafi - IBB Square 1.120km Bauchi (Asphalt),0.0,0.0,0.0,500000000.0,0.0,337,0.84156,0.86004,023400100100,MINISTRY OF WORKS AND TRANSPORT,23020114,CONSTRUCTION / PROVISION OF ROADS,70443,CONSTRUCTION,20542400,STATE WIDE,06100126005800,Housing and Urban Development - General
Construction of 400m Crescent Alh. Sani Kafi Residence Old GRA Bauchi (Asphalt),0.0,0.0,0.0,150000000.0,0.0,337,0.85248,0.87096,023400100100,MINISTRY OF WORKS AND TRANSPORT,23020114,CONSTRUCTION / PROVISION OF ROADS,70443,CONSTRUCTION,20542400,STATE WIDE,06100126005900,Housing and Urban Development - General
Construction of Burgel - Gori road 9km (Asphalt),0.0,0.0,0.0,1200000000.0,0.0,337,0.86256,0.88104,023400100100,MINISTRY OF WORKS AND TRANSPORT,23020114,CONSTRUCTION / PROVISION OF ROADS,70443,CONSTRUCTION,20542400,STATE WIDE,06100126006000,Housing and Urban Development - General
Construction of Magama - Gumau Bye - Pass (Asphalt),0.0,0.0,0.0,1000000000.0,0.0,337,0.87348,0.89196,023400100100,MINISTRY OF WORKS AND TRANSPORT,23020114,CONSTRUCTION / PROVISION OF ROADS,70443,CONSTRUCTION,20542400,STATE WIDE,06100126006100,Housing and Urban Development - General
Rehabilitation of CBN Quarters - Awalah Round About.,0.0,0.0,0.0,500000000.0,0.0,337,0.8844,0.90288,023400100100,MINISTRY OF WORKS AND TRANSPORT,23030113,REHABILITATION / REPAIRS - ROADS,70443,CONSTRUCTION,20542400,STATE WIDE,06100126006200,Housing and Urban Development - General
Construction of Usmaniya Filling Station Road 3km (Asphalt),0.0,0.0,0.0,700000000.0,0.0,337,0.89532,0.91379,023400100100,MINISTRY OF WORKS AND TRANSPORT,23020114,CONSTRUCTION / PROVISION OF ROADS,70443,CONSTRUCTION,20542400,STATE WIDE,06100126006300,Housing and Urban Development - General
Construction of Tilden fulani Twonship Road C. Hanyan Gidan Sarki 300M (Asphalt),0.0,0.0,0.0,200000000.0,0.0,338,0.09323,0.1117,023400100100,MINISTRY OF WORKS AND TRANSPORT,23020114,CONSTRUCTION / PROVISION OF ROADS,70443,CONSTRUCTION,20542400,STATE WIDE,06100126006400,Housing and Urban Development - General
Construction of Tilden Fulani Township Road B. Tudun Kaya (Asphalt),0.0,0.0,0.0,500000000.0,0.0,338,0.10415,0.12262,023400100100,MINISTRY OF WORKS AND TRANSPORT,23020114,CONSTRUCTION / PROVISION OF ROADS,70443,CONSTRUCTION,20542400,STATE WIDE,06100126006500,Housing and Urban Development - General
Construction of 8km Gwashe - Kardam Road (Boto) (Asphalt),0.0,0.0,0.0,1200000000.0,0.0,338,0.11506,0.13354,023400100100,MINISTRY OF WORKS AND TRANSPORT,23020114,CONSTRUCTION / PROVISION OF ROADS,70443,CONSTRUCTION,20542400,STATE WIDE,06100126006600,Housing and Urban Development - General
Rehabilitation of Toro Twonship road 5km (Asphalt),0.0,0.0,0.0,2000000000.0,0.0,338,0.12598,0.14446,023400100100,MINISTRY OF WORKS AND TRANSPORT,23030113,REHABILITATION / REPAIRS - ROADS,70443,CONSTRUCTION,20542400,STATE WIDE,06100126006700,Housing and Urban Development - General
Construction of Tilden Fulani Township road 1km. World Democrat Filling Station (Asphalt),0.0,0.0,0.0,400000000.0,0.0,338,0.13606,0.15454,023400100100,MINISTRY OF WORKS AND TRANSPORT,23020114,CONSTRUCTION / PROVISION OF ROADS,70443,CONSTRUCTION,20542400,STATE WIDE,06100126006800,Housing and Urban Development - General
Purchase 1 nos. Official Vehicle for DG,20000000.0,20000000.0,0.0,50000000.0,0.0,338,0.18981,0.20829,023400200100,BAUCHI ROADS AND TRAFFIC AGENCY,23010105,PURCHASE OF MOTOR VEHICLES,70361,PUBLIC ORDER AND SAFETY N.E.C.,20542400,STATE WIDE,13100123008000,Reform of Government and Governance - General
Purchase of 3 nos. of Motor Vehicles for management staff,50000000.0,50000000.0,0.0,0.0,0.0,338,0.20073,0.21921,023400200100,BAUCHI ROADS AND TRAFFIC AGENCY,23010105,PURCHASE OF MOTOR VEHICLES,70361,PUBLIC ORDER AND SAFETY N.E.C.,20542400,STATE WIDE,13100123008100,Reform of Government and Governance - General
Purchase of 5 nos. of Power Bikes,40000000.0,40000000.0,0.0,75000000.0,0.0,338,0.21081,0.22929,023400200100,BAUCHI ROADS AND TRAFFIC AGENCY,23010104,PURCHASE MOTOR CYCLES,70361,PUBLIC ORDER AND SAFETY N.E.C.,20542400,STATE WIDE,13100123008200,Reform of Government and Governance - General
Purchase of 2 nos. 18-c Seater Bus,40000000.0,40000000.0,0.0,0.0,0.0,338,0.22173,0.24021,023400200100,BAUCHI ROADS AND TRAFFIC AGENCY,23010108,PURCHASE OF BUSES,70361,PUBLIC ORDER AND SAFETY N.E.C.,20542400,STATE WIDE,13100123008300,Reform of Government and Governance - General
Purchase of 3 nos. of Patrol Vehicles (3Hilvx),100000000.0,100000000.0,150500000.0,0.0,0.0,338,0.23265,0.25113,023400200100,BAUCHI ROADS AND TRAFFIC AGENCY,23010106,PURCHASE OF VANS,70361,PUBLIC ORDER AND SAFETY N.E.C.,20542400,STATE WIDE,13100123008400,Reform of Government and Governance - General
Purchase of 2 nos. Peugeot 307 wagon for Enforcement,50000000.0,50000000.0,0.0,0.0,0.0,338,0.24273,0.2612,023400200100,BAUCHI ROADS AND TRAFFIC AGENCY,23010105,PURCHASE OF MOTOR VEHICLES,70361,PUBLIC ORDER AND SAFETY N.E.C.,20542400,STATE WIDE,13100123008500,Reform of Government and Governance - General
Purchase of 2 nos. of Towing VAN 2 No (10 – 20 Tons),56000000.0,86000000.0,149640000.0,150000000.0,0.0,338,0.25365,0.27212,023400200100,BAUCHI ROADS AND TRAFFIC AGENCY,23010106,PURCHASE OF VANS,70361,PUBLIC ORDER AND SAFETY N.E.C.,20542400,STATE WIDE,13100123008600,Reform of Government and Governance - General
Purchase of 1 no. of Heavy Veh. Towing Truck With Cranes 30+Tons,45000000.0,45000000.0,0.0,180000000.0,0.0,338,0.26456,0.28304,023400200100,BAUCHI ROADS AND TRAFFIC AGENCY,23010107,PURCHASE OF TRUCKS,70361,PUBLIC ORDER AND SAFETY N.E.C.,20542400,STATE WIDE,13100123008700,Reform of Government and Governance - General
Purchase of 1 Unit AMBLANCE Vehicle.,35000000.0,35000000.0,0.0,0.0,0.0,338,0.27548,0.29396,023400200100,BAUCHI ROADS AND TRAFFIC AGENCY,23010105,PURCHASE OF MOTOR VEHICLES,70361,PUBLIC ORDER AND SAFETY N.E.C.,20542400,STATE WIDE,13100123008800,Reform of Government and Governance - General
"Provision and Supply of 100 Units Office Tables, Chairs, and other Equipment for Staff",45000000.0,45000000.0,0.0,50000000.0,0.0,338,0.28556,0.30404,023400200100,BAUCHI ROADS AND TRAFFIC AGENCY,23010112,PURCHASE OF OFFICE FURNITURE AND FITTINGS,70361,PUBLIC ORDER AND SAFETY N.E.C.,20542400,STATE WIDE,13100123008900,Reform of Government and Governance - General
Purchase of Computer 20 Nos All-in one,25000000.0,25000000.0,0.0,0.0,0.0,338,0.29648,0.31496,023400200100,BAUCHI ROADS AND TRAFFIC AGENCY,23010113,PURCHASE OF COMPUTERS,70361,PUBLIC ORDER AND SAFETY N.E.C.,20542400,STATE WIDE,13100123009000,Reform of Government and Governance - General
Purchase of 10 nos. of laptop computers,5000000.0,5000000.0,0.0,0.0,0.0,338,0.3074,0.32588,023400200100,BAUCHI ROADS AND TRAFFIC AGENCY,23010113,PURCHASE OF COMPUTERS,70361,PUBLIC ORDER AND SAFETY N.E.C.,20542400,STATE WIDE,13100123009100,Reform of Government and Governance - General
Purchase of 5 nos. Computer Printers,5000000.0,5000000.0,0.0,0.0,0.0,338,0.31832,0.33679,023400200100,BAUCHI ROADS AND TRAFFIC AGENCY,23010114,PURCHASE OF COMPUTER PRINTERS,70361,PUBLIC ORDER AND SAFETY N.E.C.,20542400,STATE WIDE,13100123009200,Reform of Government and Governance - General
Purchase of Photocopy Machines 2 Nos,5000000.0,5000000.0,0.0,0.0,0.0,338,0.32839,0.34687,023400200100,BAUCHI ROADS AND TRAFFIC AGENCY,23010115,PURCHASE OF PHOTOCOPYING MACHINES,70361,PUBLIC ORDER AND SAFETY N.E.C.,20542400,STATE WIDE,13100123009300,Reform of Government and Governance - General
Purchase of 4 nos. of Scanners,17000000.0,17000000.0,0.0,0.0,0.0,338,0.33931,0.35779,023400200100,BAUCHI ROADS AND TRAFFIC AGENCY,23010118,PURCHASE OF SCANNERS,70361,PUBLIC ORDER AND SAFETY N.E.C.,20542400,STATE WIDE,13100123009400,Reform of Government and Governance - General
Purchase of Power Generating Set (75 KVA),100000000.0,100000000.0,126137812.5,50000000.0,0.0,338,0.35023,0.36871,023400200100,BAUCHI ROADS AND TRAFFIC AGENCY,23010119,PURCHASE OF POWER GENERATING SET,70361,PUBLIC ORDER AND SAFETY N.E.C.,20542400,STATE WIDE,13100123009500,Reform of Government and Governance - General
Purchase of Security Teargas and Batons for Law enforcements,20000000.0,20000000.0,0.0,100000000.0,0.0,338,0.36031,0.37879,023400200100,BAUCHI ROADS AND TRAFFIC AGENCY,23010128,PURCHASE OF SECURITY EQUIPMENT,70361,PUBLIC ORDER AND SAFETY N.E.C.,20542400,STATE WIDE,13100123009600,Reform of Government and Governance - General
Purchase of Motorized 10 Nos. of Barricades Equipments,20000000.0,20000000.0,0.0,0.0,0.0,338,0.37123,0.38971,023400200100,BAUCHI ROADS AND TRAFFIC AGENCY,23010128,PURCHASE OF SECURITY EQUIPMENT,70361,PUBLIC ORDER AND SAFETY N.E.C.,20542400,STATE WIDE,13100123009700,Reform of Government and Governance - General
Purchase of Procurement & installation of Vehicle Trackers,30000000.0,30000000.0,0.0,70000000.0,0.0,338,0.38215,0.40062,023400200100,BAUCHI ROADS AND TRAFFIC AGENCY,23010128,PURCHASE OF SECURITY EQUIPMENT,70361,PUBLIC ORDER AND SAFETY N.E.C.,20542400,STATE WIDE,13100123009800,Reform of Government and Governance - General
Purchase of 20 Nos of CCTV Cameras for Security Surveillance.,10000000.0,10000000.0,0.0,50000000.0,0.0,338,0.39307,0.41154,023400200100,BAUCHI ROADS AND TRAFFIC AGENCY,23010128,PURCHASE OF SECURITY EQUIPMENT,70361,PUBLIC ORDER AND SAFETY N.E.C.,20542400,STATE WIDE,13100123009900,Reform of Government and Governance - General
Purchase of Security Outfit for 250 Cadets and Marshals - 2 Pairs,30000000.0,30000000.0,0.0,45000000.0,0.0,338,0.40314,0.42162,023400200100,BAUCHI ROADS AND TRAFFIC AGENCY,23010128,PURCHASE OF SECURITY EQUIPMENT,70361,PUBLIC ORDER AND SAFETY N.E.C.,20542400,STATE WIDE,13100123010000,Reform of Government and Governance - General
Purchase of Musical Band and Instruments for Parades and Drills,25000000.0,25000000.0,0.0,20000000.0,0.0,338,0.41406,0.43254,023400200100,BAUCHI ROADS AND TRAFFIC AGENCY,23010149,PURCHASE OF MUSICAL INSTRUMENTS,70361,PUBLIC ORDER AND SAFETY N.E.C.,20542400,STATE WIDE,13100123010100,Reform of Government and Governance - General
Construction of Office Building at the Permanent Site in Bauchi State.,50000000.0,50000000.0,0.0,180000000.0,0.0,338,0.42498,0.44346,023400200100,BAUCHI ROADS AND TRAFFIC AGENCY,23020101,CONSTRUCTION / PROVISION OF OFFICE BUILDINGS,70361,PUBLIC ORDER AND SAFETY N.E.C.,20542400,STATE WIDE,13100123010200,Reform of Government and Governance - General
Provision of Infrastructures and Facilities at Bauchi Road and Traffic Agency,30000000.0,30000000.0,0.0,0.0,0.0,338,0.43506,0.45354,023400200100,BAUCHI ROADS AND TRAFFIC AGENCY,23020118,CONSTRUCTION / PROVISION OF INFRASTRUCTURE,70361,PUBLIC ORDER AND SAFETY N.E.C.,20542400,STATE WIDE,13100123010300,Reform of Government and Governance - General
Acquisition of Computer Application Software and License,30000000.0,30000000.0,0.0,0.0,0.0,338,0.44598,0.46446,023400200100,BAUCHI ROADS AND TRAFFIC AGENCY,23050102,COMPUTER SOFTWARE ACQUISITION,70361,PUBLIC ORDER AND SAFETY N.E.C.,20542400,STATE WIDE,13100123010400,Reform of Government and Governance - General
Supervision of Programmes and Projects of Bauchi Road and Traffic Agency,15000000.0,15000000.0,0.0,55000000.0,0.0,338,0.4569,0.47537,023400200100,BAUCHI ROADS AND TRAFFIC AGENCY,23050103,MONITORING AND EVALUATION,70361,PUBLIC ORDER AND SAFETY N.E.C.,20542400,STATE WIDE,13100123010500,Reform of Government and Governance - General
Purchase of 2nos. Trucks ( 1no. Low Bed & 1 no. Tar Boiler),300000000.0,300000000.0,0.0,10000000.0,0.0,338,0.51065,0.52913,023400300100,BAUCHI STATE INFRASTRUCTURE DEVELOPMENT MAINTENANCE AGENCY,23010107,PURCHASE OF TRUCKS,70474,MULTIPURPOSE DEVELOPMENT PROJECTS,20542400,STATE WIDE,06100123010700,Housing and Urban Development - General
Purchase of Surveying Equipment for the Newly Established BASIDMA,25000000.0,25000000.0,0.0,80000000.0,0.0,338,0.52073,0.53921,023400300100,BAUCHI STATE INFRASTRUCTURE DEVELOPMENT MAINTENANCE AGENCY,23010133,PURCHASES OF SURVEYING EQUIPMENT,70474,MULTIPURPOSE DEVELOPMENT PROJECTS,20542400,STATE WIDE,06100123010900,Housing and Urban Development - General
Construction of Office Buildings at BASIDMA,0.0,0.0,0.0,50000000.0,0.0,338,0.53165,0.55012,023400300100,BAUCHI STATE INFRASTRUCTURE DEVELOPMENT MAINTENANCE AGENCY,23020101,CONSTRUCTION / PROVISION OF OFFICE BUILDINGS,70474,MULTIPURPOSE DEVELOPMENT PROJECTS,20542400,STATE WIDE,06100123011000,Housing and Urban Development - General
Marking and Road Furniture,100000000.0,100000000.0,0.0,10000000.0,0.0,338,0.54257,0.56104,023400300100,BAUCHI STATE INFRASTRUCTURE DEVELOPMENT MAINTENANCE AGENCY,23020118,CONSTRUCTION / PROVISION OF INFRASTRUCTURE,70474,MULTIPURPOSE DEVELOPMENT PROJECTS,20542400,STATE WIDE,06100123011800,Housing and Urban Development - General
Construction and Provision of Traffic and Streetlights Infrastructure in Urban Centres of the State,350000000.0,350000000.0,0.0,150000000.0,0.0,338,0.55264,0.57112,023400300100,BAUCHI STATE INFRASTRUCTURE DEVELOPMENT MAINTENANCE AGENCY,23020124,CONSTRUCTION OF MARKETS/PARKS,70474,MULTIPURPOSE DEVELOPMENT PROJECTS,20542400,STATE WIDE,06100123013000,Housing and Urban Development - General
Construction of Motor Parks and Markets Across the State,350000000.0,350000000.0,0.0,0.0,0.0,338,0.56356,0.58204,023400300100,BAUCHI STATE INFRASTRUCTURE DEVELOPMENT MAINTENANCE AGENCY,23020118,CONSTRUCTION / PROVISION OF INFRASTRUCTURE,70474,MULTIPURPOSE DEVELOPMENT PROJECTS,20542400,STATE WIDE,06100123013100,Housing and Urban Development - General
Construction and Provision of Infrastructure for The Control of Erosion and Flood in Urban Centres of The State,350000000.0,350000000.0,0.0,50000000.0,0.0,338,0.57448,0.59296,023400300100,BAUCHI STATE INFRASTRUCTURE DEVELOPMENT MAINTENANCE AGENCY,23050103,MONITORING AND EVALUATION,70474,MULTIPURPOSE DEVELOPMENT PROJECTS,20542400,STATE WIDE,06100123013200,Housing and Urban Development - General
Monitoring and Evaluation of Projects,5000000.0,5000000.0,0.0,2000000.0,0.0,338,0.5854,0.60388,023400300100,BAUCHI STATE INFRASTRUCTURE DEVELOPMENT MAINTENANCE AGENCY,23020114,CONSTRUCTION / PROVISION OF ROADS,70474,MULTIPURPOSE DEVELOPMENT PROJECTS,20542400,STATE WIDE,06100123013300,Housing and Urban Development - General
"Purchase of Heavy-Duty Construction Equipment (Asphalt Paver (1), Pneumatic Roller (1) and Steel Roller)",350000000.0,350000000.0,0.0,50000000.0,0.0,338,0.59548,0.61396,023400300100,BAUCHI STATE INFRASTRUCTURE DEVELOPMENT MAINTENANCE AGENCY,23030121,REHABILITATION / REPAIRS OF OFFICE BUILDINGS,70474,MULTIPURPOSE DEVELOPMENT PROJECTS,20542400,STATE WIDE,06100123014300,Housing and Urban Development - General
Rehabilitation of Office Buildings for Road Camps across the Board's Area Offices,100000000.0,100000000.0,0.0,0.0,0.0,338,0.6064,0.62487,023400300100,BAUCHI STATE INFRASTRUCTURE DEVELOPMENT MAINTENANCE AGENCY,23010129,PURCHASE OF INDUSTRIAL EQUIPMENT,70474,MULTIPURPOSE DEVELOPMENT PROJECTS,20542400,STATE WIDE,06100123014400,Housing and Urban Development - General
Purchase of Office 35 Nos. Office Chairs and 35 Nos. of Tables for the Newly Established BASIDMA,25000000.0,25000000.0,0.0,78000000.0,0.0,338,0.61732,0.63579,023400300100,BAUCHI STATE INFRASTRUCTURE DEVELOPMENT MAINTENANCE AGENCY,23010113,PURCHASE OF COMPUTERS,70474,MULTIPURPOSE DEVELOPMENT PROJECTS,20542400,STATE WIDE,06100125001500,Housing and Urban Development - General
Purchase of Computers ( 1 Unit Laptop & 1 Unit Desktop) for the Newly Established BASIDMA,3000000.0,3000000.0,0.0,0.0,0.0,338,0.62823,0.64671,023400300100,BAUCHI STATE INFRASTRUCTURE DEVELOPMENT MAINTENANCE AGENCY,23010114,PURCHASE OF COMPUTER PRINTERS,70474,MULTIPURPOSE DEVELOPMENT PROJECTS,20542400,STATE WIDE,06100125001600,Housing and Urban Development - General
Purchase of 5 Units Computer Printers for the Newly Established BASIDMA,5000000.0,5000000.0,0.0,0.0,0.0,338,0.63831,0.65679,023400300100,BAUCHI STATE INFRASTRUCTURE DEVELOPMENT MAINTENANCE AGENCY,23010115,PURCHASE OF PHOTOCOPYING MACHINES,70474,MULTIPURPOSE DEVELOPMENT PROJECTS,20542400,STATE WIDE,06100125001700,Housing and Urban Development - General
Purchase of 1 Unit Photocopying Machines for the Newly Established BASIDMA,2500000.0,2500000.0,706000.0,0.0,0.0,338,0.64923,0.66771,023400300100,BAUCHI STATE INFRASTRUCTURE DEVELOPMENT MAINTENANCE AGENCY,23010117,PURCHASE OF SHREDDING MACHINES,70474,MULTIPURPOSE DEVELOPMENT PROJECTS,20542400,STATE WIDE,06100125001800,Housing and Urban Development - General
Purchase of 2 Units Shredding Machines for the Newly Established BASIDMA,1000000.0,1000000.0,0.0,0.0,0.0,338,0.66015,0.67863,023400300100,BAUCHI STATE INFRASTRUCTURE DEVELOPMENT MAINTENANCE AGENCY,23010118,PURCHASE OF SCANNERS,70474,MULTIPURPOSE DEVELOPMENT PROJECTS,20542400,STATE WIDE,06100125001900,Housing and Urban Development - General
Purchase of 5 Units Scanners for the Newly Established BASIDMA,2500000.0,2500000.0,0.0,0.0,0.0,338,0.67023,0.68871,023400300100,BAUCHI STATE INFRASTRUCTURE DEVELOPMENT MAINTENANCE AGENCY,23010119,PURCHASE OF POWER GENERATING SET,70474,MULTIPURPOSE DEVELOPMENT PROJECTS,20542400,STATE WIDE,06100125002000,Housing and Urban Development - General
Purchase of 3 Units of 150 KVA (Perkins) Power Generating Sets,150000000.0,150000000.0,0.0,0.0,0.0,338,0.68115,0.69962,023400300100,BAUCHI STATE INFRASTRUCTURE DEVELOPMENT MAINTENANCE AGENCY,23010148,PURCHASE OF PROJECTOR,70474,MULTIPURPOSE DEVELOPMENT PROJECTS,20542400,STATE WIDE,06100125002100,Housing and Urban Development - General
Purchase of 1 Unit Projector for the Newly Established BASIDMA,500000.0,500000.0,0.0,1000000.0,0.0,338,0.69206,0.71054,023400300100,BAUCHI STATE INFRASTRUCTURE DEVELOPMENT MAINTENANCE AGENCY,23030113,REHABILITATION / REPAIRS - ROADS,70474,MULTIPURPOSE DEVELOPMENT PROJECTS,20542400,STATE WIDE,06100125002200,Housing and Urban Development - General
Rehabilitation and Repairs of Roads in Urban Centres of the State,150000000.0,150000000.0,0.0,0.0,0.0,338,0.70298,0.72146,023400300100,BAUCHI STATE INFRASTRUCTURE DEVELOPMENT MAINTENANCE AGENCY,23030113,REHABILITATION / REPAIRS - ROADS,70474,MULTIPURPOSE DEVELOPMENT PROJECTS,20542400,STATE WIDE,06100125002300,Housing and Urban Development - General
"Computer Software Acquisition for Engineering Designs, Road Surveys, Planning, Monitoring and Project Management",50000000.0,50000000.0,0.0,0.0,0.0,338,0.71306,0.73154,023400300100,BAUCHI STATE INFRASTRUCTURE DEVELOPMENT MAINTENANCE AGENCY,23050102,COMPUTER SOFTWARE ACQUISITION,70474,MULTIPURPOSE DEVELOPMENT PROJECTS,20542400,STATE WIDE,06100125002400,Housing and Urban Development - General
Purchase of Heavy Duty Fabrication Equipment for Mechanical Workshop Repairs at BASIDMA Office,0.0,0.0,0.0,150000000.0,0.0,338,0.72398,0.74246,023400300100,BAUCHI STATE INFRASTRUCTURE DEVELOPMENT MAINTENANCE AGENCY,23010129,PURCHASE OF INDUSTRIAL EQUIPMENT,70474,MULTIPURPOSE DEVELOPMENT PROJECTS,20542400,STATE WIDE,06100126006900,Housing and Urban Development - General
Purchase of 2 Nos. of Soil/Asphalt/Concrete Testing Machines for the Newly Esablished Engineering Lab,0.0,0.0,0.0,150000000.0,0.0,338,0.7349,0.75338,023400300100,BAUCHI STATE INFRASTRUCTURE DEVELOPMENT MAINTENANCE AGENCY,23010129,PURCHASE OF INDUSTRIAL EQUIPMENT 70474 - MULTIPURPOSE DEVELOPMENT PROJECTS,,oratory at BASIDMA,20542400,STATE WIDE,06100126007000,Housing and Urban Development - General
Construction of Engineering Design Studio (EDS) at BASIDMA for Infrastructural Design Works (IDWs) as Part of Infrastructural Delivery Reforms (IDR),0.0,0.0,0.0,100000000.0,0.0,338,0.74498,0.76345,023400300100,BAUCHI STATE INFRASTRUCTURE DEVELOPMENT MAINTENANCE AGENCY,23020101,CONSTRUCTION / PROVISION OF OFFICE BUILDINGS,70474,MULTIPURPOSE DEVELOPMENT PROJECTS,20542400,STATE WIDE,06100126007100,Housing and Urban Development - General
Provision/Purchase of Solar Power Generating Set at BASIDMA,0.0,0.0,0.0,54000000.0,0.0,338,0.7559,0.77437,023400300100,BAUCHI STATE INFRASTRUCTURE DEVELOPMENT MAINTENANCE AGENCY,23010119,PURCHASE OF POWER GENERATING SET,70474,MULTIPURPOSE DEVELOPMENT PROJECTS,20542400,STATE WIDE,06100126007200,Housing and Urban Development - General
"Computer Software Acquisition for Engineering Designs, Road Surveys, Planning, Monitoring and Project Management",0.0,0.0,0.0,35000000.0,0.0,338,0.76681,0.78529,023400300100,BAUCHI STATE INFRASTRUCTURE DEVELOPMENT MAINTENANCE AGENCY,23050102,COMPUTER SOFTWARE ACQUISITION,70474,MULTIPURPOSE DEVELOPMENT PROJECTS,20542400,STATE WIDE,06100126007300,Housing and Urban Development - General
BASIDMA Collaborative Design of Road and Buildings Construction across Bauchi State,0.0,0.0,0.0,150000000.0,0.0,338,0.77773,0.79621,023400300100,BAUCHI STATE INFRASTRUCTURE DEVELOPMENT MAINTENANCE AGENCY,23050101,RESEARCH AND DEVELOPMENT,70474,MULTIPURPOSE DEVELOPMENT PROJECTS,20542400,STATE WIDE,06100126007400,Housing and Urban Development - General
"Construction and Provision of Precast, Blocks and other Road and Drainages Components Bay for Infrast",0.0,0.0,0.0,150000000.0,0.0,338,0.78781,0.80629,023400300100,BAUCHI STATE INFRASTRUCTURE DEVELOPMENT MAINTENANCE AGENCY,23020114,CONSTRUCTION / PROVISION OF ROADS70474 - MULTIPURPOSE DEVELOPMENT PROJECTS,,ructural Maintenance,20542400,STATE WIDE,06100126007500,Housing and Urban Development - General
Provision for the State Wide Roads and Other Infrastructure Survey for Inventory Taking of Road Infrastr,0.0,0.0,0.0,70000000.0,0.0,338,0.79873,0.81721,023400300100,BAUCHI STATE INFRASTRUCTURE DEVELOPMENT MAINTENANCE AGENCY,23020114,CONSTRUCTION / PROVISION OF ROADS70474 - MULTIPURPOSE DEVELOPMENT PROJECTS,,ucture,20542400,STATE WIDE,06100126007600,Housing and Urban Development - General
Rehabilitation and Repairs of Miya - Warji Road,0.0,0.0,0.0,50000000.0,0.0,338,0.80965,0.82813,023400300100,BAUCHI STATE INFRASTRUCTURE DEVELOPMENT MAINTENANCE AGENCY,23030113,REHABILITATION / REPAIRS - ROADS,70474,MULTIPURPOSE DEVELOPMENT PROJECTS,20542400,STATE WIDE,06100126007700,Housing and Urban Development - General
Rehabilitation and Repairs of Bauchi Abbattior Road,0.0,0.0,0.0,50000000.0,0.0,338,0.82057,0.83904,023400300100,BAUCHI STATE INFRASTRUCTURE DEVELOPMENT MAINTENANCE AGENCY,23030113,REHABILITATION / REPAIRS - ROADS,70474,MULTIPURPOSE DEVELOPMENT PROJECTS,20542400,STATE WIDE,06100126007800,Housing and Urban Development - General
Rehabilitation and Repairs of Behind Vocation School - Kandahar Road in Bauchi,0.0,0.0,0.0,50000000.0,0.0,338,0.83065,0.84912,023400300100,BAUCHI STATE INFRASTRUCTURE DEVELOPMENT MAINTENANCE AGENCY,23030113,REHABILITATION / REPAIRS - ROADS,70474,MULTIPURPOSE DEVELOPMENT PROJECTS,20542400,STATE WIDE,06100126007900,Housing and Urban Development - General
Rehabilitation and Repairs of Dutsen Warinji - IBB Square - Alis Hamdala Road in BauchiMetropolis,0.0,0.0,0.0,50000000.0,0.0,338,0.84156,0.86004,023400300100,BAUCHI STATE INFRASTRUCTURE DEVELOPMENT MAINTENANCE AGENCY,23030113,REHABILITATION / REPAIRS - ROADS,70474,MULTIPURPOSE DEVELOPMENT PROJECTS,20542400,STATE WIDE,06100126008000,Housing and Urban Development - General
"Rehabilitation and Repairs of Federal Low Cost Housing Estate Road, Misau",0.0,0.0,0.0,50000000.0,0.0,338,0.85248,0.87096,023400300100,BAUCHI STATE INFRASTRUCTURE DEVELOPMENT MAINTENANCE AGENCY,23030113,REHABILITATION / REPAIRS - ROADS,70474,MULTIPURPOSE DEVELOPMENT PROJECTS,20542400,STATE WIDE,06100126008100,Housing and Urban Development - General
"Rehabilitation and Repairs of Bauchi Furniture - IDC - Zango Road, Bauchi",0.0,0.0,0.0,50000000.0,0.0,338,0.86256,0.88104,023400300100,BAUCHI STATE INFRASTRUCTURE DEVELOPMENT MAINTENANCE AGENCY,23030113,REHABILITATION / REPAIRS - ROADS,70474,MULTIPURPOSE DEVELOPMENT PROJECTS,20542400,STATE WIDE,06100126008200,Housing and Urban Development - General
Rehabilitation and Repairs of Tiwrun Road Network in Bauchi (5km),0.0,0.0,0.0,50000000.0,0.0,338,0.87348,0.89196,023400300100,BAUCHI STATE INFRASTRUCTURE DEVELOPMENT MAINTENANCE AGENCY,23030113,REHABILITATION / REPAIRS - ROADS,70474,MULTIPURPOSE DEVELOPMENT PROJECTS,20542400,STATE WIDE,06100126008300,Housing and Urban Development - General
Rehabilitation and Repairs of Inkil Road Network in Bauchi (5km),0.0,0.0,0.0,50000000.0,0.0,338,0.8844,0.90288,023400300100,BAUCHI STATE INFRASTRUCTURE DEVELOPMENT MAINTENANCE AGENCY,23030113,REHABILITATION / REPAIRS - ROADS,70474,MULTIPURPOSE DEVELOPMENT PROJECTS,20542400,STATE WIDE,06100126008400,Housing and Urban Development - General
Rehabilitation and Repairs of Wuntin Dada Road Network in Bauchi (5km),0.0,0.0,0.0,50000000.0,0.0,338,0.89532,0.91379,023400300100,BAUCHI STATE INFRASTRUCTURE DEVELOPMENT MAINTENANCE AGENCY,23030113,REHABILITATION / REPAIRS - ROADS,70474,MULTIPURPOSE DEVELOPMENT PROJECTS,20542400,STATE WIDE,06100126008500,Housing and Urban Development - General
"Rehabilitation and Repairs of Unguwan Dan Kawo Road, Azare",0.0,0.0,0.0,50000000.0,0.0,339,0.09323,0.1117,023400300100,BAUCHI STATE INFRASTRUCTURE DEVELOPMENT MAINTENANCE AGENCY,23030113,REHABILITATION / REPAIRS - ROADS,70474,MULTIPURPOSE DEVELOPMENT PROJECTS,20542400,STATE WIDE,06100126008600,Housing and Urban Development - General
"Rehabilitation and Repairs of Alh Ali Junction - Kano/Kari Road, Azare",0.0,0.0,0.0,50000000.0,0.0,339,0.10415,0.12262,023400300100,BAUCHI STATE INFRASTRUCTURE DEVELOPMENT MAINTENANCE AGENCY,23030113,REHABILITATION / REPAIRS - ROADS,70474,MULTIPURPOSE DEVELOPMENT PROJECTS,20542400,STATE WIDE,06100126008700,Housing and Urban Development - General
Rehabilitation and Repairs of Gwaram Town Road Network in Alkaleri LGA,0.0,0.0,0.0,50000000.0,0.0,339,0.11506,0.13354,023400300100,BAUCHI STATE INFRASTRUCTURE DEVELOPMENT MAINTENANCE AGENCY,23030113,REHABILITATION / REPAIRS - ROADS,70474,MULTIPURPOSE DEVELOPMENT PROJECTS,20542400,STATE WIDE,06100126008800,Housing and Urban Development - General
"Construction ofStorm Drains (1km) Across Erosion Areas at Unguwan Ashiru - Unguwan Sarkin Noma - Unguwan Sarkin Kofa - Kasuwan Shanu of in Sade Town, Darazo LGA",0.0,0.0,0.0,100000000.0,0.0,339,0.12598,0.14446,023400300100,BAUCHI STATE INFRASTRUCTURE DEVELOPMENT MAINTENANCE AGENCY,23020118,CONSTRUCTION / PROVISION OF INFRASTRUCTURE,70474,MULTIPURPOSE DEVELOPMENT PROJECTS,20542400,STATE WIDE,06100126008900,Housing and Urban Development - General
Purchase of 23 nos. Motor Cycles,35000000.0,35000000.0,0.0,35000000.0,0.0,339,0.1789,0.19737,023600100100,MINISTRY OF TOURISM AND CULTURE,23010104,PURCHASE MOTOR CYCLES,70473,TOURISM,20542400,STATE WIDE,13100123002500,Reform of Government and Governance - General
Purchase of 2 No. of Game Viewing Trucks and 2 No. Hilux for Supervision,300000000.0,300000000.0,0.0,350000000.0,0.0,339,0.18981,0.20829,023600100100,MINISTRY OF TOURISM AND CULTURE,23010105,PURCHASE OF MOTOR VEHICLES,70473,TOURISM,20542400,STATE WIDE,13100123002600,Reform of Government and Governance - General
"Provision of Solar Power Electricity at Sumu, Abubakar Tafawa Balewa Tumb, Open Air Theater, Meseum and Monument",150000000.0,150000000.0,2122810000.0,100000000.0,0.0,339,0.20073,0.21921,023600100100,MINISTRY OF TOURISM AND CULTURE,23020103,CONSTRUCTION / PROVISION OF ELECTRICITY,70473,TOURISM,20542400,STATE WIDE,13100123002700,Reform of Government and Governance - General
Construction of outpost station in 13 location (6 room each) at Yankari Game Reserve and Sumu Wild Life Park,130000000.0,130000000.0,0.0,260000000.0,0.0,339,0.21081,0.22929,023600100100,MINISTRY OF TOURISM AND CULTURE,23020118,CONSTRUCTION / PROVISION OF INFRASTRUCTURE,70473,TOURISM,20542400,STATE WIDE,13100123002800,Reform of Government and Governance - General
Renovation of Abubakar Tafawa Balewa Tomb complex,400000000.0,400000000.0,296628657.54,400000000.0,0.0,339,0.22173,0.24021,023600100100,MINISTRY OF TOURISM AND CULTURE,23030118,REHABILITATION / REPAIRS - RECREATIONAL FACILITIES,70473,TOURISM,20542400,STATE WIDE,13100123003100,Reform of Government and Governance - General
Renovation and Repairs of Open Air Theater Bauchi,35260940.0,35260940.0,0.0,35260940.0,0.0,339,0.23265,0.25113,023600100100,MINISTRY OF TOURISM AND CULTURE,23030118,REHABILITATION / REPAIRS - RECREATIONAL FACILITIES,70473,TOURISM,20542400,STATE WIDE,13100123003200,Reform of Government and Governance - General
"Construction of Gate, Receptions, Lobby and Guest Restaurant at Sumu Park",20000000.0,20000000.0,0.0,20000000.0,0.0,339,0.24273,0.2612,023600100100,MINISTRY OF TOURISM AND CULTURE,23020105,CONSTRUCTION / PROVISION OF WATER FACILITIES,70473,TOURISM,20542400,STATE WIDE,13100123003300,Reform of Government and Governance - General
Rehabilitation/Repair of Boundaries at Sumu Park,100000000.0,200000000.0,0.0,100000000.0,0.0,339,0.25365,0.27212,023600100100,MINISTRY OF TOURISM AND CULTURE,23030122,REHABILITATION/REPAIRS OF BOUNDARIES,70473,TOURISM,20542400,STATE WIDE,13100123003700,Reform of Government and Governance - General
Planting of Trees and Plants at Wild Life Parks.,5240568.43,100000000.0,0.0,5240568.43,0.0,339,0.26456,0.28304,023600100100,MINISTRY OF TOURISM AND CULTURE,23040101,TREE PLANTING,70473,TOURISM,20542400,STATE WIDE,13100123003800,Reform of Government and Governance - General
Undertaking Study on Management of Wild Life Conservation in the State Wild Life Park,100000000.0,5240568.43,0.0,100000000.0,0.0,339,0.27548,0.29396,023600100100,MINISTRY OF TOURISM AND CULTURE,23050101,RESEARCH AND DEVELOPMENT,70473,TOURISM,20542400,STATE WIDE,13100123003900,Reform of Government and Governance - General
Minsitry of Culture and Tourism Investment Symposium,5000000.0,100000000.0,0.0,5000000.0,0.0,339,0.28556,0.30404,023600100100,MINISTRY OF TOURISM AND CULTURE,23050104,ANNIVERSARIES/CELEBRATIONS,70473,TOURISM,20542400,STATE WIDE,13100123004000,Reform of Government and Governance - General
Fencing of Maladumba Lake,20000000.0,5000000.0,0.0,20000000.0,0.0,339,0.29648,0.31496,023600100100,MINISTRY OF TOURISM AND CULTURE,23020118,CONSTRUCTION / PROVISION OF INFRASTRUCTURE,70473,TOURISM,20542400,STATE WIDE,13100123004300,Reform of Government and Governance - General
Fencing of 81sq Km at Sumu Park,450000000.0,50000000.0,19250000.0,450000000.0,0.0,339,0.3074,0.32588,023600100100,MINISTRY OF TOURISM AND CULTURE,23020102,CONSTRUCTION / PROVISION OF RESIDENTIAL BUILDINGS,70473,TOURISM,20542400,STATE WIDE,13100123004400,Reform of Government and Governance - General
Construction of 3 Nos. of Chalets at Sumu Park,140000000.0,20000000.0,0.0,140000000.0,0.0,339,0.31832,0.33679,023600100100,MINISTRY OF TOURISM AND CULTURE,23020119,CONSTRUCTION / PROVISION OF RECREATIONAL FACILITIES,70473,TOURISM,20542400,STATE WIDE,13100123004500,Reform of Government and Governance - General
Construction of Recreational Facilities at Abubakar Tafawa Balewa Tomb complex,100000000.0,450000000.0,0.0,100000000.0,0.0,339,0.32839,0.34687,023600100100,MINISTRY OF TOURISM AND CULTURE,23020118,CONSTRUCTION / PROVISION OF INFRASTRUCTURE,70473,TOURISM,20542400,STATE WIDE,13100123004600,Reform of Government and Governance - General
Provision of Infrastructures for the New Government Policy direction to solve insecurity and improved A,36000000.0,140000000.0,727265600.44,36000000.0,0.0,339,0.33931,0.35779,023600100100,MINISTRY OF TOURISM AND CULTURE,23020114,CONSTRUCTION / PROVISION OF ROADS70473 - TOURISM,,gricultural Activities in broaders,20542400,STATE WIDE,13100123004700,Reform of Government and Governance - General
Construction of 13.5Km Earth Road from Kafin Madaki - Sumu Wild Life Park,150000000.0,100000000.0,0.0,1100000000.0,0.0,339,0.35023,0.36871,023600100100,MINISTRY OF TOURISM AND CULTURE,23020114,CONSTRUCTION / PROVISION OF ROADS,70473,TOURISM,20542400,STATE WIDE,13100123004800,Reform of Government and Governance - General
Rebuilding of Museum at Bauchi,0.0,36000000.0,0.0,450000000.0,0.0,339,0.36031,0.37879,023600100100,MINISTRY OF TOURISM AND CULTURE,23020118,CONSTRUCTION / PROVISION OF INFRASTRUCTURE,70473,TOURISM,20542400,STATE WIDE,13100123004800,Reform of Government and Governance - General
Construction of Amusement Park at Bauchi,0.0,150000000.0,0.0,300000000.0,0.0,339,0.37123,0.38971,023600100100,MINISTRY OF TOURISM AND CULTURE,23020124,CONSTRUCTION OF MARKETS/PARKS,70473,TOURISM,20542400,STATE WIDE,13100123004800,Reform of Government and Governance - General
"Construction of Monument at Katagum, Zaki LGA",0.0,100000000.0,0.0,150000000.0,0.0,339,0.38215,0.40062,023600100100,MINISTRY OF TOURISM AND CULTURE,23020118,CONSTRUCTION / PROVISION OF INFRASTRUCTURE,70473,TOURISM,20542400,STATE WIDE,13100123004800,Reform of Government and Governance - General
"Construction of Monument at Azare, Katagum LGA",0.0,0.0,0.0,150000000.0,0.0,339,0.39307,0.41154,023600100100,MINISTRY OF TOURISM AND CULTURE,23020118,CONSTRUCTION / PROVISION OF INFRASTRUCTURE,70473,TOURISM,20542400,STATE WIDE,13100123004800,Reform of Government and Governance - General
Bauchi State Golden Jubilee Celebration,0.0,0.0,0.0,146300000.0,0.0,339,0.40314,0.42162,023600100100,MINISTRY OF TOURISM AND CULTURE,23050104,ANNIVERSARIES/CELEBRATIONS,70473,TOURISM,20542400,STATE WIDE,13100123004800,Reform of Government and Governance - General
Purchase of 20 Nos. of Office Chairs and Tables for Tourism Development Board,0.0,0.0,0.0,5000000.0,0.0,339,0.4569,0.47537,023600200100,BAUCHI STATE TOURISM DEVELOPMENT CORPORATION,23020103,CONSTRUCTION / PROVISION OF ELECTRICITY,70473,TOURISM,20542400,STATE WIDE,13100100000000,Reform of Government and Governance - General
Purchase of 5 Nos. of Bajaj Motorcycles for Monitoring and Supervision,0.0,0.0,0.0,5000000.0,0.0,339,0.46782,0.48629,023600200100,BAUCHI STATE TOURISM DEVELOPMENT CORPORATION,23020103,CONSTRUCTION / PROVISION OF ELECTRICITY,70473,TOURISM,20542400,STATE WIDE,13100100000000,Reform of Government and Governance - General
Provision of Solar Power Electricity for the Tourism Development Board,0.0,0.0,0.0,7000000.0,0.0,339,0.47789,0.49637,023600200100,BAUCHI STATE TOURISM DEVELOPMENT CORPORATION,23020103,CONSTRUCTION / PROVISION OF ELECTRICITY,70473,TOURISM,20542400,STATE WIDE,13100100000000,Reform of Government and Governance - General
Purchase of 4 Nos. of Gas Cookers,0.0,0.0,0.0,600000.0,0.0,339,0.48881,0.50729,023600200100,BAUCHI STATE TOURISM DEVELOPMENT CORPORATION,23020103,CONSTRUCTION / PROVISION OF ELECTRICITY,70473,TOURISM,20542400,STATE WIDE,13100100000000,Reform of Government and Governance - General
Purchase of 7 Nos. of Refrigerators,0.0,0.0,0.0,2800000.0,0.0,339,0.49973,0.51821,023600200100,BAUCHI STATE TOURISM DEVELOPMENT CORPORATION,23020103,CONSTRUCTION / PROVISION OF ELECTRICITY,70473,TOURISM,20542400,STATE WIDE,13100100000000,Reform of Government and Governance - General
Purchase of 10 Nos. of CCTV Cameras for Security Purposes,0.0,0.0,0.0,1500000.0,0.0,339,0.51065,0.52913,023600200100,BAUCHI STATE TOURISM DEVELOPMENT CORPORATION,23020103,CONSTRUCTION / PROVISION OF ELECTRICITY,70473,TOURISM,20542400,STATE WIDE,13100100000000,Reform of Government and Governance - General
Purchase and Acquisition of Lands for Grazing Reserve,15000000.0,15000000.0,0.0,0.0,0.0,339,0.56356,0.58204,026000100100,MINISTRY OF LANDS AND SURVEY,23010101,PURCHASE / ACQUISITION OF LAND,70611,HOUSING DEVELOPMENT,20542400,STATE WIDE,06100123000100,Housing and Urban Development - General
Compensation and Acquisition of Lands for Schools and \public facilities,1000000000.0,400000000.0,543505089.0,50000000.0,0.0,339,0.57448,0.59296,026000100100,MINISTRY OF LANDS AND SURVEY,23010101,PURCHASE / ACQUISITION OF LAND,70611,HOUSING DEVELOPMENT,20542400,STATE WIDE,06100123000200,Housing and Urban Development - General
Purchase and Provision of Lands for Sites and Services for (Bauchi New City),10000000.0,10000000.0,0.0,1450000000.0,0.0,339,0.5854,0.60388,026000100100,MINISTRY OF LANDS AND SURVEY,23010101,PURCHASE / ACQUISITION OF LAND,70611,HOUSING DEVELOPMENT,20542400,STATE WIDE,06100123000300,Housing and Urban Development - General
Purchase and Provisions of Sites and Services for 2 districts (Bauchi and Azare),40000000.0,40000000.0,0.0,10000000.0,0.0,339,0.59548,0.61396,026000100100,MINISTRY OF LANDS AND SURVEY,23010101,PURCHASE / ACQUISITION OF LAND,70611,HOUSING DEVELOPMENT,20542400,STATE WIDE,06100123000400,Housing and Urban Development - General
"Purchase and Provision of Infrastructures for Urban Renewal/plan for Bauchi, Azare, Alkaleri, Ningi, Misau, Tilde/Narabi",30000000.0,30000000.0,24000000.0,500000000.0,0.0,339,0.6064,0.62487,026000100100,MINISTRY OF LANDS AND SURVEY,23010101,PURCHASE / ACQUISITION OF LAND,70611,HOUSING DEVELOPMENT,20542400,STATE WIDE,06100123000500,Housing and Urban Development - General
Acquisition of Lands/Compensation for Bauchi and Azare Urban Market Projects,40000000.0,40000000.0,0.0,500000000.0,0.0,339,0.61732,0.63579,026000100100,MINISTRY OF LANDS AND SURVEY,23010101,PURCHASE / ACQUISITION OF LAND,70611,HOUSING DEVELOPMENT,20542400,STATE WIDE,06100123000600,Housing and Urban Development - General
Land Compensation for Urban Motor Parks and District markets Within Bauchi Metroplis,80000000.0,80000000.0,0.0,150000000.0,0.0,339,0.62823,0.64671,026000100100,MINISTRY OF LANDS AND SURVEY,23010101,PURCHASE / ACQUISITION OF LAND,70611,HOUSING DEVELOPMENT,20542400,STATE WIDE,06100123000700,Housing and Urban Development - General
"Land Compensation for New Airport, DSS Site, and Road Linkage at Tundun Salmanu",50000000.0,50000000.0,0.0,300000000.0,0.0,339,0.63831,0.65679,026000100100,MINISTRY OF LANDS AND SURVEY,23010101,PURCHASE / ACQUISITION OF LAND,70611,HOUSING DEVELOPMENT,20542400,STATE WIDE,06100123000800,Housing and Urban Development - General
Land Compensation for Federal projects,100000000.0,50000000.0,0.0,150000000.0,0.0,339,0.64923,0.66771,026000100100,MINISTRY OF LANDS AND SURVEY,23010101,PURCHASE / ACQUISITION OF LAND,70611,HOUSING DEVELOPMENT,20542400,STATE WIDE,06100123000900,Housing and Urban Development - General
"Purchase and Supply of 40 Units Office Tables, Chairs, and other Equipment.",10000000.0,10000000.0,0.0,50000000.0,0.0,339,0.66015,0.67863,026000100100,MINISTRY OF LANDS AND SURVEY,23010112,PURCHASE OF OFFICE FURNITURE AND FITTINGS,70611,HOUSING DEVELOPMENT,20542400,STATE WIDE,06100123001000,Housing and Urban Development - General
Purchase of 5 nos. of Computers,10000000.0,10000000.0,0.0,0.0,0.0,339,0.67023,0.68871,026000100100,MINISTRY OF LANDS AND SURVEY,23010113,PURCHASE OF COMPUTERS,70611,HOUSING DEVELOPMENT,20542400,STATE WIDE,06100123001100,Housing and Urban Development - General
Purchase of Land and Boundary Measurement Survey Equipment.,22000000.0,22000000.0,0.0,250000000.0,0.0,339,0.68115,0.69962,026000100100,MINISTRY OF LANDS AND SURVEY,23010133,PURCHASES OF SURVEYING EQUIPMENT,70611,HOUSING DEVELOPMENT,20542400,STATE WIDE,06100123001200,Housing and Urban Development - General
"Construction and Provisions Drainages and Water Ways, Infrastructures for Bauchi Proposed Master Plan (GIS/LIS)with relevant to socio Economic data",0.0,0.0,0.0,80000000.0,0.0,339,0.69206,0.71054,026000100100,MINISTRY OF LANDS AND SURVEY,23020118,CONSTRUCTION / PROVISION OF INFRASTRUCTURE,70611,HOUSING DEVELOPMENT,20542400,STATE WIDE,06100123001500,Housing and Urban Development - General
Redefining and Demarcation of all Boundaries of Forest Reserve within the State.,40000000.0,40000000.0,0.0,20000000.0,0.0,339,0.70298,0.72146,026000100100,MINISTRY OF LANDS AND SURVEY,23020122,CONSTRUCTION OF BOUNDARY PILLARS/ RIGHT OF WAYS,70611,HOUSING DEVELOPMENT,20542400,STATE WIDE,06100123001600,Housing and Urban Development - General
Rehabilitation and Repairs of Office Buildings,20000000.0,20000000.0,25210400.0,0.0,0.0,339,0.71306,0.73154,026000100100,MINISTRY OF LANDS AND SURVEY,23030121,REHABILITATION / REPAIRS OF OFFICE BUILDINGS,70611,HOUSING DEVELOPMENT,20542400,STATE WIDE,06100123001700,Housing and Urban Development - General
Supervision of Programmes and Projects for the Ministry of Lands and Survey.,5000000.0,5000000.0,0.0,50000000.0,0.0,339,0.72398,0.74246,026000100100,MINISTRY OF LANDS AND SURVEY,23050103,MONITORING AND EVALUATION,70611,HOUSING DEVELOPMENT,20542400,STATE WIDE,06100123001800,Housing and Urban Development - General
Purchase and Acquisition of Lands in Alkaleri oil and Gas Proposed site,2750000000.0,50000000.0,0.0,500000000.0,0.0,339,0.7349,0.75338,026000100100,MINISTRY OF LANDS AND SURVEY,23010101,PURCHASE / ACQUISITION OF LAND,70611,HOUSING DEVELOPMENT,20542400,STATE WIDE,06100125000100,Housing and Urban Development - General
Renovation and Upgarding at Bauchi Zonal Area Office,0.0,0.0,0.0,70000000.0,0.0,339,0.74498,0.76345,026000100100,MINISTRY OF LANDS AND SURVEY,23030121,REHABILITATION / REPAIRS OF OFFICE BUILDINGS,70611,HOUSING DEVELOPMENT,20542400,STATE WIDE,06100126009000,Housing and Urban Development - General
Construction and Provision of Land Mapping Infrastructures in Bauchi Metropolis for the Achievement of DLI-5 of the SABER World Bank Project.,0.0,0.0,0.0,100000000.0,0.0,339,0.7559,0.77437,026000100100,MINISTRY OF LANDS AND SURVEY,23020118,CONSTRUCTION / PROVISION OF INFRASTRUCTURE,70611,HOUSING DEVELOPMENT,20542400,STATE WIDE,06100126009100,Housing and Urban Development - General
Design and Construction of Layout with Drainages and Waterways Infrastructure for the Development of Physical Plan for the State.,0.0,0.0,0.0,500000000.0,0.0,339,0.76681,0.78529,026000100100,MINISTRY OF LANDS AND SURVEY,23020118,CONSTRUCTION / PROVISION OF INFRASTRUCTURE,70611,HOUSING DEVELOPMENT,20542400,STATE WIDE,06100126009200,Housing and Urban Development - General
Provision of Lands for Sites and Services for Old Airport (Counterpart Funding for PPP),20000000.0,20000000.0,0.0,0.0,0.0,339,0.82057,0.83904,026000200100,BAUCHI STATE GEOGRAPHIC INFORMATION SYSTEM (BAGIS),23010101,PURCHASE / ACQUISITION OF LAND,70661,HOUSING AND COMMUNITY AMENITIES N.E.C.,20542400,STATE WIDE,06100123001900,Housing and Urban Development - General
Purchase of 12 Units Office Executive Chairs and Tables for the BAGIS Staff,30000000.0,30000000.0,0.0,50000000.0,0.0,339,0.83065,0.84912,026000200100,BAUCHI STATE GEOGRAPHIC INFORMATION SYSTEM (BAGIS),23010112,PURCHASE OF OFFICE FURNITURE AND FITTINGS,70661,HOUSING AND COMMUNITY AMENITIES N.E.C.,20542400,STATE WIDE,06100123002000,Housing and Urban Development - General
Purchase of 3 nos. of Computers ( Customized) & Accessories,30000000.0,30000000.0,0.0,0.0,0.0,339,0.84156,0.86004,026000200100,BAUCHI STATE GEOGRAPHIC INFORMATION SYSTEM (BAGIS),23010113,PURCHASE OF COMPUTERS,70661,HOUSING AND COMMUNITY AMENITIES N.E.C.,20542400,STATE WIDE,06100123002100,Housing and Urban Development - General
Purchase of Land Survey Equipment for Surveying activites Across the State,50000000.0,50000000.0,0.0,70000000.0,0.0,339,0.85248,0.87096,026000200100,BAUCHI STATE GEOGRAPHIC INFORMATION SYSTEM (BAGIS),23010133,PURCHASES OF SURVEYING EQUIPMENT,70661,HOUSING AND COMMUNITY AMENITIES N.E.C.,20542400,STATE WIDE,06100123002200,Housing and Urban Development - General
Design and Construction of BAGIS New Office,10000000.0,10000000.0,0.0,200000000.0,0.0,339,0.86256,0.88104,026000200100,BAUCHI STATE GEOGRAPHIC INFORMATION SYSTEM (BAGIS),23020101,CONSTRUCTION / PROVISION OF OFFICE BUILDINGS,70661,HOUSING AND COMMUNITY AMENITIES N.E.C.,20542400,STATE WIDE,06100123002300,Housing and Urban Development - General
Rehabilitation of Residential Building for the DG BAGIS,10000000.0,10000000.0,0.0,15000000.0,0.0,339,0.87348,0.89196,026000200100,BAUCHI STATE GEOGRAPHIC INFORMATION SYSTEM (BAGIS),23030101,REHABILITATION / REPAIRS OF RESIDENTIAL BUILDING,70661,HOUSING AND COMMUNITY AMENITIES N.E.C.,20542400,STATE WIDE,06100123002400,Housing and Urban Development - General
Supervision of BAGIS Programmes and Projects.,100000000.0,100000000.0,0.0,20000000.0,0.0,339,0.8844,0.90288,026000200100,BAUCHI STATE GEOGRAPHIC INFORMATION SYSTEM (BAGIS),23050103,MONITORING AND EVALUATION,70661,HOUSING AND COMMUNITY AMENITIES N.E.C.,20542400,STATE WIDE,06100123002500,Housing and Urban Development - General
Construction of Runway Infrastructures for the New Bauchi Town Project,500000000.0,500000000.0,370079318.68,2000000000.0,0.0,339,0.89532,0.91379,026000200100,BAUCHI STATE GEOGRAPHIC INFORMATION SYSTEM (BAGIS),23020118,CONSTRUCTION / PROVISION OF INFRASTRUCTURE,70661,HOUSING AND COMMUNITY AMENITIES N.E.C.,20542400,STATE WIDE,06100123002600,Housing and Urban Development - General
Automation of Bauchi Geographic Information System (BAGIS) Bauchi,0.0,0.0,0.0,1500000000.0,0.0,340,0.09323,0.1117,026000200100,BAUCHI STATE GEOGRAPHIC INFORMATION SYSTEM (BAGIS),23020118,CONSTRUCTION / PROVISION OF INFRASTRUCTURE,70661,HOUSING AND COMMUNITY AMENITIES N.E.C.,20542400,STATE WIDE,06100126009300,Housing and Urban Development - General
Purchase of 10 Nos. of Motorcycles,15000000.0,15000000.0,0.0,10000000.0,0.0,340,0.14698,0.16546,026000300100,BAUCHI PHYSICAL PLANNING AND DEVELOPMENT CONTROL BOARD,23010104,PURCHASE MOTOR CYCLES,70661,HOUSING AND COMMUNITY AMENITIES N.E.C.,20542400,STATE WIDE,06100125000200,Housing and Urban Development - General
Purchase of Nos 1 Innoson Motor Vehicle (15 Seater Bus).,15000000.0,15000000.0,0.0,0.0,0.0,340,0.1579,0.17638,026000300100,BAUCHI PHYSICAL PLANNING AND DEVELOPMENT CONTROL BOARD,23010105,PURCHASE OF MOTOR VEHICLES,70661,HOUSING AND COMMUNITY AMENITIES N.E.C.,20542400,STATE WIDE,06100125000300,Housing and Urban Development - General
Purchase of 1 No. Payloader and 1 No. Excavator,150000000.0,150000000.0,0.0,105000000.0,0.0,340,0.16798,0.18645,026000300100,BAUCHI PHYSICAL PLANNING AND DEVELOPMENT CONTROL BOARD,23010107,PURCHASE OF TRUCKS,70661,HOUSING AND COMMUNITY AMENITIES N.E.C.,20542400,STATE WIDE,06100125000400,Housing and Urban Development - General
"Purchase of 45 Units Executive Cushions, Chairs and Table for Offices at the Headquarters",12000000.0,12000000.0,0.0,15000000.0,0.0,340,0.1789,0.19737,026000300100,BAUCHI PHYSICAL PLANNING AND DEVELOPMENT CONTROL BOARD,23010112,PURCHASE OF OFFICE FURNITURE AND FITTINGS,70661,HOUSING AND COMMUNITY AMENITIES N.E.C.,20542400,STATE WIDE,06100125000500,Housing and Urban Development - General
Purchase of 4 Nos. Generator Sets for the Headquarter and Zonal Officess.,500000.0,500000.0,0.0,2000000.0,0.0,340,0.18981,0.20829,026000300100,BAUCHI PHYSICAL PLANNING AND DEVELOPMENT CONTROL BOARD,23010119,PURCHASE OF POWER GENERATING SET,70661,HOUSING AND COMMUNITY AMENITIES N.E.C.,20542400,STATE WIDE,06100125000600,Housing and Urban Development - General
"Purchase of 35 Units Raiin Boots, Flash Lights",300000.0,300000.0,0.0,0.0,0.0,340,0.20073,0.21921,026000300100,BAUCHI PHYSICAL PLANNING AND DEVELOPMENT CONTROL BOARD,23010128,PURCHASE OF SECURITY EQUIPMENT,70661,HOUSING AND COMMUNITY AMENITIES N.E.C.,20542400,STATE WIDE,06100125000700,Housing and Urban Development - General
Repairs and Rehabilitation of Existing Office at the Headquarter.,15000000.0,15000000.0,0.0,15000000.0,0.0,340,0.21081,0.22929,026000300100,BAUCHI PHYSICAL PLANNING AND DEVELOPMENT CONTROL BOARD,23030121,REHABILITATION / REPAIRS OF OFFICE BUILDINGS,70661,HOUSING AND COMMUNITY AMENITIES N.E.C.,20542400,STATE WIDE,06100125000800,Housing and Urban Development - General
Development and Design of Location Maps for Goe Location Zones of the State.,500000.0,500000.0,0.0,10000000.0,0.0,340,0.22173,0.24021,026000300100,BAUCHI PHYSICAL PLANNING AND DEVELOPMENT CONTROL BOARD,23050101,RESEARCH AND DEVELOPMENT,70661,HOUSING AND COMMUNITY AMENITIES N.E.C.,20542400,STATE WIDE,06100125000900,Housing and Urban Development - General
Supervision of Programmes and Projects under the Board jurisdiction.,1000000.0,1000000.0,0.0,1000000.0,0.0,340,0.23265,0.25113,026000300100,BAUCHI PHYSICAL PLANNING AND DEVELOPMENT CONTROL BOARD,23050103,MONITORING AND EVALUATION,70661,HOUSING AND COMMUNITY AMENITIES N.E.C.,20542400,STATE WIDE,06100125001000,Housing and Urban Development - General
Renovation of Area offices at Azare & Misau (One Block of Office Each),0.0,0.0,0.0,15000000.0,0.0,340,0.24273,0.2612,026000300100,BAUCHI PHYSICAL PLANNING AND DEVELOPMENT CONTROL BOARD,23030121,REHABILITATION / REPAIRS OF OFFICE BUILDINGS,70661,HOUSING AND COMMUNITY AMENITIES N.E.C.,20542400,STATE WIDE,06100126009400,Housing and Urban Development - General
"Purchase of Rain Boots, Flash Light etc.",0.0,0.0,0.0,300000.0,0.0,340,0.25365,0.27212,026000300100,BAUCHI PHYSICAL PLANNING AND DEVELOPMENT CONTROL BOARD,23010129,PURCHASE OF INDUSTRIAL EQUIPMENT,70661,HOUSING AND COMMUNITY AMENITIES N.E.C.,20542400,STATE WIDE,06100126009500,Housing and Urban Development - General
Repairs and Rehabilitation of Existing Office at the Headquarter.,0.0,0.0,0.0,15000000.0,0.0,340,0.26456,0.28304,026000300100,BAUCHI PHYSICAL PLANNING AND DEVELOPMENT CONTROL BOARD,23030121,REHABILITATION / REPAIRS OF OFFICE BUILDINGS,70661,HOUSING AND COMMUNITY AMENITIES N.E.C.,20542400,STATE WIDE,06100126009600,Housing and Urban Development - General
Cost of Provision/Relocation of sites ( Organising of Informal Business Activities ),0.0,0.0,0.0,50000000.0,0.0,340,0.27548,0.29396,026000300100,BAUCHI PHYSICAL PLANNING AND DEVELOPMENT CONTROL BOARD,23020101,CONSTRUCTION / PROVISION OF OFFICE BUILDINGS,70661,HOUSING AND COMMUNITY AMENITIES N.E.C.,20542400,STATE WIDE,06100126009700,Housing and Urban Development - General
Provision 0f Infrustructure in Urban / Urban Revitalisation Scheme,0.0,0.0,0.0,250000000.0,0.0,340,0.28556,0.30404,026000300100,BAUCHI PHYSICAL PLANNING AND DEVELOPMENT CONTROL BOARD,23020118,CONSTRUCTION / PROVISION OF INFRASTRUCTURE,70661,HOUSING AND COMMUNITY AMENITIES N.E.C.,20542400,STATE WIDE,06100126009800,Housing and Urban Development - General
Construction /Building of Office building-(3Rooms Each)at Ningi and Magama,0.0,0.0,0.0,40000000.0,0.0,340,0.29648,0.31496,026000300100,BAUCHI PHYSICAL PLANNING AND DEVELOPMENT CONTROL BOARD,23020101,CONSTRUCTION / PROVISION OF OFFICE BUILDINGS,70661,HOUSING AND COMMUNITY AMENITIES N.E.C.,20542400,STATE WIDE,06100126009900,Housing and Urban Development - General
Provision 0f Solar Power at Hqtrs Buildings,0.0,0.0,0.0,5000000.0,0.0,340,0.3074,0.32588,026000300100,BAUCHI PHYSICAL PLANNING AND DEVELOPMENT CONTROL BOARD,23020103,CONSTRUCTION / PROVISION OF ELECTRICITY,70661,HOUSING AND COMMUNITY AMENITIES N.E.C.,20542400,STATE WIDE,06100126010000,Housing and Urban Development - General
Provision of Wire House / Stores at Hqtrs Bauchi,0.0,0.0,0.0,10000000.0,0.0,340,0.31832,0.33679,026000300100,BAUCHI PHYSICAL PLANNING AND DEVELOPMENT CONTROL BOARD,23020118,CONSTRUCTION / PROVISION OF INFRASTRUCTURE,70661,HOUSING AND COMMUNITY AMENITIES N.E.C.,20542400,STATE WIDE,06100126010100,Housing and Urban Development - General
"Physical Planning Development Framework & Implementation of Gov't Planning activities , Policy & Project",0.0,0.0,0.0,300000000.0,0.0,340,0.32839,0.34687,026000300100,BAUCHI PHYSICAL PLANNING AND DEVELOPMENT CONTROL BOARD,23050101,RESEARCH AND DEVELOPMENT,70661,HOUSING AND COMMUNITY AMENITIES N.E.C.,20542400,STATE WIDE,06100126010200,Housing and Urban Development - General
Construction of Office Block at Headquarters Bauchi,0.0,0.0,0.0,55000000.0,0.0,340,0.33931,0.35779,026000300100,BAUCHI PHYSICAL PLANNING AND DEVELOPMENT CONTROL BOARD,23020101,CONSTRUCTION / PROVISION OF OFFICE BUILDINGS,70661,HOUSING AND COMMUNITY AMENITIES N.E.C.,20542400,STATE WIDE,06100126010300,Housing and Urban Development - General
3% Project Facilitation Fund (PFF) for SABER World Bank Project,0.0,0.0,0.0,349200000.0,0.0,340,0.39307,0.41154,023800100100,"MINISTRY OF BUDGET, ECONOMIC PLANNING AND MULTILATERAL COORDINATION",23050150,PROJECT FACILITATION FUND FOR PPP ARRANGEMENT,70112,FINANCIAL AND FISCAL AFFAIRS,20542400,STATE WIDE,13100123024800,Reform of Government and Governance - General
Provision of Projects under the Renewed Hope Ward Development Project,0.0,0.0,0.0,2201110000.0,0.0,340,0.40314,0.42162,023800100100,"MINISTRY OF BUDGET, ECONOMIC PLANNING AND MULTILATERAL COORDINATION",23020118,CONSTRUCTION / PROVISION OF INFRASTRUCTURE,70112,FINANCIAL AND FISCAL AFFAIRS,20542400,STATE WIDE,13100123024800,Reform of Government and Governance - General
Refurbishing of Offices in the Ministry of Budget and Economic Planning,30000000.0,30000000.0,0.0,0.0,0.0,340,0.41406,0.43254,023800100100,"MINISTRY OF BUDGET, ECONOMIC PLANNING AND MULTILATERAL COORDINATION",23030121,REHABILITATION / REPAIRS OF OFFICE BUILDINGS,70132,OVERALL PLANNING AND STATISTICAL SERVICES,20542400,STATE WIDE,13100123024800,Reform of Government and Governance - General
Purchase of 3 Nos. of Laptops Computers,5000000.0,5000000.0,0.0,0.0,0.0,340,0.42498,0.44346,023800100100,"MINISTRY OF BUDGET, ECONOMIC PLANNING AND MULTILATERAL COORDINATION",23010113,PURCHASE OF COMPUTERS,70132,OVERALL PLANNING AND STATISTICAL SERVICES,20542400,STATE WIDE,13100123024900,Reform of Government and Governance - General
Purchase of 2 nos. of Computer Printers,2500000.0,2500000.0,0.0,0.0,0.0,340,0.43506,0.45354,023800100100,"MINISTRY OF BUDGET, ECONOMIC PLANNING AND MULTILATERAL COORDINATION",23010113,PURCHASE OF COMPUTERS,70132,OVERALL PLANNING AND STATISTICAL SERVICES,20542400,STATE WIDE,13100123025000,Reform of Government and Governance - General
Procurement of 4 nos. of Photocopying Machines,5000000.0,5000000.0,0.0,6000000.0,0.0,340,0.44598,0.46446,023800100100,"MINISTRY OF BUDGET, ECONOMIC PLANNING AND MULTILATERAL COORDINATION",23010115,PURCHASE OF PHOTOCOPYING MACHINES,70132,OVERALL PLANNING AND STATISTICAL SERVICES,20542400,STATE WIDE,13100123025100,Reform of Government and Governance - General
Provision of 3 nos of Shredding Machine at the Ministry.,700000.0,700000.0,0.0,0.0,0.0,340,0.4569,0.47537,023800100100,"MINISTRY OF BUDGET, ECONOMIC PLANNING AND MULTILATERAL COORDINATION",23010117,PURCHASE OF SHREDDING MACHINES,70132,OVERALL PLANNING AND STATISTICAL SERVICES,20542400,STATE WIDE,13100123025200,Reform of Government and Governance - General
"Expansion of Office Accommodation at Ministry of Budget, Economic Planning and Multilateral Coordination, Bauchi",50000000.0,50000000.0,0.0,350000000.0,0.0,340,0.46782,0.48629,023800100100,"MINISTRY OF BUDGET, ECONOMIC PLANNING AND MULTILATERAL COORDINATION",23020101,CONSTRUCTION / PROVISION OF OFFICE BUILDINGS,70132,OVERALL PLANNING AND STATISTICAL SERVICES,20542400,STATE WIDE,13100123025300,Reform of Government and Governance - General
Construction and Provision of Infrastructure (Micro Projects) to Communities as Support through Nigeria Community Action for Resilience and Economic Stimulus NG-CARES Project,30000000.0,30000000.0,0.0,0.0,0.0,340,0.47789,0.49637,023800100100,"MINISTRY OF BUDGET, ECONOMIC PLANNING AND MULTILATERAL COORDINATION",23020118,CONSTRUCTION / PROVISION OF INFRASTRUCTURE,70132,OVERALL PLANNING AND STATISTICAL SERVICES,20542400,STATE WIDE,13100123025400,Reform of Government and Governance - General
Renovation and Repairs of Office Building at Bauchi,10000000.0,10000000.0,0.0,0.0,0.0,340,0.48881,0.50729,023800100100,"MINISTRY OF BUDGET, ECONOMIC PLANNING AND MULTILATERAL COORDINATION",23030121,REHABILITATION / REPAIRS OF OFFICE BUILDINGS,70132,OVERALL PLANNING AND STATISTICAL SERVICES,20542400,STATE WIDE,13100123025600,Reform of Government and Governance - General
Acquisition of Application Software for the Ministry of Budget and Planning Activities.,150000000.0,50000000.0,0.0,0.0,0.0,340,0.49973,0.51821,023800100100,"MINISTRY OF BUDGET, ECONOMIC PLANNING AND MULTILATERAL COORDINATION",23050102,COMPUTER SOFTWARE ACQUISITION,70132,OVERALL PLANNING AND STATISTICAL SERVICES,20542400,STATE WIDE,13100123025700,Reform of Government and Governance - General
"Monitoring and Evaluation of Programmes and Project of the State by the Ministry of Budget, Economic Planning and Multilateral Coordination",5000000.0,5000000.0,0.0,100000000.0,0.0,340,0.51065,0.52913,023800100100,"MINISTRY OF BUDGET, ECONOMIC PLANNING AND MULTILATERAL COORDINATION",23050103,MONITORING AND EVALUATION,70132,OVERALL PLANNING AND STATISTICAL SERVICES,20542400,STATE WIDE,13100123025800,Reform of Government and Governance - General
Undertaking Study of Economic Activities with respect to Statistics Activities.,8000000.0,8000000.0,0.0,0.0,0.0,340,0.52073,0.53921,023800100100,"MINISTRY OF BUDGET, ECONOMIC PLANNING AND MULTILATERAL COORDINATION",23050101,RESEARCH AND DEVELOPMENT,70132,OVERALL PLANNING AND STATISTICAL SERVICES,20542400,STATE WIDE,13100123025900,Reform of Government and Governance - General
Undertaking a Study on the Existing Implementation of Development Plan of the State,5000000.0,5000000.0,0.0,0.0,0.0,340,0.53165,0.55012,023800100100,"MINISTRY OF BUDGET, ECONOMIC PLANNING AND MULTILATERAL COORDINATION",23050101,RESEARCH AND DEVELOPMENT,70132,OVERALL PLANNING AND STATISTICAL SERVICES,20542400,STATE WIDE,13100123026000,Reform of Government and Governance - General
"Provision of Internet Facilities for Ministry of Budget, Economic Planning, and Multilateral Coordination",5000000.0,5000000.0,0.0,5000000.0,0.0,340,0.54257,0.56104,023800100100,"MINISTRY OF BUDGET, ECONOMIC PLANNING AND MULTILATERAL COORDINATION",23020127,CONSTRUCTION OF ICT INFRASTRUCTURES,70132,OVERALL PLANNING AND STATISTICAL SERVICES,20542400,STATE WIDE,13100123026100,Reform of Government and Governance - General
Undertaking Study for the Development of Bauchi State Strategic Plan of Action,20000000.0,20000000.0,0.0,50000000.0,0.0,340,0.55264,0.57112,023800100100,"MINISTRY OF BUDGET, ECONOMIC PLANNING AND MULTILATERAL COORDINATION",23050101,RESEARCH AND DEVELOPMENT,70132,OVERALL PLANNING AND STATISTICAL SERVICES,20542400,STATE WIDE,13100123026200,Reform of Government and Governance - General
Provision of Infrastructures for the organization of Bauchi State Economic And Investment Summit,5000000.0,5000000.0,0.0,0.0,0.0,340,0.56356,0.58204,023800100100,"MINISTRY OF BUDGET, ECONOMIC PLANNING AND MULTILATERAL COORDINATION",23020118,CONSTRUCTION / PROVISION OF INFRASTRUCTURE,70132,OVERALL PLANNING AND STATISTICAL SERVICES,20542400,STATE WIDE,13100123026300,Reform of Government and Governance - General
Provision of Infrastructure for Unicef Support Coordination,50000000.0,50000000.0,0.0,0.0,0.0,340,0.57448,0.59296,023800100100,"MINISTRY OF BUDGET, ECONOMIC PLANNING AND MULTILATERAL COORDINATION",23020118,CONSTRUCTION / PROVISION OF INFRASTRUCTURE,70132,OVERALL PLANNING AND STATISTICAL SERVICES,20542400,STATE WIDE,23010223026400,Social protection coordination and mechanisms
Provision of Infrastructure for State To State (S2S) Projects in Facilitating Public Financial Management Prog.,50000000.0,50000000.0,0.0,0.0,0.0,340,0.5854,0.60388,023800100100,"MINISTRY OF BUDGET, ECONOMIC PLANNING AND MULTILATERAL COORDINATION",23020118,CONSTRUCTION / PROVISION OF INFRASTRUCTURE,70132,OVERALL PLANNING AND STATISTICAL SERVICES,20542400,STATE WIDE,13100123026500,Reform of Government and Governance - General
Provision of Infrastructures for Food and Nutrition Coordination Programme in the State.,10000000.0,10000000.0,0.0,0.0,0.0,340,0.59548,0.61396,023800100100,"MINISTRY OF BUDGET, ECONOMIC PLANNING AND MULTILATERAL COORDINATION",23020118,CONSTRUCTION / PROVISION OF INFRASTRUCTURE,70132,OVERALL PLANNING AND STATISTICAL SERVICES,20542400,STATE WIDE,13100123026600,Reform of Government and Governance - General
Provision of Infrastructure for Implementing UNFPA Projects and Programmes,78000000.0,78000000.0,0.0,0.0,0.0,340,0.6064,0.62487,023800100100,"MINISTRY OF BUDGET, ECONOMIC PLANNING AND MULTILATERAL COORDINATION",23020118,CONSTRUCTION / PROVISION OF INFRASTRUCTURE,70132,OVERALL PLANNING AND STATISTICAL SERVICES,20542400,STATE WIDE,13100123026700,Reform of Government and Governance - General
Human Capital Opportunities for Prosperity & Equalities (World Bank - HOPE -GOV Project) for Provision of Infrastructure for Primary Health Care & Basic Education,500000000.0,50000000.0,0.0,0.0,0.0,340,0.61732,0.63579,023800100100,"MINISTRY OF BUDGET, ECONOMIC PLANNING AND MULTILATERAL COORDINATION",23020118,CONSTRUCTION / PROVISION OF INFRASTRUCTURE,70132,OVERALL PLANNING AND STATISTICAL SERVICES,20542400,STATE WIDE,13100123026800,Reform of Government and Governance - General
Purchase of Office Furniture (Tables and Chairs) 55 Nos. for Staff of Ministry of Budget Economic Planning and Multiletral Coordination,0.0,0.0,0.0,75000000.0,0.0,340,0.62823,0.64671,023800100100,"MINISTRY OF BUDGET, ECONOMIC PLANNING AND MULTILATERAL COORDINATION",23010112,PURCHASE OF OFFICE FURNITURE AND FITTINGS,70132,OVERALL PLANNING AND STATISTICAL SERVICES,20542400,STATE WIDE,13100123026800,Reform of Government and Governance - General
"ANRiN Coordination Office, Purchase of Office Furniture (Tables and Chairs) 10 Nos.",0.0,0.0,0.0,15000000.0,15000000.0,340,0.63831,0.65679,023800100100,"MINISTRY OF BUDGET, ECONOMIC PLANNING AND MULTILATERAL COORDINATION",23010112,PURCHASE OF OFFICE FURNITURE AND FITTINGS,70132,OVERALL PLANNING AND STATISTICAL SERVICES,20542400,STATE WIDE,13100123026800,Reform of Government and Governance - General
"Establlishment of Data Bank/Saver at Ministry of Budget, Economic Planning, and Multilateral Coordination",0.0,0.0,0.0,100000000.0,0.0,340,0.64923,0.66771,023800100100,"MINISTRY OF BUDGET, ECONOMIC PLANNING AND MULTILATERAL COORDINATION",23020127,CONSTRUCTION OF ICT INFRASTRUCTURES,70132,OVERALL PLANNING AND STATISTICAL SERVICES,20542400,STATE WIDE,13100123026800,Reform of Government and Governance - General
Construction and Provision of Health Facilities Across the State through Nigeria Community Action for Resilience and Economic Stimulus NG-CARES Project,180000000.0,180000000.0,78556071.18,200000000.0,0.0,340,0.70298,0.72146,023800300100,COMMUNITY AND SOCIAL DEVELOPMENT AGENCY (CSDA),23020118,CONSTRUCTION / PROVISION OF INFRASTRUCTURE,70621,COMMUNITY DEVELOPMENT,20542400,STATE WIDE,10100125000100,Water Resources and Rural Deve - General
Construction and Provision of Educational Infrastructures Across the State through Nigeria Community Action for Resilience and Economic Stimulus NG-CARES Project,120000000.0,120000000.0,0.0,100000000.0,0.0,340,0.71306,0.73154,023800300100,COMMUNITY AND SOCIAL DEVELOPMENT AGENCY (CSDA),23020105,CONSTRUCTION / PROVISION OF WATER FACILITIES,70621,COMMUNITY DEVELOPMENT,20542400,STATE WIDE,10100125000200,Water Resources and Rural Deve - General
Construction and Provision of Environmental Infrastructures for the Control of Floods and Erosion Across the State through Nigeria Community Action for Resilience and Economic Stimulus NG-CARES Project,30000000.0,70000000.0,68205221.22,200000000.0,0.0,340,0.72398,0.74246,023800300100,COMMUNITY AND SOCIAL DEVELOPMENT AGENCY (CSDA),23020118,CONSTRUCTION / PROVISION OF INFRASTRUCTURE,70621,COMMUNITY DEVELOPMENT,20542400,STATE WIDE,10100125000300,Water Resources and Rural Deve - General
"Construction and Provision of Water, Sanitation, and Hygiene Facilities to Communities Across the State through Nigeria Community Action for Resilience and Economic Stimulus NG-CARES Project",500000000.0,200000000.0,0.0,0.0,0.0,340,0.7349,0.75338,023800300100,COMMUNITY AND SOCIAL DEVELOPMENT AGENCY (CSDA),23020118,CONSTRUCTION / PROVISION OF INFRASTRUCTURE,70621,COMMUNITY DEVELOPMENT,20542400,STATE WIDE,10100125000400,Water Resources and Rural Deve - General
Provision and Procurement of Medical Equipment for Health Centres Across the State.,20000000.0,20000000.0,0.0,0.0,0.0,340,0.74498,0.76345,023800300100,COMMUNITY AND SOCIAL DEVELOPMENT AGENCY (CSDA),23010122,PURCHASE OF HEALTH / MEDICAL EQUIPMENT,70621,COMMUNITY DEVELOPMENT,20542400,STATE WIDE,10100125000100,Water Resources and Rural Deve - General
Construction and Provision of Schools Across the State,20000000.0,20000000.0,0.0,0.0,0.0,340,0.7559,0.77437,023800300100,COMMUNITY AND SOCIAL DEVELOPMENT AGENCY (CSDA),23020107,CONSTRUCTION / PROVISION OF PUBLIC SCHOOLS,70621,COMMUNITY DEVELOPMENT,20542400,STATE WIDE,10100125000100,Water Resources and Rural Deve - General
Construction of Drainages and Culverts to Communities in major High Ways of the State.,10000000.0,10000000.0,0.0,0.0,0.0,340,0.76681,0.78529,023800300100,COMMUNITY AND SOCIAL DEVELOPMENT AGENCY (CSDA),23020118,CONSTRUCTION / PROVISION OF INFRASTRUCTURE,70621,COMMUNITY DEVELOPMENT,20542400,STATE WIDE,10100125000100,Water Resources and Rural Deve - General
Construction and Provisions of Toilet and Refuse Collection Centers at the Urban areas of the,50000000.0,50000000.0,0.0,0.0,0.0,340,0.77773,0.79621,023800300100,COMMUNITY AND SOCIAL DEVELOPMENT AGENCY (CSDA),23020118,CONSTRUCTION / PROVISION OF INFRASTRUCTURE,70621,COMMUNITY DEVELOPMENT,20542400,STATE WIDE,10100125000200,Water Resources and Rural Deve - General
Rehabilitation/ Repairs - Water Facilities Across the State through Nigeria Community Action for Resilience snd Economic Stimulus NG-CARES Projec,0.0,0.0,0.0,50000000.0,0.0,340,0.78781,0.80629,023800300100,COMMUNITY AND SOCIAL DEVELOPMENT AGENCY (CSDA),23030104,REHABILITATION / REPAIRS - WATER FACILITIES,70621,COMMUNITY DEVELOPMENT,20542400,STATE WIDE,10100126000100,Water Resources and Rural Deve - General
Rehabilitation/ Repairs - Hospitals/ Health Centres Across the State through Nigeria Community Action for Resilience snd Economic Stimulus NG-CARES Projec,0.0,0.0,0.0,250000000.0,0.0,340,0.79873,0.81721,023800300100,COMMUNITY AND SOCIAL DEVELOPMENT AGENCY (CSDA),23030105,REHABILITATION / REPAIRS - HOSPITAL / HEALTH CENTRES,70621,COMMUNITY DEVELOPMENT,20542400,STATE WIDE,10100126000200,Water Resources and Rural Deve - General
Rehabilitation/ Repairs - Public Schools Across the State through Nigeria Community Action for Resilience snd Economic Stimulus NG-CARES Projec,0.0,0.0,0.0,250000000.0,0.0,340,0.80965,0.82813,023800300100,COMMUNITY AND SOCIAL DEVELOPMENT AGENCY (CSDA),23030106,REHABILITATION / REPAIRS - PUBLIC SCHOOLS,70621,COMMUNITY DEVELOPMENT,20542400,STATE WIDE,10100126000300,Water Resources and Rural Deve - General
Purchase of Office Furniture (Tables and Chairs) 10 Nos. ANRiN Coordination Office,0.0,0.0,0.0,15000000.0,0.0,340,0.86256,0.88104,023800500100,STATE BUREAU OF STATISTICS,23010112,PURCHASE OF OFFICE FURNITURE AND FITTINGS,70132,OVERALL PLANNING AND STATISTICAL SERVICES,20542400,STATE WIDE,13100125001500,Reform of Government and Governance - General
Purchases of 2 No. of Toyota Hilux,150000000.0,150000000.0,0.0,0.0,0.0,340,0.87348,0.89196,023800500100,STATE BUREAU OF STATISTICS,23010105,PURCHASE OF MOTOR VEHICLES,70132,OVERALL PLANNING AND STATISTICAL SERVICES,20542400,STATE WIDE,13100125001500,Reform of Government and Governance - General
Purchase of 5 Nos. Modern Geographical Survey Equipment for Surveying Activities,50000000.0,50000000.0,15500000.0,70000000.0,0.0,340,0.8844,0.90288,023800500100,STATE BUREAU OF STATISTICS,23010133,PURCHASES OF SURVEYING EQUIPMENT,70132,OVERALL PLANNING AND STATISTICAL SERVICES,20542400,STATE WIDE,13100125001600,Reform of Government and Governance - General
Purchase of 5 Nos of Laptops Computers,10000000.0,10000000.0,4000000.0,0.0,0.0,340,0.89532,0.91379,023800500100,STATE BUREAU OF STATISTICS,23010113,PURCHASE OF COMPUTERS,70132,OVERALL PLANNING AND STATISTICAL SERVICES,20542400,STATE WIDE,13100125001700,Reform of Government and Governance - General
Purchase of 10 Nos. of Desktop Computers,10000000.0,10000000.0,0.0,0.0,0.0,341,0.09323,0.1117,023800500100,STATE BUREAU OF STATISTICS,23010113,PURCHASE OF COMPUTERS,70132,OVERALL PLANNING AND STATISTICAL SERVICES,20542400,STATE WIDE,13100125001800,Reform of Government and Governance - General
Provision of Solar Power Electricity Supply,25000000.0,25000000.0,0.0,25000000.0,0.0,341,0.10415,0.12262,023800500100,STATE BUREAU OF STATISTICS,23020103,CONSTRUCTION / PROVISION OF ELECTRICITY,70132,OVERALL PLANNING AND STATISTICAL SERVICES,20542400,STATE WIDE,13100125001900,Reform of Government and Governance - General
Purchase of 10 Nos of Computer Printers,5000000.0,5000000.0,0.0,0.0,0.0,341,0.11506,0.13354,023800500100,STATE BUREAU OF STATISTICS,23010114,PURCHASE OF COMPUTER PRINTERS,70132,OVERALL PLANNING AND STATISTICAL SERVICES,20542400,STATE WIDE,13100125002000,Reform of Government and Governance - General
Construction of Bauchi State Bureau of Statistics Office Headquarters,0.0,0.0,0.0,600000000.0,0.0,341,0.12598,0.14446,023800500100,STATE BUREAU OF STATISTICS,23020101,CONSTRUCTION / PROVISION OF OFFICE BUILDINGS,70132,OVERALL PLANNING AND STATISTICAL SERVICES,20542400,STATE WIDE,13100126001300,Reform of Government and Governance - General
Establishment of e-Data Bank for archiving of Data,0.0,0.0,0.0,50000000.0,0.0,341,0.13606,0.15454,023800500100,STATE BUREAU OF STATISTICS,23020101,CONSTRUCTION / PROVISION OF OFFICE BUILDINGS,70132,OVERALL PLANNING AND STATISTICAL SERVICES,20542400,STATE WIDE,13100126001400,Reform of Government and Governance - General
"Statistical tools for statistical Services (Stata/SE or SPSS Licenses, Survey Solution, CS Pro,GNSS RTK Kit +",0.0,0.0,0.0,30000000.0,0.0,341,0.14698,0.16546,023800500100,STATE BUREAU OF STATISTICS,23010133,PURCHASES OF SURVEYING EQUIPMENT70132 - OVERALL PLANNING AND STATISTICAL SERVICES,,Accessories),20542400,STATE WIDE,13100126001500,Reform of Government and Governance - General
Construction and prov. of Water Facilities in the State,110000000.0,110000000.0,99498800.0,300000000.0,50000000.0,341,0.20073,0.21921,025200100100,MINISTRY OF WATER RESOURCES,23020105,CONSTRUCTION / PROVISION OF WATER FACILITIES,70631,WATER SUPPLY,20542400,STATE WIDE,10100123003200,Water Resources and Rural Deve - General
Construction of Small Earth Dams One (1) in each Senatorial District,50000000.0,50000000.0,98010200.0,60000000.0,0.0,341,0.21081,0.22929,025200100100,MINISTRY OF WATER RESOURCES,23020105,CONSTRUCTION / PROVISION OF WATER FACILITIES,70631,WATER SUPPLY,20542400,STATE WIDE,10100123003300,Water Resources and Rural Deve - General
Capacity Building/workshop on Intergrated Water Resources Mgt.,40000000.0,40000000.0,0.0,0.0,0.0,341,0.22173,0.24021,025200100100,MINISTRY OF WATER RESOURCES,23050101,RESEARCH AND DEVELOPMENT,70631,WATER SUPPLY,20542400,STATE WIDE,10100123003400,Water Resources and Rural Deve - General
Construction and provision Water through the Development of 50 Hectres of Irrigation Dam,50000000.0,50000000.0,0.0,50000000.0,0.0,341,0.23265,0.25113,025200100100,MINISTRY OF WATER RESOURCES,23020105,CONSTRUCTION / PROVISION OF WATER FACILITIES,70631,WATER SUPPLY,20542400,STATE WIDE,10100123003500,Water Resources and Rural Deve - General
Construction and Development of 50 Hectres of Gyayin Irrigation,50000000.0,50000000.0,0.0,60000000.0,0.0,341,0.24273,0.2612,025200100100,MINISTRY OF WATER RESOURCES,23020105,CONSTRUCTION / PROVISION OF WATER FACILITIES,70631,WATER SUPPLY,20542400,STATE WIDE,10100123003600,Water Resources and Rural Deve - General
Construction/provision and Development of 50 Hectres of,60000000.0,60000000.0,34554000.0,0.0,0.0,341,0.25365,0.27212,025200100100,MINISTRY OF WATER RESOURCES,23020105,CONSTRUCTION / PROVISION OF WATER FACILITIES,70631,WATER SUPPLY,20542400,STATE WIDE,10100123003700,Water Resources and Rural Deve - General
Rehabilitation of Water Facilities control by the Ministry across the State,115000000.0,115000000.0,21178900.0,150000000.0,0.0,341,0.26456,0.28304,025200100100,MINISTRY OF WATER RESOURCES,23030104,REHABILITATION / REPAIRS - WATER FACILITIES,70631,WATER SUPPLY,20542400,STATE WIDE,10100123003800,Water Resources and Rural Deve - General
Rehabilitation of Mini Dams 1 (one) in each Senatorial Districts of the State,78000000.0,78000000.0,6730000.0,100000000.0,20000000.0,341,0.27548,0.29396,025200100100,MINISTRY OF WATER RESOURCES,23030104,REHABILITATION / REPAIRS - WATER FACILITIES,70631,WATER SUPPLY,20542400,STATE WIDE,10100123003900,Water Resources and Rural Deve - General
Rehabilitation/Repairs of three (3) Zonal Irrigation Dams in the State,50000000.0,50000000.0,0.0,50000000.0,0.0,341,0.28556,0.30404,025200100100,MINISTRY OF WATER RESOURCES,23030104,REHABILITATION / REPAIRS - WATER FACILITIES,70631,WATER SUPPLY,20542400,STATE WIDE,10100123004000,Water Resources and Rural Deve - General
Undertaking Study in Water Resources in the State.,10000000.0,10000000.0,0.0,10000000.0,0.0,341,0.29648,0.31496,025200100100,MINISTRY OF WATER RESOURCES,23050101,RESEARCH AND DEVELOPMENT,70631,WATER SUPPLY,20542400,STATE WIDE,10100123004100,Water Resources and Rural Deve - General
Supervision of Programmes and Projects in the Ministry of Water Resources.,100000000.0,100000000.0,0.0,20000000.0,0.0,341,0.3074,0.32588,025200100100,MINISTRY OF WATER RESOURCES,23050103,MONITORING AND EVALUATION,70631,WATER SUPPLY,20542400,STATE WIDE,10100123004200,Water Resources and Rural Deve - General
Construction and Development of Climate Smart Irrigation System using Pipping Network System (Pilot Project of 250 Hectres),300000000.0,300000000.0,0.0,1000000000.0,0.0,341,0.31832,0.33679,025200100100,MINISTRY OF WATER RESOURCES,23020105,CONSTRUCTION / PROVISION OF WATER FACILITIES,70631,WATER SUPPLY,20542400,STATE WIDE,10100123004300,Water Resources and Rural Deve - General
Purchase and Acquisition of Land for Water Provision Facilities,80000000.0,80000000.0,0.0,25000000.0,0.0,341,0.32839,0.34687,025200100100,MINISTRY OF WATER RESOURCES,23010101,PURCHASE / ACQUISITION OF LAND,70631,WATER SUPPLY,20542400,STATE WIDE,10100125000100,Water Resources and Rural Deve - General
Purchase of 2 Nos. of Computer Printers,7500000.0,7500000.0,0.0,0.0,0.0,341,0.33931,0.35779,025200100100,MINISTRY OF WATER RESOURCES,23010114,PURCHASE OF COMPUTER PRINTERS,70631,WATER SUPPLY,20542400,STATE WIDE,10100125000200,Water Resources and Rural Deve - General
Construction of Office for the Establishment of Small Town Water Supply Agency (BASSTOWA),85000000.0,85000000.0,0.0,60000000.0,0.0,341,0.35023,0.36871,025200100100,MINISTRY OF WATER RESOURCES,23020101,CONSTRUCTION / PROVISION OF OFFICE BUILDINGS,70631,WATER SUPPLY,20542400,STATE WIDE,10100125000300,Water Resources and Rural Deve - General
Purchase of 10 Nos. Geophysical Survey Equipment at MOWR,20000000.0,20000000.0,0.0,40000000.0,0.0,341,0.36031,0.37879,025200100100,MINISTRY OF WATER RESOURCES,23010133,PURCHASES OF SURVEYING EQUIPMENT,70631,WATER SUPPLY,20542400,STATE WIDE,10100125000400,Water Resources and Rural Deve - General
Procurement of 15 Units of Solar Water Pumps,30000000.0,30000000.0,0.0,0.0,0.0,341,0.37123,0.38971,025200100100,MINISTRY OF WATER RESOURCES,23010146,PURCHASE OF WATER FACILITIES /EQUIPMENTS,70631,WATER SUPPLY,20542400,STATE WIDE,10100125000500,Water Resources and Rural Deve - General
Feasibility Study of Development of Irrigation Schemes in the 20 LGAs of the State,60000000.0,60000000.0,0.0,50000000.0,0.0,341,0.38215,0.40062,025200100100,MINISTRY OF WATER RESOURCES,23050101,RESEARCH AND DEVELOPMENT,70631,WATER SUPPLY,20542400,STATE WIDE,10100125000600,Water Resources and Rural Deve - General
Procurement Project Vehicle (2 Toyota Hilux) under the Sustainable Power and Irrigation in Nigeria (SPIN) Project,100000000.0,100000000.0,0.0,0.0,0.0,341,0.39307,0.41154,025200100100,MINISTRY OF WATER RESOURCES,23010105,PURCHASE OF MOTOR VEHICLES,70631,WATER SUPPLY,20542400,STATE WIDE,10100125000700,Water Resources and Rural Deve - General
Purchase of Computers (25 Units Laptops and 50 Units Desktops) under the Sustainable Power and Irrigation in Nigeria (SPIN) Project,100000000.0,100000000.0,0.0,0.0,0.0,341,0.40314,0.42162,025200100100,MINISTRY OF WATER RESOURCES,23010113,PURCHASE OF COMPUTERS,70631,WATER SUPPLY,20542400,STATE WIDE,10100125000800,Water Resources and Rural Deve - General
Provision of Water Infrastructures Sustainable Power and Irrigation in Nigeria (SPIN) Project,20000000.0,20000000.0,0.0,0.0,0.0,341,0.41406,0.43254,025200100100,MINISTRY OF WATER RESOURCES,23020105,CONSTRUCTION / PROVISION OF WATER FACILITIES,70631,WATER SUPPLY,20542400,STATE WIDE,10100125000900,Water Resources and Rural Deve - General
"Purchase of 50 Units Executive Tables, Chairs and Cushions under the Sustainable Power and Irrigation in Nigeria (SPIN) Project",200000000.0,200000000.0,410000.0,0.0,0.0,341,0.42498,0.44346,025200100100,MINISTRY OF WATER RESOURCES,23010112,PURCHASE OF OFFICE FURNITURE AND FITTINGS,70631,WATER SUPPLY,20542400,STATE WIDE,10100125001000,Water Resources and Rural Deve - General
Provision of Water Facilities (Sustainable Power and Irrigation in Nigeria SPIN) Project,0.0,0.0,0.0,150000000.0,0.0,341,0.43506,0.45354,025200100100,MINISTRY OF WATER RESOURCES,23020105,CONSTRUCTION / PROVISION OF WATER FACILITIES,70631,WATER SUPPLY,20542400,STATE WIDE,10100125001000,Water Resources and Rural Deve - General
Monitoring & Evaluation under the Sustainable Power and Irrigation in Nigeria (SPIN) Project,0.0,0.0,0.0,150000000.0,0.0,341,0.44598,0.46446,025200100100,MINISTRY OF WATER RESOURCES,23050103,MONITORING AND EVALUATION,70631,WATER SUPPLY,20542400,STATE WIDE,10100125001000,Water Resources and Rural Deve - General
Purchase of New Water Facilities and Equipment for Gubi Water Treatment,480000000.0,480000000.0,239980000.0,720000000.0,200000000.0,341,0.49973,0.51821,025200200100,BAUCHI STATE URBAN WATER AND SEWERAGES CORPORATION,23010146,PURCHASE OF WATER FACILITIES /EQUIPMENTS,70631,WATER SUPPLY,20542400,STATE WIDE,10100123004400,Water Resources and Rural Deve - General
Purchase of Water Equipment for Gubi Dam Treatment Plant (Spares),370000000.0,370000000.0,0.0,250000000.0,50000000.0,341,0.51065,0.52913,025200200100,BAUCHI STATE URBAN WATER AND SEWERAGES CORPORATION,23010146,PURCHASE OF WATER FACILITIES /EQUIPMENTS,70631,WATER SUPPLY,20542400,STATE WIDE,10100123004500,Water Resources and Rural Deve - General
Construction and Provision of Water Facilites within Bauchi Metropolis,100000000.0,100000000.0,12000000.0,2000000000.0,0.0,341,0.52073,0.53921,025200200100,BAUCHI STATE URBAN WATER AND SEWERAGES CORPORATION,23020105,CONSTRUCTION / PROVISION OF WATER FACILITIES,70631,WATER SUPPLY,20542400,STATE WIDE,10100123004600,Water Resources and Rural Deve - General
Rehabilitation and Expansion of Water Schemes in Local Governments in the State.,1000000000.0,1000000000.0,872626448.0,4000000000.0,0.0,341,0.53165,0.55012,025200200100,BAUCHI STATE URBAN WATER AND SEWERAGES CORPORATION,23030104,REHABILITATION / REPAIRS - WATER FACILITIES,70631,WATER SUPPLY,20542400,STATE WIDE,10100123004700,Water Resources and Rural Deve - General
Rehabilitation and Expansion of Water Facilities within Bauchi Metropolis,120000000.0,120000000.0,0.0,100000000.0,0.0,341,0.54257,0.56104,025200200100,BAUCHI STATE URBAN WATER AND SEWERAGES CORPORATION,23030104,REHABILITATION / REPAIRS - WATER FACILITIES,70631,WATER SUPPLY,20542400,STATE WIDE,10100123004800,Water Resources and Rural Deve - General
Rehabilitation of Azare and Jamaáre Water Supply Scheme,500000000.0,500000000.0,0.0,1000000000.0,0.0,341,0.55264,0.57112,025200200100,BAUCHI STATE URBAN WATER AND SEWERAGES CORPORATION,23030104,REHABILITATION / REPAIRS - WATER FACILITIES,70631,WATER SUPPLY,20542400,STATE WIDE,10100123004900,Water Resources and Rural Deve - General
Renovation and Repairs of Office Building in Bauchi,2500000.0,2500000.0,0.0,5000000.0,0.0,341,0.56356,0.58204,025200200100,BAUCHI STATE URBAN WATER AND SEWERAGES CORPORATION,23030121,REHABILITATION / REPAIRS OF OFFICE BUILDINGS,70631,WATER SUPPLY,20542400,STATE WIDE,10100123005000,Water Resources and Rural Deve - General
Purchase of Water Pipes and Equipment for Gubi Treatment Plant,50000000.0,50000000.0,0.0,100000000.0,0.0,341,0.57448,0.59296,025200200100,BAUCHI STATE URBAN WATER AND SEWERAGES CORPORATION,23010146,PURCHASE OF WATER FACILITIES /EQUIPMENTS,70631,WATER SUPPLY,20542400,STATE WIDE,10100123005100,Water Resources and Rural Deve - General
Rehabilitation /Repairs of Gubi Dam Access Road(YALI),3000000.0,3000000.0,0.0,50000000.0,0.0,341,0.5854,0.60388,025200200100,BAUCHI STATE URBAN WATER AND SEWERAGES CORPORATION,23030104,REHABILITATION / REPAIRS - WATER FACILITIES,70631,WATER SUPPLY,20542400,STATE WIDE,10100123005200,Water Resources and Rural Deve - General
Purchase of 1 Unit Drilling Rig for the Exploration and Drilling of water Across the State,350000000.0,350000000.0,0.0,100000000.0,0.0,341,0.59548,0.61396,025200200100,BAUCHI STATE URBAN WATER AND SEWERAGES CORPORATION,23010146,PURCHASE OF WATER FACILITIES /EQUIPMENTS,70631,WATER SUPPLY,20542400,STATE WIDE,10100123005300,Water Resources and Rural Deve - General
Sustainable Urban and Rural WASH Service Delivery(SURWASH) for the Provision of WASH Facilities in the State,0.0,0.0,0.0,1000000000.0,500000000.0,341,0.6064,0.62487,025200200100,BAUCHI STATE URBAN WATER AND SEWERAGES CORPORATION,23020105,CONSTRUCTION / PROVISION OF WATER FACILITIES,70631,WATER SUPPLY,20542400,STATE WIDE,10100126000400,Water Resources and Rural Deve - General
Purchase of three (3) nos Hilux and truck,170000000.0,170000000.0,0.0,100000000.0,0.0,341,0.66015,0.67863,025200300100,RURAL WATER SUPPLY AND SANITATION AGENCY (RUWASSA),23010105,PURCHASE OF MOTOR VEHICLES,70631,WATER SUPPLY,20542400,STATE WIDE,10100123005100,Water Resources and Rural Deve - General
Purchase of 1 no.Sets of complete fleet of drilling equipment and Geophysical survey equipment (Terrameter),300000000.0,300000000.0,0.0,450000000.0,0.0,341,0.67023,0.68871,025200300100,RURAL WATER SUPPLY AND SANITATION AGENCY (RUWASSA),23010146,PURCHASE OF WATER FACILITIES /EQUIPMENTS,70631,WATER SUPPLY,20542400,STATE WIDE,10100123005200,Water Resources and Rural Deve - General
Costruction of Water Facilities under the Water Aid Project and Programme Across the State,500000000.0,500000000.0,19710000.0,500000000.0,0.0,341,0.68115,0.69962,025200300100,RURAL WATER SUPPLY AND SANITATION AGENCY (RUWASSA),23020105,CONSTRUCTION / PROVISION OF WATER FACILITIES,70631,WATER SUPPLY,20542400,STATE WIDE,10100123005300,Water Resources and Rural Deve - General
Construction of Water and Sanitation Facilities through (UNICEF WASH / LIXIL PROJECT) Facilities (CF-foreign) Across the State,200000000.0,200000000.0,0.0,350000000.0,0.0,341,0.69206,0.71054,025200300100,RURAL WATER SUPPLY AND SANITATION AGENCY (RUWASSA),23020105,CONSTRUCTION / PROVISION OF WATER FACILITIES,70631,WATER SUPPLY,20542400,STATE WIDE,10100123005400,Water Resources and Rural Deve - General
Construction of Water Facilities through (WASH PROJECT) Facilities (CF- Local) in the State.,250000000.0,250000000.0,296500000.0,200000000.0,0.0,341,0.70298,0.72146,025200300100,RURAL WATER SUPPLY AND SANITATION AGENCY (RUWASSA),23020105,CONSTRUCTION / PROVISION OF WATER FACILITIES,70631,WATER SUPPLY,20542400,STATE WIDE,10100123005500,Water Resources and Rural Deve - General
Provision of Water through Inclusive Basic Service Delivery and Livelihood Empowerment Integrated (IBSDLEIP) AfDB Programme,800000000.0,400000000.0,0.0,400000000.0,200000000.0,341,0.71306,0.73154,025200300100,RURAL WATER SUPPLY AND SANITATION AGENCY (RUWASSA),23020105,CONSTRUCTION / PROVISION OF WATER FACILITIES,70631,WATER SUPPLY,20542400,STATE WIDE,10100123005600,Water Resources and Rural Deve - General
Provision of Water Facilities for Improvement of Sanitation and Hygiene Across the State,250000000.0,250000000.0,0.0,0.0,0.0,341,0.72398,0.74246,025200300100,RURAL WATER SUPPLY AND SANITATION AGENCY (RUWASSA),23020105,CONSTRUCTION / PROVISION OF WATER FACILITIES,70631,WATER SUPPLY,20542400,STATE WIDE,10100123005700,Water Resources and Rural Deve - General
Provision of Water Facilities for Improvement of Sanitation and Hygiene Across the State,250000000.0,250000000.0,0.0,200000000.0,100000000.0,341,0.7349,0.75338,025200300100,RURAL WATER SUPPLY AND SANITATION AGENCY (RUWASSA),23020105,CONSTRUCTION / PROVISION OF WATER FACILITIES,70631,WATER SUPPLY,20542400,STATE WIDE,10100123005800,Water Resources and Rural Deve - General
Provision of Water Facilities for the Strengthening WASH Service Delivery in One LGA of each Senatorial District of the State,500000000.0,500000000.0,0.0,200000000.0,100000000.0,341,0.74498,0.76345,025200300100,RURAL WATER SUPPLY AND SANITATION AGENCY (RUWASSA),23020105,CONSTRUCTION / PROVISION OF WATER FACILITIES,70631,WATER SUPPLY,20542400,STATE WIDE,10100123005900,Water Resources and Rural Deve - General
Provision of Water Facilities through the Partnership of Expanded Water Sanitation and Hygiene (PEWASH FGN),200000000.0,200000000.0,0.0,50000000.0,0.0,341,0.7559,0.77437,025200300100,RURAL WATER SUPPLY AND SANITATION AGENCY (RUWASSA),23020105,CONSTRUCTION / PROVISION OF WATER FACILITIES,70631,WATER SUPPLY,20542400,STATE WIDE,10100123006000,Water Resources and Rural Deve - General
Provision of Water Facilities through the Partnership of Expanded Water Sanitation and Hygiene (PEWASH FGN Counterpart Funding),200000000.0,200000000.0,0.0,50000000.0,0.0,341,0.76681,0.78529,025200300100,RURAL WATER SUPPLY AND SANITATION AGENCY (RUWASSA),23020105,CONSTRUCTION / PROVISION OF WATER FACILITIES,70631,WATER SUPPLY,20542400,STATE WIDE,10100123006100,Water Resources and Rural Deve - General
Provision of Water Facilities for the Implementation of the State Open Defecation Free(ODF) Roadmap and PPP strategy (Clean Nigeria),85000000.0,85000000.0,0.0,50000000.0,0.0,341,0.77773,0.79621,025200300100,RURAL WATER SUPPLY AND SANITATION AGENCY (RUWASSA),23020105,CONSTRUCTION / PROVISION OF WATER FACILITIES,70631,WATER SUPPLY,20542400,STATE WIDE,10100123006200,Water Resources and Rural Deve - General
"Provision of structure for CLTS Training, CWSP, Triggering & follow-up, WASHCOM establishment, and formation of VHP Across the State.",200000000.0,200000000.0,0.0,50000000.0,0.0,341,0.78781,0.80629,025200300100,RURAL WATER SUPPLY AND SANITATION AGENCY (RUWASSA),23020105,CONSTRUCTION / PROVISION OF WATER FACILITIES,70631,WATER SUPPLY,20542400,STATE WIDE,10100123006300,Water Resources and Rural Deve - General
Provision of Infrastructure through the Sanitation pool fund on Improvement of the household toilet in communities.,80000000.0,80000000.0,0.0,50000000.0,0.0,341,0.79873,0.81721,025200300100,RURAL WATER SUPPLY AND SANITATION AGENCY (RUWASSA),23020105,CONSTRUCTION / PROVISION OF WATER FACILITIES,70631,WATER SUPPLY,20542400,STATE WIDE,10100123006400,Water Resources and Rural Deve - General
"Supervision of State WASH M&E Framework (Strengthening WASH Programme, Coordination, Monitoring, and Evaluation)",25000000.0,25000000.0,0.0,30000000.0,0.0,341,0.80965,0.82813,025200300100,RURAL WATER SUPPLY AND SANITATION AGENCY (RUWASSA),23050103,MONITORING AND EVALUATION,70631,WATER SUPPLY,20542400,STATE WIDE,10100123006500,Water Resources and Rural Deve - General
Rehabilitation of Water Facilities Across 20 Local Government Areas of the State,25000000.0,25000000.0,0.0,70000000.0,0.0,341,0.82057,0.83904,025200300100,RURAL WATER SUPPLY AND SANITATION AGENCY (RUWASSA),23030104,REHABILITATION / REPAIRS - WATER FACILITIES,70631,WATER SUPPLY,20542400,STATE WIDE,10100123006600,Water Resources and Rural Deve - General
Purchase of 10 Nos. of Geophysical Survey Equipment and Laboratory Testing Equipment,20000000.0,20000000.0,0.0,50000000.0,0.0,341,0.83065,0.84912,025200300100,RURAL WATER SUPPLY AND SANITATION AGENCY (RUWASSA),23010146,PURCHASE OF WATER FACILITIES /EQUIPMENTS,70631,WATER SUPPLY,20542400,STATE WIDE,10100125001400,Water Resources and Rural Deve - General
Purchase of 1 Unit Borehole Camera,25000000.0,25000000.0,0.0,50000000.0,0.0,341,0.84156,0.86004,025200300100,RURAL WATER SUPPLY AND SANITATION AGENCY (RUWASSA),23010146,PURCHASE OF WATER FACILITIES /EQUIPMENTS,70631,WATER SUPPLY,20542400,STATE WIDE,10100125001500,Water Resources and Rural Deve - General
Construction and Provision of Gender Sensitive WASH Facilities in Schools and PHCs,200000000.0,200000000.0,0.0,50000000.0,0.0,341,0.85248,0.87096,025200300100,RURAL WATER SUPPLY AND SANITATION AGENCY (RUWASSA),23020105,CONSTRUCTION / PROVISION OF WATER FACILITIES,70631,WATER SUPPLY,20542400,STATE WIDE,10100125001600,Water Resources and Rural Deve - General
Construction of 10 Mini Solar Schemes in Markets/Parks in some Selected Areas within the State.,150000000.0,150000000.0,0.0,50000000.0,0.0,341,0.86256,0.88104,025200300100,RURAL WATER SUPPLY AND SANITATION AGENCY (RUWASSA),23020105,CONSTRUCTION / PROVISION OF WATER FACILITIES,70631,WATER SUPPLY,20542400,STATE WIDE,10100125001700,Water Resources and Rural Deve - General
Provision and Supply of Water Facilities for Communities in the State,1462929584.72,1062929584.72,1000000000.0,300000000.0,0.0,341,0.87348,0.89196,025200300100,RURAL WATER SUPPLY AND SANITATION AGENCY (RUWASSA),23020105,CONSTRUCTION / PROVISION OF WATER FACILITIES,70631,WATER SUPPLY,20542400,STATE WIDE,10100125001800,Water Resources and Rural Deve - General
Sustainable Urban and Rural WASH Service Delivery(SURWASH) for the Provision of WASH Facilities in the State,0.0,0.0,0.0,1500000000.0,500000000.0,341,0.8844,0.90288,025200300100,RURAL WATER SUPPLY AND SANITATION AGENCY (RUWASSA),23020105,CONSTRUCTION / PROVISION OF WATER FACILITIES,70631,WATER SUPPLY,20542400,STATE WIDE,10100126000500,Water Resources and Rural Deve - General
Purchase of landed Property for Housing Infrastructure,700000000.0,700000000.0,958767191.44,1000000000.0,0.0,342,0.12598,0.14446,025300100100,MINISTRY OF HOUSING AND ENVIRONMENT,23010101,PURCHASE / ACQUISITION OF LAND,70611,HOUSING DEVELOPMENT,20542400,STATE WIDE,06100123000100,Housing and Urban Development - General
"Purchase of 75 Units Office Chairs & Tables, and Other Office Equipment",25000000.0,25000000.0,0.0,25000000.0,0.0,342,0.13606,0.15454,025300100100,MINISTRY OF HOUSING AND ENVIRONMENT,23010112,PURCHASE OF OFFICE FURNITURE AND FITTINGS,70611,HOUSING DEVELOPMENT,20542400,STATE WIDE,06100123000200,Housing and Urban Development - General
Purchase of 3 Nos. of Laptops Computers and 4 nos. of Desktop Computers,5000000.0,5000000.0,0.0,0.0,0.0,342,0.14698,0.16546,025300100100,MINISTRY OF HOUSING AND ENVIRONMENT,23010113,PURCHASE OF COMPUTERS,70611,HOUSING DEVELOPMENT,20542400,STATE WIDE,06100123000300,Housing and Urban Development - General
Purchase and Supply of Improved Efficient Cooking Stoves,20000000.0,20000000.0,0.0,200000000.0,0.0,342,0.1579,0.17638,025300100100,MINISTRY OF HOUSING AND ENVIRONMENT,23010120,PURCHASE OF CANTEEN / KITCHEN EQUIPMENT,70611,HOUSING DEVELOPMENT,20542400,STATE WIDE,06100123000400,Housing and Urban Development - General
Construction of a new Office Complex in Bauchi,100000000.0,200000000.0,319020640.32,75000000.0,0.0,342,0.16798,0.18645,025300100100,MINISTRY OF HOUSING AND ENVIRONMENT,23020101,CONSTRUCTION / PROVISION OF OFFICE BUILDINGS,70611,HOUSING DEVELOPMENT,20542400,STATE WIDE,06100123000500,Housing and Urban Development - General
Construction and Re-modelling of Governor's Lodge Abuja (including funishing),120000000.0,120000000.0,0.0,5000000.0,0.0,342,0.1789,0.19737,025300100100,MINISTRY OF HOUSING AND ENVIRONMENT,23030101,REHABILITATION / REPAIRS OF RESIDENTIAL BUILDING,70611,HOUSING DEVELOPMENT,20542400,STATE WIDE,06100123000600,Housing and Urban Development - General
Identification & Construction of Waste Disposal Sites across the state,25000000.0,25000000.0,0.0,500000000.0,0.0,342,0.18981,0.20829,025300100100,MINISTRY OF HOUSING AND ENVIRONMENT,23020118,CONSTRUCTION / PROVISION OF INFRASTRUCTURE,70611,HOUSING DEVELOPMENT,20542400,STATE WIDE,06100123000700,Housing and Urban Development - General
Provision of Waste Recycling plant in the State.,113200000.0,113200000.0,21000000.0,100000000.0,0.0,342,0.20073,0.21921,025300100100,MINISTRY OF HOUSING AND ENVIRONMENT,23020118,CONSTRUCTION / PROVISION OF INFRASTRUCTURE,70611,HOUSING DEVELOPMENT,20542400,STATE WIDE,06100123000800,Housing and Urban Development - General
Provision of Infrastructure Facilities Ecological Fund Across the State,250000000.0,250000000.0,0.0,1000000000.0,0.0,342,0.21081,0.22929,025300100100,MINISTRY OF HOUSING AND ENVIRONMENT,23020118,CONSTRUCTION / PROVISION OF INFRASTRUCTURE,70611,HOUSING DEVELOPMENT,20542400,STATE WIDE,06100123000900,Housing and Urban Development - General
Provision of Environmental Infrastructures through the Agro-Climatic Resilience in Semi-Arid Landscapes (ACReSAL) Project (5% Counterpart Funding),500000000.0,500000000.0,110871766.14,50000000.0,0.0,342,0.22173,0.24021,025300100100,MINISTRY OF HOUSING AND ENVIRONMENT,23020118,CONSTRUCTION / PROVISION OF INFRASTRUCTURE,70611,HOUSING DEVELOPMENT,20542400,STATE WIDE,06100123001000,Housing and Urban Development - General
"construction of 1,443 Houses Across the State (including infrastracture)",1000000000.0,2100000000.0,2000000000.0,500000000.0,0.0,342,0.23265,0.25113,025300100100,MINISTRY OF HOUSING AND ENVIRONMENT,23020102,CONSTRUCTION / PROVISION OF RESIDENTIAL BUILDINGS,70611,HOUSING DEVELOPMENT,20542400,STATE WIDE,06100123001100,Housing and Urban Development - General
"Construction of Waterways and Drainage Infrastructures within the 1,443 Housing Units across the six(6)Emirates of the State.",500000000.0,500000000.0,695666903.7,1000000000.0,0.0,342,0.24273,0.2612,025300100100,MINISTRY OF HOUSING AND ENVIRONMENT,23020118,CONSTRUCTION / PROVISION OF INFRASTRUCTURE,70611,HOUSING DEVELOPMENT,20542400,STATE WIDE,06100123001200,Housing and Urban Development - General
Construction of 3 Arms Housing Estate at Old Airport GRA Bauchi,1000000000.0,6000000000.0,5212711408.0,14000000000.0,0.0,342,0.25365,0.27212,025300100100,MINISTRY OF HOUSING AND ENVIRONMENT,23020102,CONSTRUCTION / PROVISION OF RESIDENTIAL BUILDINGS,70611,HOUSING DEVELOPMENT,20542400,STATE WIDE,06100123001300,Housing and Urban Development - General
Rehabilitation and Repairs of Office Building in Bauchi,500000000.0,200000000.0,0.0,500000000.0,0.0,342,0.26456,0.28304,025300100100,MINISTRY OF HOUSING AND ENVIRONMENT,23030121,REHABILITATION / REPAIRS OF OFFICE BUILDINGS,70611,HOUSING DEVELOPMENT,20542400,STATE WIDE,06100123001400,Housing and Urban Development - General
Renovation and Furnishing of Bauchi State Lodge at Abuja,100000000.0,100000000.0,63082482.48,0.0,0.0,342,0.27548,0.29396,025300100100,MINISTRY OF HOUSING AND ENVIRONMENT,23030101,REHABILITATION / REPAIRS OF RESIDENTIAL BUILDING,70611,HOUSING DEVELOPMENT,20542400,STATE WIDE,06100123001500,Housing and Urban Development - General
Renovation and Expansion of Government House Bauchi,4000000000.0,13000000000.0,12348215653.82,4000000000.0,0.0,342,0.28556,0.30404,025300100100,MINISTRY OF HOUSING AND ENVIRONMENT,23030121,REHABILITATION / REPAIRS OF OFFICE BUILDINGS,70611,HOUSING DEVELOPMENT,20530200,BAUCHI,06100123001600,Housing and Urban Development - General
Tree Planting Campaign Activities State Wide,250000000.0,300000000.0,270000000.0,500000000.0,0.0,342,0.29648,0.31496,025300100100,MINISTRY OF HOUSING AND ENVIRONMENT,23040101,TREE PLANTING,70611,HOUSING DEVELOPMENT,20542400,STATE WIDE,06100123001700,Housing and Urban Development - General
Nursery rehabilitation/seedlings production,140000000.0,140000000.0,35490000.0,500000000.0,0.0,342,0.3074,0.32588,025300100100,MINISTRY OF HOUSING AND ENVIRONMENT,23040101,TREE PLANTING,70611,HOUSING DEVELOPMENT,20542400,STATE WIDE,06100123001800,Housing and Urban Development - General
Establishment of Tree Plantations,100000000.0,100000000.0,15232000.0,200000000.0,0.0,342,0.31832,0.33679,025300100100,MINISTRY OF HOUSING AND ENVIRONMENT,23040101,TREE PLANTING,70611,HOUSING DEVELOPMENT,20542400,STATE WIDE,06100123001900,Housing and Urban Development - General
"Construction of Waterways, Drainages, and Stone Pits Infrastructure for Gulley Erosion Control Across the State",50000000.0,50000000.0,0.0,400000000.0,0.0,342,0.32839,0.34687,025300100100,MINISTRY OF HOUSING AND ENVIRONMENT,23040102,EROSION & FLOOD CONTROL,70611,HOUSING DEVELOPMENT,20542400,STATE WIDE,06100123002000,Housing and Urban Development - General
"Construction of Public Toilets Dass, Toro and Alkaleri",100000000.0,100000000.0,6000000.0,20000000.0,0.0,342,0.33931,0.35779,025300100100,MINISTRY OF HOUSING AND ENVIRONMENT,23050101,RESEARCH AND DEVELOPMENT,70611,HOUSING DEVELOPMENT,20542400,STATE WIDE,06100123002100,Housing and Urban Development - General
"Construction of Public Toilets Azare, Jama""are, Gamawa and Zaki",20000000.0,20000000.0,0.0,20000000.0,0.0,342,0.35023,0.36871,025300100100,MINISTRY OF HOUSING AND ENVIRONMENT,23050101,RESEARCH AND DEVELOPMENT,70611,HOUSING DEVELOPMENT,20542400,STATE WIDE,06100123002200,Housing and Urban Development - General
"Construction of Public Toilets Misau, Dambam, Ningi and Darazo.",20000000.0,20000000.0,0.0,40000000.0,0.0,342,0.36031,0.37879,025300100100,MINISTRY OF HOUSING AND ENVIRONMENT,23050101,RESEARCH AND DEVELOPMENT,70611,HOUSING DEVELOPMENT,20542400,STATE WIDE,06100123002300,Housing and Urban Development - General
"Conduct Environmental Impact Assessment (EIA) Activities: Baseline Data Acquisition and Social Economics Survey, Environ Auditing , Public Display of EIA reports.",40000000.0,40000000.0,0.0,10000000.0,0.0,342,0.37123,0.38971,025300100100,MINISTRY OF HOUSING AND ENVIRONMENT,23050101,RESEARCH AND DEVELOPMENT,70611,HOUSING DEVELOPMENT,20542400,STATE WIDE,06100123002400,Housing and Urban Development - General
Supervision of Programmes and Projects in the Ministry of Housing and Environment,10000000.0,10000000.0,0.0,20000000.0,0.0,342,0.38215,0.40062,025300100100,MINISTRY OF HOUSING AND ENVIRONMENT,23050103,MONITORING AND EVALUATION,70611,HOUSING DEVELOPMENT,20542400,STATE WIDE,06100123002500,Housing and Urban Development - General
"Annual World Environmental Day, World Nature Conservation Day and World Desertification Day Celebration",12000000.0,42000000.0,37428906.0,50000000.0,0.0,342,0.39307,0.41154,025300100100,MINISTRY OF HOUSING AND ENVIRONMENT,23050104,ANNIVERSARIES/CELEBRATIONS,70611,HOUSING DEVELOPMENT,20542400,STATE WIDE,06100123002600,Housing and Urban Development - General
Provision of Housing and Infrastructure through National Social Housing Scheme,12000000.0,72000000.0,491322000.0,200000000.0,0.0,342,0.40314,0.42162,025300100100,MINISTRY OF HOUSING AND ENVIRONMENT,23020102,CONSTRUCTION / PROVISION OF RESIDENTIAL BUILDINGS,70611,HOUSING DEVELOPMENT,20542400,STATE WIDE,06100123002700,Housing and Urban Development - General
"Completion of Construction of National Examination Council (NECO) State Office, Bauchi",200000000.0,200000000.0,0.0,100000000.0,0.0,342,0.41406,0.43254,025300100100,MINISTRY OF HOUSING AND ENVIRONMENT,23020101,CONSTRUCTION / PROVISION OF OFFICE BUILDINGS,70611,HOUSING DEVELOPMENT,20542400,STATE WIDE,06100123002800,Housing and Urban Development - General
Construction and Provision of Infrastructure for The Control of Erosion and Flood in the State,200000000.0,200000000.0,0.0,2000000000.0,0.0,342,0.42498,0.44346,025300100100,MINISTRY OF HOUSING AND ENVIRONMENT,23040102,EROSION & FLOOD CONTROL,70611,HOUSING DEVELOPMENT,20542400,STATE WIDE,06100123002900,Housing and Urban Development - General
Complete Renovation of Existing House of Assembly Complex at Bauchi,2000000000.0,1000000000.0,1000000000.0,4000000000.0,0.0,342,0.43506,0.45354,025300100100,MINISTRY OF HOUSING AND ENVIRONMENT,23030121,REHABILITATION / REPAIRS OF OFFICE BUILDINGS,70611,HOUSING DEVELOPMENT,20530200,BAUCHI,06100123003000,Housing and Urban Development - General
"Construction and Provision of Environmental Infrastructures (Planting of Trees, Drainages, Water Ways etc.) through the Agro-Climatic Resilience in Semi-Arid Landscapes (ACReSAL) Project",3500000000.0,7500000000.0,7400000000.0,6000000000.0,0.0,342,0.44598,0.46446,025300100100,MINISTRY OF HOUSING AND ENVIRONMENT,23020118,CONSTRUCTION / PROVISION OF INFRASTRUCTURE,70611,HOUSING DEVELOPMENT,20542400,STATE WIDE,06100123003100,Housing and Urban Development - General
"Renovation, Upgrading and Furnishing of former Wikki Hotel Bauchi",0.0,0.0,0.0,350000000.0,0.0,342,0.4569,0.47537,025300100100,MINISTRY OF HOUSING AND ENVIRONMENT,23030103,REHABILITATION / REPAIRS - HOUSING,70611,HOUSING DEVELOPMENT,20542400,STATE WIDE,06100126010400,Housing and Urban Development - General
Renovation and Repairs of Sogiji to a Secondary School Model,0.0,0.0,0.0,1500000000.0,0.0,342,0.46782,0.48629,025300100100,MINISTRY OF HOUSING AND ENVIRONMENT,23030103,REHABILITATION / REPAIRS - HOUSING,70611,HOUSING DEVELOPMENT,20542400,STATE WIDE,06100126010500,Housing and Urban Development - General
Renewed hope Housing Scheme Acquisition of Land,0.0,0.0,0.0,300000000.0,0.0,342,0.47789,0.49637,025300100100,MINISTRY OF HOUSING AND ENVIRONMENT,23010101,PURCHASE / ACQUISITION OF LAND,70611,HOUSING DEVELOPMENT,20542400,STATE WIDE,06100126010600,Housing and Urban Development - General
"Reconstruction, & Renovation of His Excellency, Late Tatari Ali's Residence",0.0,0.0,0.0,350000000.0,0.0,342,0.48881,0.50729,025300100100,MINISTRY OF HOUSING AND ENVIRONMENT,23030101,REHABILITATION / REPAIRS OF RESIDENTIAL BUILDING,70611,HOUSING DEVELOPMENT,20542400,STATE WIDE,06100126010700,Housing and Urban Development - General
"Reconstruction, & Renovation of Soro Police Staation",0.0,0.0,0.0,40000000.0,0.0,342,0.49973,0.51821,025300100100,MINISTRY OF HOUSING AND ENVIRONMENT,23030101,REHABILITATION / REPAIRS OF RESIDENTIAL BUILDING,70611,HOUSING DEVELOPMENT,20542400,STATE WIDE,06100126010800,Housing and Urban Development - General
Reconstruction & Renovation Rt Hon Speaker's Residence,0.0,0.0,0.0,250000000.0,0.0,342,0.51065,0.52913,025300100100,MINISTRY OF HOUSING AND ENVIRONMENT,23030101,REHABILITATION / REPAIRS OF RESIDENTIAL BUILDING,70611,HOUSING DEVELOPMENT,20542400,STATE WIDE,06100126010900,Housing and Urban Development - General
Reconstruction and Repairs of Unity Park Bauchi,0.0,0.0,0.0,500000000.0,0.0,342,0.52073,0.53921,025300100100,MINISTRY OF HOUSING AND ENVIRONMENT,23030124,REHABILITATION/REPAIRS- MARKETS/PARKS,70611,HOUSING DEVELOPMENT,20542400,STATE WIDE,06100126011000,Housing and Urban Development - General
Plantations of Trees within the Bauchi Metropolis,0.0,0.0,0.0,500000000.0,0.0,342,0.53165,0.55012,025300100100,MINISTRY OF HOUSING AND ENVIRONMENT,23040101,TREE PLANTING,70611,HOUSING DEVELOPMENT,20542400,STATE WIDE,06100126011100,Housing and Urban Development - General
Construction of Joint Task force base in Mansur,0.0,0.0,0.0,1000000000.0,0.0,342,0.54257,0.56104,025300100100,MINISTRY OF HOUSING AND ENVIRONMENT,23020101,CONSTRUCTION / PROVISION OF OFFICE BUILDINGS,70611,HOUSING DEVELOPMENT,20542400,STATE WIDE,06100126011200,Housing and Urban Development - General
Construction of Divisional Police Station at Duguri,0.0,0.0,0.0,250000000.0,0.0,342,0.55264,0.57112,025300100100,MINISTRY OF HOUSING AND ENVIRONMENT,23020101,CONSTRUCTION / PROVISION OF OFFICE BUILDINGS,70611,HOUSING DEVELOPMENT,20542400,STATE WIDE,06100126011300,Housing and Urban Development - General
Construction of Students Hostel at Yola Campus of Nigerian Law School,0.0,0.0,0.0,1000000000.0,0.0,342,0.56356,0.58204,025300100100,MINISTRY OF HOUSING AND ENVIRONMENT,23020102,CONSTRUCTION / PROVISION OF RESIDENTIAL BUILDINGS,70611,HOUSING DEVELOPMENT,20542400,STATE WIDE,06100126011400,Housing and Urban Development - General
Construction of Fence Wall at Gadau Police Station,0.0,0.0,0.0,50000000.0,0.0,342,0.57448,0.59296,025300100100,MINISTRY OF HOUSING AND ENVIRONMENT,23020118,CONSTRUCTION / PROVISION OF INFRASTRUCTURE,70611,HOUSING DEVELOPMENT,20542400,STATE WIDE,06100126011500,Housing and Urban Development - General
"Expansion and Furnishing of New Governor's Residence, Bauchi",0.0,0.0,0.0,500000000.0,0.0,342,0.5854,0.60388,025300100100,MINISTRY OF HOUSING AND ENVIRONMENT,23010112,PURCHASE OF OFFICE FURNITURE AND FITTINGS,70611,HOUSING DEVELOPMENT,20542400,STATE WIDE,06100126011600,Housing and Urban Development - General
"Rehabilitation of 1,443 Housing Estates",0.0,0.0,0.0,1000000000.0,0.0,342,0.59548,0.61396,025300100100,MINISTRY OF HOUSING AND ENVIRONMENT,23030103,REHABILITATION / REPAIRS - HOUSING,70611,HOUSING DEVELOPMENT,20542400,STATE WIDE,06100126011700,Housing and Urban Development - General
"Purchase of Executive Table, Office Tables, Chairs, etc. for the Furnishing of Bauchi State House of Assembly and 3 Arms Zone",0.0,0.0,0.0,3000000000.0,0.0,342,0.6064,0.62487,025300100100,MINISTRY OF HOUSING AND ENVIRONMENT,23010112,PURCHASE OF OFFICE FURNITURE AND FITTINGS,70611,HOUSING DEVELOPMENT,20542400,STATE WIDE,06100126011800,Housing and Urban Development - General
Construction of Unity Park Bauchi,0.0,0.0,0.0,1500000000.0,0.0,342,0.61732,0.63579,025300100100,MINISTRY OF HOUSING AND ENVIRONMENT,23020124,CONSTRUCTION OF MARKETS/PARKS,70611,HOUSING DEVELOPMENT,20542400,STATE WIDE,06100126011900,Housing and Urban Development - General
Construction of Recreational Parks at 5 Locations in Bauchi.,0.0,0.0,0.0,2500000000.0,0.0,342,0.62823,0.64671,025300100100,MINISTRY OF HOUSING AND ENVIRONMENT,23020124,CONSTRUCTION OF MARKETS/PARKS,70611,HOUSING DEVELOPMENT,20542400,STATE WIDE,06100126012000,Housing and Urban Development - General
Construction of Federal Court of Appeal Complex,0.0,0.0,0.0,500000000.0,0.0,342,0.63831,0.65679,025300100100,MINISTRY OF HOUSING AND ENVIRONMENT,23020101,CONSTRUCTION / PROVISION OF OFFICE BUILDINGS,70611,HOUSING DEVELOPMENT,20542400,STATE WIDE,06100126012100,Housing and Urban Development - General
Renovation of Government Lodges in the State,0.0,0.0,0.0,500000000.0,0.0,342,0.64923,0.66771,025300100100,MINISTRY OF HOUSING AND ENVIRONMENT,23020102,CONSTRUCTION / PROVISION OF RESIDENTIAL BUILDINGS,70611,HOUSING DEVELOPMENT,20542400,STATE WIDE,06100126012200,Housing and Urban Development - General
Purchase/Acquisition of Land at Miri-Kafin Tafawa-Kajito and Dungunbel,50000000.0,50000000.0,0.0,150000000.0,0.0,342,0.70298,0.72146,025300200100,BAUCHI STATE ENVIRONMENTAL PROTECTION AGENCY (BASEPA),23010101,PURCHASE / ACQUISITION OF LAND,70561,ENVIRONMENTAL PROTECTION N.E.C.,20542400,STATE WIDE,09100123000100,Environmental Improvement - General
Purchase of 2 Units of Tippers,150000000.0,150000000.0,0.0,50000000.0,0.0,342,0.71306,0.73154,025300200100,BAUCHI STATE ENVIRONMENTAL PROTECTION AGENCY (BASEPA),23010107,PURCHASE OF TRUCKS,70561,ENVIRONMENTAL PROTECTION N.E.C.,20530200,BAUCHI,09100123000200,Environmental Improvement - General
Prurchase of 2 No. of Clinical Waste Truck,70000000.0,70000000.0,0.0,80000000.0,0.0,342,0.72398,0.74246,025300200100,BAUCHI STATE ENVIRONMENTAL PROTECTION AGENCY (BASEPA),23010107,PURCHASE OF TRUCKS,70561,ENVIRONMENTAL PROTECTION N.E.C.,20530200,BAUCHI,09100123000300,Environmental Improvement - General
Purchase of 2 No. of Septic Tank,160000000.0,160000000.0,0.0,80000000.0,0.0,342,0.7349,0.75338,025300200100,BAUCHI STATE ENVIRONMENTAL PROTECTION AGENCY (BASEPA),23010107,PURCHASE OF TRUCKS,70561,ENVIRONMENTAL PROTECTION N.E.C.,20530200,BAUCHI,09100123000400,Environmental Improvement - General
Procurement of 1 Unit of Payloader,80000000.0,80000000.0,0.0,80000000.0,0.0,342,0.74498,0.76345,025300200100,BAUCHI STATE ENVIRONMENTAL PROTECTION AGENCY (BASEPA),23010107,PURCHASE OF TRUCKS,70561,ENVIRONMENTAL PROTECTION N.E.C.,20530200,BAUCHI,09100123000500,Environmental Improvement - General
Purchase of Mowing and slashing machinaries,6000000.0,6000000.0,0.0,0.0,0.0,342,0.7559,0.77437,025300200100,BAUCHI STATE ENVIRONMENTAL PROTECTION AGENCY (BASEPA),23010129,PURCHASE OF INDUSTRIAL EQUIPMENT,70561,ENVIRONMENTAL PROTECTION N.E.C.,20542400,STATE WIDE,09100123000600,Environmental Improvement - General
"Purchase of 1 Unit Motorized Sprayer, Personal Protective Equipment and Tank Blower.",10000000.0,10000000.0,0.0,0.0,0.0,342,0.76681,0.78529,025300200100,BAUCHI STATE ENVIRONMENTAL PROTECTION AGENCY (BASEPA),23010129,PURCHASE OF INDUSTRIAL EQUIPMENT,70561,ENVIRONMENTAL PROTECTION N.E.C.,20542400,STATE WIDE,09100123000700,Environmental Improvement - General
Purchase of One (1) Power Generating Set Basepa Hqtrs.,3000000.0,3000000.0,0.0,3750000.0,0.0,342,0.77773,0.79621,025300200100,BAUCHI STATE ENVIRONMENTAL PROTECTION AGENCY (BASEPA),23010119,PURCHASE OF POWER GENERATING SET,70561,ENVIRONMENTAL PROTECTION N.E.C.,20530200,BAUCHI,09100123000800,Environmental Improvement - General
Purchase of Five (5) Computers,1000000.0,1000000.0,0.0,0.0,0.0,342,0.78781,0.80629,025300200100,BAUCHI STATE ENVIRONMENTAL PROTECTION AGENCY (BASEPA),23010113,PURCHASE OF COMPUTERS,70561,ENVIRONMENTAL PROTECTION N.E.C.,20530200,BAUCHI,09100123000900,Environmental Improvement - General
Purchase of Five (5) Computer Printers,500000.0,500000.0,0.0,0.0,0.0,342,0.79873,0.81721,025300200100,BAUCHI STATE ENVIRONMENTAL PROTECTION AGENCY (BASEPA),23010114,PURCHASE OF COMPUTER PRINTERS,70561,ENVIRONMENTAL PROTECTION N.E.C.,20530200,BAUCHI,09100123001000,Environmental Improvement - General
Purchase of Protective Personal Equipment (PPE) for use by Environmental Officers,1000000.0,1000000.0,0.0,1250000.0,0.0,342,0.80965,0.82813,025300200100,BAUCHI STATE ENVIRONMENTAL PROTECTION AGENCY (BASEPA),23010122,PURCHASE OF HEALTH / MEDICAL EQUIPMENT,70561,ENVIRONMENTAL PROTECTION N.E.C.,20542400,STATE WIDE,09100123001100,Environmental Improvement - General
Purchase of Photocoping Machine (5),1500000.0,1500000.0,0.0,0.0,0.0,342,0.82057,0.83904,025300200100,BAUCHI STATE ENVIRONMENTAL PROTECTION AGENCY (BASEPA),23010115,PURCHASE OF PHOTOCOPYING MACHINES,70561,ENVIRONMENTAL PROTECTION N.E.C.,20530200,BAUCHI,09100123001200,Environmental Improvement - General
Purchase and Supply of Efficient Cooking Stoves to Reduce Desert Encroachment Across the State.,5000000.0,5000000.0,0.0,5000000.0,0.0,342,0.83065,0.84912,025300200100,BAUCHI STATE ENVIRONMENTAL PROTECTION AGENCY (BASEPA),23010120,PURCHASE OF CANTEEN / KITCHEN EQUIPMENT,70561,ENVIRONMENTAL PROTECTION N.E.C.,20542400,STATE WIDE,09100123001300,Environmental Improvement - General
Rehabilitation/Upgrade of Unity Park Bauchi,400000000.0,400000000.0,0.0,400000000.0,0.0,342,0.84156,0.86004,025300200100,BAUCHI STATE ENVIRONMENTAL PROTECTION AGENCY (BASEPA),23030118,REHABILITATION / REPAIRS - RECREATIONAL FACILITIES,70561,ENVIRONMENTAL PROTECTION N.E.C.,20530200,BAUCHI,09100123001400,Environmental Improvement - General
Const. of Waste Collection Center in some Designated Areas.,40000000.0,40000000.0,0.0,200000000.0,0.0,342,0.85248,0.87096,025300200100,BAUCHI STATE ENVIRONMENTAL PROTECTION AGENCY (BASEPA),23020118,CONSTRUCTION / PROVISION OF INFRASTRUCTURE,70561,ENVIRONMENTAL PROTECTION N.E.C.,20542400,STATE WIDE,09100123001500,Environmental Improvement - General
Construction of 200 Units VIP Toilets across the State,414000000.0,414000000.0,23727000.0,614000000.0,0.0,342,0.86256,0.88104,025300200100,BAUCHI STATE ENVIRONMENTAL PROTECTION AGENCY (BASEPA),23020118,CONSTRUCTION / PROVISION OF INFRASTRUCTURE,70561,ENVIRONMENTAL PROTECTION N.E.C.,20542400,STATE WIDE,09100123001600,Environmental Improvement - General
Provision of Waste Management Facilities at New Government House,40000000.0,40000000.0,0.0,40000000.0,0.0,342,0.87348,0.89196,025300200100,BAUCHI STATE ENVIRONMENTAL PROTECTION AGENCY (BASEPA),23020118,CONSTRUCTION / PROVISION OF INFRASTRUCTURE,70561,ENVIRONMENTAL PROTECTION N.E.C.,20542400,STATE WIDE,09100123001700,Environmental Improvement - General
Rehabilitation and Repairs of some Recreational Centres in Urban Towns of the State.,80000000.0,80000000.0,0.0,350000000.0,0.0,342,0.8844,0.90288,025300200100,BAUCHI STATE ENVIRONMENTAL PROTECTION AGENCY (BASEPA),23030118,REHABILITATION / REPAIRS - RECREATIONAL FACILITIES,70561,ENVIRONMENTAL PROTECTION N.E.C.,20542400,STATE WIDE,09100123001800,Environmental Improvement - General
Provision of Shelter Belt through Planting of Trees for the realization of Bauchi Green Project (BGP),50000000.0,50000000.0,1397000.0,50000000.0,0.0,342,0.89532,0.91379,025300200100,BAUCHI STATE ENVIRONMENTAL PROTECTION AGENCY (BASEPA),23040101,TREE PLANTING,70561,ENVIRONMENTAL PROTECTION N.E.C.,20542400,STATE WIDE,09100123001900,Environmental Improvement - General
Construction of Waterways and Drainage Infrastructure for Flood & Erosion Control Projects in some Key Selected Area,70000000.0,70000000.0,60000.0,70000000.0,0.0,343,0.09323,0.1117,025300200100,BAUCHI STATE ENVIRONMENTAL PROTECTION AGENCY (BASEPA),23040102,EROSION & FLOOD CONTROL,70561,ENVIRONMENTAL PROTECTION N.E.C.,20542400,STATE WIDE,09100123002000,Environmental Improvement - General
Design and Construction of Stone Paving Infrastructure for Pre-Disaster Management Activities.,30000000.0,30000000.0,0.0,10000000.0,0.0,343,0.10415,0.12262,025300200100,BAUCHI STATE ENVIRONMENTAL PROTECTION AGENCY (BASEPA),23040105,WATER POLLUTION PREVENTION & CONTROL,70561,ENVIRONMENTAL PROTECTION N.E.C.,20542400,STATE WIDE,09100123002100,Environmental Improvement - General
Desilting and Evacuation across the State.,100000000.0,100000000.0,8887500.0,200000000.0,0.0,343,0.11506,0.13354,025300200100,BAUCHI STATE ENVIRONMENTAL PROTECTION AGENCY (BASEPA),23040102,EROSION & FLOOD CONTROL,70561,ENVIRONMENTAL PROTECTION N.E.C.,20542400,STATE WIDE,09100123002200,Environmental Improvement - General
Provision of Infrastructures for Improvement of Biodiversity Conservation,20000000.0,20000000.0,0.0,0.0,0.0,343,0.12598,0.14446,025300200100,BAUCHI STATE ENVIRONMENTAL PROTECTION AGENCY (BASEPA),23040103,WILDLIFE CONSERVATION,70561,ENVIRONMENTAL PROTECTION N.E.C.,20542400,STATE WIDE,09100123002300,Environmental Improvement - General
Construction and Provision of Rufuse Collection Infrastructures for Industrial Pollution Prevention & Control,400000000.0,400000000.0,378143540.2,10000000.0,0.0,343,0.13606,0.15454,025300200100,BAUCHI STATE ENVIRONMENTAL PROTECTION AGENCY (BASEPA),23040104,INDUSTRIAL POLLUTION PREVENTION & CONTROL,70561,ENVIRONMENTAL PROTECTION N.E.C.,20542400,STATE WIDE,09100123002400,Environmental Improvement - General
Construction and Establishment of Waste - to - Wealth Collection Centre in urban Centres of the State.,10000000.0,10000000.0,0.0,0.0,0.0,343,0.14698,0.16546,025300200100,BAUCHI STATE ENVIRONMENTAL PROTECTION AGENCY (BASEPA),23020118,CONSTRUCTION / PROVISION OF INFRASTRUCTURE,70561,ENVIRONMENTAL PROTECTION N.E.C.,20542400,STATE WIDE,09100123002500,Environmental Improvement - General
Provision of Infrastrature for Environmental Sanitation Cross the State.,50000000.0,50000000.0,0.0,0.0,0.0,343,0.1579,0.17638,025300200100,BAUCHI STATE ENVIRONMENTAL PROTECTION AGENCY (BASEPA),23020118,CONSTRUCTION / PROVISION OF INFRASTRUCTURE,70561,ENVIRONMENTAL PROTECTION N.E.C.,20542400,STATE WIDE,09100123002600,Environmental Improvement - General
Provision of Chemicals and Equipments for the Control of Water Pollution,6000000.0,6000000.0,0.0,0.0,0.0,343,0.16798,0.18645,025300200100,BAUCHI STATE ENVIRONMENTAL PROTECTION AGENCY (BASEPA),23010122,PURCHASE OF HEALTH / MEDICAL EQUIPMENT,70561,ENVIRONMENTAL PROTECTION N.E.C.,20542400,STATE WIDE,09100123002700,Environmental Improvement - General
Undertaking Study to Determine Level of Water Polution in Densily Populated Areas of the State.,15000000.0,15000000.0,0.0,50000000.0,0.0,343,0.1789,0.19737,025300200100,BAUCHI STATE ENVIRONMENTAL PROTECTION AGENCY (BASEPA),23050101,RESEARCH AND DEVELOPMENT,70561,ENVIRONMENTAL PROTECTION N.E.C.,20542400,STATE WIDE,09100123002800,Environmental Improvement - General
Purchase of Land for Construction of Waster Management in Urban Centres of the State,150000001.0,150000001.0,0.0,50000000.0,0.0,343,0.18981,0.20829,025300200100,BAUCHI STATE ENVIRONMENTAL PROTECTION AGENCY (BASEPA),23010101,PURCHASE / ACQUISITION OF LAND,70561,ENVIRONMENTAL PROTECTION N.E.C.,20542400,STATE WIDE,09100123002900,Environmental Improvement - General
Purchase and Acquisition of Land for the Construction of Sanitry Land Fill Centres Across the State,50000000.0,50000000.0,0.0,10000000.0,0.0,343,0.20073,0.21921,025300200100,BAUCHI STATE ENVIRONMENTAL PROTECTION AGENCY (BASEPA),23010101,PURCHASE / ACQUISITION OF LAND,70561,ENVIRONMENTAL PROTECTION N.E.C.,20542400,STATE WIDE,09100123003000,Environmental Improvement - General
Construction of 3 nos. of (Incinerator) Across the three Senatorial Zones of the State.,10000000.0,10000000.0,0.0,350000000.0,0.0,343,0.21081,0.22929,025300200100,BAUCHI STATE ENVIRONMENTAL PROTECTION AGENCY (BASEPA),23020118,CONSTRUCTION / PROVISION OF INFRASTRUCTURE,70561,ENVIRONMENTAL PROTECTION N.E.C.,20542400,STATE WIDE,09100123003100,Environmental Improvement - General
Purchase of Refuse Disposal Truck,0.0,0.0,0.0,100000000.0,0.0,343,0.22173,0.24021,025300200100,BAUCHI STATE ENVIRONMENTAL PROTECTION AGENCY (BASEPA),23010107,PURCHASE OF TRUCKS,70561,ENVIRONMENTAL PROTECTION N.E.C.,20542400,STATE WIDE,09100123003100,Environmental Improvement - General
Purchase 1000 Units of Tricycles for Youth and Women Empowerement.,200000000.0,200000000.0,754125900.0,4200000000.0,0.0,343,0.27548,0.29396,026400100100,MIN OF COOPERATIVES AND SME DEVELOPMENT,23010104,PURCHASE MOTOR CYCLES,70411,GENERAL ECONOMIC AND COMMERCIALAFFAIRS,20530200,BAUCHI,03100123022600,Poverty Alleviation - General
Construction of 3 Skills Acquisition Centres in the State.,100000000.0,100000000.0,0.0,1500000000.0,0.0,343,0.28556,0.30404,026400100100,MIN OF COOPERATIVES AND SME DEVELOPMENT,23010124,PURCHASE OF TEACHING / LEARNING AID EQUIPMENT,70411,GENERAL ECONOMIC AND COMMERCIALAFFAIRS,20542400,STATE WIDE,03100123022700,Poverty Alleviation - General
Provision and Supply of Skill Acquisition Equipment and Materials,100000000.0,100000000.0,0.0,440000000.0,0.0,343,0.29648,0.31496,026400100100,MIN OF COOPERATIVES AND SME DEVELOPMENT,23010124,PURCHASE OF TEACHING / LEARNING AID EQUIPMENT,70411,GENERAL ECONOMIC AND COMMERCIALAFFAIRS,20542400,STATE WIDE,03100123022800,Poverty Alleviation - General
Provision and Supply Skill Acquisition equipment and Materials through Matching Funds.,50000000.0,50000000.0,0.0,0.0,0.0,343,0.3074,0.32588,026400100100,MIN OF COOPERATIVES AND SME DEVELOPMENT,23010124,PURCHASE OF TEACHING / LEARNING AID EQUIPMENT,70411,GENERAL ECONOMIC AND COMMERCIALAFFAIRS,20542400,STATE WIDE,03100123022900,Poverty Alleviation - General
Central Bank of Nigeria (CBN) Micro-Small Enterprises Development Fund for Youth Entrepreneurship Development,100000000.0,100000000.0,0.0,0.0,0.0,343,0.31832,0.33679,026400100100,MIN OF COOPERATIVES AND SME DEVELOPMENT,23020118,CONSTRUCTION / PROVISION OF INFRASTRUCTURE,70411,GENERAL ECONOMIC AND COMMERCIALAFFAIRS,20542400,STATE WIDE,03100123023000,Poverty Alleviation - General
Provision of Stimulus to Cushion Effect Poverty through Nigeria Community Action for Resilience and Economic Stimulus NG-CARES Project,600000000.0,600000000.0,323573000.0,0.0,0.0,343,0.32839,0.34687,026400100100,MIN OF COOPERATIVES AND SME DEVELOPMENT,23020118,CONSTRUCTION / PROVISION OF INFRASTRUCTURE,70411,GENERAL ECONOMIC AND COMMERCIALAFFAIRS,20542400,STATE WIDE,03100123023100,Poverty Alleviation - General
Provision of NEXIM Bank Export Facilities for Beneficiaries,100000000.0,100000000.0,0.0,0.0,0.0,343,0.33931,0.35779,026400100100,MIN OF COOPERATIVES AND SME DEVELOPMENT,23020118,CONSTRUCTION / PROVISION OF INFRASTRUCTURE,70411,GENERAL ECONOMIC AND COMMERCIALAFFAIRS,20542400,STATE WIDE,03100123023200,Poverty Alleviation - General
Purchase and Supply of Skill Acquisition Equipment and MaterialS for Women and Youth Empowerment for the Take-Off of Economic Empowerment Window Scheme,200000000.0,200000000.0,187500000.0,2800000000.0,0.0,343,0.35023,0.36871,026400100100,MIN OF COOPERATIVES AND SME DEVELOPMENT,23010124,PURCHASE OF TEACHING / LEARNING AID EQUIPMENT,70411,GENERAL ECONOMIC AND COMMERCIALAFFAIRS,20542400,STATE WIDE,03100123023300,Poverty Alleviation - General
Provision of Infrastructures and Facilities for the Take-off of Co-operative Extension Services,50000000.0,50000000.0,0.0,0.0,0.0,343,0.36031,0.37879,026400100100,MIN OF COOPERATIVES AND SME DEVELOPMENT,23020118,CONSTRUCTION / PROVISION OF INFRASTRUCTURE,70411,GENERAL ECONOMIC AND COMMERCIALAFFAIRS,20542400,STATE WIDE,03100123023400,Poverty Alleviation - General
Purchase of Industrial Equipment for the Equipping of Skill Acquisition Centres in the State.,50000000.0,50000000.0,0.0,50000000.0,0.0,343,0.37123,0.38971,026400100100,MIN OF COOPERATIVES AND SME DEVELOPMENT,23010124,PURCHASE OF TEACHING / LEARNING AID EQUIPMENT,70411,GENERAL ECONOMIC AND COMMERCIALAFFAIRS,20542400,STATE WIDE,03100123023500,Poverty Alleviation - General
"Provision of Infrastructures and Facilities for Establishment of Entrepreneur Development Programme in Bauchi State,",100000000.0,100000000.0,0.0,0.0,0.0,343,0.38215,0.40062,026400100100,MIN OF COOPERATIVES AND SME DEVELOPMENT,23020118,CONSTRUCTION / PROVISION OF INFRASTRUCTURE,70411,GENERAL ECONOMIC AND COMMERCIALAFFAIRS,20542400,STATE WIDE,03100123023600,Poverty Alleviation - General
Construction and Provision of ICT Infrastructures for the Establishment of One Stop Shop.,10000000.0,10000000.0,0.0,100000000.0,0.0,343,0.39307,0.41154,026400100100,MIN OF COOPERATIVES AND SME DEVELOPMENT,23020127,CONSTRUCTION OF ICT INFRASTRUCTURES,70411,GENERAL ECONOMIC AND COMMERCIALAFFAIRS,20542400,STATE WIDE,03100123023700,Poverty Alleviation - General
"Engaging Cooperative Societies for Empowerment through Environmental Sanitation, Protection Activities and Job Creation",50000000.0,50000000.0,0.0,0.0,0.0,343,0.40314,0.42162,026400100100,MIN OF COOPERATIVES AND SME DEVELOPMENT,23040104,INDUSTRIAL POLLUTION PREVENTION & CONTROL,70411,GENERAL ECONOMIC AND COMMERCIALAFFAIRS,20542400,STATE WIDE,03100123023800,Poverty Alleviation - General
Renovation and Repairs of Office Buildings at Some Area Cooperative Offices and skill Acquisition Training Centers (IDISI) Proposals Within the state,60000000.0,60000000.0,0.0,50000000.0,0.0,343,0.41406,0.43254,026400100100,MIN OF COOPERATIVES AND SME DEVELOPMENT,23030121,REHABILITATION / REPAIRS OF OFFICE BUILDINGS,70411,GENERAL ECONOMIC AND COMMERCIALAFFAIRS,20542400,STATE WIDE,03100123023900,Poverty Alleviation - General
Supervision of Programmes and Projects under the Ministry of Cooperatives,40000000.0,40000000.0,0.0,70000000.0,0.0,343,0.42498,0.44346,026400100100,MIN OF COOPERATIVES AND SME DEVELOPMENT,23050103,MONITORING AND EVALUATION,70411,GENERAL ECONOMIC AND COMMERCIALAFFAIRS,20542400,STATE WIDE,03100123024000,Poverty Alleviation - General
Bank of Industry Loan to Small and Medium Entreprises Matching Fund,100000000.0,100000000.0,0.0,1000000000.0,0.0,343,0.43506,0.45354,026400100100,MIN OF COOPERATIVES AND SME DEVELOPMENT,23020118,CONSTRUCTION / PROVISION OF INFRASTRUCTURE,70411,GENERAL ECONOMIC AND COMMERCIALAFFAIRS,20542400,STATE WIDE,03100125000100,Poverty Alleviation - General
Bank of Industry Loan to Nigeria Union of Road Transport Workers) NURTW for Purchase of Buses,100000000.0,100000000.0,0.0,0.0,0.0,343,0.44598,0.46446,026400100100,MIN OF COOPERATIVES AND SME DEVELOPMENT,23010108,PURCHASE OF BUSES,70411,GENERAL ECONOMIC AND COMMERCIALAFFAIRS,20542400,STATE WIDE,03100125000200,Poverty Alleviation - General
Construction of New Markets and Terminals in the State,0.0,0.0,0.0,2000000000.0,0.0,343,0.4569,0.47537,026400100100,MIN OF COOPERATIVES AND SME DEVELOPMENT,23020124,CONSTRUCTION OF MARKETS/PARKS,70411,GENERAL ECONOMIC AND COMMERCIALAFFAIRS,20542400,STATE WIDE,03100125000200,Poverty Alleviation - General
Purchase of 60 Units Office Tables & Chairs for Sustainable Micro Finance Agency Offices,40000000.0,40000000.0,0.0,20000000.0,0.0,343,0.51065,0.52913,026400200100,AGENCY FOR SUSTAINABLE MICRO-FINANCE,23010112,PURCHASE OF OFFICE FURNITURE AND FITTINGS,70411,GENERAL ECONOMIC AND COMMERCIALAFFAIRS,20542400,STATE WIDE,13100123024100,Reform of Government and Governance - General
Purchase of 4 nos. of Laptops and 4 nos. of Desktop Computer.,5000000.0,5000000.0,1067600.0,0.0,0.0,343,0.52073,0.53921,026400200100,AGENCY FOR SUSTAINABLE MICRO-FINANCE,23010113,PURCHASE OF COMPUTERS,70411,GENERAL ECONOMIC AND COMMERCIALAFFAIRS,20542400,STATE WIDE,13100123024200,Reform of Government and Governance - General
Purchase of 2 nos. of Computer Printers.,1500000.0,1500000.0,0.0,0.0,0.0,343,0.53165,0.55012,026400200100,AGENCY FOR SUSTAINABLE MICRO-FINANCE,23010114,PURCHASE OF COMPUTER PRINTERS,70411,GENERAL ECONOMIC AND COMMERCIALAFFAIRS,20542400,STATE WIDE,13100123024300,Reform of Government and Governance - General
Purchase of 2 nos. of Photocopier Machines,2000000.0,2000000.0,0.0,0.0,0.0,343,0.54257,0.56104,026400200100,AGENCY FOR SUSTAINABLE MICRO-FINANCE,23010115,PURCHASE OF PHOTOCOPYING MACHINES,70411,GENERAL ECONOMIC AND COMMERCIALAFFAIRS,20542400,STATE WIDE,13100123024400,Reform of Government and Governance - General
Purchase of 1 Unit Yamaha Generating Set.,1000000.0,1000000.0,0.0,2500000.0,0.0,343,0.55264,0.57112,026400200100,AGENCY FOR SUSTAINABLE MICRO-FINANCE,23010119,PURCHASE OF POWER GENERATING SET,70411,GENERAL ECONOMIC AND COMMERCIALAFFAIRS,20542400,STATE WIDE,13100123024500,Reform of Government and Governance - General
Acquisition of Computer Application Software for the computerization of Micro Finance Activities,2000000.0,2000000.0,0.0,0.0,0.0,343,0.56356,0.58204,026400200100,AGENCY FOR SUSTAINABLE MICRO-FINANCE,23050102,COMPUTER SOFTWARE ACQUISITION,70411,GENERAL ECONOMIC AND COMMERCIALAFFAIRS,20542400,STATE WIDE,13100123024600,Reform of Government and Governance - General
Supervision of Activities of the Agency Sustainable Micro Finance,30000000.0,30000000.0,895000.0,20000000.0,0.0,343,0.57448,0.59296,026400200100,AGENCY FOR SUSTAINABLE MICRO-FINANCE,23050103,MONITORING AND EVALUATION,70411,GENERAL ECONOMIC AND COMMERCIALAFFAIRS,20542400,STATE WIDE,13100123024700,Reform of Government and Governance - General
Provision of 70 Units Office Chairs & Tables at the Ministry's Headquarters,18200000.0,18200000.0,5000000.0,5000000.0,0.0,343,0.62823,0.64671,026500100100,MINISTRY OF RURAL DEVELOPMENT AND SPECIAL DUTIES,23010112,PURCHASE OF OFFICE FURNITURE AND FITTINGS,70621,COMMUNITY DEVELOPMENT,20530200,BAUCHI,10100123000100,Water Resources and Rural Deve - General
Purchase of 4 nos. of Desktop Computers,3500000.0,3500000.0,0.0,0.0,0.0,343,0.63831,0.65679,026500100100,MINISTRY OF RURAL DEVELOPMENT AND SPECIAL DUTIES,23010113,PURCHASE OF COMPUTERS,70621,COMMUNITY DEVELOPMENT,20530200,BAUCHI,10100123000200,Water Resources and Rural Deve - General
Purchase of 3 nos. Computer Printers,1500000.0,1500000.0,0.0,0.0,0.0,343,0.64923,0.66771,026500100100,MINISTRY OF RURAL DEVELOPMENT AND SPECIAL DUTIES,23010114,PURCHASE OF COMPUTER PRINTERS,70621,COMMUNITY DEVELOPMENT,20530200,BAUCHI,10100123000300,Water Resources and Rural Deve - General
Purchase of 2 nos. Photocopying Machine,1200000.0,1200000.0,0.0,0.0,0.0,343,0.66015,0.67863,026500100100,MINISTRY OF RURAL DEVELOPMENT AND SPECIAL DUTIES,23010115,PURCHASE OF PHOTOCOPYING MACHINES,70621,COMMUNITY DEVELOPMENT,20530200,BAUCHI,10100123000400,Water Resources and Rural Deve - General
Purchase of 1 Unit a Power Generating Set,2000000.0,2000000.0,0.0,500000.0,0.0,343,0.67023,0.68871,026500100100,MINISTRY OF RURAL DEVELOPMENT AND SPECIAL DUTIES,23010119,PURCHASE OF POWER GENERATING SET,70621,COMMUNITY DEVELOPMENT,20530200,BAUCHI,10100123000500,Water Resources and Rural Deve - General
Provision for Special Projects and Programmes as initiated by His Excellency,150000000.0,30000000.0,0.0,50000000.0,0.0,343,0.68115,0.69962,026500100100,MINISTRY OF RURAL DEVELOPMENT AND SPECIAL DUTIES,23020118,CONSTRUCTION / PROVISION OF INFRASTRUCTURE,70621,COMMUNITY DEVELOPMENT,20542400,STATE WIDE,10100123000600,Water Resources and Rural Deve - General
Rehabilitation and Repairs of Area Community Dev. Offices Across the State,100000000.0,30000000.0,0.0,50000000.0,0.0,343,0.69206,0.71054,026500100100,MINISTRY OF RURAL DEVELOPMENT AND SPECIAL DUTIES,23030121,REHABILITATION / REPAIRS OF OFFICE BUILDINGS,70621,COMMUNITY DEVELOPMENT,20542400,STATE WIDE,10100123000700,Water Resources and Rural Deve - General
Supervision of Programmes and Projects under Ministry of Rural Development.,30000000.0,30000000.0,3300000.0,50000000.0,0.0,343,0.70298,0.72146,026500100100,MINISTRY OF RURAL DEVELOPMENT AND SPECIAL DUTIES,23050103,MONITORING AND EVALUATION,70621,COMMUNITY DEVELOPMENT,20542400,STATE WIDE,10100123000800,Water Resources and Rural Deve - General
Provision for Rural Electrification Project for Burra in Ningi Local Government,310000000.0,30000000.0,0.0,0.0,0.0,343,0.71306,0.73154,026500100100,MINISTRY OF RURAL DEVELOPMENT AND SPECIAL DUTIES,23020103,CONSTRUCTION / PROVISION OF ELECTRICITY,70621,COMMUNITY DEVELOPMENT,20511500,NINGI,10100123000900,Water Resources and Rural Deve - General
Provision for Rural Electrification Project for Tafawa Balewa Local Government,310000000.0,30000000.0,22000000.0,0.0,0.0,343,0.72398,0.74246,026500100100,MINISTRY OF RURAL DEVELOPMENT AND SPECIAL DUTIES,23020103,CONSTRUCTION / PROVISION OF ELECTRICITY,70621,COMMUNITY DEVELOPMENT,20531700,T/BALEWA,10100123000900,Water Resources and Rural Deve - General
Provision for Rural Electrification Project in Bauchi LGA,310000000.0,30000000.0,0.0,0.0,0.0,343,0.7349,0.75338,026500100100,MINISTRY OF RURAL DEVELOPMENT AND SPECIAL DUTIES,23020103,CONSTRUCTION / PROVISION OF ELECTRICITY,70621,COMMUNITY DEVELOPMENT,20530200,BAUCHI,10100123000900,Water Resources and Rural Deve - General
Provision for Rural Electrification Project in Alkaleri LGA,310000000.0,30000000.0,0.0,0.0,0.0,343,0.74498,0.76345,026500100100,MINISTRY OF RURAL DEVELOPMENT AND SPECIAL DUTIES,23020103,CONSTRUCTION / PROVISION OF ELECTRICITY,70621,COMMUNITY DEVELOPMENT,20530100,ALKALERI,10100123000900,Water Resources and Rural Deve - General
Provision for Rural Electrification Project in Katagum LGA,310000000.0,30000000.0,0.0,0.0,0.0,343,0.7559,0.77437,026500100100,MINISTRY OF RURAL DEVELOPMENT AND SPECIAL DUTIES,23020114,CONSTRUCTION / PROVISION OF ROADS,70621,COMMUNITY DEVELOPMENT,20521200,KATAGUM,10100123000900,Water Resources and Rural Deve - General
NG-BAUCHI RAAMP-395806-CW-RFB/LOT 3:Akuyam - Gwaram - Hardawa Road 18.8km,2287575000.0,2500000000.0,2585442148.34,1300000000.0,0.0,343,0.76681,0.78529,026500100100,MINISTRY OF RURAL DEVELOPMENT AND SPECIAL DUTIES,23020114,CONSTRUCTION / PROVISION OF ROADS,70621,COMMUNITY DEVELOPMENT,20511400,MISAU,10100123001000,Water Resources and Rural Deve - General
NG-BAUCHI RAAMP-395806-CW-RFB/LOT Road Construction of Gamawa - Sakwa - 28km,1100000000.0,1100000000.0,715334575.0,1250000000.0,0.0,343,0.77773,0.79621,026500100100,MINISTRY OF RURAL DEVELOPMENT AND SPECIAL DUTIES,23020114,CONSTRUCTION / PROVISION OF ROADS,70621,COMMUNITY DEVELOPMENT,20520700,GAMAWA,10100123001100,Water Resources and Rural Deve - General
NG-BAUCHI RAAMP-395806-CW-RFB/LOT Road Construction of Chara-chara - Ragwam - Magonshi-Lafia-,1000000000.0,1000000000.0,954774330.25,1333581141.43,0.0,343,0.78781,0.80629,026500100100,MINISTRY OF RURAL DEVELOPMENT AND SPECIAL DUTIES,23020114,CONSTRUCTION / PROVISION OF ROADS70621 - COMMUNITY DEVELOPMENT,,Gwasamai 33 Km,20530100,ALKALERI,10100123001200,Water Resources and Rural Deve - General
NG-BAUCHI RAAMP-395806-CW-RFB/LOT 2: Maina maaji - Badara- Kuka -Pali 25.80km,2000000000.0,2000000000.0,2390786650.0,1450000000.0,0.0,343,0.79873,0.81721,026500100100,MINISTRY OF RURAL DEVELOPMENT AND SPECIAL DUTIES,23020114,CONSTRUCTION / PROVISION OF ROADS,70621,COMMUNITY DEVELOPMENT,20530100,ALKALERI,10100123001300,Water Resources and Rural Deve - General
Construction of Kuka - Pali - Bakin Kogi Road/Bridge 1km,1000000000.0,500000000.0,400000000.0,0.0,0.0,343,0.80965,0.82813,026500100100,MINISTRY OF RURAL DEVELOPMENT AND SPECIAL DUTIES,23020114,CONSTRUCTION / PROVISION OF ROADS,70621,COMMUNITY DEVELOPMENT,20530100,ALKALERI,10100123001400,Water Resources and Rural Deve - General
Road Construction of Maraban Zaranda- Zaranda Gari 2km,100000000.0,100000000.0,0.0,0.0,0.0,343,0.82057,0.83904,026500100100,MINISTRY OF RURAL DEVELOPMENT AND SPECIAL DUTIES,23020114,CONSTRUCTION / PROVISION OF ROADS,70621,COMMUNITY DEVELOPMENT,20530200,BAUCHI,10100123001500,Water Resources and Rural Deve - General
NG-BAUCHI RAAMP-395806-CW-RFB/LOT Road Construction of Maraban Liman Katagum - Polchi - Katsi,1000000000.0,1000000000.0,987576083.0,1750000000.0,0.0,343,0.83065,0.84912,026500100100,MINISTRY OF RURAL DEVELOPMENT AND SPECIAL DUTIES,23020114,CONSTRUCTION / PROVISION OF ROADS70621 - COMMUNITY DEVELOPMENT,,nawa - M/Dajin 26.8 Km,20530200,BAUCHI,10100123001600,Water Resources and Rural Deve - General
Construction of 1 Km Road/Bridge at Kuka - Pali,300000000.0,300000000.0,0.0,0.0,0.0,343,0.84156,0.86004,026500100100,MINISTRY OF RURAL DEVELOPMENT AND SPECIAL DUTIES,23020114,CONSTRUCTION / PROVISION OF ROADS,70621,COMMUNITY DEVELOPMENT,20530100,ALKALERI,10100123001700,Water Resources and Rural Deve - General
NG-BAUCHI RAAMP-395806-CW-RFB/LOT 4:Durum - Nahuta 15km,1000000000.0,0.0,789654546.0,900000000.0,0.0,343,0.85248,0.87096,026500100100,MINISTRY OF RURAL DEVELOPMENT AND SPECIAL DUTIES,23020114,CONSTRUCTION / PROVISION OF ROADS,70621,COMMUNITY DEVELOPMENT,20530200,BAUCHI,10100123001900,Water Resources and Rural Deve - General
Construction of Nahuta - Rauta Road /Bridge,1000000000.0,1000000000.0,300000000.0,0.0,0.0,343,0.86256,0.88104,026500100100,MINISTRY OF RURAL DEVELOPMENT AND SPECIAL DUTIES,23020114,CONSTRUCTION / PROVISION OF ROADS,70621,COMMUNITY DEVELOPMENT,20530200,BAUCHI,10100123002000,Water Resources and Rural Deve - General
NG-BAUCHI RAAMP-395806-CW-RFB/LOTConstruction and Provision of Infrastructures for the Take-Off of RARA (Rural Acess Road Agency) and SRF (State Road Fund),200000000.0,500000000.0,0.0,160000000.0,0.0,343,0.87348,0.89196,026500100100,MINISTRY OF RURAL DEVELOPMENT AND SPECIAL DUTIES,23020118,CONSTRUCTION / PROVISION OF INFRASTRUCTURE,70621,COMMUNITY DEVELOPMENT,20530200,BAUCHI,10100123002400,Water Resources and Rural Deve - General
NG-BAUCHI RAAMP-395806-CW-RFB/LOT Establishment of 1 Nos. of Agro-Logistics Centres in the State,300000000.0,0.0,0.0,2000000000.0,0.0,343,0.8844,0.90288,026500100100,MINISTRY OF RURAL DEVELOPMENT AND SPECIAL DUTIES,23020118,CONSTRUCTION / PROVISION OF INFRASTRUCTURE,70621,COMMUNITY DEVELOPMENT,20530200,BAUCHI,10100123002500,Water Resources and Rural Deve - General
Rehabilitation and Repairs of of Broken down Electrical Networks Lines Across the State,150000000.0,0.0,0.0,0.0,0.0,343,0.89532,0.91379,026500100100,MINISTRY OF RURAL DEVELOPMENT AND SPECIAL DUTIES,23030102,REHABILITATION / REPAIRS - ELECTRICITY,70621,COMMUNITY DEVELOPMENT,20542400,STATE WIDE,10100123002600,Water Resources and Rural Deve - General
Construction and Provision of Electricity in Rural Communities Across the State.,150000000.0,0.0,0.0,0.0,0.0,344,0.09323,0.1117,026500100100,MINISTRY OF RURAL DEVELOPMENT AND SPECIAL DUTIES,23020103,CONSTRUCTION / PROVISION OF ELECTRICITY,70621,COMMUNITY DEVELOPMENT,20542400,STATE WIDE,10100123002700,Water Resources and Rural Deve - General
Supply and Installation/ Replacement of Faulty and damaged Transforment to Rural Communities Across the State.,150000000.0,200000000.0,0.0,0.0,0.0,344,0.10415,0.12262,026500100100,MINISTRY OF RURAL DEVELOPMENT AND SPECIAL DUTIES,23020103,CONSTRUCTION / PROVISION OF ELECTRICITY,70621,COMMUNITY DEVELOPMENT,20542400,STATE WIDE,10100123002800,Water Resources and Rural Deve - General
Provision of Solar Power to Rural Residential Household Communities Across the State.,150000000.0,300000000.0,0.0,0.0,0.0,344,0.11506,0.13354,026500100100,MINISTRY OF RURAL DEVELOPMENT AND SPECIAL DUTIES,23020103,CONSTRUCTION / PROVISION OF ELECTRICITY,70621,COMMUNITY DEVELOPMENT,20542400,STATE WIDE,10100123002900,Water Resources and Rural Deve - General
NG-BAUCHI RAAMP-395806-CW-RFB/LOT 3: Garingami - Gadai - Madufa rural road upgrade,1000000000.0,150000000.0,1767480144.12,1400000000.0,0.0,344,0.12598,0.14446,026500100100,MINISTRY OF RURAL DEVELOPMENT AND SPECIAL DUTIES,23020114,CONSTRUCTION / PROVISION OF ROADS,70621,COMMUNITY DEVELOPMENT,20522000,ZAKI,10100123003000,Water Resources and Rural Deve - General
BH-RAAMP-280700-CWRFB:Liman Katagum -Luda-Lekka Rural Road upgrade,1000000000.0,150000000.0,2000000000.0,650000000.0,0.0,344,0.13606,0.15454,026500100100,MINISTRY OF RURAL DEVELOPMENT AND SPECIAL DUTIES,23020114,CONSTRUCTION / PROVISION OF ROADS,70621,COMMUNITY DEVELOPMENT,20530200,BAUCHI,10100125001900,Water Resources and Rural Deve - General
Road Construction of Maiari - Maimadi 30km,100000000.0,150000000.0,0.0,0.0,0.0,344,0.14698,0.16546,026500100100,MINISTRY OF RURAL DEVELOPMENT AND SPECIAL DUTIES,23020114,CONSTRUCTION / PROVISION OF ROADS,70621,COMMUNITY DEVELOPMENT,20530100,ALKALERI,10100125002000,Water Resources and Rural Deve - General
Road Construction of Laruski - Maimadi 25km,100000000.0,150000000.0,0.0,0.0,0.0,344,0.1579,0.17638,026500100100,MINISTRY OF RURAL DEVELOPMENT AND SPECIAL DUTIES,23020114,CONSTRUCTION / PROVISION OF ROADS,70621,COMMUNITY DEVELOPMENT,20530100,ALKALERI,10100125002100,Water Resources and Rural Deve - General
NG-BAUCHI RAAMP-395806-CW-RFB/LOT 3: Dargazu - Gambaki - Chinade - Gangai 14.75Km,500000000.0,1000000000.0,450000000.0,1500000000.0,0.0,344,0.16798,0.18645,026500100100,MINISTRY OF RURAL DEVELOPMENT AND SPECIAL DUTIES,23020114,CONSTRUCTION / PROVISION OF ROADS,70621,COMMUNITY DEVELOPMENT,20521200,KATAGUM,10100125002200,Water Resources and Rural Deve - General
NG-BAUCHI RAAMP-395806-CW-RFB/LOT 3:Misau - Beti - Maladumba 14.45km,500000000.0,1000000000.0,400000000.0,0.0,0.0,344,0.1789,0.19737,026500100100,MINISTRY OF RURAL DEVELOPMENT AND SPECIAL DUTIES,23020114,CONSTRUCTION / PROVISION OF ROADS,70621,COMMUNITY DEVELOPMENT,20511400,MISAU,10100125002300,Water Resources and Rural Deve - General
NG-BAUCHI RAAMP-395806-CW-RFB/LOT 3: Yana - Fago 6.68km,400000000.0,100000000.0,350117642.0,0.0,0.0,344,0.18981,0.20829,026500100100,MINISTRY OF RURAL DEVELOPMENT AND SPECIAL DUTIES,23020114,CONSTRUCTION / PROVISION OF ROADS,70621,COMMUNITY DEVELOPMENT,20521600,SHIRA,10100125002400,Water Resources and Rural Deve - General
NG-BAUCHI RAAMP-395806-CW-RFB/LOT 3: Dott - Dado with spur to Baraza 36.65km,1146700000.0,100000000.0,1000000000.0,3000000000.0,0.0,344,0.20073,0.21921,026500100100,MINISTRY OF RURAL DEVELOPMENT AND SPECIAL DUTIES,23020114,CONSTRUCTION / PROVISION OF ROADS,70621,COMMUNITY DEVELOPMENT,20530600,DASS,10100125002500,Water Resources and Rural Deve - General
NG-BAUCHI RAAMP-395806-CW-RFB/LOT 3:Nabordo - Gadan Doka - Jama'a 8.86km,500000000.0,100000000.0,0.0,0.0,0.0,344,0.21081,0.22929,026500100100,MINISTRY OF RURAL DEVELOPMENT AND SPECIAL DUTIES,23020114,CONSTRUCTION / PROVISION OF ROADS,70621,COMMUNITY DEVELOPMENT,20531800,TORO,10100125002600,Water Resources and Rural Deve - General
Construction of Nabordo - Gadan Doka - Jama'a Bridge,300000000.0,100000000.0,0.0,100000000.0,0.0,344,0.22173,0.24021,026500100100,MINISTRY OF RURAL DEVELOPMENT AND SPECIAL DUTIES,23020114,CONSTRUCTION / PROVISION OF ROADS,70621,COMMUNITY DEVELOPMENT,20531800,TORO,10100125002700,Water Resources and Rural Deve - General
NG-BAUCHI RAAMP-395806-CW-RFB/LOT 3 Gadar Maiwa - Zakara 4.91km,300000000.0,100000000.0,0.0,1250000000.0,0.0,344,0.23265,0.25113,026500100100,MINISTRY OF RURAL DEVELOPMENT AND SPECIAL DUTIES,23020114,CONSTRUCTION / PROVISION OF ROADS,70621,COMMUNITY DEVELOPMENT,20511500,NINGI,10100125002800,Water Resources and Rural Deve - General
NG-BAUCHI RAAMP-395806-CW-RFB/LOT 3 Dagu - Ningi 25km,1500000000.0,1510000000.0,1500000000.0,3057615323.98,0.0,344,0.24273,0.2612,026500100100,MINISTRY OF RURAL DEVELOPMENT AND SPECIAL DUTIES,23020114,CONSTRUCTION / PROVISION OF ROADS,70621,COMMUNITY DEVELOPMENT,20511900,WARJI,10100125002900,Water Resources and Rural Deve - General
Gyara - Munsira - Nabali - Sara road 12km,100000000.0,100000000.0,0.0,0.0,0.0,344,0.25365,0.27212,026500100100,MINISTRY OF RURAL DEVELOPMENT AND SPECIAL DUTIES,23020114,CONSTRUCTION / PROVISION OF ROADS,70621,COMMUNITY DEVELOPMENT,20530300,BOGORO,10100125003000,Water Resources and Rural Deve - General
Kurum - Bulgun - Gobbiya - Gargare - Gingim road 13km,100000000.0,100000000.0,0.0,0.0,0.0,344,0.26456,0.28304,026500100100,MINISTRY OF RURAL DEVELOPMENT AND SPECIAL DUTIES,23020114,CONSTRUCTION / PROVISION OF ROADS,70621,COMMUNITY DEVELOPMENT,20530300,BOGORO,10100125003100,Water Resources and Rural Deve - General
Bogoro - Perfect Mwari - Dinkin road 10km,200000000.0,100000000.0,0.0,0.0,0.0,344,0.27548,0.29396,026500100100,MINISTRY OF RURAL DEVELOPMENT AND SPECIAL DUTIES,23020114,CONSTRUCTION / PROVISION OF ROADS,70621,COMMUNITY DEVELOPMENT,20530300,BOGORO,10100125003200,Water Resources and Rural Deve - General
Lusa Mbal - Gizaki - Ndit - Project - Tandum road 15km,200000000.0,100000000.0,0.0,0.0,0.0,344,0.28556,0.30404,026500100100,MINISTRY OF RURAL DEVELOPMENT AND SPECIAL DUTIES,23020114,CONSTRUCTION / PROVISION OF ROADS,70621,COMMUNITY DEVELOPMENT,20530300,BOGORO,10100125003300,Water Resources and Rural Deve - General
Road Construction Gumau - Sanga rural roads 2km,400000000.0,100000000.0,0.0,0.0,0.0,344,0.29648,0.31496,026500100100,MINISTRY OF RURAL DEVELOPMENT AND SPECIAL DUTIES,23020114,CONSTRUCTION / PROVISION OF ROADS,70621,COMMUNITY DEVELOPMENT,20531800,TORO,10100125003400,Water Resources and Rural Deve - General
Digiza - Sabon Gari - Jabbori - Galdimari - Road 15km,500000000.0,100000000.0,0.0,0.0,0.0,344,0.3074,0.32588,026500100100,MINISTRY OF RURAL DEVELOPMENT AND SPECIAL DUTIES,23020114,CONSTRUCTION / PROVISION OF ROADS,70621,COMMUNITY DEVELOPMENT,20521100,JAMA'ARE,10100125003500,Water Resources and Rural Deve - General
Guda - Bodinga Rural Road 7km,200000000.0,100000000.0,0.0,0.0,0.0,344,0.31832,0.33679,026500100100,MINISTRY OF RURAL DEVELOPMENT AND SPECIAL DUTIES,23020114,CONSTRUCTION / PROVISION OF ROADS,70621,COMMUNITY DEVELOPMENT,20521100,JAMA'ARE,10100125003600,Water Resources and Rural Deve - General
Jama’are - Yangamai - Kwandawa - Jurara Rural Road 10km,500000000.0,100000000.0,0.0,0.0,0.0,344,0.32839,0.34687,026500100100,MINISTRY OF RURAL DEVELOPMENT AND SPECIAL DUTIES,23020114,CONSTRUCTION / PROVISION OF ROADS,70621,COMMUNITY DEVELOPMENT,20521100,JAMA'ARE,10100125003700,Water Resources and Rural Deve - General
Dogon Jeji - Gilar - Gongo - B/Titi Rural Road 9km,200000000.0,100000000.0,0.0,0.0,0.0,344,0.33931,0.35779,026500100100,MINISTRY OF RURAL DEVELOPMENT AND SPECIAL DUTIES,23020114,CONSTRUCTION / PROVISION OF ROADS,70621,COMMUNITY DEVELOPMENT,20521100,JAMA'ARE,10100125003800,Water Resources and Rural Deve - General
Yola - Digiza - 5km,100000000.0,100000000.0,0.0,0.0,0.0,344,0.35023,0.36871,026500100100,MINISTRY OF RURAL DEVELOPMENT AND SPECIAL DUTIES,23020114,CONSTRUCTION / PROVISION OF ROADS,70621,COMMUNITY DEVELOPMENT,20521100,JAMA'ARE,10100125003900,Water Resources and Rural Deve - General
K/Madaki - Ringim - BakinKogi Rural Road 15km,100000000.0,100000000.0,0.0,0.0,0.0,344,0.36031,0.37879,026500100100,MINISTRY OF RURAL DEVELOPMENT AND SPECIAL DUTIES,23020114,CONSTRUCTION / PROVISION OF ROADS,70621,COMMUNITY DEVELOPMENT,20510800,GANJUWA,10100125004000,Water Resources and Rural Deve - General
Dubu - Bunga 15km,100000000.0,100000000.0,0.0,0.0,0.0,344,0.37123,0.38971,026500100100,MINISTRY OF RURAL DEVELOPMENT AND SPECIAL DUTIES,23020114,CONSTRUCTION / PROVISION OF ROADS,70621,COMMUNITY DEVELOPMENT,20510800,GANJUWA,10100125004100,Water Resources and Rural Deve - General
Koroshe - Filin Shagari 15km,100000000.0,100000000.0,0.0,0.0,0.0,344,0.38215,0.40062,026500100100,MINISTRY OF RURAL DEVELOPMENT AND SPECIAL DUTIES,23020114,CONSTRUCTION / PROVISION OF ROADS,70621,COMMUNITY DEVELOPMENT,20510800,GANJUWA,10100125004200,Water Resources and Rural Deve - General
Gungura - Soro 17km,500000000.0,100000000.0,0.0,0.0,0.0,344,0.39307,0.41154,026500100100,MINISTRY OF RURAL DEVELOPMENT AND SPECIAL DUTIES,23020114,CONSTRUCTION / PROVISION OF ROADS,70621,COMMUNITY DEVELOPMENT,20510800,GANJUWA,10100125004300,Water Resources and Rural Deve - General
Soro (Main road) - Dauduwa 10km,100000000.0,100000000.0,0.0,0.0,0.0,344,0.40314,0.42162,026500100100,MINISTRY OF RURAL DEVELOPMENT AND SPECIAL DUTIES,23020114,CONSTRUCTION / PROVISION OF ROADS,70621,COMMUNITY DEVELOPMENT,20510800,GANJUWA,10100125004400,Water Resources and Rural Deve - General
Purchase of 12 Nos. of Transformers for Rural Electrification Across the State,300000000.0,100000000.0,0.0,0.0,0.0,344,0.41406,0.43254,026500100100,MINISTRY OF RURAL DEVELOPMENT AND SPECIAL DUTIES,23010129,PURCHASE OF INDUSTRIAL EQUIPMENT,70621,COMMUNITY DEVELOPMENT,20542400,STATE WIDE,10100125004500,Water Resources and Rural Deve - General
Construction of Drainages and Culverts within Tafawa Balewa Local Government Area,30000000.0,30000000.0,0.0,30000000.0,0.0,344,0.42498,0.44346,026500100100,MINISTRY OF RURAL DEVELOPMENT AND SPECIAL DUTIES,23020118,CONSTRUCTION / PROVISION OF INFRASTRUCTURE,70621,COMMUNITY DEVELOPMENT,20531700,T/BALEWA,10100125004600,Water Resources and Rural Deve - General
Construction of Drainages and Culverts in Bauchi Central Contituency.,30000000.0,30000000.0,0.0,30000000.0,0.0,344,0.43506,0.45354,026500100100,MINISTRY OF RURAL DEVELOPMENT AND SPECIAL DUTIES,23020118,CONSTRUCTION / PROVISION OF INFRASTRUCTURE,70621,COMMUNITY DEVELOPMENT,20530200,BAUCHI,10100125004700,Water Resources and Rural Deve - General
Rehabilitation and Repairs of Electricity Facilities at Burra Constituency,20000000.0,20000000.0,0.0,0.0,0.0,344,0.44598,0.46446,026500100100,MINISTRY OF RURAL DEVELOPMENT AND SPECIAL DUTIES,23030102,REHABILITATION / REPAIRS - ELECTRICITY,70621,COMMUNITY DEVELOPMENT,20511500,NINGI,10100125004800,Water Resources and Rural Deve - General
Construction of Drainages and Culverts in Southern part of Burra.,20000000.0,20000000.0,0.0,20000000.0,0.0,344,0.4569,0.47537,026500100100,MINISTRY OF RURAL DEVELOPMENT AND SPECIAL DUTIES,23020118,CONSTRUCTION / PROVISION OF INFRASTRUCTURE,70621,COMMUNITY DEVELOPMENT,20511500,NINGI,10100125004900,Water Resources and Rural Deve - General
Rehabilitation and Repairs of Electricity Facilities at Kujuru Vilage Madangala,30000000.0,30000000.0,0.0,0.0,0.0,344,0.46782,0.48629,026500100100,MINISTRY OF RURAL DEVELOPMENT AND SPECIAL DUTIES,23030102,REHABILITATION / REPAIRS - ELECTRICITY,70621,COMMUNITY DEVELOPMENT,20521200,KATAGUM,10100125005000,Water Resources and Rural Deve - General
Construction of Drainages and Culverts at Kujuru.,30000000.0,30000000.0,0.0,0.0,0.0,344,0.47789,0.49637,026500100100,MINISTRY OF RURAL DEVELOPMENT AND SPECIAL DUTIES,23020118,CONSTRUCTION / PROVISION OF INFRASTRUCTURE,70621,COMMUNITY DEVELOPMENT,20521200,KATAGUM,10100125005100,Water Resources and Rural Deve - General
Rehabilitation and Repairs of Electricity Facilities at Bukul in Shira LGA,20000000.0,20000000.0,0.0,0.0,0.0,344,0.48881,0.50729,026500100100,MINISTRY OF RURAL DEVELOPMENT AND SPECIAL DUTIES,23030102,REHABILITATION / REPAIRS - ELECTRICITY,70621,COMMUNITY DEVELOPMENT,20521600,SHIRA,10100125005200,Water Resources and Rural Deve - General
Construction of Drainages and Culverts at Gazan Tunfafi Shira,30000000.0,20000000.0,0.0,30000000.0,0.0,344,0.49973,0.51821,026500100100,MINISTRY OF RURAL DEVELOPMENT AND SPECIAL DUTIES,23020118,CONSTRUCTION / PROVISION OF INFRASTRUCTURE,70621,COMMUNITY DEVELOPMENT,20521600,SHIRA,10100125005300,Water Resources and Rural Deve - General
Construction of Drainages and Culverts at Dogonjeji Jama'are LGA,30000000.0,30000000.0,0.0,30000000.0,0.0,344,0.51065,0.52913,026500100100,MINISTRY OF RURAL DEVELOPMENT AND SPECIAL DUTIES,23020118,CONSTRUCTION / PROVISION OF INFRASTRUCTURE,70621,COMMUNITY DEVELOPMENT,20521100,JAMA'ARE,10100125005400,Water Resources and Rural Deve - General
Rehabilitation and Repairs of Electricity Facilities at Darazo LGA,20000000.0,30000000.0,0.0,0.0,0.0,344,0.52073,0.53921,026500100100,MINISTRY OF RURAL DEVELOPMENT AND SPECIAL DUTIES,23030102,REHABILITATION / REPAIRS - ELECTRICITY,70621,COMMUNITY DEVELOPMENT,20510500,DARAZO,10100125005500,Water Resources and Rural Deve - General
Construction of Drainages and Culverts at Darazo LGA,20000000.0,20000000.0,0.0,20000000.0,0.0,344,0.53165,0.55012,026500100100,MINISTRY OF RURAL DEVELOPMENT AND SPECIAL DUTIES,23020118,CONSTRUCTION / PROVISION OF INFRASTRUCTURE,70621,COMMUNITY DEVELOPMENT,20510500,DARAZO,10100125005600,Water Resources and Rural Deve - General
construction of Sullabawa Village Road 2km in Bauchi LGA,0.0,30000000.0,0.0,100000000.0,0.0,344,0.54257,0.56104,026500100100,MINISTRY OF RURAL DEVELOPMENT AND SPECIAL DUTIES,23020114,CONSTRUCTION / PROVISION OF ROADS,70621,COMMUNITY DEVELOPMENT,20530200,BAUCHI,10100126000600,Water Resources and Rural Deve - General
Construction of Drainege Culvert Ung Gawo Bauchi LGA,0.0,30000000.0,0.0,50000000.0,0.0,344,0.55264,0.57112,026500100100,MINISTRY OF RURAL DEVELOPMENT AND SPECIAL DUTIES,23020114,CONSTRUCTION / PROVISION OF ROADS,70621,COMMUNITY DEVELOPMENT,20530200,BAUCHI,10100126000700,Water Resources and Rural Deve - General
contruction of Box Culvert at Duklin Bauchi,0.0,20000000.0,0.0,30000000.0,0.0,344,0.56356,0.58204,026500100100,MINISTRY OF RURAL DEVELOPMENT AND SPECIAL DUTIES,23020114,CONSTRUCTION / PROVISION OF ROADS,70621,COMMUNITY DEVELOPMENT,20531700,T/BALEWA,10100126000800,Water Resources and Rural Deve - General
Construction of culvert and rehabilitation of Road in Gwadan Gwadan community in Shira LGA,0.0,20000000.0,0.0,100000000.0,0.0,344,0.57448,0.59296,026500100100,MINISTRY OF RURAL DEVELOPMENT AND SPECIAL DUTIES,23020114,CONSTRUCTION / PROVISION OF ROADS,70621,COMMUNITY DEVELOPMENT,20521600,SHIRA,10100126000900,Water Resources and Rural Deve - General
RAAM Scale-up Project on Road Construction,0.0,0.0,0.0,1350000000.0,0.0,344,0.5854,0.60388,026500100100,MINISTRY OF RURAL DEVELOPMENT AND SPECIAL DUTIES,23020114,CONSTRUCTION / PROVISION OF ROADS,70621,COMMUNITY DEVELOPMENT,20542400,STATE WIDE,10100126001000,Water Resources and Rural Deve - General
Purchase of 2 Numbers of Toyota Hilux,240000000.0,240000000.0,150000000.0,150000000.0,0.0,344,0.63831,0.65679,026500200100,RURAL AGRICULTURAL ROAD AGENCY (RARA),23010105,PURCHASE OF MOTOR VEHICLES,70621,COMMUNITY DEVELOPMENT,20530200,BAUCHI,17100123007700,Road - General
Purchase of 20 Units Office Chairs & Tables.,15000000.0,15000000.0,0.0,15000000.0,0.0,344,0.64923,0.66771,026500200100,RURAL AGRICULTURAL ROAD AGENCY (RARA),23010112,PURCHASE OF OFFICE FURNITURE AND FITTINGS,70621,COMMUNITY DEVELOPMENT,20530200,BAUCHI,17100123007800,Road - General
Purchase of 3 Nos. of Laptops Computers and 4 nos. of Desktop Computers,10000000.0,10000000.0,0.0,0.0,0.0,344,0.66015,0.67863,026500200100,RURAL AGRICULTURAL ROAD AGENCY (RARA),23010113,PURCHASE OF COMPUTERS,70621,COMMUNITY DEVELOPMENT,20530200,BAUCHI,17100123007900,Road - General
Purchase of 2 nos. of Computer Printers,5000000.0,5000000.0,0.0,0.0,0.0,344,0.67023,0.68871,026500200100,RURAL AGRICULTURAL ROAD AGENCY (RARA),23010114,PURCHASE OF COMPUTER PRINTERS,70621,COMMUNITY DEVELOPMENT,20530200,BAUCHI,17100123008000,Road - General
Purchase of Photocopy Machines 2 Nos,5000000.0,5000000.0,0.0,0.0,0.0,344,0.68115,0.69962,026500200100,RURAL AGRICULTURAL ROAD AGENCY (RARA),23010115,PURCHASE OF PHOTOCOPYING MACHINES,70621,COMMUNITY DEVELOPMENT,20530200,BAUCHI,17100123008100,Road - General
Purchase of 2 Nos. of Shredding Machines,500000.0,500000.0,0.0,0.0,0.0,344,0.69206,0.71054,026500200100,RURAL AGRICULTURAL ROAD AGENCY (RARA),23010117,PURCHASE OF SHREDDING MACHINES,70621,COMMUNITY DEVELOPMENT,20530200,BAUCHI,17100123008200,Road - General
Purchase of 2 nos. of Scanners,1000000.0,1000000.0,0.0,0.0,0.0,344,0.70298,0.72146,026500200100,RURAL AGRICULTURAL ROAD AGENCY (RARA),23010118,PURCHASE OF SCANNERS,70621,COMMUNITY DEVELOPMENT,20530200,BAUCHI,17100123008300,Road - General
Purchase of 1 Unit f Power Generating Set (75 KVA),3000000.0,3000000.0,0.0,3000000.0,0.0,344,0.71306,0.73154,026500200100,RURAL AGRICULTURAL ROAD AGENCY (RARA),23010119,PURCHASE OF POWER GENERATING SET,70621,COMMUNITY DEVELOPMENT,20530200,BAUCHI,17100123008400,Road - General
Construction of New Office Building at State Capital (Bauchi),300000000.0,300000000.0,250000000.0,150000000.0,0.0,344,0.72398,0.74246,026500200100,RURAL AGRICULTURAL ROAD AGENCY (RARA),23020101,CONSTRUCTION / PROVISION OF OFFICE BUILDINGS,70621,COMMUNITY DEVELOPMENT,20530200,BAUCHI,17100123008500,Road - General
Rehabilitation of Existing Residential Building,65000000.0,65000000.0,0.0,25000000.0,0.0,344,0.7349,0.75338,026500200100,RURAL AGRICULTURAL ROAD AGENCY (RARA),23030101,REHABILITATION / REPAIRS OF RESIDENTIAL BUILDING,70621,COMMUNITY DEVELOPMENT,20530200,BAUCHI,17100123008600,Road - General
Repairs of Electricity Facilities in the Agencies,2500000.0,2500000.0,0.0,2500000.0,0.0,344,0.74498,0.76345,026500200100,RURAL AGRICULTURAL ROAD AGENCY (RARA),23030102,REHABILITATION / REPAIRS - ELECTRICITY,70621,COMMUNITY DEVELOPMENT,20530200,BAUCHI,17100123008700,Road - General
Repairs of Water Facilities,6000000.0,6000000.0,0.0,6000000.0,0.0,344,0.7559,0.77437,026500200100,RURAL AGRICULTURAL ROAD AGENCY (RARA),23030104,REHABILITATION / REPAIRS - WATER FACILITIES,70621,COMMUNITY DEVELOPMENT,20530200,BAUCHI,17100123008800,Road - General
Supervision of Programmes and Projects under the Agency,10000000.0,10000000.0,0.0,10000000.0,0.0,344,0.76681,0.78529,026500200100,RURAL AGRICULTURAL ROAD AGENCY (RARA),23050103,MONITORING AND EVALUATION,70621,COMMUNITY DEVELOPMENT,20542400,STATE WIDE,17100123008900,Road - General
Rural roads development across the State,2000000000.0,500000000.0,500000000.0,500000000.0,0.0,344,0.77773,0.79621,026500200100,RURAL AGRICULTURAL ROAD AGENCY (RARA),23020114,CONSTRUCTION / PROVISION OF ROADS,70621,COMMUNITY DEVELOPMENT,20542400,STATE WIDE,17100123009000,Road - General
"Purchase of 40 Units Office Chairs & Tables, and Other Office Equipment",10000000.0,10000000.0,0.0,10000000.0,0.0,344,0.83065,0.84912,026500300100,STATE ROAD FUND (SRF),23010112,PURCHASE OF OFFICE FURNITURE AND FITTINGS,70133,OTHER GENERAL SERVICES,20530200,BAUCHI,17100125002500,Road - General
Purchase of 3 Nos. of Laptops Computers and 4 nos. of Desktop Computers,4000000.0,4000000.0,0.0,0.0,0.0,344,0.84156,0.86004,026500300100,STATE ROAD FUND (SRF),23010113,PURCHASE OF COMPUTERS,70133,OTHER GENERAL SERVICES,20530200,BAUCHI,17100125002600,Road - General
Purchase of 2 nos. of Computer Printers,1500000.0,1500000.0,0.0,0.0,0.0,344,0.85248,0.87096,026500300100,STATE ROAD FUND (SRF),23010114,PURCHASE OF COMPUTER PRINTERS,70133,OTHER GENERAL SERVICES,20530200,BAUCHI,17100125002700,Road - General
Purchase of Photocopy Machines 2 Nos,1000000.0,1000000.0,0.0,0.0,0.0,344,0.86256,0.88104,026500300100,STATE ROAD FUND (SRF),23010115,PURCHASE OF PHOTOCOPYING MACHINES,70133,OTHER GENERAL SERVICES,20530200,BAUCHI,17100125002800,Road - General
Purchase of 2 Nos. of Shredding Machines,500000.0,500000.0,0.0,0.0,0.0,344,0.87348,0.89196,026500300100,STATE ROAD FUND (SRF),23010117,PURCHASE OF SHREDDING MACHINES,70133,OTHER GENERAL SERVICES,20530200,BAUCHI,17100125002900,Road - General
Purchase of 2 nos. of Scanners,1000000.0,1000000.0,0.0,0.0,0.0,344,0.8844,0.90288,026500300100,STATE ROAD FUND (SRF),23010118,PURCHASE OF SCANNERS,70133,OTHER GENERAL SERVICES,20530200,BAUCHI,17100125003000,Road - General
Purchase of 1 Unit Power Generating Set (75 KVA),3000000.0,3000000.0,0.0,3000000.0,0.0,344,0.89532,0.91379,026500300100,STATE ROAD FUND (SRF),23010119,PURCHASE OF POWER GENERATING SET,70133,OTHER GENERAL SERVICES,20530200,BAUCHI,17100125003100,Road - General
Rehabilitation of Existing Residential Building,5000000.0,5000000.0,0.0,5000000.0,0.0,345,0.09323,0.1117,026500300100,STATE ROAD FUND (SRF),23030101,REHABILITATION / REPAIRS OF RESIDENTIAL BUILDING,70133,OTHER GENERAL SERVICES,20530200,BAUCHI,17100125003200,Road - General
Repairs of Electricity Facilities in the Agencies,2000000.0,2000000.0,0.0,2000000.0,0.0,345,0.10415,0.12262,026500300100,STATE ROAD FUND (SRF),23030102,REHABILITATION / REPAIRS - ELECTRICITY,70133,OTHER GENERAL SERVICES,20530200,BAUCHI,17100125003300,Road - General
Repairs of Water Facilities,3000000.0,3000000.0,0.0,3000000.0,0.0,345,0.11506,0.13354,026500300100,STATE ROAD FUND (SRF),23030104,REHABILITATION / REPAIRS - WATER FACILITIES,70133,OTHER GENERAL SERVICES,20530200,BAUCHI,17100125003400,Road - General
Renovation and Repairs of Housing,2000000.0,2000000.0,0.0,2000000.0,0.0,345,0.12598,0.14446,026500300100,STATE ROAD FUND (SRF),23030101,REHABILITATION / REPAIRS OF RESIDENTIAL BUILDING,70133,OTHER GENERAL SERVICES,20530200,BAUCHI,17100125003500,Road - General
Purchase of (3) Three Motorcycles,0.0,0.0,0.0,6000000.0,0.0,345,0.1789,0.19737,031801100100,JUDICIAL SERVICE COMMISSION,23010104,PURCHASE MOTOR CYCLES,70361,PUBLIC ORDER AND SAFETY N.E.C.,20530200,BAUCHI,13100126001600,Reform of Government and Governance - General
Purchase of (2) Motor Vehicles (Toyota Saloon Car),80000000.0,80000000.0,0.0,100000000.0,0.0,345,0.18981,0.20829,031801100100,JUDICIAL SERVICE COMMISSION,23010105,PURCHASE OF MOTOR VEHICLES,70361,PUBLIC ORDER AND SAFETY N.E.C.,20530200,BAUCHI,13100123026900,Reform of Government and Governance - General
Purchase of Truck (1Hilux),15000000.0,15000000.0,0.0,0.0,0.0,345,0.20073,0.21921,031801100100,JUDICIAL SERVICE COMMISSION,23010106,PURCHASE OF VANS,70361,PUBLIC ORDER AND SAFETY N.E.C.,20530200,BAUCHI,13100123027000,Reform of Government and Governance - General
Purchase of Buses (1 Bus),45000000.0,45000000.0,0.0,70000000.0,0.0,345,0.21081,0.22929,031801100100,JUDICIAL SERVICE COMMISSION,23010108,PURCHASE OF BUSES,70361,PUBLIC ORDER AND SAFETY N.E.C.,20530200,BAUCHI,13100123027100,Reform of Government and Governance - General
"Purchase of 25 Nos.of Office Chairs, and 25 Nos. of Office Tables",20000000.0,20000000.0,19257125.0,14000000.0,0.0,345,0.22173,0.24021,031801100100,JUDICIAL SERVICE COMMISSION,23010112,PURCHASE OF OFFICE FURNITURE AND FITTINGS,70361,PUBLIC ORDER AND SAFETY N.E.C.,20530200,BAUCHI,13100123027200,Reform of Government and Governance - General
Purchase of Ten (10) Computers,10000000.0,10000000.0,0.0,35000000.0,0.0,345,0.23265,0.25113,031801100100,JUDICIAL SERVICE COMMISSION,23010113,PURCHASE OF COMPUTERS,70361,PUBLIC ORDER AND SAFETY N.E.C.,20530200,BAUCHI,13100123027300,Reform of Government and Governance - General
Purchase of Four (4) Computers Printers,2000000.0,2000000.0,0.0,10000000.0,0.0,345,0.24273,0.2612,031801100100,JUDICIAL SERVICE COMMISSION,23010114,PURCHASE OF COMPUTER PRINTERS,70361,PUBLIC ORDER AND SAFETY N.E.C.,20530200,BAUCHI,13100123027400,Reform of Government and Governance - General
Purchase of Two (2) Photocopy Machines,5000000.0,5000000.0,0.0,2000000.0,0.0,345,0.25365,0.27212,031801100100,JUDICIAL SERVICE COMMISSION,23010115,PURCHASE OF PHOTOCOPYING MACHINES,70361,PUBLIC ORDER AND SAFETY N.E.C.,20530200,BAUCHI,13100123027500,Reform of Government and Governance - General
Purchase of 3 nos. shreding Machines,200000.0,200000.0,0.0,0.0,0.0,345,0.26456,0.28304,031801100100,JUDICIAL SERVICE COMMISSION,23010117,PURCHASE OF SHREDDING MACHINES,70361,PUBLIC ORDER AND SAFETY N.E.C.,20530200,BAUCHI,13100123027600,Reform of Government and Governance - General
Purchase of (2) scanners,500000.0,500000.0,0.0,5000000.0,0.0,345,0.27548,0.29396,031801100100,JUDICIAL SERVICE COMMISSION,23010118,PURCHASE OF SCANNERS,70361,PUBLIC ORDER AND SAFETY N.E.C.,20530200,BAUCHI,13100123027700,Reform of Government and Governance - General
Purchase of 2 Units power generating set (60 KVA),25000000.0,25000000.0,0.0,500000.0,0.0,345,0.28556,0.30404,031801100100,JUDICIAL SERVICE COMMISSION,23010119,PURCHASE OF POWER GENERATING SET,70361,PUBLIC ORDER AND SAFETY N.E.C.,20530200,BAUCHI,13100123027800,Reform of Government and Governance - General
Provision of Recreational and Sporting Facilities at Bauchi Office,0.0,0.0,0.0,25000000.0,0.0,345,0.29648,0.31496,031801100100,JUDICIAL SERVICE COMMISSION,23020112,CONSTRUCTION / PROVISION OF SPORTING FACILITIES,70361,PUBLIC ORDER AND SAFETY N.E.C.,20530200,BAUCHI,13100123027900,Reform of Government and Governance - General
Construction of Borehole for Water Supply at the Bauchi Office,6000000.0,6000000.0,0.0,0.0,0.0,345,0.3074,0.32588,031801100100,JUDICIAL SERVICE COMMISSION,23020105,CONSTRUCTION / PROVISION OF WATER FACILITIES,70361,PUBLIC ORDER AND SAFETY N.E.C.,20530200,BAUCHI,13100123028000,Reform of Government and Governance - General
Construction and Establishment of Judicial Library at Bauchi's Office,7000000.0,7000000.0,0.0,3000000.0,0.0,345,0.31832,0.33679,031801100100,JUDICIAL SERVICE COMMISSION,23020111,CONSTRUCTION / PROVISION OF LIBRARIES,70361,PUBLIC ORDER AND SAFETY N.E.C.,20530200,BAUCHI,13100123028100,Reform of Government and Governance - General
Provision of Infrastructure at the Judicial Service Office,27000000.0,27000000.0,0.0,7000000.0,0.0,345,0.32839,0.34687,031801100100,JUDICIAL SERVICE COMMISSION,23020118,CONSTRUCTION / PROVISION OF INFRASTRUCTURE,70361,PUBLIC ORDER AND SAFETY N.E.C.,20530200,BAUCHI,13100123028200,Reform of Government and Governance - General
Construction of ICT Infrastructure to Facilitate the use of Internet Facilities,30000000.0,30000000.0,0.0,20000000.0,0.0,345,0.33931,0.35779,031801100100,JUDICIAL SERVICE COMMISSION,23020127,CONSTRUCTION OF ICT INFRASTRUCTURES,70361,PUBLIC ORDER AND SAFETY N.E.C.,20530200,BAUCHI,13100123028300,Reform of Government and Governance - General
Renovation and Repairs of Judicial Service Office Building in Bauchi,10000000.0,10000000.0,0.0,26000000.0,0.0,345,0.35023,0.36871,031801100100,JUDICIAL SERVICE COMMISSION,23030121,REHABILITATION / REPAIRS OF OFFICE BUILDINGS,70361,PUBLIC ORDER AND SAFETY N.E.C.,20530200,BAUCHI,13100123028400,Reform of Government and Governance - General
Supervision of Judicial Programmes and Projects,4000000.0,4000000.0,0.0,30000000.0,0.0,345,0.36031,0.37879,031801100100,JUDICIAL SERVICE COMMISSION,23050103,MONITORING AND EVALUATION,70361,PUBLIC ORDER AND SAFETY N.E.C.,20530200,BAUCHI,13100123028500,Reform of Government and Governance - General
Purchase of 7 nos. of Salon Motor Vehicles to High Court Judges,30000000.0,30000000.0,0.0,210000000.0,0.0,345,0.41406,0.43254,031805100100,HIGH COURT OF JUSTICE,23010105,PURCHASE OF MOTOR VEHICLES,70331,LAW COURTS,20530200,BAUCHI,13100123028800,Reform of Government and Governance - General
Purchase of 2 nos. of Motor Vehicles to DCRs & Directors,30000000.0,30000000.0,0.0,0.0,0.0,345,0.42498,0.44346,031805100100,HIGH COURT OF JUSTICE,23010105,PURCHASE OF MOTOR VEHICLES,70331,LAW COURTS,20530200,BAUCHI,13100123028900,Reform of Government and Governance - General
Purchase of 1 no. Hilux,25000000.0,25000000.0,0.0,49196732.94,0.0,345,0.43506,0.45354,031805100100,HIGH COURT OF JUSTICE,23010106,PURCHASE OF VANS,70331,LAW COURTS,20530200,BAUCHI,13100123029000,Reform of Government and Governance - General
Purchase of 1. Buses,25000000.0,25000000.0,0.0,25000000.0,0.0,345,0.44598,0.46446,031805100100,HIGH COURT OF JUSTICE,23010108,PURCHASE OF BUSES,70331,LAW COURTS,20530200,BAUCHI,13100123029100,Reform of Government and Governance - General
Purchase of 7 nos. of Salon Vehicles to Magistrates,232488364.48,232488364.48,0.0,0.0,0.0,345,0.4569,0.47537,031805100100,HIGH COURT OF JUSTICE,23010105,PURCHASE OF MOTOR VEHICLES,70331,LAW COURTS,20530200,BAUCHI,13100123029200,Reform of Government and Governance - General
Purchase of 22 nos. of Laptop Computers and 40 Desktop Computers,150000000.0,150000000.0,0.0,150000000.0,0.0,345,0.46782,0.48629,031805100100,HIGH COURT OF JUSTICE,23010113,PURCHASE OF COMPUTERS,70331,LAW COURTS,20530200,BAUCHI,13100123029300,Reform of Government and Governance - General
Purchase of 62 nos. Computers Printers,10000000.0,10000000.0,0.0,10000000.0,0.0,345,0.47789,0.49637,031805100100,HIGH COURT OF JUSTICE,23010114,PURCHASE OF COMPUTER PRINTERS,70331,LAW COURTS,20530200,BAUCHI,13100123029400,Reform of Government and Governance - General
Purchase of 50 Units Office Chairs,30000000.0,30000000.0,8500008.1,100000000.0,0.0,345,0.48881,0.50729,031805100100,HIGH COURT OF JUSTICE,23010112,PURCHASE OF OFFICE FURNITURE AND FITTINGS,70331,LAW COURTS,20530200,BAUCHI,13100123029500,Reform of Government and Governance - General
Purchase of 50 Units Office Tables,100000000.0,100000000.0,0.0,100000000.0,0.0,345,0.49973,0.51821,031805100100,HIGH COURT OF JUSTICE,23010112,PURCHASE OF OFFICE FURNITURE AND FITTINGS,70331,LAW COURTS,20530200,BAUCHI,13100123029600,Reform of Government and Governance - General
Purchase of 25 Units Office File Cabinet TV etc,40000000.0,40000000.0,20000000.0,40000000.0,0.0,345,0.51065,0.52913,031805100100,HIGH COURT OF JUSTICE,23010112,PURCHASE OF OFFICE FURNITURE AND FITTINGS,70331,LAW COURTS,20530200,BAUCHI,13100123029700,Reform of Government and Governance - General
Purch. of 10 nos. Photocopy Machines,20000000.0,20000000.0,0.0,30000000.0,0.0,345,0.52073,0.53921,031805100100,HIGH COURT OF JUSTICE,23010115,PURCHASE OF PHOTOCOPYING MACHINES,70331,LAW COURTS,20530200,BAUCHI,13100123029800,Reform of Government and Governance - General
"Purchase of 8 nos. Generating Set for 6 New Judges,Chief Registrar and Special Assistant to Hon. Chief Ju",185000000.0,185000000.0,142957900.62,198200000.0,0.0,345,0.53165,0.55012,031805100100,HIGH COURT OF JUSTICE,23010119,PURCHASE OF POWER GENERATING SET70331 - LAW COURTS,,dge,20530200,BAUCHI,13100123029900,Reform of Government and Governance - General
Purchase of 10 Nos. of Gymnasium Training Machines and Sporting Equipment at Headquarters Bauchi,70000000.0,70000000.0,0.0,70000000.0,0.0,345,0.54257,0.56104,031805100100,HIGH COURT OF JUSTICE,23010130,PURCHASE OF RECREATIONAL FACILITIES,70331,LAW COURTS,20530200,BAUCHI,13100123030000,Reform of Government and Governance - General
Construction of High Courts/Renovation Across the State,150000000.0,150000000.0,131699699.15,150000000.0,0.0,345,0.55264,0.57112,031805100100,HIGH COURT OF JUSTICE,23020101,CONSTRUCTION / PROVISION OF OFFICE BUILDINGS,70331,LAW COURTS,20542400,STATE WIDE,13100123030100,Reform of Government and Governance - General
Construction of Magistrate Courts at Bauchi and Azare.,350000000.0,350000000.0,505951524.66,350000000.0,0.0,345,0.56356,0.58204,031805100100,HIGH COURT OF JUSTICE,23020101,CONSTRUCTION / PROVISION OF OFFICE BUILDINGS,70331,LAW COURTS,20542400,STATE WIDE,13100123030200,Reform of Government and Governance - General
Construction of Magistrates Residential Quarters Across the State,100000000.0,100000000.0,0.0,100000000.0,0.0,345,0.57448,0.59296,031805100100,HIGH COURT OF JUSTICE,23020102,CONSTRUCTION / PROVISION OF RESIDENTIAL BUILDINGS,70331,LAW COURTS,20542400,STATE WIDE,13100123030300,Reform of Government and Governance - General
Construction of Court Building at Giade,50000000.0,50000000.0,0.0,50000000.0,0.0,345,0.5854,0.60388,031805100100,HIGH COURT OF JUSTICE,23020101,CONSTRUCTION / PROVISION OF OFFICE BUILDINGS,70331,LAW COURTS,20520900,GIADE,13100123030400,Reform of Government and Governance - General
Construction of Court Building Shira,15000000.0,15000000.0,0.0,15000000.0,0.0,345,0.59548,0.61396,031805100100,HIGH COURT OF JUSTICE,23020101,CONSTRUCTION / PROVISION OF OFFICE BUILDINGS,70331,LAW COURTS,20521600,SHIRA,13100123030500,Reform of Government and Governance - General
Landscaping and Construction of Drainage and Waterways ar the Judiciary Headquarters,85000000.0,85000000.0,66119526.89,85000000.0,0.0,345,0.6064,0.62487,031805100100,HIGH COURT OF JUSTICE,23020118,CONSTRUCTION / PROVISION OF INFRASTRUCTURE,70331,LAW COURTS,20530200,BAUCHI,13100123030600,Reform of Government and Governance - General
Rehabilitation and Repairs of 10 nos. Court Buildings Across the State.,100000000.0,100000000.0,250000000.0,100000000.0,0.0,345,0.61732,0.63579,031805100100,HIGH COURT OF JUSTICE,23030121,REHABILITATION / REPAIRS OF OFFICE BUILDINGS,70331,LAW COURTS,20542400,STATE WIDE,13100123030700,Reform of Government and Governance - General
Provision of Infrastructure at the Judges Residence,100000000.0,100000000.0,0.0,100000000.0,0.0,345,0.62823,0.64671,031805100100,HIGH COURT OF JUSTICE,23020118,CONSTRUCTION / PROVISION OF INFRASTRUCTURE,70331,LAW COURTS,20530200,BAUCHI,13100123030800,Reform of Government and Governance - General
Rehabilitation and Repairs of 10 nos. Court Buildings Across the State.,30000000.0,30000000.0,49803430.66,30000000.0,0.0,345,0.63831,0.65679,031805100100,HIGH COURT OF JUSTICE,23030121,REHABILITATION / REPAIRS OF OFFICE BUILDINGS,70331,LAW COURTS,20542400,STATE WIDE,13100123030900,Reform of Government and Governance - General
Costruction of VIP Guest House at Bauchi,0.0,0.0,0.0,350000000.0,0.0,345,0.64923,0.66771,031805100100,HIGH COURT OF JUSTICE,23020102,CONSTRUCTION / PROVISION OF RESIDENTIAL BUILDINGS,70331,LAW COURTS,20530200,BAUCHI,13100126001700,Reform of Government and Governance - General
Purchase of 5 nos. of Desktop Computers,20000000.0,20000000.0,0.0,5000000.0,0.0,345,0.70298,0.72146,031805300100,SHARIA COURT OF APPEAL,23010113,PURCHASE OF COMPUTERS,70331,LAW COURTS,20530200,BAUCHI,13100123031000,Reform of Government and Governance - General
Purchase of 3 nos. Photocopying Machines and 3 nos. of Printers,22800000.0,22800000.0,0.0,2800000.0,0.0,345,0.71306,0.73154,031805300100,SHARIA COURT OF APPEAL,23010115,PURCHASE OF PHOTOCOPYING MACHINES,70331,LAW COURTS,20530200,BAUCHI,13100123031100,Reform of Government and Governance - General
"Purchase of 3 Units 260KVA Generatosr for CR, DCR, and Kadis in Bauchi LGA",31000000.0,31000000.0,0.0,20000000.0,0.0,345,0.72398,0.74246,031805300100,SHARIA COURT OF APPEAL,23010119,PURCHASE OF POWER GENERATING SET,70331,LAW COURTS,20530200,BAUCHI,13100123031200,Reform of Government and Governance - General
"Purchase of 75 Units Office Tables &Chairs, and Other Office Equipments",35000000.0,35000000.0,250000.0,10000000.0,0.0,345,0.7349,0.75338,031805300100,SHARIA COURT OF APPEAL,23010112,PURCHASE OF OFFICE FURNITURE AND FITTINGS,70331,LAW COURTS,20530200,BAUCHI,13100123031500,Reform of Government and Governance - General
Rehabilitation/Repairs of Sharia Court of Appeal Complex in Bauchi LGA,410000000.0,35000000.0,0.0,388200000.0,0.0,345,0.74498,0.76345,031805300100,SHARIA COURT OF APPEAL,23030121,REHABILITATION / REPAIRS OF OFFICE BUILDINGS,70331,LAW COURTS,20530200,BAUCHI,13100123031600,Reform of Government and Governance - General
Constr. Of 1 Unit Borehole and water Facilities at SCA,2280000.0,2280000.0,0.0,1300000.0,0.0,345,0.7559,0.77437,031805300100,SHARIA COURT OF APPEAL,23020105,CONSTRUCTION / PROVISION OF WATER FACILITIES,70331,LAW COURTS,20530200,BAUCHI,13100123031700,Reform of Government and Governance - General
"Constr. Of Sharia Court Toro, TORO LGA.",31000000.0,31000000.0,0.0,30000000.0,0.0,345,0.76681,0.78529,031805300100,SHARIA COURT OF APPEAL,23020101,CONSTRUCTION / PROVISION OF OFFICE BUILDINGS,70331,LAW COURTS,20531800,TORO,13100123031800,Reform of Government and Governance - General
REHAB./Repairs Of Upper Shariah Court T/Balewa,25000000.0,25000000.0,0.0,15000000.0,0.0,345,0.77773,0.79621,031805300100,SHARIA COURT OF APPEAL,23020101,CONSTRUCTION / PROVISION OF OFFICE BUILDINGS,70331,LAW COURTS,20531700,T/BALEWA,13100123031900,Reform of Government and Governance - General
"Construction of Upper Shariah Court Angwan Jaki Bauchi, Bauchi LGA",73000000.0,73000000.0,0.0,52000000.0,0.0,345,0.78781,0.80629,031805300100,SHARIA COURT OF APPEAL,23020101,CONSTRUCTION / PROVISION OF OFFICE BUILDINGS,70331,LAW COURTS,20530200,BAUCHI,13100123032000,Reform of Government and Governance - General
Construction of Two (2)Shariah Courts in Giade,51000000.0,51000000.0,0.0,50000000.0,0.0,345,0.79873,0.81721,031805300100,SHARIA COURT OF APPEAL,23020101,CONSTRUCTION / PROVISION OF OFFICE BUILDINGS,70331,LAW COURTS,20520900,GIADE,13100123032100,Reform of Government and Governance - General
Construction of Lower Shariah Court Beli. Shira LGA,20000000.0,20000000.0,0.0,20000000.0,0.0,345,0.80965,0.82813,031805300100,SHARIA COURT OF APPEAL,23020101,CONSTRUCTION / PROVISION OF OFFICE BUILDINGS,70331,LAW COURTS,20521600,SHIRA,13100123032200,Reform of Government and Governance - General
Construction of Upper Shariah Court Warji. Warji LGA,23000000.0,23000000.0,0.0,20000000.0,0.0,345,0.82057,0.83904,031805300100,SHARIA COURT OF APPEAL,23020101,CONSTRUCTION / PROVISION OF OFFICE BUILDINGS,70331,LAW COURTS,20511900,WARJI,13100123032300,Reform of Government and Governance - General
"Construction of Lower Shariah Court Gadau, Itas Gadau LGA",15000000.0,15000000.0,0.0,20000000.0,0.0,345,0.83065,0.84912,031805300100,SHARIA COURT OF APPEAL,23020101,CONSTRUCTION / PROVISION OF OFFICE BUILDINGS,70331,LAW COURTS,20521000,ITAS GADAU,13100123032400,Reform of Government and Governance - General
Rehabilitation/Repairs of Sharia Court of Appeal in Bauchi,40000000.0,40000000.0,0.0,0.0,0.0,345,0.84156,0.86004,031805300100,SHARIA COURT OF APPEAL,23030121,REHABILITATION / REPAIRS OF OFFICE BUILDINGS,70331,LAW COURTS,20530200,BAUCHI,13100123032500,Reform of Government and Governance - General
"Rehab./Repairs of Sharia Court of Alkaleri, Alkaleri LGA",18000000.0,18000000.0,0.0,10000000.0,0.0,345,0.85248,0.87096,031805300100,SHARIA COURT OF APPEAL,23030121,REHABILITATION / REPAIRS OF OFFICE BUILDINGS,70331,LAW COURTS,20530100,ALKALERI,13100123032600,Reform of Government and Governance - General
"Rehab./Repairs of Lower and Upper Shariah Court Dass, Dass LGA",33000000.0,33000000.0,0.0,15000000.0,0.0,345,0.86256,0.88104,031805300100,SHARIA COURT OF APPEAL,23030121,REHABILITATION / REPAIRS OF OFFICE BUILDINGS,70331,LAW COURTS,20530600,DASS,13100123032700,Reform of Government and Governance - General
"Rehab./Repairs of Lower Sharia Court Nasarawa, KTG LGA",17000000.0,17000000.0,0.0,10000000.0,0.0,345,0.87348,0.89196,031805300100,SHARIA COURT OF APPEAL,23030121,REHABILITATION / REPAIRS OF OFFICE BUILDINGS,70331,LAW COURTS,20521200,KATAGUM,13100123032800,Reform of Government and Governance - General
"Rehabilitation/Repairs of Upper Shariah Court Gamawa, Gamawa LGA",18000000.0,18000000.0,0.0,10000000.0,0.0,345,0.8844,0.90288,031805300100,SHARIA COURT OF APPEAL,23030121,REHABILITATION / REPAIRS OF OFFICE BUILDINGS,70331,LAW COURTS,20520700,GAMAWA,13100123032900,Reform of Government and Governance - General
"Rehabilitation/Repairs of Two Judges Residence at Misau, Misau LGA",15000000.0,15000000.0,0.0,5000000.0,0.0,345,0.89532,0.91379,031805300100,SHARIA COURT OF APPEAL,23030121,REHABILITATION / REPAIRS OF OFFICE BUILDINGS,70331,LAW COURTS,20511400,MISAU,13100123033000,Reform of Government and Governance - General
Purchase of Professional Books and Publications for the Establishment of a Library.,1000000.0,1000000.0,0.0,700000.0,0.0,346,0.09323,0.1117,031805300100,SHARIA COURT OF APPEAL,23010125,PURCHASE OF LIBRARY BOOKS & EQUIPMENT,70331,LAW COURTS,20530200,BAUCHI,13100123033100,Reform of Government and Governance - General
"Rehabilitation/Repairs of Two Judges Residence at Misau, Misau LGA",15000000.0,0.0,0.0,5000000.0,0.0,346,0.10415,0.12262,031805300100,SHARIA COURT OF APPEAL,23030121,REHABILITATION / REPAIRS OF OFFICE BUILDINGS,70331,LAW COURTS,20511400,MISAU,13100126001800,Reform of Government and Governance - General
"Purchase of 10 Units Executive Office Tables, Chairs, and Other Office Equipments",20500000.0,20500000.0,9710000.0,25000000.0,0.0,346,0.1579,0.17638,032600100100,MINISTRY OF JUSTICE,23010112,PURCHASE OF OFFICE FURNITURE AND FITTINGS,70331,LAW COURTS,20530200,BAUCHI,13100123033200,Reform of Government and Governance - General
"Purchase of 15 Units Office Tables, Chairs, and Other Office Equipments",20500000.0,20500000.0,0.0,42000000.0,0.0,346,0.16798,0.18645,032600100100,MINISTRY OF JUSTICE,23010112,PURCHASE OF OFFICE FURNITURE AND FITTINGS,70331,LAW COURTS,20530200,BAUCHI,13100123033200,Reform of Government and Governance - General
Purchase of 5 nos. Laptop Computers and 5 nos. of Desktop Computers,12000000.0,12000000.0,7235000.0,15000000.0,0.0,346,0.1789,0.19737,032600100100,MINISTRY OF JUSTICE,23010113,PURCHASE OF COMPUTERS,70331,LAW COURTS,20530200,BAUCHI,13100123033300,Reform of Government and Governance - General
Purchase of Professional Books and Publications for the Establishment of a Library.,11000000.0,11000000.0,650000.0,20000000.0,0.0,346,0.18981,0.20829,032600100100,MINISTRY OF JUSTICE,23010125,PURCHASE OF LIBRARY BOOKS & EQUIPMENT,70331,LAW COURTS,20530200,BAUCHI,13100123033400,Reform of Government and Governance - General
Construction of Office Building at Azare,15000000.0,15000000.0,0.0,350000000.0,0.0,346,0.20073,0.21921,032600100100,MINISTRY OF JUSTICE,23020101,CONSTRUCTION / PROVISION OF OFFICE BUILDINGS,70331,LAW COURTS,20521200,KATAGUM,13100123033500,Reform of Government and Governance - General
Purchase of one (1) 15 Seater Toyota Bus,40000000.0,40000000.0,0.0,0.0,0.0,346,0.25365,0.27212,032600200100,BAUCHI STATE PUBLIC COMPLAINT AND ANTI-CORRUPTION COMMISSION,23010105,PURCHASE OF MOTOR VEHICLES,70361,PUBLIC ORDER AND SAFETY N.E.C.,20542400,STATE WIDE,13100123033600,Reform of Government and Governance - General
Purchase of 20 Units Executive Office Tables & Chairsfor the Principal Officers,10000000.0,10000000.0,0.0,0.0,0.0,346,0.26456,0.28304,032600200100,BAUCHI STATE PUBLIC COMPLAINT AND ANTI-CORRUPTION COMMISSION,23010112,PURCHASE OF OFFICE FURNITURE AND FITTINGS,70361,PUBLIC ORDER AND SAFETY N.E.C.,20542400,STATE WIDE,13100123033700,Reform of Government and Governance - General
Purchase of 30 Units Junior ExecutiveTables & chairs for the Staff,10000000.0,10000000.0,0.0,0.0,0.0,346,0.27548,0.29396,032600200100,BAUCHI STATE PUBLIC COMPLAINT AND ANTI-CORRUPTION COMMISSION,23010112,PURCHASE OF OFFICE FURNITURE AND FITTINGS,70361,PUBLIC ORDER AND SAFETY N.E.C.,20542400,STATE WIDE,13100123033800,Reform of Government and Governance - General
Purchase of Assorted Residential Furniture for the Chairman,11000000.0,11000000.0,0.0,0.0,0.0,346,0.28556,0.30404,032600200100,BAUCHI STATE PUBLIC COMPLAINT AND ANTI-CORRUPTION COMMISSION,23010112,PURCHASE OF OFFICE FURNITURE AND FITTINGS,70361,PUBLIC ORDER AND SAFETY N.E.C.,20542400,STATE WIDE,13100123033900,Reform of Government and Governance - General
Purchase of 3nos. Of Hp Laptops Computers for the Staff.,4000000.0,4000000.0,740000.0,0.0,0.0,346,0.29648,0.31496,032600200100,BAUCHI STATE PUBLIC COMPLAINT AND ANTI-CORRUPTION COMMISSION,23010113,PURCHASE OF COMPUTERS,70361,PUBLIC ORDER AND SAFETY N.E.C.,20542400,STATE WIDE,13100123034000,Reform of Government and Governance - General
Purchase of 6nos. Of Hp Desktop for the Staff.,6000000.0,6000000.0,0.0,0.0,0.0,346,0.3074,0.32588,032600200100,BAUCHI STATE PUBLIC COMPLAINT AND ANTI-CORRUPTION COMMISSION,23010113,PURCHASE OF COMPUTERS,70361,PUBLIC ORDER AND SAFETY N.E.C.,20542400,STATE WIDE,13100123034100,Reform of Government and Governance - General
Purchase of 5nos. of Hp Computer Printers.,4000000.0,4000000.0,0.0,0.0,0.0,346,0.31832,0.33679,032600200100,BAUCHI STATE PUBLIC COMPLAINT AND ANTI-CORRUPTION COMMISSION,23010114,PURCHASE OF COMPUTER PRINTERS,70361,PUBLIC ORDER AND SAFETY N.E.C.,20542400,STATE WIDE,13100123034200,Reform of Government and Governance - General
Purchase of 3Nos. Of Sharp Photo Copying Machines.,4000000.0,4000000.0,0.0,0.0,0.0,346,0.32839,0.34687,032600200100,BAUCHI STATE PUBLIC COMPLAINT AND ANTI-CORRUPTION COMMISSION,23010115,PURCHASE OF PHOTOCOPYING MACHINES,70361,PUBLIC ORDER AND SAFETY N.E.C.,20542400,STATE WIDE,13100123034300,Reform of Government and Governance - General
Purchase of 1 Nos. of Scanners Machines.,1000000.0,1000000.0,0.0,0.0,0.0,346,0.33931,0.35779,032600200100,BAUCHI STATE PUBLIC COMPLAINT AND ANTI-CORRUPTION COMMISSION,23010118,PURCHASE OF SCANNERS,70361,PUBLIC ORDER AND SAFETY N.E.C.,20542400,STATE WIDE,13100123034500,Reform of Government and Governance - General
Purchase of 1 Nos. KVA Generator Sets.,4000000.0,4000000.0,0.0,0.0,0.0,346,0.35023,0.36871,032600200100,BAUCHI STATE PUBLIC COMPLAINT AND ANTI-CORRUPTION COMMISSION,23010119,PURCHASE OF POWER GENERATING SET,70361,PUBLIC ORDER AND SAFETY N.E.C.,20542400,STATE WIDE,13100123034600,Reform of Government and Governance - General
"Purchase of Security equipment (5 Nos. of Dictectors, 20 Nos of Rain Boots and 20 Nos. of Torch Lights).",6000000.0,6000000.0,0.0,0.0,0.0,346,0.36031,0.37879,032600200100,BAUCHI STATE PUBLIC COMPLAINT AND ANTI-CORRUPTION COMMISSION,23010128,PURCHASE OF SECURITY EQUIPMENT,70361,PUBLIC ORDER AND SAFETY N.E.C.,20542400,STATE WIDE,13100123034700,Reform of Government and Governance - General
Construction and Provision of Office Accommodation for the Staff,400000000.0,400000000.0,0.0,0.0,0.0,346,0.37123,0.38971,032600200100,BAUCHI STATE PUBLIC COMPLAINT AND ANTI-CORRUPTION COMMISSION,23020101,CONSTRUCTION / PROVISION OF OFFICE BUILDINGS,70361,PUBLIC ORDER AND SAFETY N.E.C.,20542400,STATE WIDE,13100123034800,Reform of Government and Governance - General
Construction and Provision of Ultra Modern Women Centre in the State Capital Bauchi (Phase I),470000000.0,390000000.0,0.0,10000000.0,0.0,346,0.42498,0.44346,051400100100,MINISTRY OF WOMEN AFFAIRS AND CHILD DEV.,23020101,CONSTRUCTION / PROVISION OF OFFICE BUILDINGS,71041,FAMILY AND CHILDREN,20530200,BAUCHI,07100123010200,Gender - General
Purchase and Supply of Kitchen and Cooking Equipment to Support Women in Food and Nutrition preparation of Local (RUTF),125000000.0,470000000.0,0.0,50000000.0,50000000.0,346,0.43506,0.45354,051400100100,MINISTRY OF WOMEN AFFAIRS AND CHILD DEV.,23010120,PURCHASE OF CANTEEN / KITCHEN EQUIPMENT,71041,FAMILY AND CHILDREN,20542400,STATE WIDE,07100123010300,Gender - General
Purchase of Medical Equipment to Support Women in Maternal Neo-Natal Healthcare Delivery.,150000000.0,125000000.0,0.0,50000000.0,50000000.0,346,0.44598,0.46446,051400100100,MINISTRY OF WOMEN AFFAIRS AND CHILD DEV.,23020106,CONSTRUCTION / PROVISION OF HOSPITALS / HEALTH CENTRES,71041,FAMILY AND CHILDREN,20542400,STATE WIDE,07100123010400,Gender - General
Purchase and Supply Water Drums and Sanitation Equipment to Support Women in ehancing Sanitation and Hygiene in Homes.,320000000.0,150000000.0,0.0,200000000.0,0.0,346,0.4569,0.47537,051400100100,MINISTRY OF WOMEN AFFAIRS AND CHILD DEV.,23010146,PURCHASE OF WATER FACILITIES /EQUIPMENTS,71041,FAMILY AND CHILDREN,20542400,STATE WIDE,07100123010500,Gender - General
Provision of Assorted Books and Learning Materials for Girl Child Education,255000000.0,320000000.0,0.0,50000000.0,0.0,346,0.46782,0.48629,051400100100,MINISTRY OF WOMEN AFFAIRS AND CHILD DEV.,23010124,PURCHASE OF TEACHING / LEARNING AID EQUIPMENT,71041,FAMILY AND CHILDREN,20542400,STATE WIDE,07100123010600,Gender - General
"Repairs and Renovation of the Social Welfare Office at Jama'are,",35000000.0,255000000.0,0.0,40000000.0,0.0,346,0.47789,0.49637,051400100100,MINISTRY OF WOMEN AFFAIRS AND CHILD DEV.,23030121,REHABILITATION / REPAIRS OF OFFICE BUILDINGS,71041,FAMILY AND CHILDREN,20521100,JAMA'ARE,07100123010700,Gender - General
Repairs and Renovation of the Social Welfare Office Building at Dass,35000000.0,35000000.0,0.0,40000000.0,0.0,346,0.48881,0.50729,051400100100,MINISTRY OF WOMEN AFFAIRS AND CHILD DEV.,23030121,REHABILITATION / REPAIRS OF OFFICE BUILDINGS,71041,FAMILY AND CHILDREN,20530600,DASS,07100123010800,Gender - General
Repairs and Renovation of the Social Welfare Office Building at Darazo,35000000.0,35000000.0,0.0,40000000.0,0.0,346,0.49973,0.51821,051400100100,MINISTRY OF WOMEN AFFAIRS AND CHILD DEV.,23030121,REHABILITATION / REPAIRS OF OFFICE BUILDINGS,71041,FAMILY AND CHILDREN,20510500,DARAZO,07100123010900,Gender - General
Purchase of Application Software for Programmes on Gender-Based Violence documentation.,10000000.0,35000000.0,0.0,15000000.0,0.0,346,0.51065,0.52913,051400100100,MINISTRY OF WOMEN AFFAIRS AND CHILD DEV.,23050102,COMPUTER SOFTWARE ACQUISITION,71041,FAMILY AND CHILDREN,20542400,STATE WIDE,07100123011000,Gender - General
"Purchase and Supply of Skills Acquisition Equipment (Cloth Weaving Machines, Tailoring Machines, Hair",500000000.0,500000000.0,0.0,1000000000.0,0.0,346,0.52073,0.53921,051400100100,MINISTRY OF WOMEN AFFAIRS AND CHILD DEV.,23010129,PURCHASE OF INDUSTRIAL EQUIPMENT 71041 - FAMILY AND CHILDREN,,"Dressing Machines, etc.) for Women Empowerment in the State.",20542400,STATE WIDE,07100123011100,Gender - General
Purchase of 50 Units Office Tables & Chairs/ Fittings,130000000.0,140000000.0,0.0,25000000.0,0.0,346,0.53165,0.55012,051400100100,MINISTRY OF WOMEN AFFAIRS AND CHILD DEV.,23010112,PURCHASE OF OFFICE FURNITURE AND FITTINGS,71041,FAMILY AND CHILDREN,20530200,BAUCHI,07100123011200,Gender - General
Purchase of land for costruction of OVC facilities,15000000.0,15000000.0,0.0,65000000.0,0.0,346,0.5854,0.60388,051400200100,AGENCY FOR ORPHANS AND VULNERABLE CHILDREN (BASOVCA),23010101,PURCHASE / ACQUISITION OF LAND,71041,FAMILY AND CHILDREN,20542400,STATE WIDE,07100123004400,Gender - General
Purch. of 6no. Motor Cycles to OVC Bauchi,3000000.0,3000000.0,0.0,8000000.0,0.0,346,0.59548,0.61396,051400200100,AGENCY FOR ORPHANS AND VULNERABLE CHILDREN (BASOVCA),23010104,PURCHASE MOTOR CYCLES,71041,FAMILY AND CHILDREN,20530200,BAUCHI,07100123004500,Gender - General
Purchase of Motor 15 seater Bus,25000000.0,25000000.0,0.0,55000000.0,0.0,346,0.6064,0.62487,051400200100,AGENCY FOR ORPHANS AND VULNERABLE CHILDREN (BASOVCA),23010108,PURCHASE OF BUSES,71041,FAMILY AND CHILDREN,20530200,BAUCHI,07100123004600,Gender - General
Purchase of 60 Units Executives Table and chairs offices at the hqtrs,15000000.0,15000000.0,0.0,20000000.0,0.0,346,0.61732,0.63579,051400200100,AGENCY FOR ORPHANS AND VULNERABLE CHILDREN (BASOVCA),23010112,PURCHASE OF OFFICE FURNITURE AND FITTINGS,71041,FAMILY AND CHILDREN,20530200,BAUCHI,07100123004700,Gender - General
Purchase of 30no. Desktop Computers for ICT vocational center,20000000.0,20000000.0,0.0,20000000.0,0.0,346,0.62823,0.64671,051400200100,AGENCY FOR ORPHANS AND VULNERABLE CHILDREN (BASOVCA),23010113,PURCHASE OF COMPUTERS,71041,FAMILY AND CHILDREN,20530200,BAUCHI,07100123004800,Gender - General
Purchse of 20 (units) of Computes Printers to OVC headquters.,10000000.0,10000000.0,0.0,10000000.0,0.0,346,0.63831,0.65679,051400200100,AGENCY FOR ORPHANS AND VULNERABLE CHILDREN (BASOVCA),23010114,PURCHASE OF COMPUTER PRINTERS,71041,FAMILY AND CHILDREN,20530200,BAUCHI,07100123004900,Gender - General
Purchase and Provision of 30 Nos. of Fire Extinguishers and 25 Nos. of Fire Alarm Equipment.,20000000.0,20000000.0,0.0,20000000.0,0.0,346,0.64923,0.66771,051400200100,AGENCY FOR ORPHANS AND VULNERABLE CHILDREN (BASOVCA),23010123,PURCHASE OF FIRE FIGHTING EQUIPMENT,71041,FAMILY AND CHILDREN,20530200,BAUCHI,07100123005000,Gender - General
Purchase of assorted text Books and writing material to all OVC schools.,10000000.0,10000000.0,0.0,10000000.0,0.0,346,0.66015,0.67863,051400200100,AGENCY FOR ORPHANS AND VULNERABLE CHILDREN (BASOVCA),23010124,PURCHASE OF TEACHING / LEARNING AID EQUIPMENT,71041,FAMILY AND CHILDREN,20542400,STATE WIDE,07100123005100,Gender - General
"Purchase of Sport Wears, and Kits for Students, and Field Events Sporting Equipment to OVC schools",10000000.0,10000000.0,0.0,14000000.0,0.0,346,0.67023,0.68871,051400200100,AGENCY FOR ORPHANS AND VULNERABLE CHILDREN (BASOVCA),23010126,PURCHASE OF SPORTING / GAMING EQUIPMENT,71041,FAMILY AND CHILDREN,20542400,STATE WIDE,07100123005200,Gender - General
Purchase of Instructional Materials for use by Students and Teachers in OVC Schools of the State.,15000000.0,15000000.0,0.0,15000000.0,0.0,346,0.68115,0.69962,051400200100,AGENCY FOR ORPHANS AND VULNERABLE CHILDREN (BASOVCA),23010124,PURCHASE OF TEACHING / LEARNING AID EQUIPMENT,71041,FAMILY AND CHILDREN,20542400,STATE WIDE,07100123005300,Gender - General
"Purchase of CCTV Cameras, Security Detectors, and Alarm System at OVC Hqtrs, Bauchi",3000000.0,3000000.0,0.0,5000000.0,0.0,346,0.69206,0.71054,051400200100,AGENCY FOR ORPHANS AND VULNERABLE CHILDREN (BASOVCA),23010128,PURCHASE OF SECURITY EQUIPMENT,71041,FAMILY AND CHILDREN,20530200,BAUCHI,07100123005400,Gender - General
Purchase of Skill Acquisition Machines and Equipment for OVC Skill Acquisition Centres/Caregivers in the,25000000.0,25000000.0,0.0,30000000.0,0.0,346,0.70298,0.72146,051400200100,AGENCY FOR ORPHANS AND VULNERABLE CHILDREN (BASOVCA),23010129,PURCHASE OF INDUSTRIAL EQUIPMENT 71041 - FAMILY AND CHILDREN,,State.,20542400,STATE WIDE,07100123005500,Gender - General
Purchase of Bedding Materials and Clothing for OVC Schools in the State.,15000000.0,15000000.0,0.0,15000000.0,0.0,346,0.71306,0.73154,051400200100,AGENCY FOR ORPHANS AND VULNERABLE CHILDREN (BASOVCA),23010143,PURCHASE OF BEDDINGS/CLOTHING MATERIALS,71041,FAMILY AND CHILDREN,20542400,STATE WIDE,07100123005600,Gender - General
Construction of ICT Infrastructure at OVC Hqrts and Schools in the State,20000000.0,20000000.0,0.0,20000000.0,0.0,346,0.72398,0.74246,051400200100,AGENCY FOR ORPHANS AND VULNERABLE CHILDREN (BASOVCA),23020127,CONSTRUCTION OF ICT INFRASTRUCTURES,71041,FAMILY AND CHILDREN,20542400,STATE WIDE,07100123005700,Gender - General
Construction of Staff Quarters in OVC Schools in the State.,10000000.0,10000000.0,3248000.0,13000000.0,0.0,346,0.7349,0.75338,051400200100,AGENCY FOR ORPHANS AND VULNERABLE CHILDREN (BASOVCA),23020102,CONSTRUCTION / PROVISION OF RESIDENTIAL BUILDINGS,71041,FAMILY AND CHILDREN,20542400,STATE WIDE,07100123005800,Gender - General
Purchase and Supply of Beddings and Clothing for OVC Students through the Saudi Fund for Development,100000000.0,100000000.0,0.0,100000000.0,0.0,346,0.74498,0.76345,051400200100,AGENCY FOR ORPHANS AND VULNERABLE CHILDREN (BASOVCA),23010143,PURCHASE OF BEDDINGS/CLOTHING MATERIALS,71041,FAMILY AND CHILDREN,20542400,STATE WIDE,07100123005900,Gender - General
Purchase of computer application software for the computerization of OVC activities.,10000000.0,10000000.0,0.0,10000000.0,0.0,346,0.7559,0.77437,051400200100,AGENCY FOR ORPHANS AND VULNERABLE CHILDREN (BASOVCA),23050102,COMPUTER SOFTWARE ACQUISITION,71041,FAMILY AND CHILDREN,20542400,STATE WIDE,07100123006000,Gender - General
Monitoring and Supervision of OVC Programmes and Projects in the State,10000000.0,10000000.0,0.0,20000000.0,0.0,346,0.76681,0.78529,051400200100,AGENCY FOR ORPHANS AND VULNERABLE CHILDREN (BASOVCA),23050103,MONITORING AND EVALUATION,71041,FAMILY AND CHILDREN,20542400,STATE WIDE,07100123006100,Gender - General
Purchase and Supply of Instructional Materials for the facilitation of Teaching and Learning through the Integrated Child Health and Social Services (USAID Project),20000000.0,20000000.0,0.0,0.0,0.0,346,0.77773,0.79621,051400200100,AGENCY FOR ORPHANS AND VULNERABLE CHILDREN (BASOVCA),23010124,PURCHASE OF TEACHING / LEARNING AID EQUIPMENT,71041,FAMILY AND CHILDREN,20542400,STATE WIDE,07100123006200,Gender - General
Purchase of 4500 Nos. of Chairs and 4500 Tables for Students in State Government Schools of the State.,1000000000.0,300000000.0,216913600.0,2300000000.0,0.0,346,0.83065,0.84912,051700100100,MINISTRY OF EDUCATION,23010112,PURCHASE OF OFFICE FURNITURE AND FITTINGS,70922,UPPER-SECONDARY EDUCATION,20542400,STATE WIDE,05050223000200,Furnishing
Purchase of 1500 Units of OfficeTables & Chairs for School Teachers in the State,750000000.0,510000000.0,500600115.0,125000000.0,0.0,346,0.84156,0.86004,051700100100,MINISTRY OF EDUCATION,23010112,PURCHASE OF OFFICE FURNITURE AND FITTINGS,70922,UPPER-SECONDARY EDUCATION,20542400,STATE WIDE,05050223000300,Furnishing
Provision of Instructional materials for Secondary Schools in the State,500000000.0,500000000.0,400511600.0,125000000.0,0.0,346,0.85248,0.87096,051700100100,MINISTRY OF EDUCATION,23010124,PURCHASE OF TEACHING / LEARNING AID EQUIPMENT,70922,UPPER-SECONDARY EDUCATION,20542400,STATE WIDE,05040223000400,Instructional and learning materials
Purchase of 4 Nos. of Mobile Multipurpose Laboratory Vehicles for Secondary Schools,350000000.0,10000000.0,0.0,100000000.0,0.0,346,0.86256,0.88104,051700100100,MINISTRY OF EDUCATION,23010124,PURCHASE OF TEACHING / LEARNING AID EQUIPMENT,70922,UPPER-SECONDARY EDUCATION,20542400,STATE WIDE,05050323000500,Libraries and laboratories
Purchase of Gymnasium and Sporting Kits for recreational activities at theHeadquarters Bauchi,5000000.0,5000000.0,0.0,5000000.0,0.0,346,0.87348,0.89196,051700100100,MINISTRY OF EDUCATION,23010130,PURCHASE OF RECREATIONAL FACILITIES,70922,UPPER-SECONDARY EDUCATION,20530200,BAUCHI,05100123000600,Education Not Elsewhere Classified
Provision of Solar Power Street Lights in 10 nos. Boarding Schools,0.0,0.0,0.0,50000000.0,0.0,346,0.8844,0.90288,051700100100,MINISTRY OF EDUCATION,23020103,CONSTRUCTION / PROVISION OF ELECTRICITY,70922,UPPER-SECONDARY EDUCATION,20542400,STATE WIDE,05050125000100,Schools’ infrastructure construction and rehabilitation
Construction / Provision of Water Facilities in secondary schools under AGILE Project,100000000.0,10000000.0,0.0,90000000.0,0.0,346,0.89532,0.91379,051700100100,MINISTRY OF EDUCATION,23020105,CONSTRUCTION / PROVISION OF WATER FACILITIES,70922,UPPER-SECONDARY EDUCATION,20542400,STATE WIDE,05050423000800,"Water, sanitation and hygiene"
Construction of 8 nos. of Classrooms Block at New GSS Bauchi,20000000.0,20000000.0,0.0,30000000.0,0.0,347,0.09323,0.1117,051700100100,MINISTRY OF EDUCATION,23020107,CONSTRUCTION / PROVISION OF PUBLIC SCHOOLS,70922,UPPER-SECONDARY EDUCATION,20530200,BAUCHI,05050123000900,Schools’ infrastructure construction and rehabilitation
Construction of 6 nos of Classrooms Blocks at GDSS Ganye,0.0,0.0,0.0,150000000.0,0.0,347,0.10415,0.12262,051700100100,MINISTRY OF EDUCATION,23020107,CONSTRUCTION / PROVISION OF PUBLIC SCHOOLS,70922,UPPER-SECONDARY EDUCATION,20542400,STATE WIDE,05050125000100,Schools’ infrastructure construction and rehabilitation
AGILE Projects (Constructions of 42 Schools in the State),2000000000.0,1000000000.0,1789450133.0,5091324800.0,0.0,347,0.11506,0.13354,051700100100,MINISTRY OF EDUCATION,23020107,CONSTRUCTION / PROVISION OF PUBLIC SCHOOLS,70922,UPPER-SECONDARY EDUCATION,20542400,STATE WIDE,05050123002200,Schools’ infrastructure construction and rehabilitation
Purchase of Instructional Materials for the improvement of teaching and learning in secondary schools (UNICEF),90000000.0,90000000.0,0.0,200000000.0,0.0,347,0.12598,0.14446,051700100100,MINISTRY OF EDUCATION,23010124,PURCHASE OF TEACHING / LEARNING AID EQUIPMENT,70922,UPPER-SECONDARY EDUCATION,20542400,STATE WIDE,05050123002300,Schools’ infrastructure construction and rehabilitation
Purchase of 20 Nos. of Computers for the Mass Computer Literacy Program,10000000.0,10000000.0,0.0,100000.0,0.0,347,0.13606,0.15454,051700100100,MINISTRY OF EDUCATION,23010113,PURCHASE OF COMPUTERS,70922,UPPER-SECONDARY EDUCATION,20542400,STATE WIDE,05050123002400,Schools’ infrastructure construction and rehabilitation
Purchase of Computers for the Mass Computer Literacy Project.,5000000.0,5000000.0,0.0,0.0,0.0,347,0.14698,0.16546,051700100100,MINISTRY OF EDUCATION,23010113,PURCHASE OF COMPUTERS,70922,UPPER-SECONDARY EDUCATION,20542400,STATE WIDE,05060123002500,"ICT equipment, software and expertise"
AGILE Project Purchase of Computer Application Software for Education Management Information System (EMIS),50000000.0,50000000.0,0.0,50000000.0,0.0,347,0.1579,0.17638,051700100100,MINISTRY OF EDUCATION,23050102,COMPUTER SOFTWARE ACQUISITION,70922,UPPER-SECONDARY EDUCATION,20530200,BAUCHI,05060123002600,"ICT equipment, software and expertise"
Rehabilitation of 40 nos of Blown-Off Secondary Schools Across the State.,1500000000.0,1500000000.0,2141421314.4,50000000.0,0.0,347,0.16798,0.18645,051700100100,MINISTRY OF EDUCATION,23030106,REHABILITATION / REPAIRS - PUBLIC SCHOOLS,70922,UPPER-SECONDARY EDUCATION,20542400,STATE WIDE,05050123002700,Schools’ infrastructure construction and rehabilitation
"Renovation of 10 nos. of Classrooms, the Administration Block and 2 nos. of Hostels at GHUKUC Bauchi",0.0,0.0,0.0,100000000.0,0.0,347,0.1789,0.19737,051700100100,MINISTRY OF EDUCATION,23030106,REHABILITATION / REPAIRS - PUBLIC SCHOOLS,70922,UPPER-SECONDARY EDUCATION,20530200,BAUCHI,05050124000500,Schools’ infrastructure construction and rehabilitation
Rehabilitation of Staff Quarters Across the State.,500000000.0,100000000.0,0.0,0.0,0.0,347,0.18981,0.20829,051700100100,MINISTRY OF EDUCATION,23030101,REHABILITATION / REPAIRS OF RESIDENTIAL BUILDING,70922,UPPER-SECONDARY EDUCATION,20542400,STATE WIDE,05050123003800,Schools’ infrastructure construction and rehabilitation
AGILE Project (Rehabilitations of 1003 Schools in the State),2000000000.0,100000000.0,0.0,2292000000.0,0.0,347,0.20073,0.21921,051700100100,MINISTRY OF EDUCATION,23030106,REHABILITATION / REPAIRS - PUBLIC SCHOOLS,70922,UPPER-SECONDARY EDUCATION,20542400,STATE WIDE,05050123003900,Schools’ infrastructure construction and rehabilitation
"Monitoring, Supervision and Evalution of Secondary Schools Projects under Construction and Renovations Across the State",200000000.0,100000000.0,6083900.0,100000000.0,0.0,347,0.21081,0.22929,051700100100,MINISTRY OF EDUCATION,23050103,MONITORING AND EVALUATION,70922,UPPER-SECONDARY EDUCATION,20542400,STATE WIDE,05040123004000,All levels of education quality assurance
Support in Provision of Infrastructure for the LEARN PROJECT,192192000.0,100000000.0,0.0,0.0,0.0,347,0.22173,0.24021,051700100100,MINISTRY OF EDUCATION,23020118,CONSTRUCTION / PROVISION OF INFRASTRUCTURE,70922,UPPER-SECONDARY EDUCATION,20542400,STATE WIDE,05050123004100,Schools’ infrastructure construction and rehabilitation
Safe School Project (Renovations and Repairs of Schools Across the State),250000000.0,100000000.0,0.0,250000000.0,0.0,347,0.23265,0.25113,051700100100,MINISTRY OF EDUCATION,23030106,REHABILITATION / REPAIRS - PUBLIC SCHOOLS,70922,UPPER-SECONDARY EDUCATION,20542400,STATE WIDE,05050123004200,Schools’ infrastructure construction and rehabilitation
Safe School Project (Constructions of School Fences for Secondary Schools Across the State),250000000.0,100000000.0,0.0,250000000.0,0.0,347,0.24273,0.2612,051700100100,MINISTRY OF EDUCATION,23030106,REHABILITATION / REPAIRS - PUBLIC SCHOOLS,70922,UPPER-SECONDARY EDUCATION,20542400,STATE WIDE,05050123004300,Schools’ infrastructure construction and rehabilitation
Safe School Project State Countapart Funding for the Renovations and Repairs of Schools Across the State,100000000.0,100000000.0,0.0,150000000.0,0.0,347,0.25365,0.27212,051700100100,MINISTRY OF EDUCATION,23030106,REHABILITATION / REPAIRS - PUBLIC SCHOOLS,70922,UPPER-SECONDARY EDUCATION,20542400,STATE WIDE,05050123004400,Schools’ infrastructure construction and rehabilitation
Constructions of Schools Across the State,2000000000.0,2000000000.0,1560000000.0,100000000.0,0.0,347,0.26456,0.28304,051700100100,MINISTRY OF EDUCATION,23020107,CONSTRUCTION / PROVISION OF PUBLIC SCHOOLS,70922,UPPER-SECONDARY EDUCATION,20542400,STATE WIDE,05050123004500,Schools’ infrastructure construction and rehabilitation
AGILE Project Purchase of Classrooms Furnitures in Schools Across the State under,500000000.0,100000000.0,73298600.0,2045558000.0,0.0,347,0.27548,0.29396,051700100100,MINISTRY OF EDUCATION,23010112,PURCHASE OF OFFICE FURNITURE AND FITTINGS,70922,UPPER-SECONDARY EDUCATION,20542400,STATE WIDE,05050223004600,Furnishing
AGILE Project Provision of Instructional materials for Secondary Schools Across the State under,250000000.0,50000000.0,0.0,100400000.0,0.0,347,0.28556,0.30404,051700100100,MINISTRY OF EDUCATION,23010124,PURCHASE OF TEACHING / LEARNING AID EQUIPMENT,70922,UPPER-SECONDARY EDUCATION,20542400,STATE WIDE,05040223004700,Instructional and learning materials
Construction/Provision of School Clinic and Drugs for Secondary Schools Across the State.,250000000.0,50000000.0,0.0,100000000.0,0.0,347,0.29648,0.31496,051700100100,MINISTRY OF EDUCATION,23010124,PURCHASE OF TEACHING / LEARNING AID EQUIPMENT,70922,UPPER-SECONDARY EDUCATION,20542400,STATE WIDE,05020423004800,School-based health
Provision of Disability Inclusive Education Strategy in schools through the Provision of Schools Infrastructures (UNICEF),150000000.0,50000000.0,0.0,40000000.0,0.0,347,0.3074,0.32588,051700100100,MINISTRY OF EDUCATION,23020106,CONSTRUCTION / PROVISION OF HOSPITALS / HEALTH CENTRES,70922,UPPER-SECONDARY EDUCATION,20542400,STATE WIDE,05030123004900,Inclusive Education
"AGILE Project, Monitoring, Supervision and Evalution of Secondary Schools Projects under Construction and Renovations Across the State",150000000.0,150000000.0,129572719.97,20000000.0,0.0,347,0.31832,0.33679,051700100100,MINISTRY OF EDUCATION,23050103,MONITORING AND EVALUATION,70922,UPPER-SECONDARY EDUCATION,20542400,STATE WIDE,05040123005000,All levels of education quality assurance
Conduct of the SEA and ICA-CDP Implementation,50000000.0,50000000.0,0.0,50000000.0,0.0,347,0.32839,0.34687,051700100100,MINISTRY OF EDUCATION,23050101,RESEARCH AND DEVELOPMENT,70922,UPPER-SECONDARY EDUCATION,20542400,STATE WIDE,05060323005100,Data and data management
Accelerated Secondary Schools Education Project ASSEP (Renovations and Repairs of 6 Piloting Schools),65000000.0,65000000.0,0.0,65000000.0,0.0,347,0.33931,0.35779,051700100100,MINISTRY OF EDUCATION,23030106,REHABILITATION / REPAIRS - PUBLIC SCHOOLS,70922,UPPER-SECONDARY EDUCATION,20542400,STATE WIDE,05050123005200,Schools’ infrastructure construction and rehabilitation
Global Partnership on Education - GPE (Renovations and Repairs of Schools Across the State),600000000.0,100000000.0,0.0,300000000.0,0.0,347,0.35023,0.36871,051700100100,MINISTRY OF EDUCATION,23030106,REHABILITATION / REPAIRS - PUBLIC SCHOOLS,70922,UPPER-SECONDARY EDUCATION,20542400,STATE WIDE,05050123005300,Schools’ infrastructure construction and rehabilitation
Construction of New Science Laboratories in Secondary Schools Across the State through the ASSEP Project,35000000.0,35000000.0,0.0,40000000.0,0.0,347,0.36031,0.37879,051700100100,MINISTRY OF EDUCATION,23020107,CONSTRUCTION / PROVISION OF PUBLIC SCHOOLS,70922,UPPER-SECONDARY EDUCATION,20542400,STATE WIDE,05050323005400,Libraries and laboratories
Rehabilitation of Existing Science Laoratories in Secondary Schools Across the State through the ASSEP Project,30000000.0,30000000.0,0.0,20000000.0,0.0,347,0.37123,0.38971,051700100100,MINISTRY OF EDUCATION,23030106,REHABILITATION / REPAIRS - PUBLIC SCHOOLS,70922,UPPER-SECONDARY EDUCATION,20542400,STATE WIDE,05050323005500,Libraries and laboratories
Construction of Schools Across the State throug the Global Project on Education (GPE),600000000.0,100000000.0,0.0,1000000000.0,0.0,347,0.38215,0.40062,051700100100,MINISTRY OF EDUCATION,23020107,CONSTRUCTION / PROVISION OF PUBLIC SCHOOLS,70922,UPPER-SECONDARY EDUCATION,20542400,STATE WIDE,05050125001200,Schools’ infrastructure construction and rehabilitation
Establishment of School Garden in Secondary Schools,0.0,0.0,0.0,200000000.0,200000000.0,347,0.39307,0.41154,051700100100,MINISTRY OF EDUCATION,23020113,CONSTRUCTION / PROVISION OF AGRICULTURAL FACILITIES,70922,UPPER-SECONDARY EDUCATION,20542400,STATE WIDE,05050125001200,Schools’ infrastructure construction and rehabilitation
Fencing of 7 Senior Boarding Secondary Schools in the State,0.0,0.0,0.0,1900000000.0,0.0,347,0.40314,0.42162,051700100100,MINISTRY OF EDUCATION,23020118,CONSTRUCTION / PROVISION OF INFRASTRUCTURE,70922,UPPER-SECONDARY EDUCATION,20542400,STATE WIDE,05050125001200,Schools’ infrastructure construction and rehabilitation
Rehabilitation of School Fence in 21 Senior Boarding Schools in the State,0.0,0.0,0.0,1785000000.0,0.0,347,0.41406,0.43254,051700100100,MINISTRY OF EDUCATION,23030106,REHABILITATION / REPAIRS - PUBLIC SCHOOLS,70922,UPPER-SECONDARY EDUCATION,20542400,STATE WIDE,05050125001200,Schools’ infrastructure construction and rehabilitation
AGILE Project Purchase of IEC Materials for Students and Teachers in the State,0.0,0.0,0.0,11610000.0,0.0,347,0.42498,0.44346,051700100100,MINISTRY OF EDUCATION,23010154,"PURCHASE OF INFORMATION, EDUCATION AND COMMUNICATION MATERIALS",70922,UPPER-SECONDARY EDUCATION,20542400,STATE WIDE,05050125001200,Schools’ infrastructure construction and rehabilitation
AGILE Project Purchase of 2500 Computers for Digital Literacy,0.0,0.0,0.0,1294800000.0,0.0,347,0.43506,0.45354,051700100100,MINISTRY OF EDUCATION,23010113,PURCHASE OF COMPUTERS,70922,UPPER-SECONDARY EDUCATION,20542400,STATE WIDE,05050125001200,Schools’ infrastructure construction and rehabilitation
AGILE Project Provision of Solar Power Electricity in 100 Secondary Schools,0.0,0.0,0.0,500000000.0,0.0,347,0.44598,0.46446,051700100100,MINISTRY OF EDUCATION,23020103,CONSTRUCTION / PROVISION OF ELECTRICITY,70922,UPPER-SECONDARY EDUCATION,20542400,STATE WIDE,05050125001200,Schools’ infrastructure construction and rehabilitation
AGILE Project Purchase of Monitoring and Tracking Devices,0.0,0.0,0.0,345933000.0,0.0,347,0.4569,0.47537,051700100100,MINISTRY OF EDUCATION,23010128,PURCHASE OF SECURITY EQUIPMENT,70922,UPPER-SECONDARY EDUCATION,20542400,STATE WIDE,05050125001200,Schools’ infrastructure construction and rehabilitation
AGILE Project Provision of Personal Protective Equipment (PPE),0.0,0.0,0.0,2720000.0,0.0,347,0.46782,0.48629,051700100100,MINISTRY OF EDUCATION,23010122,PURCHASE OF HEALTH / MEDICAL EQUIPMENT,70922,UPPER-SECONDARY EDUCATION,20542400,STATE WIDE,05050125001200,Schools’ infrastructure construction and rehabilitation
"AGILE Project Provision of GRM Materials, GBV/SEA Materials",0.0,0.0,0.0,43500000.0,0.0,347,0.47789,0.49637,051700100100,MINISTRY OF EDUCATION,23010154,"PURCHASE OF INFORMATION, EDUCATION AND COMMUNICATION MATERIALS",70922,UPPER-SECONDARY EDUCATION,20542400,STATE WIDE,05050125001200,Schools’ infrastructure construction and rehabilitation
AGILE Project Purchase of 500 Units of Tablets for Synchronizing Data for Monitoring in Secondary Schools,0.0,0.0,0.0,142500000.0,0.0,347,0.48881,0.50729,051700100100,MINISTRY OF EDUCATION,23010113,PURCHASE OF COMPUTERS,70922,UPPER-SECONDARY EDUCATION,20542400,STATE WIDE,05050125001200,Schools’ infrastructure construction and rehabilitation
purchase of 11 Nos. of computer printers for staff of SUBEB,7000000.0,50000000.0,0.0,0.0,0.0,347,0.54257,0.56104,051700200100,STATE UNIVERSAL BASIC EDUCATION,23010114,PURCHASE OF COMPUTER PRINTERS,70912,PRIMARY EDUCATION,20530200,BAUCHI,05010323005700,Education sector coordination mechanisms
purchase of 4 Nos. of Desktop Computers & Accessories,4000000.0,7000000.0,0.0,0.0,0.0,347,0.55264,0.57112,051700200100,STATE UNIVERSAL BASIC EDUCATION,23010113,PURCHASE OF COMPUTERS,70912,PRIMARY EDUCATION,20530200,BAUCHI,05060123005800,"ICT equipment, software and expertise"
Purchase of Hostel Mattresses and Beddings for Students.,20000000.0,4000000.0,0.0,60000000.0,0.0,347,0.56356,0.58204,051700200100,STATE UNIVERSAL BASIC EDUCATION,23010143,PURCHASE OF BEDDINGS/CLOTHING MATERIALS,70912,PRIMARY EDUCATION,20542400,STATE WIDE,05060123005900,"ICT equipment, software and expertise"
purchase of 40 Nos. of Split Airconditioners (panasonic) with accessories for State SUBEB Office,20000000.0,20000000.0,62375000.0,60000000.0,0.0,347,0.57448,0.59296,051700200100,STATE UNIVERSAL BASIC EDUCATION,23010112,PURCHASE OF OFFICE FURNITURE AND FITTINGS,70912,PRIMARY EDUCATION,20542400,STATE WIDE,05100123006000,Education Not Elsewhere Classified
Purchase of Classroom Furniture for Primary Schools Alkaleri LGA through the UBEC Fund,25000000.0,55000000.0,70000000.0,50000000.0,0.0,347,0.5854,0.60388,051700200100,STATE UNIVERSAL BASIC EDUCATION,23010124,PURCHASE OF TEACHING / LEARNING AID EQUIPMENT,70912,PRIMARY EDUCATION,20530100,ALKALERI,05100123006100,Education Not Elsewhere Classified
Purchase of Classroom Furniture for Primary Schools Bauchi LGA through the UBEC Fund,25000000.0,65000000.0,194380000.0,50000000.0,0.0,347,0.59548,0.61396,051700200100,STATE UNIVERSAL BASIC EDUCATION,23010124,PURCHASE OF TEACHING / LEARNING AID EQUIPMENT,70912,PRIMARY EDUCATION,20530200,BAUCHI,05050223006200,Furnishing
Purchase of Classroom Furniture for Primary Schools Bogoro LGA through the UBEC Fund,25000000.0,150000000.0,61040000.0,50000000.0,0.0,347,0.6064,0.62487,051700200100,STATE UNIVERSAL BASIC EDUCATION,23010124,PURCHASE OF TEACHING / LEARNING AID EQUIPMENT,70912,PRIMARY EDUCATION,20530300,BOGORO,05050223006300,Furnishing
Purchase of Classroom Furniture for Primary Schools Dass LGA through the UBEC Fund,25000000.0,50000000.0,20000000.0,50000000.0,0.0,347,0.61732,0.63579,051700200100,STATE UNIVERSAL BASIC EDUCATION,23010124,PURCHASE OF TEACHING / LEARNING AID EQUIPMENT,70912,PRIMARY EDUCATION,20530600,DASS,05050223006400,Furnishing
Purchase of Classroom Furniture for Primary Schools Kirfi LGA through the UBEC Fund,25000000.0,20000000.0,20000000.0,50000000.0,0.0,347,0.62823,0.64671,051700200100,STATE UNIVERSAL BASIC EDUCATION,23010124,PURCHASE OF TEACHING / LEARNING AID EQUIPMENT,70912,PRIMARY EDUCATION,20531300,KIRFI,05050223006500,Furnishing
Purchase of Classroom Furniture for Primary Schools Tafawa Balewa LGA through the UBEC Fund,25000000.0,20000000.0,20000000.0,50000000.0,0.0,347,0.63831,0.65679,051700200100,STATE UNIVERSAL BASIC EDUCATION,23010124,PURCHASE OF TEACHING / LEARNING AID EQUIPMENT,70912,PRIMARY EDUCATION,20531700,T/BALEWA,05050223006600,Furnishing
Purchase of Classroom Furniture for Primary Schools Toro LGA through the UBEC Fund,25000000.0,20000000.0,20000000.0,50000000.0,0.0,347,0.64923,0.66771,051700200100,STATE UNIVERSAL BASIC EDUCATION,23010124,PURCHASE OF TEACHING / LEARNING AID EQUIPMENT,70912,PRIMARY EDUCATION,20531800,TORO,05050223006700,Furnishing
Purchase of Classroom Furniture for Primary Schools Dambam LGA through the UBEC Fund,25000000.0,20000000.0,20000000.0,50000000.0,0.0,347,0.66015,0.67863,051700200100,STATE UNIVERSAL BASIC EDUCATION,23010124,PURCHASE OF TEACHING / LEARNING AID EQUIPMENT,70912,PRIMARY EDUCATION,20510400,DAMBAM,05050223006800,Furnishing
Purchase of Classroom Furniture for Primary Schools Darazo LGA through the UBEC Fund,25000000.0,20000000.0,20000000.0,50000000.0,0.0,347,0.67023,0.68871,051700200100,STATE UNIVERSAL BASIC EDUCATION,23010124,PURCHASE OF TEACHING / LEARNING AID EQUIPMENT,70912,PRIMARY EDUCATION,20510500,DARAZO,05050223006900,Furnishing
Purchase of Classroom Furniture for Primary Schools Ganjuwa LGA through the UBEC Fund,25000000.0,20000000.0,20000000.0,50000000.0,0.0,347,0.68115,0.69962,051700200100,STATE UNIVERSAL BASIC EDUCATION,23010124,PURCHASE OF TEACHING / LEARNING AID EQUIPMENT,70912,PRIMARY EDUCATION,20510800,GANJUWA,05050223007000,Furnishing
Purchase of Classroom Furniture for Primary Schools Misau LGA through the UBEC Fund,25000000.0,20000000.0,20000000.0,50000000.0,0.0,347,0.69206,0.71054,051700200100,STATE UNIVERSAL BASIC EDUCATION,23010124,PURCHASE OF TEACHING / LEARNING AID EQUIPMENT,70912,PRIMARY EDUCATION,20511400,MISAU,05050223007100,Furnishing
Purchase of Classroom Furniture for Primary Schools Ningi LGA through the UBEC Fund,25000000.0,20000000.0,20000000.0,50000000.0,0.0,347,0.70298,0.72146,051700200100,STATE UNIVERSAL BASIC EDUCATION,23010124,PURCHASE OF TEACHING / LEARNING AID EQUIPMENT,70912,PRIMARY EDUCATION,20511500,NINGI,05050223007200,Furnishing
Purchase of Classroom Furniture for Primary Schools Warji LGA through the UBEC Fund,25000000.0,20000000.0,20000000.0,50000000.0,0.0,347,0.71306,0.73154,051700200100,STATE UNIVERSAL BASIC EDUCATION,23010124,PURCHASE OF TEACHING / LEARNING AID EQUIPMENT,70912,PRIMARY EDUCATION,20511900,WARJI,05050223007300,Furnishing
Purchase of Classroom Furniture for Primary Schools Gamawa LGA through the UBEC Fund,25000000.0,20000000.0,20000000.0,50000000.0,0.0,347,0.72398,0.74246,051700200100,STATE UNIVERSAL BASIC EDUCATION,23010124,PURCHASE OF TEACHING / LEARNING AID EQUIPMENT,70912,PRIMARY EDUCATION,20520700,GAMAWA,05050223007400,Furnishing
Purchase of Classroom Furniture for Primary Schools Giade LGA through the UBEC Fund,25000000.0,20000000.0,20000000.0,50000000.0,0.0,347,0.7349,0.75338,051700200100,STATE UNIVERSAL BASIC EDUCATION,23010124,PURCHASE OF TEACHING / LEARNING AID EQUIPMENT,70912,PRIMARY EDUCATION,20520900,GIADE,05050223007500,Furnishing
Purchase of Classroom Furniture for Primary Schools Itas Gadau LGA through the UBEC Fund,25000000.0,20000000.0,20000000.0,50000000.0,0.0,347,0.74498,0.76345,051700200100,STATE UNIVERSAL BASIC EDUCATION,23010124,PURCHASE OF TEACHING / LEARNING AID EQUIPMENT,70912,PRIMARY EDUCATION,20521000,ITAS GADAU,05050223007600,Furnishing
Purchase of Classroom Furniture for Primary Schools Jama'are LGA through the UBEC Fund,25000000.0,20000000.0,20000000.0,50000000.0,0.0,347,0.7559,0.77437,051700200100,STATE UNIVERSAL BASIC EDUCATION,23010124,PURCHASE OF TEACHING / LEARNING AID EQUIPMENT,70912,PRIMARY EDUCATION,20521100,JAMA'ARE,05050223007700,Furnishing
Purchase of Classroom Furniture for Primary Schools Katagum LGA through the UBEC Fund,25000000.0,20000000.0,20000000.0,50000000.0,0.0,347,0.76681,0.78529,051700200100,STATE UNIVERSAL BASIC EDUCATION,23010124,PURCHASE OF TEACHING / LEARNING AID EQUIPMENT,70912,PRIMARY EDUCATION,20521200,KATAGUM,05050223007800,Furnishing
Purchase of Classroom Furniture for Primary Schools Shira LGA through the UBEC Fund,25000000.0,20000000.0,20000000.0,50000000.0,0.0,347,0.77773,0.79621,051700200100,STATE UNIVERSAL BASIC EDUCATION,23010124,PURCHASE OF TEACHING / LEARNING AID EQUIPMENT,70912,PRIMARY EDUCATION,20521600,SHIRA,05050223007900,Furnishing
Purchase of Classroom Furniture for Primary Schools Zaki LGA through the UBEC Fund,25000000.0,20000000.0,20000000.0,50000000.0,0.0,347,0.78781,0.80629,051700200100,STATE UNIVERSAL BASIC EDUCATION,23010124,PURCHASE OF TEACHING / LEARNING AID EQUIPMENT,70912,PRIMARY EDUCATION,20522000,ZAKI,05050223008000,Furnishing
Construction and Provision of Water Facilities at LGA Primary Schools in Alkaleri LGA.,43278555.07,20000000.0,0.0,60000000.0,0.0,347,0.79873,0.81721,051700200100,STATE UNIVERSAL BASIC EDUCATION,23020105,CONSTRUCTION / PROVISION OF WATER FACILITIES,70912,PRIMARY EDUCATION,20530100,ALKALERI,05050223008100,Furnishing
Construction and Provision of Water Facilities at LGA Primary Schools in Bauchi LGA.,40000000.0,43278555.07,0.0,60000000.0,0.0,347,0.80965,0.82813,051700200100,STATE UNIVERSAL BASIC EDUCATION,23020105,CONSTRUCTION / PROVISION OF WATER FACILITIES,70912,PRIMARY EDUCATION,20530200,BAUCHI,05050423008200,"Water, sanitation and hygiene"
Construction and Provision of Water Facilities at LGA Primary Schools in Bogoro LGA.,35000000.0,40000000.0,10000000.0,50000000.0,0.0,347,0.82057,0.83904,051700200100,STATE UNIVERSAL BASIC EDUCATION,23020105,CONSTRUCTION / PROVISION OF WATER FACILITIES,70912,PRIMARY EDUCATION,20530300,BOGORO,05050423008300,"Water, sanitation and hygiene"
Construction and Provision of Water Facilities at LGA Primary Schools in Dass LGA.,35000000.0,35000000.0,10000000.0,50000000.0,0.0,347,0.83065,0.84912,051700200100,STATE UNIVERSAL BASIC EDUCATION,23020105,CONSTRUCTION / PROVISION OF WATER FACILITIES,70912,PRIMARY EDUCATION,20530600,DASS,05050423008400,"Water, sanitation and hygiene"
Construction and Provision of Water Facilities at LGA Primary Schools in Kirfi LGA.,35000000.0,35000000.0,10000000.0,50000000.0,0.0,347,0.84156,0.86004,051700200100,STATE UNIVERSAL BASIC EDUCATION,23020105,CONSTRUCTION / PROVISION OF WATER FACILITIES,70912,PRIMARY EDUCATION,20531300,KIRFI,05050423008500,"Water, sanitation and hygiene"
Construction and Provision of Water Facilities at LGA Primary Schools in Tafawa Balewa LGA.,35000000.0,35000000.0,10000000.0,50000000.0,0.0,347,0.85248,0.87096,051700200100,STATE UNIVERSAL BASIC EDUCATION,23020105,CONSTRUCTION / PROVISION OF WATER FACILITIES,70912,PRIMARY EDUCATION,20531700,T/BALEWA,05050423008600,"Water, sanitation and hygiene"
Construction and Provision of Water Facilities at LGA Primary Schools in Toro LGA.,35000000.0,35000000.0,10000000.0,50000000.0,0.0,347,0.86256,0.88104,051700200100,STATE UNIVERSAL BASIC EDUCATION,23020105,CONSTRUCTION / PROVISION OF WATER FACILITIES,70912,PRIMARY EDUCATION,20531800,TORO,05050423008700,"Water, sanitation and hygiene"
Construction and Provision of Water Facilities at LGA Primary Schools in DambamLGA.,35000000.0,35000000.0,10000000.0,50000000.0,0.0,347,0.87348,0.89196,051700200100,STATE UNIVERSAL BASIC EDUCATION,23020105,CONSTRUCTION / PROVISION OF WATER FACILITIES,70912,PRIMARY EDUCATION,20510400,DAMBAM,05050423008800,"Water, sanitation and hygiene"
Construction and Provision of Water Facilities at LGA Primary Schools in Darazo LGA.,35000000.0,35000000.0,10000000.0,50000000.0,0.0,347,0.8844,0.90288,051700200100,STATE UNIVERSAL BASIC EDUCATION,23020105,CONSTRUCTION / PROVISION OF WATER FACILITIES,70912,PRIMARY EDUCATION,20510500,DARAZO,05050423008900,"Water, sanitation and hygiene"
Construction and Provision of Water Facilities at LGA Primary Schools in Ganjuwa LGA.,35000000.0,35000000.0,10000000.0,50000000.0,0.0,347,0.89532,0.91379,051700200100,STATE UNIVERSAL BASIC EDUCATION,23020105,CONSTRUCTION / PROVISION OF WATER FACILITIES,70912,PRIMARY EDUCATION,20510800,GANJUWA,05050423009000,"Water, sanitation and hygiene"
Construction and Provision of Water Facilities at LGA Primary Schools in Misau LGA.,35000000.0,35000000.0,10000000.0,50000000.0,0.0,348,0.09323,0.1117,051700200100,STATE UNIVERSAL BASIC EDUCATION,23020105,CONSTRUCTION / PROVISION OF WATER FACILITIES,70912,PRIMARY EDUCATION,20511400,MISAU,05050423009100,"Water, sanitation and hygiene"
Construction and Provision of Water Facilities at LGA Primary Schools in Ningi LGA.,35000000.0,35000000.0,10000000.0,50000000.0,0.0,348,0.10415,0.12262,051700200100,STATE UNIVERSAL BASIC EDUCATION,23020105,CONSTRUCTION / PROVISION OF WATER FACILITIES,70912,PRIMARY EDUCATION,20511500,NINGI,05050423009200,"Water, sanitation and hygiene"
Construction and Provision of Water Facilities at LGA Primary Schools in Warji LGA.,35000000.0,35000000.0,10000000.0,50000000.0,0.0,348,0.11506,0.13354,051700200100,STATE UNIVERSAL BASIC EDUCATION,23020105,CONSTRUCTION / PROVISION OF WATER FACILITIES,70912,PRIMARY EDUCATION,20511900,WARJI,05050423009300,"Water, sanitation and hygiene"
Construction and Provision of Water Facilities at LGA Primary Schools in Gamawa LGA.,35000000.0,35000000.0,10000000.0,50000000.0,0.0,348,0.12598,0.14446,051700200100,STATE UNIVERSAL BASIC EDUCATION,23020105,CONSTRUCTION / PROVISION OF WATER FACILITIES,70912,PRIMARY EDUCATION,20520700,GAMAWA,05050423009400,"Water, sanitation and hygiene"
Construction and Provision of Water Facilities at LGA Primary Schools in Giade LGA.,35000000.0,35000000.0,10000000.0,50000000.0,0.0,348,0.13606,0.15454,051700200100,STATE UNIVERSAL BASIC EDUCATION,23020105,CONSTRUCTION / PROVISION OF WATER FACILITIES,70912,PRIMARY EDUCATION,20520900,GIADE,05050423009500,"Water, sanitation and hygiene"
Construction and Provision of Water Facilities at LGA Primary Schools in Itas Gadau LGA.,35000000.0,35000000.0,10000000.0,50000000.0,0.0,348,0.14698,0.16546,051700200100,STATE UNIVERSAL BASIC EDUCATION,23020105,CONSTRUCTION / PROVISION OF WATER FACILITIES,70912,PRIMARY EDUCATION,20521000,ITAS GADAU,05050423009600,"Water, sanitation and hygiene"
Construction and Provision of Water Facilities at LGA Primary Schools in Jama'are LGA.,35000000.0,35000000.0,10000000.0,50000000.0,0.0,348,0.1579,0.17638,051700200100,STATE UNIVERSAL BASIC EDUCATION,23020105,CONSTRUCTION / PROVISION OF WATER FACILITIES,70912,PRIMARY EDUCATION,20521100,JAMA'ARE,05050423009700,"Water, sanitation and hygiene"
Construction and Provision of Water Facilities at LGA Primary Schools in Katagum LGA.,35000000.0,35000000.0,10000000.0,50000000.0,0.0,348,0.16798,0.18645,051700200100,STATE UNIVERSAL BASIC EDUCATION,23020105,CONSTRUCTION / PROVISION OF WATER FACILITIES,70912,PRIMARY EDUCATION,20521200,KATAGUM,05050423009800,"Water, sanitation and hygiene"
Construction and Provision of Water Facilities at LGA Primary Schools in Shira LGA.,35000000.0,35000000.0,10000000.0,50000000.0,0.0,348,0.1789,0.19737,051700200100,STATE UNIVERSAL BASIC EDUCATION,23020105,CONSTRUCTION / PROVISION OF WATER FACILITIES,70912,PRIMARY EDUCATION,20521600,SHIRA,05050423009900,"Water, sanitation and hygiene"
Construction and Provision of Water Facilities at LGA Primary Schools in Zaki LGA.,35000000.0,35000000.0,10000000.0,50000000.0,0.0,348,0.18981,0.20829,051700200100,STATE UNIVERSAL BASIC EDUCATION,23020105,CONSTRUCTION / PROVISION OF WATER FACILITIES,70912,PRIMARY EDUCATION,20522000,ZAKI,05050423010000,"Water, sanitation and hygiene"
Construction of Public Schools in Alkaleri LGA through the use of the UBEC Fund,100000000.0,35000000.0,40000000.0,120000000.0,0.0,348,0.20073,0.21921,051700200100,STATE UNIVERSAL BASIC EDUCATION,23020107,CONSTRUCTION / PROVISION OF PUBLIC SCHOOLS,70912,PRIMARY EDUCATION,20530100,ALKALERI,05050423010100,"Water, sanitation and hygiene"
Construction of Public Schools in Bauchi LGA through the use of the UBEC Fund,100000000.0,100000000.0,444821584.46,120000000.0,0.0,348,0.21081,0.22929,051700200100,STATE UNIVERSAL BASIC EDUCATION,23020107,CONSTRUCTION / PROVISION OF PUBLIC SCHOOLS,70912,PRIMARY EDUCATION,20530200,BAUCHI,05050123010200,Schools’ infrastructure construction and rehabilitation
Construction of Public Schools in Bogoro LGA through the use of the UBEC Fund,100000000.0,280000000.0,40000000.0,120000000.0,0.0,348,0.22173,0.24021,051700200100,STATE UNIVERSAL BASIC EDUCATION,23020107,CONSTRUCTION / PROVISION OF PUBLIC SCHOOLS,70912,PRIMARY EDUCATION,20530300,BOGORO,05050123010300,Schools’ infrastructure construction and rehabilitation
Construction of Public Schools in Dass LGA through the use of the UBEC Fund,100000000.0,100000000.0,40000000.0,120000000.0,0.0,348,0.23265,0.25113,051700200100,STATE UNIVERSAL BASIC EDUCATION,23020107,CONSTRUCTION / PROVISION OF PUBLIC SCHOOLS,70912,PRIMARY EDUCATION,20530600,DASS,05050123010400,Schools’ infrastructure construction and rehabilitation
Construction of Public Schools in Kirfi LGA through the use of the UBEC Fund,100000000.0,100000000.0,40000000.0,120000000.0,0.0,348,0.24273,0.2612,051700200100,STATE UNIVERSAL BASIC EDUCATION,23020107,CONSTRUCTION / PROVISION OF PUBLIC SCHOOLS,70912,PRIMARY EDUCATION,20531300,KIRFI,05050123010500,Schools’ infrastructure construction and rehabilitation
Construction of Public Schools in Tafawa Balewa LGA through the use of the UBEC Fund,100000000.0,100000000.0,40000000.0,120000000.0,0.0,348,0.25365,0.27212,051700200100,STATE UNIVERSAL BASIC EDUCATION,23020107,CONSTRUCTION / PROVISION OF PUBLIC SCHOOLS,70912,PRIMARY EDUCATION,20531700,T/BALEWA,05050123010600,Schools’ infrastructure construction and rehabilitation
Construction of Public Schools in Toro LGA through the use of the UBEC Fund,100000000.0,100000000.0,40000000.0,120000000.0,0.0,348,0.26456,0.28304,051700200100,STATE UNIVERSAL BASIC EDUCATION,23020107,CONSTRUCTION / PROVISION OF PUBLIC SCHOOLS,70912,PRIMARY EDUCATION,20531800,TORO,05050123010700,Schools’ infrastructure construction and rehabilitation
Construction of Public Schools in Dambam LGA through the use of the UBEC Fund,100000000.0,100000000.0,40000000.0,120000000.0,0.0,348,0.27548,0.29396,051700200100,STATE UNIVERSAL BASIC EDUCATION,23020107,CONSTRUCTION / PROVISION OF PUBLIC SCHOOLS,70912,PRIMARY EDUCATION,20510400,DAMBAM,05050123010800,Schools’ infrastructure construction and rehabilitation
Construction of Public Schools in Darazo LGA through the use of the UBEC Fund,100000000.0,100000000.0,40000000.0,120000000.0,0.0,348,0.28556,0.30404,051700200100,STATE UNIVERSAL BASIC EDUCATION,23020107,CONSTRUCTION / PROVISION OF PUBLIC SCHOOLS,70912,PRIMARY EDUCATION,20510500,DARAZO,05050123010900,Schools’ infrastructure construction and rehabilitation
Construction of Public Schools in Ganjuwa LGA through the use of the UBEC Fund,100000000.0,100000000.0,40000000.0,120000000.0,0.0,348,0.29648,0.31496,051700200100,STATE UNIVERSAL BASIC EDUCATION,23020107,CONSTRUCTION / PROVISION OF PUBLIC SCHOOLS,70912,PRIMARY EDUCATION,20510800,GANJUWA,05050123011000,Schools’ infrastructure construction and rehabilitation
Construction of Public Schools in Misau LGA through the use of the UBEC Fund,100000000.0,100000000.0,40000000.0,120000000.0,0.0,348,0.3074,0.32588,051700200100,STATE UNIVERSAL BASIC EDUCATION,23020107,CONSTRUCTION / PROVISION OF PUBLIC SCHOOLS,70912,PRIMARY EDUCATION,20511400,MISAU,05050123011100,Schools’ infrastructure construction and rehabilitation
Construction of Public Schools in Ningi LGA through the use of the UBEC Fund,100000000.0,100000000.0,40000000.0,120000000.0,0.0,348,0.31832,0.33679,051700200100,STATE UNIVERSAL BASIC EDUCATION,23020107,CONSTRUCTION / PROVISION OF PUBLIC SCHOOLS,70912,PRIMARY EDUCATION,20511500,NINGI,05050123011200,Schools’ infrastructure construction and rehabilitation
Construction of Public Schools in Warji LGA through the use of the UBEC Fund,100000000.0,100000000.0,40000000.0,120000000.0,0.0,348,0.32839,0.34687,051700200100,STATE UNIVERSAL BASIC EDUCATION,23020107,CONSTRUCTION / PROVISION OF PUBLIC SCHOOLS,70912,PRIMARY EDUCATION,20511900,WARJI,05050123011300,Schools’ infrastructure construction and rehabilitation
Construction of Public Schools in Gamawa LGA through the use of the UBEC Fund,100000000.0,100000000.0,40000000.0,120000000.0,0.0,348,0.33931,0.35779,051700200100,STATE UNIVERSAL BASIC EDUCATION,23020107,CONSTRUCTION / PROVISION OF PUBLIC SCHOOLS,70912,PRIMARY EDUCATION,20520700,GAMAWA,05050123011400,Schools’ infrastructure construction and rehabilitation
Construction of Public Schools in Giade LGA through the use of the UBEC Fund,100000000.0,100000000.0,40000000.0,120000000.0,0.0,348,0.35023,0.36871,051700200100,STATE UNIVERSAL BASIC EDUCATION,23020107,CONSTRUCTION / PROVISION OF PUBLIC SCHOOLS,70912,PRIMARY EDUCATION,20520900,GIADE,05050123011500,Schools’ infrastructure construction and rehabilitation
Construction of Public Schools in Itas Gadau LGA through the use of the UBEC Fund,100000000.0,100000000.0,40000000.0,120000000.0,0.0,348,0.36031,0.37879,051700200100,STATE UNIVERSAL BASIC EDUCATION,23020107,CONSTRUCTION / PROVISION OF PUBLIC SCHOOLS,70912,PRIMARY EDUCATION,20521000,ITAS GADAU,05050123011600,Schools’ infrastructure construction and rehabilitation
Construction of Public Schools in Jama'are LGA through the use of the UBEC Fund,100000000.0,100000000.0,40000000.0,120000000.0,0.0,348,0.37123,0.38971,051700200100,STATE UNIVERSAL BASIC EDUCATION,23020107,CONSTRUCTION / PROVISION OF PUBLIC SCHOOLS,70912,PRIMARY EDUCATION,20521100,JAMA'ARE,05050123011700,Schools’ infrastructure construction and rehabilitation
Construction of Public Schools in Katagum LGA through the use of the UBEC Fund,100000000.0,100000000.0,40000000.0,120000000.0,0.0,348,0.38215,0.40062,051700200100,STATE UNIVERSAL BASIC EDUCATION,23020107,CONSTRUCTION / PROVISION OF PUBLIC SCHOOLS,70912,PRIMARY EDUCATION,20521200,KATAGUM,05050123011800,Schools’ infrastructure construction and rehabilitation
Construction of Public Schools in Shira LGA through the use of the UBEC Fund,100000000.0,100000000.0,40000000.0,120000000.0,0.0,348,0.39307,0.41154,051700200100,STATE UNIVERSAL BASIC EDUCATION,23020107,CONSTRUCTION / PROVISION OF PUBLIC SCHOOLS,70912,PRIMARY EDUCATION,20521600,SHIRA,05050123011900,Schools’ infrastructure construction and rehabilitation
Construction of Public Schools in Zaki LGA through the use of the UBEC Fund,100000000.0,100000000.0,40000000.0,120000000.0,0.0,348,0.40314,0.42162,051700200100,STATE UNIVERSAL BASIC EDUCATION,23020107,CONSTRUCTION / PROVISION OF PUBLIC SCHOOLS,70912,PRIMARY EDUCATION,20522000,ZAKI,05050123012000,Schools’ infrastructure construction and rehabilitation
Construction and Provision of e-Library at SUBEB Headquarters,550000000.0,100000000.0,0.0,211110000.0,0.0,348,0.41406,0.43254,051700200100,STATE UNIVERSAL BASIC EDUCATION,23020111,CONSTRUCTION / PROVISION OF LIBRARIES,70912,PRIMARY EDUCATION,20530200,BAUCHI,05050123012100,Schools’ infrastructure construction and rehabilitation
EGR L2R (Provisions of Relevant Infrastructure to Strengthen Basic Education,300000000.0,410000000.0,0.0,0.0,0.0,348,0.42498,0.44346,051700200100,STATE UNIVERSAL BASIC EDUCATION,23020118,CONSTRUCTION / PROVISION OF INFRASTRUCTURE,70912,PRIMARY EDUCATION,20542400,STATE WIDE,05100123012200,Education Not Elsewhere Classified
L2R (USAID)/Replication of Education Activities,200000000.0,300000000.0,0.0,0.0,0.0,348,0.43506,0.45354,051700200100,STATE UNIVERSAL BASIC EDUCATION,23020118,CONSTRUCTION / PROVISION OF INFRASTRUCTURE,70912,PRIMARY EDUCATION,20542400,STATE WIDE,05020223012300,Advocacy and sensitization
UNICEF (GESI/NLP) Purchase and Provision of Instruction Materials to Strengthen Basic Education,50000000.0,200000000.0,0.0,150000000.0,0.0,348,0.44598,0.46446,051700200100,STATE UNIVERSAL BASIC EDUCATION,23020118,CONSTRUCTION / PROVISION OF INFRASTRUCTURE,70912,PRIMARY EDUCATION,20542400,STATE WIDE,05020223012400,Advocacy and sensitization
BESDA Sustainability Project for the Fencing of Primary Schools in the State.,250000000.0,50000000.0,0.0,200000000.0,0.0,348,0.4569,0.47537,051700200100,STATE UNIVERSAL BASIC EDUCATION,23020118,CONSTRUCTION / PROVISION OF INFRASTRUCTURE,70912,PRIMARY EDUCATION,20542400,STATE WIDE,05020223012500,Advocacy and sensitization
TPD/SPECIAL NEED EDUCATION for the Support of Teachers in Research Activities in order to Strengthen Basic Education,650000000.0,0.0,0.0,0.0,0.0,348,0.46782,0.48629,051700200100,STATE UNIVERSAL BASIC EDUCATION,23050101,RESEARCH AND DEVELOPMENT,70912,PRIMARY EDUCATION,20542400,STATE WIDE,05020223012700,Advocacy and sensitization
Construction of School Farms for Teaching and Learning in Schools,142185703.38,250000000.0,0.0,150000000.0,0.0,348,0.47789,0.49637,051700200100,STATE UNIVERSAL BASIC EDUCATION,23020113,CONSTRUCTION / PROVISION OF AGRICULTURAL FACILITIES,70912,PRIMARY EDUCATION,20542400,STATE WIDE,05020223012800,Advocacy and sensitization
Rehabilitation and Repairs of Guest House SUBEB HQTRS,50000000.0,50000000.0,0.0,150000000.0,0.0,348,0.48881,0.50729,051700200100,STATE UNIVERSAL BASIC EDUCATION,23030101,REHABILITATION / REPAIRS OF RESIDENTIAL BUILDING,70912,PRIMARY EDUCATION,20530200,BAUCHI,05050123012900,Schools’ infrastructure construction and rehabilitation
Renovations and Repairs of Public Schools in Alkaleri LGA through the use of UBEC Fund,100000000.0,142185703.38,60000000.0,80000000.0,0.0,348,0.49973,0.51821,051700200100,STATE UNIVERSAL BASIC EDUCATION,23030106,REHABILITATION / REPAIRS - PUBLIC SCHOOLS,70912,PRIMARY EDUCATION,20530100,ALKALERI,05100123013000,Education Not Elsewhere Classified
Renovations and Repairs of Public Schools in Bauchi LGA through the use of UBEC Fund,100000000.0,60000000.0,60000000.0,80000000.0,0.0,348,0.51065,0.52913,051700200100,STATE UNIVERSAL BASIC EDUCATION,23030106,REHABILITATION / REPAIRS - PUBLIC SCHOOLS,70912,PRIMARY EDUCATION,20530200,BAUCHI,05050123013100,Schools’ infrastructure construction and rehabilitation
Renovations and Repairs of Public Schools in Bogoro LGA through the use of UBEC Fund,100000000.0,70000000.0,60000000.0,80000000.0,0.0,348,0.52073,0.53921,051700200100,STATE UNIVERSAL BASIC EDUCATION,23030106,REHABILITATION / REPAIRS - PUBLIC SCHOOLS,70912,PRIMARY EDUCATION,20530300,BOGORO,05050123013200,Schools’ infrastructure construction and rehabilitation
Renovations and Repairs of Public Schools in Dass LGA through the use of UBEC Fund,100000000.0,70000000.0,60000000.0,80000000.0,0.0,348,0.53165,0.55012,051700200100,STATE UNIVERSAL BASIC EDUCATION,23030106,REHABILITATION / REPAIRS - PUBLIC SCHOOLS,70912,PRIMARY EDUCATION,20530600,DASS,05050123013300,Schools’ infrastructure construction and rehabilitation
Renovations and Repairs of Public Schools in Kirfi LGA through the use of UBEC Fund,100000000.0,70000000.0,60000000.0,80000000.0,0.0,348,0.54257,0.56104,051700200100,STATE UNIVERSAL BASIC EDUCATION,23030106,REHABILITATION / REPAIRS - PUBLIC SCHOOLS,70912,PRIMARY EDUCATION,20531300,KIRFI,05050123013400,Schools’ infrastructure construction and rehabilitation
Renovations and Repairs of Public Schools in Tafawa Balewa LGA through the use of UBEC Fund,100000000.0,70000000.0,60000000.0,80000000.0,0.0,348,0.55264,0.57112,051700200100,STATE UNIVERSAL BASIC EDUCATION,23030106,REHABILITATION / REPAIRS - PUBLIC SCHOOLS,70912,PRIMARY EDUCATION,20531700,T/BALEWA,05050123013500,Schools’ infrastructure construction and rehabilitation
Renovations and Repairs of Public Schools in Toro LGA through the use of UBEC Fund,100000000.0,70000000.0,60000000.0,80000000.0,0.0,348,0.56356,0.58204,051700200100,STATE UNIVERSAL BASIC EDUCATION,23030106,REHABILITATION / REPAIRS - PUBLIC SCHOOLS,70912,PRIMARY EDUCATION,20531800,TORO,05050123013600,Schools’ infrastructure construction and rehabilitation
Renovations and Repairs of Public Schools in Dambam LGA through the use of UBEC Fund,100000000.0,70000000.0,60000000.0,80000000.0,0.0,348,0.57448,0.59296,051700200100,STATE UNIVERSAL BASIC EDUCATION,23030106,REHABILITATION / REPAIRS - PUBLIC SCHOOLS,70912,PRIMARY EDUCATION,20510400,DAMBAM,05050123013700,Schools’ infrastructure construction and rehabilitation
Renovations and Repairs of Public Schools in Darazo LGA through the use of UBEC Fund,100000000.0,70000000.0,60000000.0,80000000.0,0.0,348,0.5854,0.60388,051700200100,STATE UNIVERSAL BASIC EDUCATION,23030106,REHABILITATION / REPAIRS - PUBLIC SCHOOLS,70912,PRIMARY EDUCATION,20510500,DARAZO,05050123013800,Schools’ infrastructure construction and rehabilitation
Renovations and Repairs of Public Schools in Ganjuwa LGA through the use of UBEC Fund,100000000.0,70000000.0,60000000.0,80000000.0,0.0,348,0.59548,0.61396,051700200100,STATE UNIVERSAL BASIC EDUCATION,23030106,REHABILITATION / REPAIRS - PUBLIC SCHOOLS,70912,PRIMARY EDUCATION,20510800,GANJUWA,05050123013900,Schools’ infrastructure construction and rehabilitation
Renovations and Repairs of Public Schools in Misau LGA through the use of UBEC Fund,100000000.0,70000000.0,60000000.0,80000000.0,0.0,348,0.6064,0.62487,051700200100,STATE UNIVERSAL BASIC EDUCATION,23030106,REHABILITATION / REPAIRS - PUBLIC SCHOOLS,70912,PRIMARY EDUCATION,20511400,MISAU,05050123014000,Schools’ infrastructure construction and rehabilitation
Renovations and Repairs of Public Schools in Ningi LGA through the use of UBEC Fund,100000000.0,70000000.0,60000000.0,80000000.0,0.0,348,0.61732,0.63579,051700200100,STATE UNIVERSAL BASIC EDUCATION,23030106,REHABILITATION / REPAIRS - PUBLIC SCHOOLS,70912,PRIMARY EDUCATION,20511500,NINGI,05050123014100,Schools’ infrastructure construction and rehabilitation
Renovations and Repairs of Public Schools in Warji LGA through the use of UBEC Fund,100000000.0,70000000.0,60000000.0,80000000.0,0.0,348,0.62823,0.64671,051700200100,STATE UNIVERSAL BASIC EDUCATION,23030106,REHABILITATION / REPAIRS - PUBLIC SCHOOLS,70912,PRIMARY EDUCATION,20511900,WARJI,05050123014200,Schools’ infrastructure construction and rehabilitation
Renovations and Repairs of Public Schools in Gamawa LGA through the use of UBEC Fund,100000000.0,70000000.0,60000000.0,80000000.0,0.0,348,0.63831,0.65679,051700200100,STATE UNIVERSAL BASIC EDUCATION,23030106,REHABILITATION / REPAIRS - PUBLIC SCHOOLS,70912,PRIMARY EDUCATION,20520700,GAMAWA,05050123014300,Schools’ infrastructure construction and rehabilitation
Renovations and Repairs of Public Schools in Giade LGA through the use of UBEC Fund,100000000.0,70000000.0,60000000.0,80000000.0,0.0,348,0.64923,0.66771,051700200100,STATE UNIVERSAL BASIC EDUCATION,23030106,REHABILITATION / REPAIRS - PUBLIC SCHOOLS,70912,PRIMARY EDUCATION,20520900,GIADE,05050123014400,Schools’ infrastructure construction and rehabilitation
Renovations and Repairs of Public Schools in Itas Gadau LGA through the use of UBEC Fund,100000000.0,70000000.0,60000000.0,80000000.0,0.0,348,0.66015,0.67863,051700200100,STATE UNIVERSAL BASIC EDUCATION,23030106,REHABILITATION / REPAIRS - PUBLIC SCHOOLS,70912,PRIMARY EDUCATION,20521000,ITAS GADAU,05050123014500,Schools’ infrastructure construction and rehabilitation
Renovations and Repairs of Public Schools in Jama'are LGA through the use of UBEC Fund,100000000.0,70000000.0,60000000.0,80000000.0,0.0,348,0.67023,0.68871,051700200100,STATE UNIVERSAL BASIC EDUCATION,23030106,REHABILITATION / REPAIRS - PUBLIC SCHOOLS,70912,PRIMARY EDUCATION,20521100,JAMA'ARE,05050123014600,Schools’ infrastructure construction and rehabilitation
Renovations and Repairs of Public Schools in Katagum LGA through the use of UBEC Fund,100000000.0,70000000.0,60000000.0,80000000.0,0.0,348,0.68115,0.69962,051700200100,STATE UNIVERSAL BASIC EDUCATION,23030106,REHABILITATION / REPAIRS - PUBLIC SCHOOLS,70912,PRIMARY EDUCATION,20521200,KATAGUM,05050123014700,Schools’ infrastructure construction and rehabilitation
Renovations and Repairs of Public Schools in Shira LGA through the use of UBEC Fund,100000000.0,70000000.0,60000000.0,80000000.0,0.0,348,0.69206,0.71054,051700200100,STATE UNIVERSAL BASIC EDUCATION,23030106,REHABILITATION / REPAIRS - PUBLIC SCHOOLS,70912,PRIMARY EDUCATION,20521600,SHIRA,05050123014800,Schools’ infrastructure construction and rehabilitation
Renovations and Repairs of Public Schools in Zaki LGA through the use of UBEC Fund,100000000.0,70000000.0,60000000.0,80000000.0,0.0,348,0.70298,0.72146,051700200100,STATE UNIVERSAL BASIC EDUCATION,23030106,REHABILITATION / REPAIRS - PUBLIC SCHOOLS,70912,PRIMARY EDUCATION,20522000,ZAKI,05050123014900,Schools’ infrastructure construction and rehabilitation
Renovation of Offices at SUBEB HQTRS,610000000.0,300000000.0,280652773.3,400000000.0,0.0,348,0.71306,0.73154,051700200100,STATE UNIVERSAL BASIC EDUCATION,23030121,REHABILITATION / REPAIRS OF OFFICE BUILDINGS,70912,PRIMARY EDUCATION,20542400,STATE WIDE,05050123015000,Schools’ infrastructure construction and rehabilitation
Monitoring and Evaluation of Projects (Quality Assurance /Inspections),248000000.0,70000000.0,0.0,200000000.0,0.0,348,0.72398,0.74246,051700200100,STATE UNIVERSAL BASIC EDUCATION,23050103,MONITORING AND EVALUATION,70912,PRIMARY EDUCATION,20542400,STATE WIDE,05050123015100,Schools’ infrastructure construction and rehabilitation
BESDA Project (Provision of Educational Infrastructures Across the State) Sustainablity Programme,500000000.0,70000000.0,0.0,500000000.0,0.0,348,0.7349,0.75338,051700200100,STATE UNIVERSAL BASIC EDUCATION,23020118,CONSTRUCTION / PROVISION OF INFRASTRUCTURE,70912,PRIMARY EDUCATION,20542400,STATE WIDE,05010423015200,Integrated supportive supervision
Purchase of Sporting Wears and Sporting Kits for Schools,71092851.69,70000000.0,0.0,150000000.0,0.0,348,0.74498,0.76345,051700200100,STATE UNIVERSAL BASIC EDUCATION,23010126,PURCHASE OF SPORTING / GAMING EQUIPMENT,70912,PRIMARY EDUCATION,20542400,STATE WIDE,05050123015300,Schools’ infrastructure construction and rehabilitation
Establishment of School Garden in Primary Schools,0.0,70000000.0,0.0,661700000.0,661700000.0,348,0.7559,0.77437,051700200100,STATE UNIVERSAL BASIC EDUCATION,23020113,CONSTRUCTION / PROVISION OF AGRICULTURAL FACILITIES,70912,PRIMARY EDUCATION,20542400,STATE WIDE,05100123015400,Education Not Elsewhere Classified
Purchase of Basic Essential Text Books,0.0,71092851.69,0.0,1500000000.0,0.0,348,0.76681,0.78529,051700200100,STATE UNIVERSAL BASIC EDUCATION,23010124,PURCHASE OF TEACHING / LEARNING AID EQUIPMENT,70912,PRIMARY EDUCATION,20542400,STATE WIDE,05100123015400,Education Not Elsewhere Classified
"Construction of MEGA Public School in Bauchi , Bauchi LGA",0.0,20000000.0,0.0,1300000000.0,0.0,348,0.77773,0.79621,051700200100,STATE UNIVERSAL BASIC EDUCATION,23020107,CONSTRUCTION / PROVISION OF PUBLIC SCHOOLS,70912,PRIMARY EDUCATION,20530200,BAUCHI,05100123015400,Education Not Elsewhere Classified
Construction of MEGA Public School in Gamawa LGA,0.0,20000000.0,0.0,1300000000.0,0.0,348,0.78781,0.80629,051700200100,STATE UNIVERSAL BASIC EDUCATION,23020107,CONSTRUCTION / PROVISION OF PUBLIC SCHOOLS,70912,PRIMARY EDUCATION,20521200,KATAGUM,05100123015400,Education Not Elsewhere Classified
Construction of MEGA Public School in Darazo LGA,0.0,20000000.0,0.0,1300000000.0,0.0,348,0.79873,0.81721,051700200100,STATE UNIVERSAL BASIC EDUCATION,23020107,CONSTRUCTION / PROVISION OF PUBLIC SCHOOLS,70912,PRIMARY EDUCATION,20510500,DARAZO,05100123015400,Education Not Elsewhere Classified
Construction of MEGA Public School in Zaki LGA,0.0,20000000.0,0.0,1500000000.0,0.0,348,0.80965,0.82813,051700200100,STATE UNIVERSAL BASIC EDUCATION,23020107,CONSTRUCTION / PROVISION OF PUBLIC SCHOOLS,70912,PRIMARY EDUCATION,20522000,ZAKI,05100123015400,Education Not Elsewhere Classified
Construction of MEGA Public School in Itas Gadau LGA,0.0,20000000.0,0.0,1500000000.0,0.0,348,0.82057,0.83904,051700200100,STATE UNIVERSAL BASIC EDUCATION,23020107,CONSTRUCTION / PROVISION OF PUBLIC SCHOOLS,70912,PRIMARY EDUCATION,20521000,ITAS GADAU,05100123015400,Education Not Elsewhere Classified
Construction of MEGA Public School in Giade LGA,0.0,20000000.0,0.0,1500000000.0,0.0,348,0.83065,0.84912,051700200100,STATE UNIVERSAL BASIC EDUCATION,23020107,CONSTRUCTION / PROVISION OF PUBLIC SCHOOLS,70912,PRIMARY EDUCATION,20520900,GIADE,05100123015400,Education Not Elsewhere Classified
Construction of MEGA Public School in Dambam LGA,0.0,20000000.0,0.0,1500000000.0,0.0,348,0.84156,0.86004,051700200100,STATE UNIVERSAL BASIC EDUCATION,23020107,CONSTRUCTION / PROVISION OF PUBLIC SCHOOLS,70912,PRIMARY EDUCATION,20510400,DAMBAM,05100123015400,Education Not Elsewhere Classified
Construction of MEGA Public School in Ganjuwa LGA,0.0,20000000.0,0.0,1500000000.0,0.0,348,0.85248,0.87096,051700200100,STATE UNIVERSAL BASIC EDUCATION,23020107,CONSTRUCTION / PROVISION OF PUBLIC SCHOOLS,70912,PRIMARY EDUCATION,20510800,GANJUWA,05100123015400,Education Not Elsewhere Classified
Construction of MEGA Public School in Warji LGA,0.0,20000000.0,0.0,1500000000.0,0.0,348,0.86256,0.88104,051700200100,STATE UNIVERSAL BASIC EDUCATION,23020107,CONSTRUCTION / PROVISION OF PUBLIC SCHOOLS,70912,PRIMARY EDUCATION,20511900,WARJI,05100123015400,Education Not Elsewhere Classified
Construction of MEGA Public School in Alkaleri LGA,0.0,0.0,0.0,1500000000.0,0.0,348,0.87348,0.89196,051700200100,STATE UNIVERSAL BASIC EDUCATION,23020107,CONSTRUCTION / PROVISION OF PUBLIC SCHOOLS,70912,PRIMARY EDUCATION,20530100,ALKALERI,05100123015400,Education Not Elsewhere Classified
Construction of MEGA Public School in Toro LGA,0.0,0.0,0.0,1500000000.0,0.0,348,0.8844,0.90288,051700200100,STATE UNIVERSAL BASIC EDUCATION,23020107,CONSTRUCTION / PROVISION OF PUBLIC SCHOOLS,70912,PRIMARY EDUCATION,20531800,TORO,05100123015400,Education Not Elsewhere Classified
Construction of MEGA Public School in Tafawa Balewa LGA,0.0,0.0,0.0,1500000000.0,0.0,348,0.89532,0.91379,051700200100,STATE UNIVERSAL BASIC EDUCATION,23020107,CONSTRUCTION / PROVISION OF PUBLIC SCHOOLS,70912,PRIMARY EDUCATION,20531700,T/BALEWA,05100123015400,Education Not Elsewhere Classified
Fencing of 50 Primary Schools in the State.,0.0,0.0,0.0,2000000000.0,0.0,349,0.09323,0.1117,051700200100,STATE UNIVERSAL BASIC EDUCATION,23020118,CONSTRUCTION / PROVISION OF INFRASTRUCTURE,70912,PRIMARY EDUCATION,20542400,STATE WIDE,05100123015400,Education Not Elsewhere Classified
Purchase of Kitchen Utensils and Cooking Equipment for Cooking of Foods to Student.,15000000.0,15000000.0,0.0,30000000.0,0.0,349,0.14698,0.16546,051700300100,BAUCHI STATE AGENCY FOR MASS EDUCATION,23010120,PURCHASE OF CANTEEN / KITCHEN EQUIPMENT,70951,EDUCATION NOT DEFINABLE BY LEVEL,20530200,BAUCHI,05040223008000,Instructional and learning materials
Provision of Instructional Materials to Women Education Centres.,30000000.0,30000000.0,0.0,50000000.0,0.0,349,0.1579,0.17638,051700300100,BAUCHI STATE AGENCY FOR MASS EDUCATION,23010124,PURCHASE OF TEACHING / LEARNING AID EQUIPMENT,70951,EDUCATION NOT DEFINABLE BY LEVEL,20542400,STATE WIDE,05040223008100,Instructional and learning materials
Monitoring and Evalution of Projects and Programs to ensure quality assuarance,20000000.0,20000000.0,0.0,22000000.0,0.0,349,0.16798,0.18645,051700300100,BAUCHI STATE AGENCY FOR MASS EDUCATION,23050103,MONITORING AND EVALUATION,70951,EDUCATION NOT DEFINABLE BY LEVEL,20542400,STATE WIDE,05040123008200,All levels of education quality assurance
Construction of Office Complex Building in Bauchi,40000000.0,40000000.0,0.0,40000000.0,0.0,349,0.1789,0.19737,051700300100,BAUCHI STATE AGENCY FOR MASS EDUCATION,23020101,CONSTRUCTION / PROVISION OF OFFICE BUILDINGS,70951,EDUCATION NOT DEFINABLE BY LEVEL,20530200,BAUCHI,05010323008300,Education sector coordination mechanisms
Renovation and Repairs of Bauchi Zonal Office Building,15000000.0,15000000.0,0.0,20000000.0,0.0,349,0.18981,0.20829,051700300100,BAUCHI STATE AGENCY FOR MASS EDUCATION,23030121,REHABILITATION / REPAIRS OF OFFICE BUILDINGS,70951,EDUCATION NOT DEFINABLE BY LEVEL,20530200,BAUCHI,05010323008400,Education sector coordination mechanisms
Renovation and Repairs of Darazo Zonal Office Building,12000000.0,12000000.0,0.0,12000000.0,0.0,349,0.20073,0.21921,051700300100,BAUCHI STATE AGENCY FOR MASS EDUCATION,23030121,REHABILITATION / REPAIRS OF OFFICE BUILDINGS,70951,EDUCATION NOT DEFINABLE BY LEVEL,20510500,DARAZO,05010323008500,Education sector coordination mechanisms
Renovation of Misau Women Education Center,15000000.0,15000000.0,0.0,15000000.0,0.0,349,0.21081,0.22929,051700300100,BAUCHI STATE AGENCY FOR MASS EDUCATION,23030106,REHABILITATION / REPAIRS - PUBLIC SCHOOLS,70951,EDUCATION NOT DEFINABLE BY LEVEL,20511400,MISAU,05050123008600,Schools’ infrastructure construction and rehabilitation
Renovation of Dass Women Education Center,15000000.0,15000000.0,0.0,15000000.0,0.0,349,0.22173,0.24021,051700300100,BAUCHI STATE AGENCY FOR MASS EDUCATION,23030106,REHABILITATION / REPAIRS - PUBLIC SCHOOLS,70951,EDUCATION NOT DEFINABLE BY LEVEL,20530600,DASS,05050123008700,Schools’ infrastructure construction and rehabilitation
Renovation of Jama'are Women Education Center,15000000.0,15000000.0,0.0,15000000.0,0.0,349,0.23265,0.25113,051700300100,BAUCHI STATE AGENCY FOR MASS EDUCATION,23030106,REHABILITATION / REPAIRS - PUBLIC SCHOOLS,70951,EDUCATION NOT DEFINABLE BY LEVEL,20521100,JAMA'ARE,05050123008800,Schools’ infrastructure construction and rehabilitation
Renovation of Kirfi Women Education Center,15000000.0,15000000.0,0.0,15000000.0,0.0,349,0.24273,0.2612,051700300100,BAUCHI STATE AGENCY FOR MASS EDUCATION,23030106,REHABILITATION / REPAIRS - PUBLIC SCHOOLS,70951,EDUCATION NOT DEFINABLE BY LEVEL,20531300,KIRFI,05050123008900,Schools’ infrastructure construction and rehabilitation
Parameter Fencing of Ningi and Azare Women Centres.,10000000.0,10000000.0,0.0,10000000.0,0.0,349,0.25365,0.27212,051700300100,BAUCHI STATE AGENCY FOR MASS EDUCATION,23020118,CONSTRUCTION / PROVISION OF INFRASTRUCTURE,70951,EDUCATION NOT DEFINABLE BY LEVEL,20542400,STATE WIDE,05050523009000,School safety
Construction of Office Complex Building in Azare,20000000.0,20000000.0,0.0,70000000.0,0.0,349,0.26456,0.28304,051700300100,BAUCHI STATE AGENCY FOR MASS EDUCATION,23020101,CONSTRUCTION / PROVISION OF OFFICE BUILDINGS,70951,EDUCATION NOT DEFINABLE BY LEVEL,20521200,KATAGUM,05050123009100,Schools’ infrastructure construction and rehabilitation
Construction of Office Complex Building in Bauchi,0.0,0.0,0.0,100000000.0,0.0,349,0.27548,0.29396,051700300100,BAUCHI STATE AGENCY FOR MASS EDUCATION,23020101,CONSTRUCTION / PROVISION OF OFFICE BUILDINGS,70951,EDUCATION NOT DEFINABLE BY LEVEL,20521200,KATAGUM,05050123009100,Schools’ infrastructure construction and rehabilitation
"Provision and Supply of Office Tables, Chairs, and other Equipment at Special School Azare",20000000.0,20000000.0,0.0,20000000.0,0.0,349,0.32839,0.34687,051700400100,SPECIAL SCHOOLS MANAGEMENT BOARD,23010112,PURCHASE OF OFFICE FURNITURE AND FITTINGS,70922,UPPER-SECONDARY EDUCATION,20521200,KATAGUM,05050223009100,Furnishing
"Provision and Supply of Office Tables, Chairs, and other Equipment at Special School Toro",20000000.0,20000000.0,0.0,20000000.0,0.0,349,0.33931,0.35779,051700400100,SPECIAL SCHOOLS MANAGEMENT BOARD,23010112,PURCHASE OF OFFICE FURNITURE AND FITTINGS,70922,UPPER-SECONDARY EDUCATION,20531800,TORO,05050223009200,Furnishing
"Provision and Supply of Office Tables, Chairs, and other Equipment Kafin Madaki",20000000.0,20000000.0,0.0,20000000.0,0.0,349,0.35023,0.36871,051700400100,SPECIAL SCHOOLS MANAGEMENT BOARD,23010112,PURCHASE OF OFFICE FURNITURE AND FITTINGS,70922,UPPER-SECONDARY EDUCATION,20510800,GANJUWA,05050223009300,Furnishing
Purch. Of 500 students desks and chairs in GGC. Kafin Madaki,60000000.0,60000000.0,0.0,60000000.0,0.0,349,0.36031,0.37879,051700400100,SPECIAL SCHOOLS MANAGEMENT BOARD,23010112,PURCHASE OF OFFICE FURNITURE AND FITTINGS,70922,UPPER-SECONDARY EDUCATION,20510800,GANJUWA,05050223009400,Furnishing
"Purch. Of 1,200 students desks and chairs in Jibril Aminu Primary/Secondary School and 2 Model Primary Schools.",72000000.0,72000000.0,0.0,60000000.0,0.0,349,0.37123,0.38971,051700400100,SPECIAL SCHOOLS MANAGEMENT BOARD,23010112,PURCHASE OF OFFICE FURNITURE AND FITTINGS,70922,UPPER-SECONDARY EDUCATION,20530200,BAUCHI,05050223009500,Furnishing
"Purch. Of 1,000 students desks and chairs in GC Azare and Toro",60000000.0,60000000.0,0.0,0.0,0.0,349,0.38215,0.40062,051700400100,SPECIAL SCHOOLS MANAGEMENT BOARD,23010112,PURCHASE OF OFFICE FURNITURE AND FITTINGS,70922,UPPER-SECONDARY EDUCATION,20542400,STATE WIDE,05050223009600,Furnishing
Purch. Of Teaching/Learning Materials to GC. Toro and Azare,6000000.0,6000000.0,0.0,6000000.0,0.0,349,0.39307,0.41154,051700400100,SPECIAL SCHOOLS MANAGEMENT BOARD,23010112,PURCHASE OF OFFICE FURNITURE AND FITTINGS,70922,UPPER-SECONDARY EDUCATION,20521200,KATAGUM,05050223009700,Furnishing
Purch. Of Teaching/Learning Materials to GCC. Kafin Madaki and Sakwa,6000000.0,6000000.0,0.0,6000000.0,0.0,349,0.40314,0.42162,051700400100,SPECIAL SCHOOLS MANAGEMENT BOARD,23010124,PURCHASE OF TEACHING / LEARNING AID EQUIPMENT,70922,UPPER-SECONDARY EDUCATION,20522000,ZAKI,05040223009800,Instructional and learning materials
Purch. Of Teaching/Learning Materials in Jibril Aminu Primary/Secondary School and 2 Model Primary and Secondary Schools,8000000.0,8000000.0,0.0,8000000.0,0.0,349,0.41406,0.43254,051700400100,SPECIAL SCHOOLS MANAGEMENT BOARD,23010124,PURCHASE OF TEACHING / LEARNING AID EQUIPMENT,70922,UPPER-SECONDARY EDUCATION,20530200,BAUCHI,05040223009900,Instructional and learning materials
Construction of 6 Classrooms Blocks in each of the Special Schools,250000000.0,250000000.0,0.0,300000000.0,0.0,349,0.42498,0.44346,051700400100,SPECIAL SCHOOLS MANAGEMENT BOARD,23020107,CONSTRUCTION / PROVISION OF PUBLIC SCHOOLS,70922,UPPER-SECONDARY EDUCATION,20542400,STATE WIDE,05050123010000,Schools’ infrastructure construction and rehabilitation
Construction of 2 bedrooms Staff Quarters at GGC. Sakwa,30000000.0,30000000.0,0.0,30000000.0,0.0,349,0.43506,0.45354,051700400100,SPECIAL SCHOOLS MANAGEMENT BOARD,23020102,CONSTRUCTION / PROVISION OF RESIDENTIAL BUILDINGS,70922,UPPER-SECONDARY EDUCATION,20522000,ZAKI,05050123010100,Schools’ infrastructure construction and rehabilitation
Construction of Assemble Hall JAMSS,30000000.0,30000000.0,0.0,30000000.0,0.0,349,0.44598,0.46446,051700400100,SPECIAL SCHOOLS MANAGEMENT BOARD,23020118,CONSTRUCTION / PROVISION OF INFRASTRUCTURE,70922,UPPER-SECONDARY EDUCATION,20522000,ZAKI,05050123010200,Schools’ infrastructure construction and rehabilitation
Construction of 3 Laboratories Building in 3 modern Primary And Secondary schools,60000000.0,60000000.0,0.0,60000000.0,0.0,349,0.4569,0.47537,051700400100,SPECIAL SCHOOLS MANAGEMENT BOARD,23020118,CONSTRUCTION / PROVISION OF INFRASTRUCTURE,70922,UPPER-SECONDARY EDUCATION,20542400,STATE WIDE,05050323010300,Libraries and laboratories
Fencing of Special School Toro,150000000.0,150000000.0,0.0,250000000.0,0.0,349,0.46782,0.48629,051700400100,SPECIAL SCHOOLS MANAGEMENT BOARD,23020118,CONSTRUCTION / PROVISION OF INFRASTRUCTURE,70922,UPPER-SECONDARY EDUCATION,20531800,TORO,05050523010400,School safety
Repairs of 1 Hostel and 2 Classrooms In GC. Azare,15000000.0,15000000.0,0.0,15000000.0,0.0,349,0.47789,0.49637,051700400100,SPECIAL SCHOOLS MANAGEMENT BOARD,23030106,REHABILITATION / REPAIRS - PUBLIC SCHOOLS,70922,UPPER-SECONDARY EDUCATION,20521200,KATAGUM,05050123010500,Schools’ infrastructure construction and rehabilitation
"Repairs of 1 Hostel, 2 Classrooms, and Hall GGC. Sakwa",15000000.0,15000000.0,0.0,15000000.0,0.0,349,0.48881,0.50729,051700400100,SPECIAL SCHOOLS MANAGEMENT BOARD,23030106,REHABILITATION / REPAIRS - PUBLIC SCHOOLS,70922,UPPER-SECONDARY EDUCATION,20522000,ZAKI,05050123010600,Schools’ infrastructure construction and rehabilitation
Repairs of 2 bedrooms staff Quarters at GGC. K/Madaki,15000000.0,15000000.0,0.0,15000000.0,0.0,349,0.49973,0.51821,051700400100,SPECIAL SCHOOLS MANAGEMENT BOARD,23030101,REHABILITATION / REPAIRS OF RESIDENTIAL BUILDING,70922,UPPER-SECONDARY EDUCATION,20510800,GANJUWA,05050123010700,Schools’ infrastructure construction and rehabilitation
Repairs of 2 bedrooms Staff Quarter GC. Toro,80000000.0,80000000.0,0.0,100000000.0,0.0,349,0.51065,0.52913,051700400100,SPECIAL SCHOOLS MANAGEMENT BOARD,23030101,REHABILITATION / REPAIRS OF RESIDENTIAL BUILDING,70922,UPPER-SECONDARY EDUCATION,20531800,TORO,05050123010800,Schools’ infrastructure construction and rehabilitation
Repairs of 3 Classrooms and 4 Offices in Jibril Aminu Modern Primary and secondary School in Dan Iya Ward,80000000.0,80000000.0,0.0,100000000.0,0.0,349,0.52073,0.53921,051700400100,SPECIAL SCHOOLS MANAGEMENT BOARD,23030106,REHABILITATION / REPAIRS - PUBLIC SCHOOLS,70922,UPPER-SECONDARY EDUCATION,20530200,BAUCHI,05050123010900,Schools’ infrastructure construction and rehabilitation
Suppervision of Schools Projects under Construction and Renovation at Special Schools Management Board for quality assuarance,60000000.0,60000000.0,9700000.0,40000000.0,0.0,349,0.53165,0.55012,051700400100,SPECIAL SCHOOLS MANAGEMENT BOARD,23050103,MONITORING AND EVALUATION,70922,UPPER-SECONDARY EDUCATION,20542400,STATE WIDE,05040123011000,All levels of education quality assurance
Establishment of School Gardens in Secondary Schools,0.0,0.0,0.0,200000000.0,0.0,349,0.54257,0.56104,051700400100,SPECIAL SCHOOLS MANAGEMENT BOARD,23020113,CONSTRUCTION / PROVISION OF AGRICULTURAL FACILITIES,70922,UPPER-SECONDARY EDUCATION,20542400,STATE WIDE,05040123011000,All levels of education quality assurance
Fencing of Special School Kafin Madaki,0.0,0.0,0.0,100000000.0,0.0,349,0.55264,0.57112,051700400100,SPECIAL SCHOOLS MANAGEMENT BOARD,23020118,CONSTRUCTION / PROVISION OF INFRASTRUCTURE,70922,UPPER-SECONDARY EDUCATION,20531800,TORO,05050523010400,School safety
Construction of Drainages and Walk Ways at Special School Azare,0.0,0.0,0.0,200000000.0,0.0,349,0.56356,0.58204,051700400100,SPECIAL SCHOOLS MANAGEMENT BOARD,23020118,CONSTRUCTION / PROVISION OF INFRASTRUCTURE,70922,UPPER-SECONDARY EDUCATION,20521200,KATAGUM,05050523010400,School safety
Provision of 5 No. Computers for the State Library Board,50000000.0,50000000.0,0.0,0.0,0.0,349,0.61732,0.63579,051700500100,STATE LIBRARY BOARD,23010113,PURCHASE OF COMPUTERS,70961,SUBSIDIARY SERVICES TO EDUCATION,20530200,BAUCHI,05060123011100,"ICT equipment, software and expertise"
Provision of 3 No. Photocoying Machine,5000000.0,5000000.0,7350000.0,0.0,0.0,349,0.62823,0.64671,051700500100,STATE LIBRARY BOARD,23010115,PURCHASE OF PHOTOCOPYING MACHINES,70961,SUBSIDIARY SERVICES TO EDUCATION,20530200,BAUCHI,05060123011200,"ICT equipment, software and expertise"
Provision of assorted and professional text Books,10000000.0,10000000.0,0.0,30000000.0,0.0,349,0.63831,0.65679,051700500100,STATE LIBRARY BOARD,23010125,PURCHASE OF LIBRARY BOOKS & EQUIPMENT,70961,SUBSIDIARY SERVICES TO EDUCATION,20542400,STATE WIDE,05040223011300,Instructional and learning materials
Construction of ICT Infrastructures at the State Library Headquarters,10000000.0,10000000.0,900000.0,100000000.0,0.0,349,0.64923,0.66771,051700500100,STATE LIBRARY BOARD,23020127,CONSTRUCTION OF ICT INFRASTRUCTURES,70961,SUBSIDIARY SERVICES TO EDUCATION,20530200,BAUCHI,05060123011400,"ICT equipment, software and expertise"
Renovation and Repairs of State Library Building,100000000.0,100000000.0,820000.0,100000000.0,0.0,349,0.66015,0.67863,051700500100,STATE LIBRARY BOARD,23030110,REHABILITATION / REPAIRS - LIBRARIES,70961,SUBSIDIARY SERVICES TO EDUCATION,20530200,BAUCHI,05050123011500,Schools’ infrastructure construction and rehabilitation
Construction of E-Library at State Library Complex,2000000.0,2000000.0,0.0,100000000.0,0.0,349,0.67023,0.68871,051700500100,STATE LIBRARY BOARD,23020127,CONSTRUCTION OF ICT INFRASTRUCTURES,70961,SUBSIDIARY SERVICES TO EDUCATION,20530200,BAUCHI,05050123011600,Schools’ infrastructure construction and rehabilitation
Construction and Provision of Zonal Library at Alkaleri,349000000.0,349000000.0,0.0,300000000.0,0.0,349,0.68115,0.69962,051700500100,STATE LIBRARY BOARD,23020111,CONSTRUCTION / PROVISION OF LIBRARIES,70961,SUBSIDIARY SERVICES TO EDUCATION,20530100,ALKALERI,05050123011700,Schools’ infrastructure construction and rehabilitation
Construction and Provision of Zonal Library at Ningi,349000000.0,349000000.0,0.0,300000000.0,0.0,349,0.69206,0.71054,051700500100,STATE LIBRARY BOARD,23020111,CONSTRUCTION / PROVISION OF LIBRARIES,70961,SUBSIDIARY SERVICES TO EDUCATION,20511500,NINGI,05050123011800,Schools’ infrastructure construction and rehabilitation
Purchase of 30 Units of office Tables & Chairs/fittings,350000000.0,350000000.0,36000000.0,20000000.0,0.0,349,0.70298,0.72146,051700500100,STATE LIBRARY BOARD,23010112,PURCHASE OF OFFICE FURNITURE AND FITTINGS,70961,SUBSIDIARY SERVICES TO EDUCATION,20530200,BAUCHI,05050223011900,Furnishing
Computer software acquisition,4250000.0,4250000.0,1376000.0,0.0,0.0,349,0.71306,0.73154,051700500100,STATE LIBRARY BOARD,23050102,COMPUTER SOFTWARE ACQUISITION,70961,SUBSIDIARY SERVICES TO EDUCATION,20530200,BAUCHI,05060123012000,"ICT equipment, software and expertise"
Renovation of Zonal Library Azare,0.0,0.0,0.0,100000000.0,0.0,349,0.72398,0.74246,051700500100,STATE LIBRARY BOARD,23030110,REHABILITATION / REPAIRS - LIBRARIES,70961,SUBSIDIARY SERVICES TO EDUCATION,20521200,KATAGUM,05060123012000,"ICT equipment, software and expertise"
Purchase 50 nos. Motorcycles to Nomadic Teachers for Supervision,12000000.0,12000000.0,24000000.0,80000000.0,0.0,349,0.77773,0.79621,051700600100,BAUCHI STATE AGENCY FOR NOMADIC EDUCATION,23010104,PURCHASE MOTOR CYCLES,70912,PRIMARY EDUCATION,20530200,BAUCHI,05030323012100,Nomadic and migrants’ education
purchase of 2 units desktop Computers,1000000.0,1000000.0,0.0,5000000.0,0.0,349,0.78781,0.80629,051700600100,BAUCHI STATE AGENCY FOR NOMADIC EDUCATION,23010113,PURCHASE OF COMPUTERS,70912,PRIMARY EDUCATION,20530200,BAUCHI,05030323012100,Nomadic and migrants’ education
"Provision and Supply of 5 Units Office Tables, Chairs, and other Equipment",23000000.0,23000000.0,0.0,5000000.0,0.0,349,0.79873,0.81721,051700600100,BAUCHI STATE AGENCY FOR NOMADIC EDUCATION,23010112,PURCHASE OF OFFICE FURNITURE AND FITTINGS,70912,PRIMARY EDUCATION,20530200,BAUCHI,05030323005900,Nomadic and migrants’ education
Purchase of 300 Nos. Classroom Chairs and Tables for Nomadic Schools in Bauchi Local Government,25000000.0,25000000.0,0.0,15000000.0,0.0,349,0.80965,0.82813,051700600100,BAUCHI STATE AGENCY FOR NOMADIC EDUCATION,23010112,PURCHASE OF OFFICE FURNITURE AND FITTINGS,70912,PRIMARY EDUCATION,20530200,BAUCHI,05030323006000,Nomadic and migrants’ education
Purchase of 300 Nos. Classroom Chairs and Tables for Nomadic Schools in Misau Local Government,25000000.0,25000000.0,0.0,15000000.0,0.0,349,0.82057,0.83904,051700600100,BAUCHI STATE AGENCY FOR NOMADIC EDUCATION,23010112,PURCHASE OF OFFICE FURNITURE AND FITTINGS,70912,PRIMARY EDUCATION,20511400,MISAU,05030323006100,Nomadic and migrants’ education
Purchase of 300 Nos. Classroom Chairs and Tables for Nomadic Schools in Katagum Local Government,25000000.0,25000000.0,0.0,15000000.0,0.0,349,0.83065,0.84912,051700600100,BAUCHI STATE AGENCY FOR NOMADIC EDUCATION,23010112,PURCHASE OF OFFICE FURNITURE AND FITTINGS,70912,PRIMARY EDUCATION,20521200,KATAGUM,05030323006200,Nomadic and migrants’ education
Purchase of Instructional materials for nomadic schools to Facilitate Teaching and Learning,26800000.0,26800000.0,0.0,5000000.0,0.0,349,0.84156,0.86004,051700600100,BAUCHI STATE AGENCY FOR NOMADIC EDUCATION,23010124,PURCHASE OF TEACHING / LEARNING AID EQUIPMENT,70912,PRIMARY EDUCATION,20542400,STATE WIDE,05030323006300,Nomadic and migrants’ education
Purchase of Sporting and Games Facilities and equipment for nomadic schools in the State.,500000.0,500000.0,0.0,500000.0,0.0,349,0.85248,0.87096,051700600100,BAUCHI STATE AGENCY FOR NOMADIC EDUCATION,23010126,PURCHASE OF SPORTING / GAMING EQUIPMENT,70912,PRIMARY EDUCATION,20542400,STATE WIDE,05030323006400,Nomadic and migrants’ education
Construction of Classrooms at Nomadic School Katagum Local Government,117000000.0,117000000.0,0.0,50000000.0,0.0,349,0.86256,0.88104,051700600100,BAUCHI STATE AGENCY FOR NOMADIC EDUCATION,23020107,CONSTRUCTION / PROVISION OF PUBLIC SCHOOLS,70912,PRIMARY EDUCATION,20521200,KATAGUM,05030323006500,Nomadic and migrants’ education
Renovation of Office Building at Nomadic Education Agency Bauchi,23000000.0,23000000.0,0.0,3000000.0,0.0,349,0.87348,0.89196,051700600100,BAUCHI STATE AGENCY FOR NOMADIC EDUCATION,23030121,REHABILITATION / REPAIRS OF OFFICE BUILDINGS,70912,PRIMARY EDUCATION,20530200,BAUCHI,05030323006600,Nomadic and migrants’ education
Renovation of classrooms for Nomadic Schools in the State,10000000.0,10000000.0,0.0,450000000.0,0.0,349,0.8844,0.90288,051700600100,BAUCHI STATE AGENCY FOR NOMADIC EDUCATION,23030106,REHABILITATION / REPAIRS - PUBLIC SCHOOLS,70912,PRIMARY EDUCATION,20511400,MISAU,05030323006700,Nomadic and migrants’ education
Supervision of Nomadic Schools Projects under Construction and Renovation,60000000.0,60000000.0,3939343.94,15000000.0,0.0,349,0.89532,0.91379,051700600100,BAUCHI STATE AGENCY FOR NOMADIC EDUCATION,23050103,MONITORING AND EVALUATION,70912,PRIMARY EDUCATION,20542400,STATE WIDE,05030323006800,Nomadic and migrants’ education
Establishment of School Gardens in Nomadic Schools,0.0,0.0,0.0,100000000.0,100000000.0,350,0.09323,0.1117,051700600100,BAUCHI STATE AGENCY FOR NOMADIC EDUCATION,23020113,CONSTRUCTION / PROVISION OF AGRICULTURAL FACILITIES,70912,PRIMARY EDUCATION,20542400,STATE WIDE,05030323006800,Nomadic and migrants’ education
"Provision and Supply of 20 Units Office Tables, Chairs, and other Equipment",11811850.0,11811850.0,0.0,10000000.0,0.0,350,0.14698,0.16546,051700800100,TEACHERS' SERVICE COMMISSION,23010112,PURCHASE OF OFFICE FURNITURE AND FITTINGS,70922,UPPER-SECONDARY EDUCATION,20530200,BAUCHI,05050223013100,Furnishing
Purchase of 2 nos. of Desktop Computers,4800000.0,4800000.0,1214000.0,0.0,0.0,350,0.1579,0.17638,051700800100,TEACHERS' SERVICE COMMISSION,23010113,PURCHASE OF COMPUTERS,70922,UPPER-SECONDARY EDUCATION,20530200,BAUCHI,05060123013200,"ICT equipment, software and expertise"
Purchase of 3 nos. of Computers Printers,2250000.0,2250000.0,0.0,0.0,0.0,350,0.16798,0.18645,051700800100,TEACHERS' SERVICE COMMISSION,23010114,PURCHASE OF COMPUTER PRINTERS,70922,UPPER-SECONDARY EDUCATION,20530200,BAUCHI,05060123013300,"ICT equipment, software and expertise"
Provision of 1 no. of Photocopying Machine,1350000.0,1350000.0,0.0,0.0,0.0,350,0.1789,0.19737,051700800100,TEACHERS' SERVICE COMMISSION,23010115,PURCHASE OF PHOTOCOPYING MACHINES,70922,UPPER-SECONDARY EDUCATION,20530200,BAUCHI,05060123013400,"ICT equipment, software and expertise"
Purchase of 1 Unit 160 KVA Maikano Generating Set,1500000.0,1500000.0,0.0,5500000.0,0.0,350,0.18981,0.20829,051700800100,TEACHERS' SERVICE COMMISSION,23010119,PURCHASE OF POWER GENERATING SET,70922,UPPER-SECONDARY EDUCATION,20530200,BAUCHI,05050123013500,Schools’ infrastructure construction and rehabilitation
Renovation and Repairs Office Building at Teachers Service Commission,7000000.0,7000000.0,0.0,10000000.0,0.0,350,0.20073,0.21921,051700800100,TEACHERS' SERVICE COMMISSION,23030121,REHABILITATION / REPAIRS OF OFFICE BUILDINGS,70922,UPPER-SECONDARY EDUCATION,20530200,BAUCHI,05050123013600,Schools’ infrastructure construction and rehabilitation
Suppervision of Projects and Programmes at Teachers Service Commission,500000.0,500000.0,0.0,5000000.0,0.0,350,0.21081,0.22929,051700800100,TEACHERS' SERVICE COMMISSION,23050103,MONITORING AND EVALUATION,70922,UPPER-SECONDARY EDUCATION,20530200,BAUCHI,05060323013800,Data and data management
Purchae of one (1) 18 Seater Toyota Bus,20000000.0,20000000.0,0.0,0.0,0.0,350,0.26456,0.28304,057000100100,MINISTRY OF HIGHER EDUCATION,23010108,PURCHASE OF BUSES,70961,SUBSIDIARY SERVICES TO EDUCATION,20530200,BAUCHI,05010323013900,Education sector coordination mechanisms
Purchase of Office Tables and Chairs 15 Nos. for the Principal Officers,15000000.0,15000000.0,0.0,18000000.0,0.0,350,0.27548,0.29396,057000100100,MINISTRY OF HIGHER EDUCATION,23010112,PURCHASE OF OFFICE FURNITURE AND FITTINGS,70961,SUBSIDIARY SERVICES TO EDUCATION,20530200,BAUCHI,05010323014000,Education sector coordination mechanisms
Purchase of Office Tables for the Principal Officers,15000000.0,15000000.0,0.0,0.0,0.0,350,0.28556,0.30404,057000100100,MINISTRY OF HIGHER EDUCATION,23010112,PURCHASE OF OFFICE FURNITURE AND FITTINGS,70961,SUBSIDIARY SERVICES TO EDUCATION,20530200,BAUCHI,05010323014100,Education sector coordination mechanisms
Purchase of 10 Nos HP Laptop Computers for the Staff,5000000.0,5000000.0,0.0,0.0,0.0,350,0.29648,0.31496,057000100100,MINISTRY OF HIGHER EDUCATION,23010113,PURCHASE OF COMPUTERS,70961,SUBSIDIARY SERVICES TO EDUCATION,20530200,BAUCHI,05010323014200,Education sector coordination mechanisms
Purchase of 15 Nos. of HP Desktop Computers for the Staff,5000000.0,5000000.0,0.0,0.0,0.0,350,0.3074,0.32588,057000100100,MINISTRY OF HIGHER EDUCATION,23010113,PURCHASE OF COMPUTERS,70961,SUBSIDIARY SERVICES TO EDUCATION,20530200,BAUCHI,05010323014300,Education sector coordination mechanisms
Purchase of 10 Nos. of HP Computer Printers for the Staff,2000000.0,2000000.0,0.0,0.0,0.0,350,0.31832,0.33679,057000100100,MINISTRY OF HIGHER EDUCATION,23010114,PURCHASE OF COMPUTER PRINTERS,70961,SUBSIDIARY SERVICES TO EDUCATION,20530200,BAUCHI,05010323014400,Education sector coordination mechanisms
Purchase of 3 Nos. of Sharp Photocopying Machines,2000000.0,2000000.0,0.0,0.0,0.0,350,0.32839,0.34687,057000100100,MINISTRY OF HIGHER EDUCATION,23010115,PURCHASE OF PHOTOCOPYING MACHINES,70961,SUBSIDIARY SERVICES TO EDUCATION,20530200,BAUCHI,05010323014500,Education sector coordination mechanisms
Purchase of 2 Nos. of Shreding Machines,200000.0,200000.0,0.0,0.0,0.0,350,0.33931,0.35779,057000100100,MINISTRY OF HIGHER EDUCATION,23010117,PURCHASE OF SHREDDING MACHINES,70961,SUBSIDIARY SERVICES TO EDUCATION,20530200,BAUCHI,05010323014600,Education sector coordination mechanisms
Purchase of 10 Nos. of Scanner Machines,1000000.0,1000000.0,0.0,0.0,0.0,350,0.35023,0.36871,057000100100,MINISTRY OF HIGHER EDUCATION,23010118,PURCHASE OF SCANNERS,70961,SUBSIDIARY SERVICES TO EDUCATION,20530200,BAUCHI,05010323014700,Education sector coordination mechanisms
Purchase of 1 No. of 5KVA Generator Set,5000000.0,5000000.0,0.0,3000000.0,0.0,350,0.36031,0.37879,057000100100,MINISTRY OF HIGHER EDUCATION,23010119,PURCHASE OF POWER GENERATING SET,70961,SUBSIDIARY SERVICES TO EDUCATION,20530200,BAUCHI,05010323014800,Education sector coordination mechanisms
Purchase of 5 Nos. of Security Detectors and Surveillance Equipment.,5000000.0,5000000.0,0.0,6000000.0,0.0,350,0.37123,0.38971,057000100100,MINISTRY OF HIGHER EDUCATION,23010128,PURCHASE OF SECURITY EQUIPMENT,70961,SUBSIDIARY SERVICES TO EDUCATION,20530200,BAUCHI,05010323014900,Education sector coordination mechanisms
Provision of Instructional Materials for CASS Ningi,20000000.0,20000000.0,0.0,25000000.0,0.0,350,0.38215,0.40062,057000100100,MINISTRY OF HIGHER EDUCATION,23010124,PURCHASE OF TEACHING / LEARNING AID EQUIPMENT,70961,SUBSIDIARY SERVICES TO EDUCATION,20511500,NINGI,05040223015000,Instructional and learning materials
Provision Of Infrastructures and Facilities for the Improvement of Teaching and Learning at CASS Ningi,100000000.0,100000000.0,129106115.4,150000000.0,0.0,350,0.39307,0.41154,057000100100,MINISTRY OF HIGHER EDUCATION,23020118,CONSTRUCTION / PROVISION OF INFRASTRUCTURE,70961,SUBSIDIARY SERVICES TO EDUCATION,20511500,NINGI,05050123015100,Schools’ infrastructure construction and rehabilitation
Renovation and Repairs of Classroom Blocks at CASS Ningi,50000000.0,50000000.0,0.0,70000000.0,0.0,350,0.40314,0.42162,057000100100,MINISTRY OF HIGHER EDUCATION,23030106,REHABILITATION / REPAIRS - PUBLIC SCHOOLS,70961,SUBSIDIARY SERVICES TO EDUCATION,20511500,NINGI,05050123015200,Schools’ infrastructure construction and rehabilitation
Accreditation Preparation/Equipments for State Owned Higher Institutions,1500000000.0,800000000.0,1131158876.5,2000000000.0,0.0,350,0.41406,0.43254,057000100100,MINISTRY OF HIGHER EDUCATION,23010124,PURCHASE OF TEACHING / LEARNING AID EQUIPMENT,70961,SUBSIDIARY SERVICES TO EDUCATION,20542400,STATE WIDE,05100123015300,Education Not Elsewhere Classified
Construction of 15 No Classrooms at Abubakar Tatari Ali Polytechnic Bauchi,0.0,0.0,0.0,50000000.0,0.0,350,0.42498,0.44346,057000100100,MINISTRY OF HIGHER EDUCATION,23020107,CONSTRUCTION / PROVISION OF PUBLIC SCHOOLS,70961,SUBSIDIARY SERVICES TO EDUCATION,20530200,BAUCHI,05050126000100,Schools’ infrastructure construction and rehabilitation
"Construction of 15 No Classrooms at Bauchi State College of Agriculture, Science and Environmental Technology",0.0,0.0,0.0,500000000.0,0.0,350,0.43506,0.45354,057000100100,MINISTRY OF HIGHER EDUCATION,23020107,CONSTRUCTION / PROVISION OF PUBLIC SCHOOLS,70961,SUBSIDIARY SERVICES TO EDUCATION,20530200,BAUCHI,05050126000200,Schools’ infrastructure construction and rehabilitation
"Construction of 20 No Classroom at Sa'adu Zungur University, Gadau",0.0,0.0,0.0,50000000.0,0.0,350,0.44598,0.46446,057000100100,MINISTRY OF HIGHER EDUCATION,23020107,CONSTRUCTION / PROVISION OF PUBLIC SCHOOLS,70961,SUBSIDIARY SERVICES TO EDUCATION,20521000,ITAS GADAU,05050126000300,Schools’ infrastructure construction and rehabilitation
Construction of 10 No Classroom at College of Education (Technical) Dass,0.0,0.0,0.0,500000000.0,0.0,350,0.4569,0.47537,057000100100,MINISTRY OF HIGHER EDUCATION,23020107,CONSTRUCTION / PROVISION OF PUBLIC SCHOOLS,70961,SUBSIDIARY SERVICES TO EDUCATION,20530600,DASS,05050126000400,Schools’ infrastructure construction and rehabilitation
Construction of 1 No Lecture Theatre at Adamu Tafawa Balewa College of Education Kangere,0.0,0.0,0.0,500000000.0,0.0,350,0.46782,0.48629,057000100100,MINISTRY OF HIGHER EDUCATION,23020107,CONSTRUCTION / PROVISION OF PUBLIC SCHOOLS,70961,SUBSIDIARY SERVICES TO EDUCATION,20530200,BAUCHI,05050126000500,Schools’ infrastructure construction and rehabilitation
"Construction of 1 No Lecture Theatre at Bauchi State College of Agriculture, Science and Environmental Technology",0.0,0.0,0.0,500000000.0,0.0,350,0.47789,0.49637,057000100100,MINISTRY OF HIGHER EDUCATION,23020107,CONSTRUCTION / PROVISION OF PUBLIC SCHOOLS,70961,SUBSIDIARY SERVICES TO EDUCATION,20530200,BAUCHI,05050126000600,Schools’ infrastructure construction and rehabilitation
Construction of 1 No Lecture Theatre at College of Education (Technical) Dass,0.0,0.0,0.0,500000000.0,0.0,350,0.48881,0.50729,057000100100,MINISTRY OF HIGHER EDUCATION,23020107,CONSTRUCTION / PROVISION OF PUBLIC SCHOOLS,70961,SUBSIDIARY SERVICES TO EDUCATION,20530600,DASS,05050126000700,Schools’ infrastructure construction and rehabilitation
Construction of 1 No Lecture Theatre at College of Administration and Social Studies Ningi,0.0,0.0,0.0,500000000.0,0.0,350,0.49973,0.51821,057000100100,MINISTRY OF HIGHER EDUCATION,23020107,CONSTRUCTION / PROVISION OF PUBLIC SCHOOLS,70961,SUBSIDIARY SERVICES TO EDUCATION,20511500,NINGI,05050126000800,Schools’ infrastructure construction and rehabilitation
"Construction of 2 Nos Blocks of Hostels at Sa'adu Zungur University Gadau, Yuli Campuses",0.0,0.0,0.0,850000000.0,0.0,350,0.51065,0.52913,057000100100,MINISTRY OF HIGHER EDUCATION,23020107,CONSTRUCTION / PROVISION OF PUBLIC SCHOOLS,70961,SUBSIDIARY SERVICES TO EDUCATION,20530200,BAUCHI,05050126000900,Schools’ infrastructure construction and rehabilitation
Construction of 1 No Block of Hostel at College of Education (Technical) Dass,0.0,0.0,0.0,350000000.0,0.0,350,0.52073,0.53921,057000100100,MINISTRY OF HIGHER EDUCATION,23020107,CONSTRUCTION / PROVISION OF PUBLIC SCHOOLS,70961,SUBSIDIARY SERVICES TO EDUCATION,20530600,DASS,05050126001000,Schools’ infrastructure construction and rehabilitation
"Construction of 1 No Block Hostel at Bauchi State College of Agriculture, Science and Environmental Technology",0.0,0.0,0.0,350000000.0,0.0,350,0.53165,0.55012,057000100100,MINISTRY OF HIGHER EDUCATION,23020107,CONSTRUCTION / PROVISION OF PUBLIC SCHOOLS,70961,SUBSIDIARY SERVICES TO EDUCATION,20530200,BAUCHI,05050126001100,Schools’ infrastructure construction and rehabilitation
Construction of 1 No Block Hostel at College of Administration and Social Studies Ningi,0.0,0.0,0.0,350000000.0,0.0,350,0.54257,0.56104,057000100100,MINISTRY OF HIGHER EDUCATION,23020107,CONSTRUCTION / PROVISION OF PUBLIC SCHOOLS,70961,SUBSIDIARY SERVICES TO EDUCATION,20511500,NINGI,05050126001200,Schools’ infrastructure construction and rehabilitation
Construction of Administrative Block at College of Education (Technical) Dass,0.0,0.0,0.0,500000000.0,0.0,350,0.55264,0.57112,057000100100,MINISTRY OF HIGHER EDUCATION,23020107,CONSTRUCTION / PROVISION OF PUBLIC SCHOOLS,70961,SUBSIDIARY SERVICES TO EDUCATION,20530600,DASS,05050126001300,Schools’ infrastructure construction and rehabilitation
"Construction of Administrative Block at Bauchi State College of Agriculture, Science and Environmental Technology Bauchi",0.0,0.0,0.0,500000000.0,0.0,350,0.56356,0.58204,057000100100,MINISTRY OF HIGHER EDUCATION,23020107,CONSTRUCTION / PROVISION OF PUBLIC SCHOOLS,70961,SUBSIDIARY SERVICES TO EDUCATION,20530200,BAUCHI,05050126001400,Schools’ infrastructure construction and rehabilitation
"Construction of Main Store at College of Education Technical,Dass",0.0,0.0,0.0,100000000.0,0.0,350,0.57448,0.59296,057000100100,MINISTRY OF HIGHER EDUCATION,23020107,CONSTRUCTION / PROVISION OF PUBLIC SCHOOLS,70961,SUBSIDIARY SERVICES TO EDUCATION,20530600,DASS,05050126001500,Schools’ infrastructure construction and rehabilitation
"Construction of ICT Center at College of Education Technical,Dass",0.0,0.0,0.0,200000000.0,0.0,350,0.5854,0.60388,057000100100,MINISTRY OF HIGHER EDUCATION,23020127,CONSTRUCTION OF ICT INFRASTRUCTURES,70961,SUBSIDIARY SERVICES TO EDUCATION,20530600,DASS,05050126001600,Schools’ infrastructure construction and rehabilitation
"Construction of Center for Educational Technology at College of Education Technical,Dass",0.0,0.0,0.0,200000000.0,0.0,350,0.59548,0.61396,057000100100,MINISTRY OF HIGHER EDUCATION,23020127,CONSTRUCTION OF ICT INFRASTRUCTURES,70961,SUBSIDIARY SERVICES TO EDUCATION,20530600,DASS,05050126001700,Schools’ infrastructure construction and rehabilitation
"Construction of Library Complex at College of Education Technical,Dass",0.0,0.0,0.0,200000000.0,0.0,350,0.6064,0.62487,057000100100,MINISTRY OF HIGHER EDUCATION,23020111,CONSTRUCTION / PROVISION OF LIBRARIES,70961,SUBSIDIARY SERVICES TO EDUCATION,20530600,DASS,05050126001800,Schools’ infrastructure construction and rehabilitation
Construction of Staff Quarters Sa'adu Zungur University Gadau,0.0,0.0,0.0,700000000.0,0.0,350,0.61732,0.63579,057000100100,MINISTRY OF HIGHER EDUCATION,23020102,CONSTRUCTION / PROVISION OF RESIDENTIAL BUILDINGS,70961,SUBSIDIARY SERVICES TO EDUCATION,20530200,BAUCHI,05050126001900,Schools’ infrastructure construction and rehabilitation
"Repairs of Staff Quarters at Adamu Tafawa Balewa College of Education, Kangere",0.0,0.0,0.0,300000000.0,0.0,350,0.62823,0.64671,057000100100,MINISTRY OF HIGHER EDUCATION,23030101,REHABILITATION / REPAIRS OF RESIDENTIAL BUILDING,70961,SUBSIDIARY SERVICES TO EDUCATION,20530200,BAUCHI,05050126002000,Schools’ infrastructure construction and rehabilitation
Repairs of Staff Quarters at Aminu Saleh College of Education Azare,0.0,0.0,0.0,500000000.0,0.0,350,0.63831,0.65679,057000100100,MINISTRY OF HIGHER EDUCATION,23030106,REHABILITATION / REPAIRS - PUBLIC SCHOOLS,70961,SUBSIDIARY SERVICES TO EDUCATION,20521200,KATAGUM,05050126002100,Schools’ infrastructure construction and rehabilitation
"Repairs of Staff Quarters at A.D. Rufa'I College of Education, Legal and General Studies Misau",0.0,0.0,0.0,500000000.0,0.0,350,0.64923,0.66771,057000100100,MINISTRY OF HIGHER EDUCATION,23030101,REHABILITATION / REPAIRS OF RESIDENTIAL BUILDING,70961,SUBSIDIARY SERVICES TO EDUCATION,20511400,MISAU,05050126002200,Schools’ infrastructure construction and rehabilitation
Repairs of Staff Quarters College of Education (Technical) Dass,0.0,0.0,0.0,500000000.0,0.0,350,0.66015,0.67863,057000100100,MINISTRY OF HIGHER EDUCATION,23030101,REHABILITATION / REPAIRS OF RESIDENTIAL BUILDING,70961,SUBSIDIARY SERVICES TO EDUCATION,20530200,BAUCHI,05050126002300,Schools’ infrastructure construction and rehabilitation
"Construction of Wall Fence at Sa'adu Zungur University Campus (Gadau, Misau and Yuli)",0.0,0.0,0.0,2000000000.0,0.0,350,0.67023,0.68871,057000100100,MINISTRY OF HIGHER EDUCATION,23020107,CONSTRUCTION / PROVISION OF PUBLIC SCHOOLS,70961,SUBSIDIARY SERVICES TO EDUCATION,20530200,BAUCHI,05050126002400,Schools’ infrastructure construction and rehabilitation
Construction of Wall Fence at Abubakar Tatari Ali Polytechnic Bauchi,0.0,0.0,0.0,1050000000.0,0.0,350,0.68115,0.69962,057000100100,MINISTRY OF HIGHER EDUCATION,23020107,CONSTRUCTION / PROVISION OF PUBLIC SCHOOLS,70961,SUBSIDIARY SERVICES TO EDUCATION,20530200,BAUCHI,05050126002500,Schools’ infrastructure construction and rehabilitation
Construction of Wall Fence at College of Education (Technical) Dass,0.0,0.0,0.0,750000000.0,0.0,350,0.69206,0.71054,057000100100,MINISTRY OF HIGHER EDUCATION,23020107,CONSTRUCTION / PROVISION OF PUBLIC SCHOOLS,70961,SUBSIDIARY SERVICES TO EDUCATION,20530600,DASS,05050126002600,Schools’ infrastructure construction and rehabilitation
Construction of Wall Fence at College of Administration and Social Studies Ningi,0.0,0.0,0.0,500000000.0,0.0,350,0.70298,0.72146,057000100100,MINISTRY OF HIGHER EDUCATION,23020107,CONSTRUCTION / PROVISION OF PUBLIC SCHOOLS,70961,SUBSIDIARY SERVICES TO EDUCATION,20511500,NINGI,05050126002700,Schools’ infrastructure construction and rehabilitation
Repairs of Fence at Adamu Tafawa Balewa College of Education Kangere,0.0,0.0,0.0,200000000.0,0.0,350,0.71306,0.73154,057000100100,MINISTRY OF HIGHER EDUCATION,23030106,REHABILITATION / REPAIRS - PUBLIC SCHOOLS,70961,SUBSIDIARY SERVICES TO EDUCATION,20530200,BAUCHI,05050126002800,Schools’ infrastructure construction and rehabilitation
Repairs of Fence at ADRCOELEGS Misau,0.0,0.0,0.0,200000000.0,0.0,350,0.72398,0.74246,057000100100,MINISTRY OF HIGHER EDUCATION,23030106,REHABILITATION / REPAIRS - PUBLIC SCHOOLS,70961,SUBSIDIARY SERVICES TO EDUCATION,20511400,MISAU,05050126002900,Schools’ infrastructure construction and rehabilitation
"Construction and Equiping of 5Nos. Technical Workshop at Bauchi State College of Agriculture, Science and Environmental Technology Bauchi",0.0,0.0,0.0,800000000.0,0.0,350,0.7349,0.75338,057000100100,MINISTRY OF HIGHER EDUCATION,23020107,CONSTRUCTION / PROVISION OF PUBLIC SCHOOLS,70961,SUBSIDIARY SERVICES TO EDUCATION,20530200,BAUCHI,05050126003000,Schools’ infrastructure construction and rehabilitation
Construction and Equiping of 6 No Technical Workshops at COET Dass and ATBCOE Kangere),0.0,0.0,0.0,800000000.0,0.0,350,0.74498,0.76345,057000100100,MINISTRY OF HIGHER EDUCATION,23020107,CONSTRUCTION / PROVISION OF PUBLIC SCHOOLS,70961,SUBSIDIARY SERVICES TO EDUCATION,20530200,BAUCHI,05050126003100,Schools’ infrastructure construction and rehabilitation
Construction and Equiping of 2 No Technical Workshops at ATBCOE Kangere,0.0,0.0,0.0,500000000.0,0.0,350,0.7559,0.77437,057000100100,MINISTRY OF HIGHER EDUCATION,23020107,CONSTRUCTION / PROVISION OF PUBLIC SCHOOLS,70961,SUBSIDIARY SERVICES TO EDUCATION,20530200,BAUCHI,05050126003200,Schools’ infrastructure construction and rehabilitation
"Construction and Equiping of 4 No Science Laboratories at Bauchi State College of Agriculture, Science and Environmental Technology Bauchi",0.0,0.0,0.0,600000000.0,0.0,350,0.76681,0.78529,057000100100,MINISTRY OF HIGHER EDUCATION,23020107,CONSTRUCTION / PROVISION OF PUBLIC SCHOOLS,70961,SUBSIDIARY SERVICES TO EDUCATION,20530200,BAUCHI,05050126003300,Schools’ infrastructure construction and rehabilitation
Construction and Equiping of 4 No Science Laboratories at COET Dass,0.0,0.0,0.0,700000000.0,0.0,350,0.77773,0.79621,057000100100,MINISTRY OF HIGHER EDUCATION,23020107,CONSTRUCTION / PROVISION OF PUBLIC SCHOOLS,70961,SUBSIDIARY SERVICES TO EDUCATION,20530600,DASS,05050126003400,Schools’ infrastructure construction and rehabilitation
Rehabilitation/Repair of Classrooms ATAP Bauchi,0.0,0.0,0.0,50000000.0,0.0,350,0.78781,0.80629,057000100100,MINISTRY OF HIGHER EDUCATION,23030106,REHABILITATION / REPAIRS - PUBLIC SCHOOLS,70961,SUBSIDIARY SERVICES TO EDUCATION,20530200,BAUCHI,05050126003500,Schools’ infrastructure construction and rehabilitation
Rehabilitation/Repair of Classrooms at COET Dass,0.0,0.0,0.0,400000000.0,0.0,350,0.79873,0.81721,057000100100,MINISTRY OF HIGHER EDUCATION,23030106,REHABILITATION / REPAIRS - PUBLIC SCHOOLS,70961,SUBSIDIARY SERVICES TO EDUCATION,20530600,DASS,05050126003600,Schools’ infrastructure construction and rehabilitation
"Rehabilitation/Repair of Classrooms at Bauchi State College of Agriculture, Science and Environmental Technology Bauchi",0.0,0.0,0.0,400000000.0,0.0,350,0.80965,0.82813,057000100100,MINISTRY OF HIGHER EDUCATION,23030106,REHABILITATION / REPAIRS - PUBLIC SCHOOLS,70961,SUBSIDIARY SERVICES TO EDUCATION,20530200,BAUCHI,05050126003700,Schools’ infrastructure construction and rehabilitation
Rehabilitation/Repair of Classrooms at CASS Ningi,0.0,0.0,0.0,400000000.0,0.0,350,0.82057,0.83904,057000100100,MINISTRY OF HIGHER EDUCATION,23030106,REHABILITATION / REPAIRS - PUBLIC SCHOOLS,70961,SUBSIDIARY SERVICES TO EDUCATION,20511500,NINGI,05050126003800,Schools’ infrastructure construction and rehabilitation
Rehabilitation/Repair of Lecture Theatre/Halls at ADRCOELEGS Misau,0.0,0.0,0.0,400000000.0,0.0,350,0.83065,0.84912,057000100100,MINISTRY OF HIGHER EDUCATION,23030106,REHABILITATION / REPAIRS - PUBLIC SCHOOLS,70961,SUBSIDIARY SERVICES TO EDUCATION,20511400,MISAU,05050126003900,Schools’ infrastructure construction and rehabilitation
Rehabilitation/Repair of Lecture Theatre/Halls at ATBCOE Kangere,0.0,0.0,0.0,100000000.0,0.0,350,0.84156,0.86004,057000100100,MINISTRY OF HIGHER EDUCATION,23030106,REHABILITATION / REPAIRS - PUBLIC SCHOOLS,70961,SUBSIDIARY SERVICES TO EDUCATION,20530200,BAUCHI,05050126004000,Schools’ infrastructure construction and rehabilitation
Rehabilitation/Repair of Students Hostels at ATB COE Kangere,0.0,0.0,0.0,100000000.0,0.0,350,0.85248,0.87096,057000100100,MINISTRY OF HIGHER EDUCATION,23030106,REHABILITATION / REPAIRS - PUBLIC SCHOOLS,70961,SUBSIDIARY SERVICES TO EDUCATION,20530200,BAUCHI,05050126004100,Schools’ infrastructure construction and rehabilitation
Rehabilitation/Repair of Students Hostels at ADRCOELEGS Misau,0.0,0.0,0.0,100000000.0,0.0,350,0.86256,0.88104,057000100100,MINISTRY OF HIGHER EDUCATION,23030106,REHABILITATION / REPAIRS - PUBLIC SCHOOLS,70961,SUBSIDIARY SERVICES TO EDUCATION,20511400,MISAU,05050126004200,Schools’ infrastructure construction and rehabilitation
Rehabilitation/Repair of Students Hostels at CASS Ningi,0.0,0.0,0.0,100000000.0,0.0,350,0.87348,0.89196,057000100100,MINISTRY OF HIGHER EDUCATION,23030106,REHABILITATION / REPAIRS - PUBLIC SCHOOLS,70961,SUBSIDIARY SERVICES TO EDUCATION,20511500,NINGI,05050126004300,Schools’ infrastructure construction and rehabilitation
Rehabilitation/Repair of Students Hostels COET Dass,0.0,0.0,0.0,100000000.0,0.0,350,0.8844,0.90288,057000100100,MINISTRY OF HIGHER EDUCATION,23030106,REHABILITATION / REPAIRS - PUBLIC SCHOOLS,70961,SUBSIDIARY SERVICES TO EDUCATION,20530600,DASS,05050126004400,Schools’ infrastructure construction and rehabilitation
Rehabilitation of Staff Quarters in 5 State Owned Tertiary Institutions.,0.0,0.0,0.0,500000000.0,0.0,350,0.89532,0.91379,057000100100,MINISTRY OF HIGHER EDUCATION,23030106,REHABILITATION / REPAIRS - PUBLIC SCHOOLS,70961,SUBSIDIARY SERVICES TO EDUCATION,20542400,STATE WIDE,05050126004700,Schools’ infrastructure construction and rehabilitation
"Repair of Staff Quarters Bauchi State College of Agriculture, Science and Environmental Technology Bauchi",0.0,0.0,0.0,500000000.0,0.0,351,0.09323,0.1117,057000100100,MINISTRY OF HIGHER EDUCATION,23030101,REHABILITATION / REPAIRS OF RESIDENTIAL BUILDING,70961,SUBSIDIARY SERVICES TO EDUCATION,20530200,BAUCHI,05050126004800,Schools’ infrastructure construction and rehabilitation
Rehabilitation and Repairs of Office Buildings at ATAP Bauchi,0.0,0.0,0.0,100000000.0,0.0,351,0.10415,0.12262,057000100100,MINISTRY OF HIGHER EDUCATION,23030106,REHABILITATION / REPAIRS - PUBLIC SCHOOLS,70961,SUBSIDIARY SERVICES TO EDUCATION,20530200,BAUCHI,05050126004900,Schools’ infrastructure construction and rehabilitation
Rehabilitation and Repairs of Office Buildings at ADRCOELEGS Misau,0.0,0.0,0.0,500000000.0,0.0,351,0.11506,0.13354,057000100100,MINISTRY OF HIGHER EDUCATION,23030106,REHABILITATION / REPAIRS - PUBLIC SCHOOLS,70961,SUBSIDIARY SERVICES TO EDUCATION,20511400,MISAU,05050126005000,Schools’ infrastructure construction and rehabilitation
"Rehabilitation and Repairs of Office Buildings at Bauchi State College of Agriculture, Science and Environmental Technology Bauchi",0.0,0.0,0.0,500000000.0,0.0,351,0.12598,0.14446,057000100100,MINISTRY OF HIGHER EDUCATION,23030106,REHABILITATION / REPAIRS - PUBLIC SCHOOLS,70961,SUBSIDIARY SERVICES TO EDUCATION,20530200,BAUCHI,05050126005100,Schools’ infrastructure construction and rehabilitation
Rehabilitation and Repairs of Office Buildings at CASS Ningi,0.0,0.0,0.0,500000000.0,0.0,351,0.13606,0.15454,057000100100,MINISTRY OF HIGHER EDUCATION,23030106,REHABILITATION / REPAIRS - PUBLIC SCHOOLS,70961,SUBSIDIARY SERVICES TO EDUCATION,20511500,NINGI,05050126005200,Schools’ infrastructure construction and rehabilitation
Costruction of Staff Quarters at ATAP Bauchi.,0.0,0.0,0.0,1000000000.0,0.0,351,0.14698,0.16546,057000100100,MINISTRY OF HIGHER EDUCATION,23020102,CONSTRUCTION / PROVISION OF RESIDENTIAL BUILDINGS,70961,SUBSIDIARY SERVICES TO EDUCATION,20542400,STATE WIDE,05050126005300,Schools’ infrastructure construction and rehabilitation
"Procurement of 2 nos. Motor Vehicle Main Campus, Gadau",100000000.0,50000000.0,0.0,100000000.0,0.0,351,0.20073,0.21921,057000200100,"SAÁDU ZUNGUR STATE UNIVERSITY, GADAU",23010105,PURCHASE OF MOTOR VEHICLES,70942,SECOND STAGE OF TERTIARY EDUCATION,20521000,ITAS GADAU,05010323015400,Education sector coordination mechanisms
"Provision of assorted text Books Main Campus, Gadau",55000000.0,55000000.0,42000000.0,42000000.0,0.0,351,0.21081,0.22929,057000200100,"SAÁDU ZUNGUR STATE UNIVERSITY, GADAU",23010124,PURCHASE OF TEACHING / LEARNING AID EQUIPMENT,70942,SECOND STAGE OF TERTIARY EDUCATION,20521000,ITAS GADAU,05040223015500,Instructional and learning materials
"Provision for Accreditation Preparedness at Main Campus, Gadau",105000000.0,105000000.0,70200000.0,0.0,0.0,351,0.22173,0.24021,057000200100,"SAÁDU ZUNGUR STATE UNIVERSITY, GADAU",23050128,ACCREDITATION PREPARATION,70942,SECOND STAGE OF TERTIARY EDUCATION,20521000,ITAS GADAU,05020623015600,Tertiary institutions’ new courses accreditation
Construction of Hostels at Bauchi Campus,500000000.0,50000000.0,0.0,0.0,0.0,351,0.23265,0.25113,057000200100,"SAÁDU ZUNGUR STATE UNIVERSITY, GADAU",23020102,CONSTRUCTION / PROVISION OF RESIDENTIAL BUILDINGS,70942,SECOND STAGE OF TERTIARY EDUCATION,20530200,BAUCHI,05050123015700,Schools’ infrastructure construction and rehabilitation
Construction of Road Network within the campuses,500000000.0,50000000.0,0.0,0.0,0.0,351,0.24273,0.2612,057000200100,"SAÁDU ZUNGUR STATE UNIVERSITY, GADAU",23020114,CONSTRUCTION / PROVISION OF ROADS,70942,SECOND STAGE OF TERTIARY EDUCATION,20542400,STATE WIDE,05050123015800,Schools’ infrastructure construction and rehabilitation
Construction of Drainages and Waterways through TETfund Projects.,500000000.0,1350000000.0,1200000000.0,1300000000.0,0.0,351,0.25365,0.27212,057000200100,"SAÁDU ZUNGUR STATE UNIVERSITY, GADAU",23020118,CONSTRUCTION / PROVISION OF INFRASTRUCTURE,70942,SECOND STAGE OF TERTIARY EDUCATION,20542400,STATE WIDE,05050123015900,Schools’ infrastructure construction and rehabilitation
Convocation Programme at Main Campus Gadau,0.0,0.0,0.0,150000000.0,0.0,351,0.26456,0.28304,057000200100,"SAÁDU ZUNGUR STATE UNIVERSITY, GADAU",23050104,ANNIVERSARIES/CELEBRATIONS,70942,SECOND STAGE OF TERTIARY EDUCATION,20542400,STATE WIDE,05100126000100,Education Not Elsewhere Classified
Purchase of 60 Nos. of Fire Fighting equipment at the Main Campus,0.0,0.0,0.0,20000000.0,0.0,351,0.27548,0.29396,057000200100,"SAÁDU ZUNGUR STATE UNIVERSITY, GADAU",23010123,PURCHASE OF FIRE FIGHTING EQUIPMENT,70942,SECOND STAGE OF TERTIARY EDUCATION,20542400,STATE WIDE,05030626000100,Emergency Response
Provision of Water Supply at Bauchi Campus Yuli,0.0,0.0,0.0,100000000.0,0.0,351,0.28556,0.30404,057000200100,"SAÁDU ZUNGUR STATE UNIVERSITY, GADAU",23020105,CONSTRUCTION / PROVISION OF WATER FACILITIES,70942,SECOND STAGE OF TERTIARY EDUCATION,20542400,STATE WIDE,05050426000100,"Water, sanitation and hygiene"
Construction of Road Networks within Aminu Saleh College of Education Azare.,50000000.0,50000000.0,0.0,0.0,0.0,351,0.33931,0.35779,057000300100,"AMINU SALEH COLLEGE OF EDUCATION, AZARE",23020114,CONSTRUCTION / PROVISION OF ROADS,70941,FIRST STAGE OF TERTIARY EDUCATION,20521200,KATAGUM,05050123016000,Schools’ infrastructure construction and rehabilitation
Construction of 2 Nos. of Lecture Theater through TETfund Projects,350000000.0,350000000.0,329800343.26,700000000.0,0.0,351,0.35023,0.36871,057000300100,"AMINU SALEH COLLEGE OF EDUCATION, AZARE",23020107,CONSTRUCTION / PROVISION OF PUBLIC SCHOOLS,70941,FIRST STAGE OF TERTIARY EDUCATION,20521200,KATAGUM,05050123016100,Schools’ infrastructure construction and rehabilitation
Renovation and Repairs of Residential Building at ASCOE Azare,30000000.0,30000000.0,0.0,0.0,0.0,351,0.36031,0.37879,057000300100,"AMINU SALEH COLLEGE OF EDUCATION, AZARE",23030101,REHABILITATION / REPAIRS OF RESIDENTIAL BUILDING,70941,FIRST STAGE OF TERTIARY EDUCATION,20521200,KATAGUM,05050123016200,Schools’ infrastructure construction and rehabilitation
Renovation and Repairs of Staff Quarters at ASCOE Azare,250000000.0,250000000.0,0.0,100000000.0,0.0,351,0.37123,0.38971,057000300100,"AMINU SALEH COLLEGE OF EDUCATION, AZARE",23030101,REHABILITATION / REPAIRS OF RESIDENTIAL BUILDING,70941,FIRST STAGE OF TERTIARY EDUCATION,20521200,KATAGUM,05050123016300,Schools’ infrastructure construction and rehabilitation
Purchase of 1 unit Motor Vehicle ( Honda Accord 2017 Model),14000000.0,14000000.0,10000000.0,0.0,0.0,351,0.38215,0.40062,057000300100,"AMINU SALEH COLLEGE OF EDUCATION, AZARE",23010105,PURCHASE OF MOTOR VEHICLES,70941,FIRST STAGE OF TERTIARY EDUCATION,20521200,KATAGUM,05010323016400,Education sector coordination mechanisms
Purchase of Land for Construction of School at COE Kangere.,660000000.0,260000000.0,0.0,685000000.0,0.0,351,0.43506,0.45354,057000400100,ADAMU TAFAWA BALEWA COLLEGE OF EDUCATION KANGERE,23010101,PURCHASE / ACQUISITION OF LAND,70941,FIRST STAGE OF TERTIARY EDUCATION,20530200,BAUCHI,05050123016500,Schools’ infrastructure construction and rehabilitation
procurement of 2 no. Saloon Motor Vehicle,20000000.0,20000000.0,3000000.0,40000000.0,0.0,351,0.44598,0.46446,057000400100,ADAMU TAFAWA BALEWA COLLEGE OF EDUCATION KANGERE,23010105,PURCHASE OF MOTOR VEHICLES,70941,FIRST STAGE OF TERTIARY EDUCATION,20530200,BAUCHI,05010323016600,Education sector coordination mechanisms
Purchase and Supply of 15 No. of Office Tables and Chairs.,2000000.0,2000000.0,490000.0,2500000.0,0.0,351,0.4569,0.47537,057000400100,ADAMU TAFAWA BALEWA COLLEGE OF EDUCATION KANGERE,23010112,PURCHASE OF OFFICE FURNITURE AND FITTINGS,70941,FIRST STAGE OF TERTIARY EDUCATION,20530200,BAUCHI,05050223016700,Furnishing
Procurement of Instructional Materials for COE Kangere,5000000.0,5000000.0,0.0,4500000.0,0.0,351,0.46782,0.48629,057000400100,ADAMU TAFAWA BALEWA COLLEGE OF EDUCATION KANGERE,23010124,PURCHASE OF TEACHING / LEARNING AID EQUIPMENT,70941,FIRST STAGE OF TERTIARY EDUCATION,20530200,BAUCHI,05040223016800,Instructional and learning materials
Procurement of 5 nos. of Desktop Computer,2500000.0,2500000.0,0.0,0.0,0.0,351,0.47789,0.49637,057000400100,ADAMU TAFAWA BALEWA COLLEGE OF EDUCATION KANGERE,23010113,PURCHASE OF COMPUTERS,70941,FIRST STAGE OF TERTIARY EDUCATION,20530200,BAUCHI,05060123016900,"ICT equipment, software and expertise"
Procurement of 5 no. computer printer,1500000.0,1500000.0,151000.0,0.0,0.0,351,0.48881,0.50729,057000400100,ADAMU TAFAWA BALEWA COLLEGE OF EDUCATION KANGERE,23010114,PURCHASE OF COMPUTER PRINTERS,70941,FIRST STAGE OF TERTIARY EDUCATION,20530200,BAUCHI,05060123017000,"ICT equipment, software and expertise"
Procurement of 5 no. Photocopying Machines,2500000.0,2500000.0,0.0,0.0,0.0,351,0.49973,0.51821,057000400100,ADAMU TAFAWA BALEWA COLLEGE OF EDUCATION KANGERE,23010115,PURCHASE OF PHOTOCOPYING MACHINES,70941,FIRST STAGE OF TERTIARY EDUCATION,20530200,BAUCHI,05060123017100,"ICT equipment, software and expertise"
Purchase of 2 Unit of Scanners,1500000.0,1500000.0,507000.0,0.0,0.0,351,0.51065,0.52913,057000400100,ADAMU TAFAWA BALEWA COLLEGE OF EDUCATION KANGERE,23010118,PURCHASE OF SCANNERS,70941,FIRST STAGE OF TERTIARY EDUCATION,20530200,BAUCHI,05060123017200,"ICT equipment, software and expertise"
Purchase of 3 Unit of Power Generating Set,2500000.0,2500000.0,0.0,3000000.0,0.0,351,0.52073,0.53921,057000400100,ADAMU TAFAWA BALEWA COLLEGE OF EDUCATION KANGERE,23010119,PURCHASE OF POWER GENERATING SET,70941,FIRST STAGE OF TERTIARY EDUCATION,20530200,BAUCHI,05050123017300,Schools’ infrastructure construction and rehabilitation
Purchase of Residential 5 Nos. of Executive Chairs and Tables for the Principal Officers of COE Kangere,3500000.0,3500000.0,0.0,5000000.0,0.0,351,0.53165,0.55012,057000400100,ADAMU TAFAWA BALEWA COLLEGE OF EDUCATION KANGERE,23010121,PURCHASE OF RESIDENTIAL FURNITURE,70941,FIRST STAGE OF TERTIARY EDUCATION,20530200,BAUCHI,05050223017400,Furnishing
"Purchase of Syringes, Blood Samples Testing Equipment, and Other Medical Equipment for the School Clinic.",2500000.0,2500000.0,0.0,3500000.0,0.0,351,0.54257,0.56104,057000400100,ADAMU TAFAWA BALEWA COLLEGE OF EDUCATION KANGERE,23010122,PURCHASE OF HEALTH / MEDICAL EQUIPMENT,70941,FIRST STAGE OF TERTIARY EDUCATION,20530200,BAUCHI,05020423017500,School-based health
Purchase of Teaching and Learning Materials to facilitate Teaching and Learning.,5000000.0,5000000.0,0.0,2500000.0,0.0,351,0.55264,0.57112,057000400100,ADAMU TAFAWA BALEWA COLLEGE OF EDUCATION KANGERE,23010124,PURCHASE OF TEACHING / LEARNING AID EQUIPMENT,70941,FIRST STAGE OF TERTIARY EDUCATION,20530200,BAUCHI,05040223017600,Instructional and learning materials
Provision of Assorted and Professional text Books for the School Library.,2500000.0,2500000.0,0.0,2500000.0,0.0,351,0.56356,0.58204,057000400100,ADAMU TAFAWA BALEWA COLLEGE OF EDUCATION KANGERE,23010124,PURCHASE OF TEACHING / LEARNING AID EQUIPMENT,70941,FIRST STAGE OF TERTIARY EDUCATION,20530200,BAUCHI,05040223017700,Instructional and learning materials
Purchase of Sporting and Game Equipment for Staff and Students.,2000000.0,2000000.0,0.0,2500000.0,0.0,351,0.57448,0.59296,057000400100,ADAMU TAFAWA BALEWA COLLEGE OF EDUCATION KANGERE,23010126,PURCHASE OF SPORTING / GAMING EQUIPMENT,70941,FIRST STAGE OF TERTIARY EDUCATION,20530200,BAUCHI,05100123017800,Education Not Elsewhere Classified
Purchase of Agricultural Equipment and Inputs for Agricultural Purpose,2000000.0,2000000.0,0.0,2500000.0,0.0,351,0.5854,0.60388,057000400100,ADAMU TAFAWA BALEWA COLLEGE OF EDUCATION KANGERE,23010127,PURCHASE OF AGRICULTURAL EQUIPMENT,70941,FIRST STAGE OF TERTIARY EDUCATION,20530200,BAUCHI,05040223017900,Instructional and learning materials
Purchase of Security Detectors and CCTV Security Surveillance Equipment for the School,2000000.0,2000000.0,0.0,15000000.0,0.0,351,0.59548,0.61396,057000400100,ADAMU TAFAWA BALEWA COLLEGE OF EDUCATION KANGERE,23010128,PURCHASE OF SECURITY EQUIPMENT,70941,FIRST STAGE OF TERTIARY EDUCATION,20530200,BAUCHI,05050523018000,School safety
Purchase of Science and Technical Equipments and Machines,2000000.0,2000000.0,0.0,2500000.0,0.0,351,0.6064,0.62487,057000400100,ADAMU TAFAWA BALEWA COLLEGE OF EDUCATION KANGERE,23010124,PURCHASE OF TEACHING / LEARNING AID EQUIPMENT,70941,FIRST STAGE OF TERTIARY EDUCATION,20530200,BAUCHI,05040223018100,Instructional and learning materials
Purchase of Sporting and Recreation Facilities for the Students and Staff,2000000.0,2000000.0,0.0,2000000.0,0.0,351,0.61732,0.63579,057000400100,ADAMU TAFAWA BALEWA COLLEGE OF EDUCATION KANGERE,23010126,PURCHASE OF SPORTING / GAMING EQUIPMENT,70941,FIRST STAGE OF TERTIARY EDUCATION,20530200,BAUCHI,05100123018200,Education Not Elsewhere Classified
"Purchase of Livestock like Goats, Cows, Sheeps and other Livestock for Teaching and Learning Purposes",2500000.0,2500000.0,0.0,3000000.0,0.0,351,0.62823,0.64671,057000400100,ADAMU TAFAWA BALEWA COLLEGE OF EDUCATION KANGERE,23010144,PURCHASE OF LIVESTOCKS,70941,FIRST STAGE OF TERTIARY EDUCATION,20530200,BAUCHI,05100123018300,Education Not Elsewhere Classified
Purchase of 2 Nos. of Projectors,2500000.0,2500000.0,0.0,2500000.0,0.0,351,0.63831,0.65679,057000400100,ADAMU TAFAWA BALEWA COLLEGE OF EDUCATION KANGERE,23010148,PURCHASE OF PROJECTOR,70941,FIRST STAGE OF TERTIARY EDUCATION,20530200,BAUCHI,05060123018400,"ICT equipment, software and expertise"
Construction and Provision for Access Roads within the College,3500000.0,3500000.0,0.0,0.0,0.0,351,0.64923,0.66771,057000400100,ADAMU TAFAWA BALEWA COLLEGE OF EDUCATION KANGERE,23020114,CONSTRUCTION / PROVISION OF ROADS,70941,FIRST STAGE OF TERTIARY EDUCATION,20530200,BAUCHI,05050123018500,Schools’ infrastructure construction and rehabilitation
TETFUND - Construction of 1 Lecture Thearter at College of Education Kangere,1000000000.0,500000000.0,350920212.0,2500000000.0,0.0,351,0.66015,0.67863,057000400100,ADAMU TAFAWA BALEWA COLLEGE OF EDUCATION KANGERE,23020107,CONSTRUCTION / PROVISION OF PUBLIC SCHOOLS,70941,FIRST STAGE OF TERTIARY EDUCATION,20530200,BAUCHI,05050123018600,Schools’ infrastructure construction and rehabilitation
Construction and Provision of Solar Street within the School Premises.,1600000.0,1600000.0,0.0,2500000.0,0.0,351,0.67023,0.68871,057000400100,ADAMU TAFAWA BALEWA COLLEGE OF EDUCATION KANGERE,23020103,CONSTRUCTION / PROVISION OF ELECTRICITY,70941,FIRST STAGE OF TERTIARY EDUCATION,20530200,BAUCHI,05050123018700,Schools’ infrastructure construction and rehabilitation
Construction and Provision of ICT Infrastuructures in the ICT Unit of the College,2500000.0,2500000.0,0.0,3500000.0,0.0,351,0.68115,0.69962,057000400100,ADAMU TAFAWA BALEWA COLLEGE OF EDUCATION KANGERE,23020127,CONSTRUCTION OF ICT INFRASTRUCTURES,70941,FIRST STAGE OF TERTIARY EDUCATION,20530200,BAUCHI,05060123018800,"ICT equipment, software and expertise"
Renovation and Repairs of 3 Nos. of Staff Quarters.,2500000.0,2500000.0,0.0,3000000.0,0.0,351,0.69206,0.71054,057000400100,ADAMU TAFAWA BALEWA COLLEGE OF EDUCATION KANGERE,23030101,REHABILITATION / REPAIRS OF RESIDENTIAL BUILDING,70941,FIRST STAGE OF TERTIARY EDUCATION,20530200,BAUCHI,05050123018900,Schools’ infrastructure construction and rehabilitation
Rehabilitation and Repairs of Faulty Electricity Facilities in the College.,2500000.0,2500000.0,0.0,3500000.0,0.0,351,0.70298,0.72146,057000400100,ADAMU TAFAWA BALEWA COLLEGE OF EDUCATION KANGERE,23030102,REHABILITATION / REPAIRS - ELECTRICITY,70941,FIRST STAGE OF TERTIARY EDUCATION,20530200,BAUCHI,05050123019000,Schools’ infrastructure construction and rehabilitation
Rehabilitation and Repairs of Existing Student Hostel,2000000.0,2000000.0,0.0,3500000.0,0.0,351,0.71306,0.73154,057000400100,ADAMU TAFAWA BALEWA COLLEGE OF EDUCATION KANGERE,23030101,REHABILITATION / REPAIRS OF RESIDENTIAL BUILDING,70941,FIRST STAGE OF TERTIARY EDUCATION,20530200,BAUCHI,05050123019100,Schools’ infrastructure construction and rehabilitation
Rehabilitation and Repairs of Water Facilities in the College.,2000000.0,2000000.0,0.0,3500000.0,0.0,351,0.72398,0.74246,057000400100,ADAMU TAFAWA BALEWA COLLEGE OF EDUCATION KANGERE,23030104,REHABILITATION / REPAIRS - WATER FACILITIES,70941,FIRST STAGE OF TERTIARY EDUCATION,20530200,BAUCHI,05050123019200,Schools’ infrastructure construction and rehabilitation
Planting of Tree within the Institution Premises and surrounding,2000000.0,2000000.0,0.0,2500000.0,0.0,351,0.7349,0.75338,057000400100,ADAMU TAFAWA BALEWA COLLEGE OF EDUCATION KANGERE,23040101,TREE PLANTING,70941,FIRST STAGE OF TERTIARY EDUCATION,20530200,BAUCHI,05100123019300,Education Not Elsewhere Classified
Conduct of Research on different Academic needs by the Institution.,2000000.0,2000000.0,0.0,2500000.0,0.0,351,0.74498,0.76345,057000400100,ADAMU TAFAWA BALEWA COLLEGE OF EDUCATION KANGERE,23050101,RESEARCH AND DEVELOPMENT,70941,FIRST STAGE OF TERTIARY EDUCATION,20530200,BAUCHI,05060223019400,Research and development
Purchase of Computer Application Software for the Collation and Analyzing of Data,2000000.0,2000000.0,0.0,0.0,0.0,351,0.7559,0.77437,057000400100,ADAMU TAFAWA BALEWA COLLEGE OF EDUCATION KANGERE,23050102,COMPUTER SOFTWARE ACQUISITION,70941,FIRST STAGE OF TERTIARY EDUCATION,20530200,BAUCHI,05060123019500,"ICT equipment, software and expertise"
Purchase and Provision of Laboratory Equipment as a requirment for Accreditation Purposes,60000000.0,60000000.0,0.0,0.0,0.0,351,0.76681,0.78529,057000400100,ADAMU TAFAWA BALEWA COLLEGE OF EDUCATION KANGERE,23050128,ACCREDITATION PREPARATION,70941,FIRST STAGE OF TERTIARY EDUCATION,20530200,BAUCHI,05020623019600,Tertiary institutions’ new courses accreditation
Purchase of Beddings and Clothing Materials for Students.,0.0,0.0,0.0,100000000.0,0.0,351,0.77773,0.79621,057000400100,ADAMU TAFAWA BALEWA COLLEGE OF EDUCATION KANGERE,23010143,PURCHASE OF BEDDINGS/CLOTHING MATERIALS,70941,FIRST STAGE OF TERTIARY EDUCATION,20530200,BAUCHI,05020623019600,Tertiary institutions’ new courses accreditation
Provision of Solar Powered Electricity at ATAP Bauchi,96878802.0,96878802.0,0.0,100000000.0,0.0,351,0.83065,0.84912,057000500100,"ABUBAKAR TATARI ALI POLYTECHNIC, BAUCHI",23020103,CONSTRUCTION / PROVISION OF ELECTRICITY,70941,FIRST STAGE OF TERTIARY EDUCATION,20530200,BAUCHI,05050123019700,Schools’ infrastructure construction and rehabilitation
Provision of street Light in the Campus,20000000.0,20000000.0,0.0,20000000.0,0.0,351,0.84156,0.86004,057000500100,"ABUBAKAR TATARI ALI POLYTECHNIC, BAUCHI",23020123,CONSTRUCTION OF TRAFFIC /STREET LIGHTS,70941,FIRST STAGE OF TERTIARY EDUCATION,20530200,BAUCHI,05050123019800,Schools’ infrastructure construction and rehabilitation
provision of 5 Units additional Boreholds in the Campus,5000000.0,5000000.0,0.0,10000000.0,0.0,351,0.85248,0.87096,057000500100,"ABUBAKAR TATARI ALI POLYTECHNIC, BAUCHI",23020105,CONSTRUCTION / PROVISION OF WATER FACILITIES,70941,FIRST STAGE OF TERTIARY EDUCATION,20530200,BAUCHI,05050423019900,"Water, sanitation and hygiene"
Provision of 10 Units additional Classes in the Campus,350000000.0,350000000.0,0.0,0.0,0.0,351,0.86256,0.88104,057000500100,"ABUBAKAR TATARI ALI POLYTECHNIC, BAUCHI",23020107,CONSTRUCTION / PROVISION OF PUBLIC SCHOOLS,70941,FIRST STAGE OF TERTIARY EDUCATION,20530200,BAUCHI,05050123020000,Schools’ infrastructure construction and rehabilitation
Repairs of Roads and Drainages in the Campus,301560599.0,301560599.0,0.0,0.0,0.0,351,0.87348,0.89196,057000500100,"ABUBAKAR TATARI ALI POLYTECHNIC, BAUCHI",23030113,REHABILITATION / REPAIRS - ROADS,70941,FIRST STAGE OF TERTIARY EDUCATION,20530200,BAUCHI,05050123020100,Schools’ infrastructure construction and rehabilitation
Purchase of Instructional Materials for the improvement of Teaching and Learning,1000000000.0,500000000.0,0.0,750000000.0,0.0,351,0.8844,0.90288,057000500100,"ABUBAKAR TATARI ALI POLYTECHNIC, BAUCHI",23010124,PURCHASE OF TEACHING / LEARNING AID EQUIPMENT,70941,FIRST STAGE OF TERTIARY EDUCATION,20530200,BAUCHI,05050123020200,Schools’ infrastructure construction and rehabilitation
Construction of Boundary Pillars at the Bauchi State Polytechnic,250000000.0,250000000.0,0.0,0.0,0.0,351,0.89532,0.91379,057000500100,"ABUBAKAR TATARI ALI POLYTECHNIC, BAUCHI",23020122,CONSTRUCTION OF BOUNDARY PILLARS/ RIGHT OF WAYS,70941,FIRST STAGE OF TERTIARY EDUCATION,20530200,BAUCHI,05050123020300,Schools’ infrastructure construction and rehabilitation
Renovation and Repairs of 5 Units Lecture Halls,150000000.0,150000000.0,0.0,0.0,0.0,352,0.09323,0.1117,057000500100,"ABUBAKAR TATARI ALI POLYTECHNIC, BAUCHI",23030106,REHABILITATION / REPAIRS - PUBLIC SCHOOLS,70941,FIRST STAGE OF TERTIARY EDUCATION,20530200,BAUCHI,05050123020400,Schools’ infrastructure construction and rehabilitation
Renovation and Repairs of Drainages at the Polytechnics,300000000.0,300000000.0,0.0,0.0,0.0,352,0.10415,0.12262,057000500100,"ABUBAKAR TATARI ALI POLYTECHNIC, BAUCHI",23030115,REHABILITATION / REPAIRS - WATER-WAY,70941,FIRST STAGE OF TERTIARY EDUCATION,20530200,BAUCHI,05050123020500,Schools’ infrastructure construction and rehabilitation
Funds for the undertaking of Educational Research and Study,40000000.0,40000000.0,0.0,40000000.0,0.0,352,0.11506,0.13354,057000500100,"ABUBAKAR TATARI ALI POLYTECHNIC, BAUCHI",23050101,RESEARCH AND DEVELOPMENT,70941,FIRST STAGE OF TERTIARY EDUCATION,20530200,BAUCHI,05060223020600,Research and development
Development of Academic Research Manuscript,5000000.0,5000000.0,0.0,5000000.0,0.0,352,0.12598,0.14446,057000500100,"ABUBAKAR TATARI ALI POLYTECHNIC, BAUCHI",23050101,RESEARCH AND DEVELOPMENT,70941,FIRST STAGE OF TERTIARY EDUCATION,20530200,BAUCHI,05060223020700,Research and development
Research for Publications of Journals and Articles,5000000.0,5000000.0,0.0,5000000.0,0.0,352,0.13606,0.15454,057000500100,"ABUBAKAR TATARI ALI POLYTECHNIC, BAUCHI",23050101,RESEARCH AND DEVELOPMENT,70941,FIRST STAGE OF TERTIARY EDUCATION,20530200,BAUCHI,05060223020800,Research and development
Support to Academic Staff to Undertake Research Works and Programmes for thier Development.,50000000.0,50000000.0,0.0,90000000.0,0.0,352,0.14698,0.16546,057000500100,"ABUBAKAR TATARI ALI POLYTECHNIC, BAUCHI",23050101,RESEARCH AND DEVELOPMENT,70941,FIRST STAGE OF TERTIARY EDUCATION,20530200,BAUCHI,05060223020900,Research and development
Provision and Supply of Equipment and Material Academic Staff Conferences at ATAP Bauchi,17000000.0,17000000.0,0.0,0.0,0.0,352,0.1579,0.17638,057000500100,"ABUBAKAR TATARI ALI POLYTECHNIC, BAUCHI",23050101,RESEARCH AND DEVELOPMENT,70941,FIRST STAGE OF TERTIARY EDUCATION,20530200,BAUCHI,05060223021000,Research and development
PROCUREMENT OF 4 NO. SALOON CAR FOR PRINCIPAL OFFICERS,20000000.0,20000000.0,0.0,100000000.0,0.0,352,0.21081,0.22929,057000600100,"A. D. RUFAI COLLEGE OF EDUCATION, LEGAL AND GENERAL STUDIES, MISAU",23010105,PURCHASE OF MOTOR VEHICLES,70941,FIRST STAGE OF TERTIARY EDUCATION,20511400,MISAU,05050123021100,Schools’ infrastructure construction and rehabilitation
Purchase of 5 Nos of Desktop Computers,5000000.0,5000000.0,0.0,0.0,0.0,352,0.22173,0.24021,057000600100,"A. D. RUFAI COLLEGE OF EDUCATION, LEGAL AND GENERAL STUDIES, MISAU",23010113,PURCHASE OF COMPUTERS,70941,FIRST STAGE OF TERTIARY EDUCATION,20511400,MISAU,05060123021200,"ICT equipment, software and expertise"
Purchase of Scanners,4000000.0,4000000.0,0.0,0.0,0.0,352,0.23265,0.25113,057000600100,"A. D. RUFAI COLLEGE OF EDUCATION, LEGAL AND GENERAL STUDIES, MISAU",23010118,PURCHASE OF SCANNERS,70941,FIRST STAGE OF TERTIARY EDUCATION,20511400,MISAU,05050123021300,Schools’ infrastructure construction and rehabilitation
PROVISION OF RESIDENTIAL FURNITURE FOR PRINCIPAL OFFICERS,5000000.0,5000000.0,800000.0,15000000.0,0.0,352,0.24273,0.2612,057000600100,"A. D. RUFAI COLLEGE OF EDUCATION, LEGAL AND GENERAL STUDIES, MISAU",23010121,PURCHASE OF RESIDENTIAL FURNITURE,70941,FIRST STAGE OF TERTIARY EDUCATION,20511400,MISAU,05050123021400,Schools’ infrastructure construction and rehabilitation
"Purchase of Syringes, Blood Testing Equipment and other Medical Equipment for the School Clinic.",5000000.0,5000000.0,0.0,5000000.0,0.0,352,0.25365,0.27212,057000600100,"A. D. RUFAI COLLEGE OF EDUCATION, LEGAL AND GENERAL STUDIES, MISAU",23010122,PURCHASE OF HEALTH / MEDICAL EQUIPMENT,70941,FIRST STAGE OF TERTIARY EDUCATION,20511400,MISAU,05050123021500,Schools’ infrastructure construction and rehabilitation
Purcahe of 10 Units Fire Figthing Equipment,5000000.0,5000000.0,0.0,5000000.0,0.0,352,0.26456,0.28304,057000600100,"A. D. RUFAI COLLEGE OF EDUCATION, LEGAL AND GENERAL STUDIES, MISAU",23010123,PURCHASE OF FIRE FIGHTING EQUIPMENT,70941,FIRST STAGE OF TERTIARY EDUCATION,20511400,MISAU,05050123021600,Schools’ infrastructure construction and rehabilitation
Purchase of Security Detectors and CCTV Security Surveillance Equipment for the School,5000000.0,5000000.0,0.0,5000000.0,0.0,352,0.27548,0.29396,057000600100,"A. D. RUFAI COLLEGE OF EDUCATION, LEGAL AND GENERAL STUDIES, MISAU",23010128,PURCHASE OF SECURITY EQUIPMENT,70941,FIRST STAGE OF TERTIARY EDUCATION,20511400,MISAU,05050123021700,Schools’ infrastructure construction and rehabilitation
Construction and Establishment of E-Library,250000000.0,250000000.0,0.0,500000000.0,0.0,352,0.28556,0.30404,057000600100,"A. D. RUFAI COLLEGE OF EDUCATION, LEGAL AND GENERAL STUDIES, MISAU",23020111,CONSTRUCTION / PROVISION OF LIBRARIES,70941,FIRST STAGE OF TERTIARY EDUCATION,20511400,MISAU,05050123021800,Schools’ infrastructure construction and rehabilitation
Repairs of 1 no. of Staff Quarter at CLIS Misau,5000000.0,5000000.0,0.0,0.0,0.0,352,0.29648,0.31496,057000600100,"A. D. RUFAI COLLEGE OF EDUCATION, LEGAL AND GENERAL STUDIES, MISAU",23030101,REHABILITATION / REPAIRS OF RESIDENTIAL BUILDING,70941,FIRST STAGE OF TERTIARY EDUCATION,20511400,MISAU,05050123021900,Schools’ infrastructure construction and rehabilitation
Rehabilitation/Repairs of Student Hostels,250000000.0,250000000.0,60000000.0,0.0,0.0,352,0.3074,0.32588,057000600100,"A. D. RUFAI COLLEGE OF EDUCATION, LEGAL AND GENERAL STUDIES, MISAU",23030101,REHABILITATION / REPAIRS OF RESIDENTIAL BUILDING,70941,FIRST STAGE OF TERTIARY EDUCATION,20511400,MISAU,05050123022000,Schools’ infrastructure construction and rehabilitation
Repairs of Borehole Hand Pump.,5000000.0,5000000.0,1729400.0,6000000.0,0.0,352,0.31832,0.33679,057000600100,"A. D. RUFAI COLLEGE OF EDUCATION, LEGAL AND GENERAL STUDIES, MISAU",23030104,REHABILITATION / REPAIRS - WATER FACILITIES,70941,FIRST STAGE OF TERTIARY EDUCATION,20511400,MISAU,05050123022100,Schools’ infrastructure construction and rehabilitation
Repairs of Lecture Theatre,250000000.0,250000000.0,1200000.0,0.0,0.0,352,0.32839,0.34687,057000600100,"A. D. RUFAI COLLEGE OF EDUCATION, LEGAL AND GENERAL STUDIES, MISAU",23030106,REHABILITATION / REPAIRS - PUBLIC SCHOOLS,70941,FIRST STAGE OF TERTIARY EDUCATION,20511400,MISAU,05050123022200,Schools’ infrastructure construction and rehabilitation
Minor Road Networks Repairs at CLIS Misau,2000000.0,2000000.0,0.0,0.0,0.0,352,0.33931,0.35779,057000600100,"A. D. RUFAI COLLEGE OF EDUCATION, LEGAL AND GENERAL STUDIES, MISAU",23030101,REHABILITATION / REPAIRS OF RESIDENTIAL BUILDING,70941,FIRST STAGE OF TERTIARY EDUCATION,20511400,MISAU,05050123022300,Schools’ infrastructure construction and rehabilitation
RENOVATION OF STAFF RESIDENTIAL QUARTERS,15000000.0,15000000.0,0.0,0.0,0.0,352,0.35023,0.36871,057000600100,"A. D. RUFAI COLLEGE OF EDUCATION, LEGAL AND GENERAL STUDIES, MISAU",23030101,REHABILITATION / REPAIRS OF RESIDENTIAL BUILDING,70941,FIRST STAGE OF TERTIARY EDUCATION,20511400,MISAU,05050123022400,Schools’ infrastructure construction and rehabilitation
Planting of Trees for Control of Erosion at CLIS Misau,1000000.0,1000000.0,0.0,1000000.0,0.0,352,0.36031,0.37879,057000600100,"A. D. RUFAI COLLEGE OF EDUCATION, LEGAL AND GENERAL STUDIES, MISAU",23040101,TREE PLANTING,70941,FIRST STAGE OF TERTIARY EDUCATION,20511400,MISAU,05050123022500,Schools’ infrastructure construction and rehabilitation
Provision for Research Works by the Teaching Staff,5000000.0,5000000.0,0.0,10000000.0,0.0,352,0.37123,0.38971,057000600100,"A. D. RUFAI COLLEGE OF EDUCATION, LEGAL AND GENERAL STUDIES, MISAU",23050101,RESEARCH AND DEVELOPMENT,70941,FIRST STAGE OF TERTIARY EDUCATION,20511400,MISAU,05050123022600,Schools’ infrastructure construction and rehabilitation
A.D RUFAI COLLEGE OF EDUCATION ANNUAL ENROLLMENT AND CURRICULUM PROGRAMME,3000000.0,3000000.0,0.0,0.0,0.0,352,0.38215,0.40062,057000600100,"A. D. RUFAI COLLEGE OF EDUCATION, LEGAL AND GENERAL STUDIES, MISAU",23050104,ANNIVERSARIES/CELEBRATIONS,70941,FIRST STAGE OF TERTIARY EDUCATION,20511400,MISAU,05050123022700,Schools’ infrastructure construction and rehabilitation
Purchase of Computer Software for the Management of School Data and Records,1000000.0,1000000.0,0.0,5000000.0,0.0,352,0.39307,0.41154,057000600100,"A. D. RUFAI COLLEGE OF EDUCATION, LEGAL AND GENERAL STUDIES, MISAU",23050102,COMPUTER SOFTWARE ACQUISITION,70941,FIRST STAGE OF TERTIARY EDUCATION,20511400,MISAU,05050123022800,Schools’ infrastructure construction and rehabilitation
Construction of New Administrative Block.,250000000.0,50000000.0,0.0,0.0,0.0,352,0.44598,0.46446,057000700100,"COLLEGE OF EDUCATION, DASS",23020101,CONSTRUCTION / PROVISION OF OFFICE BUILDINGS,70941,FIRST STAGE OF TERTIARY EDUCATION,20530600,DASS,05050123022900,Schools’ infrastructure construction and rehabilitation
"Construction of Workshops (Electrical, Building, Automobile, Woodwork and Metal Work",800000000.0,500000000.0,400000000.0,650000000.0,0.0,352,0.4569,0.47537,057000700100,"COLLEGE OF EDUCATION, DASS",23020107,CONSTRUCTION / PROVISION OF PUBLIC SCHOOLS,70941,FIRST STAGE OF TERTIARY EDUCATION,20530600,DASS,05050123023000,Schools’ infrastructure construction and rehabilitation
Construction of centre of Educational Technology,300000000.0,300000000.0,250000000.0,650000000.0,0.0,352,0.46782,0.48629,057000700100,"COLLEGE OF EDUCATION, DASS",23020107,CONSTRUCTION / PROVISION OF PUBLIC SCHOOLS,70941,FIRST STAGE OF TERTIARY EDUCATION,20530600,DASS,05050123023100,Schools’ infrastructure construction and rehabilitation
"Construction of Laboratories (Biology, Chemistry, Physics, Integrated Science, Agriculture, Mathematics and Computer) at COE (T) Dass",1000000000.0,50000000.0,0.0,650000000.0,0.0,352,0.47789,0.49637,057000700100,"COLLEGE OF EDUCATION, DASS",23020107,CONSTRUCTION / PROVISION OF PUBLIC SCHOOLS,70941,FIRST STAGE OF TERTIARY EDUCATION,20530600,DASS,05050123023200,Schools’ infrastructure construction and rehabilitation
Construction of Male Hostels at COE Technical Dass,750000000.0,50000000.0,0.0,0.0,0.0,352,0.48881,0.50729,057000700100,"COLLEGE OF EDUCATION, DASS",23020102,CONSTRUCTION / PROVISION OF RESIDENTIAL BUILDINGS,70941,FIRST STAGE OF TERTIARY EDUCATION,20530600,DASS,05050123023300,Schools’ infrastructure construction and rehabilitation
Construction of Library,500000000.0,50000000.0,0.0,500000000.0,0.0,352,0.49973,0.51821,057000700100,"COLLEGE OF EDUCATION, DASS",23020111,CONSTRUCTION / PROVISION OF LIBRARIES,70941,FIRST STAGE OF TERTIARY EDUCATION,20530600,DASS,05050123023400,Schools’ infrastructure construction and rehabilitation
Construction of main Store,200000000.0,50000000.0,0.0,50000000.0,0.0,352,0.51065,0.52913,057000700100,"COLLEGE OF EDUCATION, DASS",23020118,CONSTRUCTION / PROVISION OF INFRASTRUCTURE,70941,FIRST STAGE OF TERTIARY EDUCATION,20530600,DASS,05050123023500,Schools’ infrastructure construction and rehabilitation
Construction of lecture hall/theatre,500000000.0,50000000.0,0.0,0.0,0.0,352,0.52073,0.53921,057000700100,"COLLEGE OF EDUCATION, DASS",23020107,CONSTRUCTION / PROVISION OF PUBLIC SCHOOLS,70941,FIRST STAGE OF TERTIARY EDUCATION,20530600,DASS,05050123023600,Schools’ infrastructure construction and rehabilitation
Construction of ICT Centre,200000000.0,50000000.0,0.0,0.0,0.0,352,0.53165,0.55012,057000700100,"COLLEGE OF EDUCATION, DASS",23020127,CONSTRUCTION OF ICT INFRASTRUCTURES,70941,FIRST STAGE OF TERTIARY EDUCATION,20530600,DASS,05060123023700,"ICT equipment, software and expertise"
Renovation of lecture rooms,200000000.0,50000000.0,0.0,0.0,0.0,352,0.54257,0.56104,057000700100,"COLLEGE OF EDUCATION, DASS",23030106,REHABILITATION / REPAIRS - PUBLIC SCHOOLS,70941,FIRST STAGE OF TERTIARY EDUCATION,20530600,DASS,05050123023800,Schools’ infrastructure construction and rehabilitation
Renovation of Female hostels,500000000.0,50000000.0,0.0,0.0,0.0,352,0.55264,0.57112,057000700100,"COLLEGE OF EDUCATION, DASS",23030101,REHABILITATION / REPAIRS OF RESIDENTIAL BUILDING,70941,FIRST STAGE OF TERTIARY EDUCATION,20530600,DASS,05050123023900,Schools’ infrastructure construction and rehabilitation
Renovation of staff quarters,200000000.0,50000000.0,0.0,0.0,0.0,352,0.56356,0.58204,057000700100,"COLLEGE OF EDUCATION, DASS",23030101,REHABILITATION / REPAIRS OF RESIDENTIAL BUILDING,70941,FIRST STAGE OF TERTIARY EDUCATION,20530600,DASS,05050123024000,Schools’ infrastructure construction and rehabilitation
Renovation of fencing wall and gate house,50000000.0,50000000.0,0.0,0.0,0.0,352,0.57448,0.59296,057000700100,"COLLEGE OF EDUCATION, DASS",23030121,REHABILITATION / REPAIRS OF OFFICE BUILDINGS,70941,FIRST STAGE OF TERTIARY EDUCATION,20530600,DASS,05050123024100,Schools’ infrastructure construction and rehabilitation
Purchase of 5 Units 4x4 Double Cabin Vehicles,300000000.0,50000000.0,0.0,250000000.0,0.0,352,0.5854,0.60388,057000700100,"COLLEGE OF EDUCATION, DASS",23010105,PURCHASE OF MOTOR VEHICLES,70941,FIRST STAGE OF TERTIARY EDUCATION,20530600,DASS,05050123024200,Schools’ infrastructure construction and rehabilitation
Provision of Facilities and Equipment for Accreditation Preparation.,250000000.0,50000000.0,0.0,0.0,0.0,352,0.59548,0.61396,057000700100,"COLLEGE OF EDUCATION, DASS",23050128,ACCREDITATION PREPARATION,70941,FIRST STAGE OF TERTIARY EDUCATION,20530600,DASS,05050123024300,Schools’ infrastructure construction and rehabilitation
Provision of 7 Units office Tables & Chairs/ Fittings,3000000.0,3000000.0,0.0,3000000.0,0.0,352,0.64923,0.66771,057000900100,BAUCHI STATE SCHOLARSHIP BOARD,23010112,PURCHASE OF OFFICE FURNITURE AND FITTINGS,70961,SUBSIDIARY SERVICES TO EDUCATION,20530200,BAUCHI,05060123024500,"ICT equipment, software and expertise"
Provision of 5 No. Laptop Computer,1200000.0,1200000.0,0.0,0.0,0.0,352,0.66015,0.67863,057000900100,BAUCHI STATE SCHOLARSHIP BOARD,23010113,PURCHASE OF COMPUTERS,70961,SUBSIDIARY SERVICES TO EDUCATION,20530200,BAUCHI,05060123024600,"ICT equipment, software and expertise"
Provision of 5 no. Computer Printers with scanners,1000000.0,1000000.0,0.0,0.0,0.0,352,0.67023,0.68871,057000900100,BAUCHI STATE SCHOLARSHIP BOARD,23010114,PURCHASE OF COMPUTER PRINTERS,70961,SUBSIDIARY SERVICES TO EDUCATION,20530200,BAUCHI,05060123024700,"ICT equipment, software and expertise"
Provision of 1 no. Photocopier Machine,250000.0,250000.0,0.0,0.0,0.0,352,0.68115,0.69962,057000900100,BAUCHI STATE SCHOLARSHIP BOARD,23010115,PURCHASE OF PHOTOCOPYING MACHINES,70961,SUBSIDIARY SERVICES TO EDUCATION,20530200,BAUCHI,05060123024800,"ICT equipment, software and expertise"
Provision of 4 nos. shredding Machine,150000.0,150000.0,0.0,0.0,0.0,352,0.69206,0.71054,057000900100,BAUCHI STATE SCHOLARSHIP BOARD,23010117,PURCHASE OF SHREDDING MACHINES,70961,SUBSIDIARY SERVICES TO EDUCATION,20530200,BAUCHI,05060123024900,"ICT equipment, software and expertise"
Provision of 2 nos. scanner Machines,250000.0,250000.0,0.0,0.0,0.0,352,0.70298,0.72146,057000900100,BAUCHI STATE SCHOLARSHIP BOARD,23010118,PURCHASE OF SCANNERS,70961,SUBSIDIARY SERVICES TO EDUCATION,20530200,BAUCHI,05050123025000,Schools’ infrastructure construction and rehabilitation
Purchase of 1 Unit Yamaha Generating Set.,500000.0,500000.0,0.0,500000.0,0.0,352,0.71306,0.73154,057000900100,BAUCHI STATE SCHOLARSHIP BOARD,23010119,PURCHASE OF POWER GENERATING SET,70961,SUBSIDIARY SERVICES TO EDUCATION,20530200,BAUCHI,05050123025100,Schools’ infrastructure construction and rehabilitation
Procurement of 4 Units fire extinguishers and other Fighting Equipment,100000.0,100000.0,0.0,100000.0,0.0,352,0.72398,0.74246,057000900100,BAUCHI STATE SCHOLARSHIP BOARD,23010123,PURCHASE OF FIRE FIGHTING EQUIPMENT,70961,SUBSIDIARY SERVICES TO EDUCATION,20530200,BAUCHI,05050123025200,Schools’ infrastructure construction and rehabilitation
Purchase of Security Detector Equipment and CCTV Cameras at State Scholarship Office,200000.0,200000.0,0.0,200000.0,0.0,352,0.7349,0.75338,057000900100,BAUCHI STATE SCHOLARSHIP BOARD,23010128,PURCHASE OF SECURITY EQUIPMENT,70961,SUBSIDIARY SERVICES TO EDUCATION,20530200,BAUCHI,05060123025300,"ICT equipment, software and expertise"
Acquisition of Computer Software Application,20000000.0,20000000.0,0.0,0.0,0.0,352,0.74498,0.76345,057000900100,BAUCHI STATE SCHOLARSHIP BOARD,23050102,COMPUTER SOFTWARE ACQUISITION,70961,SUBSIDIARY SERVICES TO EDUCATION,20530200,BAUCHI,05050123025400,Schools’ infrastructure construction and rehabilitation
Supervision of Construction and Renovation of Projects at Scholarship Board.,3000000.0,3000000.0,0.0,3000000.0,0.0,352,0.7559,0.77437,057000900100,BAUCHI STATE SCHOLARSHIP BOARD,23050103,MONITORING AND EVALUATION,70961,SUBSIDIARY SERVICES TO EDUCATION,20530200,BAUCHI,05050123025500,Schools’ infrastructure construction and rehabilitation
Purchase of 15 Units Office Furniture and fittings NBTE Accreditation Exsecutive/Semi Exsecutive,50000000.0,50000000.0,0.0,10000000.0,0.0,352,0.80965,0.82813,057001000100,"COLLEGE OF AGRICULTURE, BAUCHI",23010112,PURCHASE OF OFFICE FURNITURE AND FITTINGS,70941,FIRST STAGE OF TERTIARY EDUCATION,20530200,BAUCHI,05050223009100,Furnishing
purchase of 20 nos. computer Desktops.,238000000.0,58000000.0,0.0,15000000.0,0.0,352,0.82057,0.83904,057001000100,"COLLEGE OF AGRICULTURE, BAUCHI",23010113,PURCHASE OF COMPUTERS,70941,FIRST STAGE OF TERTIARY EDUCATION,20530200,BAUCHI,05060123009200,"ICT equipment, software and expertise"
"Purchase of 1 Unit Bus, 1 Unit Tractors/Implements for practicals",100000000.0,50000000.0,0.0,500000000.0,0.0,352,0.83065,0.84912,057001000100,"COLLEGE OF AGRICULTURE, BAUCHI",23010108,PURCHASE OF BUSES,70941,FIRST STAGE OF TERTIARY EDUCATION,20530200,BAUCHI,05040223009300,Instructional and learning materials
"Construction of Parameter Wall Fencing, Road Network and Drainages at College of Agriculture",350000000.0,550000000.0,501800000.0,0.0,0.0,352,0.84156,0.86004,057001000100,"COLLEGE OF AGRICULTURE, BAUCHI",23020118,CONSTRUCTION / PROVISION OF INFRASTRUCTURE,70941,FIRST STAGE OF TERTIARY EDUCATION,20530200,BAUCHI,05050123009400,Schools’ infrastructure construction and rehabilitation
Construction od Ultra Mordern Office Buildings to meet the requirement for Accreditation,250000000.0,50000000.0,0.0,0.0,0.0,352,0.85248,0.87096,057001000100,"COLLEGE OF AGRICULTURE, BAUCHI",23020101,CONSTRUCTION / PROVISION OF OFFICE BUILDINGS,70941,FIRST STAGE OF TERTIARY EDUCATION,20530200,BAUCHI,05050123009500,Schools’ infrastructure construction and rehabilitation
Construction of Utra Modern Classroom Block to meet the requirement for Accreditation,450000000.0,50000000.0,0.0,0.0,0.0,352,0.86256,0.88104,057001000100,"COLLEGE OF AGRICULTURE, BAUCHI",23020107,CONSTRUCTION / PROVISION OF PUBLIC SCHOOLS,70941,FIRST STAGE OF TERTIARY EDUCATION,20530200,BAUCHI,05050123009600,Schools’ infrastructure construction and rehabilitation
Provision of Male and Female Hostels at College of Agriculture Bauchi,250000000.0,50000000.0,0.0,0.0,0.0,352,0.87348,0.89196,057001000100,"COLLEGE OF AGRICULTURE, BAUCHI",23020102,CONSTRUCTION / PROVISION OF RESIDENTIAL BUILDINGS,70941,FIRST STAGE OF TERTIARY EDUCATION,20530200,BAUCHI,05050123009700,Schools’ infrastructure construction and rehabilitation
Renovation and Repairs of Existing Delapidated Office Building at College of Agriculture Bauchi.,50000000.0,50000000.0,0.0,0.0,0.0,352,0.8844,0.90288,057001000100,"COLLEGE OF AGRICULTURE, BAUCHI",23030121,REHABILITATION / REPAIRS OF OFFICE BUILDINGS,70941,FIRST STAGE OF TERTIARY EDUCATION,20530200,BAUCHI,05050123009800,Schools’ infrastructure construction and rehabilitation
"Solar Panel (300W P.V Mode 12), Solar Rack (1), 48V/10KVA Inverter (1), Lithium ion Battery 48V (2), Felicity Charge",0.0,0.0,0.0,12150000.0,0.0,352,0.89532,0.91379,057001000100,"COLLEGE OF AGRICULTURE, BAUCHI",23020103,CONSTRUCTION / PROVISION OF ELECTRICITY,70941,FIRST STAGE OF TERTIARY EDUCATION,20530200,BAUCHI,05050126005700,Schools’ infrastructure construction and rehabilitation
Purchase of equipments for nine (9) proposed Departments,0.0,0.0,0.0,700000000.0,0.0,353,0.09323,0.1117,057001000100,"COLLEGE OF AGRICULTURE, BAUCHI",23020107,CONSTRUCTION / PROVISION OF PUBLIC SCHOOLS,70941,FIRST STAGE OF TERTIARY EDUCATION,20530200,BAUCHI,05050126005800,Schools’ infrastructure construction and rehabilitation
Purchase of office furniture for nine proposed Departments,0.0,0.0,0.0,50000000.0,0.0,353,0.10415,0.12262,057001000100,"COLLEGE OF AGRICULTURE, BAUCHI",23010112,PURCHASE OF OFFICE FURNITURE AND FITTINGS,70941,FIRST STAGE OF TERTIARY EDUCATION,20530200,BAUCHI,05050226000100,Furnishing
Purchase of five (5) Utililty vehicles Toyota Camry 2020,0.0,0.0,0.0,200000000.0,0.0,353,0.11506,0.13354,057001000100,"COLLEGE OF AGRICULTURE, BAUCHI",23010105,PURCHASE OF MOTOR VEHICLES,70941,FIRST STAGE OF TERTIARY EDUCATION,20530200,BAUCHI,05010326000100,Education sector coordination mechanisms
Purchase of 10 Units of Ambulances for General Hospitals Across the state,500000000.0,500000000.0,338100000.0,1000000000.0,0.0,353,0.16798,0.18645,052100100100,MINISTRY OF HEALTH AND SOCIAL WELFARE,23010105,PURCHASE OF MOTOR VEHICLES,70721,GENERAL MEDICAL SERVICES,20542400,STATE WIDE,04030723000604,Emergency services
Purchase of 10 no. Executive Tables and Chairs at SMOH Headquarters,50000000.0,50000000.0,91734317.22,5000000.0,0.0,353,0.1789,0.19737,052100100100,MINISTRY OF HEALTH AND SOCIAL WELFARE,23010112,PURCHASE OF OFFICE FURNITURE AND FITTINGS,70721,GENERAL MEDICAL SERVICES,20542400,STATE WIDE,04010323000704,Health sector coordination mechanisms
Purchase of 10 no. Generator for General Hospitals & Others,250000000.0,250000000.0,0.0,295000000.0,0.0,353,0.18981,0.20829,052100100100,MINISTRY OF HEALTH AND SOCIAL WELFARE,23010119,PURCHASE OF POWER GENERATING SET,70721,GENERAL MEDICAL SERVICES,20542400,STATE WIDE,04050323000802,"Facility electrification, water and sanitation"
Purchase of Medical Equipment for General Hospitals in the State,2000000000.0,1255192000.0,4164000.0,1700000000.0,0.0,353,0.20073,0.21921,052100100100,MINISTRY OF HEALTH AND SOCIAL WELFARE,23010122,PURCHASE OF HEALTH / MEDICAL EQUIPMENT,70721,GENERAL MEDICAL SERVICES,20542400,STATE WIDE,04050123000904,Functional health facilities
Purchase of Hospital Furniture and Beddings in all the General Hospitals,750000000.0,250000000.0,0.0,1300000000.0,0.0,353,0.21081,0.22929,052100100100,MINISTRY OF HEALTH AND SOCIAL WELFARE,23010143,PURCHASE OF BEDDINGS/CLOTHING MATERIALS,70721,GENERAL MEDICAL SERVICES,20542400,STATE WIDE,04050123001002,Functional health facilities
Purchase and Supply of Personal Protective Equipment (PPE) at the Ministry of Health,50000000.0,50000000.0,0.0,57500000.0,0.0,353,0.22173,0.24021,052100100100,MINISTRY OF HEALTH AND SOCIAL WELFARE,23010122,PURCHASE OF HEALTH / MEDICAL EQUIPMENT,70721,GENERAL MEDICAL SERVICES,20542400,STATE WIDE,04100123001104,Health Not Elsewhere Classified
Provision of Solar Power at ministry hqt and Street Lights in Govt. Hospitals,250000000.0,250000000.0,0.0,100000000.0,0.0,353,0.23265,0.25113,052100100100,MINISTRY OF HEALTH AND SOCIAL WELFARE,23020103,CONSTRUCTION / PROVISION OF ELECTRICITY,70721,GENERAL MEDICAL SERVICES,20530200,BAUCHI,04050323001204,"Facility electrification, water and sanitation"
Rehabilitation and Upgrading of Laboratory Sample Collection Centers,100000000.0,100000000.0,71036000.0,100000000.0,0.0,353,0.24273,0.2612,052100100100,MINISTRY OF HEALTH AND SOCIAL WELFARE,23030105,REHABILITATION / REPAIRS - HOSPITAL / HEALTH CENTRES,70721,GENERAL MEDICAL SERVICES,20542400,STATE WIDE,04050123001304,Functional health facilities
"Establishment of Isolation Centres in Azare, ATBUTH Bauchi, IDH Bayara, Specialist Hospital Bauchi and General Hospital Toro",60000000.0,60000000.0,18670005.28,250000000.0,0.0,353,0.25365,0.27212,052100100100,MINISTRY OF HEALTH AND SOCIAL WELFARE,23020106,CONSTRUCTION / PROVISION OF HOSPITALS / HEALTH CENTRES,70721,GENERAL MEDICAL SERVICES,20542400,STATE WIDE,04050223001404,Planned Preventive Maintenance (PPM)
Construction of Ultra-Modern Accident & Emergency and Equipping at General Hospital Toro,392933799.82,392933799.82,34988000.0,400000000.0,0.0,353,0.26456,0.28304,052100100100,MINISTRY OF HEALTH AND SOCIAL WELFARE,23020106,CONSTRUCTION / PROVISION OF HOSPITALS / HEALTH CENTRES,70721,GENERAL MEDICAL SERVICES,20531800,TORO,04080323001702,Emergency Operation Centres (EOC)
General Hospital Dass (Renovation of Hospital Complex & Staff Quarters),39576405.57,39576405.57,0.0,25000000.0,0.0,353,0.27548,0.29396,052100100100,MINISTRY OF HEALTH AND SOCIAL WELFARE,23030105,REHABILITATION / REPAIRS - HOSPITAL / HEALTH CENTRES,70721,GENERAL MEDICAL SERVICES,20530600,DASS,04050123001802,Functional health facilities
Renovation of Snakebite Hospital @ Duguri,100000000.0,100000000.0,13550000.0,70000000.0,0.0,353,0.28556,0.30404,052100100100,MINISTRY OF HEALTH AND SOCIAL WELFARE,23030105,REHABILITATION / REPAIRS - HOSPITAL / HEALTH CENTRES,70721,GENERAL MEDICAL SERVICES,20530100,ALKALERI,04050123002004,Functional health facilities
Upgrading of PHC sakwa to General Hospital at Zaki LGA,350000000.0,350000000.0,0.0,500000000.0,0.0,353,0.29648,0.31496,052100100100,MINISTRY OF HEALTH AND SOCIAL WELFARE,23030105,REHABILITATION / REPAIRS - HOSPITAL / HEALTH CENTRES,70721,GENERAL MEDICAL SERVICES,20522000,ZAKI,04050123002102,Functional health facilities
Renovation and Repairs of General Hospital Kafin Madaki,150000000.0,150000000.0,0.0,100000000.0,0.0,353,0.3074,0.32588,052100100100,MINISTRY OF HEALTH AND SOCIAL WELFARE,23030105,REHABILITATION / REPAIRS - HOSPITAL / HEALTH CENTRES,70721,GENERAL MEDICAL SERVICES,20510800,GANJUWA,04050123002202,Functional health facilities
Construction of New General Hospitals in the State,500000000.0,500000000.0,64540773.26,4330000000.0,0.0,353,0.31832,0.33679,052100100100,MINISTRY OF HEALTH AND SOCIAL WELFARE,23020106,CONSTRUCTION / PROVISION OF HOSPITALS / HEALTH CENTRES,70721,GENERAL MEDICAL SERVICES,20542400,STATE WIDE,04050123002502,Functional health facilities
Renovation of Gen. Hospital Gamawa and Renovation of 10 Nos. Staff Quarters,20000000.0,20000000.0,0.0,250000000.0,0.0,353,0.32839,0.34687,052100100100,MINISTRY OF HEALTH AND SOCIAL WELFARE,23030105,REHABILITATION / REPAIRS - HOSPITAL / HEALTH CENTRES,70721,GENERAL MEDICAL SERVICES,20520700,GAMAWA,04050123002602,Functional health facilities
Construction and Provision of 10 New Staff Quarters (3- Bedroom) Gen. Hospital Kafin Madaki,45000000.0,45000000.0,0.0,51750000.0,0.0,353,0.33931,0.35779,052100100100,MINISTRY OF HEALTH AND SOCIAL WELFARE,23020102,CONSTRUCTION / PROVISION OF RESIDENTIAL BUILDINGS,70721,GENERAL MEDICAL SERVICES,20510800,GANJUWA,04050123002702,Functional health facilities
Construction of Gen. Hospital Warji and 10 No. Staff Quarters,160816558.86,160816558.86,0.0,91224838.29,0.0,353,0.35023,0.36871,052100100100,MINISTRY OF HEALTH AND SOCIAL WELFARE,23020102,CONSTRUCTION / PROVISION OF RESIDENTIAL BUILDINGS,70721,GENERAL MEDICAL SERVICES,20511900,WARJI,04050123002802,Functional health facilities
Construction of New General Hospital Misau,1500000000.0,500000000.0,450119200.0,1025000000.0,0.0,353,0.36031,0.37879,052100100100,MINISTRY OF HEALTH AND SOCIAL WELFARE,23020106,CONSTRUCTION / PROVISION OF HOSPITALS / HEALTH CENTRES,70721,GENERAL MEDICAL SERVICES,20511400,MISAU,04050123002902,Functional health facilities
Construction of Ultra-Modern Accident Emergency and Equipping at General Hospital Darazo,507500000.0,107500000.0,0.0,583625000.0,0.0,353,0.37123,0.38971,052100100100,MINISTRY OF HEALTH AND SOCIAL WELFARE,23020106,CONSTRUCTION / PROVISION OF HOSPITALS / HEALTH CENTRES,70721,GENERAL MEDICAL SERVICES,20510500,DARAZO,04050123003002,Functional health facilities
Construction of Ultra-Modern Accident Emergency and Equipping at General Hospital Ningi,507500000.0,107500000.0,0.0,583625000.0,0.0,353,0.38215,0.40062,052100100100,MINISTRY OF HEALTH AND SOCIAL WELFARE,23020106,CONSTRUCTION / PROVISION OF HOSPITALS / HEALTH CENTRES,70721,GENERAL MEDICAL SERVICES,20511500,NINGI,04050123003102,Functional health facilities
Renovation of Gen. Hospital Shira and 10 No. Staff Quarters,250000000.0,250000000.0,0.0,400000000.0,0.0,353,0.39307,0.41154,052100100100,MINISTRY OF HEALTH AND SOCIAL WELFARE,23030105,REHABILITATION / REPAIRS - HOSPITAL / HEALTH CENTRES,70721,GENERAL MEDICAL SERVICES,20521600,SHIRA,04050123003202,Functional health facilities
Construction of Gen. Hospital Tafawa Balewa/Boto and 10 No. Staff Qaurters,250000000.0,250000000.0,0.0,400000000.0,0.0,353,0.40314,0.42162,052100100100,MINISTRY OF HEALTH AND SOCIAL WELFARE,23020106,CONSTRUCTION / PROVISION OF HOSPITALS / HEALTH CENTRES,70721,GENERAL MEDICAL SERVICES,20531700,T/BALEWA,04050123003302,Functional health facilities
Construction of General Hospital Gumau,147808088.56,147808088.56,96534443.18,73904044.28,0.0,353,0.41406,0.43254,052100100100,MINISTRY OF HEALTH AND SOCIAL WELFARE,23020106,CONSTRUCTION / PROVISION OF HOSPITALS / HEALTH CENTRES,70721,GENERAL MEDICAL SERVICES,20531800,TORO,04050123003402,Functional health facilities
"Construction of 5 Nos. 3- Bedroom Flat, Kitchen, Stores, Laundry and Perimeter Fencing at Gen. Hospital Gumau",49180031.59,49180031.59,0.0,41803026.85,0.0,353,0.42498,0.44346,052100100100,MINISTRY OF HEALTH AND SOCIAL WELFARE,23020102,CONSTRUCTION / PROVISION OF RESIDENTIAL BUILDINGS,70721,GENERAL MEDICAL SERVICES,20531800,TORO,04050123003504,Functional health facilities
Perimeter Wall Fence and the Expansion of Primary Health Care Centre Rishi,2619032.74,22619032.74,22267953.46,10000000.0,0.0,353,0.43506,0.45354,052100100100,MINISTRY OF HEALTH AND SOCIAL WELFARE,23030105,REHABILITATION / REPAIRS - HOSPITAL / HEALTH CENTRES,70721,GENERAL MEDICAL SERVICES,20531800,TORO,04050123003601,Functional health facilities
Renovation of Old Wing & Staff Quarters at Kirfi General Hospital,75086000.0,75086000.0,0.0,55086000.0,0.0,353,0.44598,0.46446,052100100100,MINISTRY OF HEALTH AND SOCIAL WELFARE,23030105,REHABILITATION / REPAIRS - HOSPITAL / HEALTH CENTRES,70721,GENERAL MEDICAL SERVICES,20531300,KIRFI,04050123003702,Functional health facilities
Perimeter Fencing of General Hospital in the State,500000000.0,500000000.0,565064454.8,2500000000.0,0.0,353,0.4569,0.47537,052100100100,MINISTRY OF HEALTH AND SOCIAL WELFARE,23030105,REHABILITATION / REPAIRS - HOSPITAL / HEALTH CENTRES,70721,GENERAL MEDICAL SERVICES,20542400,STATE WIDE,04050123003802,Functional health facilities
Construction of Ultra-Modern Accident & Emergency and Equipping at General Hospital Alkaleri,155000000.0,155000000.0,0.0,178250000.0,0.0,353,0.46782,0.48629,052100100100,MINISTRY OF HEALTH AND SOCIAL WELFARE,23020106,CONSTRUCTION / PROVISION OF HOSPITALS / HEALTH CENTRES,70721,GENERAL MEDICAL SERVICES,20530100,ALKALERI,04050123003902,Functional health facilities
Infecious Disease Hospital (IDH) at Bayara (Parameter Fencing),150000000.0,150000000.0,0.0,100000000.0,0.0,353,0.47789,0.49637,052100100100,MINISTRY OF HEALTH AND SOCIAL WELFARE,23030105,REHABILITATION / REPAIRS - HOSPITAL / HEALTH CENTRES,70721,GENERAL MEDICAL SERVICES,20530200,BAUCHI,04050123004002,Functional health facilities
Construction of General Hospital Jama'are,300000000.0,300000000.0,0.0,0.0,0.0,353,0.48881,0.50729,052100100100,MINISTRY OF HEALTH AND SOCIAL WELFARE,23020106,CONSTRUCTION / PROVISION OF HOSPITALS / HEALTH CENTRES,70721,GENERAL MEDICAL SERVICES,20521100,JAMA'ARE,04050123004202,Functional health facilities
Upgrading of Primary Health Centre Bara to General Hospital,150000000.0,150000000.0,0.0,100000000.0,0.0,353,0.49973,0.51821,052100100100,MINISTRY OF HEALTH AND SOCIAL WELFARE,23030105,REHABILITATION / REPAIRS - HOSPITAL / HEALTH CENTRES,70721,GENERAL MEDICAL SERVICES,20531300,KIRFI,04050123004302,Functional health facilities
Specialist Hospital Bauchi (Renovation/Upgradement of Two Storey Building of 12 Apartment for House Officers),82253219.07,82253219.07,0.0,0.0,0.0,353,0.51065,0.52913,052100100100,MINISTRY OF HEALTH AND SOCIAL WELFARE,23030101,REHABILITATION / REPAIRS OF RESIDENTIAL BUILDING,70721,GENERAL MEDICAL SERVICES,20530200,BAUCHI,04050123004403,Functional health facilities
"Construction of New Maternity Home at Unguwan Alkali, Bauchi",14600997.99,14600997.99,13494000.0,0.0,0.0,353,0.52073,0.53921,052100100100,MINISTRY OF HEALTH AND SOCIAL WELFARE,23020106,CONSTRUCTION / PROVISION OF HOSPITALS / HEALTH CENTRES,70721,GENERAL MEDICAL SERVICES,20530200,BAUCHI,04050123004501,Functional health facilities
Upgrading of Primary Health Centre Bulgel at T/balewa,150000000.0,150000000.0,0.0,0.0,0.0,353,0.53165,0.55012,052100100100,MINISTRY OF HEALTH AND SOCIAL WELFARE,23030105,REHABILITATION / REPAIRS - HOSPITAL / HEALTH CENTRES,70721,GENERAL MEDICAL SERVICES,20531700,T/BALEWA,04050123004901,Functional health facilities
Provision of ICT Equipment to Improve Health Services to Support State Ministry of Health,50000000.0,50000000.0,7907015.64,100000000.0,0.0,353,0.54257,0.56104,052100100100,MINISTRY OF HEALTH AND SOCIAL WELFARE,23020127,CONSTRUCTION OF ICT INFRASTRUCTURES,70721,GENERAL MEDICAL SERVICES,20530200,BAUCHI,04070123005004,Routine information system
"Construction of Female Hostels, Kitchen, Laundry, Renovation of 2 Class Rooms at ALIKO DANGOTE COLLEGE OF NURSING SCIENCES",6738426.28,6738426.28,0.0,0.0,0.0,353,0.55264,0.57112,052100100100,MINISTRY OF HEALTH AND SOCIAL WELFARE,23020102,CONSTRUCTION / PROVISION OF RESIDENTIAL BUILDINGS,70721,GENERAL MEDICAL SERVICES,20530200,BAUCHI,04010323005104,Health sector coordination mechanisms
"Construction of the e-library, and Entrepreneurship Development Centre, CBT at ALIKO DANGOTE COLLEGE OF NURSING SCIENCES",800000000.0,800000000.0,758203542.74,1000000000.0,0.0,353,0.56356,0.58204,052100100100,MINISTRY OF HEALTH AND SOCIAL WELFARE,23020107,CONSTRUCTION / PROVISION OF PUBLIC SCHOOLS,70721,GENERAL MEDICAL SERVICES,20530200,BAUCHI,04010323005204,Health sector coordination mechanisms
ALIKO DANGOTE COLLEGE OF NURSING SCIENCE (Parameter Fencing),58500000.0,58500000.0,48392065.82,300000000.0,0.0,353,0.57448,0.59296,052100100100,MINISTRY OF HEALTH AND SOCIAL WELFARE,23020118,CONSTRUCTION / PROVISION OF INFRASTRUCTURE,70721,GENERAL MEDICAL SERVICES,20530200,BAUCHI,04050323005304,"Facility electrification, water and sanitation"
BILL & MELINDA GATES COLLEGE OF HEALTH (Construction of 1No. Lecture Theatre),800000000.0,300000000.0,0.0,1000000000.0,0.0,353,0.5854,0.60388,052100100100,MINISTRY OF HEALTH AND SOCIAL WELFARE,23020102,CONSTRUCTION / PROVISION OF RESIDENTIAL BUILDINGS,70721,GENERAL MEDICAL SERVICES,20511500,NINGI,04050123005404,Functional health facilities
Purchase and Provision of Health Equipment through the UNFPA Programmes to Support Healthcare Delivery Services,70000000.0,70000000.0,0.0,70000000.0,0.0,353,0.59548,0.61396,052100100100,MINISTRY OF HEALTH AND SOCIAL WELFARE,23010122,PURCHASE OF HEALTH / MEDICAL EQUIPMENT,70721,GENERAL MEDICAL SERVICES,20542400,STATE WIDE,04050123005504,Functional health facilities
Health Workforce Management Activity through the Support of (USIAD) Project (Situation Analysis on the Burden of malnutrition in the State),41000000.0,41000000.0,0.0,250000000.0,0.0,353,0.6064,0.62487,052100100100,MINISTRY OF HEALTH AND SOCIAL WELFARE,23050101,RESEARCH AND DEVELOPMENT,70721,GENERAL MEDICAL SERVICES,20542400,STATE WIDE,04010223005604,Human and institutional capacity performance management
Provision of Health Infrastructure for Human Resources in Health USAID,70000000.0,70000000.0,0.0,0.0,0.0,353,0.61732,0.63579,052100100100,MINISTRY OF HEALTH AND SOCIAL WELFARE,23010122,PURCHASE OF HEALTH / MEDICAL EQUIPMENT,70721,GENERAL MEDICAL SERVICES,20542400,STATE WIDE,04050123005704,Functional health facilities
Bauchi State Health Trust Fund 3% for Supervision of Projects Under Construction and Renovations,27735014.1,27735014.1,0.0,36000000.0,0.0,353,0.62823,0.64671,052100100100,MINISTRY OF HEALTH AND SOCIAL WELFARE,23050103,MONITORING AND EVALUATION,70721,GENERAL MEDICAL SERVICES,20542400,STATE WIDE,04070423005804,Monitoring and Evaluation (M&E)
Rehabilitation of Health Centres in the State,750000000.0,550000000.0,433088209.2,325000000.0,0.0,353,0.63831,0.65679,052100100100,MINISTRY OF HEALTH AND SOCIAL WELFARE,23030105,REHABILITATION / REPAIRS - HOSPITAL / HEALTH CENTRES,70721,GENERAL MEDICAL SERVICES,20542400,STATE WIDE,04050123005904,Functional health facilities
Renovation and Repairs of Ministry of Health Building at Shadawanka for BASHMA and BAUCHI STATE HEALTH TRUST FUND,150000000.0,150000000.0,0.0,160000000.0,0.0,353,0.64923,0.66771,052100100100,MINISTRY OF HEALTH AND SOCIAL WELFARE,23030121,REHABILITATION / REPAIRS OF OFFICE BUILDINGS,70721,GENERAL MEDICAL SERVICES,20530200,BAUCHI,04010323006004,Health sector coordination mechanisms
Renovation of Office Building (MOH Headquarters),150000000.0,150000000.0,0.0,160000000.0,0.0,353,0.66015,0.67863,052100100100,MINISTRY OF HEALTH AND SOCIAL WELFARE,23030121,REHABILITATION / REPAIRS OF OFFICE BUILDINGS,70721,GENERAL MEDICAL SERVICES,20530200,BAUCHI,04010323006104,Health sector coordination mechanisms
Supervision and Inspection of Health Facilities in the State,50000000.0,50000000.0,0.0,60000000.0,0.0,353,0.67023,0.68871,052100100100,MINISTRY OF HEALTH AND SOCIAL WELFARE,23050103,MONITORING AND EVALUATION,70721,GENERAL MEDICAL SERVICES,20542400,STATE WIDE,04070423006204,Monitoring and Evaluation (M&E)
Supervision and Surveillance of Programmes and Projects,20000000.0,20000000.0,0.0,25000000.0,0.0,353,0.68115,0.69962,052100100100,MINISTRY OF HEALTH AND SOCIAL WELFARE,23050103,MONITORING AND EVALUATION,70721,GENERAL MEDICAL SERVICES,20542400,STATE WIDE,04070423006304,Monitoring and Evaluation (M&E)
Provision and Supply of Medical Equipment for the Prevention of Diseases,20000000.0,20000000.0,0.0,36000000.0,0.0,353,0.69206,0.71054,052100100100,MINISTRY OF HEALTH AND SOCIAL WELFARE,23010122,PURCHASE OF HEALTH / MEDICAL EQUIPMENT,70721,GENERAL MEDICAL SERVICES,20542400,STATE WIDE,04050223006404,Planned Preventive Maintenance (PPM)
Supervision and Survellance Activities in order to Address Issues Associated with Gender/Gender Based Violence Across the State.,20000000.0,20000000.0,0.0,80000000.0,0.0,353,0.70298,0.72146,052100100100,MINISTRY OF HEALTH AND SOCIAL WELFARE,23050103,MONITORING AND EVALUATION,70721,GENERAL MEDICAL SERVICES,20542400,STATE WIDE,04010423006704,Integrated supportive supervision
"Study in the areas of Maternal & Child Health -: MPC, DSR, QOC",0.0,0.0,0.0,100000000.0,0.0,353,0.71306,0.73154,052100100100,MINISTRY OF HEALTH AND SOCIAL WELFARE,23050101,RESEARCH AND DEVELOPMENT,70721,GENERAL MEDICAL SERVICES,20542400,STATE WIDE,04070323006804,"Research and development (Institutional Review Board, Clinical Trials)"
Purchase of 20 Nos. of Desktop Computers,25000000.0,25000000.0,0.0,0.0,0.0,353,0.72398,0.74246,052100100100,MINISTRY OF HEALTH AND SOCIAL WELFARE,23010113,PURCHASE OF COMPUTERS,70721,GENERAL MEDICAL SERVICES,20530200,BAUCHI,04010323006904,Health sector coordination mechanisms
Purchase of 10 Nos. Computer Printers,5000000.0,5000000.0,0.0,0.0,0.0,353,0.7349,0.75338,052100100100,MINISTRY OF HEALTH AND SOCIAL WELFARE,23010114,PURCHASE OF COMPUTER PRINTERS,70721,GENERAL MEDICAL SERVICES,20530200,BAUCHI,04010323007004,Health sector coordination mechanisms
Purchase of 11 Nos Photocopier Machines,30000000.0,30000000.0,0.0,0.0,0.0,353,0.74498,0.76345,052100100100,MINISTRY OF HEALTH AND SOCIAL WELFARE,23010115,PURCHASE OF PHOTOCOPYING MACHINES,70721,GENERAL MEDICAL SERVICES,20530200,BAUCHI,04010323007104,Health sector coordination mechanisms
Purchase of 11 Nos Scanner Machines,11000000.0,11000000.0,0.0,0.0,0.0,353,0.7559,0.77437,052100100100,MINISTRY OF HEALTH AND SOCIAL WELFARE,23010118,PURCHASE OF SCANNERS,70721,GENERAL MEDICAL SERVICES,20530200,BAUCHI,04010323007204,Health sector coordination mechanisms
Complete Rehabilitation and Repairs of Specialist Hospital Bauchi,12700000000.0,10700000000.0,8962001525.52,15000000000.0,0.0,353,0.76681,0.78529,052100100100,MINISTRY OF HEALTH AND SOCIAL WELFARE,23030105,REHABILITATION / REPAIRS - HOSPITAL / HEALTH CENTRES,70721,GENERAL MEDICAL SERVICES,20530200,BAUCHI,04050123007303,Functional health facilities
Construction /Provision of Residential Quarters for Health Workers at Specialist . Bauchi,3000000000.0,2000000000.0,2500000000.0,4450000000.0,0.0,353,0.77773,0.79621,052100100100,MINISTRY OF HEALTH AND SOCIAL WELFARE,23020102,CONSTRUCTION / PROVISION OF RESIDENTIAL BUILDINGS,70721,GENERAL MEDICAL SERVICES,20530200,BAUCHI,04050123007403,Functional health facilities
FOUNDATION YEAR PROGRAMME (FYP) for the Provision of Health Infrastrcutures. Eg. Construction of Hostels and General Maintenance of Infrastructures.,500000000.0,500000000.0,0.0,50000000.0,0.0,353,0.78781,0.80629,052100100100,MINISTRY OF HEALTH AND SOCIAL WELFARE,23020106,CONSTRUCTION / PROVISION OF HOSPITALS / HEALTH CENTRES,70721,GENERAL MEDICAL SERVICES,20542400,STATE WIDE,04050123007504,Functional health facilities
Provision of HealthCare Facilities and Equipment through the Support of UNICEF Project,100000000.0,100000000.0,38640000.0,100000000.0,30000000.0,353,0.79873,0.81721,052100100100,MINISTRY OF HEALTH AND SOCIAL WELFARE,23010122,PURCHASE OF HEALTH / MEDICAL EQUIPMENT,70721,GENERAL MEDICAL SERVICES,20542400,STATE WIDE,04050123007604,Functional health facilities
Annual Health Anniversary and Celebrations,0.0,0.0,0.0,50000000.0,0.0,353,0.80965,0.82813,052100100100,MINISTRY OF HEALTH AND SOCIAL WELFARE,23050104,ANNIVERSARIES/CELEBRATIONS,70721,GENERAL MEDICAL SERVICES,20542400,STATE WIDE,04050126000104,Functional health facilities
Procurement of 25 Laptop computers for Data Officers State and LGAs,8000000.0,8000000.0,0.0,0.0,0.0,353,0.86256,0.88104,052100300100,PRIMARY HEALTH CARE DEVELOPMENT BOARD,23010113,PURCHASE OF COMPUTERS,70741,PUBLIC HEALTH SERVICES,20542400,STATE WIDE,04010323007101,Health sector coordination mechanisms
Purchase of 1 unit vehicle of Toyota Hilux at SPHCDA,65000000.0,65000000.0,0.0,0.0,0.0,353,0.87348,0.89196,052100300100,PRIMARY HEALTH CARE DEVELOPMENT BOARD,23010105,PURCHASE OF MOTOR VEHICLES,70741,PUBLIC HEALTH SERVICES,20530200,BAUCHI,04010323007201,Health sector coordination mechanisms
Purchase of 300 Nos. of Office Chairs and Tables for Primary Healthcare Centres in the State.,100000000.0,100000000.0,0.0,150000000.0,0.0,353,0.8844,0.90288,052100300100,PRIMARY HEALTH CARE DEVELOPMENT BOARD,23010112,PURCHASE OF OFFICE FURNITURE AND FITTINGS,70741,PUBLIC HEALTH SERVICES,20530200,BAUCHI,04010323007301,Health sector coordination mechanisms
Purchase of Medical Equipment and beddings for PHC Gamawa LGA,39000000.0,39000000.0,40000000.0,150000000.0,0.0,353,0.89532,0.91379,052100300100,PRIMARY HEALTH CARE DEVELOPMENT BOARD,23010122,PURCHASE OF HEALTH / MEDICAL EQUIPMENT,70741,PUBLIC HEALTH SERVICES,20520700,GAMAWA,04050123007401,Functional health facilities
"Purchase of Medical Equipment, Equipment and beddings for PHC Itas Gadau LGA",39000000.0,39000000.0,40000000.0,150000000.0,0.0,354,0.09323,0.1117,052100300100,PRIMARY HEALTH CARE DEVELOPMENT BOARD,23010122,PURCHASE OF HEALTH / MEDICAL EQUIPMENT,70741,PUBLIC HEALTH SERVICES,20521000,ITAS GADAU,04050123007501,Functional health facilities
"Purchase of Medical Equipment, and beddings for PHC Katagum LGA",39000000.0,39000000.0,40000000.0,150000000.0,0.0,354,0.10415,0.12262,052100300100,PRIMARY HEALTH CARE DEVELOPMENT BOARD,23010122,PURCHASE OF HEALTH / MEDICAL EQUIPMENT,70741,PUBLIC HEALTH SERVICES,20521200,KATAGUM,04050123007601,Functional health facilities
Purchase of Medical Equipment and beddings for PHC Ningi LGA,39000000.0,39000000.0,40000000.0,150000000.0,0.0,354,0.11506,0.13354,052100300100,PRIMARY HEALTH CARE DEVELOPMENT BOARD,23010122,PURCHASE OF HEALTH / MEDICAL EQUIPMENT,70741,PUBLIC HEALTH SERVICES,20511500,NINGI,04050123007701,Functional health facilities
Purchase of Medical Equipment and beddings for PHC Misau LGA,39000000.0,39000000.0,40000000.0,150000000.0,0.0,354,0.12598,0.14446,052100300100,PRIMARY HEALTH CARE DEVELOPMENT BOARD,23010122,PURCHASE OF HEALTH / MEDICAL EQUIPMENT,70741,PUBLIC HEALTH SERVICES,20511400,MISAU,04050123007801,Functional health facilities
Purchase of Medical Equipment and beddings for PHC Ganjuwa LGA,39000000.0,39000000.0,40000000.0,150000000.0,0.0,354,0.13606,0.15454,052100300100,PRIMARY HEALTH CARE DEVELOPMENT BOARD,23010122,PURCHASE OF HEALTH / MEDICAL EQUIPMENT,70741,PUBLIC HEALTH SERVICES,20510800,GANJUWA,04050123007901,Functional health facilities
Purchase of Medical Equipment and beddings for PHC Alkaleri LGA,39000000.0,39000000.0,40000000.0,150000000.0,0.0,354,0.14698,0.16546,052100300100,PRIMARY HEALTH CARE DEVELOPMENT BOARD,23010122,PURCHASE OF HEALTH / MEDICAL EQUIPMENT,70741,PUBLIC HEALTH SERVICES,20530100,ALKALERI,04050123008001,Functional health facilities
Purchase of Medical Equipment and beddings for PHC Toro LGA,39000000.0,39000000.0,40000000.0,150000000.0,0.0,354,0.1579,0.17638,052100300100,PRIMARY HEALTH CARE DEVELOPMENT BOARD,23010122,PURCHASE OF HEALTH / MEDICAL EQUIPMENT,70741,PUBLIC HEALTH SERVICES,20531800,TORO,04050123008101,Functional health facilities
Purchase of Medical Equipment and beddings for PHC Tafawa Balewa LGA,39000000.0,39000000.0,40000000.0,150000000.0,0.0,354,0.16798,0.18645,052100300100,PRIMARY HEALTH CARE DEVELOPMENT BOARD,23010122,PURCHASE OF HEALTH / MEDICAL EQUIPMENT,70741,PUBLIC HEALTH SERVICES,20531700,T/BALEWA,04050123008201,Functional health facilities
Purchase of Infection Prevention and Control Equipment and Materials at Primary Health Care Development Agency,10000000.0,10000000.0,0.0,100000000.0,0.0,354,0.1789,0.19737,052100300100,PRIMARY HEALTH CARE DEVELOPMENT BOARD,23010122,PURCHASE OF HEALTH / MEDICAL EQUIPMENT,70741,PUBLIC HEALTH SERVICES,20530200,BAUCHI,04050223008301,Planned Preventive Maintenance (PPM)
"Purchase of Testing Kits and Equipment by Primary Health Care Board, Bauchi",6500000.0,6500000.0,0.0,100000000.0,0.0,354,0.18981,0.20829,052100300100,PRIMARY HEALTH CARE DEVELOPMENT BOARD,23010122,PURCHASE OF HEALTH / MEDICAL EQUIPMENT,70741,PUBLIC HEALTH SERVICES,20530200,BAUCHI,04050123008401,Functional health facilities
Parameter fencing of Primary Health Center at PHC the Shira LGA,40000000.0,40000000.0,0.0,150000000.0,0.0,354,0.20073,0.21921,052100300100,PRIMARY HEALTH CARE DEVELOPMENT BOARD,23020118,CONSTRUCTION / PROVISION OF INFRASTRUCTURE,70741,PUBLIC HEALTH SERVICES,20521600,SHIRA,04050123008501,Functional health facilities
Parameter fencing of Primary Health Center at the PHC Dambam LGA,40000000.0,40000000.0,0.0,150000000.0,0.0,354,0.21081,0.22929,052100300100,PRIMARY HEALTH CARE DEVELOPMENT BOARD,23020118,CONSTRUCTION / PROVISION OF INFRASTRUCTURE,70741,PUBLIC HEALTH SERVICES,20510400,DAMBAM,04050123008601,Functional health facilities
Parameter fencing of Primary Health Center at the PHC Dass LGA,40000000.0,40000000.0,0.0,150000000.0,0.0,354,0.22173,0.24021,052100300100,PRIMARY HEALTH CARE DEVELOPMENT BOARD,23020118,CONSTRUCTION / PROVISION OF INFRASTRUCTURE,70741,PUBLIC HEALTH SERVICES,20530600,DASS,04050123008701,Functional health facilities
Construction of an additional Primary Health Care Centre at Sullubawa Bauchi LGA,100000000.0,100000000.0,100000000.0,350000000.0,0.0,354,0.23265,0.25113,052100300100,PRIMARY HEALTH CARE DEVELOPMENT BOARD,23020106,CONSTRUCTION / PROVISION OF HOSPITALS / HEALTH CENTRES,70741,PUBLIC HEALTH SERVICES,20530200,BAUCHI,04050123008801,Functional health facilities
Construction of an additional Primary Health Care Centre at Kirfi LGA,100000000.0,100000000.0,100000000.0,500000000.0,0.0,354,0.24273,0.2612,052100300100,PRIMARY HEALTH CARE DEVELOPMENT BOARD,23020106,CONSTRUCTION / PROVISION OF HOSPITALS / HEALTH CENTRES,70741,PUBLIC HEALTH SERVICES,20531300,KIRFI,04050123008901,Functional health facilities
Construction of an additional Primary Health Care Centre at Bogoro LGA,100000000.0,100000000.0,100000000.0,500000000.0,0.0,354,0.25365,0.27212,052100300100,PRIMARY HEALTH CARE DEVELOPMENT BOARD,23020106,CONSTRUCTION / PROVISION OF HOSPITALS / HEALTH CENTRES,70741,PUBLIC HEALTH SERVICES,20530300,BOGORO,04050123009001,Functional health facilities
Construction of an additional Primary Health Care Centre at Alkaleri LGA,100000000.0,100000000.0,100000000.0,500000000.0,0.0,354,0.26456,0.28304,052100300100,PRIMARY HEALTH CARE DEVELOPMENT BOARD,23020106,CONSTRUCTION / PROVISION OF HOSPITALS / HEALTH CENTRES,70741,PUBLIC HEALTH SERVICES,20530100,ALKALERI,04050123009101,Functional health facilities
Construction of an additional Primary Health Care Centre at Zaki LGA,100000000.0,100000000.0,100000000.0,500000000.0,0.0,354,0.27548,0.29396,052100300100,PRIMARY HEALTH CARE DEVELOPMENT BOARD,23020106,CONSTRUCTION / PROVISION OF HOSPITALS / HEALTH CENTRES,70741,PUBLIC HEALTH SERVICES,20522000,ZAKI,04050123009201,Functional health facilities
Construction of an additional Primary Health Care Centre at Jama'are LGA,100000000.0,100000000.0,100000000.0,500000000.0,0.0,354,0.28556,0.30404,052100300100,PRIMARY HEALTH CARE DEVELOPMENT BOARD,23020106,CONSTRUCTION / PROVISION OF HOSPITALS / HEALTH CENTRES,70741,PUBLIC HEALTH SERVICES,20521100,JAMA'ARE,04050123009301,Functional health facilities
Construction of an additional Primary Health Care Centre at Shira LGA,100000000.0,100000000.0,100000000.0,500000000.0,0.0,354,0.29648,0.31496,052100300100,PRIMARY HEALTH CARE DEVELOPMENT BOARD,23020106,CONSTRUCTION / PROVISION OF HOSPITALS / HEALTH CENTRES,70741,PUBLIC HEALTH SERVICES,20521600,SHIRA,04050123009401,Functional health facilities
Construction of an additional Primary Health Care Centre at Darazo LGA,100000000.0,100000000.0,100000000.0,500000000.0,0.0,354,0.3074,0.32588,052100300100,PRIMARY HEALTH CARE DEVELOPMENT BOARD,23020106,CONSTRUCTION / PROVISION OF HOSPITALS / HEALTH CENTRES,70741,PUBLIC HEALTH SERVICES,20510500,DARAZO,04050123009501,Functional health facilities
Construction of an additional Primary Health Care Centre at Warji LGA,100000000.0,100000000.0,100000000.0,500000000.0,0.0,354,0.31832,0.33679,052100300100,PRIMARY HEALTH CARE DEVELOPMENT BOARD,23020106,CONSTRUCTION / PROVISION OF HOSPITALS / HEALTH CENTRES,70741,PUBLIC HEALTH SERVICES,20511900,WARJI,04050123009601,Functional health facilities
Construction of an additional Primary Health Care Centre at Danbam LGA,100000000.0,100000000.0,100000000.0,500000000.0,0.0,354,0.32839,0.34687,052100300100,PRIMARY HEALTH CARE DEVELOPMENT BOARD,23020106,CONSTRUCTION / PROVISION OF HOSPITALS / HEALTH CENTRES,70741,PUBLIC HEALTH SERVICES,20510400,DAMBAM,04050123009701,Functional health facilities
Provision of Water and Sanitary Facilities at PHC Bauchi LGA,15000000.0,15000000.0,0.0,70000000.0,0.0,354,0.33931,0.35779,052100300100,PRIMARY HEALTH CARE DEVELOPMENT BOARD,23020105,CONSTRUCTION / PROVISION OF WATER FACILITIES,70741,PUBLIC HEALTH SERVICES,20530200,BAUCHI,04050323009801,"Facility electrification, water and sanitation"
Provision of Water and Sanitary Facilities at PHC Tafawa Balewa LGA,15000000.0,15000000.0,0.0,70000000.0,0.0,354,0.35023,0.36871,052100300100,PRIMARY HEALTH CARE DEVELOPMENT BOARD,23020105,CONSTRUCTION / PROVISION OF WATER FACILITIES,70741,PUBLIC HEALTH SERVICES,20531700,T/BALEWA,04050323009901,"Facility electrification, water and sanitation"
Provision of Water and Sanitary Facilities at PHC Bogoro LGA,15000000.0,15000000.0,0.0,70000000.0,0.0,354,0.36031,0.37879,052100300100,PRIMARY HEALTH CARE DEVELOPMENT BOARD,23020105,CONSTRUCTION / PROVISION OF WATER FACILITIES,70741,PUBLIC HEALTH SERVICES,20530300,BOGORO,04050323010001,"Facility electrification, water and sanitation"
Provision of Water and Sanitary Facilities at PHC Toro LGA,15000000.0,15000000.0,0.0,70000000.0,0.0,354,0.37123,0.38971,052100300100,PRIMARY HEALTH CARE DEVELOPMENT BOARD,23020105,CONSTRUCTION / PROVISION OF WATER FACILITIES,70741,PUBLIC HEALTH SERVICES,20531800,TORO,04050323010101,"Facility electrification, water and sanitation"
Provision of Water and Sanitary Facilities at PHC Itas Gadau LGA,15000000.0,15000000.0,0.0,70000000.0,0.0,354,0.38215,0.40062,052100300100,PRIMARY HEALTH CARE DEVELOPMENT BOARD,23020105,CONSTRUCTION / PROVISION OF WATER FACILITIES,70741,PUBLIC HEALTH SERVICES,20521000,ITAS GADAU,04050323010201,"Facility electrification, water and sanitation"
Provision of Water and Sanitary Facilities at PHC Dambam LGA,15000000.0,15000000.0,0.0,70000000.0,0.0,354,0.39307,0.41154,052100300100,PRIMARY HEALTH CARE DEVELOPMENT BOARD,23020105,CONSTRUCTION / PROVISION OF WATER FACILITIES,70741,PUBLIC HEALTH SERVICES,20510400,DAMBAM,04050323010301,"Facility electrification, water and sanitation"
Provision of Water and Sanitary Facilities at PHC Ningi LGA,15000000.0,15000000.0,0.0,70000000.0,0.0,354,0.40314,0.42162,052100300100,PRIMARY HEALTH CARE DEVELOPMENT BOARD,23020105,CONSTRUCTION / PROVISION OF WATER FACILITIES,70741,PUBLIC HEALTH SERVICES,20511500,NINGI,04050323010401,"Facility electrification, water and sanitation"
Provision of Water and Sanitary Facilities at PHC Ganjuwa LGA,15000000.0,15000000.0,0.0,70000000.0,0.0,354,0.41406,0.43254,052100300100,PRIMARY HEALTH CARE DEVELOPMENT BOARD,23020105,CONSTRUCTION / PROVISION OF WATER FACILITIES,70741,PUBLIC HEALTH SERVICES,20510800,GANJUWA,04050323010501,"Facility electrification, water and sanitation"
Provision of Water and Sanitary Facilities at PHC Warji LGA,15000000.0,15000000.0,0.0,70000000.0,0.0,354,0.42498,0.44346,052100300100,PRIMARY HEALTH CARE DEVELOPMENT BOARD,23020105,CONSTRUCTION / PROVISION OF WATER FACILITIES,70741,PUBLIC HEALTH SERVICES,20511900,WARJI,04050323010601,"Facility electrification, water and sanitation"
Provision of Water and Sanitary Facilities at PHC Kirfi LGA,15000000.0,15000000.0,0.0,70000000.0,0.0,354,0.43506,0.45354,052100300100,PRIMARY HEALTH CARE DEVELOPMENT BOARD,23020105,CONSTRUCTION / PROVISION OF WATER FACILITIES,70741,PUBLIC HEALTH SERVICES,20531300,KIRFI,04050323010701,"Facility electrification, water and sanitation"
Renovation of Zonal PHC Office at Bauchi LGA,40000000.0,40000000.0,0.0,150000000.0,0.0,354,0.44598,0.46446,052100300100,PRIMARY HEALTH CARE DEVELOPMENT BOARD,23030105,REHABILITATION / REPAIRS - HOSPITAL / HEALTH CENTRES,70741,PUBLIC HEALTH SERVICES,20530200,BAUCHI,04050123010801,Functional health facilities
Renovation of Zonal PHC Office at Ningi LGA,30000000.0,30000000.0,0.0,150000000.0,0.0,354,0.4569,0.47537,052100300100,PRIMARY HEALTH CARE DEVELOPMENT BOARD,23030105,REHABILITATION / REPAIRS - HOSPITAL / HEALTH CENTRES,70741,PUBLIC HEALTH SERVICES,20511500,NINGI,04050123010901,Functional health facilities
Renovation of Zonal PHC Office at Katagum,30000000.0,30000000.0,0.0,150000000.0,0.0,354,0.46782,0.48629,052100300100,PRIMARY HEALTH CARE DEVELOPMENT BOARD,23030105,REHABILITATION / REPAIRS - HOSPITAL / HEALTH CENTRES,70741,PUBLIC HEALTH SERVICES,20521200,KATAGUM,04050123011001,Functional health facilities
Construction of Immunization shades at PHC Center Gamawa LGA,10000000.0,10000000.0,16484195.36,50000000.0,0.0,354,0.47789,0.49637,052100300100,PRIMARY HEALTH CARE DEVELOPMENT BOARD,23020118,CONSTRUCTION / PROVISION OF INFRASTRUCTURE,70741,PUBLIC HEALTH SERVICES,20520700,GAMAWA,04050123011101,Functional health facilities
Construction of Immunization shades at PHC Center Darazo LGA,10000000.0,10000000.0,5912008.78,50000000.0,0.0,354,0.48881,0.50729,052100300100,PRIMARY HEALTH CARE DEVELOPMENT BOARD,23020118,CONSTRUCTION / PROVISION OF INFRASTRUCTURE,70741,PUBLIC HEALTH SERVICES,20510500,DARAZO,04050123011201,Functional health facilities
Construction of Immunization shades at PHC Center Dass LGA,10000000.0,10000000.0,0.0,50000000.0,0.0,354,0.49973,0.51821,052100300100,PRIMARY HEALTH CARE DEVELOPMENT BOARD,23020118,CONSTRUCTION / PROVISION OF INFRASTRUCTURE,70741,PUBLIC HEALTH SERVICES,20530600,DASS,04050123011301,Functional health facilities
Surveillance and Disease Outbreak Prevention and Response Activities by SPHCB,250000000.0,250000000.0,183700924.0,500000000.0,0.0,354,0.51065,0.52913,052100300100,PRIMARY HEALTH CARE DEVELOPMENT BOARD,23050103,MONITORING AND EVALUATION,70741,PUBLIC HEALTH SERVICES,20530200,BAUCHI,04050223011401,Planned Preventive Maintenance (PPM)
Comemorations of Biannual Maternal and New Child Health Week (MNCH),170000000.0,170000000.0,0.0,500000000.0,0.0,354,0.52073,0.53921,052100300100,PRIMARY HEALTH CARE DEVELOPMENT BOARD,23050104,ANNIVERSARIES/CELEBRATIONS,70741,PUBLIC HEALTH SERVICES,20530200,BAUCHI,04030123011501,"Reproductive, maternal and neonatal health"
Procurement of Family Planning Commodities and medical consumables,150000000.0,150000000.0,0.0,400000000.0,0.0,354,0.53165,0.55012,052100300100,PRIMARY HEALTH CARE DEVELOPMENT BOARD,23010122,PURCHASE OF HEALTH / MEDICAL EQUIPMENT,70741,PUBLIC HEALTH SERVICES,20530200,BAUCHI,04030123011601,"Reproductive, maternal and neonatal health"
"Purchase of Medical Equipment, Drugs, and Consumables for School Health Services by SPHCB",8000000.0,8000000.0,0.0,500000000.0,0.0,354,0.54257,0.56104,052100300100,PRIMARY HEALTH CARE DEVELOPMENT BOARD,23010122,PURCHASE OF HEALTH / MEDICAL EQUIPMENT,70741,PUBLIC HEALTH SERVICES,20530200,BAUCHI,04050123011701,Functional health facilities
Printing of 1500 copies of Quality of Care and Maternal Perionatal Diseases and Survellance Responses Standard Operating Procudures (SOP),4000000.0,4000000.0,0.0,50000000.0,0.0,354,0.55264,0.57112,052100300100,PRIMARY HEALTH CARE DEVELOPMENT BOARD,23050101,RESEARCH AND DEVELOPMENT,70741,PUBLIC HEALTH SERVICES,20530200,BAUCHI,04010323011801,Health sector coordination mechanisms
Contribution of Local Government Council in Health Services to SPHCB,50000000.0,50000000.0,24000000.0,100000000.0,0.0,354,0.56356,0.58204,052100300100,PRIMARY HEALTH CARE DEVELOPMENT BOARD,23050101,RESEARCH AND DEVELOPMENT,70741,PUBLIC HEALTH SERVICES,20530200,BAUCHI,04050123011901,Functional health facilities
Construction of Healthcare Facilities.across the State (Basic Health Care Provision Funds to Primary Health Care Dev. Agency),1060000000.0,560000000.0,28828000.0,1500000000.0,0.0,354,0.57448,0.59296,052100300100,PRIMARY HEALTH CARE DEVELOPMENT BOARD,23020106,CONSTRUCTION / PROVISION OF HOSPITALS / HEALTH CENTRES,70741,PUBLIC HEALTH SERVICES,20542400,STATE WIDE,04050123012001,Functional health facilities
Basic Health Care Provision Funds to Primary Health Care Dev. Agency for the Rehabilitations of Healthcare Facilities.,0.0,0.0,0.0,1000000000.0,0.0,354,0.5854,0.60388,052100300100,PRIMARY HEALTH CARE DEVELOPMENT BOARD,23030105,REHABILITATION / REPAIRS - HOSPITAL / HEALTH CENTRES,70741,PUBLIC HEALTH SERVICES,20542400,STATE WIDE,04050123012001,Functional health facilities
"UNICEF - Support to (Nutrition, CMAM, MNCH, Immunization, IMCI, FP and Soc. Mobilization)",500000000.0,500000000.0,201844149.8,0.0,0.0,354,0.59548,0.61396,052100300100,PRIMARY HEALTH CARE DEVELOPMENT BOARD,23010122,PURCHASE OF HEALTH / MEDICAL EQUIPMENT,70741,PUBLIC HEALTH SERVICES,20542400,STATE WIDE,04050123012001,Functional health facilities
Basic Health Care Provision Funds to Primary Health Care Dev. Agency for the Purchase of Medical Equipment.,0.0,0.0,0.0,1000000000.0,0.0,354,0.6064,0.62487,052100300100,PRIMARY HEALTH CARE DEVELOPMENT BOARD,23010122,PURCHASE OF HEALTH / MEDICAL EQUIPMENT,70741,PUBLIC HEALTH SERVICES,20542400,STATE WIDE,04050123012001,Functional health facilities
Advancing Nutrition Project (USAID) for the Provision of Nutrition Supplemments,70000000.0,70000000.0,0.0,0.0,0.0,354,0.61732,0.63579,052100300100,PRIMARY HEALTH CARE DEVELOPMENT BOARD,23010122,PURCHASE OF HEALTH / MEDICAL EQUIPMENT,70741,PUBLIC HEALTH SERVICES,20542400,STATE WIDE,04030623012401,Nutrition
Family Health International Project FHI 360 for the Provision of Multiple Micro -Nutrient Supplement.,300000000.0,300000000.0,0.0,50000000.0,0.0,354,0.62823,0.64671,052100300100,PRIMARY HEALTH CARE DEVELOPMENT BOARD,23010122,PURCHASE OF HEALTH / MEDICAL EQUIPMENT,70741,PUBLIC HEALTH SERVICES,20542400,STATE WIDE,04030123012501,"Reproductive, maternal and neonatal health"
Purchase and Provision of Medical Equipment for Immunization Plus Malaria Progress Accelarating Coverage and Transformation Services (IMPACT) Project.,6700000000.0,6700000000.0,1700000000.0,3000000000.0,0.0,354,0.63831,0.65679,052100300100,PRIMARY HEALTH CARE DEVELOPMENT BOARD,23010122,PURCHASE OF HEALTH / MEDICAL EQUIPMENT,70741,PUBLIC HEALTH SERVICES,20542400,STATE WIDE,04030223012601,Child health
Global Health Supply Chains - Procurement Supply Management (GHSC-PSM (USAID) Project for Provision of Family Planning Commodities.,500000000.0,500000000.0,250643880.0,0.0,0.0,354,0.64923,0.66771,052100300100,PRIMARY HEALTH CARE DEVELOPMENT BOARD,23010122,PURCHASE OF HEALTH / MEDICAL EQUIPMENT,70741,PUBLIC HEALTH SERVICES,20542400,STATE WIDE,04030123012801,"Reproductive, maternal and neonatal health"
Basic Health Care Prov. Funds Contr. to Primary Health Care Dev. Agency,250000000.0,250000000.0,0.0,0.0,0.0,354,0.66015,0.67863,052100300100,PRIMARY HEALTH CARE DEVELOPMENT BOARD,23010122,PURCHASE OF HEALTH / MEDICAL EQUIPMENT,70741,PUBLIC HEALTH SERVICES,20530200,BAUCHI,04050123012901,Functional health facilities
Upgrade of Garin Abare Health Clinic to Level 2 PHC in Darazo LGA,0.0,0.0,0.0,100000000.0,0.0,354,0.67023,0.68871,052100300100,PRIMARY HEALTH CARE DEVELOPMENT BOARD,23030105,REHABILITATION / REPAIRS - HOSPITAL / HEALTH CENTRES,70741,PUBLIC HEALTH SERVICES,20510500,DARAZO,04050123012901,Functional health facilities
Upgrade of Majiya Health Posts to Primary Health Centre in Itas Gadau LGA.,50000000.0,50000000.0,0.0,100000000.0,0.0,354,0.68115,0.69962,052100300100,PRIMARY HEALTH CARE DEVELOPMENT BOARD,23030105,REHABILITATION / REPAIRS - HOSPITAL / HEALTH CENTRES,70741,PUBLIC HEALTH SERVICES,20521000,ITAS GADAU,04050123013101,Functional health facilities
Upgrade of Kafin Liman Health Posts to Primary Health Centre in Ganjuwa LGA.,50000000.0,50000000.0,0.0,100000000.0,0.0,354,0.69206,0.71054,052100300100,PRIMARY HEALTH CARE DEVELOPMENT BOARD,23030105,REHABILITATION / REPAIRS - HOSPITAL / HEALTH CENTRES,70741,PUBLIC HEALTH SERVICES,20510800,GANJUWA,04050123013201,Functional health facilities
Upgrade of Digare Health Posts to Primary Health Centre in Alkaleri LGA.,50000000.0,50000000.0,0.0,100000000.0,0.0,354,0.70298,0.72146,052100300100,PRIMARY HEALTH CARE DEVELOPMENT BOARD,23030105,REHABILITATION / REPAIRS - HOSPITAL / HEALTH CENTRES,70741,PUBLIC HEALTH SERVICES,20530100,ALKALERI,04050123013301,Functional health facilities
Upgrade of Buzaye Health Posts to Primary Health Centre in Bauchi LGA.,50000000.0,50000000.0,0.0,100000000.0,0.0,354,0.71306,0.73154,052100300100,PRIMARY HEALTH CARE DEVELOPMENT BOARD,23030105,REHABILITATION / REPAIRS - HOSPITAL / HEALTH CENTRES,70741,PUBLIC HEALTH SERVICES,20530200,BAUCHI,04050123013401,Functional health facilities
Improvement and Strengthening of PHCs program (PHC MoU) with Development Partners,872361636.88,872361636.88,1023075600.0,1900000000.0,0.0,354,0.72398,0.74246,052100300100,PRIMARY HEALTH CARE DEVELOPMENT BOARD,23050103,MONITORING AND EVALUATION,70741,PUBLIC HEALTH SERVICES,20530200,BAUCHI,04010123013501,"Legal, policy, regulations and standards, guidelines and protocols development and reviews"
"Monitoring , Supervision and Inspection of health Projects under Construction and Renovation by Primary Health Care Development Agency",50000000.0,50000000.0,0.0,100000000.0,0.0,354,0.7349,0.75338,052100300100,PRIMARY HEALTH CARE DEVELOPMENT BOARD,23050103,MONITORING AND EVALUATION,70741,PUBLIC HEALTH SERVICES,20542400,STATE WIDE,04070423013601,Monitoring and Evaluation (M&E)
Clinton Health Access Innitiative (CHAI) Support for the Provision of Zinc/ORS,150000000.0,150000000.0,71000000.0,300000000.0,0.0,354,0.74498,0.76345,052100300100,PRIMARY HEALTH CARE DEVELOPMENT BOARD,23010122,PURCHASE OF HEALTH / MEDICAL EQUIPMENT,70741,PUBLIC HEALTH SERVICES,20542400,STATE WIDE,04030223013701,Child health
United Nations Fund for Population Activities Project (UNFPA) Programmes for the Support in the Provision of Family Planning Commodity,150000000.0,150000000.0,0.0,300000000.0,0.0,354,0.7559,0.77437,052100300100,PRIMARY HEALTH CARE DEVELOPMENT BOARD,23010122,PURCHASE OF HEALTH / MEDICAL EQUIPMENT,70741,PUBLIC HEALTH SERVICES,20542400,STATE WIDE,04030123013801,"Reproductive, maternal and neonatal health"
"PLAN International Aspire Project for the Support in the Reproductive Health in Provision of Family Planning Commodities and Renovation of Primary Health Care Centres,",1000000000.0,500000000.0,1350117891.0,2000000000.0,0.0,354,0.76681,0.78529,052100300100,PRIMARY HEALTH CARE DEVELOPMENT BOARD,23010122,PURCHASE OF HEALTH / MEDICAL EQUIPMENT,70741,PUBLIC HEALTH SERVICES,20542400,STATE WIDE,04030123013901,"Reproductive, maternal and neonatal health"
Society for Family Health (SFH) for the Provision of Family Planning Commodity,50000000.0,50000000.0,0.0,100000000.0,0.0,354,0.77773,0.79621,052100300100,PRIMARY HEALTH CARE DEVELOPMENT BOARD,23010122,PURCHASE OF HEALTH / MEDICAL EQUIPMENT,70741,PUBLIC HEALTH SERVICES,20542400,STATE WIDE,04030123014001,"Reproductive, maternal and neonatal health"
ANRiN Project for the Support in the Provision of Nutrition Commodies.,50000000.0,50000000.0,0.0,500000000.0,500000000.0,354,0.78781,0.80629,052100300100,PRIMARY HEALTH CARE DEVELOPMENT BOARD,23010122,PURCHASE OF HEALTH / MEDICAL EQUIPMENT,70741,PUBLIC HEALTH SERVICES,20542400,STATE WIDE,04030623014101,Nutrition
Parameter fencing of Primary Health Center at the PHC Dass LGA,0.0,0.0,0.0,100000000.0,0.0,354,0.79873,0.81721,052100300100,PRIMARY HEALTH CARE DEVELOPMENT BOARD,23020118,CONSTRUCTION / PROVISION OF INFRASTRUCTURE,70741,PUBLIC HEALTH SERVICES,20530600,DASS,04050126000201,Functional health facilities
Construction of level 2 PHC and equipment at Bugum in Bogoro LGA supported Aliko Dangote Foundation,0.0,0.0,0.0,350000000.0,0.0,354,0.80965,0.82813,052100300100,PRIMARY HEALTH CARE DEVELOPMENT BOARD,23020106,CONSTRUCTION / PROVISION OF HOSPITALS / HEALTH CENTRES,70741,PUBLIC HEALTH SERVICES,20530300,BOGORO,04050126000301,Functional health facilities
Construction of level 2 PHC and equipment at Kudun Durum Community in Bauchi LGA supported Aliko Dangote Foundation,0.0,0.0,0.0,350000000.0,0.0,354,0.82057,0.83904,052100300100,PRIMARY HEALTH CARE DEVELOPMENT BOARD,23020106,CONSTRUCTION / PROVISION OF HOSPITALS / HEALTH CENTRES,70741,PUBLIC HEALTH SERVICES,20530200,BAUCHI,04050126000401,Functional health facilities
Construction of level 2 PHC and equipment at Baba PHC in Kirfi LGA supported Aliko Dangote Foundation,0.0,0.0,0.0,350000000.0,0.0,354,0.83065,0.84912,052100300100,PRIMARY HEALTH CARE DEVELOPMENT BOARD,23020106,CONSTRUCTION / PROVISION OF HOSPITALS / HEALTH CENTRES,70741,PUBLIC HEALTH SERVICES,20531300,KIRFI,04050126000501,Functional health facilities
Construction of level 2 PHC and equipment at Nasarawa B in Katagum LGA supported Aliko Dangote Foundation,0.0,0.0,0.0,350000000.0,0.0,354,0.84156,0.86004,052100300100,PRIMARY HEALTH CARE DEVELOPMENT BOARD,23020106,CONSTRUCTION / PROVISION OF HOSPITALS / HEALTH CENTRES,70741,PUBLIC HEALTH SERVICES,20521200,KATAGUM,04050126000601,Functional health facilities
Construction of level 2 PHC and equipment at Gundari PHC in Misau LGA supported Aliko Dangote Foundation,0.0,0.0,0.0,350000000.0,0.0,354,0.85248,0.87096,052100300100,PRIMARY HEALTH CARE DEVELOPMENT BOARD,23020106,CONSTRUCTION / PROVISION OF HOSPITALS / HEALTH CENTRES,70741,PUBLIC HEALTH SERVICES,20511400,MISAU,04050126000701,Functional health facilities
Rehabilitation and Upgrading of Maimadi PHC in Alkaleri LGA for BeMOnC,0.0,0.0,0.0,102500000.0,0.0,354,0.86256,0.88104,052100300100,PRIMARY HEALTH CARE DEVELOPMENT BOARD,23030105,REHABILITATION / REPAIRS - HOSPITAL / HEALTH CENTRES,70741,PUBLIC HEALTH SERVICES,20530100,ALKALERI,04050126000801,Functional health facilities
Rehabilitation and Upgrading of Miri PHC in Bauchi LGA for BeMOnC,0.0,0.0,0.0,105500000.0,0.0,354,0.87348,0.89196,052100300100,PRIMARY HEALTH CARE DEVELOPMENT BOARD,23030105,REHABILITATION / REPAIRS - HOSPITAL / HEALTH CENTRES,70741,PUBLIC HEALTH SERVICES,20530200,BAUCHI,04050126000901,Functional health facilities
Rehabilitation and Upgrading of Abuja Clinic in Jamm'are LGA for BeMOnC,0.0,0.0,0.0,101205000.0,0.0,354,0.8844,0.90288,052100300100,PRIMARY HEALTH CARE DEVELOPMENT BOARD,23030105,REHABILITATION / REPAIRS - HOSPITAL / HEALTH CENTRES,70741,PUBLIC HEALTH SERVICES,20521100,JAMA'ARE,04050126001001,Functional health facilities
Rehabilitation and Upgrading of Hardawa PHC in Misau LGA for BeMOnC,0.0,0.0,0.0,102015000.0,0.0,354,0.89532,0.91379,052100300100,PRIMARY HEALTH CARE DEVELOPMENT BOARD,23030105,REHABILITATION / REPAIRS - HOSPITAL / HEALTH CENTRES,70741,PUBLIC HEALTH SERVICES,20511400,MISAU,04050126001101,Functional health facilities
Rehabilitation and Upgrading of Dajin PHC in Tafawa Balewa LGA for BeMOnC,0.0,0.0,0.0,103210000.0,0.0,355,0.09323,0.1117,052100300100,PRIMARY HEALTH CARE DEVELOPMENT BOARD,23030105,REHABILITATION / REPAIRS - HOSPITAL / HEALTH CENTRES,70741,PUBLIC HEALTH SERVICES,20531700,T/BALEWA,04050126001201,Functional health facilities
Rehabilitation and Upgrading of Ganji PHC in Warji LGA for BeMOnC,0.0,0.0,0.0,102500000.0,0.0,355,0.10415,0.12262,052100300100,PRIMARY HEALTH CARE DEVELOPMENT BOARD,23030105,REHABILITATION / REPAIRS - HOSPITAL / HEALTH CENTRES,70741,PUBLIC HEALTH SERVICES,20511900,WARJI,04050126001301,Functional health facilities
Rehabilitation and Upgrading of Murmur PHC in Zaki LGA for BeMOnC,0.0,0.0,0.0,102500000.0,0.0,355,0.11506,0.13354,052100300100,PRIMARY HEALTH CARE DEVELOPMENT BOARD,23030105,REHABILITATION / REPAIRS - HOSPITAL / HEALTH CENTRES,70741,PUBLIC HEALTH SERVICES,20522000,ZAKI,04050126001401,Functional health facilities
Purchase and Supply of Medical Equipment through the BMGF/Dangote Foundation Immunization Activities,0.0,0.0,0.0,2500000000.0,0.0,355,0.12598,0.14446,052100300100,PRIMARY HEALTH CARE DEVELOPMENT BOARD,23010122,PURCHASE OF HEALTH / MEDICAL EQUIPMENT,70741,PUBLIC HEALTH SERVICES,20542400,STATE WIDE,04050126001501,Functional health facilities
"UNICEF Grant - Purchase and Supply of RUTF Materials to Support Bauchi State Government for Nutrition programs (CMAM, MNCHW,SQUA)",0.0,0.0,0.0,500000000.0,500000000.0,355,0.13606,0.15454,052100300100,PRIMARY HEALTH CARE DEVELOPMENT BOARD,23010122,PURCHASE OF HEALTH / MEDICAL EQUIPMENT,70741,PUBLIC HEALTH SERVICES,20542400,STATE WIDE,04030626000101,Nutrition
UNICEF Grant - Purchase and Supply of Medical Equipment to Suppurt Bauchi State Government on Immunization Activities.,0.0,0.0,0.0,500000000.0,100000000.0,355,0.14698,0.16546,052100300100,PRIMARY HEALTH CARE DEVELOPMENT BOARD,23010122,PURCHASE OF HEALTH / MEDICAL EQUIPMENT,70741,PUBLIC HEALTH SERVICES,20542400,STATE WIDE,04070126000101,Routine information system
UNICEF Grant - Purchase and Supply of Medical Equipment to Support Bauchi State Government on Social Mobilization/ ACSM activtities),0.0,0.0,0.0,300000000.0,0.0,355,0.1579,0.17638,052100300100,PRIMARY HEALTH CARE DEVELOPMENT BOARD,23010122,PURCHASE OF HEALTH / MEDICAL EQUIPMENT,70741,PUBLIC HEALTH SERVICES,20542400,STATE WIDE,04010426000101,Integrated supportive supervision
UNICEF Grant - Purchase and Supply of Medical Equipment to SupportBauchi State Government on RMNCH/ QoC activituies,0.0,0.0,0.0,300000000.0,100000000.0,355,0.16798,0.18645,052100300100,PRIMARY HEALTH CARE DEVELOPMENT BOARD,23010122,PURCHASE OF HEALTH / MEDICAL EQUIPMENT,70741,PUBLIC HEALTH SERVICES,20542400,STATE WIDE,04030126000101,"Reproductive, maternal and neonatal health"
UNICEF Grant - Purchase and Supply of Medical Equipment to Support Bauchi State Government on Intergrated Management of Childhood Illnesess IMCI,0.0,0.0,0.0,100000000.0,30000000.0,355,0.1789,0.19737,052100300100,PRIMARY HEALTH CARE DEVELOPMENT BOARD,23010122,PURCHASE OF HEALTH / MEDICAL EQUIPMENT,70741,PUBLIC HEALTH SERVICES,20542400,STATE WIDE,04030226000101,Child health
UNICEF Grant - Purchase and Supply of Medical Equipment to Support the Bauchi State Government on Negleted Tropical Diseases (NTDs),0.0,0.0,0.0,100000000.0,0.0,355,0.18981,0.20829,052100300100,PRIMARY HEALTH CARE DEVELOPMENT BOARD,23010122,PURCHASE OF HEALTH / MEDICAL EQUIPMENT,70741,PUBLIC HEALTH SERVICES,20542400,STATE WIDE,04030426000101,Communicable diseases
UNICEF- CANADIAN GAC Purchase and Supply of Medical Equipment to Support the State Government on Gender mainstreaming Programmes,0.0,0.0,0.0,300000000.0,0.0,355,0.20073,0.21921,052100300100,PRIMARY HEALTH CARE DEVELOPMENT BOARD,23050101,RESEARCH AND DEVELOPMENT,70741,PUBLIC HEALTH SERVICES,20542400,STATE WIDE,04100126000101,Health Not Elsewhere Classified
Upgrading and equiping of Matsango PHC in Katagum LGA,0.0,0.0,0.0,400000000.0,0.0,355,0.21081,0.22929,052100300100,PRIMARY HEALTH CARE DEVELOPMENT BOARD,23020106,CONSTRUCTION / PROVISION OF HOSPITALS / HEALTH CENTRES,70741,PUBLIC HEALTH SERVICES,20521200,KATAGUM,04100126000201,Health Not Elsewhere Classified
"Mentainance, repair and resupply of broken down basic medical equipment in Liman Katagum CHC in Bauchi LGA",0.0,0.0,0.0,100000000.0,0.0,355,0.22173,0.24021,052100300100,PRIMARY HEALTH CARE DEVELOPMENT BOARD,23030105,REHABILITATION / REPAIRS - HOSPITAL / HEALTH CENTRES,70741,PUBLIC HEALTH SERVICES,20521200,KATAGUM,04050126001601,Functional health facilities
"Maintenance, repair and resupply of broken down basic medical equipment in Polchi PHCC in Dass LGA",0.0,0.0,0.0,100000000.0,0.0,355,0.23265,0.25113,052100300100,PRIMARY HEALTH CARE DEVELOPMENT BOARD,23030105,REHABILITATION / REPAIRS - HOSPITAL / HEALTH CENTRES,70741,PUBLIC HEALTH SERVICES,20530600,DASS,04050126001701,Functional health facilities
"Maintenance, repair and resupply of broken down basic medical equipment in Nasaru MPHC in Ningi LGA",0.0,0.0,0.0,100000000.0,0.0,355,0.24273,0.2612,052100300100,PRIMARY HEALTH CARE DEVELOPMENT BOARD,23030105,REHABILITATION / REPAIRS - HOSPITAL / HEALTH CENTRES,70741,PUBLIC HEALTH SERVICES,20511500,NINGI,04050126001801,Functional health facilities
"Maintenance, repair and resupply of broken down basic medical equipment in Dajin PHCC in Tafawa Balewa LGA",0.0,0.0,0.0,100000000.0,0.0,355,0.25365,0.27212,052100300100,PRIMARY HEALTH CARE DEVELOPMENT BOARD,23030105,REHABILITATION / REPAIRS - HOSPITAL / HEALTH CENTRES,70741,PUBLIC HEALTH SERVICES,20531700,T/BALEWA,04050126001901,Functional health facilities
"Maintenance, repair and resupply of broken down basic medical equipment inTown PHCC in Toro LGA",0.0,0.0,0.0,100000000.0,0.0,355,0.26456,0.28304,052100300100,PRIMARY HEALTH CARE DEVELOPMENT BOARD,23030105,REHABILITATION / REPAIRS - HOSPITAL / HEALTH CENTRES,70741,PUBLIC HEALTH SERVICES,20531800,TORO,04050126002001,Functional health facilities
"Maintenance, repair and resupply of broken down basic medical equipment in Kafin Liman PHCC in Ganjuwa LGA",0.0,0.0,0.0,100000000.0,0.0,355,0.27548,0.29396,052100300100,PRIMARY HEALTH CARE DEVELOPMENT BOARD,23030105,REHABILITATION / REPAIRS - HOSPITAL / HEALTH CENTRES,70741,PUBLIC HEALTH SERVICES,20510800,GANJUWA,04050126002101,Functional health facilities
"Maintenance, repair and resupply of broken down basic medical equipment in Baima PHCC in Warji LGA",0.0,0.0,0.0,100000000.0,0.0,355,0.28556,0.30404,052100300100,PRIMARY HEALTH CARE DEVELOPMENT BOARD,23030105,REHABILITATION / REPAIRS - HOSPITAL / HEALTH CENTRES,70741,PUBLIC HEALTH SERVICES,20511900,WARJI,04050126002201,Functional health facilities
"Maintenance, repair and resupply of broken down basic medical equipment in Gwaram PHCC in Misau LGA",0.0,0.0,0.0,100000000.0,0.0,355,0.29648,0.31496,052100300100,PRIMARY HEALTH CARE DEVELOPMENT BOARD,23030105,REHABILITATION / REPAIRS - HOSPITAL / HEALTH CENTRES,70741,PUBLIC HEALTH SERVICES,20511400,MISAU,04050126002301,Functional health facilities
"Maintenance, repair and resupply of broken down basic medical equipment in Lago PHCC in Darazo LGA",0.0,0.0,0.0,100000000.0,0.0,355,0.3074,0.32588,052100300100,PRIMARY HEALTH CARE DEVELOPMENT BOARD,23030105,REHABILITATION / REPAIRS - HOSPITAL / HEALTH CENTRES,70741,PUBLIC HEALTH SERVICES,20510500,DARAZO,04050126002401,Functional health facilities
"Maintenance, repair and resupply of broken down basic medical equipment in Matsango PHCC in Katagum LGA",0.0,0.0,0.0,100000000.0,0.0,355,0.31832,0.33679,052100300100,PRIMARY HEALTH CARE DEVELOPMENT BOARD,23030105,REHABILITATION / REPAIRS - HOSPITAL / HEALTH CENTRES,70741,PUBLIC HEALTH SERVICES,20521200,KATAGUM,04050126002501,Functional health facilities
"Maintenance, repair and resupply of broken down basic medical equipment Gadau MPHC in Itas Gadau LGA",0.0,0.0,0.0,100000000.0,0.0,355,0.32839,0.34687,052100300100,PRIMARY HEALTH CARE DEVELOPMENT BOARD,23030105,REHABILITATION / REPAIRS - HOSPITAL / HEALTH CENTRES,70741,PUBLIC HEALTH SERVICES,20521000,ITAS GADAU,04050126002601,Functional health facilities
"Maintenance, repair and resupply of broken down basic medical equipment at Yayu PHCC Dambam LGA",0.0,0.0,0.0,100000000.0,0.0,355,0.33931,0.35779,052100300100,PRIMARY HEALTH CARE DEVELOPMENT BOARD,23030105,REHABILITATION / REPAIRS - HOSPITAL / HEALTH CENTRES,70741,PUBLIC HEALTH SERVICES,20510400,DAMBAM,04050126002701,Functional health facilities
"Maintenance, repair and resupply of broken down basic medical equipment at Murmur MPHC Zaki LGA",0.0,0.0,0.0,100000000.0,0.0,355,0.35023,0.36871,052100300100,PRIMARY HEALTH CARE DEVELOPMENT BOARD,23030105,REHABILITATION / REPAIRS - HOSPITAL / HEALTH CENTRES,70741,PUBLIC HEALTH SERVICES,20522000,ZAKI,04050126002801,Functional health facilities
Purchase of Kitchen Utensils for reactivation of Nutrition Corners 323 Primary Health Care facilities across 20 LGAs,0.0,0.0,0.0,400000000.0,400000000.0,355,0.36031,0.37879,052100300100,PRIMARY HEALTH CARE DEVELOPMENT BOARD,23010120,PURCHASE OF CANTEEN / KITCHEN EQUIPMENT,70741,PUBLIC HEALTH SERVICES,20542400,STATE WIDE,04030626000201,Nutrition
Construction of Ready to Use Therapeutic Food (RUTF) factory Plan for the State to start production of RUTF in Bauchi,0.0,0.0,0.0,2500000000.0,2500000000.0,355,0.37123,0.38971,052100300100,PRIMARY HEALTH CARE DEVELOPMENT BOARD,23020106,CONSTRUCTION / PROVISION OF HOSPITALS / HEALTH CENTRES,70741,PUBLIC HEALTH SERVICES,20530200,BAUCHI,04030626000301,Nutrition
Purchase and distribution RUTF for reactivation of management of Severe acute malnutritions at 65 CMAM centers across,0.0,0.0,0.0,900000000.0,900000000.0,355,0.38215,0.40062,052100300100,PRIMARY HEALTH CARE DEVELOPMENT BOARD,23010122,PURCHASE OF HEALTH / MEDICAL EQUIPMENT,70741,PUBLIC HEALTH SERVICES,20542400,STATE WIDE,04030626000401,Nutrition
Purchase of RUTF (Child Nutrition Fund) UNICEF,0.0,0.0,0.0,900000000.0,900000000.0,355,0.39307,0.41154,052100300100,PRIMARY HEALTH CARE DEVELOPMENT BOARD,23010122,PURCHASE OF HEALTH / MEDICAL EQUIPMENT,70741,PUBLIC HEALTH SERVICES,20542400,STATE WIDE,04030626000501,Nutrition
Construction of Primary Health Care Centre at Dorawan Dillalai in Bauchi LGA,0.0,0.0,0.0,400000000.0,0.0,355,0.40314,0.42162,052100300100,PRIMARY HEALTH CARE DEVELOPMENT BOARD,23020106,CONSTRUCTION / PROVISION OF HOSPITALS / HEALTH CENTRES,70741,PUBLIC HEALTH SERVICES,20542400,STATE WIDE,04030626000601,Nutrition
Purchase of Hospital Equipment and Landscaping and Borehole at Dorawan Dillalai PHC in Bauchi LGA,0.0,0.0,0.0,35000000.0,0.0,355,0.41406,0.43254,052100300100,PRIMARY HEALTH CARE DEVELOPMENT BOARD,23010122,PURCHASE OF HEALTH / MEDICAL EQUIPMENT,70741,PUBLIC HEALTH SERVICES,20542400,STATE WIDE,04030626000701,Nutrition
Construction of new PHC at Abuja Kwata in Bauchi LGA,0.0,0.0,0.0,150000000.0,0.0,355,0.42498,0.44346,052100300100,PRIMARY HEALTH CARE DEVELOPMENT BOARD,23020106,CONSTRUCTION / PROVISION OF HOSPITALS / HEALTH CENTRES,70741,PUBLIC HEALTH SERVICES,20542400,STATE WIDE,04030626000801,Nutrition
Construction of Kumbala PHC in Alkaleri LGA,0.0,0.0,0.0,250000000.0,0.0,355,0.43506,0.45354,052100300100,PRIMARY HEALTH CARE DEVELOPMENT BOARD,23020106,CONSTRUCTION / PROVISION OF HOSPITALS / HEALTH CENTRES,70741,PUBLIC HEALTH SERVICES,20542400,STATE WIDE,04030626000901,Nutrition
Construction of Bajama PHC in Alkaleri LGA,0.0,0.0,0.0,150000000.0,0.0,355,0.44598,0.46446,052100300100,PRIMARY HEALTH CARE DEVELOPMENT BOARD,23020106,CONSTRUCTION / PROVISION OF HOSPITALS / HEALTH CENTRES,70741,PUBLIC HEALTH SERVICES,20542400,STATE WIDE,04030626001001,Nutrition
Renovation and upgrade of Alkali Aminu PHC in Bauchi LGA,0.0,0.0,0.0,47000000.0,0.0,355,0.4569,0.47537,052100300100,PRIMARY HEALTH CARE DEVELOPMENT BOARD,23030105,REHABILITATION / REPAIRS - HOSPITAL / HEALTH CENTRES,70741,PUBLIC HEALTH SERVICES,20542400,STATE WIDE,04030626001101,Nutrition
Rehabilitation and Upgrading of Tambari PHC in Bauchi LGA,0.0,0.0,0.0,45000000.0,0.0,355,0.46782,0.48629,052100300100,PRIMARY HEALTH CARE DEVELOPMENT BOARD,23030105,REHABILITATION / REPAIRS - HOSPITAL / HEALTH CENTRES,70741,PUBLIC HEALTH SERVICES,20542400,STATE WIDE,04030626001201,Nutrition
Renovation of Sabon layi PHC in Bauchi LGA,0.0,0.0,0.0,42000000.0,0.0,355,0.47789,0.49637,052100300100,PRIMARY HEALTH CARE DEVELOPMENT BOARD,23030105,REHABILITATION / REPAIRS - HOSPITAL / HEALTH CENTRES,70741,PUBLIC HEALTH SERVICES,20542400,STATE WIDE,04030626001301,Nutrition
Completion of Miya PHC in Ganjuwa LGA,0.0,0.0,0.0,25000000.0,0.0,355,0.48881,0.50729,052100300100,PRIMARY HEALTH CARE DEVELOPMENT BOARD,23030105,REHABILITATION / REPAIRS - HOSPITAL / HEALTH CENTRES,70741,PUBLIC HEALTH SERVICES,20542400,STATE WIDE,04030626001401,Nutrition
"Renovation and upgrade of Gar, Maimadi, Dan and Gobirawa PHCs in Alkaleri LGA",0.0,0.0,0.0,25000000.0,0.0,355,0.49973,0.51821,052100300100,PRIMARY HEALTH CARE DEVELOPMENT BOARD,23030105,REHABILITATION / REPAIRS - HOSPITAL / HEALTH CENTRES,70741,PUBLIC HEALTH SERVICES,20542400,STATE WIDE,04030626001501,Nutrition
"Renovation and upgrade of Balma, Nasaru and Burra PHCs in Ningi LGA",0.0,0.0,0.0,86000000.0,0.0,355,0.51065,0.52913,052100300100,PRIMARY HEALTH CARE DEVELOPMENT BOARD,23030105,REHABILITATION / REPAIRS - HOSPITAL / HEALTH CENTRES,70741,PUBLIC HEALTH SERVICES,20542400,STATE WIDE,04030626001601,Nutrition
Purchase of Office Equipment and other ICT Gadgets at New Office Complex,0.0,0.0,0.0,86000000.0,0.0,355,0.52073,0.53921,052100300100,PRIMARY HEALTH CARE DEVELOPMENT BOARD,23010112,PURCHASE OF OFFICE FURNITURE AND FITTINGS,70741,PUBLIC HEALTH SERVICES,20542400,STATE WIDE,04030626001701,Nutrition
Purchase of Landed Property at Dutsen Tanshi for conversion to PHC,0.0,0.0,0.0,38000000.0,0.0,355,0.53165,0.55012,052100300100,PRIMARY HEALTH CARE DEVELOPMENT BOARD,23010101,PURCHASE / ACQUISITION OF LAND,70741,PUBLIC HEALTH SERVICES,20542400,STATE WIDE,04030626001801,Nutrition
Upgrading of Ali Garu PHC in Bauchi LGA,0.0,0.0,0.0,50000000.0,0.0,355,0.54257,0.56104,052100300100,PRIMARY HEALTH CARE DEVELOPMENT BOARD,23030105,REHABILITATION / REPAIRS - HOSPITAL / HEALTH CENTRES,70741,PUBLIC HEALTH SERVICES,20542400,STATE WIDE,04030626001901,Nutrition
Repairs of Primary Healthcare Centres in the State,0.0,0.0,0.0,1500000000.0,0.0,355,0.55264,0.57112,052100300100,PRIMARY HEALTH CARE DEVELOPMENT BOARD,23030105,REHABILITATION / REPAIRS - HOSPITAL / HEALTH CENTRES,70741,PUBLIC HEALTH SERVICES,20542400,STATE WIDE,04030626002001,Nutrition
Renovation and Upgrading of Primary HealthCare to Cottage Hospital Beni Kirfi LGA,50000000.0,50000000.0,0.0,0.0,0.0,355,0.6064,0.62487,052110200100,HOSPITALS MANAGEMENT BOARD,23030105,REHABILITATION / REPAIRS - HOSPITAL / HEALTH CENTRES,70731,GENERAL HOSPITAL SERVICES,20531300,KIRFI,04050123010702,Functional health facilities
Renovation and Repairs of General Hospital Giade,50000000.0,50000000.0,0.0,150000000.0,0.0,355,0.61732,0.63579,052110200100,HOSPITALS MANAGEMENT BOARD,23030105,REHABILITATION / REPAIRS - HOSPITAL / HEALTH CENTRES,70731,GENERAL HOSPITAL SERVICES,20520900,GIADE,04050123010802,Functional health facilities
Renovation and Repairs of General Hospital Jamaáre Resident Doctors Quarters,50000000.0,50000000.0,0.0,150000000.0,0.0,355,0.62823,0.64671,052110200100,HOSPITALS MANAGEMENT BOARD,23030105,REHABILITATION / REPAIRS - HOSPITAL / HEALTH CENTRES,70731,GENERAL HOSPITAL SERVICES,20521100,JAMA'ARE,04050123010902,Functional health facilities
REHABILITATION / REPAIRS AND RENOVATION OF 3 NO. OF RESIDENCE DOCTORS QUARTERS,28500000.0,28500000.0,0.0,0.0,0.0,355,0.63831,0.65679,052110200100,HOSPITALS MANAGEMENT BOARD,23030101,REHABILITATION / REPAIRS OF RESIDENTIAL BUILDING,70731,GENERAL HOSPITAL SERVICES,20542400,STATE WIDE,04050123011002,Functional health facilities
Renovation of 2nos. Three bedroom flat and 1no. lowcost block @ General Hospital Tafawa Balewa,76000000.0,76000000.0,0.0,0.0,0.0,355,0.64923,0.66771,052110200100,HOSPITALS MANAGEMENT BOARD,23030101,REHABILITATION / REPAIRS OF RESIDENTIAL BUILDING,70731,GENERAL HOSPITAL SERVICES,20531700,T/BALEWA,04050123011102,Functional health facilities
Renovation of 2nos. Three bedroom flat and 1no. lowcost block @ General Hospital Ningi,76000000.0,76000000.0,0.0,150000000.0,0.0,355,0.66015,0.67863,052110200100,HOSPITALS MANAGEMENT BOARD,23030101,REHABILITATION / REPAIRS OF RESIDENTIAL BUILDING,70731,GENERAL HOSPITAL SERVICES,20511500,NINGI,04050123011202,Functional health facilities
Renovation of 2nos. Three bedroom flat and 1no. lowcost block @ General Hospital Shira,76000000.0,76000000.0,0.0,150000000.0,0.0,355,0.67023,0.68871,052110200100,HOSPITALS MANAGEMENT BOARD,23030101,REHABILITATION / REPAIRS OF RESIDENTIAL BUILDING,70731,GENERAL HOSPITAL SERVICES,20521600,SHIRA,04050123011302,Functional health facilities
REHABILITATION AND UPGRADING OF 2 NO. GENERAL HOSPITAL,300000000.0,300000000.0,0.0,0.0,0.0,355,0.68115,0.69962,052110200100,HOSPITALS MANAGEMENT BOARD,23030105,REHABILITATION / REPAIRS - HOSPITAL / HEALTH CENTRES,70731,GENERAL HOSPITAL SERVICES,20530200,BAUCHI,04050123011402,Functional health facilities
Renovation of Hospital Complex at General Hospital Tafawa/Balewa,20000000.0,20000000.0,0.0,0.0,0.0,355,0.69206,0.71054,052110200100,HOSPITALS MANAGEMENT BOARD,23030105,REHABILITATION / REPAIRS - HOSPITAL / HEALTH CENTRES,70731,GENERAL HOSPITAL SERVICES,20531700,T/BALEWA,04050123011502,Functional health facilities
Renovation of Hospital Complex at General Hospital Ningi,80000000.0,80000000.0,0.0,150000000.0,0.0,355,0.70298,0.72146,052110200100,HOSPITALS MANAGEMENT BOARD,23030105,REHABILITATION / REPAIRS - HOSPITAL / HEALTH CENTRES,70731,GENERAL HOSPITAL SERVICES,20511500,NINGI,04050123011602,Functional health facilities
Renovation of Hospital Complex at General Hospital Shira,30000000.0,30000000.0,0.0,150000000.0,0.0,355,0.71306,0.73154,052110200100,HOSPITALS MANAGEMENT BOARD,23030105,REHABILITATION / REPAIRS - HOSPITAL / HEALTH CENTRES,70731,GENERAL HOSPITAL SERVICES,20521600,SHIRA,04050123011702,Functional health facilities
Repairs of Hospitals and Medical equipment in the State,190000000.0,190000000.0,0.0,250000000.0,0.0,355,0.72398,0.74246,052110200100,HOSPITALS MANAGEMENT BOARD,23010122,PURCHASE OF HEALTH / MEDICAL EQUIPMENT,70731,GENERAL HOSPITAL SERVICES,20542400,STATE WIDE,04050123011802,Functional health facilities
Procurement of 2 no. X-ray machines in the State,300000000.0,300000000.0,0.0,2500000000.0,0.0,355,0.7349,0.75338,052110200100,HOSPITALS MANAGEMENT BOARD,23010122,PURCHASE OF HEALTH / MEDICAL EQUIPMENT,70731,GENERAL HOSPITAL SERVICES,20542400,STATE WIDE,04050123011902,Functional health facilities
Supervision/Inspection of health Facilities in the State,65000000.0,65000000.0,39000000.0,100000000.0,0.0,355,0.74498,0.76345,052110200100,HOSPITALS MANAGEMENT BOARD,23050103,MONITORING AND EVALUATION,70731,GENERAL HOSPITAL SERVICES,20542400,STATE WIDE,04050123012002,Functional health facilities
Provision of ICT equipment to improve health Services,70000000.0,70000000.0,0.0,100000000.0,0.0,355,0.7559,0.77437,052110200100,HOSPITALS MANAGEMENT BOARD,23020127,CONSTRUCTION OF ICT INFRASTRUCTURES,70731,GENERAL HOSPITAL SERVICES,20542400,STATE WIDE,04070123012102,Routine information system
Purchase and Provision of ICT Equipment to Some Selected General Hospitals,50000000.0,50000000.0,0.0,100000000.0,0.0,355,0.76681,0.78529,052110200100,HOSPITALS MANAGEMENT BOARD,23020127,CONSTRUCTION OF ICT INFRASTRUCTURES,70731,GENERAL HOSPITAL SERVICES,20542400,STATE WIDE,04070123012202,Routine information system
Acquisition of Computer software to enhance service delivery,16000000.0,16000000.0,0.0,100000000.0,0.0,355,0.77773,0.79621,052110200100,HOSPITALS MANAGEMENT BOARD,23050102,COMPUTER SOFTWARE ACQUISITION,70731,GENERAL HOSPITAL SERVICES,20542400,STATE WIDE,04070123012302,Routine information system
Renovation of General Hospital Complex/Quarters Kirfi,75000000.0,75000000.0,0.0,100000000.0,0.0,355,0.78781,0.80629,052110200100,HOSPITALS MANAGEMENT BOARD,23030105,REHABILITATION / REPAIRS - HOSPITAL / HEALTH CENTRES,70731,GENERAL HOSPITAL SERVICES,20531300,KIRFI,04050123012402,Functional health facilities
"Renovation of Infectious Disease Hospital (IDH), Complex and Quarters Bayara",80000000.0,80000000.0,0.0,300000000.0,0.0,355,0.79873,0.81721,052110200100,HOSPITALS MANAGEMENT BOARD,23030105,REHABILITATION / REPAIRS - HOSPITAL / HEALTH CENTRES,70731,GENERAL HOSPITAL SERVICES,20530200,BAUCHI,04050123012502,Functional health facilities
Women and Children Hospital Bauchi Renovation and Expansion,150000000.0,150000000.0,0.0,0.0,0.0,355,0.80965,0.82813,052110200100,HOSPITALS MANAGEMENT BOARD,23030105,REHABILITATION / REPAIRS - HOSPITAL / HEALTH CENTRES,70731,GENERAL HOSPITAL SERVICES,20530200,BAUCHI,04050123012602,Functional health facilities
Renovation and Repairs of General Hospital Darazo Complex/Quarters,85000000.0,85000000.0,0.0,85000000.0,0.0,355,0.82057,0.83904,052110200100,HOSPITALS MANAGEMENT BOARD,23030105,REHABILITATION / REPAIRS - HOSPITAL / HEALTH CENTRES,70731,GENERAL HOSPITAL SERVICES,20510500,DARAZO,04050123012702,Functional health facilities
Renovation of 6 no. Hospital Complexes in 10 Secondary Health Facilities,500000000.0,500000000.0,0.0,2732595536.73,0.0,355,0.83065,0.84912,052110200100,HOSPITALS MANAGEMENT BOARD,23030105,REHABILITATION / REPAIRS - HOSPITAL / HEALTH CENTRES,70731,GENERAL HOSPITAL SERVICES,20542400,STATE WIDE,04050123012802,Functional health facilities
Renovation of 2no. Three bedrooom bungalows and 1 no. lowcost block in 6 secondary health facilities,250000000.0,250000000.0,0.0,250000000.0,0.0,355,0.84156,0.86004,052110200100,HOSPITALS MANAGEMENT BOARD,23030101,REHABILITATION / REPAIRS OF RESIDENTIAL BUILDING,70731,GENERAL HOSPITAL SERVICES,20542400,STATE WIDE,04050123012902,Functional health facilities
Procurement of 6 no. X-ray machines,300000000.0,300000000.0,0.0,0.0,0.0,355,0.85248,0.87096,052110200100,HOSPITALS MANAGEMENT BOARD,23010122,PURCHASE OF HEALTH / MEDICAL EQUIPMENT,70731,GENERAL HOSPITAL SERVICES,20542400,STATE WIDE,04050123013002,Functional health facilities
Procurement of Medical and Health Equipment,200000000.0,200000000.0,0.0,0.0,0.0,355,0.86256,0.88104,052110200100,HOSPITALS MANAGEMENT BOARD,23010122,PURCHASE OF HEALTH / MEDICAL EQUIPMENT,70731,GENERAL HOSPITAL SERVICES,20542400,STATE WIDE,04050123013102,Functional health facilities
Procurement of 270 Numbers of Fire Extinguishers across the 27 General Hospitals in the State.,0.0,0.0,0.0,100000000.0,0.0,355,0.87348,0.89196,052110200100,HOSPITALS MANAGEMENT BOARD,23010123,PURCHASE OF FIRE FIGHTING EQUIPMENT,70731,GENERAL HOSPITAL SERVICES,20542400,STATE WIDE,04050126002902,Functional health facilities
Construction of Cottage Hospital in 3 Senatorial Districts of the State,0.0,0.0,0.0,2500000000.0,0.0,355,0.8844,0.90288,052110200100,HOSPITALS MANAGEMENT BOARD,23020106,CONSTRUCTION / PROVISION OF HOSPITALS / HEALTH CENTRES,70731,GENERAL HOSPITAL SERVICES,20542400,STATE WIDE,04050126003002,Functional health facilities
Construction of Fences at General Hospitals in the State,0.0,0.0,0.0,2000000000.0,0.0,355,0.89532,0.91379,052110200100,HOSPITALS MANAGEMENT BOARD,23020118,CONSTRUCTION / PROVISION OF INFRASTRUCTURE,70731,GENERAL HOSPITAL SERVICES,20542400,STATE WIDE,04050126003102,Functional health facilities
"Provision of 25 Units Tables, Chairs for the Staff of the College",17500000.0,17500000.0,2390000.0,6250000.0,0.0,356,0.13606,0.15454,052110400100,"ALIKO DANGOTE COLLEGE OF NURSING AND MIDWIFERY, BAUCHI",23010112,PURCHASE OF OFFICE FURNITURE AND FITTINGS,70941,FIRST STAGE OF TERTIARY EDUCATION,20530200,BAUCHI,05050223013300,Furnishing
Purchase of 10 no. Computers,18000000.0,18000000.0,5396000.0,21000000.0,0.0,356,0.14698,0.16546,052110400100,"ALIKO DANGOTE COLLEGE OF NURSING AND MIDWIFERY, BAUCHI",23010113,PURCHASE OF COMPUTERS,70941,FIRST STAGE OF TERTIARY EDUCATION,20530200,BAUCHI,05060123013400,"ICT equipment, software and expertise"
Purchase of Residential Buildings to principal officers,12000000.0,12000000.0,0.0,100000000.0,0.0,356,0.1579,0.17638,052110400100,"ALIKO DANGOTE COLLEGE OF NURSING AND MIDWIFERY, BAUCHI",23010103,PURCHASE OF RESIDENTIAL BUILDINGS,70941,FIRST STAGE OF TERTIARY EDUCATION,20530200,BAUCHI,05050123013500,Schools’ infrastructure construction and rehabilitation
"Purchase of Instructional Materials for Aliko Dangote College of Nursing, Bauchi",15000000.0,15000000.0,4051000.0,20000000.0,0.0,356,0.16798,0.18645,052110400100,"ALIKO DANGOTE COLLEGE OF NURSING AND MIDWIFERY, BAUCHI",23010124,PURCHASE OF TEACHING / LEARNING AID EQUIPMENT,70941,FIRST STAGE OF TERTIARY EDUCATION,20530200,BAUCHI,05040223013600,Instructional and learning materials
"Construction and Provision of Office Building at Aliko Dangote College of Nursing, Bauchi",35000000.0,35000000.0,0.0,250000000.0,0.0,356,0.1789,0.19737,052110400100,"ALIKO DANGOTE COLLEGE OF NURSING AND MIDWIFERY, BAUCHI",23020101,CONSTRUCTION / PROVISION OF OFFICE BUILDINGS,70941,FIRST STAGE OF TERTIARY EDUCATION,20530200,BAUCHI,05050123013700,Schools’ infrastructure construction and rehabilitation
"Construction School Clinic at Aliko Dangote College of Nursing, Bauchi",25000000.0,25000000.0,16930657.5,20000000.0,0.0,356,0.18981,0.20829,052110400100,"ALIKO DANGOTE COLLEGE OF NURSING AND MIDWIFERY, BAUCHI",23020106,CONSTRUCTION / PROVISION OF HOSPITALS / HEALTH CENTRES,70941,FIRST STAGE OF TERTIARY EDUCATION,20530200,BAUCHI,05020423013800,School-based health
Construction and Provision of e-Library at Aliko Dangote College of Nursing Bauchi,10000000.0,10000000.0,0.0,20000000.0,0.0,356,0.20073,0.21921,052110400100,"ALIKO DANGOTE COLLEGE OF NURSING AND MIDWIFERY, BAUCHI",23020111,CONSTRUCTION / PROVISION OF LIBRARIES,70941,FIRST STAGE OF TERTIARY EDUCATION,20530200,BAUCHI,05050323013900,Libraries and laboratories
Construction of Power Generating house at Aliko Dangote College of Nursing Bauchi,3000000.0,3000000.0,0.0,6000000.0,0.0,356,0.21081,0.22929,052110400100,"ALIKO DANGOTE COLLEGE OF NURSING AND MIDWIFERY, BAUCHI",23020118,CONSTRUCTION / PROVISION OF INFRASTRUCTURE,70941,FIRST STAGE OF TERTIARY EDUCATION,20530200,BAUCHI,05050123014000,Schools’ infrastructure construction and rehabilitation
procurement and provision of ICT equipment to the College at Aliko Dangote College of Nursing Bauchi,27000000.0,27000000.0,2000000.0,30000000.0,0.0,356,0.22173,0.24021,052110400100,"ALIKO DANGOTE COLLEGE OF NURSING AND MIDWIFERY, BAUCHI",23020127,CONSTRUCTION OF ICT INFRASTRUCTURES,70941,FIRST STAGE OF TERTIARY EDUCATION,20530200,BAUCHI,05060123014100,"ICT equipment, software and expertise"
Rehabilitation of 2 no. block of classroom,68000000.0,68000000.0,0.0,68000000.0,0.0,356,0.23265,0.25113,052110400100,"ALIKO DANGOTE COLLEGE OF NURSING AND MIDWIFERY, BAUCHI",23030106,REHABILITATION / REPAIRS - PUBLIC SCHOOLS,70941,FIRST STAGE OF TERTIARY EDUCATION,20530200,BAUCHI,05050123014200,Schools’ infrastructure construction and rehabilitation
Rehabilitation of administrative Office Building,61000000.0,61000000.0,0.0,61000000.0,0.0,356,0.24273,0.2612,052110400100,"ALIKO DANGOTE COLLEGE OF NURSING AND MIDWIFERY, BAUCHI",23030121,REHABILITATION / REPAIRS OF OFFICE BUILDINGS,70941,FIRST STAGE OF TERTIARY EDUCATION,20530200,BAUCHI,05050123014300,Schools’ infrastructure construction and rehabilitation
Construction/Provision of Entreprenueship Centres in the College,0.0,0.0,0.0,60000000.0,0.0,356,0.25365,0.27212,052110400100,"ALIKO DANGOTE COLLEGE OF NURSING AND MIDWIFERY, BAUCHI",23020118,CONSTRUCTION / PROVISION OF INFRASTRUCTURE,70941,FIRST STAGE OF TERTIARY EDUCATION,20530200,BAUCHI,05050126005900,Schools’ infrastructure construction and rehabilitation
Construction/Provision of Computer Base Centres in the College,0.0,0.0,0.0,45000000.0,0.0,356,0.26456,0.28304,052110400100,"ALIKO DANGOTE COLLEGE OF NURSING AND MIDWIFERY, BAUCHI",23020127,CONSTRUCTION OF ICT INFRASTRUCTURES,70941,FIRST STAGE OF TERTIARY EDUCATION,20530200,BAUCHI,05050126006000,Schools’ infrastructure construction and rehabilitation
Construction/Provision of Creche Centres in the College,0.0,0.0,0.0,40000000.0,0.0,356,0.27548,0.29396,052110400100,"ALIKO DANGOTE COLLEGE OF NURSING AND MIDWIFERY, BAUCHI",23020118,CONSTRUCTION / PROVISION OF INFRASTRUCTURE,70941,FIRST STAGE OF TERTIARY EDUCATION,20530200,BAUCHI,05050126006100,Schools’ infrastructure construction and rehabilitation
Provision Equipment for Accreditation in order to Improve the Courses in the College.,0.0,0.0,0.0,50000000.0,0.0,356,0.28556,0.30404,052110400100,"ALIKO DANGOTE COLLEGE OF NURSING AND MIDWIFERY, BAUCHI",23050128,ACCREDITATION PREPARATION,70941,FIRST STAGE OF TERTIARY EDUCATION,20530200,BAUCHI,05020626000200,Tertiary institutions’ new courses accreditation
Rehabilitation of Library and Laboratories,0.0,0.0,0.0,200000000.0,0.0,356,0.33931,0.35779,052110600100,BILL AND MELINDA GATE COLLEGE OF HEALTH TECHNOLOGY NINGI,23030121,REHABILITATION / REPAIRS OF OFFICE BUILDINGS,70941,FIRST STAGE OF TERTIARY EDUCATION,20511500,NINGI,05050223014400,Furnishing
provision of 5 Units Office Chairs and Tables at the College of Health Technology Ningi,2000000.0,2000000.0,0.0,3000000.0,0.0,356,0.35023,0.36871,052110600100,BILL AND MELINDA GATE COLLEGE OF HEALTH TECHNOLOGY NINGI,23010112,PURCHASE OF OFFICE FURNITURE AND FITTINGS,70941,FIRST STAGE OF TERTIARY EDUCATION,20511500,NINGI,05050223014400,Furnishing
Purchase of 4 no. Computer Printer with Scanners at College of Health Technology Ningi,2000000.0,2000000.0,0.0,5000000.0,0.0,356,0.36031,0.37879,052110600100,BILL AND MELINDA GATE COLLEGE OF HEALTH TECHNOLOGY NINGI,23010113,PURCHASE OF COMPUTERS,70941,FIRST STAGE OF TERTIARY EDUCATION,20511500,NINGI,05060123014500,"ICT equipment, software and expertise"
Purchase of Medical Equipment and beddings at College of Health Technology Ningi,40000000.0,40000000.0,0.0,70000000.0,0.0,356,0.37123,0.38971,052110600100,BILL AND MELINDA GATE COLLEGE OF HEALTH TECHNOLOGY NINGI,23010122,PURCHASE OF HEALTH / MEDICAL EQUIPMENT,70941,FIRST STAGE OF TERTIARY EDUCATION,20511500,NINGI,05020423014600,School-based health
Purchase of instructional materials at College of Health Technology Ningi,5000000.0,5000000.0,0.0,5000000.0,0.0,356,0.38215,0.40062,052110600100,BILL AND MELINDA GATE COLLEGE OF HEALTH TECHNOLOGY NINGI,23010124,PURCHASE OF TEACHING / LEARNING AID EQUIPMENT,70941,FIRST STAGE OF TERTIARY EDUCATION,20511500,NINGI,05040223014700,Instructional and learning materials
Purchase of assorted Library Books and e-learning equipment,10000000.0,10000000.0,0.0,20000000.0,0.0,356,0.39307,0.41154,052110600100,BILL AND MELINDA GATE COLLEGE OF HEALTH TECHNOLOGY NINGI,23010125,PURCHASE OF LIBRARY BOOKS & EQUIPMENT,70941,FIRST STAGE OF TERTIARY EDUCATION,20511500,NINGI,05050323014800,Libraries and laboratories
Purchase of sporting wears and kits at College of Health Technology Ningi,3000000.0,3000000.0,0.0,4000000.0,0.0,356,0.40314,0.42162,052110600100,BILL AND MELINDA GATE COLLEGE OF HEALTH TECHNOLOGY NINGI,23010126,PURCHASE OF SPORTING / GAMING EQUIPMENT,70941,FIRST STAGE OF TERTIARY EDUCATION,20511500,NINGI,05100123014900,Education Not Elsewhere Classified
Construction of administrative Office Building at College of Health Technology Ningi,50000000.0,50000000.0,79960000.0,400000000.0,0.0,356,0.41406,0.43254,052110600100,BILL AND MELINDA GATE COLLEGE OF HEALTH TECHNOLOGY NINGI,23020101,CONSTRUCTION / PROVISION OF OFFICE BUILDINGS,70941,FIRST STAGE OF TERTIARY EDUCATION,20511500,NINGI,05050123015000,Schools’ infrastructure construction and rehabilitation
Construction/ Provision of Residential Building for staff,10000000.0,10000000.0,0.0,500000000.0,0.0,356,0.42498,0.44346,052110600100,BILL AND MELINDA GATE COLLEGE OF HEALTH TECHNOLOGY NINGI,23020102,CONSTRUCTION / PROVISION OF RESIDENTIAL BUILDINGS,70941,FIRST STAGE OF TERTIARY EDUCATION,20511500,NINGI,05050123015100,Schools’ infrastructure construction and rehabilitation
Construction of school health Clinic at College of Health Technology Ningi,50000000.0,50000000.0,0.0,70000000.0,0.0,356,0.43506,0.45354,052110600100,BILL AND MELINDA GATE COLLEGE OF HEALTH TECHNOLOGY NINGI,23020106,CONSTRUCTION / PROVISION OF HOSPITALS / HEALTH CENTRES,70941,FIRST STAGE OF TERTIARY EDUCATION,20511500,NINGI,05020423015200,School-based health
Construction and Provision of 10 nos. of additional classrooms at College of Health Technology Ningi,50000000.0,50000000.0,0.0,400000000.0,0.0,356,0.44598,0.46446,052110600100,BILL AND MELINDA GATE COLLEGE OF HEALTH TECHNOLOGY NINGI,23020107,CONSTRUCTION / PROVISION OF PUBLIC SCHOOLS,70941,FIRST STAGE OF TERTIARY EDUCATION,20511500,NINGI,05050123015300,Schools’ infrastructure construction and rehabilitation
Provision of ICT facilities at College of Health Technology Ningi,13000000.0,13000000.0,0.0,5000000.0,0.0,356,0.4569,0.47537,052110600100,BILL AND MELINDA GATE COLLEGE OF HEALTH TECHNOLOGY NINGI,23020127,CONSTRUCTION OF ICT INFRASTRUCTURES,70941,FIRST STAGE OF TERTIARY EDUCATION,20511500,NINGI,05060123015600,"ICT equipment, software and expertise"
Supervision and Inspection of Projects under Construction and Renovation at College of Health Technology Ningi.,15000000.0,15000000.0,0.0,15000000.0,0.0,356,0.46782,0.48629,052110600100,BILL AND MELINDA GATE COLLEGE OF HEALTH TECHNOLOGY NINGI,23050103,MONITORING AND EVALUATION,70941,FIRST STAGE OF TERTIARY EDUCATION,20511500,NINGI,05040123015800,All levels of education quality assurance
Purchase and Provision of Laboratory for Accreditation Preparedness,0.0,0.0,0.0,100000000.0,0.0,356,0.47789,0.49637,052110600100,BILL AND MELINDA GATE COLLEGE OF HEALTH TECHNOLOGY NINGI,23050128,ACCREDITATION PREPARATION,70941,FIRST STAGE OF TERTIARY EDUCATION,20511500,NINGI,05040123015800,All levels of education quality assurance
Construction of Student Hostels,0.0,0.0,0.0,350000000.0,0.0,356,0.48881,0.50729,052110600100,BILL AND MELINDA GATE COLLEGE OF HEALTH TECHNOLOGY NINGI,23020102,CONSTRUCTION / PROVISION OF RESIDENTIAL BUILDINGS,70941,FIRST STAGE OF TERTIARY EDUCATION,20511500,NINGI,05040123015800,All levels of education quality assurance
Purchase of 8. no. exceutive tables and Chairs,1500000.0,1500000.0,0.0,2000000.0,0.0,356,0.54257,0.56104,052111300100,DRUGS MANAGEMENT AND MEDICAL CONSUMABLES AGENCY (DMMA),23010112,PURCHASE OF OFFICE FURNITURE AND FITTINGS,70711,PHARMACEUTICAL PRODUCTS,20530200,BAUCHI,04010323015904,Health sector coordination mechanisms
Purchase of 4 no. laptops and 3 no. desktop Computers,5000000.0,5000000.0,0.0,0.0,0.0,356,0.55264,0.57112,052111300100,DRUGS MANAGEMENT AND MEDICAL CONSUMABLES AGENCY (DMMA),23010113,PURCHASE OF COMPUTERS,70711,PHARMACEUTICAL PRODUCTS,20530200,BAUCHI,04070123016004,Routine information system
Purchase of 2 no. Computer Printers,2500000.0,2500000.0,0.0,0.0,0.0,356,0.56356,0.58204,052111300100,DRUGS MANAGEMENT AND MEDICAL CONSUMABLES AGENCY (DMMA),23010114,PURCHASE OF COMPUTER PRINTERS,70711,PHARMACEUTICAL PRODUCTS,20530200,BAUCHI,04070123016104,Routine information system
Purchase of 1 no. Photocopying Machine,2000000.0,2000000.0,0.0,0.0,0.0,356,0.57448,0.59296,052111300100,DRUGS MANAGEMENT AND MEDICAL CONSUMABLES AGENCY (DMMA),23010115,PURCHASE OF PHOTOCOPYING MACHINES,70711,PHARMACEUTICAL PRODUCTS,20530200,BAUCHI,04010323016204,Health sector coordination mechanisms
Purchase of 4 no. Scanners,2000000.0,2000000.0,0.0,0.0,0.0,356,0.5854,0.60388,052111300100,DRUGS MANAGEMENT AND MEDICAL CONSUMABLES AGENCY (DMMA),23010118,PURCHASE OF SCANNERS,70711,PHARMACEUTICAL PRODUCTS,20530200,BAUCHI,04010323016304,Health sector coordination mechanisms
purchase of 1 no. Shredding Machine,500000.0,500000.0,0.0,300000.0,0.0,356,0.59548,0.61396,052111300100,DRUGS MANAGEMENT AND MEDICAL CONSUMABLES AGENCY (DMMA),23010117,PURCHASE OF SHREDDING MACHINES,70711,PHARMACEUTICAL PRODUCTS,20530200,BAUCHI,04010323016404,Health sector coordination mechanisms
Purchase of 1 no of Power Generating Set 3 (33KVA),9000000.0,9000000.0,0.0,15000000.0,0.0,356,0.6064,0.62487,052111300100,DRUGS MANAGEMENT AND MEDICAL CONSUMABLES AGENCY (DMMA),23010119,PURCHASE OF POWER GENERATING SET,70711,PHARMACEUTICAL PRODUCTS,20530200,BAUCHI,04010323016504,Health sector coordination mechanisms
Purchase of 10 no of Fire Extinguisher Equipments,1500000.0,1500000.0,0.0,1500000.0,0.0,356,0.61732,0.63579,052111300100,DRUGS MANAGEMENT AND MEDICAL CONSUMABLES AGENCY (DMMA),23010123,PURCHASE OF FIRE FIGHTING EQUIPMENT,70711,PHARMACEUTICAL PRODUCTS,20530200,BAUCHI,04010323016604,Health sector coordination mechanisms
Purchase of 6 Deep Thermotool Refrigerators,1500000.0,1500000.0,0.0,3000000.0,0.0,356,0.62823,0.64671,052111300100,DRUGS MANAGEMENT AND MEDICAL CONSUMABLES AGENCY (DMMA),23010122,PURCHASE OF HEALTH / MEDICAL EQUIPMENT,70711,PHARMACEUTICAL PRODUCTS,20530200,BAUCHI,04060123016704,Sustainable drug supply
Construction of DMMA Corporate Office Building,200000000.0,200000000.0,0.0,0.0,0.0,356,0.63831,0.65679,052111300100,DRUGS MANAGEMENT AND MEDICAL CONSUMABLES AGENCY (DMMA),23020101,CONSTRUCTION / PROVISION OF OFFICE BUILDINGS,70711,PHARMACEUTICAL PRODUCTS,20530200,BAUCHI,04050123016804,Functional health facilities
Construction of Drug Store Complex for DMMA,200000000.0,200000000.0,0.0,1500000000.0,0.0,356,0.64923,0.66771,052111300100,DRUGS MANAGEMENT AND MEDICAL CONSUMABLES AGENCY (DMMA),23020101,CONSTRUCTION / PROVISION OF OFFICE BUILDINGS,70711,PHARMACEUTICAL PRODUCTS,20530200,BAUCHI,04050123016904,Functional health facilities
Purchase and Supply of Medical Equipment for DMMA,40000000.0,40000000.0,0.0,250000000.0,0.0,356,0.66015,0.67863,052111300100,DRUGS MANAGEMENT AND MEDICAL CONSUMABLES AGENCY (DMMA),23010122,PURCHASE OF HEALTH / MEDICAL EQUIPMENT,70711,PHARMACEUTICAL PRODUCTS,20530200,BAUCHI,04060123017104,Sustainable drug supply
Repairs of solar power /Electricity at Bauchi Central Store,0.0,0.0,0.0,2000000.0,0.0,356,0.67023,0.68871,052111300100,DRUGS MANAGEMENT AND MEDICAL CONSUMABLES AGENCY (DMMA),23030102,REHABILITATION / REPAIRS - ELECTRICITY,70711,PHARMACEUTICAL PRODUCTS,20530200,BAUCHI,04060126000104,Sustainable drug supply
Repairs of solar power /Electricity Azare Zonal Store,0.0,0.0,0.0,1500000.0,0.0,356,0.68115,0.69962,052111300100,DRUGS MANAGEMENT AND MEDICAL CONSUMABLES AGENCY (DMMA),23030102,REHABILITATION / REPAIRS - ELECTRICITY,70711,PHARMACEUTICAL PRODUCTS,20521200,KATAGUM,04050126003204,Functional health facilities
Repairs of solar power /Electricity at Ningi Zonal Store,0.0,0.0,0.0,1500000.0,0.0,356,0.69206,0.71054,052111300100,DRUGS MANAGEMENT AND MEDICAL CONSUMABLES AGENCY (DMMA),23030102,REHABILITATION / REPAIRS - ELECTRICITY,70711,PHARMACEUTICAL PRODUCTS,20511500,NINGI,04050126003304,Functional health facilities
Repairs of Water Facilities at Bauchi Head Office,0.0,0.0,0.0,2500000.0,0.0,356,0.70298,0.72146,052111300100,DRUGS MANAGEMENT AND MEDICAL CONSUMABLES AGENCY (DMMA),23030104,REHABILITATION / REPAIRS - WATER FACILITIES,70711,PHARMACEUTICAL PRODUCTS,20530200,BAUCHI,04050126003404,Functional health facilities
Rehabilitation & Repairs of the office Building/ at Bauchi Central Warehouse,0.0,0.0,0.0,4000000.0,0.0,356,0.71306,0.73154,052111300100,DRUGS MANAGEMENT AND MEDICAL CONSUMABLES AGENCY (DMMA),23030121,REHABILITATION / REPAIRS OF OFFICE BUILDINGS,70711,PHARMACEUTICAL PRODUCTS,20530200,BAUCHI,04060126000204,Sustainable drug supply
Rehabilitation & Repairs of the office Building/ at Azare Warehouse,0.0,0.0,0.0,4000000.0,0.0,356,0.72398,0.74246,052111300100,DRUGS MANAGEMENT AND MEDICAL CONSUMABLES AGENCY (DMMA),23030121,REHABILITATION / REPAIRS OF OFFICE BUILDINGS,70711,PHARMACEUTICAL PRODUCTS,20521200,KATAGUM,04060126000304,Sustainable drug supply
Rehabilitation & Repairs of office Building/ at Ningi Warehouse,0.0,0.0,0.0,4000000.0,0.0,356,0.7349,0.75338,052111300100,DRUGS MANAGEMENT AND MEDICAL CONSUMABLES AGENCY (DMMA),23030121,REHABILITATION / REPAIRS OF OFFICE BUILDINGS,70711,PHARMACEUTICAL PRODUCTS,20511500,NINGI,04060126000404,Sustainable drug supply
Acquisition of Computer Software to enhance service delivery,0.0,0.0,0.0,10000000.0,0.0,356,0.74498,0.76345,052111300100,DRUGS MANAGEMENT AND MEDICAL CONSUMABLES AGENCY (DMMA),23050102,COMPUTER SOFTWARE ACQUISITION,70711,PHARMACEUTICAL PRODUCTS,20530200,BAUCHI,04060126000504,Sustainable drug supply
supervision and inspection of DRF activities in implementing Healthcare Facilitiesprojects under construction and repairs at DMMA,0.0,0.0,0.0,30000000.0,0.0,356,0.7559,0.77437,052111300100,DRUGS MANAGEMENT AND MEDICAL CONSUMABLES AGENCY (DMMA),23050103,MONITORING AND EVALUATION,70711,PHARMACEUTICAL PRODUCTS,20542400,STATE WIDE,04060126000604,Sustainable drug supply
Purchase of 100 Units Executive Chairs and Tables for the Staff,30000000.0,30000000.0,2690000.0,90000000.0,0.0,356,0.80965,0.82813,052111500100,SPECIALIST HOSPITAL BAUCHI,23010112,PURCHASE OF OFFICE FURNITURE AND FITTINGS,70722,SPECIALIZED MEDICAL SERVICES,20530200,BAUCHI,04010324017903,Health sector coordination mechanisms
Purchase of 2 Units Anasethetic Machines at Specialist Hospital,40000000.0,40000000.0,538600.0,150000000.0,0.0,356,0.82057,0.83904,052111500100,SPECIALIST HOSPITAL BAUCHI,23010122,PURCHASE OF HEALTH / MEDICAL EQUIPMENT,70722,SPECIALIZED MEDICAL SERVICES,20530200,BAUCHI,04050124018003,Functional health facilities
Purchase and Provision of Medical Equipment for Specialist Hospital Bauchi,550000000.0,550000000.0,20686000.0,50000000.0,0.0,356,0.83065,0.84912,052111500100,SPECIALIST HOSPITAL BAUCHI,23010122,PURCHASE OF HEALTH / MEDICAL EQUIPMENT,70722,SPECIALIZED MEDICAL SERVICES,20530200,BAUCHI,04050124018103,Functional health facilities
Provision of Cold Room and Facilities at Specialist Hospital,20000000.0,20000000.0,0.0,25000000.0,0.0,356,0.84156,0.86004,052111500100,SPECIALIST HOSPITAL BAUCHI,23010122,PURCHASE OF HEALTH / MEDICAL EQUIPMENT,70722,SPECIALIZED MEDICAL SERVICES,20530200,BAUCHI,04050124018203,Functional health facilities
Building of Immunization Shades at Specialist Hospital,20000000.0,20000000.0,0.0,26000000.0,0.0,356,0.85248,0.87096,052111500100,SPECIALIST HOSPITAL BAUCHI,23020118,CONSTRUCTION / PROVISION OF INFRASTRUCTURE,70722,SPECIALIZED MEDICAL SERVICES,20530200,BAUCHI,04060224018303,Vaccines supply chain
"Purchase and Supply of Medical Equipment for the Specialist Hospital, Bauchi",20000000.0,20000000.0,3430000.0,30000000.0,0.0,356,0.86256,0.88104,052111500100,SPECIALIST HOSPITAL BAUCHI,23010122,PURCHASE OF HEALTH / MEDICAL EQUIPMENT,70722,SPECIALIZED MEDICAL SERVICES,20530200,BAUCHI,04050124018403,Functional health facilities
Renovation of Housemanship Quarters at Specialist Hospital,120000000.0,120000000.0,0.0,400000000.0,0.0,356,0.87348,0.89196,052111500100,SPECIALIST HOSPITAL BAUCHI,23030101,REHABILITATION / REPAIRS OF RESIDENTIAL BUILDING,70722,SPECIALIZED MEDICAL SERVICES,20530200,BAUCHI,04050124018503,Functional health facilities
Renovation of 3 nos. of senior Staff Quarters,100000000.0,100000000.0,0.0,0.0,0.0,356,0.8844,0.90288,052111500100,SPECIALIST HOSPITAL BAUCHI,23030101,REHABILITATION / REPAIRS OF RESIDENTIAL BUILDING,70722,SPECIALIZED MEDICAL SERVICES,20530200,BAUCHI,04050124018603,Functional health facilities
Rehabilitation and Repairs of Administrative Building at Specialist Hospital,80000000.0,80000000.0,0.0,0.0,0.0,356,0.89532,0.91379,052111500100,SPECIALIST HOSPITAL BAUCHI,23030121,REHABILITATION / REPAIRS OF OFFICE BUILDINGS,70722,SPECIALIZED MEDICAL SERVICES,20530200,BAUCHI,04010324018703,Health sector coordination mechanisms
General Renovation of Specialist Hospital,350000000.0,350000000.0,0.0,0.0,0.0,357,0.09323,0.1117,052111500100,SPECIALIST HOSPITAL BAUCHI,23030105,REHABILITATION / REPAIRS - HOSPITAL / HEALTH CENTRES,70722,SPECIALIZED MEDICAL SERVICES,20530200,BAUCHI,04050124018803,Functional health facilities
Local Government Contribution to BACATMA on the fight against HIV and TB,75000000.0,75000000.0,19950000.0,75000000.0,0.0,357,0.14698,0.16546,052111600100,"BAUCHI STATE AGENCY FOR THE CONTROL OF HIV/AIDS, TUBERCULOSES, LEPROSY AND MALARIA (BACATMA)",23010122,PURCHASE OF HEALTH / MEDICAL EQUIPMENT,70741,PUBLIC HEALTH SERVICES,20530200,BAUCHI,04050223019704,Planned Preventive Maintenance (PPM)
Renovation of DOT office in Bayara,10000000.0,20000000.0,26872000.0,0.0,0.0,357,0.1579,0.17638,052111600100,"BAUCHI STATE AGENCY FOR THE CONTROL OF HIV/AIDS, TUBERCULOSES, LEPROSY AND MALARIA (BACATMA)",23030121,REHABILITATION / REPAIRS OF OFFICE BUILDINGS,70741,PUBLIC HEALTH SERVICES,20530200,BAUCHI,04050123019804,Functional health facilities
"Renovation of TBLC Shade in Bauchi,Misau and Azare",3500000.0,3500000.0,0.0,0.0,0.0,357,0.16798,0.18645,052111600100,"BAUCHI STATE AGENCY FOR THE CONTROL OF HIV/AIDS, TUBERCULOSES, LEPROSY AND MALARIA (BACATMA)",23030105,REHABILITATION / REPAIRS - HOSPITAL / HEALTH CENTRES,70741,PUBLIC HEALTH SERVICES,20542400,STATE WIDE,04050123019904,Functional health facilities
"Operational Research on AIDS,TB,Hepatities & Malaria",7500000.0,7500000.0,0.0,7500000.0,0.0,357,0.1789,0.19737,052111600100,"BAUCHI STATE AGENCY FOR THE CONTROL OF HIV/AIDS, TUBERCULOSES, LEPROSY AND MALARIA (BACATMA)",23050101,RESEARCH AND DEVELOPMENT,70741,PUBLIC HEALTH SERVICES,20530200,BAUCHI,04070323020004,"Research and development (Institutional Review Board, Clinical Trials)"
Supervision and Inspection of BACATMA Programmes and Projects,15000000.0,15000000.0,0.0,25000000.0,0.0,357,0.18981,0.20829,052111600100,"BAUCHI STATE AGENCY FOR THE CONTROL OF HIV/AIDS, TUBERCULOSES, LEPROSY AND MALARIA (BACATMA)",23050103,MONITORING AND EVALUATION,70741,PUBLIC HEALTH SERVICES,20542400,STATE WIDE,04070423020104,Monitoring and Evaluation (M&E)
Purchase of 10(Unit) of Motor Cycles for 10 LGA TBL Supervisors.,5000000.0,5000000.0,0.0,10000000.0,0.0,357,0.20073,0.21921,052111600100,"BAUCHI STATE AGENCY FOR THE CONTROL OF HIV/AIDS, TUBERCULOSES, LEPROSY AND MALARIA (BACATMA)",23010104,PURCHASE MOTOR CYCLES,70741,PUBLIC HEALTH SERVICES,20530200,BAUCHI,04010423020204,Integrated supportive supervision
Purchase of 10 Units Executive Tables and Chairs for BACATMA Office,5000000.0,5000000.0,0.0,5000000.0,0.0,357,0.21081,0.22929,052111600100,"BAUCHI STATE AGENCY FOR THE CONTROL OF HIV/AIDS, TUBERCULOSES, LEPROSY AND MALARIA (BACATMA)",23010112,PURCHASE OF OFFICE FURNITURE AND FITTINGS,70741,PUBLIC HEALTH SERVICES,20530200,BAUCHI,04010323020304,Health sector coordination mechanisms
PURCHASE OF COMPUTERS 10 (Unit) OF LAPTOPS,15000000.0,15000000.0,0.0,0.0,0.0,357,0.22173,0.24021,052111600100,"BAUCHI STATE AGENCY FOR THE CONTROL OF HIV/AIDS, TUBERCULOSES, LEPROSY AND MALARIA (BACATMA)",23010113,PURCHASE OF COMPUTERS,70741,PUBLIC HEALTH SERVICES,20530200,BAUCHI,04070123020404,Routine information system
"Purchase and Provision of Health and Medical Equipment for BACATMA Programmes and Projects.( HIV,TB, Leprosy & Malaria Drugs,RD Kits, Consumables & Services)",70000000.0,70000000.0,0.0,250000000.0,0.0,357,0.23265,0.25113,052111600100,"BAUCHI STATE AGENCY FOR THE CONTROL OF HIV/AIDS, TUBERCULOSES, LEPROSY AND MALARIA (BACATMA)",23010122,PURCHASE OF HEALTH / MEDICAL EQUIPMENT,70741,PUBLIC HEALTH SERVICES,20530200,BAUCHI,04060123020504,Sustainable drug supply
Annual State Anniversary for the Conduct of Seasonal Malaria Chemo preventions in 20 LGAs,50000000.0,50000000.0,0.0,50000000.0,0.0,357,0.24273,0.2612,052111600100,"BAUCHI STATE AGENCY FOR THE CONTROL OF HIV/AIDS, TUBERCULOSES, LEPROSY AND MALARIA (BACATMA)",23050104,ANNIVERSARIES/CELEBRATIONS,70741,PUBLIC HEALTH SERVICES,20542400,STATE WIDE,04050223020604,Planned Preventive Maintenance (PPM)
Annual State Anniversary for the Conduct Malaria LLIN Mass Replacement Campaign to distribute 4.8 Million LLIN in 20 LGAs,0.0,0.0,0.0,935000000.0,0.0,357,0.25365,0.27212,052111600100,"BAUCHI STATE AGENCY FOR THE CONTROL OF HIV/AIDS, TUBERCULOSES, LEPROSY AND MALARIA (BACATMA)",23050104,ANNIVERSARIES/CELEBRATIONS,70741,PUBLIC HEALTH SERVICES,20542400,STATE WIDE,04030223020704,Child health
Purchase and Supply of Medical Equipment for the control of Malaria and Infant Mortality,40000000.0,40000000.0,0.0,40000000.0,0.0,357,0.26456,0.28304,052111600100,"BAUCHI STATE AGENCY FOR THE CONTROL OF HIV/AIDS, TUBERCULOSES, LEPROSY AND MALARIA (BACATMA)",23010122,PURCHASE OF HEALTH / MEDICAL EQUIPMENT,70741,PUBLIC HEALTH SERVICES,20542400,STATE WIDE,04030223020804,Child health
"PURCHASE of TB, PCR & Gene-Xpert Machine for TB Screening (2 Units)",100000000.0,100000000.0,0.0,0.0,0.0,357,0.27548,0.29396,052111600100,"BAUCHI STATE AGENCY FOR THE CONTROL OF HIV/AIDS, TUBERCULOSES, LEPROSY AND MALARIA (BACATMA)",23010122,PURCHASE OF HEALTH / MEDICAL EQUIPMENT,70741,PUBLIC HEALTH SERVICES,20530200,BAUCHI,04050123020904,Functional health facilities
Renovation of Direct Observed Treatment (DOT) Centres across the 20 LGAs in the State.,0.0,0.0,0.0,30000000.0,0.0,357,0.28556,0.30404,052111600100,"BAUCHI STATE AGENCY FOR THE CONTROL OF HIV/AIDS, TUBERCULOSES, LEPROSY AND MALARIA (BACATMA)",23030105,REHABILITATION / REPAIRS - HOSPITAL / HEALTH CENTRES,70741,PUBLIC HEALTH SERVICES,20542400,STATE WIDE,04030426000204,Communicable diseases
"Renovation of State Tuberculosis /Leprosy Control (STBLC) Office Bayara, Infectious Diseases Hospital (IDH) Bayara, and TBL training institute Bayara.",0.0,0.0,0.0,150000000.0,0.0,357,0.29648,0.31496,052111600100,"BAUCHI STATE AGENCY FOR THE CONTROL OF HIV/AIDS, TUBERCULOSES, LEPROSY AND MALARIA (BACATMA)",23030105,REHABILITATION / REPAIRS - HOSPITAL / HEALTH CENTRES,70741,PUBLIC HEALTH SERVICES,20530200,BAUCHI,04030426000304,Communicable diseases
Rehabilitation and Renovation of BACATMA Headquarters Office Building.,0.0,0.0,0.0,25000000.0,0.0,357,0.3074,0.32588,052111600100,"BAUCHI STATE AGENCY FOR THE CONTROL OF HIV/AIDS, TUBERCULOSES, LEPROSY AND MALARIA (BACATMA)",23030121,REHABILITATION / REPAIRS OF OFFICE BUILDINGS,70741,PUBLIC HEALTH SERVICES,20530200,BAUCHI,04050126003504,Functional health facilities
Construction of Confrence Hall at BACATMA office.,0.0,0.0,0.0,48000000.0,0.0,357,0.31832,0.33679,052111600100,"BAUCHI STATE AGENCY FOR THE CONTROL OF HIV/AIDS, TUBERCULOSES, LEPROSY AND MALARIA (BACATMA)",23020101,CONSTRUCTION / PROVISION OF OFFICE BUILDINGS,70741,PUBLIC HEALTH SERVICES,20530200,BAUCHI,04050126003604,Functional health facilities
"Renovation and Repair of BACATMA Drugs store office in Jahun, Bauchi LGA.",0.0,0.0,0.0,10000000.0,0.0,357,0.32839,0.34687,052111600100,"BAUCHI STATE AGENCY FOR THE CONTROL OF HIV/AIDS, TUBERCULOSES, LEPROSY AND MALARIA (BACATMA)",23030121,REHABILITATION / REPAIRS OF OFFICE BUILDINGS,70741,PUBLIC HEALTH SERVICES,20530200,BAUCHI,04050126003704,Functional health facilities
"Purchase of Side Stools (62 Units), Patients benches (96 Units), for 31 Compreheinsive Anti Retroviral Treatment Centres (ARTs).",0.0,0.0,0.0,13000000.0,0.0,357,0.33931,0.35779,052111600100,"BAUCHI STATE AGENCY FOR THE CONTROL OF HIV/AIDS, TUBERCULOSES, LEPROSY AND MALARIA (BACATMA)",23010112,PURCHASE OF OFFICE FURNITURE AND FITTINGS,70741,PUBLIC HEALTH SERVICES,20530200,BAUCHI,04050126003804,Functional health facilities
"Rehabilitation and Repairs of TB, PCR & Gene-Xpert Machine(Molecular Machines) for TB Screening/HIV across the State",0.0,0.0,0.0,70000000.0,0.0,357,0.35023,0.36871,052111600100,"BAUCHI STATE AGENCY FOR THE CONTROL OF HIV/AIDS, TUBERCULOSES, LEPROSY AND MALARIA (BACATMA)",23030105,REHABILITATION / REPAIRS - HOSPITAL / HEALTH CENTRES,70741,PUBLIC HEALTH SERVICES,20542400,STATE WIDE,04030426000404,Communicable diseases
Purchase of 5 Units Executive Chairs and Tables,2000000.0,2000000.0,0.0,5000000.0,0.0,357,0.40314,0.42162,052100200100,HEALTH CONTRIBUTORY MANAGEMENT AGENCY,23010112,PURCHASE OF OFFICE FURNITURE AND FITTINGS,70721,GENERAL MEDICAL SERVICES,20530200,BAUCHI,04010323020204,Health sector coordination mechanisms
Purchase of 10 Laptops and 5 Desktop Computers,19110000.0,19110000.0,0.0,22148490.0,0.0,357,0.41406,0.43254,052100200100,HEALTH CONTRIBUTORY MANAGEMENT AGENCY,23010113,PURCHASE OF COMPUTERS,70721,GENERAL MEDICAL SERVICES,20530200,BAUCHI,04010323020304,Health sector coordination mechanisms
Purchase of Printers 5 nos. for Staff,1820000.0,1820000.0,0.0,2250000.0,0.0,357,0.42498,0.44346,052100200100,HEALTH CONTRIBUTORY MANAGEMENT AGENCY,23010114,PURCHASE OF COMPUTER PRINTERS,70721,GENERAL MEDICAL SERVICES,20530200,BAUCHI,04010323020404,Health sector coordination mechanisms
Purchase of 2 no of XEROX Photocopying Machines,2860000.0,2860000.0,0.0,3900000.0,0.0,357,0.43506,0.45354,052100200100,HEALTH CONTRIBUTORY MANAGEMENT AGENCY,23010115,PURCHASE OF PHOTOCOPYING MACHINES,70721,GENERAL MEDICAL SERVICES,20530200,BAUCHI,04010323020504,Health sector coordination mechanisms
Purchase of 3 NO Scanners,910000.0,910000.0,0.0,1054690.0,0.0,357,0.44598,0.46446,052100200100,HEALTH CONTRIBUTORY MANAGEMENT AGENCY,23010118,PURCHASE OF SCANNERS,70721,GENERAL MEDICAL SERVICES,20530200,BAUCHI,04010323020604,Health sector coordination mechanisms
Purchase of 1 NO OF K V A Generating Set,8814000.0,8814000.0,0.0,10215426.0,0.0,357,0.4569,0.47537,052100200100,HEALTH CONTRIBUTORY MANAGEMENT AGENCY,23010119,PURCHASE OF POWER GENERATING SET,70721,GENERAL MEDICAL SERVICES,20530200,BAUCHI,04010323020704,Health sector coordination mechanisms
Purchase of 10 Units Fire Extinguiher and Fighting Equipment,2990000.0,2990000.0,0.0,3465410.0,0.0,357,0.46782,0.48629,052100200100,HEALTH CONTRIBUTORY MANAGEMENT AGENCY,23010123,PURCHASE OF FIRE FIGHTING EQUIPMENT,70721,GENERAL MEDICAL SERVICES,20530200,BAUCHI,04010323020804,Health sector coordination mechanisms
Provision of Altarnative Solar Power Equipment,6760000.0,6760000.0,1300000.0,7834840.0,0.0,357,0.47789,0.49637,052100200100,HEALTH CONTRIBUTORY MANAGEMENT AGENCY,23020103,CONSTRUCTION / PROVISION OF ELECTRICITY,70721,GENERAL MEDICAL SERVICES,20530200,BAUCHI,04010323020904,Health sector coordination mechanisms
Purchase of Medical Equipment for Health Care Services in the State.,1440000000.0,740000000.0,800500000.0,2900000000.0,0.0,357,0.48881,0.50729,052100200100,HEALTH CONTRIBUTORY MANAGEMENT AGENCY,23010122,PURCHASE OF HEALTH / MEDICAL EQUIPMENT,70721,GENERAL MEDICAL SERVICES,20542400,STATE WIDE,04050123021004,Functional health facilities
Purchase of Medical and Health Equipment to Improve and strengthening Health insurance Policy,13350000.0,13350000.0,0.0,13350000.0,0.0,357,0.49973,0.51821,052100200100,HEALTH CONTRIBUTORY MANAGEMENT AGENCY,23010122,PURCHASE OF HEALTH / MEDICAL EQUIPMENT,70721,GENERAL MEDICAL SERVICES,20542400,STATE WIDE,04050123021104,Functional health facilities
Acquisition of Computer software to enhance service delivery,5000000.0,5000000.0,0.0,50000000.0,0.0,357,0.51065,0.52913,052100200100,HEALTH CONTRIBUTORY MANAGEMENT AGENCY,23050102,COMPUTER SOFTWARE ACQUISITION,70721,GENERAL MEDICAL SERVICES,20530200,BAUCHI,04070123021204,Routine information system
Supervision and Inspection of all accredited Projects and Programmes under Construction and Repairs by Health Contributory Management Agency,100500000.0,100500000.0,1779980.0,116479500.0,0.0,357,0.52073,0.53921,052100200100,HEALTH CONTRIBUTORY MANAGEMENT AGENCY,23050103,MONITORING AND EVALUATION,70721,GENERAL MEDICAL SERVICES,20530200,BAUCHI,04070423021304,Monitoring and Evaluation (M&E)
Annual Commomeration of Health Anneverseries Activities,6000000.0,6000000.0,0.0,6954000.0,0.0,357,0.53165,0.55012,052100200100,HEALTH CONTRIBUTORY MANAGEMENT AGENCY,23050104,ANNIVERSARIES/CELEBRATIONS,70721,GENERAL MEDICAL SERVICES,20530200,BAUCHI,04070323021404,"Research and development (Institutional Review Board, Clinical Trials)"
Purchase of Medical Equipment through Subsidy to Supplement other Contributions to BASCHMA,300000000.0,300000000.0,0.0,347700000.0,0.0,357,0.54257,0.56104,052100200100,HEALTH CONTRIBUTORY MANAGEMENT AGENCY,23010122,PURCHASE OF HEALTH / MEDICAL EQUIPMENT,70721,GENERAL MEDICAL SERVICES,20542400,STATE WIDE,04050123021504,Functional health facilities
Purchase of Medical Equipment through Bauchi State Health Trust Fund,68886000.0,68886000.0,0.0,40000000.0,0.0,357,0.55264,0.57112,052100200100,HEALTH CONTRIBUTORY MANAGEMENT AGENCY,23010122,PURCHASE OF HEALTH / MEDICAL EQUIPMENT,70721,GENERAL MEDICAL SERVICES,20542400,STATE WIDE,04050123021604,Functional health facilities
Purchase Provision of Medical Equipment.,90000000.0,90000000.0,0.0,104310000.0,0.0,357,0.56356,0.58204,052100200100,HEALTH CONTRIBUTORY MANAGEMENT AGENCY,23010122,PURCHASE OF HEALTH / MEDICAL EQUIPMENT,70721,GENERAL MEDICAL SERVICES,20542400,STATE WIDE,04050123021704,Functional health facilities
Purchase of Medical Equipment through the Federal Government Basic Health Care Provision Fund.,1000000000.0,600000000.0,520573862.5,2100000000.0,0.0,357,0.57448,0.59296,052100200100,HEALTH CONTRIBUTORY MANAGEMENT AGENCY,23010122,PURCHASE OF HEALTH / MEDICAL EQUIPMENT,70721,GENERAL MEDICAL SERVICES,20542400,STATE WIDE,04050123021804,Functional health facilities
Purchase of Medical Equipment from the State Government,375000000.0,375000000.0,200450000.0,750000000.0,0.0,357,0.5854,0.60388,052100200100,HEALTH CONTRIBUTORY MANAGEMENT AGENCY,23010122,PURCHASE OF HEALTH / MEDICAL EQUIPMENT,70721,GENERAL MEDICAL SERVICES,20542400,STATE WIDE,04050123021904,Functional health facilities
Purchase of Medical and Health Equipment to improve and strengthening Health insurance Policy,5000000.0,5000000.0,0.0,5795000.0,0.0,357,0.59548,0.61396,052100200100,HEALTH CONTRIBUTORY MANAGEMENT AGENCY,23010122,PURCHASE OF HEALTH / MEDICAL EQUIPMENT,70721,GENERAL MEDICAL SERVICES,20542400,STATE WIDE,04050123022004,Functional health facilities
Purchase of 3 NO Monitoring Vehicles,225000000.0,225000000.0,0.0,0.0,0.0,357,0.64923,0.66771,052111700100,BAUCHI STATE HEALTH TRUST FUND,23010105,PURCHASE OF MOTOR VEHICLES,70721,GENERAL MEDICAL SERVICES,20530200,BAUCHI,04010323022104,Health sector coordination mechanisms
Purchase of 25 Units Executive Table and Chairs,20000000.0,20000000.0,0.0,50000000.0,0.0,357,0.66015,0.67863,052111700100,BAUCHI STATE HEALTH TRUST FUND,23010112,PURCHASE OF OFFICE FURNITURE AND FITTINGS,70721,GENERAL MEDICAL SERVICES,20530200,BAUCHI,04010323022204,Health sector coordination mechanisms
Purchase of 6 N0 Laptop and 8 Desktop Computers,5000000.0,5000000.0,0.0,0.0,0.0,357,0.67023,0.68871,052111700100,BAUCHI STATE HEALTH TRUST FUND,23010113,PURCHASE OF COMPUTERS,70721,GENERAL MEDICAL SERVICES,20530200,BAUCHI,04010323022304,Health sector coordination mechanisms
Purchase of 8 no of Computer Printers,3000000.0,3000000.0,0.0,0.0,0.0,357,0.68115,0.69962,052111700100,BAUCHI STATE HEALTH TRUST FUND,23010114,PURCHASE OF COMPUTER PRINTERS,70721,GENERAL MEDICAL SERVICES,20530200,BAUCHI,04010323022404,Health sector coordination mechanisms
Purchase of 1 no Photocopying Machines,2800000.0,2800000.0,4120000.0,0.0,0.0,357,0.69206,0.71054,052111700100,BAUCHI STATE HEALTH TRUST FUND,23010115,PURCHASE OF PHOTOCOPYING MACHINES,70721,GENERAL MEDICAL SERVICES,20530200,BAUCHI,04010323022504,Health sector coordination mechanisms
Purchase of 7 no of Scanners,1500000.0,1500000.0,0.0,0.0,0.0,357,0.70298,0.72146,052111700100,BAUCHI STATE HEALTH TRUST FUND,23010118,PURCHASE OF SCANNERS,70721,GENERAL MEDICAL SERVICES,20530200,BAUCHI,04010323022604,Health sector coordination mechanisms
Purchase of 5 no Sound proof KVA Generator Set,150000000.0,150000000.0,0.0,150000000.0,0.0,357,0.71306,0.73154,052111700100,BAUCHI STATE HEALTH TRUST FUND,23010119,PURCHASE OF POWER GENERATING SET,70721,GENERAL MEDICAL SERVICES,20530200,BAUCHI,04010323022704,Health sector coordination mechanisms
Purchase of Medical Equipment and Beddings for Distribution to Hospitals,425070820.0,425070820.0,477864000.0,0.0,0.0,357,0.72398,0.74246,052111700100,BAUCHI STATE HEALTH TRUST FUND,23010122,PURCHASE OF HEALTH / MEDICAL EQUIPMENT,70721,GENERAL MEDICAL SERVICES,20542400,STATE WIDE,04050123022804,Functional health facilities
Purchase of 10 no Fire Extinguisher Equipment,10000000.0,10000000.0,0.0,10000000.0,0.0,357,0.7349,0.75338,052111700100,BAUCHI STATE HEALTH TRUST FUND,23010123,PURCHASE OF FIRE FIGHTING EQUIPMENT,70721,GENERAL MEDICAL SERVICES,20530200,BAUCHI,04010323022904,Health sector coordination mechanisms
Rehabilitation of Health Centres Across the State,500000000.0,500000000.0,72100000.0,0.0,0.0,357,0.74498,0.76345,052111700100,BAUCHI STATE HEALTH TRUST FUND,23030105,REHABILITATION / REPAIRS - HOSPITAL / HEALTH CENTRES,70721,GENERAL MEDICAL SERVICES,20542400,STATE WIDE,04050123023004,Functional health facilities
Rehabilitation Corporate Office Buildings,100000000.0,100000000.0,0.0,50000000.0,0.0,357,0.7559,0.77437,052111700100,BAUCHI STATE HEALTH TRUST FUND,23030121,REHABILITATION / REPAIRS OF OFFICE BUILDINGS,70721,GENERAL MEDICAL SERVICES,20530200,BAUCHI,04010323023104,Health sector coordination mechanisms
Undertaking Research for the Improvement and strengthening of Health Insurance Programmes,45000000.0,45000000.0,69654672.0,50000000.0,0.0,357,0.76681,0.78529,052111700100,BAUCHI STATE HEALTH TRUST FUND,23050101,RESEARCH AND DEVELOPMENT,70721,GENERAL MEDICAL SERVICES,20530200,BAUCHI,04100123023204,Health Not Elsewhere Classified
Supervision and Inspection of all accredited Bauchi State Health Trust Projects and Programmes under Construction and Repairs,164800000.0,164800000.0,67248000.0,0.0,0.0,357,0.77773,0.79621,052111700100,BAUCHI STATE HEALTH TRUST FUND,23050103,MONITORING AND EVALUATION,70721,GENERAL MEDICAL SERVICES,20542400,STATE WIDE,04070423023304,Monitoring and Evaluation (M&E)
"Bauchi State Health Trust Fund Supervision,Monitoring and Evaluation Project",35000000.0,35000000.0,18464000.0,50000000.0,0.0,357,0.78781,0.80629,052111700100,BAUCHI STATE HEALTH TRUST FUND,23050103,MONITORING AND EVALUATION,70721,GENERAL MEDICAL SERVICES,20542400,STATE WIDE,04070423023404,Monitoring and Evaluation (M&E)
Rehabilitation and Repairs of Corporate Office Buildings at Bauchi,200000000.0,200000000.0,7736000.0,0.0,0.0,357,0.79873,0.81721,052111700100,BAUCHI STATE HEALTH TRUST FUND,23030121,REHABILITATION / REPAIRS OF OFFICE BUILDINGS,70721,GENERAL MEDICAL SERVICES,20530200,BAUCHI,04010323023504,Health sector coordination mechanisms
Purchase of Gymnasium and Recreational Equipment for Sporting Equipment,0.0,0.0,711500912.0,30000000.0,0.0,357,0.85248,0.87096,053900100100,MINISTRY OF YOUTH AND SPORTS DEVELOPMENT,23010101,PURCHASE / ACQUISITION OF LAND,70811,RECREATIONAL AND SPORTING SERVICES,20542400,STATE WIDE,08100123000100,Youth - General
Purchase of 7 Units Executive Tables and Chairs for Principals Officers,50000000.0,50000000.0,18140000.0,2000000.0,0.0,357,0.86256,0.88104,053900100100,MINISTRY OF YOUTH AND SPORTS DEVELOPMENT,23010112,PURCHASE OF OFFICE FURNITURE AND FITTINGS,70811,RECREATIONAL AND SPORTING SERVICES,20530200,BAUCHI,08100123000200,Youth - General
purchase of 30 Nos of life wear jackets,5000000.0,5000000.0,0.0,20000000.0,0.0,357,0.87348,0.89196,053900100100,MINISTRY OF YOUTH AND SPORTS DEVELOPMENT,23010126,PURCHASE OF SPORTING / GAMING EQUIPMENT,70811,RECREATIONAL AND SPORTING SERVICES,20530200,BAUCHI,08100123000300,Youth - General
purchase of sporting wears and Kits,30000000.0,0.0,0.0,40000000.0,0.0,357,0.8844,0.90288,053900100100,MINISTRY OF YOUTH AND SPORTS DEVELOPMENT,23010126,PURCHASE OF SPORTING / GAMING EQUIPMENT,70811,RECREATIONAL AND SPORTING SERVICES,20530200,BAUCHI,08100123000400,Youth - General
Constructions/ Provision of Skill Acquistion Centres for Youths Across the State.,35000000.0,30000000.0,0.0,0.0,0.0,357,0.89532,0.91379,053900100100,MINISTRY OF YOUTH AND SPORTS DEVELOPMENT,23020118,CONSTRUCTION / PROVISION OF INFRASTRUCTURE,70811,RECREATIONAL AND SPORTING SERVICES,20542400,STATE WIDE,08100123000500,Youth - General
Const. and Provision of Sporting Facilities in Location that are Densly Populated by Youth Across the State.,65000000.0,35000000.0,0.0,0.0,0.0,358,0.09323,0.1117,053900100100,MINISTRY OF YOUTH AND SPORTS DEVELOPMENT,23020112,CONSTRUCTION / PROVISION OF SPORTING FACILITIES,70811,RECREATIONAL AND SPORTING SERVICES,20542400,STATE WIDE,08100123000600,Youth - General
Construction and Provision of Car Park Lots at the Stadium and Multi Sports Hall Premises.,3500000.0,65000000.0,0.0,0.0,0.0,358,0.10415,0.12262,053900100100,MINISTRY OF YOUTH AND SPORTS DEVELOPMENT,23020118,CONSTRUCTION / PROVISION OF INFRASTRUCTURE,70811,RECREATIONAL AND SPORTING SERVICES,20530200,BAUCHI,08100123000700,Youth - General
Rehabilitation of Games Village Bauchi for the Establishment of Bauchi Football Academy.,15000000.0,3500000.0,0.0,3300000000.0,0.0,358,0.11506,0.13354,053900100100,MINISTRY OF YOUTH AND SPORTS DEVELOPMENT,23030111,REHABILITATION / REPAIRS - SPORTING FACILITIES,70811,RECREATIONAL AND SPORTING SERVICES,20530200,BAUCHI,08100123000800,Youth - General
Rehabilitation and maintenance of ATB Stadium and 3 other LGAs within Senatorial Districts,45000000.0,15000000.0,345771211.0,5055053362.0,0.0,358,0.12598,0.14446,053900100100,MINISTRY OF YOUTH AND SPORTS DEVELOPMENT,23030111,REHABILITATION / REPAIRS - SPORTING FACILITIES,70811,RECREATIONAL AND SPORTING SERVICES,20542400,STATE WIDE,08100123000900,Youth - General
Supervision and Inspection of all Projects and Programmes under Construction and Repairs by Min of Youth and Sports,5000000.0,45000000.0,0.0,3000000.0,0.0,358,0.13606,0.15454,053900100100,MINISTRY OF YOUTH AND SPORTS DEVELOPMENT,23050103,MONITORING AND EVALUATION,70811,RECREATIONAL AND SPORTING SERVICES,20542400,STATE WIDE,08100123001000,Youth - General
Renovation and Repairs of Hostels at NYSC Camp Wailo,500000000.0,5000000.0,345008551.0,500000000.0,0.0,358,0.14698,0.16546,053900100100,MINISTRY OF YOUTH AND SPORTS DEVELOPMENT,23030118,REHABILITATION / REPAIRS - RECREATIONAL FACILITIES,70811,RECREATIONAL AND SPORTING SERVICES,20510800,GANJUWA,08100123001200,Youth - General
IBB Square Re-creation and sport centre,0.0,500000000.0,0.0,4281331563.0,0.0,358,0.1579,0.17638,053900100100,MINISTRY OF YOUTH AND SPORTS DEVELOPMENT,23020112,CONSTRUCTION / PROVISION OF SPORTING FACILITIES,70811,RECREATIONAL AND SPORTING SERVICES,20530200,BAUCHI,08100126000100,Youth - General
"Renovation of Multipurpose Indoor Sport Hall and Swimming Pool, Bauchi",0.0,0.0,0.0,2038950643.0,0.0,358,0.16798,0.18645,053900100100,MINISTRY OF YOUTH AND SPORTS DEVELOPMENT,23030111,REHABILITATION / REPAIRS - SPORTING FACILITIES,70811,RECREATIONAL AND SPORTING SERVICES,20530200,BAUCHI,08100126000200,Youth - General
Purchase of 4 Nos. of Laptops and 4 NO of Desktop Computers,5000000.0,5000000.0,0.0,0.0,0.0,358,0.22173,0.24021,053900200100,STATE SPORTS COUNCIL,23010113,PURCHASE OF COMPUTERS,70811,RECREATIONAL AND SPORTING SERVICES,20530200,BAUCHI,08100123001300,Youth - General
Purchase of 6 Nos. of Computers Printers and 8 No Scanners,7500000.0,7500000.0,0.0,0.0,0.0,358,0.23265,0.25113,053900200100,STATE SPORTS COUNCIL,23010114,PURCHASE OF COMPUTER PRINTERS,70811,RECREATIONAL AND SPORTING SERVICES,20530200,BAUCHI,08100123001400,Youth - General
Purchase of 3 Nos. of Mikano 30 KVA Power Generators,20000000.0,20000000.0,0.0,25000000.0,0.0,358,0.24273,0.2612,053900200100,STATE SPORTS COUNCIL,23010119,PURCHASE OF POWER GENERATING SET,70811,RECREATIONAL AND SPORTING SERVICES,20530200,BAUCHI,08100123001500,Youth - General
Purchase of Sporting Wears and Sporting Kits for State Contingents Participating in Sports Festival,20000000.0,20000000.0,0.0,15000000.0,0.0,358,0.25365,0.27212,053900200100,STATE SPORTS COUNCIL,23010126,PURCHASE OF SPORTING / GAMING EQUIPMENT,70811,RECREATIONAL AND SPORTING SERVICES,20530200,BAUCHI,08100123001600,Youth - General
Provision of 10 Units Executive Table and Chair for Wikki Office,7000000.0,7000000.0,0.0,3000000.0,0.0,358,0.3074,0.32588,053900300100,"WIKKI TOURISTS FOOTBALL CLUB, BAUCHI",23010112,PURCHASE OF OFFICE FURNITURE AND FITTINGS,70811,RECREATIONAL AND SPORTING SERVICES,20530200,BAUCHI,08100123001800,Youth - General
"Purchase of footballs, sporting kits, and Equipment for Wikki Tourist",20000000.0,20000000.0,6174000.0,25000000.0,0.0,358,0.31832,0.33679,053900300100,"WIKKI TOURISTS FOOTBALL CLUB, BAUCHI",23010126,PURCHASE OF SPORTING / GAMING EQUIPMENT,70811,RECREATIONAL AND SPORTING SERVICES,20530200,BAUCHI,08100123001900,Youth - General
Purchase of 5 Nos. Laptop Computers,2500000.0,2500000.0,0.0,0.0,0.0,358,0.37123,0.38971,053900400100,BAUCHI STATE COMMISSION FOR YOUTH AND WOMEN REHAB AND DEVELOPMENT,23010113,PURCHASE OF COMPUTERS,71051,UNEMPLOYMENT,20530200,BAUCHI,08100123002000,Youth - General
Purchase of 2 Nos. Computer Printers,550000.0,550000.0,0.0,0.0,0.0,358,0.38215,0.40062,053900400100,BAUCHI STATE COMMISSION FOR YOUTH AND WOMEN REHAB AND DEVELOPMENT,23010114,PURCHASE OF COMPUTER PRINTERS,71051,UNEMPLOYMENT,20530200,BAUCHI,08100123002100,Youth - General
Purchase of 1 no Shredding Machines,300000.0,300000.0,0.0,0.0,0.0,358,0.39307,0.41154,053900400100,BAUCHI STATE COMMISSION FOR YOUTH AND WOMEN REHAB AND DEVELOPMENT,23010117,PURCHASE OF SHREDDING MACHINES,71051,UNEMPLOYMENT,20530200,BAUCHI,08100123002200,Youth - General
Purchase of 2 Nos. Scanners,500000.0,500000.0,0.0,0.0,0.0,358,0.40314,0.42162,053900400100,BAUCHI STATE COMMISSION FOR YOUTH AND WOMEN REHAB AND DEVELOPMENT,23010118,PURCHASE OF SCANNERS,71051,UNEMPLOYMENT,20530200,BAUCHI,08100123002300,Youth - General
Purchase of One Large Containerized Machine to (Lame) Gumau,18000000.0,0.0,0.0,2000000.0,0.0,358,0.41406,0.43254,053900400100,BAUCHI STATE COMMISSION FOR YOUTH AND WOMEN REHAB AND DEVELOPMENT,23010129,PURCHASE OF INDUSTRIAL EQUIPMENT,71051,UNEMPLOYMENT,20531800,TORO,08100123002400,Youth - General
Purchase of One Large Containerized Machine to Vocational Training Centre Bauchi.,18000000.0,0.0,0.0,2000000.0,0.0,358,0.42498,0.44346,053900400100,BAUCHI STATE COMMISSION FOR YOUTH AND WOMEN REHAB AND DEVELOPMENT,23010129,PURCHASE OF INDUSTRIAL EQUIPMENT,71051,UNEMPLOYMENT,20530200,BAUCHI,08100123002500,Youth - General
Purchase of One Small Containerized Machine to Gamawa,18000000.0,0.0,0.0,2000000.0,0.0,358,0.43506,0.45354,053900400100,BAUCHI STATE COMMISSION FOR YOUTH AND WOMEN REHAB AND DEVELOPMENT,23010129,PURCHASE OF INDUSTRIAL EQUIPMENT,71051,UNEMPLOYMENT,20520700,GAMAWA,08100123002600,Youth - General
Purchase of One Containerized Machine to Misau,18000000.0,0.0,0.0,18000000.0,0.0,358,0.44598,0.46446,053900400100,BAUCHI STATE COMMISSION FOR YOUTH AND WOMEN REHAB AND DEVELOPMENT,23010129,PURCHASE OF INDUSTRIAL EQUIPMENT,71051,UNEMPLOYMENT,20511400,MISAU,08100123002700,Youth - General
Purchase of Skill Acquisition Equipment through the Local Government Contribution for Special Empowerment Intervention Programme to enhance Security,100000000.0,100000000.0,0.0,100000000.0,0.0,358,0.4569,0.47537,053900400100,BAUCHI STATE COMMISSION FOR YOUTH AND WOMEN REHAB AND DEVELOPMENT,23050101,RESEARCH AND DEVELOPMENT,71051,UNEMPLOYMENT,20542400,STATE WIDE,08100123002800,Youth - General
"Construction of Skills Acquisition Centres, (One at Each Senetorial Zone)",40000000.0,112000000.0,0.0,150000000.0,0.0,358,0.46782,0.48629,053900400100,BAUCHI STATE COMMISSION FOR YOUTH AND WOMEN REHAB AND DEVELOPMENT,23020118,CONSTRUCTION / PROVISION OF INFRASTRUCTURE,71051,UNEMPLOYMENT,20542400,STATE WIDE,08100123002900,Youth - General
Purchase and Supply of Skill Acquisition Equipment for Youth Engagement in public works through Nigeria Community Action for Resilience and Economic Stimulus NG-CARES Project,450000000.0,450000000.0,0.0,500000000.0,0.0,358,0.47789,0.49637,053900400100,BAUCHI STATE COMMISSION FOR YOUTH AND WOMEN REHAB AND DEVELOPMENT,23020118,CONSTRUCTION / PROVISION OF INFRASTRUCTURE,71051,UNEMPLOYMENT,20542400,STATE WIDE,08100123003000,Youth - General
Purchase of 100 Units of Starter Packs,50000000.0,50000000.0,0.0,70000000.0,0.0,358,0.48881,0.50729,053900400100,BAUCHI STATE COMMISSION FOR YOUTH AND WOMEN REHAB AND DEVELOPMENT,23010124,PURCHASE OF TEACHING / LEARNING AID EQUIPMENT,71051,UNEMPLOYMENT,20542400,STATE WIDE,08100123003100,Youth - General
Supervision and Inspection of all Projects and Programmes under Construction and Repairs by Bauchi State Commission for Youth and sports development,5000000.0,5000000.0,0.0,5000000.0,0.0,358,0.49973,0.51821,053900400100,BAUCHI STATE COMMISSION FOR YOUTH AND WOMEN REHAB AND DEVELOPMENT,23050103,MONITORING AND EVALUATION,71051,UNEMPLOYMENT,20542400,STATE WIDE,08100123003300,Youth - General
Purchase of 1 nos. of Toyota Hilux Motor Vehicle.,60000000.0,60000000.0,0.0,70000000.0,0.0,358,0.55264,0.57112,055100100100,MINISTRY FOR LOCAL GOVERNMENT AND CHIEFTAINCY AFFAIRS,23010105,PURCHASE OF MOTOR VEHICLES,70133,OTHER GENERAL SERVICES,20530200,BAUCHI,13100123035100,Reform of Government and Governance - General
Purchase of 15 Units ExecutiveTables & Chairs for Staff of the Ministry for Local Government,6000000.0,6000000.0,2030000.0,4000000.0,0.0,358,0.56356,0.58204,055100100100,MINISTRY FOR LOCAL GOVERNMENT AND CHIEFTAINCY AFFAIRS,23010112,PURCHASE OF OFFICE FURNITURE AND FITTINGS,70133,OTHER GENERAL SERVICES,20530200,BAUCHI,13100123035200,Reform of Government and Governance - General
Purchase of 10 nos. of Desktop and 5 nos. of Laptops Computers,5000000.0,5000000.0,1588000.0,4000000.0,0.0,358,0.57448,0.59296,055100100100,MINISTRY FOR LOCAL GOVERNMENT AND CHIEFTAINCY AFFAIRS,23010113,PURCHASE OF COMPUTERS,70133,OTHER GENERAL SERVICES,20530200,BAUCHI,13100123035300,Reform of Government and Governance - General
Purchase of 5 nos. of Computer Printers,4000000.0,4000000.0,1300000.0,3000000.0,0.0,358,0.5854,0.60388,055100100100,MINISTRY FOR LOCAL GOVERNMENT AND CHIEFTAINCY AFFAIRS,23010114,PURCHASE OF COMPUTER PRINTERS,70133,OTHER GENERAL SERVICES,20530200,BAUCHI,13100123035400,Reform of Government and Governance - General
Purchase of 10 nos. of Photocopying Machines,5000000.0,5000000.0,854000.0,3000000.0,0.0,358,0.59548,0.61396,055100100100,MINISTRY FOR LOCAL GOVERNMENT AND CHIEFTAINCY AFFAIRS,23010115,PURCHASE OF PHOTOCOPYING MACHINES,70133,OTHER GENERAL SERVICES,20530200,BAUCHI,13100123035500,Reform of Government and Governance - General
Pruchase of 10 nos. of Scanners,5000000.0,5000000.0,600000.0,2000000.0,0.0,358,0.6064,0.62487,055100100100,MINISTRY FOR LOCAL GOVERNMENT AND CHIEFTAINCY AFFAIRS,23010118,PURCHASE OF SCANNERS,70133,OTHER GENERAL SERVICES,20530200,BAUCHI,13100123035600,Reform of Government and Governance - General
Purchase of 60 Nos. of Executive Cushion Sets and 60 Nos. of Tables for the VIPs Residences,35000000.0,35000000.0,0.0,40500000.0,0.0,358,0.61732,0.63579,055100100100,MINISTRY FOR LOCAL GOVERNMENT AND CHIEFTAINCY AFFAIRS,23010112,PURCHASE OF OFFICE FURNITURE AND FITTINGS,70133,OTHER GENERAL SERVICES,20530200,BAUCHI,13100123035700,Reform of Government and Governance - General
Construction of 14 Nos. New Palaces for the New Emirs in the State,35000000.0,35000000.0,0.0,2002228154.2,0.0,358,0.62823,0.64671,055100100100,MINISTRY FOR LOCAL GOVERNMENT AND CHIEFTAINCY AFFAIRS,23020102,CONSTRUCTION / PROVISION OF RESIDENTIAL BUILDINGS,70133,OTHER GENERAL SERVICES,20542400,STATE WIDE,13100123035800,Reform of Government and Governance - General
Rehabilitation/ Renovation of 20 LG Secretariats,35000000.0,35000000.0,0.0,0.0,0.0,358,0.63831,0.65679,055100100100,MINISTRY FOR LOCAL GOVERNMENT AND CHIEFTAINCY AFFAIRS,23030121,REHABILITATION / REPAIRS OF OFFICE BUILDINGS,70133,OTHER GENERAL SERVICES,20542400,STATE WIDE,13100123035900,Reform of Government and Governance - General
Rehabillitation of Dass Area Office Residential Building,15000000.0,15000000.0,0.0,40500000.0,0.0,358,0.64923,0.66771,055100100100,MINISTRY FOR LOCAL GOVERNMENT AND CHIEFTAINCY AFFAIRS,23030101,REHABILITATION / REPAIRS OF RESIDENTIAL BUILDING,70133,OTHER GENERAL SERVICES,20530600,DASS,13100123036000,Reform of Government and Governance - General
Routine Supervision and Inspection of Local Government Areas of the State.,5000000.0,5000000.0,3200000.0,5000000.0,0.0,358,0.66015,0.67863,055100100100,MINISTRY FOR LOCAL GOVERNMENT AND CHIEFTAINCY AFFAIRS,23050103,MONITORING AND EVALUATION,70133,OTHER GENERAL SERVICES,20542400,STATE WIDE,13100123036100,Reform of Government and Governance - General
Construction of 137 Nos. of Palaces for the District Heads,4610000000.0,3110000000.0,2845700145.0,5697771845.8,0.0,358,0.67023,0.68871,055100100100,MINISTRY FOR LOCAL GOVERNMENT AND CHIEFTAINCY AFFAIRS,23020102,CONSTRUCTION / PROVISION OF RESIDENTIAL BUILDINGS,70133,OTHER GENERAL SERVICES,20542400,STATE WIDE,13100123036200,Reform of Government and Governance - General
Purchase of 1 Nos. of 18 Seater Toyota Commuter Bus,0.0,0.0,0.0,45000000.0,0.0,358,0.68115,0.69962,055100100100,MINISTRY FOR LOCAL GOVERNMENT AND CHIEFTAINCY AFFAIRS,23010108,PURCHASE OF BUSES,70133,OTHER GENERAL SERVICES,20530200,BAUCHI,13100126001900,Reform of Government and Governance - General
Purchase of 42 Nos. of Vehicles for New Emirs and Chiefs in the State,0.0,0.0,0.0,2056108000.0,0.0,358,0.69206,0.71054,055100100100,MINISTRY FOR LOCAL GOVERNMENT AND CHIEFTAINCY AFFAIRS,23010105,PURCHASE OF MOTOR VEHICLES,70133,OTHER GENERAL SERVICES,20530200,BAUCHI,13100126002000,Reform of Government and Governance - General
Purchase of 130 Nos. of Motor Vehicles for Districts Heads in the State,0.0,0.0,0.0,4943982000.0,0.0,358,0.70298,0.72146,055100100100,MINISTRY FOR LOCAL GOVERNMENT AND CHIEFTAINCY AFFAIRS,23010105,PURCHASE OF MOTOR VEHICLES,70133,OTHER GENERAL SERVICES,20530200,BAUCHI,13100126002100,Reform of Government and Governance - General
Construction of 548 Nos. of Houses for Village Heads in the State,0.0,0.0,0.0,14827562291.79,0.0,358,0.71306,0.73154,055100100100,MINISTRY FOR LOCAL GOVERNMENT AND CHIEFTAINCY AFFAIRS,23020102,CONSTRUCTION / PROVISION OF RESIDENTIAL BUILDINGS,70133,OTHER GENERAL SERVICES,20530200,BAUCHI,13100126002200,Reform of Government and Governance - General
Purchase of Three (3) 18 Seater Toyota Bus,50000000.0,50000000.0,0.0,0.0,0.0,358,0.76681,0.78529,055400100100,MINISTRY OF HUMANITARIAN AND DISASTER MANAGEMENT,23010105,PURCHASE OF MOTOR VEHICLES,71041,FAMILY AND CHILDREN,20530200,BAUCHI,03100123000100,Poverty Alleviation - General
Purchase of 10 Units Executive Tables & Chairs for the Principal Officers,3000000.0,3000000.0,0.0,3500000.0,0.0,358,0.77773,0.79621,055400100100,MINISTRY OF HUMANITARIAN AND DISASTER MANAGEMENT,23010112,PURCHASE OF OFFICE FURNITURE AND FITTINGS,71041,FAMILY AND CHILDREN,20530200,BAUCHI,03100123000200,Poverty Alleviation - General
Purchase of 7 Units Office Tables & Chairs for the Staff,2500000.0,2500000.0,0.0,2800000.0,0.0,358,0.78781,0.80629,055400100100,MINISTRY OF HUMANITARIAN AND DISASTER MANAGEMENT,23010112,PURCHASE OF OFFICE FURNITURE AND FITTINGS,71041,FAMILY AND CHILDREN,20530200,BAUCHI,03100123000300,Poverty Alleviation - General
Purchase of 3nos. Of Hp Laptops Computers for the Staff.,2500000.0,2500000.0,0.0,0.0,0.0,358,0.79873,0.81721,055400100100,MINISTRY OF HUMANITARIAN AND DISASTER MANAGEMENT,23010113,PURCHASE OF COMPUTERS,71041,FAMILY AND CHILDREN,20530200,BAUCHI,03100123000400,Poverty Alleviation - General
Purchase of 6nos. Of Hp Desktop for the Staff.,2500000.0,2500000.0,0.0,0.0,0.0,358,0.80965,0.82813,055400100100,MINISTRY OF HUMANITARIAN AND DISASTER MANAGEMENT,23010113,PURCHASE OF COMPUTERS,71041,FAMILY AND CHILDREN,20530200,BAUCHI,03100123000500,Poverty Alleviation - General
Purchase of 5nos. Of Hp Computer Printers.,1500000.0,1500000.0,0.0,0.0,0.0,358,0.82057,0.83904,055400100100,MINISTRY OF HUMANITARIAN AND DISASTER MANAGEMENT,23010114,PURCHASE OF COMPUTER PRINTERS,71041,FAMILY AND CHILDREN,20530200,BAUCHI,03100123000600,Poverty Alleviation - General
Purchase of 3Nos. Of Sharp Photo Copying Machines.,1500000.0,1500000.0,0.0,0.0,0.0,358,0.83065,0.84912,055400100100,MINISTRY OF HUMANITARIAN AND DISASTER MANAGEMENT,23010115,PURCHASE OF PHOTOCOPYING MACHINES,71041,FAMILY AND CHILDREN,20530200,BAUCHI,03100123000700,Poverty Alleviation - General
Purchase of 2 Nos. of Shredding Machines.,200000.0,200000.0,0.0,0.0,0.0,358,0.84156,0.86004,055400100100,MINISTRY OF HUMANITARIAN AND DISASTER MANAGEMENT,23010117,PURCHASE OF SHREDDING MACHINES,71041,FAMILY AND CHILDREN,20530200,BAUCHI,03100123000800,Poverty Alleviation - General
Purchase of 2 Nos. of Scanners Machines.,350000.0,350000.0,0.0,0.0,0.0,358,0.85248,0.87096,055400100100,MINISTRY OF HUMANITARIAN AND DISASTER MANAGEMENT,23010118,PURCHASE OF SCANNERS,71041,FAMILY AND CHILDREN,20530200,BAUCHI,03100123000900,Poverty Alleviation - General
Purchase of 1 Nos. KVA Generator Sets.,2500000.0,2500000.0,0.0,3000000.0,0.0,358,0.86256,0.88104,055400100100,MINISTRY OF HUMANITARIAN AND DISASTER MANAGEMENT,23010119,PURCHASE OF POWER GENERATING SET,71041,FAMILY AND CHILDREN,20530200,BAUCHI,03100123001000,Poverty Alleviation - General
"Purchase of Security equipment (Materials, Gadgets, and Dictators).",15000000.0,15000000.0,0.0,15000000.0,0.0,358,0.87348,0.89196,055400100100,MINISTRY OF HUMANITARIAN AND DISASTER MANAGEMENT,23010128,PURCHASE OF SECURITY EQUIPMENT,71041,FAMILY AND CHILDREN,20530200,BAUCHI,03100123001100,Poverty Alleviation - General
Purchase and Supply of Skills Acquisition Equipment for Youth Empowerment.,350000000.0,350000000.0,0.0,450000000.0,0.0,358,0.8844,0.90288,055400100100,MINISTRY OF HUMANITARIAN AND DISASTER MANAGEMENT,23010129,PURCHASE OF INDUSTRIAL EQUIPMENT,71041,FAMILY AND CHILDREN,20542400,STATE WIDE,03100123001200,Poverty Alleviation - General
Purchase and Supply of Skill Empowerment Equipment in the State through the Social Safety Net Progra,1500000000.0,500000000.0,0.0,2000000000.0,0.0,358,0.89532,0.91379,055400100100,MINISTRY OF HUMANITARIAN AND DISASTER MANAGEMENT,23010129,PURCHASE OF INDUSTRIAL EQUIPMENT 71041 - FAMILY AND CHILDREN,,mme,20542400,STATE WIDE,03100123001300,Poverty Alleviation - General
Provision of Infrastructure for the Internally Displaced Host Communities through the World Bank Project 'SOLID',0.0,0.0,0.0,500000000.0,0.0,359,0.09323,0.1117,055400100100,MINISTRY OF HUMANITARIAN AND DISASTER MANAGEMENT,23020118,CONSTRUCTION / PROVISION OF INFRASTRUCTURE,71041,FAMILY AND CHILDREN,20542400,STATE WIDE,03100123001300,Poverty Alleviation - General
Purchase of 1 No. Fire Fighting Motor Vehicle,0.0,0.0,0.0,150000000.0,0.0,359,0.14698,0.16546,055400200100,STATE EMERGENCY MANAGEMENT AGENCY,23010107,PURCHASE OF TRUCKS,71031,SURVIVORS,20542400,STATE WIDE,13100125002400,Reform of Government and Governance - General
Construction of Residential Houses for Victims of Disaster.,65000000.0,75000000.0,0.0,160000000.0,0.0,359,0.1579,0.17638,055400200100,STATE EMERGENCY MANAGEMENT AGENCY,23020118,CONSTRUCTION / PROVISION OF INFRASTRUCTURE,71031,SURVIVORS,20542400,STATE WIDE,13100123001300,Reform of Government and Governance - General
Purchase of Household Materials and Intensils to Cushion the Effect of COVID-19.,250000000.0,400000000.0,0.0,0.0,0.0,359,0.16798,0.18645,055400200100,STATE EMERGENCY MANAGEMENT AGENCY,23010143,PURCHASE OF BEDDINGS/CLOTHING MATERIALS,71031,SURVIVORS,20542400,STATE WIDE,13100123001400,Reform of Government and Governance - General
Repairs of Houses Affected by Natural and Man Made Disaster.,45000000.0,85000000.0,0.0,0.0,0.0,359,0.1789,0.19737,055400200100,STATE EMERGENCY MANAGEMENT AGENCY,23030103,REHABILITATION / REPAIRS - HOUSING,71031,SURVIVORS,20542400,STATE WIDE,13100123001500,Reform of Government and Governance - General
Purchase and Provision of Clothing and Bedding Materials for Victims of Disasters.,200000000.0,250000000.0,0.0,500000000.0,0.0,359,0.18981,0.20829,055400200100,STATE EMERGENCY MANAGEMENT AGENCY,23030101,REHABILITATION / REPAIRS OF RESIDENTIAL BUILDING,71031,SURVIVORS,20542400,STATE WIDE,13100123001600,Reform of Government and Governance - General
Repairs and Renovation of Fire Fighting Station Bauchi Town of Bauchi State.,0.0,100000000.0,0.0,35000000.0,0.0,359,0.20073,0.21921,055400200100,STATE EMERGENCY MANAGEMENT AGENCY,23030121,REHABILITATION / REPAIRS OF OFFICE BUILDINGS,71031,SURVIVORS,20542400,STATE WIDE,13100125002500,Reform of Government and Governance - General
Repairs and Renovation of Fire Fighting Station in Misau LGA of Bauchi State.,0.0,10000000.0,0.0,35000000.0,0.0,359,0.21081,0.22929,055400200100,STATE EMERGENCY MANAGEMENT AGENCY,23030121,REHABILITATION / REPAIRS OF OFFICE BUILDINGS,71031,SURVIVORS,20542400,STATE WIDE,13100125002600,Reform of Government and Governance - General
Repairs and Renovation of Fire Fighting Station in Azare Katagum LGA of Bauchi State.,0.0,5000000.0,0.0,35000000.0,0.0,359,0.22173,0.24021,055400200100,STATE EMERGENCY MANAGEMENT AGENCY,23030121,REHABILITATION / REPAIRS OF OFFICE BUILDINGS,71031,SURVIVORS,20542400,STATE WIDE,13100125002700,Reform of Government and Governance - General
Purchase of Fire Fighting Equipment and Chemicals for the Prevention of Fire Disaster.,0.0,0.0,0.0,10000000.0,0.0,359,0.23265,0.25113,055400200100,STATE EMERGENCY MANAGEMENT AGENCY,23010123,PURCHASE OF FIRE FIGHTING EQUIPMENT,71031,SURVIVORS,20542400,STATE WIDE,13100125002800,Reform of Government and Governance - General
Dredging of Water Storage Reservoirs for Emergency Water Supply,0.0,0.0,0.0,5000000.0,0.0,359,0.24273,0.2612,055400200100,STATE EMERGENCY MANAGEMENT AGENCY,23020105,CONSTRUCTION / PROVISION OF WATER FACILITIES,71031,SURVIVORS,20542400,STATE WIDE,13100125002900,Reform of Government and Governance - General
Construction of New Fire Station at Awalah,0.0,0.0,0.0,30000000.0,0.0,359,0.25365,0.27212,055400200100,STATE EMERGENCY MANAGEMENT AGENCY,23020101,CONSTRUCTION / PROVISION OF OFFICE BUILDINGS,71031,SURVIVORS,20542400,STATE WIDE,13100125003000,Reform of Government and Governance - General
Construction of New Fire Station at Railway,0.0,0.0,0.0,30000000.0,0.0,359,0.26456,0.28304,055400200100,STATE EMERGENCY MANAGEMENT AGENCY,23020101,CONSTRUCTION / PROVISION OF OFFICE BUILDINGS,71031,SURVIVORS,20542400,STATE WIDE,13100125003100,Reform of Government and Governance - General
Construction of New Fire Station at Yelwa,0.0,0.0,0.0,30000000.0,0.0,359,0.27548,0.29396,055400200100,STATE EMERGENCY MANAGEMENT AGENCY,23020101,CONSTRUCTION / PROVISION OF OFFICE BUILDINGS,71031,SURVIVORS,20542400,STATE WIDE,13100125003200,Reform of Government and Governance - General
Construction of New Fire Station at Azare,0.0,0.0,0.0,30000000.0,0.0,359,0.28556,0.30404,055400200100,STATE EMERGENCY MANAGEMENT AGENCY,23020101,CONSTRUCTION / PROVISION OF OFFICE BUILDINGS,71031,SURVIVORS,20521200,KATAGUM,13100125003300,Reform of Government and Governance - General
Purchase of 20 nos. Motor Cycles for Routine Official Assignments,41044400.0,41044400.0,0.0,0.0,0.0,359,0.33931,0.35779,055400300100,BAUCHI STATE SOCIAL INVESTMENT PROGRAMME (SIP),23010104,PURCHASE MOTOR CYCLES,71091,SOCIAL PROTECTION N.E.C.,20530200,BAUCHI,03100123001700,Poverty Alleviation - General
Provision of Chairs and Tables in 4 Offices,10000000.0,10000000.0,0.0,1500000.0,0.0,359,0.35023,0.36871,055400300100,BAUCHI STATE SOCIAL INVESTMENT PROGRAMME (SIP),23010112,PURCHASE OF OFFICE FURNITURE AND FITTINGS,71091,SOCIAL PROTECTION N.E.C.,20530200,BAUCHI,03100123001800,Poverty Alleviation - General
Purchase of 4 nos. Laptops Computer for the Staff,3500000.0,3500000.0,0.0,0.0,0.0,359,0.36031,0.37879,055400300100,BAUCHI STATE SOCIAL INVESTMENT PROGRAMME (SIP),23010113,PURCHASE OF COMPUTERS,71091,SOCIAL PROTECTION N.E.C.,20530200,BAUCHI,03100123001900,Poverty Alleviation - General
Purchase of 4 nos. Computers Printers,750000.0,750000.0,0.0,0.0,0.0,359,0.37123,0.38971,055400300100,BAUCHI STATE SOCIAL INVESTMENT PROGRAMME (SIP),23010114,PURCHASE OF COMPUTER PRINTERS,71091,SOCIAL PROTECTION N.E.C.,20530200,BAUCHI,03100123002000,Poverty Alleviation - General
Purchase of 2 nos. of Sharp Photocopy Machines,1500000.0,1500000.0,0.0,0.0,0.0,359,0.38215,0.40062,055400300100,BAUCHI STATE SOCIAL INVESTMENT PROGRAMME (SIP),23010115,PURCHASE OF PHOTOCOPYING MACHINES,71091,SOCIAL PROTECTION N.E.C.,20530200,BAUCHI,03100123002100,Poverty Alleviation - General
Purchase and Supply of 2 nos. Shredding Machines,500000.0,500000.0,0.0,0.0,0.0,359,0.39307,0.41154,055400300100,BAUCHI STATE SOCIAL INVESTMENT PROGRAMME (SIP),23010117,PURCHASE OF SHREDDING MACHINES,71091,SOCIAL PROTECTION N.E.C.,20530200,BAUCHI,03100123002200,Poverty Alleviation - General
Purchase and Supply of 1 Mikano Generating Plant.,1500000.0,1500000.0,0.0,5000000.0,0.0,359,0.40314,0.42162,055400300100,BAUCHI STATE SOCIAL INVESTMENT PROGRAMME (SIP),23010119,PURCHASE OF POWER GENERATING SET,71091,SOCIAL PROTECTION N.E.C.,20530200,BAUCHI,03100123002300,Poverty Alleviation - General
Purchase of 5 Units Fire Extinguishers and other Fighting Equipment,500000.0,500000.0,0.0,500000.0,0.0,359,0.41406,0.43254,055400300100,BAUCHI STATE SOCIAL INVESTMENT PROGRAMME (SIP),23010123,PURCHASE OF FIRE FIGHTING EQUIPMENT,71091,SOCIAL PROTECTION N.E.C.,20530200,BAUCHI,03100123002400,Poverty Alleviation - General
Purchase of Skills Acquisition Equipment for Women,20000000.0,20000000.0,0.0,0.0,0.0,359,0.42498,0.44346,055400300100,BAUCHI STATE SOCIAL INVESTMENT PROGRAMME (SIP),23010124,PURCHASE OF TEACHING / LEARNING AID EQUIPMENT,71091,SOCIAL PROTECTION N.E.C.,20542400,STATE WIDE,03100123002500,Poverty Alleviation - General
Purchase and Supply of Materials and Skills Equipment for Poverty Alleviation by the FGN,50000000.0,50000000.0,0.0,0.0,0.0,359,0.43506,0.45354,055400300100,BAUCHI STATE SOCIAL INVESTMENT PROGRAMME (SIP),23010124,PURCHASE OF TEACHING / LEARNING AID EQUIPMENT,71091,SOCIAL PROTECTION N.E.C.,20542400,STATE WIDE,03100123002600,Poverty Alleviation - General
Purchase and Supply of Materials and Skills Equipment for Poverty Alleviation,20000000.0,20000000.0,0.0,0.0,0.0,359,0.44598,0.46446,055400300100,BAUCHI STATE SOCIAL INVESTMENT PROGRAMME (SIP),23010124,PURCHASE OF TEACHING / LEARNING AID EQUIPMENT,71091,SOCIAL PROTECTION N.E.C.,20542400,STATE WIDE,03100123002700,Poverty Alleviation - General
Purchase and Supply of Agricultural Equipment for Women Poultry Empowerment Programme,15000000.0,15000000.0,0.0,0.0,0.0,359,0.4569,0.47537,055400300100,BAUCHI STATE SOCIAL INVESTMENT PROGRAMME (SIP),23010127,PURCHASE OF AGRICULTURAL EQUIPMENT,71091,SOCIAL PROTECTION N.E.C.,20542400,STATE WIDE,03100123002800,Poverty Alleviation - General
Purchase and Supply Household Materials and Equipment to Poor & Vulnerable for Addressing Hardship through Nigeria Community Action for Resilience and Economic Stimulus NG-CARES Project,450000000.0,100000000.0,0.0,1000000000.0,0.0,359,0.46782,0.48629,055400300100,BAUCHI STATE SOCIAL INVESTMENT PROGRAMME (SIP),23020118,CONSTRUCTION / PROVISION OF INFRASTRUCTURE,71091,SOCIAL PROTECTION N.E.C.,20542400,STATE WIDE,03100123002900,Poverty Alleviation - General
Purchase of Equipments and Materials through Social Investment Programme (SIP),40000000.0,40000000.0,0.0,0.0,0.0,359,0.47789,0.49637,055400300100,BAUCHI STATE SOCIAL INVESTMENT PROGRAMME (SIP),23010124,PURCHASE OF TEACHING / LEARNING AID EQUIPMENT,71091,SOCIAL PROTECTION N.E.C.,20542400,STATE WIDE,03100123003000,Poverty Alleviation - General
Purchase and Supply of 10 Units Executive Chairs and Tables for SDGs Office,20000000.0,20000000.0,0.0,3000000.0,0.0,359,0.53165,0.55012,055400400100,SUSTAINABLE DEVELOPMENT GOALS (SDGs),23010112,PURCHASE OF OFFICE FURNITURE AND FITTINGS,71041,FAMILY AND CHILDREN,20530200,BAUCHI,03100123003100,Poverty Alleviation - General
Purchase of 2 Laptops and 4 Desktops Computers for SSG'S Office.,3000000.0,8000000.0,0.0,0.0,0.0,359,0.54257,0.56104,055400400100,SUSTAINABLE DEVELOPMENT GOALS (SDGs),23010113,PURCHASE OF COMPUTERS,71041,FAMILY AND CHILDREN,20530200,BAUCHI,03100123003200,Poverty Alleviation - General
Construction and Provisions of Classrooms to designated Schools Across the State through the Implementation of Programmes and Projects of SDG (Sustainable Development Goals),100000000.0,100000000.0,0.0,50000000.0,0.0,359,0.55264,0.57112,055400400100,SUSTAINABLE DEVELOPMENT GOALS (SDGs),23020107,CONSTRUCTION / PROVISION OF PUBLIC SCHOOLS,71041,FAMILY AND CHILDREN,20542400,STATE WIDE,03100123003300,Poverty Alleviation - General
Construction and Provisions of Health Centres Across the State to Implement SDGs Projects,100000000.0,100000000.0,0.0,50000000.0,0.0,359,0.56356,0.58204,055400400100,SUSTAINABLE DEVELOPMENT GOALS (SDGs),23020106,CONSTRUCTION / PROVISION OF HOSPITALS / HEALTH CENTRES,71041,FAMILY AND CHILDREN,20542400,STATE WIDE,03100123003400,Poverty Alleviation - General
"Construction and Provisions of Public Toilets in Markets, Schools, and Hospitals Across the State to Implementation of WASH Programmes and Projects.",50000000.0,60000000.0,0.0,20000000.0,0.0,359,0.57448,0.59296,055400400100,SUSTAINABLE DEVELOPMENT GOALS (SDGs),23020118,CONSTRUCTION / PROVISION OF INFRASTRUCTURE,71041,FAMILY AND CHILDREN,20542400,STATE WIDE,03100123003500,Poverty Alleviation - General
Construction and Provisions of Hand Pump Boreholes Water Facilities Across the State to Implement SDGs Projects,50000000.0,100000000.0,0.0,20000000.0,0.0,359,0.5854,0.60388,055400400100,SUSTAINABLE DEVELOPMENT GOALS (SDGs),23020105,CONSTRUCTION / PROVISION OF WATER FACILITIES,71041,FAMILY AND CHILDREN,20542400,STATE WIDE,03100123003600,Poverty Alleviation - General
Construction and Provisions of Solar Power Boreholes Water Facilities Across the State to Implement SDGs Projects,50000000.0,100000000.0,0.0,20000000.0,0.0,359,0.59548,0.61396,055400400100,SUSTAINABLE DEVELOPMENT GOALS (SDGs),23020105,CONSTRUCTION / PROVISION OF WATER FACILITIES,71041,FAMILY AND CHILDREN,20542400,STATE WIDE,03100123003700,Poverty Alleviation - General
Rehabilitation and Repairs of SDGs Existing Schools Buildings Projects Across the State,50000000.0,50000000.0,0.0,150000000.0,0.0,359,0.6064,0.62487,055400400100,SUSTAINABLE DEVELOPMENT GOALS (SDGs),23030106,REHABILITATION / REPAIRS - PUBLIC SCHOOLS,71041,FAMILY AND CHILDREN,20542400,STATE WIDE,03100123003800,Poverty Alleviation - General
Rehabilitation and Repairs of SDGs Existing Health Centres Projects Across the State,50000000.0,55000000.0,0.0,150000000.0,50000000.0,359,0.61732,0.63579,055400400100,SUSTAINABLE DEVELOPMENT GOALS (SDGs),23030105,REHABILITATION / REPAIRS - HOSPITAL / HEALTH CENTRES,71041,FAMILY AND CHILDREN,20542400,STATE WIDE,03100123003900,Poverty Alleviation - General
Rehabilitation and Repairs of SDGs Existing WASH Facilities Projects Across the State,50000000.0,65000000.0,0.0,150000000.0,50000000.0,359,0.62823,0.64671,055400400100,SUSTAINABLE DEVELOPMENT GOALS (SDGs),23030104,REHABILITATION / REPAIRS - WATER FACILITIES,71041,FAMILY AND CHILDREN,20542400,STATE WIDE,03100123004000,Poverty Alleviation - General
Rehabilitation and Repairs of SDGs Office in Bauchi.,50000000.0,50000000.0,0.0,50000000.0,0.0,359,0.63831,0.65679,055400400100,SUSTAINABLE DEVELOPMENT GOALS (SDGs),23030121,REHABILITATION / REPAIRS OF OFFICE BUILDINGS,71041,FAMILY AND CHILDREN,20530200,BAUCHI,03100123004100,Poverty Alleviation - General
"Purchase and Supply of Household Materials, Advocacy and Campaigns to mark Special Days.",65000000.0,65000000.0,0.0,65000000.0,0.0,359,0.64923,0.66771,055400400100,SUSTAINABLE DEVELOPMENT GOALS (SDGs),23050101,RESEARCH AND DEVELOPMENT,71041,FAMILY AND CHILDREN,20542400,STATE WIDE,03100123004200,Poverty Alleviation - General
Supervision and Inspection of State SDGs Programmes and Projects in the State,10000000.0,20360000.0,0.0,20360000.0,0.0,359,0.66015,0.67863,055400400100,SUSTAINABLE DEVELOPMENT GOALS (SDGs),23050103,MONITORING AND EVALUATION,71041,FAMILY AND CHILDREN,20542400,STATE WIDE,03100123004300,Poverty Alleviation - General
SMART Irrigation Scheme And Provition Of Small Rumnants For Livelihood Empowerment,0.0,250000000.0,0.0,250000000.0,0.0,359,0.67023,0.68871,055400400100,SUSTAINABLE DEVELOPMENT GOALS (SDGs),23010144,PURCHASE OF LIVESTOCKS,71041,FAMILY AND CHILDREN,20542400,STATE WIDE,03100125000400,Poverty Alleviation - General
AUDA - NEPAD Africa Union Development Partnership For Development Project,0.0,250000000.0,0.0,500000000.0,0.0,359,0.68115,0.69962,055400400100,SUSTAINABLE DEVELOPMENT GOALS (SDGs),23020118,CONSTRUCTION / PROVISION OF INFRASTRUCTURE,71041,FAMILY AND CHILDREN,20542400,STATE WIDE,03100125000500,Poverty Alleviation - General
Purchase of Office Furniture ( 30 No. Executive Tables & Chairs) for Blind Workshops Across the state,40000000.0,40000000.0,0.0,8000000.0,0.0,359,0.7349,0.75338,055400500100,AGENCY FOR PERSONS WITH DISABILITY,23010112,PURCHASE OF OFFICE FURNITURE AND FITTINGS,71012,DISABILITY,20542400,STATE WIDE,07100123000100,Gender - General
Purchase of 10 No. Shredding Machines.,4210000.0,4210000.0,0.0,0.0,0.0,359,0.74498,0.76345,055400500100,AGENCY FOR PERSONS WITH DISABILITY,23010129,PURCHASE OF INDUSTRIAL EQUIPMENT,71012,DISABILITY,20542400,STATE WIDE,07100123000200,Gender - General
Purchase of equipment for training of the blind in the state,25000000.0,25000000.0,0.0,5000000.0,0.0,359,0.7559,0.77437,055400500100,AGENCY FOR PERSONS WITH DISABILITY,23010129,PURCHASE OF INDUSTRIAL EQUIPMENT,71012,DISABILITY,20542400,STATE WIDE,07100123000300,Gender - General
Purchase of 3 Units Power Generating Set for Blind Workshop,12500000.0,12500000.0,0.0,25000000.0,0.0,359,0.76681,0.78529,055400500100,AGENCY FOR PERSONS WITH DISABILITY,23010119,PURCHASE OF POWER GENERATING SET,71012,DISABILITY,20530200,BAUCHI,07100123000400,Gender - General
Construction of Blind Workshop in Misau,50000000.0,50000000.0,0.0,2500000.0,0.0,359,0.77773,0.79621,055400500100,AGENCY FOR PERSONS WITH DISABILITY,23020101,CONSTRUCTION / PROVISION OF OFFICE BUILDINGS,71012,DISABILITY,20511400,MISAU,07100123000500,Gender - General
Construction of Blind Workshop in Dass,50000000.0,50000000.0,0.0,50000000.0,0.0,359,0.78781,0.80629,055400500100,AGENCY FOR PERSONS WITH DISABILITY,23020101,CONSTRUCTION / PROVISION OF OFFICE BUILDINGS,71012,DISABILITY,20530600,DASS,07100123000600,Gender - General
Construction of wall fencing of Blind Workshop Ningi,50000000.0,50000000.0,0.0,50000000.0,0.0,359,0.79873,0.81721,055400500100,AGENCY FOR PERSONS WITH DISABILITY,23020101,CONSTRUCTION / PROVISION OF OFFICE BUILDINGS,71012,DISABILITY,20511500,NINGI,07100123000700,Gender - General
Rehabilitation/Repairs of Blind Workshops Azare,35000000.0,35000000.0,0.0,70000000.0,0.0,359,0.80965,0.82813,055400500100,AGENCY FOR PERSONS WITH DISABILITY,23030121,REHABILITATION / REPAIRS OF OFFICE BUILDINGS,71012,DISABILITY,20521200,KATAGUM,07100123000800,Gender - General
Rehabilitation/Repairs of Blind Workshops Bauchi,50000000.0,50000000.0,0.0,60000000.0,0.0,359,0.82057,0.83904,055400500100,AGENCY FOR PERSONS WITH DISABILITY,23030121,REHABILITATION / REPAIRS OF OFFICE BUILDINGS,71012,DISABILITY,20530200,BAUCHI,07100123000900,Gender - General
Purchase of Instructional Materials to Facilitate Teaching and Learning.,35000000.0,35000000.0,0.0,50000000.0,0.0,359,0.83065,0.84912,055400500100,AGENCY FOR PERSONS WITH DISABILITY,23010124,PURCHASE OF TEACHING / LEARNING AID EQUIPMENT,71012,DISABILITY,20542400,STATE WIDE,07100123001000,Gender - General
Supervision of Programmes and Projects for People Living with Disabilities.,3000000.0,3000000.0,0.0,2000000.0,0.0,359,0.84156,0.86004,055400500100,AGENCY FOR PERSONS WITH DISABILITY,23050103,MONITORING AND EVALUATION,71012,DISABILITY,20542400,STATE WIDE,07100123001100,Gender - General
Construction of Special School for People Living with Disability at Azare in Katagum LGA,0.0,0.0,0.0,350000000.0,0.0,359,0.85248,0.87096,055400500100,AGENCY FOR PERSONS WITH DISABILITY,23020101,CONSTRUCTION / PROVISION OF OFFICE BUILDINGS,71012,DISABILITY,20521200,KATAGUM,07100123001000,Gender - General
Construction of Special School for People Living with Disability at Misau LGA,0.0,0.0,0.0,350000000.0,0.0,359,0.86256,0.88104,055400500100,AGENCY FOR PERSONS WITH DISABILITY,23020101,CONSTRUCTION / PROVISION OF OFFICE BUILDINGS,71012,DISABILITY,20511400,MISAU,07100123001100,Gender - General
Purchase and Distribution of Farm Implements to People Living with Disabilities in order to Boost Agricu,0.0,0.0,0.0,50000000.0,0.0,359,0.87348,0.89196,055400500100,AGENCY FOR PERSONS WITH DISABILITY,23010129,PURCHASE OF INDUSTRIAL EQUIPMENT 71012 - DISABILITY,,ltural Activities,20542400,STATE WIDE,07100123001000,Gender - General
Purchase and Provision of Skill Acquisition Equipment for Economic Empowerment of People Living with,0.0,0.0,0.0,50000000.0,0.0,359,0.8844,0.90288,055400500100,AGENCY FOR PERSONS WITH DISABILITY,23010129,PURCHASE OF INDUSTRIAL EQUIPMENT 71012 - DISABILITY,,Disabilities.,20542400,STATE WIDE,07100123001100,Gender - General
International Day for the Celebration of People with Disability,0.0,0.0,0.0,30000000.0,0.0,359,0.89532,0.91379,055400500100,AGENCY FOR PERSONS WITH DISABILITY,23050104,ANNIVERSARIES/CELEBRATIONS,71012,DISABILITY,20542400,STATE WIDE,07100123001000,Gender - General
Purchase and Provision of Health Facilities for Persons with Disabilities in the State (SURWASH Project),0.0,0.0,0.0,300000000.0,0.0,360,0.09323,0.1117,055400500100,AGENCY FOR PERSONS WITH DISABILITY,23010122,PURCHASE OF HEALTH / MEDICAL EQUIPMENT,71012,DISABILITY,20542400,STATE WIDE,07100123001000,Gender - General
Purchase and Provision of Education Facilities for Persons with Disabilities in the State (SURWASH Project),0.0,0.0,0.0,300000000.0,0.0,360,0.10415,0.12262,055400500100,AGENCY FOR PERSONS WITH DISABILITY,23010124,PURCHASE OF TEACHING / LEARNING AID EQUIPMENT,71012,DISABILITY,20542400,STATE WIDE,07100123001000,Gender - General
Purchase and Provision of Empowerment Materials for Persons with Disabilities in the State (SURWASH,0.0,0.0,0.0,150000000.0,0.0,360,0.11506,0.13354,055400500100,AGENCY FOR PERSONS WITH DISABILITY,23010129,PURCHASE OF INDUSTRIAL EQUIPMENT 71012 - DISABILITY,,Project),20542400,STATE WIDE,07100123001000,Gender - General
