project,amt_2024_actual,amt_2025_approved,amt_2025_revised,amt_2025_perf,amt_2026_approved,amt_2026_tag_climate,amt_2026_tag_nutrition,source_page,page_y_top,page_y_bottom,mda_code,mda_name,economic_code,economic_name,function_code,function_name,location_code,location_name,program_code,program_name
Purchase of 8No of Toyota Hilux For Security operations within the state.,0.0,400000000.0,400000000.0,280000000.0,800000000.0,0.0,0.0,209,0.11438,0.13235,011100100100,GOVERNMENT HOUSE,23010105,PURCHASE OF MOTOR VEHICLES,70361,PUBLIC ORDER AND SAFETY N.E.C.,20842800,State wide,13100123000100,Reform of Government and Governance - General
"Purchase of 60No. Sets Of Tables, 40 No of Visitors Chairs And 10 No. of Cushion Chairs in the Government House.",0.0,400000000.0,400000000.0,74357000.0,900000000.0,0.0,0.0,209,0.12255,0.14052,011100100100,GOVERNMENT HOUSE,23010112,PURCHASE OF OFFICE FURNITURE AND FITTINGS,70111,EXECUTIVE AND LEGISLATIVE ORGANS,20822100,MAIDUGURI METRO,13100124000100,Reform of Government and Governance - General
Purchase of 30 No. Sets Of Desktop Computers For New Offices In The Government House,0.0,5250000.0,5250000.0,0.0,20000000.0,0.0,0.0,209,0.13072,0.14869,011100100100,GOVERNMENT HOUSE,23010113,PURCHASE OF COMPUTERS,70111,EXECUTIVE AND LEGISLATIVE ORGANS,20822100,MAIDUGURI METRO,13100123000200,Reform of Government and Governance - General
Purchase of 3 No. of Sharp MX360 computer printers and 2 No of Laserjet Printer in the Government House.,0.0,3200000.0,3200000.0,750000.0,10000000.0,0.0,0.0,209,0.13889,0.15686,011100100100,GOVERNMENT HOUSE,23010114,PURCHASE OF COMPUTER PRINTERS,70111,EXECUTIVE AND LEGISLATIVE ORGANS,20822100,MAIDUGURI METRO,13100123000300,Reform of Government and Governance - General
Purchase of 10 No of Hp Laser jet M477 Coloured Photocopier in the Government House.,0.0,5000000.0,5000000.0,0.0,0.0,0.0,0.0,209,0.14706,0.16503,011100100100,GOVERNMENT HOUSE,23010115,PURCHASE OF PHOTOCOPYING MACHINES,70111,EXECUTIVE AND LEGISLATIVE ORGANS,20822100,MAIDUGURI METRO,13100124000200,Reform of Government and Governance - General
Purchase of 5 No of Shreeding Machine Pieces For Offices in the Government House,0.0,1050000.0,1050000.0,0.0,0.0,0.0,0.0,209,0.15523,0.1732,011100100100,GOVERNMENT HOUSE,23010117,PURCHASE OF SHREDDING MACHINES,70111,EXECUTIVE AND LEGISLATIVE ORGANS,20822100,MAIDUGURI METRO,13100123000400,Reform of Government and Governance - General
Purchase of 18 No of Units Of 500Kva Generators in the Government House Clinic & others.,0.0,2000000000.0,2000000000.0,378933593.6,1000000000.0,0.0,0.0,209,0.16258,0.18056,011100100100,GOVERNMENT HOUSE,23010119,PURCHASE OF POWER GENERATING SET,70111,EXECUTIVE AND LEGISLATIVE ORGANS,20822100,MAIDUGURI METRO,13100124000300,Reform of Government and Governance - General
Purchase of 1500 No. Units of Fire Fighting Equipment to Govt House And Lodges,0.0,50000000.0,50000000.0,0.0,50000000.0,0.0,0.0,209,0.17075,0.18873,011100100100,GOVERNMENT HOUSE,23010123,PURCHASE OF FIRE FIGHTING EQUIPMENT,70111,EXECUTIVE AND LEGISLATIVE ORGANS,20822100,MAIDUGURI METRO,13100123000500,Reform of Government and Governance - General
"Purchase of 150 No of Communication Gadgets, Cctv Cameras, Bullet Proof Jackets And Security Kits To Operatives in the Government House",306623733.24,80000000.0,80000000.0,0.0,100000000.0,0.0,0.0,209,0.17892,0.1969,011100100100,GOVERNMENT HOUSE,23010128,PURCHASE OF SECURITY EQUIPMENT,70111,EXECUTIVE AND LEGISLATIVE ORGANS,20842800,State wide,13100123000600,Reform of Government and Governance - General
"Construction of Additional 60 No of Office Blocks in Government House, Maiduguri.",0.0,900000000.0,900000000.0,739382606.72,1800000000.0,0.0,0.0,209,0.18709,0.20507,011100100100,GOVERNMENT HOUSE,23020101,CONSTRUCTION / PROVISION OF OFFICE BUILDINGS,70611,HOUSING DEVELOPMENT,20822100,MAIDUGURI METRO,13100123000700,Reform of Government and Governance - General
Construction of 100No of Bedroom Apartment Within The Govt House,0.0,100000000.0,100000000.0,0.0,100000000.0,0.0,0.0,209,0.19526,0.21324,011100100100,GOVERNMENT HOUSE,23020102,CONSTRUCTION / PROVISION OF RESIDENTIAL BUILDINGS,70621,COMMUNITY DEVELOPMENT,20822100,MAIDUGURI METRO,13100123000800,Reform of Government and Governance - General
Construction of 20 No of Additional Solar Power/Installation Within Government house And Lodges,0.0,80000000.0,80000000.0,0.0,20000000.0,0.0,0.0,209,0.20343,0.22141,011100100100,GOVERNMENT HOUSE,23020103,CONSTRUCTION / PROVISION OF ELECTRICITY,70435,ELECTRICITY,20822100,MAIDUGURI METRO,13100123000900,Reform of Government and Governance - General
Construction of 60 No of additional Quarters For Governor'S Domestic Staff,0.0,500000000.0,500000000.0,0.0,100000000.0,0.0,0.0,209,0.21078,0.22876,011100100100,GOVERNMENT HOUSE,23020104,CONSTRUCTION / PROVISION OF HOUSING,70621,COMMUNITY DEVELOPMENT,20822100,MAIDUGURI METRO,13100123001000,Reform of Government and Governance - General
Completion of 2 No of Government House Staff Clinic,0.0,50000000.0,50000000.0,0.0,50000000.0,0.0,0.0,209,0.21895,0.23693,011100100100,GOVERNMENT HOUSE,23020106,CONSTRUCTION / PROVISION OF HOSPITALS / HEALTH CENTRES,70731,GENERAL HOSPITAL SERVICES,20822100,MAIDUGURI METRO,13100123001100,Reform of Government and Governance - General
Construction of Guest house within The Government House,0.0,30500000.0,30500000.0,0.0,1000000000.0,0.0,0.0,209,0.22712,0.2451,011100100100,GOVERNMENT HOUSE,23020118,CONSTRUCTION / PROVISION OF INFRASTRUCTURE,70621,COMMUNITY DEVELOPMENT,20822100,MAIDUGURI METRO,13100124000400,Reform of Government and Governance - General
Rehabilitation of 20 No of Existing Office Buildings within the Government House,0.0,200000000.0,200000000.0,159660107.54,791884000.0,0.0,0.0,209,0.23529,0.25327,011100100100,GOVERNMENT HOUSE,23030121,REHABILITATION / REPAIRS OF OFFICE BUILDINGS,70611,HOUSING DEVELOPMENT,20822100,MAIDUGURI METRO,13100124000500,Reform of Government and Governance - General
Planting of 70 No of Trees at the Premises Of Government House,0.0,5000000.0,5000000.0,0.0,5000000.0,0.0,0.0,209,0.24346,0.26144,011100100100,GOVERNMENT HOUSE,23040101,TREE PLANTING,70111,EXECUTIVE AND LEGISLATIVE ORGANS,20822100,MAIDUGURI METRO,13100123001200,Reform of Government and Governance - General
"Celebrations of Eid Maulud, Eid El-fir and Children Day And New Year Celebrations in the Government House",0.0,500000000.0,500000000.0,0.0,500000000.0,0.0,0.0,209,0.25163,0.26961,011100100100,GOVERNMENT HOUSE,23050104,ANNIVERSARIES/CELEBRATIONS,70111,EXECUTIVE AND LEGISLATIVE ORGANS,20842800,State wide,13100124000600,Reform of Government and Governance - General
Purchase Of Khitchen Equipment within the Government House,0.0,50000000.0,50000000.0,0.0,50000000.0,0.0,0.0,209,0.2598,0.27778,011100100100,GOVERNMENT HOUSE,23010120,PURCHASE OFCANTEEN / KITCHEN EQUIPMENT,70111,EXECUTIVE AND LEGISLATIVE ORGANS,20822100,MAIDUGURI METRO,13100125000100,Reform of Government and Governance - General
Purchase of feeding for various Sheep And Goat within the Government House,0.0,40000000.0,40000000.0,0.0,150000000.0,0.0,0.0,209,0.26716,0.28513,011100100100,GOVERNMENT HOUSE,23010147,PURCHASE OF LIVESTOCK ASSETS,70111,EXECUTIVE AND LEGISLATIVE ORGANS,20822100,MAIDUGURI METRO,13100125000200,Reform of Government and Governance - General
Purchase Of 150Nos. of Executive tables and 50Nos. of Executive chairs for Deputy Governor's Office.,0.0,100000000.0,100000000.0,0.0,100000000.0,0.0,0.0,209,0.30801,0.32598,011100100200,DEPUTY GOVERNOR'S OFFICE,23010112,PURCHASE OF OFFICE FURNITURE AND FITTINGS,70111,EXECUTIVE AND LEGISLATIVE ORGANS,20822100,MAIDUGURI METRO,13100124009800,Reform of Government and Governance - General
Purchase Of 15Nos. of Hp Desktops And 10Nos. of Hp Laptops Computers for Deputy Governor's Office.,0.0,5000000.0,5000000.0,0.0,5000000.0,0.0,0.0,209,0.31536,0.33333,011100100200,DEPUTY GOVERNOR'S OFFICE,23010113,PURCHASE OF COMPUTERS,70111,EXECUTIVE AND LEGISLATIVE ORGANS,20822100,MAIDUGURI METRO,13100124009900,Reform of Government and Governance - General
Purchase Of 10Nos. of Hp Laser Jet Computer Printers for Deputy Governor's Office.,0.0,3000000.0,3000000.0,0.0,3000000.0,0.0,0.0,209,0.32353,0.3415,011100100200,DEPUTY GOVERNOR'S OFFICE,23010114,PURCHASE OF COMPUTER PRINTERS,70111,EXECUTIVE AND LEGISLATIVE ORGANS,20822100,MAIDUGURI METRO,13100124010000,Reform of Government and Governance - General
Purchase Of 1Nos. of Sharp Photocopying Machines for Deputy Governor's Office.,0.0,1000000.0,1000000.0,0.0,1000000.0,0.0,0.0,209,0.3317,0.34967,011100100200,DEPUTY GOVERNOR'S OFFICE,23010115,PURCHASE OF PHOTOCOPYING MACHINES,70111,EXECUTIVE AND LEGISLATIVE ORGANS,20822100,MAIDUGURI METRO,13100124010100,Reform of Government and Governance - General
Purchase Of 5Nos. of closed-circuit televisin for Deputy Governor's Office.,0.0,2000000.0,2000000.0,0.0,2000000.0,0.0,0.0,209,0.33987,0.35784,011100100200,DEPUTY GOVERNOR'S OFFICE,23010128,PURCHASE OF SECURITY EQUIPMENT,70111,EXECUTIVE AND LEGISLATIVE ORGANS,20822100,MAIDUGURI METRO,13100124010200,Reform of Government and Governance - General
Procurement of 2 No of Toyota Hilux for SEMA,1000000000.0,670000.0,670000.0,0.0,110000000.0,0.0,0.0,209,0.3799,0.39788,011100800100,BORNO STATE EMERGENCY MANAGEMENT AGENCY (SEMA),23010105,PURCHASE OF MOTOR VEHICLES,71091,SOCIAL PROTECTION N.E.C.,20822100,MAIDUGURI METRO,13100126000100,Reform of Government and Governance - General
Procurement of 2 No of Toyota Hummer Buses and Procurement of 2 No of Ambulance Buses for SEMA,2600000000.0,0.0,5000000000.0,88680232.75,100000000.0,0.0,0.0,209,0.38807,0.40605,011100800100,BORNO STATE EMERGENCY MANAGEMENT AGENCY (SEMA),23010108,PURCHASE OF BUSES,71091,SOCIAL PROTECTION N.E.C.,20822100,MAIDUGURI METRO,13100126000200,Reform of Government and Governance - General
Procurement of 30kva Solar energy set's for SEMA,0.0,0.0,499330000.0,0.0,29000000.0,0.0,0.0,209,0.39624,0.41422,011100800100,BORNO STATE EMERGENCY MANAGEMENT AGENCY (SEMA),23010119,PURCHASE OF POWER GENERATING SET,71091,SOCIAL PROTECTION N.E.C.,20822100,MAIDUGURI METRO,13100122002100,Reform of Government and Governance - General
Purchase Of 1No. Of Toyota Hilux for Bureau of Public Procurement,0.0,70000000.0,70000000.0,48000000.0,90000000.0,0.0,0.0,209,0.43627,0.45425,011101000100,BORNO STATE BUREAU OF PUBLIC PROCUREMENT (BPP),23010105,PURCHASE OF MOTOR VEHICLES,70133,OTHER GENERAL SERVICES,20822100,MAIDUGURI METRO,13100124006700,Reform of Government and Governance - General
Purchase Of 2No. Of Hp photocopy machine for Bureau of Public Procurement,0.0,3000000.0,3000000.0,0.0,3000000.0,0.0,0.0,209,0.44444,0.46242,011101000100,BORNO STATE BUREAU OF PUBLIC PROCUREMENT (BPP),23010115,PURCHASE OF PHOTOCOPYING MACHINES,70133,OTHER GENERAL SERVICES,20822100,MAIDUGURI METRO,13100123005300,Reform of Government and Governance - General
Software Acquisition For Expansion Of E-Procurement To All Ministry in Maiduguri,0.0,15000000.0,15000000.0,0.0,40000000.0,0.0,0.0,209,0.45261,0.47059,011101000100,BORNO STATE BUREAU OF PUBLIC PROCUREMENT (BPP),23050102,COMPUTER SOFTWARE ACQUISITION,70133,OTHER GENERAL SERVICES,20822100,MAIDUGURI METRO,13100123005500,Reform of Government and Governance - General
Purchase Of 5 Hp Desktop Computers And 3 Hp Laptops for Bureau of Public Procurement.,0.0,3000000.0,3000000.0,0.0,5000000.0,0.0,0.0,209,0.46078,0.47876,011101000100,BORNO STATE BUREAU OF PUBLIC PROCUREMENT (BPP),23010113,PURCHASE OF COMPUTERS,70133,OTHER GENERAL SERVICES,20822100,MAIDUGURI METRO,13100125000100,Reform of Government and Governance - General
Purchase Of Ten (10) Station Wagon Vw Golf for Office of the Secretary to the State Government,29908000.0,100000000.0,100000000.0,0.0,105000000.0,0.0,0.0,209,0.50082,0.51879,016100100100,SECRETARY TO THE STATE GOVERNMENT (SSG),23010105,PURCHASE OF MOTOR VEHICLES,70133,OTHER GENERAL SERVICES,20822100,MAIDUGURI METRO,13100124011300,Reform of Government and Governance - General
Continuation Of Complete Furnishing Of Offices Within Musa Usman Secretariat And Liason Offices in Maiduguri.,0.0,1000000000.0,1000000000.0,1200000.0,1050000000.0,0.0,0.0,209,0.50899,0.52696,016100100100,SECRETARY TO THE STATE GOVERNMENT (SSG),23010112,PURCHASE OF OFFICE FURNITURE AND FITTINGS,70133,OTHER GENERAL SERVICES,20822100,MAIDUGURI METRO,13100124011400,Reform of Government and Governance - General
Purchase Of Computers- Five (5) HP Pavillion core i7 Laptop And Three (3) Desktop pro one Computer Office of the Secretary to the State Government,0.0,3150000.0,3150000.0,0.0,3309000.0,0.0,0.0,209,0.51634,0.53431,016100100100,SECRETARY TO THE STATE GOVERNMENT (SSG),23010113,PURCHASE OF COMPUTERS,70133,OTHER GENERAL SERVICES,20822100,MAIDUGURI METRO,13100124011500,Reform of Government and Governance - General
Purchase Of Three (3) 3-In-1 HP RS900 Colored Printer for Office of the Secretary to the State Government,0.0,2940000.0,2940000.0,0.0,3387000.0,0.0,0.0,209,0.52451,0.54248,016100100100,SECRETARY TO THE STATE GOVERNMENT (SSG),23010114,PURCHASE OF COMPUTER PRINTERS,70133,OTHER GENERAL SERVICES,20822100,MAIDUGURI METRO,13100124011600,Reform of Government and Governance - General
Purchase Of Sharp mx506 Photocopying Machines Five (5) Stand Alone Photocopier for Office of the Secretary to the State Government,0.0,4410000.0,4410000.0,0.0,4630000.0,0.0,0.0,209,0.53268,0.55065,016100100100,SECRETARY TO THE STATE GOVERNMENT (SSG),23010115,PURCHASE OF PHOTOCOPYING MACHINES,70133,OTHER GENERAL SERVICES,20822100,MAIDUGURI METRO,13100124011700,Reform of Government and Governance - General
Completion Of Construction of Newly International Conference Center (ICC) at Maiduguri.,503132088.96,4000000000.0,4000000000.0,1555821779.92,3200000000.0,0.0,0.0,209,0.54085,0.55882,016100100100,SECRETARY TO THE STATE GOVERNMENT (SSG),23020101,CONSTRUCTION / PROVISION OF OFFICE BUILDINGS,70133,OTHER GENERAL SERVICES,20822100,MAIDUGURI METRO,13100124011900,Reform of Government and Governance - General
Completion Of Rehabilitation / Repairs Office Building within Musa Usman Secretariat in Maiduguri.,15707500.0,410000000.0,410000000.0,19765112.5,430500000.0,0.0,0.0,209,0.54902,0.56699,016100100100,SECRETARY TO THE STATE GOVERNMENT (SSG),23030121,REHABILITATION / REPAIRS OF OFFICE BUILDINGS,70133,OTHER GENERAL SERVICES,20822100,MAIDUGURI METRO,13100124012000,Reform of Government and Governance - General
Continuation Of Tree Planting-Landscaping Musa Usman Secretariat in Maiduguri,0.0,579000.0,579000.0,0.0,607000.0,0.0,0.0,209,0.55719,0.57516,016100100100,SECRETARY TO THE STATE GOVERNMENT (SSG),23040101,TREE PLANTING,70133,OTHER GENERAL SERVICES,20822100,MAIDUGURI METRO,13100124012100,Reform of Government and Governance - General
Monitoring And Evaluation is been carried out to ascertain the level of staff performance in Maiduguri.,0.0,150000000.0,300000000.0,0.0,157500000.0,0.0,0.0,209,0.56536,0.58333,016100100100,SECRETARY TO THE STATE GOVERNMENT (SSG),23050103,MONITORING AND EVALUATION,70133,OTHER GENERAL SERVICES,20822100,MAIDUGURI METRO,13100124012200,Reform of Government and Governance - General
"Independence Day Celebration, Celebration of Malud, christmas in Maiduguri.",0.0,17271000.0,17271000.0,0.0,18134000.0,0.0,0.0,209,0.57271,0.59069,016100100100,SECRETARY TO THE STATE GOVERNMENT (SSG),23050104,ANNIVERSARIES/CELEBRATIONS,70133,OTHER GENERAL SERVICES,20822100,MAIDUGURI METRO,13100124012300,Reform of Government and Governance - General
Purchase Of 4Nos. of Hp Laptops For Borno State Urban Planning & Development Board.,0.0,2000000.0,2000000.0,0.0,2000000.0,0.0,0.0,209,0.61356,0.63154,016100500100,BORNO STATE URBAN PLANNING & DEVELOPMENT BOARD (BSUPDB),23010113,PURCHASE OF COMPUTERS,70661,HOUSING AND COMMUNITY AMENITIES N.E.C.,20822100,MAIDUGURI METRO,06100124001100,Housing and Urban Development - General
"Purchase Of 1Nos. of Hp printer ,one M477 colored laserjet Printers and one (1) M1132 laserjet printer For Borno State Urban Planning & Development Board.",0.0,500000.0,500000.0,0.0,500000.0,0.0,0.0,209,0.62092,0.63889,016100500100,BORNO STATE URBAN PLANNING & DEVELOPMENT BOARD (BSUPDB),23010114,PURCHASE OF COMPUTER PRINTERS,70661,HOUSING AND COMMUNITY AMENITIES N.E.C.,20822100,MAIDUGURI METRO,06100123000600,Housing and Urban Development - General
Purchase Of 1Nos. of Mikano 250KVA Power Generating Set For Borno State Urban Planning & Developm,0.0,20000000.0,20000000.0,0.0,15000000.0,0.0,0.0,209,0.62908,0.64706,016100500100,BORNO STATE URBAN PLANNING & DEVELOPMENT BOARD (BSUPDB),23010119,PURCHASE OF POWER GENERATING SET70661 - HOUSING AND COMMUNITY AMENITIES N.E.C.,,ent Board maiduguri.,20822100,MAIDUGURI METRO,06100123000700,Housing and Urban Development - General
Purchases Of 7Nos. of Tripod For Borno State Urban Planning & Development Board maiduguri.,0.0,9000000.0,9000000.0,0.0,2000000.0,0.0,0.0,209,0.63725,0.65523,016100500100,BORNO STATE URBAN PLANNING & DEVELOPMENT BOARD (BSUPDB),23010133,PURCHASES OF SURVEYING EQUIPMENT,70661,HOUSING AND COMMUNITY AMENITIES N.E.C.,20822100,MAIDUGURI METRO,06100123000800,Housing and Urban Development - General
Purchase Of 15Nos. of komatsu WA420-3 2006 For Borno State Urban Planning & Development Board maiduguri.,0.0,40000000.0,40000000.0,0.0,20000000.0,0.0,0.0,209,0.64542,0.6634,016100500100,BORNO STATE URBAN PLANNING & DEVELOPMENT BOARD (BSUPDB),23010139,PURCHASE OF HEAVY DUTY PLANTS & MACHINERIES,70661,HOUSING AND COMMUNITY AMENITIES N.E.C.,20822100,MAIDUGURI METRO,06100124001200,Housing and Urban Development - General
Construction / Interlocking Of Mala Ali Liberty Street (1Km) Behind Gamboru 1 Primary School in Jere LGAs.,0.0,50000000.0,50000000.0,7285000.0,0.0,0.0,0.0,209,0.65359,0.67157,016100500100,BORNO STATE URBAN PLANNING & DEVELOPMENT BOARD (BSUPDB),23020101,CONSTRUCTION / PROVISION OF OFFICE BUILDINGS,70611,HOUSING DEVELOPMENT,20821300,JERE,06100124001300,Housing and Urban Development - General
Construction Of Conduit Drainages In Some Flood Prone Areas In Mmc & Jere & Construction Of Embankments & Enforcement On Structures Marked For Demolition On Flood Plains For Borno State Urban Planning & Development Board.,0.0,100000000.0,100000000.0,30905000.0,10000000.0,0.0,0.0,209,0.66176,0.67974,016100500100,BORNO STATE URBAN PLANNING & DEVELOPMENT BOARD (BSUPDB),23020116,CONSTRUCTION / PROVISION OF WATER-WAYS,70451,ROAD TRANSPORT,20842800,State wide,06100124001400,Housing and Urban Development - General
Provision Of Electro fusion welding services For Borno State Urban Planning & Development Board maiduguri.,0.0,100000000.0,100000000.0,100000000.0,10000000.0,0.0,0.0,209,0.66912,0.68709,016100500100,BORNO STATE URBAN PLANNING & DEVELOPMENT BOARD (BSUPDB),23020118,CONSTRUCTION / PROVISION OF INFRASTRUCTURE,70661,HOUSING AND COMMUNITY AMENITIES N.E.C.,20822100,MAIDUGURI METRO,06100124001600,Housing and Urban Development - General
Monitoring to all naming street within mmc and jere.,0.0,70000000.0,70000000.0,32455000.0,300000000.0,0.0,0.0,209,0.67729,0.69526,016100500100,BORNO STATE URBAN PLANNING & DEVELOPMENT BOARD (BSUPDB),23050103,MONITORING AND EVALUATION,70661,HOUSING AND COMMUNITY AMENITIES N.E.C.,20842800,State wide,06100123000900,Housing and Urban Development - General
"Acquisition Of Land Within Maiduguri Metropolitan Council And Jere, Land Compensation",1778641083.74,2400000000.0,2400000000.0,2400000000.0,2197885000.0,0.0,0.0,209,0.71814,0.73611,016100600100,BORNO GEOGRAPHIC INFORMATION SERVICE (BOGIS),23010101,PURCHASE / ACQUISITION OF LAND,70611,HOUSING DEVELOPMENT,20822100,MAIDUGURI METRO,06100121000400,Housing and Urban Development - General
Purchase Of 15 Hp Laptops And 8 Mark Book Office Use for Agency for Geographic Information System maiduguri.,0.0,20000000.0,20000000.0,0.0,20000000.0,0.0,0.0,209,0.72549,0.74346,016100600100,BORNO GEOGRAPHIC INFORMATION SERVICE (BOGIS),23010113,PURCHASE OF COMPUTERS,70611,HOUSING DEVELOPMENT,20822100,MAIDUGURI METRO,06100122000100,Housing and Urban Development - General
Purchase Of 5 M600 Hp Printers For Office Use for Agency for Geographic Information System.,0.0,5000000.0,5000000.0,1940000.0,4000000.0,0.0,0.0,209,0.73366,0.75163,016100600100,BORNO GEOGRAPHIC INFORMATION SERVICE (BOGIS),23010114,PURCHASE OF COMPUTER PRINTERS,70611,HOUSING DEVELOPMENT,20822100,MAIDUGURI METRO,06100122000200,Housing and Urban Development - General
Purchase Of 1 Mx600D Photocopy Machines for Agency for Geographic Information System maiduguri.,0.0,500000.0,500000.0,0.0,5000000.0,0.0,0.0,209,0.74183,0.7598,016100600100,BORNO GEOGRAPHIC INFORMATION SERVICE (BOGIS),23010115,PURCHASE OF PHOTOCOPYING MACHINES,70611,HOUSING DEVELOPMENT,20822100,MAIDUGURI METRO,06100122000300,Housing and Urban Development - General
Purchases Of (5) Surveying Tripods.5 Story Poles.150 Measuring Tape.1200 Surveyor'S Brush Axes.2500 Land Surveying Markers for Agency for Geographic Information System maiduguri.,0.0,30000000.0,30000000.0,0.0,40000000.0,0.0,0.0,209,0.75,0.76797,016100600100,BORNO GEOGRAPHIC INFORMATION SERVICE (BOGIS),23010128,PURCHASE OF SECURITY EQUIPMENT,70611,HOUSING DEVELOPMENT,20822100,MAIDUGURI METRO,06100122000400,Housing and Urban Development - General
Provision Of Multi-purpose Hall withIn BOGIS,164000000.0,500000000.0,500000000.0,488936339.54,1000000000.0,0.0,0.0,209,0.75817,0.77614,016100600100,BORNO GEOGRAPHIC INFORMATION SERVICE (BOGIS),23020118,CONSTRUCTION / PROVISION OF INFRASTRUCTURE,70611,HOUSING DEVELOPMENT,20821300,JERE,06100123001100,Housing and Urban Development - General
Construction Of Boundary Pillars/ Right Of Ways In Mmc And Jere LGAs.,50000000.0,100000000.0,100000000.0,0.0,100000000.0,0.0,0.0,209,0.76634,0.78431,016100600100,BORNO GEOGRAPHIC INFORMATION SERVICE (BOGIS),23020122,CONSTRUCTION OF BOUNDARY PILLARS/ RIGHT OF WAYS,70451,ROAD TRANSPORT,20842800,State wide,06100124001700,Housing and Urban Development - General
Construction Of Markets in Bulumkutum area in MMC.,100000000.0,500000000.0,500000000.0,212772734.05,0.0,0.0,0.0,209,0.77369,0.79167,016100600100,BORNO GEOGRAPHIC INFORMATION SERVICE (BOGIS),23020124,CONSTRUCTION OF MARKETS/PARKS,70471,"DISTRIBUTIVE TRADE, STORAGE AND WAREHOUSING",20842800,State wide,06100124001800,Housing and Urban Development - General
Acquisition Of Relevant Survying Software for Agency for Geographic Information System maiduguri.,0.0,30000000.0,30000000.0,4755000.0,0.0,0.0,0.0,209,0.78186,0.79984,016100600100,BORNO GEOGRAPHIC INFORMATION SERVICE (BOGIS),23050102,COMPUTER SOFTWARE ACQUISITION,70611,HOUSING DEVELOPMENT,20822100,MAIDUGURI METRO,06100123001200,Housing and Urban Development - General
Purchase Of 1Nos. of Toyota Corolla for Agency for sustainable development and humanitaraian agency maiduguri,0.0,14000000.0,14000000.0,7500000.0,20000000.0,0.0,0.0,209,0.8219,0.83987,016100700100,BORNO STATE AGENCY FOR THE COORDINATION OF SUSTAINABLE DEVELOPMENT AND HUMANITARIAN RESPONSE,23010105,PURCHASE OF MOTOR VEHICLES,70132,OVERALL PLANNING AND STATISTICAL SERVICES,20822100,MAIDUGURI METRO,13100123003700,Reform of Government and Governance - General
Purchase Of 15Nos. of Executive Tables And 10Nos. of Executive Chairs for Agency for sustainable development and humanitaraian agency mmc,0.0,7000000.0,7000000.0,6946400.0,19139000.0,0.0,0.0,209,0.83007,0.84804,016100700100,BORNO STATE AGENCY FOR THE COORDINATION OF SUSTAINABLE DEVELOPMENT AND HUMANITARIAN RESPONSE,23010112,PURCHASE OF OFFICE FURNITURE AND FITTINGS,70132,OVERALL PLANNING AND STATISTICAL SERVICES,20822100,MAIDUGURI METRO,13100122001500,Reform of Government and Governance - General
Purchase Of 10Nos. of Hp Desktops And 2Nos. of Hp Laptops Computers for Agency for sustainable development and humanitaraian agency mmc,2000000.0,3000000.0,3000000.0,0.0,3000000.0,0.0,0.0,209,0.83824,0.85621,016100700100,BORNO STATE AGENCY FOR THE COORDINATION OF SUSTAINABLE DEVELOPMENT AND HUMANITARIAN RESPONSE,23010113,PURCHASE OF COMPUTERS,70132,OVERALL PLANNING AND STATISTICAL SERVICES,20822100,MAIDUGURI METRO,13100124003400,Reform of Government and Governance - General
Purchase Of 2Nos. of Hp Laser Jet Computer Printers for Agency for sustainable development and humanitaraian agency maiduguri,0.0,2000000.0,2000000.0,799000.0,2000000.0,0.0,0.0,209,0.84641,0.86438,016100700100,BORNO STATE AGENCY FOR THE COORDINATION OF SUSTAINABLE DEVELOPMENT AND HUMANITARIAN RESPONSE,23010114,PURCHASE OF COMPUTER PRINTERS,70132,OVERALL PLANNING AND STATISTICAL SERVICES,20822100,MAIDUGURI METRO,13100124003500,Reform of Government and Governance - General
Purchase Of 2Nos. of Sharp Photocopying Machines for Agency for sustainable development and humanitaraian agency,0.0,2000000.0,2000000.0,1741000.0,2000000.0,0.0,0.0,209,0.85458,0.87255,016100700100,BORNO STATE AGENCY FOR THE COORDINATION OF SUSTAINABLE DEVELOPMENT AND HUMANITARIAN RESPONSE,23010115,PURCHASE OF PHOTOCOPYING MACHINES,70132,OVERALL PLANNING AND STATISTICAL SERVICES,20822100,MAIDUGURI METRO,13100124003600,Reform of Government and Governance - General
Purchase Of 250 Kva Mikano for Agency for sustainable development and humanitaraian agency maidug,0.0,12000000.0,12000000.0,2289200.0,10000000.0,0.0,0.0,209,0.86275,0.88072,016100700100,BORNO STATE AGENCY FOR THE COORDINATION OF SUSTAINABLE DEVELOPMENT AND HUMANITARIAN RESPONSE,23010119,PURCHASE OF POWER GENERATING SET70132 - OVERALL PLANNING AND STATISTICAL SERVICES,,uri,20822100,MAIDUGURI METRO,13100123003800,Reform of Government and Governance - General
Research on upgrading the development plan and implementing the strategic initiatives across the state,3975000.0,5000000.0,5000000.0,1070000.0,5000000.0,0.0,0.0,209,0.87092,0.88889,016100700100,BORNO STATE AGENCY FOR THE COORDINATION OF SUSTAINABLE DEVELOPMENT AND HUMANITARIAN RESPONSE,23050101,RESEARCH AND DEVELOPMENT,70132,OVERALL PLANNING AND STATISTICAL SERVICES,20842800,State wide,13100121000400,Reform of Government and Governance - General
Acquisition of Computer Software for upgrading the transformation.,0.0,2000000.0,2000000.0,767000.0,2000000.0,0.0,0.0,209,0.87827,0.89624,016100700100,BORNO STATE AGENCY FOR THE COORDINATION OF SUSTAINABLE DEVELOPMENT AND HUMANITARIAN RESPONSE,23050102,COMPUTER SOFTWARE ACQUISITION,70132,OVERALL PLANNING AND STATISTICAL SERVICES,20822100,MAIDUGURI METRO,13100122001600,Reform of Government and Governance - General
Monitoring on execution and implementation on project across the state.,0.0,140000000.0,125211000.0,58669650.0,175000000.0,0.0,0.0,209,0.88644,0.90441,016100700100,BORNO STATE AGENCY FOR THE COORDINATION OF SUSTAINABLE DEVELOPMENT AND HUMANITARIAN RESPONSE,23050103,MONITORING AND EVALUATION,70132,OVERALL PLANNING AND STATISTICAL SERVICES,20842800,State wide,13100121000500,Reform of Government and Governance - General
"Celebrations of Eid fitr, Eid kabir, Christmas and Easter in the Agency for Sustainable Development maiduguri",0.0,1000000.0,15789000.0,15788250.0,1000000.0,0.0,0.0,209,0.89461,0.91258,016100700100,BORNO STATE AGENCY FOR THE COORDINATION OF SUSTAINABLE DEVELOPMENT AND HUMANITARIAN RESPONSE,23050104,ANNIVERSARIES/CELEBRATIONS,70132,OVERALL PLANNING AND STATISTICAL SERVICES,20822100,MAIDUGURI METRO,13100121000600,Reform of Government and Governance - General
Training of 20Nos. of accounting staff for upgrading the transformation sysytem,0.0,5000000.0,5000000.0,0.0,100000000.0,0.0,0.0,209,0.90278,0.92075,016100700100,BORNO STATE AGENCY FOR THE COORDINATION OF SUSTAINABLE DEVELOPMENT AND HUMANITARIAN RESPONSE,23050130,HUMAN CAPITAL DEVELOPMENT,70132,OVERALL PLANNING AND STATISTICAL SERVICES,20822100,MAIDUGURI METRO,13100124003700,Reform of Government and Governance - General
Construction of Additional 10 No of Office Blocks in Agency,0.0,0.0,200000000.0,7870000.0,300000000.0,0.0,0.0,210,0.09069,0.10866,016100700100,BORNO STATE AGENCY FOR THE COORDINATION OF SUSTAINABLE DEVELOPMENT AND HUMANITARIAN RESPONSE,23020101,CONSTRUCTION / PROVISION OF OFFICE BUILDINGS,70611,HOUSING DEVELOPMENT,20822100,MAIDUGURI METRO,13100126000300,Reform of Government and Governance - General
Purchase Of 3 Golf Car For Borno State Guidance and Counselling Board mmc.,3890000.0,25000000.0,25000000.0,0.0,0.0,0.0,0.0,210,0.13072,0.14869,016101000100,BORNO STATE GUIDANCE AND COUNSELLING BOARD,23010105,PURCHASE OF MOTOR VEHICLES,70133,OTHER GENERAL SERVICES,20822100,MAIDUGURI METRO,08100124000100,Youth - General
"Procurement Of 15Nos. Of Executive Swivel Chairs, Executive Tables, Five (5) Conference Table With 5 Chairs For Borno State Guidance and Counselling Board in mmc.",0.0,15000000.0,15000000.0,0.0,57000000.0,0.0,0.0,210,0.13889,0.15686,016101000100,BORNO STATE GUIDANCE AND COUNSELLING BOARD,23010112,PURCHASE OF OFFICE FURNITURE AND FITTINGS,70133,OTHER GENERAL SERVICES,20822100,MAIDUGURI METRO,08100123000100,Youth - General
Purchase Of 5- HP Laptops Computers & 10- HP Desktops computers For Borno State Guidance and Counselling Board maiduguri.,0.0,5000000.0,5000000.0,0.0,15000000.0,0.0,0.0,210,0.14706,0.16503,016101000100,BORNO STATE GUIDANCE AND COUNSELLING BOARD,23010113,PURCHASE OF COMPUTERS,70133,OTHER GENERAL SERVICES,20822100,MAIDUGURI METRO,08100123000200,Youth - General
Purchase Of 5Nos. Of HP m1132 Computer Printers For Borno State Guidance and Counselling Board maiduguri.,2975000.0,2000000.0,2000000.0,0.0,5000000.0,0.0,0.0,210,0.15523,0.1732,016101000100,BORNO STATE GUIDANCE AND COUNSELLING BOARD,23010114,PURCHASE OF COMPUTER PRINTERS,70133,OTHER GENERAL SERVICES,20822100,MAIDUGURI METRO,08100123000300,Youth - General
Purchase Of 3Nos. Of Sharp Photocopying Machines For Borno State Guidance and Counselling Board maiduguri.,14500000.0,3000000.0,3000000.0,0.0,3000000.0,0.0,0.0,210,0.16258,0.18056,016101000100,BORNO STATE GUIDANCE AND COUNSELLING BOARD,23010115,PURCHASE OF PHOTOCOPYING MACHINES,70133,OTHER GENERAL SERVICES,20822100,MAIDUGURI METRO,08100123000400,Youth - General
Purchase Of 5 unit of 250 Kva Mikano Power Generating Set For Borno State Guidance and Counselling B,0.0,20000000.0,20000000.0,0.0,20000000.0,0.0,0.0,210,0.17075,0.18873,016101000100,BORNO STATE GUIDANCE AND COUNSELLING BOARD,23010119,PURCHASE OF POWER GENERATING SET70133 - OTHER GENERAL SERVICES,,oard maiduguri.,20822100,MAIDUGURI METRO,08100124000200,Youth - General
Purchase Of Ten(10) Hp Computers for Borno State Pensions Department.mmc,0.0,3000000.0,3000000.0,0.0,5460000.0,0.0,0.0,210,0.21078,0.22876,016103500100,BORNO STATE PENSIONS DEPARTMENT,23010113,PURCHASE OF COMPUTERS,71021,OLD AGE,20822100,MAIDUGURI METRO,13100122001800,Reform of Government and Governance - General
Purchase Of Three (3) Computers Printer for Borno State Pensions Department maiduguri.,0.0,1500000.0,1500000.0,0.0,1162000.0,0.0,0.0,210,0.21895,0.23693,016103500100,BORNO STATE PENSIONS DEPARTMENT,23010114,PURCHASE OF COMPUTER PRINTERS,71021,OLD AGE,20822100,MAIDUGURI METRO,13100123003900,Reform of Government and Governance - General
Purchase Of One (1) Photocopy Machine for Borno State Pensions Department maiduguri.,0.0,1000000.0,1000000.0,0.0,1040000.0,0.0,0.0,210,0.22712,0.2451,016103500100,BORNO STATE PENSIONS DEPARTMENT,23010115,PURCHASE OF PHOTOCOPYING MACHINES,71021,OLD AGE,20822100,MAIDUGURI METRO,13100124005300,Reform of Government and Governance - General
Purchase of 1No of Volkswagen Golf Motor for Borno State Pensions Department maiduguri.,0.0,12000000.0,12000000.0,0.0,9713000.0,0.0,0.0,210,0.23529,0.25327,016103500100,BORNO STATE PENSIONS DEPARTMENT,23010105,PURCHASE OF MOTOR VEHICLES,71021,OLD AGE,20822100,MAIDUGURI METRO,13100125000100,Reform of Government and Governance - General
Purchase Of 2Nos. of Executive Tables And 2Nos. of Executive Chairs for Borno State Pensions Department maiduguri.,0.0,1500000.0,1500000.0,0.0,1575000.0,0.0,0.0,210,0.24346,0.26144,016103500100,BORNO STATE PENSIONS DEPARTMENT,23010112,PURCHASE OF OFFICE FURNITURE AND FITTINGS,71021,OLD AGE,20822100,MAIDUGURI METRO,13100125000200,Reform of Government and Governance - General
Purchase of 2No of Shreeding Machine Pieces for Borno State Pensions Department maiduguri.,0.0,1000000.0,1000000.0,0.0,1050000.0,0.0,0.0,210,0.25163,0.26961,016103500100,BORNO STATE PENSIONS DEPARTMENT,23010117,PURCHASE OF SHREDDING MACHINES,71021,OLD AGE,20822100,MAIDUGURI METRO,13100125000300,Reform of Government and Governance - General
Purchase Of 5 unit of 250 Kva Mikano Power Generating Set For Borno State Pension.,0.0,0.0,0.0,0.0,13884000.0,0.0,0.0,210,0.2598,0.27778,016103500100,BORNO STATE PENSIONS DEPARTMENT,23010119,PURCHASE OF POWER GENERATING SET,71021,OLD AGE,20822100,MAIDUGURI METRO,02100126000100,Societal Re-orientation - General
Purchase Of 1 No OF Toyota Corolla 2016 for Excecutive Secretary and 1No of Toyota Seinna 2011 Model for Director at Hajj commission,0.0,27000000.0,27000000.0,0.0,225000000.0,0.0,0.0,210,0.29984,0.31781,016103700100,BORNO STATE HAJJ COMMISSION,23010105,PURCHASE OF MOTOR VEHICLES,70841,RELIGIOUS AND OTHER COMMUNITY SERVICES,20822100,MAIDUGURI METRO,02100122000300,Societal Re-orientation - General
Purchase Of 18 seater Toyota Hiace Bus 2022 model for the shutting of officials and Pilgrims insaudi arabia,0.0,90000000.0,90000000.0,0.0,90000000.0,0.0,0.0,210,0.30801,0.32598,016103700100,BORNO STATE HAJJ COMMISSION,23010108,PURCHASE OF BUSES,70841,RELIGIOUS AND OTHER COMMUNITY SERVICES,20822100,MAIDUGURI METRO,02100122000400,Societal Re-orientation - General
"Purchase Of Five(5) Hp 200 G4 Dual Core Laptops, Four (4) Hp Elite Book 840 G6 intel core i5 & Three (3) Hpo 200G4 Ram Desktop 17 Inch Screen for Hajj commission",0.0,9155000.0,9155000.0,0.0,14350000.0,0.0,0.0,210,0.31536,0.33333,016103700100,BORNO STATE HAJJ COMMISSION,23010113,PURCHASE OF COMPUTERS,70841,RELIGIOUS AND OTHER COMMUNITY SERVICES,20822100,MAIDUGURI METRO,02100124000800,Societal Re-orientation - General
"Purchase Of 3Hp color Laserjet Pro ,FP 283fdw & White Laser Jet Printer & Four (4) HpBlack & whitelaserjet Printer for Hajj commission",0.0,3000000.0,3000000.0,0.0,4600000.0,0.0,0.0,210,0.32353,0.3415,016103700100,BORNO STATE HAJJ COMMISSION,23010114,PURCHASE OF COMPUTER PRINTERS,70841,RELIGIOUS AND OTHER COMMUNITY SERVICES,20822100,MAIDUGURI METRO,02100123000100,Societal Re-orientation - General
Purchase Of Three (3) Sharp Color Photocopying Machines for Hajj commission,0.0,2880000.0,2880000.0,0.0,2880000.0,0.0,0.0,210,0.3317,0.34967,016103700100,BORNO STATE HAJJ COMMISSION,23010115,PURCHASE OF PHOTOCOPYING MACHINES,70841,RELIGIOUS AND OTHER COMMUNITY SERVICES,20822100,MAIDUGURI METRO,02100123000200,Societal Re-orientation - General
Purchase Of 2Nos. of Executive Tables And 2Nos. of Executive Chairs for Hajj commission,0.0,2965000.0,2965000.0,0.0,0.0,0.0,0.0,210,0.33987,0.35784,016103700100,BORNO STATE HAJJ COMMISSION,23010112,PURCHASE OF OFFICE FURNITURE AND FITTINGS,70841,RELIGIOUS AND OTHER COMMUNITY SERVICES,20822100,MAIDUGURI METRO,02100123000300,Societal Re-orientation - General
"Installation and upgrade Of 36 solar panel,18 tabular battery and 2 i5 kva inverter device for Hajj commi",0.0,65000000.0,65000000.0,0.0,0.0,0.0,0.0,210,0.34804,0.36601,016103700100,BORNO STATE HAJJ COMMISSION,23010119,PURCHASE OF POWER GENERATING SET70841 - RELIGIOUS AND OTHER COMMUNITY SERVICES,,ssion,20822100,MAIDUGURI METRO,02100124000900,Societal Re-orientation - General
Provision of underground and overhead water reservoir for Hajj commission,0.0,5000000.0,2640000000.0,1635000000.0,200000000.0,0.0,0.0,210,0.35621,0.37418,016103700100,BORNO STATE HAJJ COMMISSION,23020118,CONSTRUCTION / PROVISION OF INFRASTRUCTURE,70841,RELIGIOUS AND OTHER COMMUNITY SERVICES,20822100,MAIDUGURI METRO,02100123000400,Societal Re-orientation - General
Rehabilitation Of Existing Intending Pilgrims Internment Areas And Other Camp Facilities in Maiduguri,0.0,5000000.0,5000000.0,0.0,0.0,0.0,0.0,210,0.36356,0.38154,016103700100,BORNO STATE HAJJ COMMISSION,23030101,REHABILITATION / REPAIRS OF RESIDENTIAL BUILDING,70841,RELIGIOUS AND OTHER COMMUNITY SERVICES,20822100,MAIDUGURI METRO,02100123000500,Societal Re-orientation - General
Rehabilitation / Repairs Of Main Office Buildings Hajj commission,0.0,20000000.0,20000000.0,7050000.0,10000000.0,0.0,0.0,210,0.37173,0.38971,016103700100,BORNO STATE HAJJ COMMISSION,23030121,REHABILITATION / REPAIRS OF OFFICE BUILDINGS,70621,COMMUNITY DEVELOPMENT,20822100,MAIDUGURI METRO,02100123000600,Societal Re-orientation - General
Purchase of other equipment for pilgrims in Nigeria and Saudi Arabia.,0.0,20000000.0,20000000.0,0.0,0.0,0.0,0.0,210,0.3799,0.39788,016103700100,BORNO STATE HAJJ COMMISSION,23010122,PURCHASE OF HEALTH / MEDICAL EQUIPMENT,70841,RELIGIOUS AND OTHER COMMUNITY SERVICES,20822100,MAIDUGURI METRO,02100125000100,Societal Re-orientation - General
Purchase of 1 Toyota Haice for Security Trust Fund.,0.0,60000000.0,60000000.0,0.0,60000000.0,0.0,0.0,210,0.41993,0.43791,016110100100,BORNO STATE SECURITY TRUST FUND (STF),23010105,PURCHASE OF MOTOR VEHICLES,70361,PUBLIC ORDER AND SAFETY N.E.C.,20822100,MAIDUGURI METRO,13100124005400,Reform of Government and Governance - General
Purchase Of 5Nos. of Hp 8Gb Ram Laptops & 3Nos. of 4Gb Ram Desktop 17 Inch Screen for Security Trust Fund.,0.0,5000000.0,5000000.0,0.0,5000000.0,0.0,0.0,210,0.4281,0.44608,016110100100,BORNO STATE SECURITY TRUST FUND (STF),23010113,PURCHASE OF COMPUTERS,70361,PUBLIC ORDER AND SAFETY N.E.C.,20822100,MAIDUGURI METRO,13100123004000,Reform of Government and Governance - General
Purchase Of 5Nos. of Black White Laser Jet Printer & 3Nos. of Hp Color Laserjet Printer for Security Trust Fund.,0.0,5000000.0,5000000.0,0.0,5000000.0,0.0,0.0,210,0.43627,0.45425,016110100100,BORNO STATE SECURITY TRUST FUND (STF),23010114,PURCHASE OF COMPUTER PRINTERS,70361,PUBLIC ORDER AND SAFETY N.E.C.,20822100,MAIDUGURI METRO,13100123004100,Reform of Government and Governance - General
Purchase Of 2Nos. of Sharp Color Photocopying Machines for Security Trust Fund.,599874939.35,2000000.0,2000000.0,0.0,2000000.0,0.0,0.0,210,0.44444,0.46242,016110100100,BORNO STATE SECURITY TRUST FUND (STF),23010115,PURCHASE OF PHOTOCOPYING MACHINES,70361,PUBLIC ORDER AND SAFETY N.E.C.,20822100,MAIDUGURI METRO,13100124005500,Reform of Government and Governance - General
Purchase Of Power generator 110kva maikano and installation of solar to the office of the Security Trust,0.0,23000000.0,23000000.0,0.0,23000000.0,0.0,0.0,210,0.45261,0.47059,016110100100,BORNO STATE SECURITY TRUST FUND (STF),23010119,PURCHASE OF POWER GENERATING SET70361 - PUBLIC ORDER AND SAFETY N.E.C.,,Fund.,20822100,MAIDUGURI METRO,13100124005600,Reform of Government and Governance - General
Purchase Of 1500Nos. of Communication Gadgets for Security Trust Fund across the state.,0.0,1780000000.0,62114023000.0,49315206918.0,2000000000.0,0.0,0.0,210,0.46078,0.47876,016110100100,BORNO STATE SECURITY TRUST FUND (STF),23010128,PURCHASE OF SECURITY EQUIPMENT,70361,PUBLIC ORDER AND SAFETY N.E.C.,20842800,State wide,13100124005700,Reform of Government and Governance - General
Purchase Of 1000Nos. of Cctv Cameras for Security Trust Fund across the state.,0.0,0.0,5000000.0,0.0,2000000000.0,0.0,0.0,210,0.46814,0.48611,016110100100,BORNO STATE SECURITY TRUST FUND (STF),23010128,PURCHASE OF SECURITY EQUIPMENT,70361,PUBLIC ORDER AND SAFETY N.E.C.,20842800,State wide,13100126000400,Reform of Government and Governance - General
Purchase Of 1500Nos. of Bullet Proof Jackets for Security Trust Fund across the state.,0.0,0.0,20000000.0,0.0,2000000000.0,0.0,0.0,210,0.47631,0.49428,016110100100,BORNO STATE SECURITY TRUST FUND (STF),23010128,PURCHASE OF SECURITY EQUIPMENT,70361,PUBLIC ORDER AND SAFETY N.E.C.,20842800,State wide,13100126000500,Reform of Government and Governance - General
Purchase Of 1500Nos. of Security Kits To Operatives for Security Trust Fund across the state.,0.0,0.0,0.0,0.0,2000000000.0,0.0,0.0,210,0.48448,0.50245,016110100100,BORNO STATE SECURITY TRUST FUND (STF),23010128,PURCHASE OF SECURITY EQUIPMENT,70361,PUBLIC ORDER AND SAFETY N.E.C.,20842800,State wide,13100126000600,Reform of Government and Governance - General
Purchase Of 1500Nos. of Adjustable Oxford belt for Security Trust Fund across the state.,0.0,0.0,0.0,0.0,2500000000.0,0.0,0.0,210,0.49265,0.51062,016110100100,BORNO STATE SECURITY TRUST FUND (STF),23010128,PURCHASE OF SECURITY EQUIPMENT,70361,PUBLIC ORDER AND SAFETY N.E.C.,20842800,State wide,13100126000700,Reform of Government and Governance - General
"Purchase Of 1500Nos. of Communication Gadgets, Cctv Cameras, Bullet Proof Jackets And Security Kits To Operatives, Infra Red Scanners At Strategic Locations for Security Trust Fund across the state.",0.0,0.0,0.0,0.0,2500000000.0,0.0,0.0,210,0.50082,0.51879,016110100100,BORNO STATE SECURITY TRUST FUND (STF),23010128,PURCHASE OF SECURITY EQUIPMENT,70361,PUBLIC ORDER AND SAFETY N.E.C.,20842800,State wide,13100126000800,Reform of Government and Governance - General
Purchase Of 1500Nos. of Smart Outdoor lock Alarm for Security Trust Fund across the state.,0.0,0.0,0.0,0.0,2500000000.0,0.0,0.0,210,0.50899,0.52696,016110100100,BORNO STATE SECURITY TRUST FUND (STF),23010128,PURCHASE OF SECURITY EQUIPMENT,70361,PUBLIC ORDER AND SAFETY N.E.C.,20842800,State wide,13100126000900,Reform of Government and Governance - General
Construction Of Ict Centre At The New Site for Security Trust Fund. maiduguri,0.0,5000000.0,0.0,0.0,5000000.0,0.0,0.0,210,0.51634,0.53431,016110100100,BORNO STATE SECURITY TRUST FUND (STF),23020127,CONSTRUCTION OF ICT INFRASTRUCTURES,70461,COMMUNICATION,20822100,MAIDUGURI METRO,13100124005800,Reform of Government and Governance - General
Purchase Of 15Nos. of Executive Tables And 10Nos. of Executive Chairs for Security Trust Fund.,0.0,20000000.0,0.0,0.0,20000000.0,0.0,0.0,210,0.52451,0.54248,016110100100,BORNO STATE SECURITY TRUST FUND (STF),23010112,PURCHASE OF OFFICE FURNITURE AND FITTINGS,70361,PUBLIC ORDER AND SAFETY N.E.C.,20822100,MAIDUGURI METRO,13100125000100,Reform of Government and Governance - General
"Executive Swivel Chairs, Executive Tables, One (100) Conference Table With 100 Chairs for Monitoring and Evaluation",0.0,50000000.0,50000000.0,6150000.0,38854000.0,0.0,0.0,210,0.56536,0.58333,016100800100,BORNO STATE DEPARTMENT OF MONITORING & EVALUATION (M&E),23010112,PURCHASE OF OFFICE FURNITURE AND FITTINGS,70474,MULTIPURPOSE DEVELOPMENT PROJECTS,20822100,MAIDUGURI METRO,13100122000500,Reform of Government and Governance - General
"Purchase Of HP Computer Printers-Four (4) M1132, HP Laptop 8Gb Ram Computers & Five(5) HP 4Gb Ram Desktop Computers for Monitoring and Evaluation",0.0,6000000.0,6000000.0,0.0,6000000.0,0.0,0.0,210,0.57271,0.59069,016100800100,BORNO STATE DEPARTMENT OF MONITORING & EVALUATION (M&E),23010114,PURCHASE OF COMPUTER PRINTERS,70474,MULTIPURPOSE DEVELOPMENT PROJECTS,20822100,MAIDUGURI METRO,13100122000600,Reform of Government and Governance - General
Purchase Of Two (2) Nos Sharp Digital Copier Photocopying Machines for Monitoring and Evaluation,0.0,3000000.0,3000000.0,3000000.0,3000000.0,0.0,0.0,210,0.58088,0.59886,016100800100,BORNO STATE DEPARTMENT OF MONITORING & EVALUATION (M&E),23010115,PURCHASE OF PHOTOCOPYING MACHINES,70474,MULTIPURPOSE DEVELOPMENT PROJECTS,20822100,MAIDUGURI METRO,13100123001300,Reform of Government and Governance - General
Construction Of Ict Infrastructures-Servers And Software Lan Connections And Access Points for Monitoring and Evaluation across the state,0.0,15000000.0,15000000.0,4100000.0,10000000.0,0.0,0.0,210,0.58905,0.60703,016100800100,BORNO STATE DEPARTMENT OF MONITORING & EVALUATION (M&E),23020127,CONSTRUCTION OF ICT INFRASTRUCTURES,70611,HOUSING DEVELOPMENT,20842800,State wide,13100124002300,Reform of Government and Governance - General
Monitoring And Evaluation-General Hospital Benishiekh LGA.,0.0,120000000.0,120000000.0,46802760.62,130000000.0,0.0,0.0,210,0.59722,0.6152,016100800100,BORNO STATE DEPARTMENT OF MONITORING & EVALUATION (M&E),23050103,MONITORING AND EVALUATION,70474,MULTIPURPOSE DEVELOPMENT PROJECTS,20811400,KAGA,13100123001400,Reform of Government and Governance - General
Construction of Modern Office Complex in the Musa Usman Secretariat,0.0,250000000.0,250000000.0,250000000.0,100000000.0,0.0,0.0,210,0.60539,0.62337,016100800100,BORNO STATE DEPARTMENT OF MONITORING & EVALUATION (M&E),23020101,CONSTRUCTION / PROVISION OF OFFICE BUILDINGS,70611,HOUSING DEVELOPMENT,20822100,MAIDUGURI METRO,13100125000100,Reform of Government and Governance - General
Rehabilitation of office headquarter for Monitoring and Evaluation,0.0,20000000.0,20000000.0,250000.0,30000000.0,0.0,0.0,210,0.61356,0.63154,016100800100,BORNO STATE DEPARTMENT OF MONITORING & EVALUATION (M&E),23030121,REHABILITATION / REPAIRS OF OFFICE BUILDINGS,70621,COMMUNITY DEVELOPMENT,20822100,MAIDUGURI METRO,13100125000200,Reform of Government and Governance - General
"Executive Swivel Chairs, Executive Tables, One (100) Conference Table With 50 Chairs for Monitoring and Special duties in mmc",4331000.0,120000000.0,120000000.0,23000000.0,120000000.0,0.0,0.0,210,0.65359,0.67157,016100900100,BORNO STATE DEPARTMENT OF SPECIAL PROJECTS,23010112,PURCHASE OF OFFICE FURNITURE AND FITTINGS,70161,GENERAL PUBLIC SERVICES N.E.C.,20822100,MAIDUGURI METRO,13100124003800,Reform of Government and Governance - General
Purchase Of Computer Printers-Four (4) HP Laptop 8Gb Ram Computers & Five(5) HP 4Gb Ram Desktop Computers for Monitoring and Special duties maiduguri,0.0,3440000.0,3440000.0,0.0,3000000.0,0.0,0.0,210,0.66176,0.67974,016100900100,BORNO STATE DEPARTMENT OF SPECIAL PROJECTS,23010114,PURCHASE OF COMPUTER PRINTERS,70161,GENERAL PUBLIC SERVICES N.E.C.,20822100,MAIDUGURI METRO,13100124003900,Reform of Government and Governance - General
Purchase Of Two (2) Nos Sharp Digital Copier Photocopying Machines for Monitoring and Special duties mmc,0.0,1130000.0,1130000.0,0.0,1130000.0,0.0,0.0,210,0.66912,0.68709,016100900100,BORNO STATE DEPARTMENT OF SPECIAL PROJECTS,23010115,PURCHASE OF PHOTOCOPYING MACHINES,70161,GENERAL PUBLIC SERVICES N.E.C.,20822100,MAIDUGURI METRO,13100124004000,Reform of Government and Governance - General
"Construction Of Zonal/Office For Nafdac At N0.2 Biu Road, Maiduguri.",1397874368.48,700000000.0,700000000.0,403495147.12,700000000.0,0.0,0.0,210,0.67729,0.69526,016100900100,BORNO STATE DEPARTMENT OF SPECIAL PROJECTS,23020101,CONSTRUCTION / PROVISION OF OFFICE BUILDINGS,70611,HOUSING DEVELOPMENT,20822100,MAIDUGURI METRO,13100124004100,Reform of Government and Governance - General
Buildings Of Staff Quaters For Primary Health Care Staff in jere LGA.,45049350.0,250000000.0,250000000.0,0.0,350000000.0,0.0,0.0,210,0.68546,0.70343,016100900100,BORNO STATE DEPARTMENT OF SPECIAL PROJECTS,23020102,CONSTRUCTION / PROVISION OF RESIDENTIAL BUILDINGS,70611,HOUSING DEVELOPMENT,20821300,JERE,13100124004200,Reform of Government and Governance - General
Construction Of Additional Wards General Hospital Benishiekh LGA.,375000.0,250000000.0,250000000.0,0.0,250000000.0,0.0,0.0,210,0.69363,0.7116,016100900100,BORNO STATE DEPARTMENT OF SPECIAL PROJECTS,23020106,CONSTRUCTION / PROVISION OF HOSPITALS / HEALTH CENTRES,70731,GENERAL HOSPITAL SERVICES,20811400,KAGA,13100124004300,Reform of Government and Governance - General
Construction Of Infrastructures for Special duties mmc,0.0,2289316000.0,7289316000.0,1597913442.0,2995000000.0,0.0,0.0,210,0.7018,0.71977,016100900100,BORNO STATE DEPARTMENT OF SPECIAL PROJECTS,23020118,CONSTRUCTION / PROVISION OF INFRASTRUCTURE,70611,HOUSING DEVELOPMENT,20822100,MAIDUGURI METRO,13100124004400,Reform of Government and Governance - General
Construction Of Additional Infrastructures for Special duties mmc,0.0,50400000.0,50400000.0,0.0,2995000000.0,0.0,0.0,210,0.70997,0.72794,016100900100,BORNO STATE DEPARTMENT OF SPECIAL PROJECTS,23020118,CONSTRUCTION / PROVISION OF INFRASTRUCTURE,70611,HOUSING DEVELOPMENT,20842800,State wide,13100126001000,Reform of Government and Governance - General
Construction Of Ict Infrastructures-Servers And Software Lan Connections And Access Points for Special duties across the state,0.0,50000000.0,50000000.0,0.0,60000000.0,0.0,0.0,210,0.71814,0.73611,016100900100,BORNO STATE DEPARTMENT OF SPECIAL PROJECTS,23020127,CONSTRUCTION OF ICT INFRASTRUCTURES,70611,HOUSING DEVELOPMENT,20842800,State wide,13100124004500,Reform of Government and Governance - General
Upgrading of Boreholes and Rehabilitation of 10 deep aquifer Boreholes across the state.,61785000.0,168000000.0,168000000.0,93040000.0,50000000.0,0.0,0.0,210,0.72549,0.74346,016100900100,BORNO STATE DEPARTMENT OF SPECIAL PROJECTS,23030104,REHABILITATION / REPAIRS - WATER FACILITIES,70631,WATER SUPPLY,20842800,State wide,13100124004600,Reform of Government and Governance - General
Repairs of health centers across the state.,218930745.53,55000000.0,55000000.0,0.0,170000000.0,0.0,0.0,210,0.73366,0.75163,016100900100,BORNO STATE DEPARTMENT OF SPECIAL PROJECTS,23030105,REHABILITATION / REPAIRS - HOSPITAL / HEALTH CENTRES,70741,PUBLIC HEALTH SERVICES,20842800,State wide,13100124004700,Reform of Government and Governance - General
Rehabilited public schools across the state.,84209830.02,22000000.0,22000000.0,0.0,55000000.0,0.0,0.0,210,0.74183,0.7598,016100900100,BORNO STATE DEPARTMENT OF SPECIAL PROJECTS,23030106,REHABILITATION / REPAIRS - PUBLIC SCHOOLS,70981,EDUCATION N.E.C,20822100,MAIDUGURI METRO,13100124004800,Reform of Government and Governance - General
Rehabilited office Building within mmc lgas.,685376960.5,912000000.0,912000000.0,584770130.37,22000000.0,0.0,0.0,210,0.75,0.76797,016100900100,BORNO STATE DEPARTMENT OF SPECIAL PROJECTS,23030121,REHABILITATION / REPAIRS OF OFFICE BUILDINGS,70611,HOUSING DEVELOPMENT,20842800,State wide,13100124004900,Reform of Government and Governance - General
Rehabilited various estate across the state.,0.0,100000000.0,100000000.0,0.0,1200000000.0,0.0,0.0,210,0.75817,0.77614,016100900100,BORNO STATE DEPARTMENT OF SPECIAL PROJECTS,23030128,REHABILITATION/REPAIRS OF INFRASTRUCTURES,70621,COMMUNITY DEVELOPMENT,20811400,KAGA,13100124005000,Reform of Government and Governance - General
Monitoring And Evaluation-General Hospital Benishiekh LGA.,0.0,0.0,0.0,0.0,60000000.0,0.0,0.0,210,0.76634,0.78431,016100900100,BORNO STATE DEPARTMENT OF SPECIAL PROJECTS,23050103,MONITORING AND EVALUATION,70161,GENERAL PUBLIC SERVICES N.E.C.,20811400,KAGA,13100124005100,Reform of Government and Governance - General
rehabilitation of Markets in Bama LGA.,0.0,0.0,0.0,0.0,600000000.0,0.0,0.0,210,0.77369,0.79167,016100900100,BORNO STATE DEPARTMENT OF SPECIAL PROJECTS,23030124,REHABILITATION/REPAIRS- MARKETS/PARKS,70471,"DISTRIBUTIVE TRADE, STORAGE AND WAREHOUSING",20811400,KAGA,13100126001100,Reform of Government and Governance - General
Purchase Of 15 Nos Desktop Computers and 10 Nos of Laptops for Ministry of Inter-Governmental Affairs and Special Duties,0.0,5000000.0,5000000.0,0.0,56500000.0,0.0,0.0,210,0.81454,0.83252,016200100100,MINISTRY OF INTER-GOVERNMENTAL AFFAIRS AND SPECIAL DUTIES,23010113,PURCHASE OF COMPUTERS,70133,OTHER GENERAL SERVICES,20822100,MAIDUGURI METRO,13100124000700,Reform of Government and Governance - General
Rehabilitation Of Boundaries across the state in the Minisry of Inter-Governmental Affairs.,0.0,5000000.0,5000000.0,0.0,6250000.0,0.0,0.0,210,0.8219,0.83987,016200100100,MINISTRY OF INTER-GOVERNMENTAL AFFAIRS AND SPECIAL DUTIES,23030122,REHABILITATION/REPAIRS OF BOUNDARIES,70621,COMMUNITY DEVELOPMENT,20822100,MAIDUGURI METRO,13100122000100,Reform of Government and Governance - General
Research And Development is carried out to improve quality control and to provide effective service delivery in the Ministry of Inter Government Affairs.,0.0,5000000.0,5000000.0,0.0,6250000.0,0.0,0.0,210,0.83007,0.84804,016200100100,MINISTRY OF INTER-GOVERNMENTAL AFFAIRS AND SPECIAL DUTIES,23050101,RESEARCH AND DEVELOPMENT,70133,OTHER GENERAL SERVICES,20822100,MAIDUGURI METRO,13100122000200,Reform of Government and Governance - General
Monitoring And Evaluation is been carried out to ascertain the level of staff performance in Ministry of Inter-Governmental Affairs and Special Duties,289799357.5,4000000.0,4000000.0,0.0,5000000.0,0.0,0.0,210,0.83824,0.85621,016200100100,MINISTRY OF INTER-GOVERNMENTAL AFFAIRS AND SPECIAL DUTIES,23050103,MONITORING AND EVALUATION,70133,OTHER GENERAL SERVICES,20822100,MAIDUGURI METRO,13100123001300,Reform of Government and Governance - General
Purchase Of 30Nos. of Hp Laser Jet Computer Printers for inter,0.0,0.0,800000000.0,330000.0,25000000.0,0.0,0.0,210,0.84641,0.86438,016200100100,MINISTRY OF INTER-GOVERNMENTAL AFFAIRS AND SPECIAL DUTIES,23010114,PURCHASE OF COMPUTER PRINTERS,70133,OTHER GENERAL SERVICES,20822100,MAIDUGURI METRO,13100126001200,Reform of Government and Governance - General
Purchase Of 30Nos. of Sharp Photocopying Machines for inter,0.0,0.0,0.0,0.0,50000000.0,0.0,0.0,210,0.85458,0.87255,016200100100,MINISTRY OF INTER-GOVERNMENTAL AFFAIRS AND SPECIAL DUTIES,23010115,PURCHASE OF PHOTOCOPYING MACHINES,70133,OTHER GENERAL SERVICES,20822100,MAIDUGURI METRO,13100126001300,Reform of Government and Governance - General
Purchase Of 2 Shredding Machines For The inter,0.0,0.0,0.0,0.0,500000.0,0.0,0.0,210,0.86275,0.88072,016200100100,MINISTRY OF INTER-GOVERNMENTAL AFFAIRS AND SPECIAL DUTIES,23010117,PURCHASE OF SHREDDING MACHINES,70133,OTHER GENERAL SERVICES,20822100,MAIDUGURI METRO,13100126001400,Reform of Government and Governance - General
Purchase Of 3 Hp Scanners For the Ministry,0.0,0.0,0.0,0.0,5000000.0,0.0,0.0,210,0.87092,0.88889,016200100100,MINISTRY OF INTER-GOVERNMENTAL AFFAIRS AND SPECIAL DUTIES,23010118,PURCHASE OF SCANNERS,70133,OTHER GENERAL SERVICES,20822100,MAIDUGURI METRO,13100126001500,Reform of Government and Governance - General
Construction Of Ict Infrastructures-Servers And Software Lan Connections And Access Points for Ministry of Inter-Governmental Affairs and Special Duties,0.0,0.0,0.0,0.0,163000000.0,0.0,0.0,210,0.87827,0.89624,016200100100,MINISTRY OF INTER-GOVERNMENTAL AFFAIRS AND SPECIAL DUTIES,23020127,CONSTRUCTION OF ICT INFRASTRUCTURES,70133,OTHER GENERAL SERVICES,20822100,MAIDUGURI METRO,13100126001600,Reform of Government and Governance - General
Purchase Of 3Nos. of 2022 Toyota Hilux to the Ministry of Inter-Governmental Affairs and Special Duties,0.0,0.0,0.0,0.0,300000000.0,0.0,0.0,210,0.88644,0.90441,016200100100,MINISTRY OF INTER-GOVERNMENTAL AFFAIRS AND SPECIAL DUTIES,23010105,PURCHASE OF MOTOR VEHICLES,70133,OTHER GENERAL SERVICES,20822100,MAIDUGURI METRO,13100126001700,Reform of Government and Governance - General
Purchase Of 8Nos. of Executive Tables And 16Nos. of Executive Chairs for Ministry of Inter-Governmental Affairs and Special Duties,0.0,0.0,0.0,0.0,100000000.0,0.0,0.0,210,0.89461,0.91258,016200100100,MINISTRY OF INTER-GOVERNMENTAL AFFAIRS AND SPECIAL DUTIES,23010112,PURCHASE OF OFFICE FURNITURE AND FITTINGS,70133,OTHER GENERAL SERVICES,20822100,MAIDUGURI METRO,13100126001800,Reform of Government and Governance - General
Purchase Of Power generator 110kva maikano and installation of solar to the office of the Ministry of Int,0.0,0.0,0.0,0.0,255000000.0,0.0,0.0,210,0.90278,0.92075,016200100100,MINISTRY OF INTER-GOVERNMENTAL AFFAIRS AND SPECIAL DUTIES,23010119,PURCHASE OF POWER GENERATING SET70133 - OTHER GENERAL SERVICES,,er-Governmental Affairs and Special Duties,20822100,MAIDUGURI METRO,13100126001900,Reform of Government and Governance - General
Construction of Modern Office Complex in the Musa Usman Secretariat,0.0,0.0,0.0,0.0,500000000.0,0.0,0.0,211,0.09069,0.10866,016200100100,MINISTRY OF INTER-GOVERNMENTAL AFFAIRS AND SPECIAL DUTIES,23020101,CONSTRUCTION / PROVISION OF OFFICE BUILDINGS,70133,OTHER GENERAL SERVICES,20822100,MAIDUGURI METRO,13100126002000,Reform of Government and Governance - General
Provision of health centers across the state.,0.0,0.0,0.0,0.0,500000000.0,0.0,0.0,211,0.09886,0.11683,016200100100,MINISTRY OF INTER-GOVERNMENTAL AFFAIRS AND SPECIAL DUTIES,23020106,CONSTRUCTION / PROVISION OF HOSPITALS / HEALTH CENTRES,70133,OTHER GENERAL SERVICES,20822100,MAIDUGURI METRO,13100126002100,Reform of Government and Governance - General
Repairs of health centers across the state.,0.0,0.0,0.0,0.0,505000000.0,0.0,0.0,211,0.10621,0.12418,016200100100,MINISTRY OF INTER-GOVERNMENTAL AFFAIRS AND SPECIAL DUTIES,23030105,REHABILITATION / REPAIRS - HOSPITAL / HEALTH CENTRES,70133,OTHER GENERAL SERVICES,20822100,MAIDUGURI METRO,13100126002200,Reform of Government and Governance - General
Rehabilitation and Repairs of Office Building for Ministry of Inter-Governmental Affairs and Special Duties,0.0,0.0,0.0,0.0,400000000.0,0.0,0.0,211,0.11438,0.13235,016200100100,MINISTRY OF INTER-GOVERNMENTAL AFFAIRS AND SPECIAL DUTIES,23030121,REHABILITATION / REPAIRS OF OFFICE BUILDINGS,70133,OTHER GENERAL SERVICES,20822100,MAIDUGURI METRO,13100126002300,Reform of Government and Governance - General
Purchase Of 5Nos. of Toyota Hilux for Borno Community and Social Development,0.0,80000000.0,80000000.0,0.0,0.0,0.0,0.0,211,0.15523,0.1732,016200200100,BORNO STATE COMMUNITY & SOCIAL DEVELOPMENT AGENCY (BOCSDA),23010105,PURCHASE OF MOTOR VEHICLES,71091,SOCIAL PROTECTION N.E.C.,20822100,MAIDUGURI METRO,06100124002500,Housing and Urban Development - General
Purchase Of 8Nos. of Executive Tables And 5Nos. of Executive Chairs for Borno Community and Social Development,0.0,10000000.0,10000000.0,0.0,0.0,0.0,0.0,211,0.16258,0.18056,016200200100,BORNO STATE COMMUNITY & SOCIAL DEVELOPMENT AGENCY (BOCSDA),23010112,PURCHASE OF OFFICE FURNITURE AND FITTINGS,71091,SOCIAL PROTECTION N.E.C.,20822100,MAIDUGURI METRO,06100124002600,Housing and Urban Development - General
Purchase Of 10Nos. of Hp Desktops And 5Nos. of Hp Laptops Computers for Borno Community and Social Development,0.0,10000000.0,10000000.0,0.0,0.0,0.0,0.0,211,0.17075,0.18873,016200200100,BORNO STATE COMMUNITY & SOCIAL DEVELOPMENT AGENCY (BOCSDA),23010113,PURCHASE OF COMPUTERS,71091,SOCIAL PROTECTION N.E.C.,20822100,MAIDUGURI METRO,06100124002700,Housing and Urban Development - General
Purchase Of 3Nos. of Hp Laser Jet Computer Printers for Borno Community and Social Development,0.0,3000000.0,3000000.0,0.0,0.0,0.0,0.0,211,0.17892,0.1969,016200200100,BORNO STATE COMMUNITY & SOCIAL DEVELOPMENT AGENCY (BOCSDA),23010114,PURCHASE OF COMPUTER PRINTERS,71091,SOCIAL PROTECTION N.E.C.,20822100,MAIDUGURI METRO,06100124002800,Housing and Urban Development - General
Purchase Of 3Nos. of Sharp Photocopying Machines for Borno Community and Social Development,0.0,3000000.0,3000000.0,0.0,0.0,0.0,0.0,211,0.18709,0.20507,016200200100,BORNO STATE COMMUNITY & SOCIAL DEVELOPMENT AGENCY (BOCSDA),23010115,PURCHASE OF PHOTOCOPYING MACHINES,71091,SOCIAL PROTECTION N.E.C.,20822100,MAIDUGURI METRO,06100124002900,Housing and Urban Development - General
Provision of health center within mmc & jere lgas.,0.0,150000000.0,150000000.0,0.0,40000000.0,0.0,0.0,211,0.19526,0.21324,016200200100,BORNO STATE COMMUNITY & SOCIAL DEVELOPMENT AGENCY (BOCSDA),23020106,CONSTRUCTION / PROVISION OF HOSPITALS / HEALTH CENTRES,71091,SOCIAL PROTECTION N.E.C.,20822100,MAIDUGURI METRO,06100123001500,Housing and Urban Development - General
Construction of mega schools within mmc & jere lgas.,0.0,150000000.0,150000000.0,0.0,20640000.0,0.0,0.0,211,0.20343,0.22141,016200200100,BORNO STATE COMMUNITY & SOCIAL DEVELOPMENT AGENCY (BOCSDA),23020107,CONSTRUCTION / PROVISION OF PUBLIC SCHOOLS,70951,EDUCATION NOT DEFINABLE BY LEVEL,20822100,MAIDUGURI METRO,06100124003100,Housing and Urban Development - General
Provision of 10Nos of boreholes within mmc & jere lgas.,0.0,100000000.0,100000000.0,0.0,20000000.0,0.0,0.0,211,0.21078,0.22876,016200200100,BORNO STATE COMMUNITY & SOCIAL DEVELOPMENT AGENCY (BOCSDA),23030104,REHABILITATION / REPAIRS - WATER FACILITIES,71091,SOCIAL PROTECTION N.E.C.,20822100,MAIDUGURI METRO,06100124003200,Housing and Urban Development - General
Research And Development in determining whether level of project is execution across the state..,0.0,20000000.0,20000000.0,0.0,20000000.0,0.0,0.0,211,0.21895,0.23693,016200200100,BORNO STATE COMMUNITY & SOCIAL DEVELOPMENT AGENCY (BOCSDA),23050101,RESEARCH AND DEVELOPMENT,71091,SOCIAL PROTECTION N.E.C.,20822100,MAIDUGURI METRO,06100124003300,Housing and Urban Development - General
Acquisition of accounting software for Borno Community and Social Development,0.0,15000000.0,15000000.0,0.0,0.0,0.0,0.0,211,0.22712,0.2451,016200200100,BORNO STATE COMMUNITY & SOCIAL DEVELOPMENT AGENCY (BOCSDA),23050102,COMPUTER SOFTWARE ACQUISITION,71091,SOCIAL PROTECTION N.E.C.,20822100,MAIDUGURI METRO,06100124003400,Housing and Urban Development - General
Monitoring on completion of projects across communities in the state,0.0,8000000.0,8000000.0,0.0,0.0,0.0,0.0,211,0.23529,0.25327,016200200100,BORNO STATE COMMUNITY & SOCIAL DEVELOPMENT AGENCY (BOCSDA),23050103,MONITORING AND EVALUATION,71091,SOCIAL PROTECTION N.E.C.,20842800,State wide,06100124003500,Housing and Urban Development - General
Celebrating on festival across communities in the state.,0.0,8000000.0,8000000.0,0.0,0.0,0.0,0.0,211,0.24346,0.26144,016200200100,BORNO STATE COMMUNITY & SOCIAL DEVELOPMENT AGENCY (BOCSDA),23050104,ANNIVERSARIES/CELEBRATIONS,71091,SOCIAL PROTECTION N.E.C.,20842800,State wide,06100124003600,Housing and Urban Development - General
Training 10Nos. of staff from local communities to Abuja for social development matters.,0.0,6000000.0,6000000.0,0.0,0.0,0.0,0.0,211,0.25163,0.26961,016200200100,BORNO STATE COMMUNITY & SOCIAL DEVELOPMENT AGENCY (BOCSDA),23050130,HUMAN CAPITAL DEVELOPMENT,71091,SOCIAL PROTECTION N.E.C.,20822100,MAIDUGURI METRO,06100124003700,Housing and Urban Development - General
Purchase of 406 Utility Car for Principal Officers & Directors.,0.0,500000000.0,500000000.0,0.0,500000000.0,0.0,0.0,211,0.29167,0.30964,011200300100,BORNO STATE HOUSE ASSEMBLY,23010105,PURCHASE OF MOTOR VEHICLES,70111,EXECUTIVE AND LEGISLATIVE ORGANS,20822100,MAIDUGURI METRO,13100123004300,Reform of Government and Governance - General
"Purchase Of Large Conference Table, 15 Executive Tables And 15 Swivel Chairs",0.0,200000000.0,200000000.0,0.0,200000000.0,0.0,0.0,211,0.29984,0.31781,011200300100,BORNO STATE HOUSE ASSEMBLY,23010112,PURCHASE OF OFFICE FURNITURE AND FITTINGS,70111,EXECUTIVE AND LEGISLATIVE ORGANS,20822100,MAIDUGURI METRO,13100123004400,Reform of Government and Governance - General
Purchase Of 5 Hp Desktops Computers And 3 Hp Laptop Computers For The Office Of The State Auditor General,0.0,50000000.0,50000000.0,0.0,65000000.0,0.0,0.0,211,0.30801,0.32598,011200300100,BORNO STATE HOUSE ASSEMBLY,23010113,PURCHASE OF COMPUTERS,70111,EXECUTIVE AND LEGISLATIVE ORGANS,20822100,MAIDUGURI METRO,13100123004500,Reform of Government and Governance - General
Purchase Of Three (3) 15okva Generator Set.,0.0,15000000.0,15000000.0,0.0,200000000.0,0.0,0.0,211,0.31536,0.33333,011200300100,BORNO STATE HOUSE ASSEMBLY,23010119,PURCHASE OF POWER GENERATING SET,70111,EXECUTIVE AND LEGISLATIVE ORGANS,20822100,MAIDUGURI METRO,13100123004600,Reform of Government and Governance - General
Purchase Of Two (2) Sharp Color Photocopying Machines,0.0,30000000.0,30000000.0,0.0,30000000.0,0.0,0.0,211,0.32353,0.3415,011200300100,BORNO STATE HOUSE ASSEMBLY,23010115,PURCHASE OF PHOTOCOPYING MACHINES,70111,EXECUTIVE AND LEGISLATIVE ORGANS,20822100,MAIDUGURI METRO,13100123004700,Reform of Government and Governance - General
Purchase Of 5 Manual Typewriters,176347000.0,5000000.0,5000000.0,0.0,0.0,0.0,0.0,211,0.3317,0.34967,011200300100,BORNO STATE HOUSE ASSEMBLY,23010116,PURCHASE OF TYPEWRITERS,70111,EXECUTIVE AND LEGISLATIVE ORGANS,20822100,MAIDUGURI METRO,13100123004800,Reform of Government and Governance - General
Purchase Of Two (4) Hp Top Loading Scanners,0.0,5000000.0,5000000.0,0.0,5000000.0,0.0,0.0,211,0.33987,0.35784,011200300100,BORNO STATE HOUSE ASSEMBLY,23010118,PURCHASE OF SCANNERS,70111,EXECUTIVE AND LEGISLATIVE ORGANS,20822100,MAIDUGURI METRO,13100123004900,Reform of Government and Governance - General
Construction Of New Main Assembly Complex,0.0,1500000000.0,500000000.0,0.0,2000000000.0,0.0,0.0,211,0.34804,0.36601,011200300100,BORNO STATE HOUSE ASSEMBLY,23020101,CONSTRUCTION / PROVISION OF OFFICE BUILDINGS,70611,HOUSING DEVELOPMENT,20822100,MAIDUGURI METRO,13100124006000,Reform of Government and Governance - General
Rehabilitation / Repairs Of Assembly Guest House in maiduguri,0.0,100000000.0,100000000.0,0.0,100000000.0,0.0,0.0,211,0.35621,0.37418,011200300100,BORNO STATE HOUSE ASSEMBLY,23030101,REHABILITATION / REPAIRS OF RESIDENTIAL BUILDING,70621,COMMUNITY DEVELOPMENT,20822100,MAIDUGURI METRO,13100124006200,Reform of Government and Governance - General
Provision of Electricity Jumper Fiitings Within The Assembly Complex in maiduguri,0.0,5000000.0,5000000.0,0.0,400000000.0,0.0,0.0,211,0.36356,0.38154,011200300100,BORNO STATE HOUSE ASSEMBLY,23020125,CONSTRUCTION OF POWER GENERATING PLANTS,70435,ELECTRICITY,20822100,MAIDUGURI METRO,13100124006300,Reform of Government and Governance - General
"Research, discussions, public hearing and related activities on new laws proposed by the executive across the state",0.0,20000000.0,20000000.0,0.0,0.0,0.0,0.0,211,0.37173,0.38971,011200300100,BORNO STATE HOUSE ASSEMBLY,23050101,RESEARCH AND DEVELOPMENT,70111,EXECUTIVE AND LEGISLATIVE ORGANS,20842800,State wide,13100120000100,Reform of Government and Governance - General
Monitoring And Evaluation- For Oversight Function within the state,0.0,200000000.0,200000000.0,0.0,341946000.0,0.0,0.0,211,0.3799,0.39788,011200300100,BORNO STATE HOUSE ASSEMBLY,23050103,MONITORING AND EVALUATION,70111,EXECUTIVE AND LEGISLATIVE ORGANS,20842800,State wide,13100122001900,Reform of Government and Governance - General
Anniversaries/Celebrations-Independence Day And Democracy Day within the house,0.0,500000000.0,500000000.0,0.0,1000000000.0,0.0,0.0,211,0.38807,0.40605,011200300100,BORNO STATE HOUSE ASSEMBLY,23050104,ANNIVERSARIES/CELEBRATIONS,70111,EXECUTIVE AND LEGISLATIVE ORGANS,20842800,State wide,13100122002000,Reform of Government and Governance - General
Acquisition Of Land Within Maiduguri Metropolitan Council Land Compensation,0.0,500000000.0,500000000.0,0.0,1000000000.0,0.0,0.0,211,0.39624,0.41422,011200300100,BORNO STATE HOUSE ASSEMBLY,23010101,PURCHASE / ACQUISITION OF LAND,70111,EXECUTIVE AND LEGISLATIVE ORGANS,20822100,MAIDUGURI METRO,13100125000100,Reform of Government and Governance - General
"Purchase Of Five (5) Puegeot 406, 2015 Model For The Commission Chairman, Three Commissioners And The Secretary.",0.0,90000000.0,90000000.0,0.0,62284000.0,0.0,0.0,211,0.43627,0.45425,011200400100,BORNO STATE HOUSE OF ASSEMBLY SERVICE COMMISSION,23010105,PURCHASE OF MOTOR VEHICLES,70131,GENERAL PERSONNEL SERVICES,20822100,MAIDUGURI METRO,13100124006400,Reform of Government and Governance - General
Purchase Of Elepak 5Kva Petrol Engine Power Gen. Set in maiduguri,0.0,2500000.0,2500000.0,0.0,7125000.0,0.0,0.0,211,0.44444,0.46242,011200400100,BORNO STATE HOUSE OF ASSEMBLY SERVICE COMMISSION,23010119,PURCHASE OF POWER GENERATING SET,70131,GENERAL PERSONNEL SERVICES,20822100,MAIDUGURI METRO,13100124006500,Reform of Government and Governance - General
Purchase Of 2Hp Desktops Computers And 1 Hp Laptop Computers For The Three Commissioners And The Secretary.,14980000.0,1185000.0,1185000.0,0.0,5750000.0,0.0,0.0,211,0.45261,0.47059,011200400100,BORNO STATE HOUSE OF ASSEMBLY SERVICE COMMISSION,23010113,PURCHASE OF COMPUTERS,70131,GENERAL PERSONNEL SERVICES,20822100,MAIDUGURI METRO,13100125000100,Reform of Government and Governance - General
Purchase Of Three (3) Laser Jet Hp Printers for the Commission,0.0,550000.0,550000.0,0.0,2500000.0,0.0,0.0,211,0.46078,0.47876,011200400100,BORNO STATE HOUSE OF ASSEMBLY SERVICE COMMISSION,23010114,PURCHASE OF COMPUTER PRINTERS,70131,GENERAL PERSONNEL SERVICES,20822100,MAIDUGURI METRO,13100125000200,Reform of Government and Governance - General
Procurement of 20Nos of Golf for internal security,11658700.0,1000000000.0,1000000000.0,0.0,500000000.0,0.0,0.0,211,0.50082,0.51879,012300100100,MINISTRY OF INFORMATION AND INTERNAL SECURITY,23010105,PURCHASE OF MOTOR VEHICLES,70831,BROADCASTING AND PUBLISHING SERVICES,20822100,MAIDUGURI METRO,13100124000800,Reform of Government and Governance - General
Purchase Of 3Nos. of Toyota Vans For Govt Printing Press & Fire Service in the Ministry of information and internal security.,0.0,100000000.0,100000000.0,0.0,50000000.0,0.0,0.0,211,0.50899,0.52696,012300100100,MINISTRY OF INFORMATION AND INTERNAL SECURITY,23010106,PURCHASE OF VANS,70831,BROADCASTING AND PUBLISHING SERVICES,20822100,MAIDUGURI METRO,13100124000900,Reform of Government and Governance - General
Procurement of 30 No of Executive Tables and 10 No of Chairs for internal security,9445000.0,30000000.0,30000000.0,7824000.0,20000000.0,0.0,0.0,211,0.51634,0.53431,012300100100,MINISTRY OF INFORMATION AND INTERNAL SECURITY,23010112,PURCHASE OF OFFICE FURNITURE AND FITTINGS,70831,BROADCASTING AND PUBLISHING SERVICES,20822100,MAIDUGURI METRO,13100122000300,Reform of Government and Governance - General
Procurement of 10Nos of desktop for internal security,84422530.7,1000000.0,1000000.0,0.0,1000000.0,0.0,0.0,211,0.52451,0.54248,012300100100,MINISTRY OF INFORMATION AND INTERNAL SECURITY,23010113,PURCHASE OF COMPUTERS,70831,BROADCASTING AND PUBLISHING SERVICES,20822100,MAIDUGURI METRO,13100123001600,Reform of Government and Governance - General
Purchase Of 3Nos. of Hp MX260 Printers n the Ministry of information and internal security.,4500000.0,1000000.0,1000000.0,0.0,820000.0,0.0,0.0,211,0.53268,0.55065,012300100100,MINISTRY OF INFORMATION AND INTERNAL SECURITY,23010114,PURCHASE OF COMPUTER PRINTERS,70831,BROADCASTING AND PUBLISHING SERVICES,20822100,MAIDUGURI METRO,13100122000400,Reform of Government and Governance - General
Procurement of 5Nos of Sharp photocopy machine for internal security,0.0,1000000.0,1000000.0,0.0,1500000.0,0.0,0.0,211,0.54085,0.55882,012300100100,MINISTRY OF INFORMATION AND INTERNAL SECURITY,23010115,PURCHASE OF PHOTOCOPYING MACHINES,70831,BROADCASTING AND PUBLISHING SERVICES,20822100,MAIDUGURI METRO,13100122000500,Reform of Government and Governance - General
Procurement of 1Nos of Hp scanners for internal security,957616822.5,500000.0,500000.0,0.0,300000.0,0.0,0.0,211,0.54902,0.56699,012300100100,MINISTRY OF INFORMATION AND INTERNAL SECURITY,23010118,PURCHASE OF SCANNERS,70831,BROADCASTING AND PUBLISHING SERVICES,20822100,MAIDUGURI METRO,13100123001700,Reform of Government and Governance - General
Purchase Of 100Nos of Fire extingusher for fire service in the Ministry of information and internal security.,0.0,50000000.0,50000000.0,0.0,50000000.0,0.0,0.0,211,0.55719,0.57516,012300100100,MINISTRY OF INFORMATION AND INTERNAL SECURITY,23010123,PURCHASE OF FIRE FIGHTING EQUIPMENT,70831,BROADCASTING AND PUBLISHING SERVICES,20822100,MAIDUGURI METRO,13100121000100,Reform of Government and Governance - General
"Purchase Of Kord 64, Gto and Hot Large Binding in the Ministry of information and internal security.",19005371.25,150000000.0,150000000.0,0.0,150000000.0,0.0,0.0,211,0.56536,0.58333,012300100100,MINISTRY OF INFORMATION AND INTERNAL SECURITY,23010129,PURCHASE OF INDUSTRIAL EQUIPMENT,70831,BROADCASTING AND PUBLISHING SERVICES,20822100,MAIDUGURI METRO,13100124001100,Reform of Government and Governance - General
Purchase Of 1000 Mini Radios For Listener Group In Rural Areas in the Ministry of information and internal security.,2988000.0,20000000.0,20000000.0,0.0,20000000.0,0.0,0.0,211,0.57271,0.59069,012300100100,MINISTRY OF INFORMATION AND INTERNAL SECURITY,23010130,PURCHASE OF RECREATIONAL FACILITIES,70831,BROADCASTING AND PUBLISHING SERVICES,20822100,MAIDUGURI METRO,13100124001200,Reform of Government and Governance - General
Construction Of 6 No. of New Fire Station Within Mmc And Jere LGAs.,224824650.0,500000000.0,500000000.0,79271960.0,90000000.0,0.0,0.0,211,0.58088,0.59886,012300100100,MINISTRY OF INFORMATION AND INTERNAL SECURITY,23020101,CONSTRUCTION / PROVISION OF OFFICE BUILDINGS,70321,FIRE PROTECTION SERVICES,20822100,MAIDUGURI METRO,13100122000700,Reform of Government and Governance - General
Construction of basic physical and organizational structures for fire service in the Ministry of information and internal security.,0.0,1348940000.0,348940000.0,0.0,1000000000.0,0.0,0.0,211,0.58905,0.60703,012300100100,MINISTRY OF INFORMATION AND INTERNAL SECURITY,23020118,CONSTRUCTION / PROVISION OF INFRASTRUCTURE,70321,FIRE PROTECTION SERVICES,20822100,MAIDUGURI METRO,13100122000800,Reform of Government and Governance - General
Construction Of Radios In Rural Areas in the Ministry of information and internal security.,0.0,560000.0,560000.0,0.0,1000000.0,0.0,0.0,211,0.59722,0.6152,012300100100,MINISTRY OF INFORMATION AND INTERNAL SECURITY,23020119,CONSTRUCTION / PROVISION OF RECREATIONAL FACILITIES,70461,COMMUNICATION,20822100,MAIDUGURI METRO,13100124001300,Reform of Government and Governance - General
Rehabilitation of 8 No of Fire Fighting Stations in MMC and Jere LGAs.,450000.0,150000000.0,150000000.0,7021000.0,75000000.0,0.0,0.0,211,0.60539,0.62337,012300100100,MINISTRY OF INFORMATION AND INTERNAL SECURITY,23030109,REHABILITATION / REPAIRS - FIRE FIGHTING STATIONS,70321,FIRE PROTECTION SERVICES,20822100,MAIDUGURI METRO,13100124001400,Reform of Government and Governance - General
Rehabilitation Of Arts Council Office at MMC LGA.,91910161.25,20000000.0,20000000.0,200143.5,20000000.0,0.0,0.0,211,0.61356,0.63154,012300100100,MINISTRY OF INFORMATION AND INTERNAL SECURITY,23030121,REHABILITATION / REPAIRS OF OFFICE BUILDINGS,70821,CULTURAL SERVICES,20822100,MAIDUGURI METRO,13100124001500,Reform of Government and Governance - General
Provision of 100 No of cctv software across the state for security purposes.,0.0,2000000.0,2000000.0,0.0,1000000.0,0.0,0.0,211,0.62092,0.63889,012300100100,MINISTRY OF INFORMATION AND INTERNAL SECURITY,23050102,COMPUTER SOFTWARE ACQUISITION,70831,BROADCASTING AND PUBLISHING SERVICES,20822100,MAIDUGURI METRO,13100121000200,Reform of Government and Governance - General
Support During Eid-Fitr and Christmas Celebrations For Less Privileged Individuals Across The 27 L.G.As,15000000.0,200000000.0,200000000.0,48545829.0,200000000.0,0.0,0.0,211,0.62908,0.64706,012300100100,MINISTRY OF INFORMATION AND INTERNAL SECURITY,23050104,ANNIVERSARIES/CELEBRATIONS,70831,BROADCASTING AND PUBLISHING SERVICES,20822100,MAIDUGURI METRO,13100124001600,Reform of Government and Governance - General
Capacity building of staff of the internal security directorate within the ministry of information,0.0,30000000.0,135000000.0,900000.0,20000000.0,0.0,0.0,211,0.63725,0.65523,012300100100,MINISTRY OF INFORMATION AND INTERNAL SECURITY,23050130,HUMAN CAPITAL DEVELOPMENT,70831,BROADCASTING AND PUBLISHING SERVICES,20822100,MAIDUGURI METRO,13100124001800,Reform of Government and Governance - General
Purchase Of 2 Buses For Information,33629000.0,0.0,135000000.0,230541608.32,200000000.0,0.0,0.0,211,0.64542,0.6634,012300100100,MINISTRY OF INFORMATION AND INTERNAL SECURITY,23010108,PURCHASE OF BUSES,70831,BROADCASTING AND PUBLISHING SERVICES,20822100,MAIDUGURI METRO,13100126002400,Reform of Government and Governance - General
"Digitalization Package Of Brtv Sti E1, E2, E3, H3, H4, Hcd2 & Hcd5 @ Main Radio Television mmc.",0.0,4000000000.0,3000000000.0,0.0,4000000000.0,0.0,0.0,211,0.68546,0.70343,012300400100,BORNO RADIO TELEVISION CORPORATION (BRTV),23010129,PURCHASE OF INDUSTRIAL EQUIPMENT,70831,BROADCASTING AND PUBLISHING SERVICES,20822100,MAIDUGURI METRO,11100123000100,Information Communication and Technology - General
Purchase Of 5No. 36 Seater TOYOTA Bus for performing troupe @ Main Radio Television mmc.,8484500.0,300000000.0,300000000.0,0.0,300000000.0,0.0,0.0,211,0.69363,0.7116,012300400100,BORNO RADIO TELEVISION CORPORATION (BRTV),23010105,PURCHASE OF MOTOR VEHICLES,70831,BROADCASTING AND PUBLISHING SERVICES,20822100,MAIDUGURI METRO,11100125000100,Information Communication and Technology - General
"Purchase Of 15 Office Tables And 10 Chairs, Air condition, standing fans, safe & cabinets @ Main Radio Television mmc.",0.0,100000000.0,100000000.0,0.0,100000000.0,0.0,0.0,211,0.7018,0.71977,012300400100,BORNO RADIO TELEVISION CORPORATION (BRTV),23010112,PURCHASE OF OFFICE FURNITURE AND FITTINGS,70831,BROADCASTING AND PUBLISHING SERVICES,20822100,MAIDUGURI METRO,11100125000200,Information Communication and Technology - General
Purchase of 1No HP 3 in 1 computer and UPS for council for arts & culture.,0.0,2000000.0,2000000.0,0.0,0.0,0.0,0.0,211,0.74183,0.7598,012305700100,BORNO STATE COUNCIL FOR ARTS AND CULTURE,23010113,PURCHASE OF COMPUTERS,70821,CULTURAL SERVICES,20842800,State wide,02100121000400,Societal Re-orientation - General
Purchase of 1No HP colour printer for council for arts & culture.,0.0,500000.0,500000.0,0.0,0.0,0.0,0.0,211,0.75,0.76797,012305700100,BORNO STATE COUNCIL FOR ARTS AND CULTURE,23010114,PURCHASE OF COMPUTER PRINTERS,70821,CULTURAL SERVICES,20821300,JERE,02100122000500,Societal Re-orientation - General
Purchase of 1No HP photocopy machine for council for arts & culture.,0.0,600000.0,600000.0,0.0,0.0,0.0,0.0,211,0.75817,0.77614,012305700100,BORNO STATE COUNCIL FOR ARTS AND CULTURE,23010115,PURCHASE OF PHOTOCOPYING MACHINES,70821,CULTURAL SERVICES,20821300,JERE,02100122000600,Societal Re-orientation - General
Purchase of costume and drum for council for arts & culture.,5450000.0,10000000.0,10000000.0,0.0,0.0,0.0,0.0,211,0.76634,0.78431,012305700100,BORNO STATE COUNCIL FOR ARTS AND CULTURE,23010130,PURCHASE OF RECREATIONAL FACILITIES,70821,CULTURAL SERVICES,20821300,JERE,02100122000700,Societal Re-orientation - General
Expension and remolding of the state museum in mmc lga.,0.0,28000000.0,28000000.0,0.0,0.0,0.0,0.0,211,0.77369,0.79167,012305700100,BORNO STATE COUNCIL FOR ARTS AND CULTURE,23020118,CONSTRUCTION / PROVISION OF INFRASTRUCTURE,70821,CULTURAL SERVICES,20821300,JERE,02100122000800,Societal Re-orientation - General
Rehabilitation of office headquarter at council for arts and culture jere lga.,0.0,28000000.0,28000000.0,0.0,0.0,0.0,0.0,211,0.78186,0.79984,012305700100,BORNO STATE COUNCIL FOR ARTS AND CULTURE,23030121,REHABILITATION / REPAIRS OF OFFICE BUILDINGS,70611,HOUSING DEVELOPMENT,20842800,State wide,02100124001000,Societal Re-orientation - General
"Research on Borno Cultural activities e.g. wedding ceremony, naming ceremony and installation ceremony across the state.",0.0,3000000.0,3000000.0,0.0,5000000.0,0.0,0.0,211,0.79003,0.80801,012305700100,BORNO STATE COUNCIL FOR ARTS AND CULTURE,23050101,RESEARCH AND DEVELOPMENT,70821,CULTURAL SERVICES,20821300,JERE,02100123000800,Societal Re-orientation - General
"National Festival Of Art And Culture (Nafest) And Canival, International Arts And Crafts Expo At Abuja And Democracy Celebration.",0.0,250000000.0,250000000.0,0.0,100000000.0,0.0,0.0,211,0.7982,0.81618,012305700100,BORNO STATE COUNCIL FOR ARTS AND CULTURE,23050104,ANNIVERSARIES/CELEBRATIONS,70821,CULTURAL SERVICES,20822100,MAIDUGURI METRO,02100123000900,Societal Re-orientation - General
Purchase of 3No of Bus for Arts and Culture,0.0,0.0,0.0,0.0,200000000.0,0.0,0.0,211,0.80637,0.82435,012305700100,BORNO STATE COUNCIL FOR ARTS AND CULTURE,23010108,PURCHASE OF BUSES,70821,CULTURAL SERVICES,20822100,MAIDUGURI METRO,02100126000200,Societal Re-orientation - General
Purchase Of Twenty-five (25) Office Tables And (25) Twenty-five Chairs For The Office Of The Head Of Service,0.0,30000000.0,30000000.0,0.0,30000000.0,0.0,0.0,211,0.84641,0.86438,012500100100,BORNO STATE HEAD OF SERVICE (HOS),23010112,PURCHASE OF OFFICE FURNITURE AND FITTINGS,70131,GENERAL PERSONNEL SERVICES,20822100,MAIDUGURI METRO,13100122002500,Reform of Government and Governance - General
Purchase Of Five (5) Hp Desktop Computers And Three (310 Hp Laptops For The Office Of The Head Of Service,0.0,20000000.0,20000000.0,0.0,30000000.0,0.0,0.0,211,0.85458,0.87255,012500100100,BORNO STATE HEAD OF SERVICE (HOS),23010113,PURCHASE OF COMPUTERS,70131,GENERAL PERSONNEL SERVICES,20822100,MAIDUGURI METRO,13100123005600,Reform of Government and Governance - General
Purchase Of Five (5) Hp Printers For The Office Of The Head Of Service,0.0,15000000.0,15000000.0,0.0,10000000.0,0.0,0.0,211,0.86275,0.88072,012500100100,BORNO STATE HEAD OF SERVICE (HOS),23010114,PURCHASE OF COMPUTER PRINTERS,70131,GENERAL PERSONNEL SERVICES,20822100,MAIDUGURI METRO,13100123005700,Reform of Government and Governance - General
Purchase Of SIX (6) Fittnes Bike And SIX (6) Treadmill Exercising Machine For The Office Of The Head Of Service,0.0,10000000.0,10000000.0,0.0,10000000.0,0.0,0.0,211,0.87092,0.88889,012500100100,BORNO STATE HEAD OF SERVICE (HOS),23010115,PURCHASE OF PHOTOCOPYING MACHINES,70131,GENERAL PERSONNEL SERVICES,20822100,MAIDUGURI METRO,13100123005800,Reform of Government and Governance - General
Purchase of 300kva youger sound proof for the head of service office,0.0,10000000.0,10000000.0,0.0,10000000.0,0.0,0.0,211,0.87827,0.89624,012500100100,BORNO STATE HEAD OF SERVICE (HOS),23010119,PURCHASE OF POWER GENERATING SET,70131,GENERAL PERSONNEL SERVICES,20822100,MAIDUGURI METRO,13100123005900,Reform of Government and Governance - General
Research on all civil servant promotion yearly for their examination across the state.,0.0,25000000.0,25000000.0,0.0,10000000.0,0.0,0.0,211,0.88644,0.90441,012500100100,BORNO STATE HEAD OF SERVICE (HOS),23050101,RESEARCH AND DEVELOPMENT,70131,GENERAL PERSONNEL SERVICES,20842800,State wide,13100123006000,Reform of Government and Governance - General
Purchase Of 1 Brand New Toyota Hilux Double Vehicles For The Office Of The State Auditor General,0.0,20000000.0,20000000.0,0.0,30000000.0,0.0,0.0,212,0.10621,0.12418,014000100100,BORNO STATE OFFICE OF THE STATE AUDITOR GENERAL,23010105,PURCHASE OF MOTOR VEHICLES,70112,FINANCIAL AND FISCAL AFFAIRS,20822100,MAIDUGURI METRO,13100123006100,Reform of Government and Governance - General
"Purchase Of 5 Office Tables And 15 Chairs, Air condition, standing fans, safe & cabinets For The Office Of The State Auditor General",3715000.0,5000000.0,5000000.0,4430000.0,5000000.0,0.0,0.0,212,0.11438,0.13235,014000100100,BORNO STATE OFFICE OF THE STATE AUDITOR GENERAL,23010112,PURCHASE OF OFFICE FURNITURE AND FITTINGS,70112,FINANCIAL AND FISCAL AFFAIRS,20822100,MAIDUGURI METRO,13100123006200,Reform of Government and Governance - General
"Purchase Of 4 Hp Desktops Computers, UPS and 10 Hp Laptop Computers For The Office Of The State Auditor General",3960000.0,5100000.0,5100000.0,4310000.0,2000000.0,0.0,0.0,212,0.12255,0.14052,014000100100,BORNO STATE OFFICE OF THE STATE AUDITOR GENERAL,23010113,PURCHASE OF COMPUTERS,70112,FINANCIAL AND FISCAL AFFAIRS,20822100,MAIDUGURI METRO,13100123006300,Reform of Government and Governance - General
Purchase Of 5 Hp Laser Jet Printers For The Office of Auditor general,450000.0,1300000.0,1300000.0,1250000.0,1000000.0,0.0,0.0,212,0.13072,0.14869,014000100100,BORNO STATE OFFICE OF THE STATE AUDITOR GENERAL,23010114,PURCHASE OF COMPUTER PRINTERS,70112,FINANCIAL AND FISCAL AFFAIRS,20822100,MAIDUGURI METRO,13100123006400,Reform of Government and Governance - General
Purchase Of 3 Canon Digital Photocopying Machines For The Office Of State Auditor General,1850000.0,2000000.0,2000000.0,1760000.0,1000000.0,0.0,0.0,212,0.13889,0.15686,014000100100,BORNO STATE OFFICE OF THE STATE AUDITOR GENERAL,23010115,PURCHASE OF PHOTOCOPYING MACHINES,70112,FINANCIAL AND FISCAL AFFAIRS,20822100,MAIDUGURI METRO,13100123006500,Reform of Government and Governance - General
Purchase Of 2 Shredding Machines For The Office Of The State Auditor General,0.0,1600000.0,1600000.0,0.0,0.0,0.0,0.0,212,0.14706,0.16503,014000100100,BORNO STATE OFFICE OF THE STATE AUDITOR GENERAL,23010117,PURCHASE OF SHREDDING MACHINES,70112,FINANCIAL AND FISCAL AFFAIRS,20822100,MAIDUGURI METRO,13100123006600,Reform of Government and Governance - General
Construction of Modern Office Complex in the Musa Usman Secretariat,0.0,52000000.0,52000000.0,0.0,100000000.0,0.0,0.0,212,0.15523,0.1732,014000100100,BORNO STATE OFFICE OF THE STATE AUDITOR GENERAL,23020101,CONSTRUCTION / PROVISION OF OFFICE BUILDINGS,70611,HOUSING DEVELOPMENT,20822100,MAIDUGURI METRO,13100123006700,Reform of Government and Governance - General
Purchase of One (1) Toyota Hilux For The Office Of Local Government Auditor Office,0.0,20000000.0,20000000.0,18200000.0,30000000.0,0.0,0.0,212,0.19526,0.21324,014000200100,BORNO STATE OFFICE OF THE LOCAL GOVERNMENT AUDITOR GENERAL,23010105,PURCHASE OF MOTOR VEHICLES,70112,FINANCIAL AND FISCAL AFFAIRS,20822100,MAIDUGURI METRO,13100123006800,Reform of Government and Governance - General
Purchase of Five (5) Office Tables And Ten (10) Chairs For The Office Of Local Govenrment Audit,0.0,35000000.0,35000000.0,31520000.0,7150000.0,0.0,0.0,212,0.20343,0.22141,014000200100,BORNO STATE OFFICE OF THE LOCAL GOVERNMENT AUDITOR GENERAL,23010112,PURCHASE OF OFFICE FURNITURE AND FITTINGS,70112,FINANCIAL AND FISCAL AFFAIRS,20822100,MAIDUGURI METRO,13100123006900,Reform of Government and Governance - General
Purchase of 5 Hp Deskstop Computers And 3 Hp Laptops For Local Government Auditors Office,0.0,7000000.0,7000000.0,1000000.0,27500000.0,0.0,0.0,212,0.21078,0.22876,014000200100,BORNO STATE OFFICE OF THE LOCAL GOVERNMENT AUDITOR GENERAL,23010113,PURCHASE OF COMPUTERS,70112,FINANCIAL AND FISCAL AFFAIRS,20822100,MAIDUGURI METRO,13100123007000,Reform of Government and Governance - General
Purchase of 1 Hp Printer For The Office Of The Office Local Government Auditor General,0.0,500000.0,500000.0,0.0,2365000.0,0.0,0.0,212,0.21895,0.23693,014000200100,BORNO STATE OFFICE OF THE LOCAL GOVERNMENT AUDITOR GENERAL,23010114,PURCHASE OF COMPUTER PRINTERS,70112,FINANCIAL AND FISCAL AFFAIRS,20822100,MAIDUGURI METRO,13100123007100,Reform of Government and Governance - General
Purchase of 1 Sharp Photocopying Machine For The Office of Auditor Gen LG,0.0,500000.0,500000.0,0.0,2500000.0,0.0,0.0,212,0.22712,0.2451,014000200100,BORNO STATE OFFICE OF THE LOCAL GOVERNMENT AUDITOR GENERAL,23010115,PURCHASE OF PHOTOCOPYING MACHINES,70112,FINANCIAL AND FISCAL AFFAIRS,20822100,MAIDUGURI METRO,13100123007200,Reform of Government and Governance - General
Purchase of 1 Hp Scanner For The Office Auditor Gen LG,0.0,250000.0,250000.0,0.0,2500000.0,0.0,0.0,212,0.23529,0.25327,014000200100,BORNO STATE OFFICE OF THE LOCAL GOVERNMENT AUDITOR GENERAL,23010118,PURCHASE OF SCANNERS,70112,FINANCIAL AND FISCAL AFFAIRS,20822100,MAIDUGURI METRO,13100123007300,Reform of Government and Governance - General
Construction of one Office Block of In State Capital,0.0,40000000.0,40000000.0,35850000.0,53673000.0,0.0,0.0,212,0.24346,0.26144,014000200100,BORNO STATE OFFICE OF THE LOCAL GOVERNMENT AUDITOR GENERAL,23020101,CONSTRUCTION / PROVISION OF OFFICE BUILDINGS,70611,HOUSING DEVELOPMENT,20822100,MAIDUGURI METRO,13100122002600,Reform of Government and Governance - General
Construction of ICT Infrastructures For Internet Services in The Office Of The Local Government Auditor General,0.0,5000000.0,5000000.0,0.0,10000000.0,0.0,0.0,212,0.25163,0.26961,014000200100,BORNO STATE OFFICE OF THE LOCAL GOVERNMENT AUDITOR GENERAL,23020127,CONSTRUCTION OF ICT INFRASTRUCTURES,70611,HOUSING DEVELOPMENT,20822100,MAIDUGURI METRO,13100124006800,Reform of Government and Governance - General
Acquisition of Auditing Software in The Office Of Local Government Audit Office,0.0,3000000.0,3000000.0,0.0,15000000.0,0.0,0.0,212,0.2598,0.27778,014000200100,BORNO STATE OFFICE OF THE LOCAL GOVERNMENT AUDITOR GENERAL,23050102,COMPUTER SOFTWARE ACQUISITION,70112,FINANCIAL AND FISCAL AFFAIRS,20822100,MAIDUGURI METRO,13100123007400,Reform of Government and Governance - General
Purchase Of Power Generating Set Youger Sound Proof 150Kva For Local Government,0.0,0.0,0.0,0.0,120026000.0,0.0,0.0,212,0.26716,0.28513,014000200100,BORNO STATE OFFICE OF THE LOCAL GOVERNMENT AUDITOR GENERAL,23010119,PURCHASE OF POWER GENERATING SET,70112,FINANCIAL AND FISCAL AFFAIRS,20822100,MAIDUGURI METRO,13100126002500,Reform of Government and Governance - General
Purchase Of 5 Tables And 10 Chairs For Audit service commikssion office mmc,0.0,500000.0,13000000.0,0.0,3000000.0,0.0,0.0,212,0.30801,0.32598,014000300100,BORNO STATE AUDIT SERVICE COMMISSION,23010112,PURCHASE OF OFFICE FURNITURE AND FITTINGS,70131,GENERAL PERSONNEL SERVICES,20822100,MAIDUGURI METRO,13100123007600,Reform of Government and Governance - General
Purchase Of 4 Hp Desktop Computers For The state Audit Commission mmc,0.0,1900000.0,500000.0,0.0,2500000.0,0.0,0.0,212,0.31536,0.33333,014000300100,BORNO STATE AUDIT SERVICE COMMISSION,23010113,PURCHASE OF COMPUTERS,70131,GENERAL PERSONNEL SERVICES,20822100,MAIDUGURI METRO,13100123007700,Reform of Government and Governance - General
Purchase Of 4 Hp Computer Printers Colour Machines For The State Audit Commission,0.0,500000.0,1900000.0,0.0,2000000.0,0.0,0.0,212,0.32353,0.3415,014000300100,BORNO STATE AUDIT SERVICE COMMISSION,23010114,PURCHASE OF COMPUTER PRINTERS,70131,GENERAL PERSONNEL SERVICES,20822100,MAIDUGURI METRO,13100123007800,Reform of Government and Governance - General
Purchase Of 2 Sharp Colour Photocopying Machines For The State Audit Commission mmc,0.0,500000.0,1000000.0,0.0,2500000.0,0.0,0.0,212,0.3317,0.34967,014000300100,BORNO STATE AUDIT SERVICE COMMISSION,23010115,PURCHASE OF PHOTOCOPYING MACHINES,70131,GENERAL PERSONNEL SERVICES,20822100,MAIDUGURI METRO,13100123007900,Reform of Government and Governance - General
"Purchase Of Filling Cabinet For Secret, Open Registry & Fittings For Civil Service Commission",0.0,5000000.0,5000000.0,0.0,10000000.0,0.0,0.0,212,0.37173,0.38971,014700100100,BORNO STATE CIVIL SERVICE COMMISSION,23010112,PURCHASE OF OFFICE FURNITURE AND FITTINGS,70131,GENERAL PERSONNEL SERVICES,20822100,MAIDUGURI METRO,13100122002700,Reform of Government and Governance - General
Purchase Of Power Generating Set Youger Sound Proof 30Kva For Civil Service Commission,0.0,3000000.0,3000000.0,0.0,10000000.0,0.0,0.0,212,0.3799,0.39788,014700100100,BORNO STATE CIVIL SERVICE COMMISSION,23010119,PURCHASE OF POWER GENERATING SET,70131,GENERAL PERSONNEL SERVICES,20822100,MAIDUGURI METRO,13100122002800,Reform of Government and Governance - General
Construction Of Drainages at Civil Service Commission.,0.0,2000000.0,2000000.0,0.0,0.0,0.0,0.0,212,0.38807,0.40605,014700100100,BORNO STATE CIVIL SERVICE COMMISSION,23020105,CONSTRUCTION / PROVISION OF WATER FACILITIES,70451,ROAD TRANSPORT,20822100,MAIDUGURI METRO,13100122002900,Reform of Government and Governance - General
Purchase of 1 HP Computer,0.0,0.0,0.0,0.0,500000.0,0.0,0.0,212,0.39624,0.41422,014700100100,BORNO STATE CIVIL SERVICE COMMISSION,23010113,PURCHASE OF COMPUTERS,70131,GENERAL PERSONNEL SERVICES,20822100,MAIDUGURI METRO,13100126002600,Reform of Government and Governance - General
Purchase of 1 HP Computer Printers,0.0,0.0,0.0,0.0,500000.0,0.0,0.0,212,0.40441,0.42239,014700100100,BORNO STATE CIVIL SERVICE COMMISSION,23010114,PURCHASE OF COMPUTER PRINTERS,70131,GENERAL PERSONNEL SERVICES,20822100,MAIDUGURI METRO,13100126002700,Reform of Government and Governance - General
Purchase of 1 Hp Photocopy for office use,0.0,0.0,0.0,0.0,200000.0,0.0,0.0,212,0.41258,0.43056,014700100100,BORNO STATE CIVIL SERVICE COMMISSION,23010115,PURCHASE OF PHOTOCOPYING MACHINES,70131,GENERAL PERSONNEL SERVICES,20822100,MAIDUGURI METRO,13100126002800,Reform of Government and Governance - General
Purchase of 1 OF SHREDDING MACHINE,0.0,0.0,0.0,0.0,100000.0,0.0,0.0,212,0.41993,0.43791,014700100100,BORNO STATE CIVIL SERVICE COMMISSION,23010117,PURCHASE OF SHREDDING MACHINES,70131,GENERAL PERSONNEL SERVICES,20822100,MAIDUGURI METRO,13100126002900,Reform of Government and Governance - General
Purchase of Five (1) SCANNERS FOR OFFICE USED,0.0,0.0,0.0,0.0,100000.0,0.0,0.0,212,0.4281,0.44608,014700100100,BORNO STATE CIVIL SERVICE COMMISSION,23010118,PURCHASE OF SCANNERS,70131,GENERAL PERSONNEL SERVICES,20822100,MAIDUGURI METRO,13100126003000,Reform of Government and Governance - General
Purchase of 1 firefighting piece Equipment,0.0,0.0,0.0,0.0,100000.0,0.0,0.0,212,0.43627,0.45425,014700100100,BORNO STATE CIVIL SERVICE COMMISSION,23010123,PURCHASE OF FIRE FIGHTING EQUIPMENT,70131,GENERAL PERSONNEL SERVICES,20822100,MAIDUGURI METRO,13100126003100,Reform of Government and Governance - General
Purchase Of 100Nos Cctv Cameras,0.0,0.0,0.0,0.0,1000000.0,0.0,0.0,212,0.44444,0.46242,014700100100,BORNO STATE CIVIL SERVICE COMMISSION,23010128,PURCHASE OF SECURITY EQUIPMENT,70131,GENERAL PERSONNEL SERVICES,20822100,MAIDUGURI METRO,13100126003200,Reform of Government and Governance - General
Rehabilitation of office headquarter,0.0,0.0,0.0,0.0,3201000.0,0.0,0.0,212,0.45261,0.47059,014700100100,BORNO STATE CIVIL SERVICE COMMISSION,23030121,REHABILITATION / REPAIRS OF OFFICE BUILDINGS,70131,GENERAL PERSONNEL SERVICES,20822100,MAIDUGURI METRO,13100126003300,Reform of Government and Governance - General
Purchase Of 4 Volkswagen Golf For Borno State Independent Electoral Commission,0.0,80000000.0,80000000.0,0.0,0.0,0.0,0.0,212,0.49265,0.51062,014800100100,BORNO STATE INDEPENDENT ELECTORAL COMMISSION,23010105,PURCHASE OF MOTOR VEHICLES,70161,GENERAL PUBLIC SERVICES N.E.C.,20822100,MAIDUGURI METRO,13100121000700,Reform of Government and Governance - General
Purchase Of 2 Trucks For Borno State Independent Electoral Commission,0.0,20000000.0,20000000.0,0.0,0.0,0.0,0.0,212,0.50082,0.51879,014800100100,BORNO STATE INDEPENDENT ELECTORAL COMMISSION,23010107,PURCHASE OF TRUCKS,70161,GENERAL PUBLIC SERVICES N.E.C.,20822100,MAIDUGURI METRO,13100121000800,Reform of Government and Governance - General
Purchase Of 2 Buses For Borno State Independent Electoral Commission,0.0,25000000.0,25000000.0,0.0,0.0,0.0,0.0,212,0.50899,0.52696,014800100100,BORNO STATE INDEPENDENT ELECTORAL COMMISSION,23010108,PURCHASE OF BUSES,70161,GENERAL PUBLIC SERVICES N.E.C.,20822100,MAIDUGURI METRO,13100121000900,Reform of Government and Governance - General
Purchase Of 15 Tables And 15 Chairs For Borno State Independent Electoral Commission,0.0,20000000.0,20000000.0,0.0,22000000.0,0.0,0.0,212,0.51634,0.53431,014800100100,BORNO STATE INDEPENDENT ELECTORAL COMMISSION,23010112,PURCHASE OF OFFICE FURNITURE AND FITTINGS,70161,GENERAL PUBLIC SERVICES N.E.C.,20822100,MAIDUGURI METRO,13100121001000,Reform of Government and Governance - General
Purchase Of 10 Hp Desktop Computers And 3 Hp Laptops For Borno State Independent Electoral Commission,0.0,10000000.0,10000000.0,0.0,10000000.0,0.0,0.0,212,0.52451,0.54248,014800100100,BORNO STATE INDEPENDENT ELECTORAL COMMISSION,23010113,PURCHASE OF COMPUTERS,70161,GENERAL PUBLIC SERVICES N.E.C.,20822100,MAIDUGURI METRO,13100121001100,Reform of Government and Governance - General
Purchase Of 5 Hp Laser Jet Computer Printers For Borno State Independent Electoral Commission,1703000.0,2000000.0,2000000.0,1000000.0,2000000.0,0.0,0.0,212,0.53268,0.55065,014800100100,BORNO STATE INDEPENDENT ELECTORAL COMMISSION,23010114,PURCHASE OF COMPUTER PRINTERS,70161,GENERAL PUBLIC SERVICES N.E.C.,20822100,MAIDUGURI METRO,13100121001200,Reform of Government and Governance - General
Purchase Of 5 Sharp Photocopying Machines For Borno State Independent Electoral Commission,0.0,3000000.0,3000000.0,0.0,4000000.0,0.0,0.0,212,0.54085,0.55882,014800100100,BORNO STATE INDEPENDENT ELECTORAL COMMISSION,23010115,PURCHASE OF PHOTOCOPYING MACHINES,70161,GENERAL PUBLIC SERVICES N.E.C.,20822100,MAIDUGURI METRO,13100121001300,Reform of Government and Governance - General
Purchase Of 2 3Kva Power Generating Set For Borno State Independent Electoral Commission,0.0,20000000.0,20000000.0,0.0,21000000.0,0.0,0.0,212,0.54902,0.56699,014800100100,BORNO STATE INDEPENDENT ELECTORAL COMMISSION,23010119,PURCHASE OF POWER GENERATING SET,70161,GENERAL PUBLIC SERVICES N.E.C.,20822100,MAIDUGURI METRO,13100121001400,Reform of Government and Governance - General
"Monitoring, Evaluation & Observation Of Local Government Council Election Across The Country",0.0,10000000.0,10000000.0,0.0,15000000.0,0.0,0.0,212,0.55719,0.57516,014800100100,BORNO STATE INDEPENDENT ELECTORAL COMMISSION,23050103,MONITORING AND EVALUATION,70161,GENERAL PUBLIC SERVICES N.E.C.,20842800,State wide,13100120000300,Reform of Government and Governance - General
Rehabilitation Of Office building For Borno State Independent Electoral Commission,0.0,30000000.0,30000000.0,0.0,150000000.0,0.0,0.0,212,0.56536,0.58333,014800100100,BORNO STATE INDEPENDENT ELECTORAL COMMISSION,23030121,REHABILITATION / REPAIRS OF OFFICE BUILDINGS,70621,COMMUNITY DEVELOPMENT,20822100,MAIDUGURI METRO,13100125000100,Reform of Government and Governance - General
Repairs of generators For Borno State Independent Electoral Commission,0.0,20000000.0,20000000.0,0.0,15000000.0,0.0,0.0,212,0.57271,0.59069,014800100100,BORNO STATE INDEPENDENT ELECTORAL COMMISSION,23030125,REHABILITATION/REPAIRS- POWER GENERATING PLANTS,70161,GENERAL PUBLIC SERVICES N.E.C.,20822100,MAIDUGURI METRO,13100125000200,Reform of Government and Governance - General
Purchase Of 1 Volkwagen Golf Wagon For The Local Government Service Commission,0.0,5000000.0,5000000.0,0.0,0.0,0.0,0.0,212,0.61356,0.63154,014900100100,BORNO STATE LOCAL GOVERNMENT SERVICE COMMISSION,23010105,PURCHASE OF MOTOR VEHICLES,70131,GENERAL PERSONNEL SERVICES,20822100,MAIDUGURI METRO,13100122003100,Reform of Government and Governance - General
Purchase Of 15 Nos of office chairs and 10 Nos of office tables Within The Local Government Service Commission,0.0,3500000.0,3500000.0,1944000.0,20000000.0,0.0,0.0,212,0.62092,0.63889,014900100100,BORNO STATE LOCAL GOVERNMENT SERVICE COMMISSION,23010112,PURCHASE OF OFFICE FURNITURE AND FITTINGS,70131,GENERAL PERSONNEL SERVICES,20822100,MAIDUGURI METRO,13100123008100,Reform of Government and Governance - General
Purchase Of 3 Desktop Computers For Local Government Service Commission,1150000.0,5000000.0,5000000.0,880000.0,5000000.0,0.0,0.0,212,0.62908,0.64706,014900100100,BORNO STATE LOCAL GOVERNMENT SERVICE COMMISSION,23010113,PURCHASE OF COMPUTERS,70131,GENERAL PERSONNEL SERVICES,20822100,MAIDUGURI METRO,13100123008200,Reform of Government and Governance - General
Purchase Of 1 Hp Printers For Local Government Service Commission,0.0,500000.0,500000.0,500000.0,1000000.0,0.0,0.0,212,0.63725,0.65523,014900100100,BORNO STATE LOCAL GOVERNMENT SERVICE COMMISSION,23010114,PURCHASE OF COMPUTER PRINTERS,70131,GENERAL PERSONNEL SERVICES,20822100,MAIDUGURI METRO,13100123008300,Reform of Government and Governance - General
Purchase Of 1 Sharp Photocopying Machine For Local Government Service Commission,0.0,500000.0,500000.0,500000.0,1000000.0,0.0,0.0,212,0.64542,0.6634,014900100100,BORNO STATE LOCAL GOVERNMENT SERVICE COMMISSION,23010115,PURCHASE OF PHOTOCOPYING MACHINES,70131,GENERAL PERSONNEL SERVICES,20822100,MAIDUGURI METRO,13100123008400,Reform of Government and Governance - General
Purchase Of 1 Hp Scanners For Local Government Service Commission,0.0,500000.0,500000.0,350000.0,500000.0,0.0,0.0,212,0.65359,0.67157,014900100100,BORNO STATE LOCAL GOVERNMENT SERVICE COMMISSION,23010118,PURCHASE OF SCANNERS,70131,GENERAL PERSONNEL SERVICES,20822100,MAIDUGURI METRO,13100123008500,Reform of Government and Governance - General
Purchase Of 1 Elepaq 3Kva Generator For Local Government Service Commission,0.0,10000000.0,10000000.0,0.0,80000000.0,0.0,0.0,212,0.66176,0.67974,014900100100,BORNO STATE LOCAL GOVERNMENT SERVICE COMMISSION,23010119,PURCHASE OF POWER GENERATING SET,70131,GENERAL PERSONNEL SERVICES,20822100,MAIDUGURI METRO,13100124006900,Reform of Government and Governance - General
Provision Of Buildings (Staff Quarters/Guest House) for Local Government Service Commission,0.0,20000000.0,20000000.0,2166800.0,173201000.0,0.0,0.0,212,0.66912,0.68709,014900100100,BORNO STATE LOCAL GOVERNMENT SERVICE COMMISSION,23020101,CONSTRUCTION / PROVISION OF OFFICE BUILDINGS,70131,GENERAL PERSONNEL SERVICES,20822100,MAIDUGURI METRO,13100124007000,Reform of Government and Governance - General
Purchase Of Office Buildings Within Jere and Maiduguri Metropolis Lga'S In The State,0.0,15500000.0,15500000.0,0.0,60000000.0,0.0,0.0,212,0.70997,0.72794,014900200100,BORNO STATE LOCAL GOVERNMENT STAFF PENSIONS BOARD,23010102,PURCHASE OF OFFICE BUILDINGS,71021,OLD AGE,20821300,JERE,13100122003400,Reform of Government and Governance - General
"Purchase Of Varoius Office Furniture And Fittings With The Local Government Pension Board (10 Executive tables and 10 executive chairs,20 visitors chairs)",0.0,7000000.0,7000000.0,0.0,7000000.0,0.0,0.0,212,0.71814,0.73611,014900200100,BORNO STATE LOCAL GOVERNMENT STAFF PENSIONS BOARD,23010112,PURCHASE OF OFFICE FURNITURE AND FITTINGS,71021,OLD AGE,20822100,MAIDUGURI METRO,13100123008800,Reform of Government and Governance - General
Purchase Of 4 Hp Desktop Computers And 2 Hp Laptops For Staff In Local Government Pension Board,0.0,7000000.0,57000000.0,0.0,7000000.0,0.0,0.0,212,0.72549,0.74346,014900200100,BORNO STATE LOCAL GOVERNMENT STAFF PENSIONS BOARD,23010113,PURCHASE OF COMPUTERS,71021,OLD AGE,20822100,MAIDUGURI METRO,13100123008900,Reform of Government and Governance - General
Purchase Of 3 Hp Laser Jet Computer Printers For Local Government Pension Board,0.0,2000000.0,2000000.0,0.0,2000000.0,0.0,0.0,212,0.73366,0.75163,014900200100,BORNO STATE LOCAL GOVERNMENT STAFF PENSIONS BOARD,23010114,PURCHASE OF COMPUTER PRINTERS,71021,OLD AGE,20822100,MAIDUGURI METRO,13100123009000,Reform of Government and Governance - General
Purchase Of 2 Sharp Photocopying Machines For the Local Government Pension Board,0.0,2000000.0,2000000.0,0.0,2000000.0,0.0,0.0,212,0.74183,0.7598,014900200100,BORNO STATE LOCAL GOVERNMENT STAFF PENSIONS BOARD,23010115,PURCHASE OF PHOTOCOPYING MACHINES,71021,OLD AGE,20822100,MAIDUGURI METRO,13100123009100,Reform of Government and Governance - General
Purchase Of 2 Shredding Machines For The Local Government Pension Board,0.0,200000.0,200000.0,0.0,1250000.0,0.0,0.0,212,0.75,0.76797,014900200100,BORNO STATE LOCAL GOVERNMENT STAFF PENSIONS BOARD,23010117,PURCHASE OF SHREDDING MACHINES,71021,OLD AGE,20822100,MAIDUGURI METRO,13100123009200,Reform of Government and Governance - General
Purchase Of 3 Hp Scanners For Local Government Pension Board,0.0,1550000.0,1550000.0,0.0,2000000.0,0.0,0.0,212,0.75817,0.77614,014900200100,BORNO STATE LOCAL GOVERNMENT STAFF PENSIONS BOARD,23010118,PURCHASE OF SCANNERS,71021,OLD AGE,20822100,MAIDUGURI METRO,13100123009300,Reform of Government and Governance - General
Purchase Of 1 7.5Kvapower Generating Set Local Government Pension Board,0.0,5000000.0,5000000.0,0.0,9000000.0,0.0,0.0,212,0.76634,0.78431,014900200100,BORNO STATE LOCAL GOVERNMENT STAFF PENSIONS BOARD,23010119,PURCHASE OF POWER GENERATING SET,71021,OLD AGE,20822100,MAIDUGURI METRO,13100123009400,Reform of Government and Governance - General
Computer Software Acquisition For Use Within the Local Government Pension Board,0.0,5750000.0,5750000.0,0.0,5750000.0,0.0,0.0,212,0.77369,0.79167,014900200100,BORNO STATE LOCAL GOVERNMENT STAFF PENSIONS BOARD,23050102,COMPUTER SOFTWARE ACQUISITION,71021,OLD AGE,20822100,MAIDUGURI METRO,13100123009500,Reform of Government and Governance - General
Rehabilitation Of 3No of Agro Service Centres and Workshop Buildings across the State,0.0,10000000.0,10000000.0,0.0,20000000.0,0.0,0.0,212,0.81454,0.83252,021500100100,MINISTRY OF AGRICULTURE AND NATURAL RESOURCES,23010105,PURCHASE OF MOTOR VEHICLES,70421,AGRICULTURE,20822100,MAIDUGURI METRO,01010224000100,Agriculture sector coordination mechanisms
Purchase Of 1Nos. of Refurbished Toyota Van For The Ministry Of Agriculture and Natural Resources.,950000000.0,50000000.0,50000000.0,0.0,0.0,0.0,0.0,212,0.8219,0.83987,021500100100,MINISTRY OF AGRICULTURE AND NATURAL RESOURCES,23010106,PURCHASE OF VANS,70421,AGRICULTURE,20822100,MAIDUGURI METRO,01010224000200,Agriculture sector coordination mechanisms
Purchase Of 3Nos. of Trucks For The Ministry Of Agriculture and Natural Resources.,500000000.0,50000000.0,50000000.0,0.0,500000000.0,0.0,0.0,212,0.83007,0.84804,021500100100,MINISTRY OF AGRICULTURE AND NATURAL RESOURCES,23010107,PURCHASE OF TRUCKS,70421,AGRICULTURE,20822100,MAIDUGURI METRO,01010224000300,Agriculture sector coordination mechanisms
"Purchase Of 3Nos. of Tractors, 4Nos. of Harrows, 3 Nos. of Ploughs, 5Nos. of Grain Threshers For The Ministry Of Agriculture and Natural Resources.",1500000000.0,500000000.0,500000000.0,0.0,1000000000.0,0.0,0.0,212,0.83824,0.85621,021500100100,MINISTRY OF AGRICULTURE AND NATURAL RESOURCES,23010127,PURCHASE OF AGRICULTURAL EQUIPMENT,70421,AGRICULTURE,20822100,MAIDUGURI METRO,01010224000100,Agriculture sector coordination mechanisms
Purchase Of (6) Sd16 Dozzers in Maiduguri Metropolitan Council LGA.,0.0,500000000.0,500000000.0,0.0,1000000000.0,0.0,0.0,212,0.84641,0.86438,021500100100,MINISTRY OF AGRICULTURE AND NATURAL RESOURCES,23010139,PURCHASE OF HEAVY DUTY PLANTS & MACHINERIES,70421,AGRICULTURE,20822100,MAIDUGURI METRO,01010222000100,Agriculture sector coordination mechanisms
Construction Of 3Nos. offices of Agro-Service Centre In Across The 3 Senatorial Zones In The State,0.0,10000000.0,3000000000.0,0.0,50000000.0,0.0,0.0,212,0.85458,0.87255,021500100100,MINISTRY OF AGRICULTURE AND NATURAL RESOURCES,23020101,CONSTRUCTION / PROVISION OF OFFICE BUILDINGS,70611,HOUSING DEVELOPMENT,20842800,State wide,01010222000100,Agriculture sector coordination mechanisms
"Construction Of 6Nos. of High Capacity Earth Dams And Boreholes 2 Each Across Bama, Dikwa, Monguno, Mafa, Chibok, Nganzai, And Hawaul LGAs.",725555550.0,200000000.0,10000000.0,0.0,200000000.0,0.0,0.0,212,0.86275,0.88072,021500100100,MINISTRY OF AGRICULTURE AND NATURAL RESOURCES,23020105,CONSTRUCTION / PROVISION OF WATER FACILITIES,70631,WATER SUPPLY,20822100,MAIDUGURI METRO,01010222000100,Agriculture sector coordination mechanisms
Provision Of Seeds Cleaning For The Ministry Of Agriculture and Natural Resources.,0.0,500000000.0,200000000.0,200000000.0,2750000000.0,0.0,0.0,212,0.87092,0.88889,021500100100,MINISTRY OF AGRICULTURE AND NATURAL RESOURCES,23020113,CONSTRUCTION / PROVISION OF AGRICULTURAL FACILITIES,70421,AGRICULTURE,20822100,MAIDUGURI METRO,01010224000200,Agriculture sector coordination mechanisms
"Provision of Grading, And Chemicals For Insects Control For The Ministry Of Agriculture and Natural Resources.",0.0,10000000.0,500000000.0,35000000.0,2750000000.0,0.0,0.0,212,0.87827,0.89624,021500100100,MINISTRY OF AGRICULTURE AND NATURAL RESOURCES,23020113,CONSTRUCTION / PROVISION OF AGRICULTURAL FACILITIES,70421,AGRICULTURE,20842800,State wide,01010224000100,Agriculture sector coordination mechanisms
Construction Of 15Km Rural Roads For The Ministry Of Agriculture and Natural Resources.,0.0,200000000.0,10000000.0,0.0,3134289500.0,0.0,0.0,212,0.88644,0.90441,021500100100,MINISTRY OF AGRICULTURE AND NATURAL RESOURCES,23020114,CONSTRUCTION / PROVISION OF ROADS,70451,ROAD TRANSPORT,20842800,State wide,01010224000100,Agriculture sector coordination mechanisms
Construction Of 10Km Rural Roads For The Ministry Of Agriculture and Natural Resources.,0.0,100000000.0,200000000.0,8428432.0,3134289500.0,0.0,0.0,212,0.89461,0.91258,021500100100,MINISTRY OF AGRICULTURE AND NATURAL RESOURCES,23020114,CONSTRUCTION / PROVISION OF ROADS,70451,ROAD TRANSPORT,20822100,MAIDUGURI METRO,01010222000100,Agriculture sector coordination mechanisms
"Construction Of 4No of Warehouses, Maize Milling Machines And Storage Facilities Across The LGAs.",0.0,500000000.0,100000000.0,0.0,200000000.0,0.0,0.0,212,0.90278,0.92075,021500100100,MINISTRY OF AGRICULTURE AND NATURAL RESOURCES,23020118,CONSTRUCTION / PROVISION OF INFRASTRUCTURE,70621,COMMUNITY DEVELOPMENT,20842800,State wide,01010222000100,Agriculture sector coordination mechanisms
"Rehabilitation Of 5No of Existing Earth Dams, Boreholes And Sustainable Water Supply In Auno area",0.0,10000000.0,500000000.0,0.0,2100000000.0,0.0,0.0,213,0.09069,0.10866,021500100100,MINISTRY OF AGRICULTURE AND NATURAL RESOURCES,23030104,REHABILITATION / REPAIRS - WATER FACILITIES,70631,WATER SUPPLY,20822100,MAIDUGURI METRO,01010222000100,Agriculture sector coordination mechanisms
Rehabilitation Of 5No of Existing Earth Dams In Mainok area,0.0,30000000.0,10000000.0,0.0,2100000000.0,0.0,0.0,213,0.09886,0.11683,021500100100,MINISTRY OF AGRICULTURE AND NATURAL RESOURCES,23030104,REHABILITATION / REPAIRS - WATER FACILITIES,70421,AGRICULTURE,20822100,MAIDUGURI METRO,01010222100000,Agriculture sector coordination mechanisms
"Rehabilitation Of 15No of Tractors, Implements and Rice Mills across the state.",0.0,50000000.0,30000000.0,0.0,500000000.0,0.0,0.0,213,0.10621,0.12418,021500100100,MINISTRY OF AGRICULTURE AND NATURAL RESOURCES,23030112,REHABILITATION / REPAIRS - AGRICICULTURAL FACILITIES,70421,AGRICULTURE,20822100,MAIDUGURI METRO,01010222000200,Agriculture sector coordination mechanisms
Rehabilitation Of 3No of Agro Service Centres and Workshop Buildings across the State,811450000.0,50000000.0,50000000.0,0.0,150000000.0,0.0,0.0,213,0.11438,0.13235,021500100100,MINISTRY OF AGRICULTURE AND NATURAL RESOURCES,23030121,REHABILITATION / REPAIRS OF OFFICE BUILDINGS,70611,HOUSING DEVELOPMENT,20822100,MAIDUGURI METRO,01010224000500,Agriculture sector coordination mechanisms
"Rehabilitation Of 1No of Power Generating Plants For Offices And Farms In Amarwa, Damasak And Konduga LGAs.",0.0,6000000.0,50000000.0,0.0,100000000.0,0.0,0.0,213,0.12255,0.14052,021500100100,MINISTRY OF AGRICULTURE AND NATURAL RESOURCES,23030125,REHABILITATION/REPAIRS- POWER GENERATING PLANTS,70435,ELECTRICITY,20842800,State wide,01010222000100,Agriculture sector coordination mechanisms
Establishment Of 4No of Research/Knowledge And Data Management In Consumer Demand/Consumption Trends In The State,318135029.25,0.0,500000000.0,415158000.0,200000000.0,0.0,0.0,213,0.13072,0.14869,021500100100,MINISTRY OF AGRICULTURE AND NATURAL RESOURCES,23050101,RESEARCH AND DEVELOPMENT,70421,AGRICULTURE,20842800,State wide,01010221000100,Agriculture sector coordination mechanisms
"Establishment Of 10No of Comprehensive Information Database For Weather, Agricultural Opportunities With Push Notification System For Farmers And Agricultural Entrepreneurs In The State",0.0,0.0,20224000000.0,21417197379.09,200000000.0,0.0,0.0,213,0.13889,0.15686,021500100100,MINISTRY OF AGRICULTURE AND NATURAL RESOURCES,23050103,MONITORING AND EVALUATION,70421,AGRICULTURE,20842800,State wide,01010224000300,Agriculture sector coordination mechanisms
"NUT.2.FNS.1.2. 1. Provide Support to increase hectarage of land under cultivation of crops, livestock farming and fisheries through Government, communities and individuals",0.0,0.0,6000000.0,0.0,1000000000.0,0.0,1000000000.0,213,0.14706,0.16503,021500100100,MINISTRY OF AGRICULTURE AND NATURAL RESOURCES,23020113,CONSTRUCTION / PROVISION OF AGRICULTURAL FACILITIES,70421,AGRICULTURE,20842800,State wide,01010226000100,Agriculture sector coordination mechanisms
NUT.2.FNS.1.1.1. Promote commercial food production by empowering farmers' cooperatives / clusters and private/commercial farmers at the LGAs and community level.,0.0,0.0,0.0,0.0,500000000.0,0.0,500000000.0,213,0.15523,0.1732,021500100100,MINISTRY OF AGRICULTURE AND NATURAL RESOURCES,23020113,CONSTRUCTION / PROVISION OF AGRICULTURAL FACILITIES,70421,AGRICULTURE,20842800,State wide,01010226000200,Agriculture sector coordination mechanisms
NUT.2.FNS.1.5.4. Production/Procurement and distribution of Ready-to-Use Therapeutic Food (RUTF) packages to nutrition-in -emergency affected people,0.0,0.0,0.0,0.0,150000000.0,0.0,150000000.0,213,0.16258,0.18056,021500100100,MINISTRY OF AGRICULTURE AND NATURAL RESOURCES,23010122,PURCHASE OF HEALTH / MEDICAL EQUIPMENT,70421,AGRICULTURE,20842800,State wide,01010226000300,Agriculture sector coordination mechanisms
NUT.2.FNS.4.2. 2 Promote productive capacity through encouraging private sector engagement in food and nutrition related investment,0.0,0.0,0.0,0.0,1000000000.0,0.0,1000000000.0,213,0.17075,0.18873,021500100100,MINISTRY OF AGRICULTURE AND NATURAL RESOURCES,23020113,CONSTRUCTION / PROVISION OF AGRICULTURAL FACILITIES,70421,AGRICULTURE,20842800,State wide,01010226000400,Agriculture sector coordination mechanisms
NUT.2.FNS.1.1. 4. Build the capacity of Agric. Extension Officers on improved techniques in crop and animal production,0.0,0.0,0.0,0.0,200000000.0,0.0,200000000.0,213,0.17892,0.1969,021500100100,MINISTRY OF AGRICULTURE AND NATURAL RESOURCES,23050101,RESEARCH AND DEVELOPMENT,70421,AGRICULTURE,20842800,State wide,01010226000500,Agriculture sector coordination mechanisms
NUT.2.FNS.1.6.7 Conduct Training and retraining on food and nutrition to augment the capacity of Agric. and Home Economics Teachers in primary and Post primary schools,0.0,0.0,0.0,0.0,100000000.0,0.0,100000000.0,213,0.18709,0.20507,021500100100,MINISTRY OF AGRICULTURE AND NATURAL RESOURCES,23050130,HUMAN CAPITAL DEVELOPMENT,70421,AGRICULTURE,20842800,State wide,01010226000600,Agriculture sector coordination mechanisms
Purchase Of 1 No of Power Generating Set (30Kva) For Borno state Agricultural Development Programme,0.0,0.0,0.0,0.0,250000000.0,0.0,0.0,213,0.19526,0.21324,021500100100,MINISTRY OF AGRICULTURE AND NATURAL RESOURCES,23030128,REHABILITATION/REPAIRS OF INFRASTRUCTURES,70421,AGRICULTURE,20842800,State wide,01010226000700,Agriculture sector coordination mechanisms
Purchase Of 5 Nos of ploughs and Harrows in Maiduguri,0.0,0.0,0.0,0.0,500000000.0,0.0,0.0,213,0.20343,0.22141,021500100100,MINISTRY OF AGRICULTURE AND NATURAL RESOURCES,23030129,REPAIRS OF EQUIPMENT AND MACHINERIES,70421,AGRICULTURE,20842800,State wide,01010226000800,Agriculture sector coordination mechanisms
"Purchases Of 5 Nos of Theodolites, 5 Nos of Measuring wheels and measuring tapes For Use In The 27 LGA's",0.0,0.0,0.0,0.0,150000000.0,0.0,0.0,213,0.21078,0.22876,021500100100,MINISTRY OF AGRICULTURE AND NATURAL RESOURCES,23040102,EROSION & FLOOD CONTROL,70421,AGRICULTURE,20842800,State wide,01010226000900,Agriculture sector coordination mechanisms
Climate Change Management & Control Across The State,0.0,0.0,0.0,0.0,800000000.0,0.0,0.0,213,0.21895,0.23693,021500100100,MINISTRY OF AGRICULTURE AND NATURAL RESOURCES,23040106,CLIMATE CHANGE MANAGEMENT & CONTROL,70611,HOUSING DEVELOPMENT,20842800,State wide,01010226001000,Agriculture sector coordination mechanisms
Purchase Of 15 Nos of office chairs and 10 Nos of office tables Within The Borno state Agricultural Development Programme,0.0,3307000.0,3307000.0,2345000.0,3307000.0,0.0,0.0,213,0.2598,0.27778,021510200100,BORNO STATE AGRICULTURAL DEVELOPMENT PROGRAMME (BOSADP),23010112,PURCHASE OF OFFICE FURNITURE AND FITTINGS,70421,AGRICULTURE,20822100,MAIDUGURI METRO,01070424000100,"Adaptive research, unified and all-inclusive extension services delivery"
Purchase Of 5 Nos Hp Desktop Computers And 2 Nos Hp Laptops For Borno state Agricultural Development Programme,0.0,3307000.0,3307000.0,0.0,3307000.0,0.0,0.0,213,0.26716,0.28513,021510200100,BORNO STATE AGRICULTURAL DEVELOPMENT PROGRAMME (BOSADP),23010113,PURCHASE OF COMPUTERS,70421,AGRICULTURE,20822100,MAIDUGURI METRO,01070424000200,"Adaptive research, unified and all-inclusive extension services delivery"
Purchase Of 5 Nos Sharp Photocopying Machines For Borno state Agricultural Development Programme,0.0,3307000.0,3307000.0,0.0,3307000.0,0.0,0.0,213,0.27533,0.2933,021510200100,BORNO STATE AGRICULTURAL DEVELOPMENT PROGRAMME (BOSADP),23010115,PURCHASE OF PHOTOCOPYING MACHINES,70421,AGRICULTURE,20822100,MAIDUGURI METRO,01070424000300,"Adaptive research, unified and all-inclusive extension services delivery"
Purchase Of 5 Nos of Hp Scanners For Borno state Agricultural Development Programme,4312447.22,3307000.0,3307000.0,0.0,3307000.0,0.0,0.0,213,0.2835,0.30147,021510200100,BORNO STATE AGRICULTURAL DEVELOPMENT PROGRAMME (BOSADP),23010118,PURCHASE OF SCANNERS,70421,AGRICULTURE,20822100,MAIDUGURI METRO,01070424000600,"Adaptive research, unified and all-inclusive extension services delivery"
Purchase Of 1 No of Power Generating Set (30Kva) For Borno state Agricultural Development Programme,0.0,25547000.0,25547000.0,0.0,23547000.0,0.0,0.0,213,0.29167,0.30964,021510200100,BORNO STATE AGRICULTURAL DEVELOPMENT PROGRAMME (BOSADP),23010119,PURCHASE OF POWER GENERATING SET,70421,AGRICULTURE,20822100,MAIDUGURI METRO,01070424000700,"Adaptive research, unified and all-inclusive extension services delivery"
Purchase Of 5 Nos of ploughs and Harrows in Maiduguri,0.0,11000000.0,11000000.0,3480000.0,11000000.0,0.0,0.0,213,0.29984,0.31781,021510200100,BORNO STATE AGRICULTURAL DEVELOPMENT PROGRAMME (BOSADP),23010127,PURCHASE OF AGRICULTURAL EQUIPMENT,70421,AGRICULTURE,20822100,MAIDUGURI METRO,01070424000200,"Adaptive research, unified and all-inclusive extension services delivery"
"Purchases Of 5 Nos of Theodolites, 5 Nos of Measuring wheels and measuring tapes For Use In The 27 LG",0.0,2050000.0,2050000.0,0.0,2050000.0,0.0,0.0,213,0.30801,0.32598,021510200100,BORNO STATE AGRICULTURAL DEVELOPMENT PROGRAMME (BOSADP),23010133,PURCHASES OF SURVEYING EQUIPMENT70421 - AGRICULTURE,,A's,20842800,State wide,01070424000400,"Adaptive research, unified and all-inclusive extension services delivery"
Rehabilitation Of 1 block Office Building Within in Borno state Agricultural Development Programme,0.0,30175000.0,30175000.0,9700000.0,30175000.0,0.0,0.0,213,0.31536,0.33333,021510200100,BORNO STATE AGRICULTURAL DEVELOPMENT PROGRAMME (BOSADP),23030121,REHABILITATION / REPAIRS OF OFFICE BUILDINGS,70611,HOUSING DEVELOPMENT,20842800,State wide,01070424000900,"Adaptive research, unified and all-inclusive extension services delivery"
Climate Change Management & Control Across The State,0.0,15000000.0,15000000.0,0.0,10000000.0,10000000.0,0.0,213,0.32353,0.3415,021510200100,BORNO STATE AGRICULTURAL DEVELOPMENT PROGRAMME (BOSADP),23040106,CLIMATE CHANGE MANAGEMENT & CONTROL,70421,AGRICULTURE,20842800,State wide,01070424000100,"Adaptive research, unified and all-inclusive extension services delivery"
Repairs Of The Existing farm center Office Buildings For Borno State Agricultural Mechanization Authority,0.0,0.0,26000000.0,0.0,10000000.0,0.0,0.0,213,0.3317,0.34967,021510200100,BORNO STATE AGRICULTURAL DEVELOPMENT PROGRAMME (BOSADP),23050101,RESEARCH AND DEVELOPMENT,70421,AGRICULTURE,20842800,State wide,01070426000100,"Adaptive research, unified and all-inclusive extension services delivery"
Purchase Of Golf Wagon 1 Unit and 1 No of Toyota Hilux For the chief executive Borno State Agricultural Mechanization Authority,0.0,20000000.0,20000000.0,0.0,25000000.0,0.0,0.0,213,0.37173,0.38971,021511100100,BORNO STATE AGRICULTURAL MECHANIZATION AUTHORITY,23010105,PURCHASE OF MOTOR VEHICLES,70421,AGRICULTURE,20821300,JERE,01030224000200,"Intensive crop and vegetable production (irrigation, crop diversification etc.)"
Purchase Of 1 No of 30 Kva Power Generating Set For Borno State Agricultural Mechanization Authority,0.0,15000000.0,15000000.0,0.0,15000000.0,0.0,0.0,213,0.3799,0.39788,021511100100,BORNO STATE AGRICULTURAL MECHANIZATION AUTHORITY,23010119,PURCHASE OF POWER GENERATING SET,70421,AGRICULTURE,20821300,JERE,01030224000300,"Intensive crop and vegetable production (irrigation, crop diversification etc.)"
"Procurement of Agricultural Equipment Dis Plough, Farmtrac Tractors, dis Harrow and Bulldozer D7 1 Unit & Low Loader Bed With Prime 1 Unit For Borno State Agricultural Mechanization Authority.",420000.0,1033000000.0,33000000.0,250000.0,510000000.0,0.0,0.0,213,0.38807,0.40605,021511100100,BORNO STATE AGRICULTURAL MECHANIZATION AUTHORITY,23010127,PURCHASE OF AGRICULTURAL EQUIPMENT,70421,AGRICULTURE,20821300,JERE,01030224000100,"Intensive crop and vegetable production (irrigation, crop diversification etc.)"
"Repairs Of 2 Nos of Tractors, 3 Nos Ploughs, 3 Nos Harrows, Ridgers For Borno State Agricultural Mechanization Authority",0.0,45000000.0,45000000.0,0.0,70000000.0,0.0,0.0,213,0.39624,0.41422,021511100100,BORNO STATE AGRICULTURAL MECHANIZATION AUTHORITY,23030112,REHABILITATION / REPAIRS - AGRICICULTURAL FACILITIES,70421,AGRICULTURE,20821300,JERE,01030224000200,"Intensive crop and vegetable production (irrigation, crop diversification etc.)"
Repairs Of The Existing farm center Office Buildings For Borno State Agricultural Mechanization Authority,0.0,50000000.0,50000000.0,250000.0,45000000.0,0.0,0.0,213,0.40441,0.42239,021511100100,BORNO STATE AGRICULTURAL MECHANIZATION AUTHORITY,23030121,REHABILITATION / REPAIRS OF OFFICE BUILDINGS,70421,AGRICULTURE,20821300,JERE,01030224000100,"Intensive crop and vegetable production (irrigation, crop diversification etc.)"
Monitoring And Evaluation Of Projects To Ascertain The Level Of Execution And Completion For Borno State Agricultural Mechanization Authority,0.0,50000000.0,50000000.0,0.0,30000000.0,0.0,0.0,213,0.41258,0.43056,021511100100,BORNO STATE AGRICULTURAL MECHANIZATION AUTHORITY,23050103,MONITORING AND EVALUATION,70421,AGRICULTURE,20842800,State wide,01030224000100,"Intensive crop and vegetable production (irrigation, crop diversification etc.)"
Procurement of silage and hay mechanications,0.0,500000000.0,500000000.0,0.0,317247000.0,0.0,0.0,213,0.45261,0.47059,026500100100,MINISTRY OF LIVESTOCK AND FISHERIES DEVELOPMENT,23010146,PURCHASE OF LIVESTOCK EQUIPMENT,70423,FISHING AND HUNTING,20822100,MAIDUGURI METRO,01050125000100,"Commercial aquaculture development (fish production, feed mills development, fishing inputs etc.)"
Procurement of exotic goat for breeding purpose,0.0,700000000.0,700000000.0,0.0,200000000.0,0.0,0.0,213,0.46078,0.47876,026500100100,MINISTRY OF LIVESTOCK AND FISHERIES DEVELOPMENT,23010147,PURCHASE OF LIVESTOCK ASSETS,70423,FISHING AND HUNTING,20822100,MAIDUGURI METRO,01050125000200,"Commercial aquaculture development (fish production, feed mills development, fishing inputs etc.)"
constructions of silge bunkers in the three RUGA and the 10 Federal constituencies,0.0,2000000000.0,1000000000.0,3170000.0,10000000000.0,0.0,0.0,213,0.46814,0.48611,026500100100,MINISTRY OF LIVESTOCK AND FISHERIES DEVELOPMENT,23020128,CONSTRUCTION / PROVISION OF LIVESTOCK FACILITIES,70621,COMMUNITY DEVELOPMENT,20811700,KUKAWA,01050125000300,"Commercial aquaculture development (fish production, feed mills development, fishing inputs etc.)"
Livestock development hubs in 10 Federal Contituencies of Borno State,0.0,1000000000.0,1000000000.0,474913350.0,1234679000.0,0.0,0.0,213,0.47631,0.49428,026500100100,MINISTRY OF LIVESTOCK AND FISHERIES DEVELOPMENT,23020128,CONSTRUCTION / PROVISION OF LIVESTOCK FACILITIES,70423,FISHING AND HUNTING,20842800,State wide,01050125000400,"Commercial aquaculture development (fish production, feed mills development, fishing inputs etc.)"
Procurement of silage and hay mechanications,0.0,400000000.0,400000000.0,0.0,1775800000.0,0.0,0.0,213,0.51634,0.53431,026500200100,BORNO STATE LIVESTOCK MANAGEMENT AGENCY (BOLMA),23010146,PURCHASE OF LIVESTOCK EQUIPMENT,70423,FISHING AND HUNTING,20822100,MAIDUGURI METRO,01050125000100,"Commercial aquaculture development (fish production, feed mills development, fishing inputs etc.)"
Procurement of exotic goat for breeding purpose,0.0,500000000.0,500000000.0,0.0,520000000.0,0.0,0.0,213,0.52451,0.54248,026500200100,BORNO STATE LIVESTOCK MANAGEMENT AGENCY (BOLMA),23010147,PURCHASE OF LIVESTOCK ASSETS,70423,FISHING AND HUNTING,20822100,MAIDUGURI METRO,01050125000200,"Commercial aquaculture development (fish production, feed mills development, fishing inputs etc.)"
constructions of silge bunkers in the three RUGA and the 10 Federal constituencies,0.0,1500000000.0,500000000.0,0.0,1800000000.0,0.0,0.0,213,0.53268,0.55065,026500200100,BORNO STATE LIVESTOCK MANAGEMENT AGENCY (BOLMA),23020128,CONSTRUCTION / PROVISION OF LIVESTOCK FACILITIES,70621,COMMUNITY DEVELOPMENT,20811700,KUKAWA,01050125000300,"Commercial aquaculture development (fish production, feed mills development, fishing inputs etc.)"
Livestock development hubs in 10 Federal Contituencies of Borno State,0.0,1303000000.0,1303000000.0,0.0,1000000000.0,0.0,0.0,213,0.54085,0.55882,026500200100,BORNO STATE LIVESTOCK MANAGEMENT AGENCY (BOLMA),23020128,CONSTRUCTION / PROVISION OF LIVESTOCK FACILITIES,70423,FISHING AND HUNTING,20842800,State wide,01050125000400,"Commercial aquaculture development (fish production, feed mills development, fishing inputs etc.)"
"Purchase Of 20Nos. of Toyota Hilux, 20Nos. of Toyota Hiace Bus And 20Nos. of Volkwagen Wagon Vehicle for Ministry of finance",3179860000.0,5400000000.0,7679584000.0,0.0,8600000000.0,0.0,0.0,213,0.58088,0.59886,022000100100,MINISTRY OF FINANCE AND ECONOMIC DEVELOPMENT,23010105,PURCHASE OF MOTOR VEHICLES,70112,FINANCIAL AND FISCAL AFFAIRS,20822100,MAIDUGURI METRO,13100124010300,Reform of Government and Governance - General
Purchase Of 15Nos. of Toyota Hiace Bus And 5Nos. of Volkwagen Wagon Vehicle for Ministry of Justice,300000000.0,800000000.0,800000000.0,4400000000.0,0.0,0.0,0.0,213,0.58905,0.60703,022000100100,MINISTRY OF FINANCE AND ECONOMIC DEVELOPMENT,23010105,PURCHASE OF MOTOR VEHICLES,70112,FINANCIAL AND FISCAL AFFAIRS,20822100,MAIDUGURI METRO,13100124010400,Reform of Government and Governance - General
"Purchase Of 10Nos. of Toyota Hilux, And 10Nos. of Volkwagen Wagon Vehicle for Ministry of finance",0.0,10000000.0,10000000.0,0.0,0.0,0.0,0.0,213,0.59722,0.6152,022000100100,MINISTRY OF FINANCE AND ECONOMIC DEVELOPMENT,23010105,PURCHASE OF MOTOR VEHICLES,70112,FINANCIAL AND FISCAL AFFAIRS,20822100,MAIDUGURI METRO,13100124010500,Reform of Government and Governance - General
Purchase Of 15Nos. of Executive Tables And 20Nos. of Executive Chairs for Ministry of finance,0.0,800000000.0,5000000.0,44600000.0,800000000.0,0.0,0.0,213,0.60539,0.62337,022000100100,MINISTRY OF FINANCE AND ECONOMIC DEVELOPMENT,23010112,PURCHASE OF OFFICE FURNITURE AND FITTINGS,70112,FINANCIAL AND FISCAL AFFAIRS,20822100,MAIDUGURI METRO,13100124010600,Reform of Government and Governance - General
Purchase Of 3Nos. of Hp Desktops proRM And 2Nos. of Hp Pavillion core i5 Laptops Computers for Ministry of finance,0.0,10000000.0,5000000.0,0.0,10000000.0,0.0,0.0,213,0.61356,0.63154,022000100100,MINISTRY OF FINANCE AND ECONOMIC DEVELOPMENT,23010113,PURCHASE OF COMPUTERS,70112,FINANCIAL AND FISCAL AFFAIRS,20822100,MAIDUGURI METRO,13100124010700,Reform of Government and Governance - General
Purchase Of 4Nos. of Hp Laser Je MR607t Computer Printers for Ministry of finance,250920000.0,5000000.0,300000000.0,0.0,5000000.0,0.0,0.0,213,0.62092,0.63889,022000100100,MINISTRY OF FINANCE AND ECONOMIC DEVELOPMENT,23010114,PURCHASE OF COMPUTER PRINTERS,70112,FINANCIAL AND FISCAL AFFAIRS,20822100,MAIDUGURI METRO,13100124010800,Reform of Government and Governance - General
Purchase Of 3Nos. of Sharp Photocopying Machines for Ministry of finance,0.0,5000000.0,200000000.0,0.0,5000000.0,0.0,0.0,213,0.62908,0.64706,022000100100,MINISTRY OF FINANCE AND ECONOMIC DEVELOPMENT,23010115,PURCHASE OF PHOTOCOPYING MACHINES,70112,FINANCIAL AND FISCAL AFFAIRS,20822100,MAIDUGURI METRO,13100124010900,Reform of Government and Governance - General
Purchase Of 10Nos. Fire fighting equipment for Ministry of finance,0.0,300000000.0,50000000.0,0.0,300000000.0,0.0,0.0,213,0.63725,0.65523,022000100100,MINISTRY OF FINANCE AND ECONOMIC DEVELOPMENT,23010123,PURCHASE OF FIRE FIGHTING EQUIPMENT,70112,FINANCIAL AND FISCAL AFFAIRS,20822100,MAIDUGURI METRO,13100124011000,Reform of Government and Governance - General
Construction Of Ict Center for Ministry of finance.,0.0,200000000.0,200000000.0,1100000.0,200000000.0,0.0,0.0,213,0.64542,0.6634,022000100100,MINISTRY OF FINANCE AND ECONOMIC DEVELOPMENT,23020127,CONSTRUCTION OF ICT INFRASTRUCTURES,70611,HOUSING DEVELOPMENT,20822100,MAIDUGURI METRO,13100124011100,Reform of Government and Governance - General
Repairs of office building for the ministry of finance,0.0,50000000.0,200000000.0,0.0,70000000.0,0.0,0.0,213,0.65359,0.67157,022000100100,MINISTRY OF FINANCE AND ECONOMIC DEVELOPMENT,23030121,REHABILITATION / REPAIRS OF OFFICE BUILDINGS,70611,HOUSING DEVELOPMENT,20822100,MAIDUGURI METRO,13100124011200,Reform of Government and Governance - General
Acquisition of Computer Software for upgrading the transformation for the ministry of finance.,0.0,200000000.0,0.0,0.0,200000000.0,0.0,0.0,213,0.66176,0.67974,022000100100,MINISTRY OF FINANCE AND ECONOMIC DEVELOPMENT,23050102,COMPUTER SOFTWARE ACQUISITION,70112,FINANCIAL AND FISCAL AFFAIRS,20822100,MAIDUGURI METRO,13100126003400,Reform of Government and Governance - General
NUT.6.Advocacy.6.1.7 Advocate for timely release of funds for food and nutrition activities in MDAs/LGAs,0.0,200000000.0,0.0,0.0,110000000.0,0.0,110000000.0,213,0.66912,0.68709,022000100100,MINISTRY OF FINANCE AND ECONOMIC DEVELOPMENT,23050103,MONITORING AND EVALUATION,70112,FINANCIAL AND FISCAL AFFAIRS,20822100,MAIDUGURI METRO,13100126003500,Reform of Government and Governance - General
NUT.6.Advocacy.6.1.1 Ensure adequate implementation of the policy through sufficient budgetary allocation and timely release of funds.,0.0,0.0,0.0,0.0,100000000.0,0.0,100000000.0,213,0.67729,0.69526,022000100100,MINISTRY OF FINANCE AND ECONOMIC DEVELOPMENT,23050103,MONITORING AND EVALUATION,70112,FINANCIAL AND FISCAL AFFAIRS,20822100,MAIDUGURI METRO,13100126003600,Reform of Government and Governance - General
Purchase Of 1 No. of Volkwagen Wagon Vehicle for Debt Management Office.,0.0,7200000.0,7200000.0,0.0,7200000.0,0.0,0.0,213,0.71814,0.73611,022000200100,BORNO STATE DEBT MANAGEMENT OFFICE (DMO),23010105,PURCHASE OF MOTOR VEHICLES,70112,FINANCIAL AND FISCAL AFFAIRS,20822100,MAIDUGURI METRO,13100124007200,Reform of Government and Governance - General
Purchase Of 15 Nos. of Executive Tables And 15 Nos. of Executive Swivel Chairs And 30 Nos. of Visitors chairs for Debt Management Office.,0.0,3500000.0,3500000.0,0.0,3500000.0,0.0,0.0,213,0.72549,0.74346,022000200100,BORNO STATE DEBT MANAGEMENT OFFICE (DMO),23010112,PURCHASE OF OFFICE FURNITURE AND FITTINGS,70112,FINANCIAL AND FISCAL AFFAIRS,20822100,MAIDUGURI METRO,13100124007300,Reform of Government and Governance - General
Purchase Of 5 Nos. of Hp 8Gb Ram Laptops & 10Nos. of 4Gb Ram Desktop 17 Inch Screen for Debt Management Office.,0.0,4000000.0,4000000.0,0.0,4000000.0,0.0,0.0,213,0.73366,0.75163,022000200100,BORNO STATE DEBT MANAGEMENT OFFICE (DMO),23010113,PURCHASE OF COMPUTERS,70112,FINANCIAL AND FISCAL AFFAIRS,20822100,MAIDUGURI METRO,13100124007400,Reform of Government and Governance - General
Purchase Of 4 Nos. of Black White Laser Jet Printer & 1 No. of Hp Color Laserjet Printer for Debt Management Office.,0.0,3800000.0,3800000.0,2817000.0,3800000.0,0.0,0.0,213,0.74183,0.7598,022000200100,BORNO STATE DEBT MANAGEMENT OFFICE (DMO),23010114,PURCHASE OF COMPUTER PRINTERS,70112,FINANCIAL AND FISCAL AFFAIRS,20822100,MAIDUGURI METRO,13100124007500,Reform of Government and Governance - General
Purchase Of 2 Nos. of Sharp Color Photocopying Machines for Debt Management Office.,0.0,1500000.0,1500000.0,0.0,1500000.0,0.0,0.0,213,0.75,0.76797,022000200100,BORNO STATE DEBT MANAGEMENT OFFICE (DMO),23010115,PURCHASE OF PHOTOCOPYING MACHINES,70112,FINANCIAL AND FISCAL AFFAIRS,20822100,MAIDUGURI METRO,13100124007600,Reform of Government and Governance - General
"Purchase Of 2 Nos. Brand New 2021 Lexus Gx 460 For Executive Chairman, 5 Nos. 2022 Toyota Camry Le For 5 Group Heads, 7 Nos Of Toyota Hilux 2012 Brand For 7 Area Offices Including Maiduguri Head Quarters",0.0,75000000.0,75000000.0,54500000.0,60000000.0,0.0,0.0,213,0.79003,0.80801,022000800100,BORNO STATE INTERNAL REVENUE SERVICE (BIRS),23010105,PURCHASE OF MOTOR VEHICLES,70112,FINANCIAL AND FISCAL AFFAIRS,20822100,MAIDUGURI METRO,13100124008000,Reform of Government and Governance - General
"Purchase Of 5 Nos. Of Hp Spectre 14-Ef0013 X360 12Th Gen Core I7 2Tbssd 16Gbram 13.5"" 3K2K Touch,Backlit,Fp,Stylus Pen,Win11 for Borno State Internal Revenue Service",0.0,8000000.0,8000000.0,910000.0,8000000.0,0.0,0.0,213,0.7982,0.81618,022000800100,BORNO STATE INTERNAL REVENUE SERVICE (BIRS),23010113,PURCHASE OF COMPUTERS,70112,FINANCIAL AND FISCAL AFFAIRS,20822100,MAIDUGURI METRO,13100124008100,Reform of Government and Governance - General
"Purchase Of Hp Deskjet Plus 4120 All-In-One Printer For All Area Offices Bolori, Custom, And Maiduguri Head Quarters for Borno State Internal Revenue Service",1253000.0,5000000.0,5000000.0,405000.0,8000000.0,0.0,0.0,213,0.80637,0.82435,022000800100,BORNO STATE INTERNAL REVENUE SERVICE (BIRS),23010114,PURCHASE OF COMPUTER PRINTERS,70112,FINANCIAL AND FISCAL AFFAIRS,20822100,MAIDUGURI METRO,13100124008200,Reform of Government and Governance - General
Purchase Of 1 Nos. Sharp Ar 6031N A3 All-In-One Desktop Photocopier for Borno State Internal Revenue Service,1280000.0,2000000.0,2000000.0,0.0,2000000.0,0.0,0.0,213,0.81454,0.83252,022000800100,BORNO STATE INTERNAL REVENUE SERVICE (BIRS),23010115,PURCHASE OF PHOTOCOPYING MACHINES,70112,FINANCIAL AND FISCAL AFFAIRS,20822100,MAIDUGURI METRO,13100124008300,Reform of Government and Governance - General
"Purchase Of 10 Nos HP Scanners For All Area Offices Bolori, Custom, And Maiduguri Head Quarter for Borno State Internal Revenue Service",0.0,9500000.0,9500000.0,0.0,3500000.0,0.0,0.0,213,0.8219,0.83987,022000800100,BORNO STATE INTERNAL REVENUE SERVICE (BIRS),23010118,PURCHASE OF SCANNERS,70112,FINANCIAL AND FISCAL AFFAIRS,20822100,MAIDUGURI METRO,13100124008400,Reform of Government and Governance - General
"Purchase Of 5 Nos. 150 Kva Generating Set For Area Offices At Bama, Ngala, Biu, Monguno, Bolori, Custo",0.0,25000000.0,25000000.0,0.0,20000000.0,0.0,0.0,213,0.83007,0.84804,022000800100,BORNO STATE INTERNAL REVENUE SERVICE (BIRS),23010119,PURCHASE OF POWER GENERATING SET70112 - FINANCIAL AND FISCAL AFFAIRS,,"m, Askra/Uba LGAs.",20842800,State wide,13100124008500,Reform of Government and Governance - General
"Construction Of Office Buildings, Executive Floor At Maiduguri Head Quarter, Monguno, Biu, Askira Uba Model Revenue Office LGAs.",0.0,45000000.0,45000000.0,5000000.0,60000000.0,0.0,0.0,213,0.83824,0.85621,022000800100,BORNO STATE INTERNAL REVENUE SERVICE (BIRS),23020101,CONSTRUCTION / PROVISION OF OFFICE BUILDINGS,70611,HOUSING DEVELOPMENT,20842800,State wide,13100123009600,Reform of Government and Governance - General
"Construction Of Servers, Internet Subscription, Softwares, Lan Connections And Access Points for Borno State Internal Revenue Service.",0.0,45000000.0,45000000.0,15000000.0,47000000.0,0.0,0.0,213,0.84641,0.86438,022000800100,BORNO STATE INTERNAL REVENUE SERVICE (BIRS),23020127,CONSTRUCTION OF ICT INFRASTRUCTURES,70461,COMMUNICATION,20822100,MAIDUGURI METRO,13100123009700,Reform of Government and Governance - General
Rehabilitation Of Area Offices At Custom And Bolori wards.,0.0,25000000.0,25000000.0,14404900.0,30000000.0,0.0,0.0,213,0.85458,0.87255,022000800100,BORNO STATE INTERNAL REVENUE SERVICE (BIRS),23030121,REHABILITATION / REPAIRS OF OFFICE BUILDINGS,70611,HOUSING DEVELOPMENT,20822100,MAIDUGURI METRO,13100123009800,Reform of Government and Governance - General
Landscaping and Drainages for five model revenue office in maiduguri,4220700.0,5500000.0,5500000.0,0.0,5500000.0,0.0,0.0,213,0.86275,0.88072,022000800100,BORNO STATE INTERNAL REVENUE SERVICE (BIRS),23040103,WILDLIFE CONSERVATION,70112,FINANCIAL AND FISCAL AFFAIRS,20822100,MAIDUGURI METRO,13100123009900,Reform of Government and Governance - General
Purchase Of 15 Nos. of Executive Tables And 15 Nos. of Executive Swivel Chairs And 30 Nos. of Visitors chairs for BIRS.,0.0,5000000.0,5000000.0,0.0,5000000.0,0.0,0.0,213,0.87092,0.88889,022000800100,BORNO STATE INTERNAL REVENUE SERVICE (BIRS),23010112,PURCHASE OF OFFICE FURNITURE AND FITTINGS,70112,FINANCIAL AND FISCAL AFFAIRS,20822100,MAIDUGURI METRO,13100123009900,Reform of Government and Governance - General
"Construction Of Servers, Internet Subscription, Softwares, Lan Connections And Access Points for Borno State Ministry of Budget & Planning.",0.0,0.0,0.0,0.0,250000000.0,0.0,0.0,214,0.09069,0.10866,023800100100,MINISTRY OF BUDGET AND PLANNING,23020118,CONSTRUCTION / PROVISION OF INFRASTRUCTURE,70461,COMMUNICATION,20822100,MAIDUGURI METRO,02100124002500,Societal Re-orientation - General
Purchase Of 5Nos. of Hp Desktop Computers And 3Nos. of Hp Laptops For Budget,0.0,50000000.0,50000000.0,0.0,50000000.0,0.0,0.0,214,0.09886,0.11683,023800100100,MINISTRY OF BUDGET AND PLANNING,23010113,PURCHASE OF COMPUTERS,70132,OVERALL PLANNING AND STATISTICAL SERVICES,20822100,MAIDUGURI METRO,02100124002500,Societal Re-orientation - General
Purchase Of 3Nos. of Laser Jet Hp Printers For Budget,0.0,10000000.0,10000000.0,0.0,10000000.0,0.0,0.0,214,0.10621,0.12418,023800100100,MINISTRY OF BUDGET AND PLANNING,23010114,PURCHASE OF COMPUTER PRINTERS,70132,OVERALL PLANNING AND STATISTICAL SERVICES,20822100,MAIDUGURI METRO,02100124002600,Societal Re-orientation - General
Purchase Of 2Nos. of Sharp Photocopying Machines For Budget,0.0,20000000.0,20000000.0,0.0,20000000.0,0.0,0.0,214,0.11438,0.13235,023800100100,MINISTRY OF BUDGET AND PLANNING,23010115,PURCHASE OF PHOTOCOPYING MACHINES,70132,OVERALL PLANNING AND STATISTICAL SERVICES,20822100,MAIDUGURI METRO,02100124002700,Societal Re-orientation - General
Research on upgrading the budgetary processes and implemetation processes.,0.0,550000000.0,550000000.0,0.0,550000000.0,0.0,0.0,214,0.12255,0.14052,023800100100,MINISTRY OF BUDGET AND PLANNING,23050101,RESEARCH AND DEVELOPMENT,70132,OVERALL PLANNING AND STATISTICAL SERVICES,20822100,MAIDUGURI METRO,02100124003000,Societal Re-orientation - General
Acquisition of budgetary software,0.0,200000000.0,200000000.0,0.0,200000000.0,0.0,0.0,214,0.13072,0.14869,023800100100,MINISTRY OF BUDGET AND PLANNING,23050102,COMPUTER SOFTWARE ACQUISITION,70132,OVERALL PLANNING AND STATISTICAL SERVICES,20822100,MAIDUGURI METRO,02100124003100,Societal Re-orientation - General
The Budget Department Carry Out Monitoring And Evaluation Of Projects To Ascertain The Level Of Execution And Completion,0.0,600000000.0,600000000.0,0.0,200000000.0,0.0,0.0,214,0.13889,0.15686,023800100100,MINISTRY OF BUDGET AND PLANNING,23050103,MONITORING AND EVALUATION,70132,OVERALL PLANNING AND STATISTICAL SERVICES,20842800,State wide,02100124003200,Societal Re-orientation - General
NUT.6.Coordination.6.1.1 Ensure adequate implementation of the policy through sufficient budgetary allocation and timely release of funds.,0.0,250000000.0,250000000.0,0.0,118767000.0,0.0,118767000.0,214,0.14706,0.16503,023800100100,MINISTRY OF BUDGET AND PLANNING,23050103,MONITORING AND EVALUATION,70132,OVERALL PLANNING AND STATISTICAL SERVICES,20842800,State wide,02100126000300,Societal Re-orientation - General
NUT.6.ME.6.1. 8 Conduct regular budget tracking using developed score cards,0.0,35000000.0,250000000.0,50340000.0,118767000.0,0.0,118767000.0,214,0.15523,0.1732,023800100100,MINISTRY OF BUDGET AND PLANNING,23050103,MONITORING AND EVALUATION,70132,OVERALL PLANNING AND STATISTICAL SERVICES,20842800,State wide,02100126000400,Societal Re-orientation - General
"NUT.6.ME.6.1.10 Conduct research, monitoring & evaluation on food and nutrition activities in collaboration with partners and the private sector",0.0,0.0,35000000.0,0.0,118767000.0,0.0,118767000.0,214,0.16258,0.18056,023800100100,MINISTRY OF BUDGET AND PLANNING,23050103,MONITORING AND EVALUATION,70132,OVERALL PLANNING AND STATISTICAL SERVICES,20842800,State wide,02100126000500,Societal Re-orientation - General
NUT.4.ME.4.1. 6 Develop Supportive Supervision Monitoring and Evaluation tools for tracking nutrition programmes in the State,0.0,0.0,10000000.0,0.0,118772000.0,0.0,118772000.0,214,0.17075,0.18873,023800100100,MINISTRY OF BUDGET AND PLANNING,23050103,MONITORING AND EVALUATION,70132,OVERALL PLANNING AND STATISTICAL SERVICES,20842800,State wide,02100126000600,Societal Re-orientation - General
Purchase Of 15Nos. of Executive Tables And 20Nos. of Executive Chairs for Budget,0.0,35000000.0,100000000.0,0.0,35000000.0,0.0,0.0,214,0.17892,0.1969,023800100100,MINISTRY OF BUDGET AND PLANNING,23010112,PURCHASE OF OFFICE FURNITURE AND FITTINGS,70132,OVERALL PLANNING AND STATISTICAL SERVICES,20822100,MAIDUGURI METRO,02100125000100,Societal Re-orientation - General
Purchase Of 6 Nos Hp Scanjet Pro 3000 S4 Sheet-Feed Scanner for Budget,0.0,10000000.0,0.0,0.0,10000000.0,0.0,0.0,214,0.18709,0.20507,023800100100,MINISTRY OF BUDGET AND PLANNING,23010118,PURCHASE OF SCANNERS,70132,OVERALL PLANNING AND STATISTICAL SERVICES,20822100,MAIDUGURI METRO,02100125000200,Societal Re-orientation - General
Rehabilitation of office building for Budget and statistics,0.0,100000000.0,0.0,0.0,100000000.0,0.0,0.0,214,0.19526,0.21324,023800100100,MINISTRY OF BUDGET AND PLANNING,23030121,REHABILITATION / REPAIRS OF OFFICE BUILDINGS,70611,HOUSING DEVELOPMENT,20822100,MAIDUGURI METRO,02100125000300,Societal Re-orientation - General
NUT.4.HRN.6.1.9 Build the capacity of Nutrition Desk Officers in MDAs/LGAs through training & retraining on resource mobilization and allocation,0.0,0.0,0.0,0.0,118767000.0,0.0,118767000.0,214,0.20343,0.22141,023800100100,MINISTRY OF BUDGET AND PLANNING,23050103,MONITORING AND EVALUATION,70132,OVERALL PLANNING AND STATISTICAL SERVICES,20822100,MAIDUGURI METRO,02100126002000,Societal Re-orientation - General
NUT.5.ADVOCACY.6.1.7 Advocate for timely release of funds for food and nutrition activities in MDAs/LGAs,0.0,0.0,0.0,0.0,118767000.0,0.0,118767000.0,214,0.21078,0.22876,023800100100,MINISTRY OF BUDGET AND PLANNING,23050103,MONITORING AND EVALUATION,70132,OVERALL PLANNING AND STATISTICAL SERVICES,20822100,MAIDUGURI METRO,02100126002100,Societal Re-orientation - General
NUT.5.ADVOCACY.disseminate State policy on Food and Nutrition and the Plan of Action at the State/LGAs Levels,0.0,0.0,0.0,0.0,118767000.0,0.0,118767000.0,214,0.21895,0.23693,023800100100,MINISTRY OF BUDGET AND PLANNING,23050103,MONITORING AND EVALUATION,70132,OVERALL PLANNING AND STATISTICAL SERVICES,20822100,MAIDUGURI METRO,02100126002200,Societal Re-orientation - General
NUT.5.HRN.4.1. 1. Conduct training and retraining of State and Community Based Agencies and Organizations and all those involved in the planning and implementation of Food and Nutrition programmes and activities.,0.0,0.0,0.0,0.0,118767000.0,0.0,118767000.0,214,0.22712,0.2451,023800100100,MINISTRY OF BUDGET AND PLANNING,23050103,MONITORING AND EVALUATION,70132,OVERALL PLANNING AND STATISTICAL SERVICES,20822100,MAIDUGURI METRO,02100126002300,Societal Re-orientation - General
"NUT.5.HRN.4.1. 4 Conduct training and re- training of Nutritionists, Nutrition Desk Officers and other relevant service providers to improve their capacity for food and nutrition programme management",0.0,0.0,0.0,0.0,118767000.0,0.0,118767000.0,214,0.23529,0.25327,023800100100,MINISTRY OF BUDGET AND PLANNING,23050103,MONITORING AND EVALUATION,70132,OVERALL PLANNING AND STATISTICAL SERVICES,20822100,MAIDUGURI METRO,02100126002400,Societal Re-orientation - General
"Purchase Of 1 Nos. of Executive Chairs, Tables, Aircondtioner And Standing Fans for State Bureau of Statistics.",0.0,500000.0,500000.0,0.0,500000.0,0.0,0.0,214,0.27533,0.2933,023800200100,BORNO STATE BUREAU OF STATISTICS,23010112,PURCHASE OF OFFICE FURNITURE AND FITTINGS,70132,OVERALL PLANNING AND STATISTICAL SERVICES,20822100,MAIDUGURI METRO,13100124008600,Reform of Government and Governance - General
Purchase Of 1 Nos. Hp Laptops And 1 Nos. Desktop Computer for State Bureau of Statistics.,0.0,1000000.0,1000000.0,0.0,1000000.0,0.0,0.0,214,0.2835,0.30147,023800200100,BORNO STATE BUREAU OF STATISTICS,23010113,PURCHASE OF COMPUTERS,70132,OVERALL PLANNING AND STATISTICAL SERVICES,20822100,MAIDUGURI METRO,13100124008700,Reform of Government and Governance - General
Purchase Of 1 Nos. Computer Printers for State Bureau of Statistics.,0.0,1000000.0,1000000.0,0.0,1000000.0,0.0,0.0,214,0.29167,0.30964,023800200100,BORNO STATE BUREAU OF STATISTICS,23010114,PURCHASE OF COMPUTER PRINTERS,70132,OVERALL PLANNING AND STATISTICAL SERVICES,20822100,MAIDUGURI METRO,13100124008800,Reform of Government and Governance - General
Purchase Of 1 Nos. of sharp Ar 6031N A3 All-In-One Desktop Photocopier for State Bureau of Statistics.,0.0,1000000.0,1000000.0,0.0,1000000.0,0.0,0.0,214,0.29984,0.31781,023800200100,BORNO STATE BUREAU OF STATISTICS,23010115,PURCHASE OF PHOTOCOPYING MACHINES,70132,OVERALL PLANNING AND STATISTICAL SERVICES,20822100,MAIDUGURI METRO,13100124008900,Reform of Government and Governance - General
Purchase Of 1 Nos Hp Scanjet Pro 3000 S4 Sheet-Feed Scanner for State Bureau of Statistics.,0.0,1000000.0,1000000.0,0.0,0.0,0.0,0.0,214,0.30801,0.32598,023800200100,BORNO STATE BUREAU OF STATISTICS,23010118,PURCHASE OF SCANNERS,70132,OVERALL PLANNING AND STATISTICAL SERVICES,20822100,MAIDUGURI METRO,13100124009000,Reform of Government and Governance - General
Purchase Of 10 Kva Generating Set for State Bureau of Statistics.,0.0,1000000.0,1000000.0,0.0,500000.0,0.0,0.0,214,0.31536,0.33333,023800200100,BORNO STATE BUREAU OF STATISTICS,23010119,PURCHASE OF POWER GENERATING SET,70132,OVERALL PLANNING AND STATISTICAL SERVICES,20822100,MAIDUGURI METRO,13100124009100,Reform of Government and Governance - General
Purchase Of 50 Nos. of Surveying machine for collation of data for State Bureau of Statistics.,0.0,20000000.0,20000000.0,0.0,5000000.0,0.0,0.0,214,0.32353,0.3415,023800200100,BORNO STATE BUREAU OF STATISTICS,23010133,PURCHASES OF SURVEYING EQUIPMENT,70132,OVERALL PLANNING AND STATISTICAL SERVICES,20822100,MAIDUGURI METRO,13100124009200,Reform of Government and Governance - General
Research on total number of staff nominal roll data across the state.,0.0,120000000.0,120000000.0,6630000.0,90000000.0,0.0,0.0,214,0.3317,0.34967,023800200100,BORNO STATE BUREAU OF STATISTICS,23050101,RESEARCH AND DEVELOPMENT,70132,OVERALL PLANNING AND STATISTICAL SERVICES,20822100,MAIDUGURI METRO,13100123010100,Reform of Government and Governance - General
Acquisition Of Database Software for State Bureau of Statistics.,0.0,1000000.0,1000000.0,0.0,500000.0,0.0,0.0,214,0.33987,0.35784,023800200100,BORNO STATE BUREAU OF STATISTICS,23050102,COMPUTER SOFTWARE ACQUISITION,70132,OVERALL PLANNING AND STATISTICAL SERVICES,20822100,MAIDUGURI METRO,13100123010200,Reform of Government and Governance - General
"Monitoring on project within Hawul, Askira and Bama LGAs and evaluation of statistical data across the state.",0.0,1000000.0,1000000.0,0.0,500000.0,0.0,0.0,214,0.34804,0.36601,023800200100,BORNO STATE BUREAU OF STATISTICS,23050103,MONITORING AND EVALUATION,70132,OVERALL PLANNING AND STATISTICAL SERVICES,20822100,MAIDUGURI METRO,13100123010300,Reform of Government and Governance - General
"Market Feasibility Study on the effect of Commodity Price in Borno State, to conduct a study to Identify Untapped Solid Minerals available in Borno State and Improve export Promotion through the state committee on export trade.",0.0,0.0,0.0,0.0,10000000.0,0.0,0.0,214,0.35621,0.37418,023800200100,BORNO STATE BUREAU OF STATISTICS,23030127,REHABILITATION/REPAIRS- ICT INFRASTRUCTURES,70132,OVERALL PLANNING AND STATISTICAL SERVICES,20822100,MAIDUGURI METRO,13100126003700,Reform of Government and Governance - General
"Construction Of Hotel Buildings In Damboa, Uba, Gwoza, Baga & Bama Lgas",0.0,5500000000.0,5500000000.0,951517361.25,500000000.0,0.0,0.0,214,0.39624,0.41422,022200100100,"MINISTRY OF TRADE, INVESTMENT AND TOURISM",23020118,CONSTRUCTION / PROVISION OF INFRASTRUCTURE,70472,HOTELS AND RESTUARANTS,20842800,State wide,12100123000200,Growing the Private Sector - General
"Construction of Bulumkutu Monday Market II and 1No of state Hotels at Bama, Banki, Baga and Benishek LGAs.",0.0,708000000.0,708000000.0,0.0,7238236000.0,0.0,0.0,214,0.40441,0.42239,022200100100,"MINISTRY OF TRADE, INVESTMENT AND TOURISM",23020124,CONSTRUCTION OF MARKETS/PARKS,70471,"DISTRIBUTIVE TRADE, STORAGE AND WAREHOUSING",20842800,State wide,12100125000100,Growing the Private Sector - General
Development Of Tourist Centres: Long Procurement Securing & Construction Of New Amusement Park in MMC LGA.,276293591.13,200000000.0,200000000.0,0.0,50000000.0,0.0,0.0,214,0.41258,0.43056,022200100100,"MINISTRY OF TRADE, INVESTMENT AND TOURISM",23030118,REHABILITATION / REPAIRS - RECREATIONAL FACILITIES,70473,TOURISM,20822100,MAIDUGURI METRO,12100123000500,Growing the Private Sector - General
Rehabilitation of Maiduguri International Hotel and others infrastructures.,219243550.05,8000000000.0,5000000000.0,1152074261.25,1000000000.0,0.0,0.0,214,0.41993,0.43791,022200100100,"MINISTRY OF TRADE, INVESTMENT AND TOURISM",23030128,REHABILITATION/REPAIRS OF INFRASTRUCTURES,70411,GENERAL ECONOMIC AND COMMERCIALAFFAIRS,20822100,MAIDUGURI METRO,12100125000200,Growing the Private Sector - General
"Market Feasibility Study on the effect of Commodity Price in Borno State, to conduct a study to Identify Untapped Solid Minerals available in Borno State and Improve export Promotion through the state committee on export trade.",0.0,50000000.0,50000000.0,0.0,75000000.0,0.0,0.0,214,0.4281,0.44608,022200100100,"MINISTRY OF TRADE, INVESTMENT AND TOURISM",23050101,RESEARCH AND DEVELOPMENT,70411,GENERAL ECONOMIC AND COMMERCIALAFFAIRS,20842800,State wide,12100123000700,Growing the Private Sector - General
Monitoring And Evaluation of ongoing Projects in the State,0.0,21000000.0,21000000.0,0.0,20000000.0,0.0,0.0,214,0.43627,0.45425,022200100100,"MINISTRY OF TRADE, INVESTMENT AND TOURISM",23050103,MONITORING AND EVALUATION,70411,GENERAL ECONOMIC AND COMMERCIALAFFAIRS,20822100,MAIDUGURI METRO,12100121000100,Growing the Private Sector - General
"Purchase Of office furnitures (6 Nos Executive Chairs And 4 NosTables, 7 Nos of Visitors Chairs for Ministry of Trade and Investment",38600000.0,21000000.0,21000000.0,0.0,10000000.0,0.0,0.0,214,0.44444,0.46242,022200100100,"MINISTRY OF TRADE, INVESTMENT AND TOURISM",23010112,PURCHASE OF OFFICE FURNITURE AND FITTINGS,70411,GENERAL ECONOMIC AND COMMERCIALAFFAIRS,20822100,MAIDUGURI METRO,12100125000300,Growing the Private Sector - General
Purchase Of 1 No. Toyota Corolla Le 2003 Model for Investment,0.0,0.0,0.0,0.0,10000000.0,0.0,0.0,214,0.45261,0.47059,022200100100,"MINISTRY OF TRADE, INVESTMENT AND TOURISM",23010113,PURCHASE OF COMPUTERS,70411,GENERAL ECONOMIC AND COMMERCIALAFFAIRS,20822100,MAIDUGURI METRO,12100126000100,Growing the Private Sector - General
Project Facilitation Fund (PFF),0.0,0.0,0.0,0.0,300000000.0,0.0,0.0,214,0.46078,0.47876,022200100100,"MINISTRY OF TRADE, INVESTMENT AND TOURISM",23020118,CONSTRUCTION / PROVISION OF INFRASTRUCTURE,70151,R&D GENERAL PUBLIC SERVICES,20822100,MAIDUGURI METRO,12100126000200,Growing the Private Sector - General
Acquisition of land to Investment to promote PPP,0.0,269000000.0,269000000.0,0.0,0.0,0.0,0.0,214,0.50082,0.51879,022201000100,BORNO STATE INVESTMENT PROMOTION AGENCY (BOSIPA),23010101,PURCHASE / ACQUISITION OF LAND,70411,GENERAL ECONOMIC AND COMMERCIALAFFAIRS,20822100,MAIDUGURI METRO,12100125000100,Growing the Private Sector - General
Purchase Of 2Nos. Toyota Corolla Le 2003 Model for Investment,0.0,180000000.0,180000000.0,0.0,33000000.0,0.0,0.0,214,0.50899,0.52696,022201000100,BORNO STATE INVESTMENT PROMOTION AGENCY (BOSIPA),23010105,PURCHASE OF MOTOR VEHICLES,70411,GENERAL ECONOMIC AND COMMERCIALAFFAIRS,20822100,MAIDUGURI METRO,12100125000200,Growing the Private Sector - General
Purchase Of 1Nos. of Executive Table and two Nos of visitor Chairs for Borno Investment,0.0,15000000.0,15000000.0,0.0,5000000.0,0.0,0.0,214,0.51634,0.53431,022201000100,BORNO STATE INVESTMENT PROMOTION AGENCY (BOSIPA),23010112,PURCHASE OF OFFICE FURNITURE AND FITTINGS,70411,GENERAL ECONOMIC AND COMMERCIALAFFAIRS,20822100,MAIDUGURI METRO,12100125000300,Growing the Private Sector - General
Purchase Of 5 Nos. Hp Laptop 15 - Intel Pentium- 1Tb Hard Drive - 8Gb Ram - Windows 10 - 10Th Gen-Silver For Investment,0.0,5000000.0,5000000.0,0.0,5000000.0,0.0,0.0,214,0.52451,0.54248,022201000100,BORNO STATE INVESTMENT PROMOTION AGENCY (BOSIPA),23010113,PURCHASE OF COMPUTERS,70411,GENERAL ECONOMIC AND COMMERCIALAFFAIRS,20842800,State wide,12100125000400,Growing the Private Sector - General
Purchase Of 3 Nos. Laserjet Mfp M236D For Investment,0.0,3000000.0,3000000.0,0.0,3000000.0,0.0,0.0,214,0.53268,0.55065,022201000100,BORNO STATE INVESTMENT PROMOTION AGENCY (BOSIPA),23010114,PURCHASE OF COMPUTER PRINTERS,70411,GENERAL ECONOMIC AND COMMERCIALAFFAIRS,20822100,MAIDUGURI METRO,12100125000500,Growing the Private Sector - General
Purchase Of 2 Nos. Sharp Monochrome Ar-7024 Photocopier For Investment,0.0,3000000.0,3000000.0,0.0,3000000.0,0.0,0.0,214,0.54085,0.55882,022201000100,BORNO STATE INVESTMENT PROMOTION AGENCY (BOSIPA),23010115,PURCHASE OF PHOTOCOPYING MACHINES,70411,GENERAL ECONOMIC AND COMMERCIALAFFAIRS,20822100,MAIDUGURI METRO,12100125000600,Growing the Private Sector - General
Purchase Of 1 Nos. (250 Kva) Power Generating Set For Investment,0.0,44000000.0,44000000.0,0.0,24000000.0,0.0,0.0,214,0.54902,0.56699,022201000100,BORNO STATE INVESTMENT PROMOTION AGENCY (BOSIPA),23010119,PURCHASE OF POWER GENERATING SET,70411,GENERAL ECONOMIC AND COMMERCIALAFFAIRS,20822100,MAIDUGURI METRO,12100125000700,Growing the Private Sector - General
Construction Of Office Building At Njimtilo for Investment,0.0,225000000.0,225000000.0,0.0,35000000.0,0.0,0.0,214,0.55719,0.57516,022201000100,BORNO STATE INVESTMENT PROMOTION AGENCY (BOSIPA),23020101,CONSTRUCTION / PROVISION OF OFFICE BUILDINGS,70611,HOUSING DEVELOPMENT,20822100,MAIDUGURI METRO,12100125000800,Growing the Private Sector - General
Construction Of Ict Center for Investment,0.0,10000000.0,10000000.0,0.0,10000000.0,0.0,0.0,214,0.56536,0.58333,022201000100,BORNO STATE INVESTMENT PROMOTION AGENCY (BOSIPA),23020127,CONSTRUCTION OF ICT INFRASTRUCTURES,70611,HOUSING DEVELOPMENT,20822100,MAIDUGURI METRO,12100125000900,Growing the Private Sector - General
Training Of 10Nos. Of staff for PPP Within Mmc & Jere LGA.,0.0,5000000.0,5000000.0,0.0,5812000.0,0.0,0.0,214,0.57271,0.59069,022201000100,BORNO STATE INVESTMENT PROMOTION AGENCY (BOSIPA),23050130,HUMAN CAPITAL DEVELOPMENT,70411,GENERAL ECONOMIC AND COMMERCIALAFFAIRS,20822100,MAIDUGURI METRO,12100125001000,Growing the Private Sector - General
Purchase Of 2 Nos. Toyota Corolla Le 2003 Model for Borno Investment Company LTD.,0.0,12465000.0,12465000.0,0.0,20000000.0,0.0,0.0,214,0.61356,0.63154,022201800100,BORNO INVESTMENT COMPANY LTD,23010105,PURCHASE OF MOTOR VEHICLES,70411,GENERAL ECONOMIC AND COMMERCIALAFFAIRS,20822100,MAIDUGURI METRO,12100124000200,Growing the Private Sector - General
Purchase Of 10 Units of houses from disposal of houses for Borno Investment Company LTD,0.0,58000000.0,58000000.0,0.0,0.0,0.0,0.0,214,0.62092,0.63889,022201800100,BORNO INVESTMENT COMPANY LTD,23010103,PURCHASE OF RESIDENTIAL BUILDINGS,70411,GENERAL ECONOMIC AND COMMERCIALAFFAIRS,20822100,MAIDUGURI METRO,12100124000400,Growing the Private Sector - General
"Purchase Of Shares & Investments From Glaxo 1,000,000 , Mtn 25,6279 , Zenith 1,500,000 , Uba 5,000,000 , Gtb 2,500,000 , Wapco 5,000,000 , Dangote Cement 260,000 , Uacn 3,000,000 for Borno Investment Company LTD.",0.0,50000000.0,50000000.0,0.0,200000000.0,0.0,0.0,214,0.62908,0.64706,022201800100,BORNO INVESTMENT COMPANY LTD,23010143,PURCHASE OF SHARES & INVESTMENTS GENERAL,70411,GENERAL ECONOMIC AND COMMERCIALAFFAIRS,20842800,State wide,12100124000500,Growing the Private Sector - General
Purchase Of 2Nos. of Executive Chairs for Borno Investment Company LTD,0.0,1530000.0,1530000.0,0.0,1000000.0,0.0,0.0,214,0.63725,0.65523,022201800100,BORNO INVESTMENT COMPANY LTD,23010112,PURCHASE OF OFFICE FURNITURE AND FITTINGS,70411,GENERAL ECONOMIC AND COMMERCIALAFFAIRS,20822100,MAIDUGURI METRO,12100125000100,Growing the Private Sector - General
Purchase Of 2Nos. Desktop Computer for Borno Investment Company LTD,0.0,900000.0,900000.0,0.0,1000000.0,0.0,0.0,214,0.64542,0.6634,022201800100,BORNO INVESTMENT COMPANY LTD,23010113,PURCHASE OF COMPUTERS,70411,GENERAL ECONOMIC AND COMMERCIALAFFAIRS,20822100,MAIDUGURI METRO,12100125000200,Growing the Private Sector - General
Purchase Of 1Shredding Machines For Borno Investment Company LTD,0.0,105000.0,105000.0,0.0,0.0,0.0,0.0,214,0.65359,0.67157,022201800100,BORNO INVESTMENT COMPANY LTD,23010117,PURCHASE OF SHREDDING MACHINES,70411,GENERAL ECONOMIC AND COMMERCIALAFFAIRS,20822100,MAIDUGURI METRO,12100125000300,Growing the Private Sector - General
Capacity building of staff to the PPP directorate across the state.,0.0,10000000.0,10000000.0,0.0,10000000.0,0.0,0.0,214,0.66176,0.67974,022201800100,BORNO INVESTMENT COMPANY LTD,23050130,HUMAN CAPITAL DEVELOPMENT,70411,GENERAL ECONOMIC AND COMMERCIALAFFAIRS,20822100,MAIDUGURI METRO,12100125000400,Growing the Private Sector - General
Purchase Of 1Nos. Laserjet Mfp M236D For Borno Investment Company Ltd,0.0,0.0,0.0,0.0,1000000.0,0.0,0.0,214,0.66912,0.68709,022201800100,BORNO INVESTMENT COMPANY LTD,23010114,PURCHASE OF COMPUTER PRINTERS,70411,GENERAL ECONOMIC AND COMMERCIALAFFAIRS,20822100,MAIDUGURI METRO,12100126000300,Growing the Private Sector - General
Rehabilitation/Repairs of Borno Investment Staffs Quarters,0.0,0.0,0.0,0.0,1915501000.0,0.0,0.0,214,0.67729,0.69526,022201800100,BORNO INVESTMENT COMPANY LTD,23030101,REHABILITATION / REPAIRS OF RESIDENTIAL BUILDING,70411,GENERAL ECONOMIC AND COMMERCIALAFFAIRS,20822100,MAIDUGURI METRO,12100126000400,Growing the Private Sector - General
PURCHASE/ACQUISITION OF LAND (MINING ACTIVITIES),0.0,500000000.0,150000000.0,0.0,203125000.0,0.0,0.0,214,0.71814,0.73611,022205100100,BORNO STATE MINING COMPANY LIMITED,23010101,PURCHASE / ACQUISITION OF LAND,70441,MINING OF MINERAL RESOURCES OTHER THAN MINERAL FUELS,20822100,MAIDUGURI METRO,12100125000100,Growing the Private Sector - General
Purchase Of 1No. Of Toyota 2020 Hilux For MINING COMPANY,0.0,45000000.0,25000000.0,0.0,0.0,0.0,0.0,214,0.72549,0.74346,022205100100,BORNO STATE MINING COMPANY LIMITED,23010105,PURCHASE OF MOTOR VEHICLES,70441,MINING OF MINERAL RESOURCES OTHER THAN MINERAL FUELS,20822100,MAIDUGURI METRO,12100125000200,Growing the Private Sector - General
Purchase Of Various Executive Tables And Excutive Chairs For MINING COMPANY,0.0,25000000.0,300000000.0,23100000.0,25000000.0,0.0,0.0,214,0.73366,0.75163,022205100100,BORNO STATE MINING COMPANY LIMITED,23010112,PURCHASE OF OFFICE FURNITURE AND FITTINGS,70441,MINING OF MINERAL RESOURCES OTHER THAN MINERAL FUELS,20822100,MAIDUGURI METRO,12100125000300,Growing the Private Sector - General
Purchase Of 3 Hp pro 88 Desktop Computers And 2 Hp pavillion core i5 Laptops For MINING COMPANY,0.0,10000000.0,45000000.0,0.0,10000000.0,0.0,0.0,214,0.74183,0.7598,022205100100,BORNO STATE MINING COMPANY LIMITED,23010113,PURCHASE OF COMPUTERS,70441,MINING OF MINERAL RESOURCES OTHER THAN MINERAL FUELS,20842800,State wide,12100125000400,Growing the Private Sector - General
Purchase Of 3 Hp MX400 Printers For MINING COMPANY,0.0,5000000.0,25000000.0,1970000.0,5000000.0,0.0,0.0,214,0.75,0.76797,022205100100,BORNO STATE MINING COMPANY LIMITED,23010114,PURCHASE OF COMPUTER PRINTERS,70441,MINING OF MINERAL RESOURCES OTHER THAN MINERAL FUELS,20822100,MAIDUGURI METRO,12100125000500,Growing the Private Sector - General
Purchase Of 2 Sharp MD200 Photocopying Machines For MINING COMPANY,0.0,7500000.0,10000000.0,0.0,7500000.0,0.0,0.0,214,0.75817,0.77614,022205100100,BORNO STATE MINING COMPANY LIMITED,23010115,PURCHASE OF PHOTOCOPYING MACHINES,70441,MINING OF MINERAL RESOURCES OTHER THAN MINERAL FUELS,20822100,MAIDUGURI METRO,12100125000600,Growing the Private Sector - General
Upgrading Of Re-Cycling Plant For MINING COMPANY,0.0,15000000.0,5000000.0,0.0,15000000.0,0.0,0.0,214,0.76634,0.78431,022205100100,BORNO STATE MINING COMPANY LIMITED,23010128,PURCHASE OF SECURITY EQUIPMENT,70441,MINING OF MINERAL RESOURCES OTHER THAN MINERAL FUELS,20822100,MAIDUGURI METRO,12100125000800,Growing the Private Sector - General
"Purchase Of Kord 64, Gto and Hot Large Binding For MINING COMPANY",0.0,100000000.0,7500000.0,0.0,55000000.0,0.0,0.0,214,0.77369,0.79167,022205100100,BORNO STATE MINING COMPANY LIMITED,23010129,PURCHASE OF INDUSTRIAL EQUIPMENT,70441,MINING OF MINERAL RESOURCES OTHER THAN MINERAL FUELS,20822100,MAIDUGURI METRO,12100125000900,Growing the Private Sector - General
Purchases Of (3) Surveying Tripods.4 Story Poles.100 Measuring Tape.1000 Surveyor'S Brush Axes.2000,0.0,100000000.0,15000000.0,0.0,15000000.0,0.0,0.0,214,0.78186,0.79984,022205100100,BORNO STATE MINING COMPANY LIMITED,23010133,PURCHASES OF SURVEYING EQUIPMENT70441 - MINING OF MINERAL RESOURCES OTHER THAN MINERAL FUELS,,Land Surveying Markers for Mining company,20822100,MAIDUGURI METRO,12100125001000,Growing the Private Sector - General
Purchase Of Shares & Investments From Wapco and Glaxo with other for Mining Company,0.0,100000000.0,100000000.0,0.0,100000000.0,0.0,0.0,214,0.79003,0.80801,022205100100,BORNO STATE MINING COMPANY LIMITED,23010143,PURCHASE OF SHARES & INVESTMENTS GENERAL,70441,MINING OF MINERAL RESOURCES OTHER THAN MINERAL FUELS,20822100,MAIDUGURI METRO,12100125001100,Growing the Private Sector - General
Erosion & Flood Control for Mining Company main campus,0.0,25000000.0,75000000.0,0.0,25000000.0,0.0,0.0,214,0.7982,0.81618,022205100100,BORNO STATE MINING COMPANY LIMITED,23040102,EROSION & FLOOD CONTROL,70441,MINING OF MINERAL RESOURCES OTHER THAN MINERAL FUELS,20822100,MAIDUGURI METRO,12100125001200,Growing the Private Sector - General
Research And Development is carried out to improve quality control and to provide effective service delivery for Mining Company,0.0,25000000.0,10000000.0,0.0,25000000.0,0.0,0.0,214,0.80637,0.82435,022205100100,BORNO STATE MINING COMPANY LIMITED,23050101,RESEARCH AND DEVELOPMENT,70441,MINING OF MINERAL RESOURCES OTHER THAN MINERAL FUELS,20822100,MAIDUGURI METRO,12100125001300,Growing the Private Sector - General
Provision of 100 No of cctv software within the minig company for security purposes.,0.0,7500000.0,100000000.0,0.0,7500000.0,0.0,0.0,214,0.81454,0.83252,022205100100,BORNO STATE MINING COMPANY LIMITED,23050102,COMPUTER SOFTWARE ACQUISITION,70441,MINING OF MINERAL RESOURCES OTHER THAN MINERAL FUELS,20822100,MAIDUGURI METRO,12100125001400,Growing the Private Sector - General
Monitoring Of Projects And Supervisions for the minig company,0.0,25000000.0,25000000.0,0.0,25000000.0,0.0,0.0,214,0.8219,0.83987,022205100100,BORNO STATE MINING COMPANY LIMITED,23050103,MONITORING AND EVALUATION,70441,MINING OF MINERAL RESOURCES OTHER THAN MINERAL FUELS,20822100,MAIDUGURI METRO,12100125001500,Growing the Private Sector - General
Construction of new roads at mining company office,0.0,15000000.0,25000000.0,0.0,15000000.0,0.0,0.0,214,0.83007,0.84804,022205100100,BORNO STATE MINING COMPANY LIMITED,23020114,CONSTRUCTION / PROVISION OF ROADS,70441,MINING OF MINERAL RESOURCES OTHER THAN MINERAL FUELS,20822100,MAIDUGURI METRO,12100126000500,Growing the Private Sector - General
Construction Of Ict Center for Investment,0.0,25000000.0,70887000.0,0.0,25000000.0,0.0,0.0,214,0.83824,0.85621,022205100100,BORNO STATE MINING COMPANY LIMITED,23020118,CONSTRUCTION / PROVISION OF INFRASTRUCTURE,70611,HOUSING DEVELOPMENT,20822100,MAIDUGURI METRO,12100126000600,Growing the Private Sector - General
Rehabilitation/Repairs of Mining Company Office,0.0,5000000.0,75000000.0,0.0,5000000.0,0.0,0.0,214,0.84641,0.86438,022205100100,BORNO STATE MINING COMPANY LIMITED,23030121,REHABILITATION / REPAIRS OF OFFICE BUILDINGS,70611,HOUSING DEVELOPMENT,20822100,MAIDUGURI METRO,12100126000700,Growing the Private Sector - General
Purchase Of 2 Toyota COROLLA LE For Borno State Hotels.,0.0,35000000.0,35000000.0,0.0,0.0,0.0,0.0,214,0.88644,0.90441,022205200100,BORNO STATE HOTELS,23010105,PURCHASE OF MOTOR VEHICLES,70472,HOTELS AND RESTUARANTS,20822100,MAIDUGURI METRO,06100124003800,Housing and Urban Development - General
Purchase Of 1 Nos. Hp Laptop 15 - Intel Pentium- 1Tb Hard Drive - 8Gb Ram - Windows 10 - 10Th Gen-Silver For Borno State Hotels.,0.0,5000000.0,5000000.0,0.0,1860000.0,0.0,0.0,214,0.89461,0.91258,022205200100,BORNO STATE HOTELS,23010113,PURCHASE OF COMPUTERS,70472,HOTELS AND RESTUARANTS,20822100,MAIDUGURI METRO,06100124004000,Housing and Urban Development - General
Purchase Of 1 Nos. (250 Kva) Power Generating Set For Borno State Hotels.,0.0,10000000.0,10000000.0,0.0,18000000.0,0.0,0.0,214,0.90278,0.92075,022205200100,BORNO STATE HOTELS,23010119,PURCHASE OF POWER GENERATING SET,70472,HOTELS AND RESTUARANTS,20822100,MAIDUGURI METRO,06100125000100,Housing and Urban Development - General
Provision Of Infrastructure For Borno State Hotels.,0.0,130000000.0,130000000.0,0.0,0.0,0.0,0.0,215,0.09069,0.10866,022205200100,BORNO STATE HOTELS,23030128,REHABILITATION/REPAIRS OF INFRASTRUCTURES,70472,HOTELS AND RESTUARANTS,20822100,MAIDUGURI METRO,06100125000200,Housing and Urban Development - General
Purchase Of 100 Nos. Of keke To Borno Express Transport Corporation.,0.0,0.0,0.0,0.0,9500000.0,0.0,0.0,215,0.09886,0.11683,022205200100,BORNO STATE HOTELS,23010128,PURCHASE OF SECURITY EQUIPMENT,70472,HOTELS AND RESTUARANTS,20822100,MAIDUGURI METRO,06100126000100,Housing and Urban Development - General
"Computer Software / Internet, Installation of Internet Facilities .",0.0,6000000.0,6000000.0,0.0,3000000.0,0.0,0.0,215,0.13889,0.15686,022205400100,BORNO MONDAY MARKET COMPANY LIMITED,23050102,COMPUTER SOFTWARE ACQUISITION,70471,"DISTRIBUTIVE TRADE, STORAGE AND WAREHOUSING",20822100,MAIDUGURI METRO,12100124000700,Growing the Private Sector - General
Purchase Of Fire Fighting Equipment(Dry Chemical Powder - Dcp - Trolley Fire Ex. 50 Kg And Caution Triangles) for Kano Motor Park and Market,0.0,1000000.0,5000000.0,0.0,0.0,0.0,0.0,215,0.17892,0.1969,022205400200,BORNO KANO MOTOR PARK AND MARKET,23010123,PURCHASE OF FIRE FIGHTING EQUIPMENT,70471,"DISTRIBUTIVE TRADE, STORAGE AND WAREHOUSING",20822100,MAIDUGURI METRO,12100124001300,Growing the Private Sector - General
Monitoring and evaluation the level of perfomance projects of Kano Motor Park and Market,0.0,100000.0,1000000.0,0.0,0.0,0.0,0.0,215,0.18709,0.20507,022205400200,BORNO KANO MOTOR PARK AND MARKET,23050103,MONITORING AND EVALUATION,70471,"DISTRIBUTIVE TRADE, STORAGE AND WAREHOUSING",20822100,MAIDUGURI METRO,12100123000900,Growing the Private Sector - General
Purchase Of 1Nos. Hp Laptops And 1Nos. Desktop Computer of Kano Motor Park and Market,0.0,1000000.0,1000000.0,0.0,1000000.0,0.0,0.0,215,0.19526,0.21324,022205400200,BORNO KANO MOTOR PARK AND MARKET,23010113,PURCHASE OF COMPUTERS,70471,"DISTRIBUTIVE TRADE, STORAGE AND WAREHOUSING",20822100,MAIDUGURI METRO,12100125000100,Growing the Private Sector - General
Purchase Of 10 Kva Generating Set of Kano Motor Park and Market,0.0,5000000.0,1000000.0,0.0,0.0,0.0,0.0,215,0.20343,0.22141,022205400200,BORNO KANO MOTOR PARK AND MARKET,23010119,PURCHASE OF POWER GENERATING SET,70471,"DISTRIBUTIVE TRADE, STORAGE AND WAREHOUSING",20822100,MAIDUGURI METRO,12100125000200,Growing the Private Sector - General
Purchase Of 1Nos. Laserjet Mfp M236D Printer For Borno Kano Motor Park and Market,0.0,0.0,100000.0,0.0,1000000.0,0.0,0.0,215,0.21078,0.22876,022205400200,BORNO KANO MOTOR PARK AND MARKET,23010114,PURCHASE OF COMPUTER PRINTERS,70611,HOUSING DEVELOPMENT,20822100,MAIDUGURI METRO,12100126000800,Growing the Private Sector - General
Purchase Of Mini 3in1 Leserjet Photocopying Machines For Kano Motor Parks,0.0,0.0,6000000.0,0.0,300000.0,0.0,0.0,215,0.21895,0.23693,022205400200,BORNO KANO MOTOR PARK AND MARKET,23010115,PURCHASE OF PHOTOCOPYING MACHINES,70471,"DISTRIBUTIVE TRADE, STORAGE AND WAREHOUSING",20822100,MAIDUGURI METRO,12100126000900,Growing the Private Sector - General
Rehabilitation Of Dilapidated Infrastructures for Maiduguri International Hotel,0.0,5000000.0,5000000.0,0.0,5000000.0,0.0,0.0,215,0.2598,0.27778,022205600100,BORNO MAIDUGURI INTERNATIONAL HOTEL,23030128,REHABILITATION/REPAIRS OF INFRASTRUCTURES,70472,HOTELS AND RESTUARANTS,20822100,MAIDUGURI METRO,06100124004300,Housing and Urban Development - General
"Purchase Of Security Equipment (I.E.D-Detecctors, Cctv-Cameras) for Borno state Plastic Company",0.0,4000000.0,4000000.0,0.0,3200000.0,0.0,0.0,215,0.29984,0.31781,022205700100,BORNO STATE PLASTIC COMPANY (BOPLAS),23010128,PURCHASE OF SECURITY EQUIPMENT,70411,GENERAL ECONOMIC AND COMMERCIALAFFAIRS,20821300,JERE,12100124001700,Growing the Private Sector - General
Purchase Of Industrial Equipment (Gantry Crane & Forklift) for Borno state Plastic Company,0.0,5000000.0,5000000.0,0.0,0.0,0.0,0.0,215,0.30801,0.32598,022205700100,BORNO STATE PLASTIC COMPANY (BOPLAS),23010129,PURCHASE OF INDUSTRIAL EQUIPMENT,70411,GENERAL ECONOMIC AND COMMERCIALAFFAIRS,20821300,JERE,12100124001800,Growing the Private Sector - General
Purchase Of Heavy Duty Plants & Machineries (Assorted Moulds & Accessories) for Borno state Plastic Company,0.0,2000000.0,2000000.0,0.0,0.0,0.0,0.0,215,0.31536,0.33333,022205700100,BORNO STATE PLASTIC COMPANY (BOPLAS),23010139,PURCHASE OF HEAVY DUTY PLANTS & MACHINERIES,70411,GENERAL ECONOMIC AND COMMERCIALAFFAIRS,20821300,JERE,12100124001900,Growing the Private Sector - General
Construction Of Office Building At Njimtilo Factory (Office & Canteen),0.0,2000000.0,5000000.0,0.0,0.0,0.0,0.0,215,0.32353,0.3415,022205700100,BORNO STATE PLASTIC COMPANY (BOPLAS),23020101,CONSTRUCTION / PROVISION OF OFFICE BUILDINGS,70611,HOUSING DEVELOPMENT,20821300,JERE,12100123001000,Growing the Private Sector - General
"Provision Of Infrastructure (Art Gallery, R&D Equipment & Display Centres) for Borno state Plastic Company",0.0,2000000.0,4000000.0,0.0,0.0,0.0,0.0,215,0.3317,0.34967,022205700100,BORNO STATE PLASTIC COMPANY (BOPLAS),23020118,CONSTRUCTION / PROVISION OF INFRASTRUCTURE,70411,GENERAL ECONOMIC AND COMMERCIALAFFAIRS,20821300,JERE,12100123001100,Growing the Private Sector - General
"Purchase Of 2 Nos Executive Chairs, 2 Nos Tables, And 2Nos of Binatone Standing Fans for Borno Wire and Nail Company.",0.0,1000000.0,1000000.0,0.0,1000000.0,0.0,0.0,215,0.37173,0.38971,022205900100,BORNO STATE WIRE AND NAIL COMPANY,23010112,PURCHASE OF OFFICE FURNITURE AND FITTINGS,70411,GENERAL ECONOMIC AND COMMERCIALAFFAIRS,20821300,JERE,12100124002100,Growing the Private Sector - General
Purchase Of 2 Nos. Hp Printer for Borno Wire and Nail Company.,0.0,1000000.0,1000000.0,0.0,1000000.0,0.0,0.0,215,0.3799,0.39788,022205900100,BORNO STATE WIRE AND NAIL COMPANY,23010114,PURCHASE OF COMPUTER PRINTERS,70411,GENERAL ECONOMIC AND COMMERCIALAFFAIRS,20821300,JERE,12100124002200,Growing the Private Sector - General
Purchase Of 2 hp Desktop Computers for Neital Nigeria Limited,0.0,2000000.0,2000000.0,0.0,0.0,0.0,0.0,215,0.41993,0.43791,022206000100,BORNO STATE NEITAL NIGERIA LIMITED,23010113,PURCHASE OF COMPUTERS,70411,GENERAL ECONOMIC AND COMMERCIALAFFAIRS,20822100,MAIDUGURI METRO,12100124002500,Growing the Private Sector - General
Purchase Of 1 No 500 Kva Mikano for Neital Nigeria Limited,0.0,2000000.0,2000000.0,0.0,0.0,0.0,0.0,215,0.4281,0.44608,022206000100,BORNO STATE NEITAL NIGERIA LIMITED,23010119,PURCHASE OF POWER GENERATING SET,70411,GENERAL ECONOMIC AND COMMERCIALAFFAIRS,20822100,MAIDUGURI METRO,12100124002600,Growing the Private Sector - General
Purchase Of Multi-Purpose sharp m360 Machines for Borno State NEITAL NIG. LTD,0.0,0.0,6000000.0,0.0,31550000.0,0.0,0.0,215,0.43627,0.45425,022206000100,BORNO STATE NEITAL NIGERIA LIMITED,23010139,PURCHASE OF HEAVY DUTY PLANTS & MACHINERIES,70411,GENERAL ECONOMIC AND COMMERCIALAFFAIRS,20822100,MAIDUGURI METRO,12100126001000,Growing the Private Sector - General
Construction Of Ict Center for NEITAL NIG. LTD,0.0,0.0,0.0,0.0,15000000.0,0.0,0.0,215,0.44444,0.46242,022206000100,BORNO STATE NEITAL NIGERIA LIMITED,23020118,CONSTRUCTION / PROVISION OF INFRASTRUCTURE,70411,GENERAL ECONOMIC AND COMMERCIALAFFAIRS,20822100,MAIDUGURI METRO,12100126001100,Growing the Private Sector - General
Purchase 2 Nos Table for Borno Supply Company,0.0,1000000.0,1000000.0,0.0,0.0,0.0,0.0,215,0.48448,0.50245,022206100100,BORNO STATE SUPPLY COMPANY (BOSCO),23010112,PURCHASE OF OFFICE FURNITURE AND FITTINGS,70411,GENERAL ECONOMIC AND COMMERCIALAFFAIRS,20822100,MAIDUGURI METRO,06100124000100,Housing and Urban Development - General
"Construction Of 3 Nos of Mega Filling Station, One In Each Of The (3) Senatorial Zone",0.0,1000000.0,2000000.0,0.0,0.0,0.0,0.0,215,0.49265,0.51062,022206100100,BORNO STATE SUPPLY COMPANY (BOSCO),23020101,CONSTRUCTION / PROVISION OF OFFICE BUILDINGS,70451,ROAD TRANSPORT,20822100,MAIDUGURI METRO,06100123000100,Housing and Urban Development - General
Purchase Of 10Nos. Fire Extinguisher for Borno Supply Company,0.0,0.0,2000000.0,0.0,2000000.0,0.0,0.0,215,0.50082,0.51879,022206100100,BORNO STATE SUPPLY COMPANY (BOSCO),23010123,PURCHASE OF FIRE FIGHTING EQUIPMENT,70411,GENERAL ECONOMIC AND COMMERCIALAFFAIRS,20822100,MAIDUGURI METRO,06100126000200,Housing and Urban Development - General
"Purchase Of 1 No.Toyota Hilux, 15 Nos. Golf Wagon for the Ministry of Transport and Energy",453042000.0,100000000.0,100000000.0,57056750.0,300000000.0,0.0,0.0,215,0.54085,0.55882,022900100100,MINISTRY OF TRANSPORT AND ENERGY,23010105,PURCHASE OF MOTOR VEHICLES,70451,ROAD TRANSPORT,20822100,MAIDUGURI METRO,15100124000100,Rail - General
Purchase Of 1000 Nos. Of keke To Borno Express Transport Corporation.,182000000.0,200000000.0,200000000.0,57056750.0,200000000.0,0.0,0.0,215,0.54902,0.56699,022900100100,MINISTRY OF TRANSPORT AND ENERGY,23010104,PURCHASE MOTOR CYCLES,70451,ROAD TRANSPORT,20822100,MAIDUGURI METRO,15100124000200,Rail - General
"Purchase Of 6 Nos, 14 Seater Buses For Intra-City Service To Borno Express Transport Corporation",6296894568.28,1000000000.0,1000000000.0,1652754305.41,0.0,0.0,0.0,215,0.55719,0.57516,022900100100,MINISTRY OF TRANSPORT AND ENERGY,23010108,PURCHASE OF BUSES,70451,ROAD TRANSPORT,20822100,MAIDUGURI METRO,15100124000300,Rail - General
Purchase Of 10No Sets Of Executive tables and chairs for the Ministry of Transport and Energy,10684200.0,20000000.0,20000000.0,0.0,40000000.0,0.0,0.0,215,0.56536,0.58333,022900100100,MINISTRY OF TRANSPORT AND ENERGY,23010112,PURCHASE OF OFFICE FURNITURE AND FITTINGS,70451,ROAD TRANSPORT,20822100,MAIDUGURI METRO,15100124000400,Rail - General
"Purchase Of 5Nos Of Laptop, And 10No Sets Of Desktop Computers for the Ministry of Transport and Energy",1500000.0,2000000.0,2000000.0,0.0,20000000.0,0.0,0.0,215,0.57271,0.59069,022900100100,MINISTRY OF TRANSPORT AND ENERGY,23010113,PURCHASE OF COMPUTERS,70451,ROAD TRANSPORT,20822100,MAIDUGURI METRO,15100124000500,Rail - General
Purchase Of 5 Nos Hp mw314 Printers for the Ministry of Transport and Energy,0.0,2000000.0,2000000.0,0.0,5000000.0,0.0,0.0,215,0.58088,0.59886,022900100100,MINISTRY OF TRANSPORT AND ENERGY,23010114,PURCHASE OF COMPUTER PRINTERS,70451,ROAD TRANSPORT,20822100,MAIDUGURI METRO,15100124000600,Rail - General
Purchase Of 5 Nos Multi-Purpose sharp m360 Machines for the Ministry of Transport and Energy,600000.0,4000000.0,4000000.0,0.0,10000000.0,0.0,0.0,215,0.58905,0.60703,022900100100,MINISTRY OF TRANSPORT AND ENERGY,23010115,PURCHASE OF PHOTOCOPYING MACHINES,70451,ROAD TRANSPORT,20822100,MAIDUGURI METRO,15100124000700,Rail - General
Purchase Of 2 Nos. (250 Kva) Power Generating Set for the Ministry of Transport and Energy,0.0,40000000.0,40000000.0,3368000.0,600000000.0,0.0,0.0,215,0.59722,0.6152,022900100100,MINISTRY OF TRANSPORT AND ENERGY,23010119,PURCHASE OF POWER GENERATING SET,70451,ROAD TRANSPORT,20822100,MAIDUGURI METRO,15100124000800,Rail - General
Purchase Of 10Nos of Fire Extinguisher For Office And Workshop Uses for the Ministry of Transport and Energy,0.0,3000000.0,3000000.0,0.0,2000000.0,0.0,0.0,215,0.60539,0.62337,022900100100,MINISTRY OF TRANSPORT AND ENERGY,23010123,PURCHASE OF FIRE FIGHTING EQUIPMENT,70451,ROAD TRANSPORT,20822100,MAIDUGURI METRO,15100124000900,Rail - General
Construction Of Rail projects in JERE LGA,0.0,2000000000.0,2000000000.0,1588554323.0,4139252000.0,0.0,0.0,215,0.61356,0.63154,022900100100,MINISTRY OF TRANSPORT AND ENERGY,23020118,CONSTRUCTION / PROVISION OF INFRASTRUCTURE,70451,ROAD TRANSPORT,20821300,JERE,15100123000200,Rail - General
construction/provision of street light in MMC and JERE LGA,220529094.74,1000000000.0,1000000000.0,761539845.55,1000000000.0,0.0,0.0,215,0.62092,0.63889,022900100100,MINISTRY OF TRANSPORT AND ENERGY,23020123,CONSTRUCTION OF TRAFFIC /STREET LIGHTS,70435,ELECTRICITY,20822100,MAIDUGURI METRO,15100123000300,Rail - General
"Rehabilitation Of Electricity Within Mmc, Jere, Konduga, Mafa, Bayo, Shani & Biu Township.",0.0,200000000.0,200000000.0,185557500.0,200000000.0,0.0,0.0,215,0.62908,0.64706,022900100100,MINISTRY OF TRANSPORT AND ENERGY,23030123,REHABILITATION/REPAIRS- TRAFFIC /STREET LIGHTS,70435,ELECTRICITY,20842800,State wide,15100123000400,Rail - General
Inter-State Visitations For Transport Development for the Ministry of Transport and Energy,7500000.0,10000000.0,10000000.0,1305000.0,20000000.0,0.0,0.0,215,0.63725,0.65523,022900100100,MINISTRY OF TRANSPORT AND ENERGY,23050101,RESEARCH AND DEVELOPMENT,70451,ROAD TRANSPORT,20822100,MAIDUGURI METRO,15100120000100,Rail - General
Monitoring Of Projects And Supervisions f for the Ministry of Transport and Energy,7200000.0,10000000.0,10000000.0,0.0,25000000.0,0.0,0.0,215,0.64542,0.6634,022900100100,MINISTRY OF TRANSPORT AND ENERGY,23050103,MONITORING AND EVALUATION,70451,ROAD TRANSPORT,20822100,MAIDUGURI METRO,15100120000300,Rail - General
"Celebration Of Fasting Period, Eidul Fitr And Eidul Kabir Incentives to the Ministry of Transport and Energy",502050000.0,10000000.0,10000000.0,2260000.0,30000000.0,0.0,0.0,215,0.65359,0.67157,022900100100,MINISTRY OF TRANSPORT AND ENERGY,23050104,ANNIVERSARIES/CELEBRATIONS,70451,ROAD TRANSPORT,20822100,MAIDUGURI METRO,15100124002000,Rail - General
Monitoring and Evaluation of various health programmes within the ministry.,1180447255.0,5000000.0,5000000.0,0.0,200000000.0,0.0,0.0,215,0.66176,0.67974,022900100100,MINISTRY OF TRANSPORT AND ENERGY,23050103,MONITORING AND EVALUATION,70451,ROAD TRANSPORT,20822100,MAIDUGURI METRO,15100125000100,Rail - General
Construction Of Rail projects in MMC LGA,2131382000.0,2000000000.0,2000000000.0,2000000000.0,3964734000.0,0.0,0.0,215,0.66912,0.68709,022900100100,MINISTRY OF TRANSPORT AND ENERGY,23020118,CONSTRUCTION / PROVISION OF INFRASTRUCTURE,70451,ROAD TRANSPORT,20822100,MAIDUGURI METRO,15100126000100,Rail - General
construction/provision of Electricity in magumeri lga,0.0,1000000000.0,1000000000.0,2572999328.8,0.0,0.0,0.0,215,0.67729,0.69526,022900100100,MINISTRY OF TRANSPORT AND ENERGY,23020103,CONSTRUCTION / PROVISION OF ELECTRICITY,70435,ELECTRICITY,20812000,MAGUMERI,15100125000200,Rail - General
construction/provision of Electricity in chibok lga,0.0,1000000000.0,1120468000.0,1000000000.0,1000000000.0,0.0,0.0,215,0.68546,0.70343,022900100100,MINISTRY OF TRANSPORT AND ENERGY,23020103,CONSTRUCTION / PROVISION OF ELECTRICITY,70435,ELECTRICITY,20830600,CHIBOK,15100125000300,Rail - General
Purchase Of 14 Hummer Buses for Borno Express Transport,0.0,700000000.0,700000000.0,101300000.0,368000000.0,0.0,0.0,215,0.72549,0.74346,022905300100,BORNO STATE EXPRESS TRANSPORT CORPORATION,23010108,PURCHASE OF BUSES,70451,ROAD TRANSPORT,20822100,MAIDUGURI METRO,15100124001100,Rail - General
"Purchase Of 2 Nos. Wheel Balancing & Tyre Changer, 1 No. Honing Machine, 1 No. Complete Crane Mac",0.0,50000000.0,50000000.0,15820000.0,80000000.0,0.0,0.0,215,0.73366,0.75163,022905300100,BORNO STATE EXPRESS TRANSPORT CORPORATION,23010129,PURCHASE OF INDUSTRIAL EQUIPMENT 70451 - ROAD TRANSPORT,,"hine, 30 Tonnes Of Pressing Machine, 2 No. Digital Scanner, 1 No. Complete Tools Box And 1 No. Electric Sewing Machine.",20822100,MAIDUGURI METRO,15100124001200,Rail - General
Construction Of 1 Block of Additional Office Building At Maiduguri Headquarters.,0.0,100000000.0,100000000.0,0.0,137000000.0,0.0,0.0,215,0.74183,0.7598,022905300100,BORNO STATE EXPRESS TRANSPORT CORPORATION,23020101,CONSTRUCTION / PROVISION OF OFFICE BUILDINGS,70611,HOUSING DEVELOPMENT,20822100,MAIDUGURI METRO,15100123000500,Rail - General
Rehabilitation Of 6 Flats of Staff Residential Housing.,0.0,40000000.0,40000000.0,0.0,30000000.0,0.0,0.0,215,0.75,0.76797,022905300100,BORNO STATE EXPRESS TRANSPORT CORPORATION,23030128,REHABILITATION/REPAIRS OF INFRASTRUCTURES,70611,HOUSING DEVELOPMENT,20822100,MAIDUGURI METRO,15100123000600,Rail - General
Purchase Of 5 Nos. Tricycle For Partrol Within Maiduguri Metro Polis LGA.,0.0,17500000.0,17500000.0,0.0,17500000.0,0.0,0.0,215,0.79003,0.80801,022905500100,BORNO STATE TRAFFIC MANAGEMENT AGENCY (BOTMA),23010104,PURCHASE MOTOR CYCLES,70451,ROAD TRANSPORT,20822100,MAIDUGURI METRO,15100124001300,Rail - General
Purchase Of 5 Nos. Hp Laptop 15 - Intel Core I3 - 1Tb Hard Drive - 8Gb Ram - Touchscreen - 10Th Gen - Freedos For 5 Units for Borno State Traffic Management Agency,0.0,5512000.0,5512000.0,0.0,5512000.0,0.0,0.0,215,0.7982,0.81618,022905500100,BORNO STATE TRAFFIC MANAGEMENT AGENCY (BOTMA),23010113,PURCHASE OF COMPUTERS,70451,ROAD TRANSPORT,20822100,MAIDUGURI METRO,15100124001500,Rail - General
"Purchase Of 3 Nos. Hp A4 M4555 Mfp, Laserjet Printer for Borno State Traffic Management Agency",27750000.0,1378000.0,1378000.0,0.0,1378000.0,0.0,0.0,215,0.80637,0.82435,022905500100,BORNO STATE TRAFFIC MANAGEMENT AGENCY (BOTMA),23010114,PURCHASE OF COMPUTER PRINTERS,70451,ROAD TRANSPORT,20822100,MAIDUGURI METRO,15100124001600,Rail - General
Purchase Of 2 Nos. Sharp Digital Photocopier Mx 260N for Borno State Traffic Management Agency,0.0,1378000.0,1378000.0,0.0,1378000.0,0.0,0.0,215,0.81454,0.83252,022905500100,BORNO STATE TRAFFIC MANAGEMENT AGENCY (BOTMA),23010115,PURCHASE OF PHOTOCOPYING MACHINES,70451,ROAD TRANSPORT,20822100,MAIDUGURI METRO,15100124001700,Rail - General
Purchase Of 300 Nos. Hand Security Scanners for Borno State Traffic Management Agency,0.0,1378000.0,1378000.0,0.0,1378000.0,0.0,0.0,215,0.8219,0.83987,022905500100,BORNO STATE TRAFFIC MANAGEMENT AGENCY (BOTMA),23010128,PURCHASE OF SECURITY EQUIPMENT,70451,ROAD TRANSPORT,20822100,MAIDUGURI METRO,15100124001800,Rail - General
Purchase Of 3 Nos. Of Weight Bridge Machines for Borno State Traffic Management Agency,0.0,100000000.0,100000000.0,0.0,150000000.0,0.0,0.0,215,0.83007,0.84804,022905500100,BORNO STATE TRAFFIC MANAGEMENT AGENCY (BOTMA),23010139,PURCHASE OF HEAVY DUTY PLANTS & MACHINERIES,70451,ROAD TRANSPORT,20822100,MAIDUGURI METRO,15100124001900,Rail - General
Construction Of Head Quarter Office In Maiduguri for Borno State Traffic Management Agency,0.0,26445000.0,26445000.0,0.0,146938000.0,0.0,0.0,215,0.83824,0.85621,022905500100,BORNO STATE TRAFFIC MANAGEMENT AGENCY (BOTMA),23020101,CONSTRUCTION / PROVISION OF OFFICE BUILDINGS,70611,HOUSING DEVELOPMENT,20822100,MAIDUGURI METRO,15100123000800,Rail - General
Construction Of Weigthbrifge In Maiduguri for Borno State Traffic Management Agency,52852664.48,166938000.0,166938000.0,0.0,0.0,0.0,0.0,215,0.84641,0.86438,022905500100,BORNO STATE TRAFFIC MANAGEMENT AGENCY (BOTMA),23020118,CONSTRUCTION / PROVISION OF INFRASTRUCTURE,70451,ROAD TRANSPORT,20822100,MAIDUGURI METRO,15100125000100,Rail - General
Procurement Of 1 Nos Of Toyata Hilux And 3 Nos Peugeot 406 for Rural Electrification Board.,0.0,87500000.0,87500000.0,0.0,117000000.0,0.0,0.0,215,0.88644,0.90441,022905700100,BORNO STATE RURAL ELECTRIFICATION BOARD (REB),23010105,PURCHASE OF MOTOR VEHICLES,70435,ELECTRICITY,20821300,JERE,06100124005300,Housing and Urban Development - General
Procurement Of 10 Nos. of Sets Of Executives Chairs And 10 Nos of ExecutivesTables for Rural Electrification Board.,0.0,8750000.0,8750000.0,0.0,8750000.0,0.0,0.0,215,0.89461,0.91258,022905700100,BORNO STATE RURAL ELECTRIFICATION BOARD (REB),23010112,PURCHASE OF OFFICE FURNITURE AND FITTINGS,70435,ELECTRICITY,20821300,JERE,06100124005400,Housing and Urban Development - General
Procurement Of 4 Nos Of Dell Latitude 7480 - Intel Core I7 for Rural Electrification Board.,0.0,5000000.0,5000000.0,0.0,5000000.0,0.0,0.0,215,0.90278,0.92075,022905700100,BORNO STATE RURAL ELECTRIFICATION BOARD (REB),23010113,PURCHASE OF COMPUTERS,70435,ELECTRICITY,20821300,JERE,06100124005500,Housing and Urban Development - General
Procurement Of 4 Nos Of Hp Colour Laserjet Pro Mfp M479Fnw Printer for Rural Electrification Board.,463449159.01,3750000.0,3750000.0,0.0,3750000.0,0.0,0.0,216,0.09069,0.10866,022905700100,BORNO STATE RURAL ELECTRIFICATION BOARD (REB),23010114,PURCHASE OF COMPUTER PRINTERS,70435,ELECTRICITY,20821300,JERE,06100124005600,Housing and Urban Development - General
Procurement Of 2 Nos Of Sharp Ar 6031N Desktop Photocopier for Rural Electrification Board.,274237388.5,2000000.0,2000000.0,0.0,2000000.0,0.0,0.0,216,0.09886,0.11683,022905700100,BORNO STATE RURAL ELECTRIFICATION BOARD (REB),23010115,PURCHASE OF PHOTOCOPYING MACHINES,70435,ELECTRICITY,20821300,JERE,06100124005700,Housing and Urban Development - General
Provision Of Electricity:- Itd/Tdn To Ajiri and Nguwam Mafa Tdn for Rural Electrification Board.,0.0,1473231000.0,1698231000.0,452000000.0,1502523000.0,0.0,0.0,216,0.10621,0.12418,022905700100,BORNO STATE RURAL ELECTRIFICATION BOARD (REB),23020103,CONSTRUCTION / PROVISION OF ELECTRICITY,70435,ELECTRICITY,20821300,JERE,06100123002000,Housing and Urban Development - General
Provision Of Electricity:- Itd/Tdn To Chul & Tampul Uba/Askira Tdn for Rural Electrification Board.,0.0,2000000000.0,2000000000.0,2449073650.0,1502523000.0,0.0,0.0,216,0.11438,0.13235,022905700100,BORNO STATE RURAL ELECTRIFICATION BOARD (REB),23020103,CONSTRUCTION / PROVISION OF ELECTRICITY,70435,ELECTRICITY,20821300,JERE,06100126000300,Housing and Urban Development - General
Provision Of Electricity:- Itd/Tdn To Monguno Tdn for Rural Electrification Board.,0.0,3000000.0,3000000.0,0.0,1502523000.0,0.0,0.0,216,0.12255,0.14052,022905700100,BORNO STATE RURAL ELECTRIFICATION BOARD (REB),23020103,CONSTRUCTION / PROVISION OF ELECTRICITY,70435,ELECTRICITY,20821300,JERE,06100126000400,Housing and Urban Development - General
Provision Of Electricity:- Itd/Tdn To Gajiram Tdn for Rural Electrification Board.,0.0,50000000.0,50000000.0,0.0,1502523000.0,0.0,0.0,216,0.13072,0.14869,022905700100,BORNO STATE RURAL ELECTRIFICATION BOARD (REB),23020103,CONSTRUCTION / PROVISION OF ELECTRICITY,70435,ELECTRICITY,20821300,JERE,06100126000500,Housing and Urban Development - General
Provision Of Electricity:- Itd/Tdn To Mmc Kuwari Tdn for Rural Electrification Board.,0.0,0.0,0.0,0.0,1502523000.0,0.0,0.0,216,0.13889,0.15686,022905700100,BORNO STATE RURAL ELECTRIFICATION BOARD (REB),23020103,CONSTRUCTION / PROVISION OF ELECTRICITY,70435,ELECTRICITY,20821300,JERE,06100126000600,Housing and Urban Development - General
Provision Of Electricity:- Itd/Tdn To Molai Tdn for Rural Electrification Board.,0.0,1473231000.0,0.0,0.0,1502527000.0,0.0,0.0,216,0.14706,0.16503,022905700100,BORNO STATE RURAL ELECTRIFICATION BOARD (REB),23020103,CONSTRUCTION / PROVISION OF ELECTRICITY,70435,ELECTRICITY,20821300,JERE,06100126000700,Housing and Urban Development - General
"Rehabilitation / Repairs - Electricity Borno Central (Mafa, Dikwa, Konduga, Bama & Dalori Town), & Northen Borno (Kaga-Benisheikh, Ngamdu, Jakana & Mainok,Gubio, Nganzai, Kukawa-Baga & Mobbar-Damasak)",0.0,2000000000.0,0.0,0.0,1497484000.0,0.0,0.0,216,0.15523,0.1732,022905700100,BORNO STATE RURAL ELECTRIFICATION BOARD (REB),23030102,REHABILITATION / REPAIRS - ELECTRICITY,70435,ELECTRICITY,20821300,JERE,06100123002000,Housing and Urban Development - General
Research on street lights development per 3 senatorial zones,0.0,3000000.0,0.0,0.0,3000000.0,0.0,0.0,216,0.16258,0.18056,022905700100,BORNO STATE RURAL ELECTRIFICATION BOARD (REB),23050101,RESEARCH AND DEVELOPMENT,70435,ELECTRICITY,20821300,JERE,06100123002200,Housing and Urban Development - General
Monitoring on project completion per 3 senatorial zones.,0.0,50000000.0,0.0,0.0,50000000.0,0.0,0.0,216,0.17075,0.18873,022905700100,BORNO STATE RURAL ELECTRIFICATION BOARD (REB),23050103,MONITORING AND EVALUATION,70435,ELECTRICITY,20821300,JERE,06100123002300,Housing and Urban Development - General
Construction Of Additional Office Buildings In Jere,0.0,0.0,0.0,0.0,314782000.0,0.0,0.0,216,0.17892,0.1969,022905700100,BORNO STATE RURAL ELECTRIFICATION BOARD (REB),23020101,CONSTRUCTION / PROVISION OF OFFICE BUILDINGS,70435,ELECTRICITY,20821300,JERE,06100126000800,Housing and Urban Development - General
"Purchase Of 3 Nos Of Safar Chair, 14 Nos Of Visitors Executive Chairs, 2 Nos Of Table 1.8M, 3 Nos Of Fridge, 2 Nos Of Tv 32,10 Nos Of Extension Wire, 4 Nos Of Executive Chairs for the ministry of works and housing",2517027997.4,40000000.0,40000000.0,0.0,20000000.0,0.0,0.0,216,0.21895,0.23693,023400100100,MINISTRY OF WORKS AND HOUSING,23010112,PURCHASE OF OFFICE FURNITURE AND FITTINGS,70451,ROAD TRANSPORT,20821300,JERE,06100124000100,Housing and Urban Development - General
Purchase Of 5 Nos Of Hp Laptops for the ministry of works and housing,0.0,20000000.0,20000000.0,0.0,10000000.0,0.0,0.0,216,0.22712,0.2451,023400100100,MINISTRY OF WORKS AND HOUSING,23010113,PURCHASE OF COMPUTERS,70451,ROAD TRANSPORT,20821300,JERE,06100124000200,Housing and Urban Development - General
"Purchase Of 3 Nos Of M130A, 1 Nos M479 Pro Printers And Cartridges for the ministry of works and housing",0.0,7000000.0,7000000.0,0.0,3500000.0,0.0,0.0,216,0.23529,0.25327,023400100100,MINISTRY OF WORKS AND HOUSING,23010114,PURCHASE OF COMPUTER PRINTERS,70451,ROAD TRANSPORT,20821300,JERE,06100124000300,Housing and Urban Development - General
Purchase Of Hp Laserjet Enterprise Mfp M830Z for the ministry of works and housing,0.0,10000000.0,10000000.0,0.0,5000000.0,0.0,0.0,216,0.24346,0.26144,023400100100,MINISTRY OF WORKS AND HOUSING,23010115,PURCHASE OF PHOTOCOPYING MACHINES,70451,ROAD TRANSPORT,20821300,JERE,06100124000400,Housing and Urban Development - General
Procurement Of 6 Nos 500 Kva Generator for Ministry and Outstations.,0.0,250000000.0,250000000.0,0.0,250000000.0,0.0,0.0,216,0.25163,0.26961,023400100100,MINISTRY OF WORKS AND HOUSING,23010119,PURCHASE OF POWER GENERATING SET,70451,ROAD TRANSPORT,20842800,State wide,06100124000500,Housing and Urban Development - General
"Purchase Of Roller 18 Tons, Payloader 966 G, Trailers 28Cm3, Tipping Trialers, Low Bed 60 Tons for the",0.0,300000000.0,300000000.0,30000000.0,1500000000.0,0.0,0.0,216,0.2598,0.27778,023400100100,MINISTRY OF WORKS AND HOUSING,23010129,PURCHASE OF INDUSTRIAL EQUIPMENT 70451 - ROAD TRANSPORT,,ministry of works and housing,20842800,State wide,06100124000600,Housing and Urban Development - General
"Purchase Of Batching Plant 400 Tons P/H, Quarry Plant 400 Tons And Motor Crane for the ministry of wo",0.0,3000000000.0,4700000000.0,3840668593.78,1500000000.0,0.0,0.0,216,0.26716,0.28513,023400100100,MINISTRY OF WORKS AND HOUSING,23010129,PURCHASE OF INDUSTRIAL EQUIPMENT 70451 - ROAD TRANSPORT,,rks and housing,20822100,MAIDUGURI METRO,06100124000600,Housing and Urban Development - General
"Purchase Of Buildozer Ds 32, Motor Grader 140G, and Excavator 330B for the ministry of works and housing",311990000.0,100000000.0,1200000000.0,455299459.22,1500000000.0,0.0,0.0,216,0.27533,0.2933,023400100100,MINISTRY OF WORKS AND HOUSING,23010139,PURCHASE OF HEAVY DUTY PLANTS & MACHINERIES,70451,ROAD TRANSPORT,20822100,MAIDUGURI METRO,06100123000100,Housing and Urban Development - General
"Purchase Of Soil Compactor, Asphalt Roller And Pneumatic Roller for the ministry of works and housing",0.0,1000000000.0,1000000000.0,868780265.74,1500000000.0,0.0,0.0,216,0.2835,0.30147,023400100100,MINISTRY OF WORKS AND HOUSING,23010139,PURCHASE OF HEAVY DUTY PLANTS & MACHINERIES,70451,ROAD TRANSPORT,20822100,MAIDUGURI METRO,06100123000200,Housing and Urban Development - General
Construction Of Office Building in mmc lga,0.0,1000000000.0,2000000000.0,526666408.8,500000000.0,0.0,0.0,216,0.29167,0.30964,023400100100,MINISTRY OF WORKS AND HOUSING,23020101,CONSTRUCTION / PROVISION OF OFFICE BUILDINGS,70611,HOUSING DEVELOPMENT,20822100,MAIDUGURI METRO,06100123000200,Housing and Urban Development - General
Construction Of Residential Bedroom in Jere Local Government,12270074336.38,2000000000.0,5000000000.0,9986886060.01,1000000000.0,0.0,0.0,216,0.29984,0.31781,023400100100,MINISTRY OF WORKS AND HOUSING,23020102,CONSTRUCTION / PROVISION OF RESIDENTIAL BUILDINGS,70621,COMMUNITY DEVELOPMENT,20821300,JERE,06100123000300,Housing and Urban Development - General
Construction Of Residential Bedroom in Biu Local Government,180837100.0,5000000000.0,500000000.0,4176140000.0,1000000000.0,0.0,0.0,216,0.30801,0.32598,023400100100,MINISTRY OF WORKS AND HOUSING,23020102,CONSTRUCTION / PROVISION OF RESIDENTIAL BUILDINGS,70621,COMMUNITY DEVELOPMENT,20830500,BIU,06100123000300,Housing and Urban Development - General
Construction of new housing estate @ MMC Local Government,521832791.51,300000000.0,250000000.0,250000000.0,1659000000.0,0.0,0.0,216,0.31536,0.33333,023400100100,MINISTRY OF WORKS AND HOUSING,23020104,CONSTRUCTION / PROVISION OF HOUSING,70621,COMMUNITY DEVELOPMENT,20822100,MAIDUGURI METRO,06100123000400,Housing and Urban Development - General
Construction of Road in Gamboru Ngala Local Government,0.0,250000000.0,1000000000.0,827740310.3,1329885000.0,0.0,0.0,216,0.32353,0.3415,023400100100,MINISTRY OF WORKS AND HOUSING,23020114,CONSTRUCTION / PROVISION OF ROADS,70451,ROAD TRANSPORT,20822500,NGALA,06100123000500,Housing and Urban Development - General
Construction of Road From bypass to Kashim Ibrahim Teaching Hospital Overlying Baga Fish Market in M,0.0,1000000000.0,1000000000.0,995142401.81,1529885000.0,0.0,0.0,216,0.3317,0.34967,023400100100,MINISTRY OF WORKS AND HOUSING,23020114,CONSTRUCTION / PROVISION OF ROADS70451 - ROAD TRANSPORT,,MC,20822100,MAIDUGURI METRO,06100126000900,Housing and Urban Development - General
Construction of Road From bypass to galtimari Overlying Road at barrack in jere Local Government,0.0,1000000000.0,25000000.0,0.0,1529885000.0,0.0,0.0,216,0.33987,0.35784,023400100100,MINISTRY OF WORKS AND HOUSING,23020114,CONSTRUCTION / PROVISION OF ROADS,70451,ROAD TRANSPORT,20821300,JERE,06100126001000,Housing and Urban Development - General
Construction of Road at Fulka to Kirawa,4662495398.31,25000000.0,100000000.0,2000000000.0,1529885000.0,0.0,0.0,216,0.34804,0.36601,023400100100,MINISTRY OF WORKS AND HOUSING,23020114,CONSTRUCTION / PROVISION OF ROADS,70451,ROAD TRANSPORT,20842800,State wide,06100126001100,Housing and Urban Development - General
Construction of Road From bypass to Giwa Barrack Overlying Road at Mairi Bama Road in jere Lga,0.0,2000000000.0,300000000.0,0.0,1529885000.0,0.0,0.0,216,0.35621,0.37418,023400100100,MINISTRY OF WORKS AND HOUSING,23020114,CONSTRUCTION / PROVISION OF ROADS,70451,ROAD TRANSPORT,20822100,MAIDUGURI METRO,06100126001200,Housing and Urban Development - General
Construction of Road From bypass to Baga Fish Market Overlying Road at Custom Market in jere Lga,0.0,300000000.0,5000000000.0,5000000000.0,1529885000.0,0.0,0.0,216,0.36356,0.38154,023400100100,MINISTRY OF WORKS AND HOUSING,23020114,CONSTRUCTION / PROVISION OF ROADS,70451,ROAD TRANSPORT,20822100,MAIDUGURI METRO,06100126001300,Housing and Urban Development - General
Construction of Road From Biu Town to Garkida,0.0,5000000000.0,5000000000.0,5000000000.0,1529885000.0,0.0,0.0,216,0.37173,0.38971,023400100100,MINISTRY OF WORKS AND HOUSING,23020114,CONSTRUCTION / PROVISION OF ROADS,70451,ROAD TRANSPORT,20830500,BIU,06100126001400,Housing and Urban Development - General
Construction of Road From Biu Town to Zarawuyaku,0.0,5000000000.0,4000000000.0,4000000000.0,1529885000.0,0.0,0.0,216,0.3799,0.39788,023400100100,MINISTRY OF WORKS AND HOUSING,23020114,CONSTRUCTION / PROVISION OF ROADS,70451,ROAD TRANSPORT,20830500,BIU,06100126001500,Housing and Urban Development - General
Construction of Road From Biu Town to Miringa,0.0,4000000000.0,6000000000.0,6000000000.0,1529885000.0,0.0,0.0,216,0.38807,0.40605,023400100100,MINISTRY OF WORKS AND HOUSING,23020114,CONSTRUCTION / PROVISION OF ROADS,70451,ROAD TRANSPORT,20830500,BIU,06100125000100,Housing and Urban Development - General
Construction of new roads @ gubio lga,0.0,6000000000.0,2900000000.0,985804719.7,1529885000.0,0.0,0.0,216,0.39624,0.41422,023400100100,MINISTRY OF WORKS AND HOUSING,23020114,CONSTRUCTION / PROVISION OF ROADS,70451,ROAD TRANSPORT,20821300,JERE,06100125000200,Housing and Urban Development - General
completion of ongoing roads within mmc lga.,0.0,4000000000.0,0.0,0.0,1529885000.0,0.0,0.0,216,0.40441,0.42239,023400100100,MINISTRY OF WORKS AND HOUSING,23020114,CONSTRUCTION / PROVISION OF ROADS,70451,ROAD TRANSPORT,20822100,MAIDUGURI METRO,06100123000500,Housing and Urban Development - General
Construction of new roads @ bama lga,0.0,0.0,0.0,0.0,1529885000.0,0.0,0.0,216,0.41258,0.43056,023400100100,MINISTRY OF WORKS AND HOUSING,23020114,CONSTRUCTION / PROVISION OF ROADS,70451,ROAD TRANSPORT,20822100,MAIDUGURI METRO,06100126001600,Housing and Urban Development - General
Construction of new roads @ gwoza lga,0.0,0.0,0.0,0.0,1529885000.0,0.0,0.0,216,0.41993,0.43791,023400100100,MINISTRY OF WORKS AND HOUSING,23020114,CONSTRUCTION / PROVISION OF ROADS,70451,ROAD TRANSPORT,20822100,MAIDUGURI METRO,06100126001700,Housing and Urban Development - General
completion of ongoing roads within mmc lga.,0.0,0.0,0.0,0.0,1529885000.0,0.0,0.0,216,0.4281,0.44608,023400100100,MINISTRY OF WORKS AND HOUSING,23020114,CONSTRUCTION / PROVISION OF ROADS,70451,ROAD TRANSPORT,20822100,MAIDUGURI METRO,06100126001800,Housing and Urban Development - General
Construction of new roads @ bama lga,0.0,0.0,0.0,0.0,1529885000.0,0.0,0.0,216,0.43627,0.45425,023400100100,MINISTRY OF WORKS AND HOUSING,23020114,CONSTRUCTION / PROVISION OF ROADS,70451,ROAD TRANSPORT,20822100,MAIDUGURI METRO,06100126001900,Housing and Urban Development - General
Construction of new roads @ gubio lga,0.0,0.0,0.0,0.0,1529885000.0,0.0,0.0,216,0.44444,0.46242,023400100100,MINISTRY OF WORKS AND HOUSING,23020114,CONSTRUCTION / PROVISION OF ROADS,70451,ROAD TRANSPORT,20822100,MAIDUGURI METRO,06100126002000,Housing and Urban Development - General
completion of ongoing roads within mmc lga.,0.0,0.0,0.0,0.0,1529885000.0,0.0,0.0,216,0.45261,0.47059,023400100100,MINISTRY OF WORKS AND HOUSING,23020114,CONSTRUCTION / PROVISION OF ROADS,70451,ROAD TRANSPORT,20822100,MAIDUGURI METRO,06100126002100,Housing and Urban Development - General
Construction of new roads @ konduga lga,0.0,0.0,0.0,0.0,1529885000.0,0.0,0.0,216,0.46078,0.47876,023400100100,MINISTRY OF WORKS AND HOUSING,23020114,CONSTRUCTION / PROVISION OF ROADS,70451,ROAD TRANSPORT,20822100,MAIDUGURI METRO,06100126002200,Housing and Urban Development - General
Construction of new roads @ monguno lga,0.0,0.0,0.0,0.0,1529885000.0,0.0,0.0,216,0.46814,0.48611,023400100100,MINISTRY OF WORKS AND HOUSING,23020114,CONSTRUCTION / PROVISION OF ROADS,70451,ROAD TRANSPORT,20822100,MAIDUGURI METRO,06100126002300,Housing and Urban Development - General
completion of ongoing roads within mmc lga.,0.0,0.0,0.0,0.0,1529902000.0,0.0,0.0,216,0.47631,0.49428,023400100100,MINISTRY OF WORKS AND HOUSING,23020114,CONSTRUCTION / PROVISION OF ROADS,70451,ROAD TRANSPORT,20822100,MAIDUGURI METRO,06100126002400,Housing and Urban Development - General
Construction Of Flyover Bridges at post office in jere lga,0.0,0.0,0.0,0.0,1250000000.0,0.0,0.0,216,0.48448,0.50245,023400100100,MINISTRY OF WORKS AND HOUSING,23020118,CONSTRUCTION / PROVISION OF INFRASTRUCTURE,70451,ROAD TRANSPORT,20822100,MAIDUGURI METRO,06100125000300,Housing and Urban Development - General
Completion Of Bridges from molai kaleri to Giwabarrack in mmc lga,0.0,0.0,0.0,0.0,1250000000.0,0.0,0.0,216,0.49265,0.51062,023400100100,MINISTRY OF WORKS AND HOUSING,23020118,CONSTRUCTION / PROVISION OF INFRASTRUCTURE,70451,ROAD TRANSPORT,20822100,MAIDUGURI METRO,06100123000500,Housing and Urban Development - General
Construction Of Bridges at molai to university of maidiguri in mmc lga,0.0,0.0,0.0,0.0,1250000000.0,0.0,0.0,216,0.50082,0.51879,023400100100,MINISTRY OF WORKS AND HOUSING,23020118,CONSTRUCTION / PROVISION OF INFRASTRUCTURE,70451,ROAD TRANSPORT,20822100,MAIDUGURI METRO,06100124000700,Housing and Urban Development - General
Construction Of Bridges at moduganari to road safety office in mmc lga,0.0,0.0,0.0,0.0,1250000000.0,0.0,0.0,216,0.50899,0.52696,023400100100,MINISTRY OF WORKS AND HOUSING,23020118,CONSTRUCTION / PROVISION OF INFRASTRUCTURE,70451,ROAD TRANSPORT,20822100,MAIDUGURI METRO,06100124000800,Housing and Urban Development - General
Construction Of Bridges at moduganari to post office in mmc lga,0.0,0.0,0.0,0.0,1250000000.0,0.0,0.0,216,0.51634,0.53431,023400100100,MINISTRY OF WORKS AND HOUSING,23020118,CONSTRUCTION / PROVISION OF INFRASTRUCTURE,70451,ROAD TRANSPORT,20822100,MAIDUGURI METRO,06100124000800,Housing and Urban Development - General
Construction Of Bridges at customs market to zabalmari in jere lga,0.0,0.0,0.0,0.0,1250000000.0,0.0,0.0,216,0.52451,0.54248,023400100100,MINISTRY OF WORKS AND HOUSING,23020118,CONSTRUCTION / PROVISION OF INFRASTRUCTURE,70451,ROAD TRANSPORT,20822100,MAIDUGURI METRO,06100124000900,Housing and Urban Development - General
Construction Of Bridges at customs market to muna trailer parks in jere lga,0.0,0.0,0.0,0.0,1250000000.0,0.0,0.0,216,0.53268,0.55065,023400100100,MINISTRY OF WORKS AND HOUSING,23020118,CONSTRUCTION / PROVISION OF INFRASTRUCTURE,70451,ROAD TRANSPORT,20822100,MAIDUGURI METRO,06100124001000,Housing and Urban Development - General
Construction Of Bridges at molai to university of maidiguri in mmc lga,0.0,0.0,0.0,0.0,1250000000.0,0.0,0.0,216,0.54085,0.55882,023400100100,MINISTRY OF WORKS AND HOUSING,23020118,CONSTRUCTION / PROVISION OF INFRASTRUCTURE,70451,ROAD TRANSPORT,20822100,MAIDUGURI METRO,06100124001000,Housing and Urban Development - General
"Construction/Installation Of 6 Km Streetlights On Road Mogoramtito State University, Installation Of 3.7 Km Streetlighst On Road Within Baga Fish Market, Installation Of 5 Km Streetlights Each In mmc Lga.",0.0,0.0,0.0,0.0,1000000000.0,0.0,0.0,216,0.54902,0.56699,023400100100,MINISTRY OF WORKS AND HOUSING,23020123,CONSTRUCTION OF TRAFFIC /STREET LIGHTS,70451,ROAD TRANSPORT,20822100,MAIDUGURI METRO,06100121000200,Housing and Urban Development - General
"Construction/Installation Of 6 Km Streetlights On Road Mogoramtito State University, Installation Of 3.7 Km Streetlighst On Road Within Jiddari Polo, Installation Of 5 Km Streetlights Each In Jere Lga.",0.0,0.0,0.0,0.0,1000000000.0,0.0,0.0,216,0.55719,0.57516,023400100100,MINISTRY OF WORKS AND HOUSING,23020123,CONSTRUCTION OF TRAFFIC /STREET LIGHTS,70451,ROAD TRANSPORT,20822100,MAIDUGURI METRO,06100126002500,Housing and Urban Development - General
Rehabilitation Of residential building At Ngala Lga.,0.0,0.0,0.0,0.0,100000000.0,0.0,0.0,216,0.56536,0.58333,023400100100,MINISTRY OF WORKS AND HOUSING,23030101,REHABILITATION / REPAIRS OF RESIDENTIAL BUILDING,70451,ROAD TRANSPORT,20822100,MAIDUGURI METRO,06100125000400,Housing and Urban Development - General
Rehabilitation of Roads from Maiduguri - Damboa Road. And Township Road in mmc Lga.,0.0,0.0,0.0,0.0,1619420000.0,0.0,0.0,216,0.57271,0.59069,023400100100,MINISTRY OF WORKS AND HOUSING,23030113,REHABILITATION / REPAIRS - ROADS,70451,ROAD TRANSPORT,20822100,MAIDUGURI METRO,06100126002600,Housing and Urban Development - General
Repairs of Industrial Park before Baga Fish Market in MMC.,0.0,0.0,0.0,0.0,1100000000.0,0.0,0.0,216,0.58088,0.59886,023400100100,MINISTRY OF WORKS AND HOUSING,23030128,REHABILITATION/REPAIRS OF INFRASTRUCTURES,70451,ROAD TRANSPORT,20822100,MAIDUGURI METRO,06100126002700,Housing and Urban Development - General
Repairs of Industrial Park before njimtilo estate in jere lga.,0.0,0.0,0.0,0.0,1100000000.0,0.0,0.0,216,0.58905,0.60703,023400100100,MINISTRY OF WORKS AND HOUSING,23030128,REHABILITATION/REPAIRS OF INFRASTRUCTURES,70451,ROAD TRANSPORT,20822100,MAIDUGURI METRO,06100126002800,Housing and Urban Development - General
Monitoring And Evaluation of ongoing Projects to the completion and implementation of all projects in the State,0.0,0.0,0.0,0.0,30000000.0,0.0,0.0,216,0.59722,0.6152,023400100100,MINISTRY OF WORKS AND HOUSING,23050103,MONITORING AND EVALUATION,70451,ROAD TRANSPORT,20822100,MAIDUGURI METRO,06100126002900,Housing and Urban Development - General
Repairs of equipment and machineries in mmc lga.,0.0,0.0,0.0,0.0,150000000.0,0.0,0.0,216,0.60539,0.62337,023400100100,MINISTRY OF WORKS AND HOUSING,23030129,REPAIRS OF EQUIPMENT AND MACHINERIES,70451,ROAD TRANSPORT,20822100,MAIDUGURI METRO,06100126003000,Housing and Urban Development - General
Acquisition Of 2 plots of Land in M.M.C and Jere L.G.As each of the State,0.0,30000000.0,30000000.0,0.0,30000000.0,0.0,0.0,216,0.64542,0.6634,023400400100,BORNO STATE ROAD MAINTENANCE AGENCY (BORMA),23010101,PURCHASE / ACQUISITION OF LAND,70451,ROAD TRANSPORT,20821300,JERE,06100124004400,Housing and Urban Development - General
Purchase Of 11 Nos Of Tipping Trucks for Borno Road Maintenace Agency.,111003400.0,2000000000.0,2000000000.0,1702500000.0,1000000000.0,0.0,0.0,216,0.65359,0.67157,023400400100,BORNO STATE ROAD MAINTENANCE AGENCY (BORMA),23010107,PURCHASE OF TRUCKS,70451,ROAD TRANSPORT,20821300,JERE,06100124004500,Housing and Urban Development - General
Purchase Of 11 Nos Of Tipping Trucks for Borno Road Maintenace Agency.,0.0,7000000.0,7000000.0,0.0,1000000000.0,0.0,0.0,216,0.66176,0.67974,023400400100,BORNO STATE ROAD MAINTENANCE AGENCY (BORMA),23010107,PURCHASE OF TRUCKS,70451,ROAD TRANSPORT,20821300,JERE,06100126003100,Housing and Urban Development - General
"Purchase Of office furnitures (6 Nos Executive Chairs And 4 NosTables, 7 Nos of Visitors Chairs, 1No of Samsung Tv Flat Screens And Ceiling Fans) for Borno road maitenance agency",0.0,7000000.0,4000000.0,0.0,7000000.0,0.0,0.0,216,0.66912,0.68709,023400400100,BORNO STATE ROAD MAINTENANCE AGENCY (BORMA),23010112,PURCHASE OF OFFICE FURNITURE AND FITTINGS,70451,ROAD TRANSPORT,20821300,JERE,06100124004700,Housing and Urban Development - General
Purchase Of Computers ( 4 Nos Of Hp Notebook 15 Intel Core I5 - 16Gb Ram- 1Tb Hdd) for Borno Road Maintenace Agency.,0.0,4000000.0,2000000.0,0.0,4000000.0,0.0,0.0,216,0.67729,0.69526,023400400100,BORNO STATE ROAD MAINTENANCE AGENCY (BORMA),23010113,PURCHASE OF COMPUTERS,70451,ROAD TRANSPORT,20821300,JERE,06100124004800,Housing and Urban Development - General
Purchase Of Computer Printers (4 Nos Of Hp Officejet Pro 9013 All-In-One Printer Prepaid) for Borno Road Maintenace Agency.,0.0,2000000.0,2000000.0,0.0,2000000.0,0.0,0.0,216,0.68546,0.70343,023400400100,BORNO STATE ROAD MAINTENANCE AGENCY (BORMA),23010114,PURCHASE OF COMPUTER PRINTERS,70451,ROAD TRANSPORT,20821300,JERE,06100124004900,Housing and Urban Development - General
Purchase Of Photocopying Machines (Sharp Monochrome Ar-6020V Photocopier) for Borno Road Maintenace Agency.,0.0,2000000.0,10000000.0,0.0,2000000.0,0.0,0.0,216,0.69363,0.7116,023400400100,BORNO STATE ROAD MAINTENANCE AGENCY (BORMA),23010115,PURCHASE OF PHOTOCOPYING MACHINES,70451,ROAD TRANSPORT,20821300,JERE,06100124005000,Housing and Urban Development - General
Purchases Of Surveying Equipment (Theodolite Northwest Instrument Nts03 Total Station) for Borno Roa,222586133.84,10000000.0,30000000.0,0.0,10000000.0,0.0,0.0,216,0.7018,0.71977,023400400100,BORNO STATE ROAD MAINTENANCE AGENCY (BORMA),23010133,PURCHASES OF SURVEYING EQUIPMENT70451 - ROAD TRANSPORT,,d Maintenace Agency.,20821300,JERE,06100124005100,Housing and Urban Development - General
Purchase Of Heavy Duty Plants & Machineries (One Asphalt Paver And Logistics) for Borno Road Maintenace Agency.,2967463910.99,1000000000.0,25000000.0,0.0,0.0,0.0,0.0,216,0.70997,0.72794,023400400100,BORNO STATE ROAD MAINTENANCE AGENCY (BORMA),23010139,PURCHASE OF HEAVY DUTY PLANTS & MACHINERIES,70451,ROAD TRANSPORT,20821300,JERE,06100123001600,Housing and Urban Development - General
Purchase Of 1 No of Power Generating Set (500kVA Maikano Model) for Borno Road Maintenace Agency.,1688072447.65,25000000.0,6579247000.0,4658520722.5,25435000.0,0.0,0.0,216,0.71814,0.73611,023400400100,BORNO STATE ROAD MAINTENANCE AGENCY (BORMA),23010119,PURCHASE OF POWER GENERATING SET,70451,ROAD TRANSPORT,20821300,JERE,06100123001700,Housing and Urban Development - General
Provision Of Road & Drains At Waka College Of Education Biu lga,0.0,5079247000.0,7956188000.0,8089596630.0,3708838000.0,0.0,0.0,216,0.72549,0.74346,023400400100,BORNO STATE ROAD MAINTENANCE AGENCY (BORMA),23020114,CONSTRUCTION / PROVISION OF ROADS,70451,ROAD TRANSPORT,20830500,BIU,06100123001800,Housing and Urban Development - General
Provision Of Road & Drains At Lau Dam in Konduga lga,0.0,0.0,0.0,0.0,1160000000.0,0.0,0.0,216,0.73366,0.75163,023400400100,BORNO STATE ROAD MAINTENANCE AGENCY (BORMA),23020114,CONSTRUCTION / PROVISION OF ROADS,70451,ROAD TRANSPORT,20830500,BIU,06100126003200,Housing and Urban Development - General
Provision Of Road & Drains At Jidda Polo in jere lga,0.0,0.0,0.0,0.0,1160000000.0,0.0,0.0,216,0.74183,0.7598,023400400100,BORNO STATE ROAD MAINTENANCE AGENCY (BORMA),23020114,CONSTRUCTION / PROVISION OF ROADS,70451,ROAD TRANSPORT,20830500,BIU,06100126003300,Housing and Urban Development - General
Provision Of Road & Drains At Gomari airpost jere lga,0.0,0.0,0.0,0.0,1160000000.0,0.0,0.0,216,0.75,0.76797,023400400100,BORNO STATE ROAD MAINTENANCE AGENCY (BORMA),23020114,CONSTRUCTION / PROVISION OF ROADS,70451,ROAD TRANSPORT,20830500,BIU,06100126003400,Housing and Urban Development - General
Provision Of Road & Drains At Damboa Town in Damboa lga,0.0,0.0,0.0,0.0,1160000000.0,0.0,0.0,216,0.75817,0.77614,023400400100,BORNO STATE ROAD MAINTENANCE AGENCY (BORMA),23020114,CONSTRUCTION / PROVISION OF ROADS,70451,ROAD TRANSPORT,20830500,BIU,06100126003500,Housing and Urban Development - General
Provision Of Road & Drains At Chibok lga,0.0,0.0,0.0,0.0,1160000000.0,0.0,0.0,216,0.76634,0.78431,023400400100,BORNO STATE ROAD MAINTENANCE AGENCY (BORMA),23020114,CONSTRUCTION / PROVISION OF ROADS,70451,ROAD TRANSPORT,20830500,BIU,06100126003600,Housing and Urban Development - General
Repairs of Road From Old Welcome To State University Within Mmc Lga,0.0,3956188000.0,0.0,0.0,3817589000.0,0.0,0.0,216,0.77369,0.79167,023400400100,BORNO STATE ROAD MAINTENANCE AGENCY (BORMA),23030113,REHABILITATION / REPAIRS - ROADS,70451,ROAD TRANSPORT,20822100,MAIDUGURI METRO,06100124005200,Housing and Urban Development - General
Repairs of Road From Galadima Junction to Bulabulin Ganaram in Jere Lga,0.0,0.0,0.0,0.0,1268750000.0,0.0,0.0,216,0.78186,0.79984,023400400100,BORNO STATE ROAD MAINTENANCE AGENCY (BORMA),23030113,REHABILITATION / REPAIRS - ROADS,70451,ROAD TRANSPORT,20822100,MAIDUGURI METRO,06100126003700,Housing and Urban Development - General
Repairs of Road From Mairi Kuwait to Zannari in Jere Lga,0.0,0.0,0.0,0.0,1268750000.0,0.0,0.0,216,0.79003,0.80801,023400400100,BORNO STATE ROAD MAINTENANCE AGENCY (BORMA),23030113,REHABILITATION / REPAIRS - ROADS,70451,ROAD TRANSPORT,20822100,MAIDUGURI METRO,06100126003800,Housing and Urban Development - General
Repairs of Road From Tudun wada to Shuwari-III in Konduga Lga,0.0,0.0,0.0,0.0,1268750000.0,0.0,0.0,216,0.7982,0.81618,023400400100,BORNO STATE ROAD MAINTENANCE AGENCY (BORMA),23030113,REHABILITATION / REPAIRS - ROADS,70451,ROAD TRANSPORT,20822100,MAIDUGURI METRO,06100126003900,Housing and Urban Development - General
Monitoring And Evaluation for Borno Road Maintenace Agency.,0.0,10000000.0,0.0,0.0,10000000.0,0.0,0.0,216,0.80637,0.82435,023400400100,BORNO STATE ROAD MAINTENANCE AGENCY (BORMA),23050103,MONITORING AND EVALUATION,70451,ROAD TRANSPORT,20821300,JERE,06100125000100,Housing and Urban Development - General
Purchase Of 1 No.Toyota Hilux for Borno Road Maintenace Agency.,0.0,20000000.0,0.0,0.0,20000000.0,0.0,0.0,216,0.81454,0.83252,023400400100,BORNO STATE ROAD MAINTENANCE AGENCY (BORMA),23010105,PURCHASE OF MOTOR VEHICLES,70451,ROAD TRANSPORT,20821300,JERE,06100125000200,Housing and Urban Development - General
Provision Of Road & Drains At Waka College Of Education Biu lga,0.0,0.0,0.0,0.0,1600000000.0,0.0,0.0,216,0.8219,0.83987,023400400100,BORNO STATE ROAD MAINTENANCE AGENCY (BORMA),23020114,CONSTRUCTION / PROVISION OF ROADS,70451,ROAD TRANSPORT,20830500,BIU,06100126004000,Housing and Urban Development - General
Provision Of Road & Drains At Waka College Of Education Konduga lga,0.0,0.0,0.0,0.0,1600000000.0,0.0,0.0,216,0.83007,0.84804,023400400100,BORNO STATE ROAD MAINTENANCE AGENCY (BORMA),23020114,CONSTRUCTION / PROVISION OF ROADS,70451,ROAD TRANSPORT,20821600,KONDUGA,06100126004100,Housing and Urban Development - General
Provision Of Road & Drains At Waka College Of Education Shani lga,0.0,0.0,0.0,0.0,800000000.0,0.0,0.0,216,0.83824,0.85621,023400400100,BORNO STATE ROAD MAINTENANCE AGENCY (BORMA),23020114,CONSTRUCTION / PROVISION OF ROADS,70451,ROAD TRANSPORT,20832700,SHANI,06100126004200,Housing and Urban Development - General
Repairs of Road From Old Welcome To State University Within Bayo Lga,0.0,0.0,0.0,0.0,1600000000.0,0.0,0.0,216,0.84641,0.86438,023400400100,BORNO STATE ROAD MAINTENANCE AGENCY (BORMA),23030113,REHABILITATION / REPAIRS - ROADS,70451,ROAD TRANSPORT,20830400,BAYO,06100126004300,Housing and Urban Development - General
Repairs of Road From Old Welcome To State University Within Guzamala Lga,0.0,0.0,0.0,0.0,1600000000.0,0.0,0.0,216,0.85458,0.87255,023400400100,BORNO STATE ROAD MAINTENANCE AGENCY (BORMA),23030113,REHABILITATION / REPAIRS - ROADS,70451,ROAD TRANSPORT,20811000,GUZAMALA,06100126004400,Housing and Urban Development - General
Repairs of Road From Old Welcome To State University Within Ngala Lga,0.0,0.0,0.0,0.0,800000000.0,0.0,0.0,216,0.86275,0.88072,023400400100,BORNO STATE ROAD MAINTENANCE AGENCY (BORMA),23030113,REHABILITATION / REPAIRS - ROADS,70451,ROAD TRANSPORT,20822500,NGALA,06100126004500,Housing and Urban Development - General
Acquisition Of Land for reconstruction of Houses across the state.,0.0,5000000.0,5000000.0,0.0,0.0,0.0,0.0,216,0.90278,0.92075,023400700100,BORNO STATE HOUSING CORPORATION,23010101,PURCHASE / ACQUISITION OF LAND,70611,HOUSING DEVELOPMENT,20821300,JERE,06100124006000,Housing and Urban Development - General
Purchase Of 2Nos. of Vans/Publicity for Borno State Housing Coorperation.,0.0,5000000.0,5000000.0,0.0,10000000.0,0.0,0.0,217,0.09069,0.10866,023400700100,BORNO STATE HOUSING CORPORATION,23010106,PURCHASE OF VANS,70611,HOUSING DEVELOPMENT,20821300,JERE,06100124006100,Housing and Urban Development - General
Purchase Of 10Nos. of Executive Tables And 20Nos. of Executive Chairs for Borno State Housing Coorperation.,0.0,2000000.0,2000000.0,0.0,2000000.0,0.0,0.0,217,0.09886,0.11683,023400700100,BORNO STATE HOUSING CORPORATION,23010112,PURCHASE OF OFFICE FURNITURE AND FITTINGS,70611,HOUSING DEVELOPMENT,20821300,JERE,06100124006200,Housing and Urban Development - General
Purchase Of 6Nos. of Hp Printer Computers for Borno State Housing Coorperation.,0.0,5000000.0,5000000.0,0.0,5000000.0,0.0,0.0,217,0.10621,0.12418,023400700100,BORNO STATE HOUSING CORPORATION,23010113,PURCHASE OF COMPUTERS,70611,HOUSING DEVELOPMENT,20821300,JERE,06100124006300,Housing and Urban Development - General
Purchase Of 6Nos. of Hp Desktop Computers And 5Nos. of Hp Laptops for Borno State Housing Coorperation.,0.0,2000000.0,2000000.0,0.0,2000000.0,0.0,0.0,217,0.11438,0.13235,023400700100,BORNO STATE HOUSING CORPORATION,23010114,PURCHASE OF COMPUTER PRINTERS,70611,HOUSING DEVELOPMENT,20821300,JERE,06100124006400,Housing and Urban Development - General
Purchase Of 2Nos. of Sharp Photocopying Machines for Borno State Housing Coorperation.,0.0,2000000.0,2000000.0,0.0,2000000.0,0.0,0.0,217,0.12255,0.14052,023400700100,BORNO STATE HOUSING CORPORATION,23010115,PURCHASE OF PHOTOCOPYING MACHINES,70611,HOUSING DEVELOPMENT,20821300,JERE,06100124006500,Housing and Urban Development - General
"Provision of shops across 1000, 777, 505 estate and Ibrahim taiwo estate with the state.",0.0,279000000.0,279000000.0,0.0,79000000.0,0.0,0.0,217,0.13072,0.14869,023400700100,BORNO STATE HOUSING CORPORATION,23020124,CONSTRUCTION OF MARKETS/PARKS,70611,HOUSING DEVELOPMENT,20821300,JERE,06100124006600,Housing and Urban Development - General
"Purchase Of 10No Sets Of Executive Chairs, Tables And Carbinates for Ministry of Water Resources",0.0,25500000.0,25500000.0,0.0,10000000.0,0.0,0.0,217,0.17075,0.18873,025200100100,MINISTRY OF WATER RESOURCES,23010112,PURCHASE OF OFFICE FURNITURE AND FITTINGS,70631,WATER SUPPLY,20821300,JERE,10100124000100,Water Resources and Rural Deve - General
Purchase Of 10 Nos Of Hp 15-Notebook Intel Core I7-10510U for Ministry of Water Resources,0.0,15500000.0,15500000.0,142000.0,10000000.0,0.0,0.0,217,0.17892,0.1969,025200100100,MINISTRY OF WATER RESOURCES,23010113,PURCHASE OF COMPUTERS,70631,WATER SUPPLY,20821300,JERE,10100124000200,Water Resources and Rural Deve - General
Purchase Of 4 Nos Of Hp Colour Lasarjet Pro M283Fdw for Ministry of Water Resources,0.0,2000000.0,2000000.0,0.0,2000000.0,0.0,0.0,217,0.18709,0.20507,025200100100,MINISTRY OF WATER RESOURCES,23010114,PURCHASE OF COMPUTER PRINTERS,70631,WATER SUPPLY,20821300,JERE,10100124000300,Water Resources and Rural Deve - General
Purchase Of 4 Nos Of Sharp Ar5731 Photocopier for Ministry of Water Resources,0.0,8550000.0,8550000.0,120000.0,2000000.0,0.0,0.0,217,0.19526,0.21324,025200100100,MINISTRY OF WATER RESOURCES,23010115,PURCHASE OF PHOTOCOPYING MACHINES,70631,WATER SUPPLY,20821300,JERE,10100124000400,Water Resources and Rural Deve - General
Purchase Of One Cat 3512 1275Kva And Cat 3512 1000Kva for Ministry of Water Resources,190303000.0,100000000.0,100000000.0,0.0,100000000.0,0.0,0.0,217,0.20343,0.22141,025200100100,MINISTRY OF WATER RESOURCES,23010119,PURCHASE OF POWER GENERATING SET,70631,WATER SUPPLY,20821300,JERE,10100124000500,Water Resources and Rural Deve - General
"Purchase Of 2 Nos Weir Multi - Stage Pump Vs Electric Titan Ii Motor 337Kw, 2 Nos Weir Double Intake H",1097003800.0,826550000.0,826550000.0,0.0,800000000.0,0.0,0.0,217,0.21078,0.22876,025200100100,MINISTRY OF WATER RESOURCES,23010129,PURCHASE OF INDUSTRIAL EQUIPMENT 70631 - WATER SUPPLY,,"igh Lift Pump 132Kw, 2 Nos Weir End Suction Single Stage Pump 75Kw, 2 Nos Hibon 100L/Hr Double Lope Blower Mmc",20821300,JERE,10100124000600,Water Resources and Rural Deve - General
Repairs of 50Nos of Boreholes within mmc lga,30086100.0,1000000000.0,2200000000.0,0.0,600000000.0,0.0,0.0,217,0.21895,0.23693,025200100100,MINISTRY OF WATER RESOURCES,23020105,CONSTRUCTION / PROVISION OF WATER FACILITIES,70611,HOUSING DEVELOPMENT,20822100,MAIDUGURI METRO,10100124000800,Water Resources and Rural Deve - General
Repairs of 20Nos of Boreholes for the ministry of water resources,48956247.54,511900000.0,1000000000.0,189643719.0,400000000.0,0.0,0.0,217,0.22712,0.2451,025200100100,MINISTRY OF WATER RESOURCES,23030104,REHABILITATION / REPAIRS - WATER FACILITIES,70631,WATER SUPPLY,20821300,JERE,10100123000100,Water Resources and Rural Deve - General
Repairs of office building for the ministry of water resources,29460000.0,10000000.0,511900000.0,424195423.8,20000000.0,0.0,0.0,217,0.23529,0.25327,025200100100,MINISTRY OF WATER RESOURCES,23030121,REHABILITATION / REPAIRS OF OFFICE BUILDINGS,70631,WATER SUPPLY,20821300,JERE,10100123000200,Water Resources and Rural Deve - General
Survey On Pipe Retuculation And Geo Physical Survey,0.0,20000000.0,10000000.0,7726000.0,30000000.0,0.0,0.0,217,0.24346,0.26144,025200100100,MINISTRY OF WATER RESOURCES,23030125,REHABILITATION/REPAIRS- POWER GENERATING PLANTS,70631,WATER SUPPLY,20821300,JERE,10100123000300,Water Resources and Rural Deve - General
"Research And Development-Water Resources study, water data collection and water reource related topic conducted.",0.0,15000000.0,20000000.0,0.0,11000000.0,0.0,0.0,217,0.25163,0.26961,025200100100,MINISTRY OF WATER RESOURCES,23050101,RESEARCH AND DEVELOPMENT,70631,WATER SUPPLY,20821300,JERE,10100123000400,Water Resources and Rural Deve - General
Monitoring Of On-Going Projects Across State,0.0,65000000.0,80000000.0,9273000.0,15000000.0,0.0,0.0,217,0.2598,0.27778,025200100100,MINISTRY OF WATER RESOURCES,23050103,MONITORING AND EVALUATION,70631,WATER SUPPLY,20821300,JERE,10100123000500,Water Resources and Rural Deve - General
"Purchase and installation Of 800 Unit of solar-powered pumps, & accessories and Drilling Rig Parts.",0.0,445000000.0,0.0,0.0,945000000.0,0.0,0.0,217,0.29984,0.31781,025210300100,BORNO STATE RURAL WATER SUPPLY AND SANITATION AGENCY (RUWASSA),23010129,PURCHASE OF INDUSTRIAL EQUIPMENT,70631,WATER SUPPLY,20821300,JERE,10100124000900,Water Resources and Rural Deve - General
"Construction of Boreholes, overhead tanks and pipe network provided by (PEWASH) in mmc",0.0,2635000000.0,0.0,0.0,1104700000.0,0.0,0.0,217,0.30801,0.32598,025210300100,BORNO STATE RURAL WATER SUPPLY AND SANITATION AGENCY (RUWASSA),23020105,CONSTRUCTION / PROVISION OF WATER FACILITIES,70631,WATER SUPPLY,20842800,State wide,10100123000600,Water Resources and Rural Deve - General
"Construction of Boreholes, overhead tanks and pipe network provided by (PEWASH) in mafa",0.0,0.0,0.0,0.0,1104700000.0,0.0,0.0,217,0.31536,0.33333,025210300100,BORNO STATE RURAL WATER SUPPLY AND SANITATION AGENCY (RUWASSA),23020105,CONSTRUCTION / PROVISION OF WATER FACILITIES,70631,WATER SUPPLY,20842800,State wide,10100126000100,Water Resources and Rural Deve - General
"Construction of Boreholes, overhead tanks and pipe network provided by (PEWASH) in Gwoza",0.0,0.0,0.0,0.0,1104700000.0,0.0,0.0,217,0.32353,0.3415,025210300100,BORNO STATE RURAL WATER SUPPLY AND SANITATION AGENCY (RUWASSA),23020105,CONSTRUCTION / PROVISION OF WATER FACILITIES,70631,WATER SUPPLY,20842800,State wide,10100126000200,Water Resources and Rural Deve - General
"Construction of Boreholes, overhead tanks and pipe network provided by (PEWASH) in Damboa local Govt.",0.0,0.0,0.0,0.0,1104700000.0,0.0,0.0,217,0.3317,0.34967,025210300100,BORNO STATE RURAL WATER SUPPLY AND SANITATION AGENCY (RUWASSA),23020105,CONSTRUCTION / PROVISION OF WATER FACILITIES,70631,WATER SUPPLY,20842800,State wide,10100126000300,Water Resources and Rural Deve - General
"Construction of Boreholes, overhead tanks and pipe network provided by (PEWASH) in Jere local Govt.",0.0,0.0,0.0,0.0,1104700000.0,0.0,0.0,217,0.33987,0.35784,025210300100,BORNO STATE RURAL WATER SUPPLY AND SANITATION AGENCY (RUWASSA),23020105,CONSTRUCTION / PROVISION OF WATER FACILITIES,70631,WATER SUPPLY,20821300,JERE,10100126000400,Water Resources and Rural Deve - General
"Construction of Boreholes, overhead tanks and pipe network provided by (PEWASH) in Damasack",0.0,0.0,0.0,0.0,1104700000.0,0.0,0.0,217,0.34804,0.36601,025210300100,BORNO STATE RURAL WATER SUPPLY AND SANITATION AGENCY (RUWASSA),23020105,CONSTRUCTION / PROVISION OF WATER FACILITIES,70631,WATER SUPPLY,20821300,JERE,10100126000500,Water Resources and Rural Deve - General
"Construction of Boreholes, overhead tanks and pipe network provided by (PEWASH) in Monguno Local Government",0.0,0.0,0.0,0.0,1104700000.0,0.0,0.0,217,0.35621,0.37418,025210300100,BORNO STATE RURAL WATER SUPPLY AND SANITATION AGENCY (RUWASSA),23020105,CONSTRUCTION / PROVISION OF WATER FACILITIES,70631,WATER SUPPLY,20821300,JERE,10100126000600,Water Resources and Rural Deve - General
"Rehabilitation of Boreholes, overhead tanks and pipe network provided by (PEWASH) in Kaga, Jakana and Auno",0.0,650000000.0,445000000.0,189436582.26,1515000000.0,0.0,0.0,217,0.36356,0.38154,025210300100,BORNO STATE RURAL WATER SUPPLY AND SANITATION AGENCY (RUWASSA),23030104,REHABILITATION / REPAIRS - WATER FACILITIES,70631,WATER SUPPLY,20842800,State wide,10100123000700,Water Resources and Rural Deve - General
"Upgrading of Boreholes and Solar powered Facilities at Askira/Uba, Shani K/Kusar, Bayo Hawul Chibok, Rehabilitation of 20 deep aquifer Boreholes in K/Kusar and Bama, Mobbar, Kaga and Monguno LGAs.",286848618.51,30000000.0,2635000000.0,14466512125.86,1515000000.0,0.0,0.0,217,0.37173,0.38971,025210300100,BORNO STATE RURAL WATER SUPPLY AND SANITATION AGENCY (RUWASSA),23030104,REHABILITATION / REPAIRS - WATER FACILITIES,70631,WATER SUPPLY,20842800,State wide,10100123000800,Water Resources and Rural Deve - General
"Research And Development-Water Resources study, water data collection and water reource related topic conducted.",0.0,50000000.0,650000000.0,443857372.25,50000000.0,0.0,0.0,217,0.3799,0.39788,025210300100,BORNO STATE RURAL WATER SUPPLY AND SANITATION AGENCY (RUWASSA),23050101,RESEARCH AND DEVELOPMENT,70631,WATER SUPPLY,20842800,State wide,10100123000900,Water Resources and Rural Deve - General
Effective Monitoring and evaluation of Construction sites and Borehole inspection/project activities.,0.0,70000000.0,30000000.0,0.0,71000000.0,0.0,0.0,217,0.38807,0.40605,025210300100,BORNO STATE RURAL WATER SUPPLY AND SANITATION AGENCY (RUWASSA),23050103,MONITORING AND EVALUATION,70631,WATER SUPPLY,20842800,State wide,10100123001000,Water Resources and Rural Deve - General
"Building capacity of personnel in Health, Education and Livelihood of government activities.",12748094.25,70000000.0,50000000.0,57289730.77,50000000.0,0.0,0.0,217,0.39624,0.41422,025210300100,BORNO STATE RURAL WATER SUPPLY AND SANITATION AGENCY (RUWASSA),23050130,HUMAN CAPITAL DEVELOPMENT,70631,WATER SUPPLY,20821300,JERE,10100123001100,Water Resources and Rural Deve - General
Purchase Of (2) Nos of Printers M428Dw Hp Within The Ministry of RRR,0.0,0.0,70000000.0,597314953.17,45464000.0,0.0,0.0,217,0.40441,0.42239,025210300100,BORNO STATE RURAL WATER SUPPLY AND SANITATION AGENCY (RUWASSA),23020118,CONSTRUCTION / PROVISION OF INFRASTRUCTURE,70631,WATER SUPPLY,20821300,JERE,10100126000700,Water Resources and Rural Deve - General
NUT.3.WASH.3.2. 2. Strengthen of WASH Committees for Community Led Total Sanitation,0.0,0.0,50000000.0,38411123.12,30000000.0,0.0,30000000.0,217,0.41258,0.43056,025210300100,BORNO STATE RURAL WATER SUPPLY AND SANITATION AGENCY (RUWASSA),23050103,MONITORING AND EVALUATION,70631,WATER SUPPLY,20821300,JERE,10100126000800,Water Resources and Rural Deve - General
NUT.5.WASH.5.2.12 Provide portable water supply in Public Places to enhance sanitation and hygiene.,0.0,0.0,0.0,0.0,65000000.0,0.0,65000000.0,217,0.41993,0.43791,025210300100,BORNO STATE RURAL WATER SUPPLY AND SANITATION AGENCY (RUWASSA),23020116,CONSTRUCTION / PROVISION OF WATER-WAYS,70631,WATER SUPPLY,20821300,JERE,10100126000900,Water Resources and Rural Deve - General
NUT.5.WASH.5.2.13 Training and retraining of WASHCOMs and VHPs on sustainable and affordable water supply and hygiene promotion in communities across the 18 LGAs.,0.0,0.0,0.0,0.0,30000000.0,0.0,30000000.0,217,0.4281,0.44608,025210300100,BORNO STATE RURAL WATER SUPPLY AND SANITATION AGENCY (RUWASSA),23020116,CONSTRUCTION / PROVISION OF WATER-WAYS,70631,WATER SUPPLY,20821300,JERE,10100126001000,Water Resources and Rural Deve - General
NUT.5.WASH 5.2.14 Promote the commemoration of World Water Day.,0.0,0.0,0.0,0.0,25000000.0,0.0,25000000.0,217,0.43627,0.45425,025210300100,BORNO STATE RURAL WATER SUPPLY AND SANITATION AGENCY (RUWASSA),23020116,CONSTRUCTION / PROVISION OF WATER-WAYS,70631,WATER SUPPLY,20821300,JERE,10100126001100,Water Resources and Rural Deve - General
NUT.5. WASH 5.2.15 Promote the commemoration of World Toilet Day.,0.0,0.0,0.0,0.0,25000000.0,0.0,25000000.0,217,0.44444,0.46242,025210300100,BORNO STATE RURAL WATER SUPPLY AND SANITATION AGENCY (RUWASSA),23020116,CONSTRUCTION / PROVISION OF WATER-WAYS,70631,WATER SUPPLY,20821300,JERE,10100126001200,Water Resources and Rural Deve - General
"NUT.1. IEC/SBCC 5. 1. 14. Develop and air TV/Radio jingles and produce leaflets and posters to promote good dietary practices and WASH at household, community levels and schools",0.0,0.0,0.0,0.0,25000000.0,0.0,25000000.0,217,0.45261,0.47059,025210300100,BORNO STATE RURAL WATER SUPPLY AND SANITATION AGENCY (RUWASSA),23020116,CONSTRUCTION / PROVISION OF WATER-WAYS,70631,WATER SUPPLY,20821300,JERE,10100126001300,Water Resources and Rural Deve - General
NUT.5.SBCC.5.2.10 Sensitization of Household/communities on safe water management,0.0,0.0,0.0,0.0,25000000.0,0.0,25000000.0,217,0.46078,0.47876,025210300100,BORNO STATE RURAL WATER SUPPLY AND SANITATION AGENCY (RUWASSA),23020116,CONSTRUCTION / PROVISION OF WATER-WAYS,70631,WATER SUPPLY,20821300,JERE,10100126001400,Water Resources and Rural Deve - General
NUT.5.WASH.5.2.7 Promote the commemoration of Global Hand washing Day.,0.0,0.0,0.0,0.0,25000000.0,0.0,25000000.0,217,0.46814,0.48611,025210300100,BORNO STATE RURAL WATER SUPPLY AND SANITATION AGENCY (RUWASSA),23020116,CONSTRUCTION / PROVISION OF WATER-WAYS,70631,WATER SUPPLY,20821300,JERE,10100126001500,Water Resources and Rural Deve - General
Purchase/Acquisition Of (4000Sqkm) Land In Maiduguri,0.0,200000000.0,200000000.0,0.0,0.0,0.0,0.0,217,0.50899,0.52696,025600100100,"MINISTRY OF RECONSTRUCTION, REHABILITATION AND RESETTLEMENT (MRRR)",23010101,PURCHASE / ACQUISITION OF LAND,70611,HOUSING DEVELOPMENT,20822100,MAIDUGURI METRO,13100121000300,Reform of Government and Governance - General
Purchase Of (5) Nos of Toyota Hilux 2020 For Ministry of RRR,15400000.0,35000000.0,35000000.0,0.0,0.0,0.0,0.0,217,0.51634,0.53431,025600100100,"MINISTRY OF RECONSTRUCTION, REHABILITATION AND RESETTLEMENT (MRRR)",23010105,PURCHASE OF MOTOR VEHICLES,70611,HOUSING DEVELOPMENT,20822100,MAIDUGURI METRO,13100124002000,Reform of Government and Governance - General
Purchase Of 10Nos of Executive Tables and 5Nos of Chairs Within The Ministry of RRR,0.0,15000000.0,15000000.0,0.0,15000000.0,0.0,0.0,217,0.52451,0.54248,025600100100,"MINISTRY OF RECONSTRUCTION, REHABILITATION AND RESETTLEMENT (MRRR)",23010112,PURCHASE OF OFFICE FURNITURE AND FITTINGS,70611,HOUSING DEVELOPMENT,20822100,MAIDUGURI METRO,13100124002100,Reform of Government and Governance - General
Purchase of (10)Nos of Hp Laptops 13inch Within The Ministry of RRR,8138000.0,10000000.0,10000000.0,0.0,0.0,0.0,0.0,217,0.53268,0.55065,025600100100,"MINISTRY OF RECONSTRUCTION, REHABILITATION AND RESETTLEMENT (MRRR)",23010113,PURCHASE OF COMPUTERS,70611,HOUSING DEVELOPMENT,20822100,MAIDUGURI METRO,13100124002200,Reform of Government and Governance - General
Purchase Of (2) Nos of Printers M428Dw Hp Within The Ministry of RRR,0.0,3000000.0,3000000.0,0.0,0.0,0.0,0.0,217,0.54085,0.55882,025600100100,"MINISTRY OF RECONSTRUCTION, REHABILITATION AND RESETTLEMENT (MRRR)",23010114,PURCHASE OF COMPUTER PRINTERS,70611,HOUSING DEVELOPMENT,20822100,MAIDUGURI METRO,13100124002300,Reform of Government and Governance - General
Purchase Of (2)Nos of Sr-6031N Sharp Photocopying Machine for the Ministry of RRR,0.0,3000000.0,3000000.0,0.0,0.0,0.0,0.0,217,0.54902,0.56699,025600100100,"MINISTRY OF RECONSTRUCTION, REHABILITATION AND RESETTLEMENT (MRRR)",23010115,PURCHASE OF PHOTOCOPYING MACHINES,70611,HOUSING DEVELOPMENT,20822100,MAIDUGURI METRO,13100124002400,Reform of Government and Governance - General
Purchase Of (5)No of Heavy Trucks for the Ministry of RRR,0.0,350000000.0,350000000.0,0.0,750000000.0,0.0,0.0,217,0.55719,0.57516,025600100100,"MINISTRY OF RECONSTRUCTION, REHABILITATION AND RESETTLEMENT (MRRR)",23010139,PURCHASE OF HEAVY DUTY PLANTS & MACHINERIES,70611,HOUSING DEVELOPMENT,20822100,MAIDUGURI METRO,13100124002500,Reform of Government and Governance - General
Construction Of Nigeria Arabic College Ngala At Ngala LGA.,13000000.0,1073000000.0,1073000000.0,0.0,1500000000.0,0.0,0.0,217,0.56536,0.58333,025600100100,"MINISTRY OF RECONSTRUCTION, REHABILITATION AND RESETTLEMENT (MRRR)",23020101,CONSTRUCTION / PROVISION OF OFFICE BUILDINGS,70611,HOUSING DEVELOPMENT,20822500,NGALA,13100123001800,Reform of Government and Governance - General
"Reconstruction of 6 Two Bedroom Staff Quarters In The 2 Tertiary Institutions (In Bama LGA),Reconstruction Of 1 Staff Quarters In The Newly Reconstructed Agriculture Zonal Office In Monguno & Reconstruction Of 3 LGAs",0.0,388000000.0,388000000.0,0.0,2467971000.0,0.0,0.0,217,0.57271,0.59069,025600100100,"MINISTRY OF RECONSTRUCTION, REHABILITATION AND RESETTLEMENT (MRRR)",23020102,CONSTRUCTION / PROVISION OF RESIDENTIAL BUILDINGS,70621,COMMUNITY DEVELOPMENT,20842800,State wide,13100123001900,Reform of Government and Governance - General
"Reconstruction Of 40 Nos. Two Bedroom Flats For Urban And Rural Housing Based On Traditionally & Environmentally Accepted Homes, Reconstruction Of 50 Nos. Three Bedroom Flats, 10 Each In Any Of The 21 Severely Affected LGAs",10000000.0,6878000000.0,6878000000.0,6914912059.0,3023958000.0,0.0,0.0,217,0.58088,0.59886,025600100100,"MINISTRY OF RECONSTRUCTION, REHABILITATION AND RESETTLEMENT (MRRR)",23020104,CONSTRUCTION / PROVISION OF HOUSING,70621,COMMUNITY DEVELOPMENT,20842800,State wide,13100123002000,Reform of Government and Governance - General
"Reconstruction Of 3 Primary Health Care Centres 1 Each In Any Of The 21 Severely Affected LGAs/Improvements In Less Affected LGAs & Reconstruction Of 30 Clinics And Dispensaries, 10 Each In The 3 Most Severely Affected LGAs",390800000.0,260000000.0,260000000.0,0.0,360000000.0,0.0,0.0,217,0.58905,0.60703,025600100100,"MINISTRY OF RECONSTRUCTION, REHABILITATION AND RESETTLEMENT (MRRR)",23020106,CONSTRUCTION / PROVISION OF HOSPITALS / HEALTH CENTRES,70741,PUBLIC HEALTH SERVICES,20842800,State wide,13100123002100,Reform of Government and Governance - General
"Reconstruction Of 3 Seniors Secondary Schools, 1 Each In The 21 Severely Affected LGAs, Reconstruction Of 6 Junior Secondary Schools, & Reconstruction Of College Of Business And Management Studies, Konduga.",0.0,782800000.0,782800000.0,377399295.61,300000000.0,0.0,0.0,217,0.59722,0.6152,025600100100,"MINISTRY OF RECONSTRUCTION, REHABILITATION AND RESETTLEMENT (MRRR)",23020107,CONSTRUCTION / PROVISION OF PUBLIC SCHOOLS,70611,HOUSING DEVELOPMENT,20842800,State wide,13100123002200,Reform of Government and Governance - General
"Construction of General Infrastructures, Rural Roads Networks, Energy Facilities, Drainage, and Housing across the State.",93222628.0,4000000000.0,4000000000.0,4000000000.0,1000000000.0,0.0,0.0,217,0.60539,0.62337,025600100100,"MINISTRY OF RECONSTRUCTION, REHABILITATION AND RESETTLEMENT (MRRR)",23020118,CONSTRUCTION / PROVISION OF INFRASTRUCTURE,70451,ROAD TRANSPORT,20842800,State wide,13100123002300,Reform of Government and Governance - General
"Construction Of 2 blocks of 12-compartment shops each, 2 block of 15 units of market stalls each, 1 motor park with gates for the ministry of RRR",6284536834.7,100000000.0,100000000.0,0.0,100000000.0,0.0,0.0,217,0.61356,0.63154,025600100100,"MINISTRY OF RECONSTRUCTION, REHABILITATION AND RESETTLEMENT (MRRR)",23020124,CONSTRUCTION OF MARKETS/PARKS,70621,COMMUNITY DEVELOPMENT,20842800,State wide,13100123002400,Reform of Government and Governance - General
"Provision Of Security Observation Towers, Communication Gadgets, Scanners & Provide StateFor ICT And Data Management, Servers, Internet Subscription, Softwares, Lan Connections and Access Points in the Ministry of RRR",0.0,60000000.0,60000000.0,0.0,0.0,0.0,0.0,217,0.62092,0.63889,025600100100,"MINISTRY OF RECONSTRUCTION, REHABILITATION AND RESETTLEMENT (MRRR)",23020127,CONSTRUCTION OF ICT INFRASTRUCTURES,70461,COMMUNICATION,20822100,MAIDUGURI METRO,13100123002500,Reform of Government and Governance - General
"Repairs/Rehabilitation Of Government Estate Vacated By IDPs Namely Bakasi, Teachers Village Estate and Dalori I & II for the ministry of RRR",0.0,750000000.0,750000000.0,27034780.0,2000000000.0,0.0,0.0,217,0.62908,0.64706,025600100100,"MINISTRY OF RECONSTRUCTION, REHABILITATION AND RESETTLEMENT (MRRR)",23030101,REHABILITATION / REPAIRS OF RESIDENTIAL BUILDING,70611,HOUSING DEVELOPMENT,20822100,MAIDUGURI METRO,13100123002600,Reform of Government and Governance - General
"Repairs/Rehabilitation Of 9 Boreholes, 1 Each In 9 Severely Affected LGAs.",850000000.0,25000000.0,25000000.0,0.0,25000000.0,0.0,0.0,217,0.63725,0.65523,025600100100,"MINISTRY OF RECONSTRUCTION, REHABILITATION AND RESETTLEMENT (MRRR)",23030104,REHABILITATION / REPAIRS - WATER FACILITIES,70631,WATER SUPPLY,20842800,State wide,13100123002700,Reform of Government and Governance - General
"Rehabilitation Of 3 VSACS, 1 Each In 3 Most Severely Affected LGAs",0.0,25000000.0,25000000.0,0.0,500000000.0,0.0,0.0,217,0.64542,0.6634,025600100100,"MINISTRY OF RECONSTRUCTION, REHABILITATION AND RESETTLEMENT (MRRR)",23030106,REHABILITATION / REPAIRS - PUBLIC SCHOOLS,70611,HOUSING DEVELOPMENT,20842800,State wide,13100123002800,Reform of Government and Governance - General
Rehabilitation Of 2 Agricultural Stores 1 Each In Northern And Southern Districts Of The State,10000000.0,100000000.0,100000000.0,0.0,0.0,0.0,0.0,217,0.65359,0.67157,025600100100,"MINISTRY OF RECONSTRUCTION, REHABILITATION AND RESETTLEMENT (MRRR)",23030112,REHABILITATION / REPAIRS - AGRICICULTURAL FACILITIES,70421,AGRICULTURE,20842800,State wide,13100123002900,Reform of Government and Governance - General
"Repairs/Rehabilitation Of LGAs Offices ( Secretariat, Lodges, Courts across the state.",0.0,100000000.0,100000000.0,0.0,500000000.0,0.0,0.0,217,0.66176,0.67974,025600100100,"MINISTRY OF RECONSTRUCTION, REHABILITATION AND RESETTLEMENT (MRRR)",23030121,REHABILITATION / REPAIRS OF OFFICE BUILDINGS,70611,HOUSING DEVELOPMENT,20822100,MAIDUGURI METRO,13100123003000,Reform of Government and Governance - General
"Rehabilitation Of 5 Market Stalls (Stalls, Shops, Market Gates, Etc) In Any Of The 21 Severely Affected LGAs",0.0,50000000.0,50000000.0,0.0,200000000.0,0.0,0.0,217,0.66912,0.68709,025600100100,"MINISTRY OF RECONSTRUCTION, REHABILITATION AND RESETTLEMENT (MRRR)",23030124,REHABILITATION/REPAIRS- MARKETS/PARKS,70471,"DISTRIBUTIVE TRADE, STORAGE AND WAREHOUSING",20842800,State wide,13100123003100,Reform of Government and Governance - General
"Joint Monitoring Visits (JMV) To Partners Supported Projects, Monitoring Of Infrastructure Projects; Housing & Return Of IDPs and Refugees Strategy Management; Monitoring Of Returnees Activity, Livelihoods, Data and Information.",0.0,35000000.0,35000000.0,0.0,230000000.0,0.0,0.0,217,0.67729,0.69526,025600100100,"MINISTRY OF RECONSTRUCTION, REHABILITATION AND RESETTLEMENT (MRRR)",23050103,MONITORING AND EVALUATION,70611,HOUSING DEVELOPMENT,20842800,State wide,13100123003200,Reform of Government and Governance - General
"Train 1,000 Returnees On Cooperative Society Formation And Village Savings And Loans Association, Support With Agriculture Inputs For 2,500 In LGAs Plan For Resettlement Namey Abadam, Marte, Ngala, Kalabalge And Guzalama & Enroll",1291315576.5,700000000.0,500000000.0,0.0,50000000.0,0.0,0.0,217,0.68546,0.70343,025600100100,"MINISTRY OF RECONSTRUCTION, REHABILITATION AND RESETTLEMENT (MRRR)",23050130,HUMAN CAPITAL DEVELOPMENT,70611,HOUSING DEVELOPMENT,20842800,State wide,13100123003500,Reform of Government and Governance - General
Constructio Of residential building,0.0,0.0,3900000000.0,2751771951.7,0.0,0.0,0.0,217,0.69363,0.7116,025600100100,"MINISTRY OF RECONSTRUCTION, REHABILITATION AND RESETTLEMENT (MRRR)",23020102,CONSTRUCTION / PROVISION OF RESIDENTIAL BUILDINGS,70611,HOUSING DEVELOPMENT,20842800,State wide,13100126003800,Reform of Government and Governance - General
Construction Of 50 Nos. Three Bedroom Flats in abadam local gov't,0.0,0.0,700000000.0,0.0,2023955000.0,0.0,0.0,217,0.7018,0.71977,025600100100,"MINISTRY OF RECONSTRUCTION, REHABILITATION AND RESETTLEMENT (MRRR)",23020104,CONSTRUCTION / PROVISION OF HOUSING,70631,WATER SUPPLY,20842800,State wide,13100126003900,Reform of Government and Governance - General
Construction Of 50 Nos. Three Bedroom Flats in BAMA local gov't,0.0,0.0,0.0,0.0,2023955000.0,0.0,0.0,217,0.70997,0.72794,025600100100,"MINISTRY OF RECONSTRUCTION, REHABILITATION AND RESETTLEMENT (MRRR)",23020104,CONSTRUCTION / PROVISION OF HOUSING,70631,WATER SUPPLY,20842800,State wide,13100126004000,Reform of Government and Governance - General
Construction Of 50 Nos. Three Bedroom Flats in damboa local gov't,0.0,0.0,0.0,0.0,2023955000.0,0.0,0.0,217,0.71814,0.73611,025600100100,"MINISTRY OF RECONSTRUCTION, REHABILITATION AND RESETTLEMENT (MRRR)",23020104,CONSTRUCTION / PROVISION OF HOUSING,70631,WATER SUPPLY,20842800,State wide,13100126004100,Reform of Government and Governance - General
Construction Of 50 Nos. Three Bedroom Flats in dikwa local gov't,0.0,0.0,0.0,0.0,2023955000.0,0.0,0.0,217,0.72549,0.74346,025600100100,"MINISTRY OF RECONSTRUCTION, REHABILITATION AND RESETTLEMENT (MRRR)",23020104,CONSTRUCTION / PROVISION OF HOUSING,70631,WATER SUPPLY,20842800,State wide,13100126004200,Reform of Government and Governance - General
Construction Of 50 Nos. Three Bedroom Flats in gubio local gov't,0.0,0.0,0.0,0.0,2023955000.0,0.0,0.0,217,0.73366,0.75163,025600100100,"MINISTRY OF RECONSTRUCTION, REHABILITATION AND RESETTLEMENT (MRRR)",23020104,CONSTRUCTION / PROVISION OF HOUSING,70631,WATER SUPPLY,20842800,State wide,13100126004300,Reform of Government and Governance - General
Construction Of 50 Nos. Three Bedroom Flats in gwoza local gov't,0.0,0.0,0.0,0.0,2023955000.0,0.0,0.0,217,0.74183,0.7598,025600100100,"MINISTRY OF RECONSTRUCTION, REHABILITATION AND RESETTLEMENT (MRRR)",23020104,CONSTRUCTION / PROVISION OF HOUSING,70631,WATER SUPPLY,20842800,State wide,13100126004400,Reform of Government and Governance - General
Construction Of 50 Nos. Three Bedroom Flats in jere local gov't,0.0,0.0,0.0,0.0,2023955000.0,0.0,0.0,217,0.75,0.76797,025600100100,"MINISTRY OF RECONSTRUCTION, REHABILITATION AND RESETTLEMENT (MRRR)",23020104,CONSTRUCTION / PROVISION OF HOUSING,70631,WATER SUPPLY,20842800,State wide,13100126004500,Reform of Government and Governance - General
Construction Of 50 Nos. Three Bedroom Flats in kala balge local gov't,0.0,0.0,0.0,0.0,2023955000.0,0.0,0.0,217,0.75817,0.77614,025600100100,"MINISTRY OF RECONSTRUCTION, REHABILITATION AND RESETTLEMENT (MRRR)",23020104,CONSTRUCTION / PROVISION OF HOUSING,70631,WATER SUPPLY,20842800,State wide,13100126004600,Reform of Government and Governance - General
Construction Of 50 Nos. Three Bedroom Flats in kukawa local gov't,0.0,0.0,0.0,0.0,2023955000.0,0.0,0.0,217,0.76634,0.78431,025600100100,"MINISTRY OF RECONSTRUCTION, REHABILITATION AND RESETTLEMENT (MRRR)",23020104,CONSTRUCTION / PROVISION OF HOUSING,70631,WATER SUPPLY,20842800,State wide,13100126004700,Reform of Government and Governance - General
Construction Of 50 Nos. Three Bedroom Flats in mafa local gov't,0.0,0.0,0.0,0.0,2448955000.0,0.0,0.0,217,0.77369,0.79167,025600100100,"MINISTRY OF RECONSTRUCTION, REHABILITATION AND RESETTLEMENT (MRRR)",23020104,CONSTRUCTION / PROVISION OF HOUSING,70631,WATER SUPPLY,20842800,State wide,13100126004800,Reform of Government and Governance - General
Construction Of 50 Nos. Three Bedroom Flats in mmc local gov't,0.0,0.0,0.0,0.0,3023955000.0,0.0,0.0,217,0.78186,0.79984,025600100100,"MINISTRY OF RECONSTRUCTION, REHABILITATION AND RESETTLEMENT (MRRR)",23020104,CONSTRUCTION / PROVISION OF HOUSING,70631,WATER SUPPLY,20842800,State wide,13100126004900,Reform of Government and Governance - General
Construction Of 50 Nos. Three Bedroom Flats in marte local gov't,0.0,0.0,0.0,0.0,3023955000.0,0.0,0.0,217,0.79003,0.80801,025600100100,"MINISTRY OF RECONSTRUCTION, REHABILITATION AND RESETTLEMENT (MRRR)",23020104,CONSTRUCTION / PROVISION OF HOUSING,70631,WATER SUPPLY,20842800,State wide,13100126005000,Reform of Government and Governance - General
Construction Of 50 Nos. Three Bedroom Flats in mobbar local gov't,0.0,0.0,0.0,0.0,3023955000.0,0.0,0.0,217,0.7982,0.81618,025600100100,"MINISTRY OF RECONSTRUCTION, REHABILITATION AND RESETTLEMENT (MRRR)",23020104,CONSTRUCTION / PROVISION OF HOUSING,70631,WATER SUPPLY,20842800,State wide,13100126005100,Reform of Government and Governance - General
Construction Of 50 Nos. Three Bedroom Flats in monguno local gov't,0.0,0.0,0.0,0.0,3023955000.0,0.0,0.0,217,0.80637,0.82435,025600100100,"MINISTRY OF RECONSTRUCTION, REHABILITATION AND RESETTLEMENT (MRRR)",23020104,CONSTRUCTION / PROVISION OF HOUSING,70631,WATER SUPPLY,20842800,State wide,13100126005200,Reform of Government and Governance - General
Rehabilitation Of one Magistrate Courts & one High Court Halls,0.0,20000000.0,20000000.0,0.0,20000000.0,0.0,0.0,217,0.84641,0.86438,031805100100,BORNO STATE HIGH COURT OF JUSTICE,23030121,REHABILITATION / REPAIRS OF OFFICE BUILDINGS,70611,HOUSING DEVELOPMENT,20822100,MAIDUGURI METRO,13100123010400,Reform of Government and Governance - General
Rehabilitation / Repairs Of one Sharia Court OfAppeal Complex in maiduguri,0.0,3400000.0,3400000.0,0.0,3400000.0,0.0,0.0,217,0.88644,0.90441,031805300100,BORNO STATE SHARIA COURT OF APPEAL,23030121,REHABILITATION / REPAIRS OF OFFICE BUILDINGS,70611,HOUSING DEVELOPMENT,20822100,MAIDUGURI METRO,13100123010600,Reform of Government and Governance - General
Purchase Of (5)Nos of Golf Car For The Ministry of Justice,0.0,100000000.0,100000000.0,0.0,210000000.0,0.0,0.0,218,0.10621,0.12418,032600100100,MINISTRY OF JUSTICE,23010105,PURCHASE OF MOTOR VEHICLES,70331,LAW COURTS,20821300,JERE,13100124002600,Reform of Government and Governance - General
Purchase Of 10Nos of Executive Chair And 25No of Tables for the newly constructed court IN JERE,0.0,1000000.0,1000000.0,0.0,80000000.0,0.0,0.0,218,0.11438,0.13235,032600100100,MINISTRY OF JUSTICE,23010112,PURCHASE OF OFFICE FURNITURE AND FITTINGS,70331,LAW COURTS,20821300,JERE,13100124002700,Reform of Government and Governance - General
Purchase Of 1Nos of Hp Laptops For The Ministry of Justice IN MMC,0.0,5000000.0,5000000.0,0.0,1000000.0,0.0,0.0,218,0.12255,0.14052,032600100100,MINISTRY OF JUSTICE,23010113,PURCHASE OF COMPUTERS,70331,LAW COURTS,20821300,JERE,13100124002800,Reform of Government and Governance - General
Purchase Of (1)No of Xr 320E Hp Printer For The Ministry of Justice IN MMC,591063891.0,2000000.0,2000000.0,0.0,1000000.0,0.0,0.0,218,0.13072,0.14869,032600100100,MINISTRY OF JUSTICE,23010114,PURCHASE OF COMPUTER PRINTERS,70331,LAW COURTS,20821300,JERE,13100124002900,Reform of Government and Governance - General
Purchase Of 1No of Mx200D Sharp Photocopy Machine For The Ministry of Justice in MMC,0.0,1000000.0,1000000.0,8928000.0,1000000.0,0.0,0.0,218,0.13889,0.15686,032600100100,MINISTRY OF JUSTICE,23010115,PURCHASE OF PHOTOCOPYING MACHINES,70331,LAW COURTS,20821300,JERE,13100124003000,Reform of Government and Governance - General
Purchase Of 2No of Sharp P100 Scanners For The Ministry of Justice IN MMC,70000000.0,1000000.0,1000000.0,889772881.22,2000000.0,0.0,0.0,218,0.14706,0.16503,032600100100,MINISTRY OF JUSTICE,23010118,PURCHASE OF SCANNERS,70331,LAW COURTS,20821300,JERE,13100124003100,Reform of Government and Governance - General
Purchase Of (2)No of Solar panel P22-6 16 Kw - 20 Kw Within The Ministry of Justice IN MMC,0.0,210000000.0,210000000.0,173941401.05,186000000.0,0.0,0.0,218,0.15523,0.1732,032600100100,MINISTRY OF JUSTICE,23010119,PURCHASE OF POWER GENERATING SET,70331,LAW COURTS,20821300,JERE,13100124003200,Reform of Government and Governance - General
Construction Of Office building for judicial in Mmc lga.,0.0,1300000000.0,1300000000.0,0.0,770000000.0,0.0,0.0,218,0.16258,0.18056,032600100100,MINISTRY OF JUSTICE,23020101,CONSTRUCTION / PROVISION OF OFFICE BUILDINGS,70611,HOUSING DEVELOPMENT,20822100,MAIDUGURI METRO,13100122001000,Reform of Government and Governance - General
Provision Of New one Library For Judicial Officers At High Court of Justice Maiduguri.,0.0,200000000.0,200000000.0,0.0,5000000000.0,0.0,0.0,218,0.17075,0.18873,032600100100,MINISTRY OF JUSTICE,23020111,CONSTRUCTION / PROVISION OF LIBRARIES,70331,LAW COURTS,20821300,JERE,13100122001100,Reform of Government and Governance - General
Rehabilitation of Office Building Within the Ministry of Justice.,0.0,5000000.0,5000000.0,0.0,30000000.0,0.0,0.0,218,0.17892,0.1969,032600100100,MINISTRY OF JUSTICE,23030121,REHABILITATION / REPAIRS OF OFFICE BUILDINGS,70611,HOUSING DEVELOPMENT,20821300,JERE,13100122001300,Reform of Government and Governance - General
"Development on Primary Social Research, Research Reviews And Managing Commissioned External Research for the ministry of justice.",0.0,2000000.0,2000000.0,0.0,2000000.0,0.0,0.0,218,0.18709,0.20507,032600100100,MINISTRY OF JUSTICE,23050101,RESEARCH AND DEVELOPMENT,70331,LAW COURTS,20821300,JERE,13100122001400,Reform of Government and Governance - General
Purchase Of 5No of Relevant Software For The Ministry of Justice,0.0,5000000.0,10000000.0,0.0,20000000.0,0.0,0.0,218,0.19526,0.21324,032600100100,MINISTRY OF JUSTICE,23050102,COMPUTER SOFTWARE ACQUISITION,70331,LAW COURTS,20821300,JERE,13100123003600,Reform of Government and Governance - General
Purchase Of 6 Nos of office chairs and 4 Nos of office tables for Prerogrative of Mercy.,0.0,3400000.0,3400000.0,0.0,3400000.0,0.0,0.0,218,0.23529,0.25327,032600200100,BORNO STATE ADVISORY COUNCIL ON PREROGATIVE OF MERCY,23010112,PURCHASE OF OFFICE FURNITURE AND FITTINGS,70331,LAW COURTS,20822100,MAIDUGURI METRO,13100124009400,Reform of Government and Governance - General
Purchase of 10 Nos Office chairs to higher islamic school,0.0,2000000.0,2000000.0,0.0,2000000.0,0.0,0.0,218,0.27533,0.2933,032600700100,BORNO STATE HIGHER ISLAMIC SCHOOL,23010112,PURCHASE OF OFFICE FURNITURE AND FITTINGS,70331,LAW COURTS,20822100,MAIDUGURI METRO,05030424000300,Second chance education
Purchase of 100 Classroom chairs to higher islamic school,0.0,1400000.0,1400000.0,0.0,1400000.0,0.0,0.0,218,0.2835,0.30147,032600700100,BORNO STATE HIGHER ISLAMIC SCHOOL,23010140,"PURCHASE OF SCHOOL FURNITURE, FITTINGS & EQUIPMENT",70331,LAW COURTS,20822100,MAIDUGURI METRO,05030424000400,Second chance education
Purchase Of 10Nos. of Various Teaching And Learning Equipment For Orphanage Homes In Maiduguri Metropolitan Councils LGA.,0.0,5250000.0,5250000.0,0.0,5000000.0,0.0,0.0,218,0.32353,0.3415,051400100100,MINISTRY OF WOMEN AFFAIRS AND SOCIAL DEVELOPMENT,23010124,PURCHASE OF TEACHING / LEARNING AID EQUIPMENT,71041,FAMILY AND CHILDREN,20822100,MAIDUGURI METRO,07100124000100,Gender - General
Purchase Of 10Nos. of Tailoring Machine And Other Equipment to Empower Women And Youth acrossTh,0.0,12600000.0,12600000.0,0.0,13000000.0,0.0,0.0,218,0.3317,0.34967,051400100100,MINISTRY OF WOMEN AFFAIRS AND SOCIAL DEVELOPMENT,23010129,PURCHASE OF INDUSTRIAL EQUIPMENT 71041 - FAMILY AND CHILDREN,,e State,20822100,MAIDUGURI METRO,07100124000200,Gender - General
Rehabilitation of 10No of Health Clinic in Maiduguri Metropolitan Council and Jere LGAs.,0.0,10000000.0,10000000.0,0.0,10500000.0,0.0,0.0,218,0.33987,0.35784,051400100100,MINISTRY OF WOMEN AFFAIRS AND SOCIAL DEVELOPMENT,23030105,REHABILITATION / REPAIRS - HOSPITAL / HEALTH CENTRES,70741,PUBLIC HEALTH SERVICES,20821300,JERE,07100123000100,Gender - General
Repairs Of 5No of Tents And Other Recreational Facilities At Orphange Homes Maiduguri Metropolitan Council LGA.,53857000.0,22050000.0,22050000.0,0.0,23152000.0,0.0,0.0,218,0.34804,0.36601,051400100100,MINISTRY OF WOMEN AFFAIRS AND SOCIAL DEVELOPMENT,23030118,REHABILITATION / REPAIRS - RECREATIONAL FACILITIES,70621,COMMUNITY DEVELOPMENT,20822100,MAIDUGURI METRO,07100123000200,Gender - General
Repairs Of Offices building Within The Ministry of Women Affairs and Social Development.,3457878343.0,26000000.0,26000000.0,0.0,27300000.0,0.0,0.0,218,0.35621,0.37418,051400100100,MINISTRY OF WOMEN AFFAIRS AND SOCIAL DEVELOPMENT,23030121,REHABILITATION / REPAIRS OF OFFICE BUILDINGS,70611,HOUSING DEVELOPMENT,20822100,MAIDUGURI METRO,07100123000300,Gender - General
Monitoring and Evaluation of various support to rependence within the state,0.0,11000000.0,11000000.0,0.0,11550000.0,0.0,0.0,218,0.36356,0.38154,051400100100,MINISTRY OF WOMEN AFFAIRS AND SOCIAL DEVELOPMENT,23050103,MONITORING AND EVALUATION,71041,FAMILY AND CHILDREN,20842800,State wide,07100123000400,Gender - General
Support During Eid And Christmas Celebrations For Less Privileged Individuals in the ministry.,0.0,480000000.0,480000000.0,272979000.0,400000000.0,0.0,0.0,218,0.37173,0.38971,051400100100,MINISTRY OF WOMEN AFFAIRS AND SOCIAL DEVELOPMENT,23050104,ANNIVERSARIES/CELEBRATIONS,71041,FAMILY AND CHILDREN,20842800,State wide,07100123000500,Gender - General
Construction of new women development center at jere lga.,0.0,100000000.0,7268000000.0,2623699145.24,320000000.0,0.0,0.0,218,0.3799,0.39788,051400100100,MINISTRY OF WOMEN AFFAIRS AND SOCIAL DEVELOPMENT,23020101,CONSTRUCTION / PROVISION OF OFFICE BUILDINGS,71041,FAMILY AND CHILDREN,20821300,JERE,07100125000100,Gender - General
NUT.5.IEC/SBCC.2.1. 7. Promote and Support Early initiation and Exclusive Breastfeeding from 0 to 6 months and continued breastfeeding up to 2 years and beyond,0.0,0.0,300000000.0,0.0,150000000.0,0.0,150000000.0,218,0.38807,0.40605,051400100100,MINISTRY OF WOMEN AFFAIRS AND SOCIAL DEVELOPMENT,23050103,MONITORING AND EVALUATION,71041,FAMILY AND CHILDREN,20821300,JERE,07100126000100,Gender - General
NUT.4.IEC/SBCC.2.1.9. Ensure the establishment of crèches in all work places having more than 10 women in public and private sectors to promote Exclusive Breastfeeding.,0.0,0.0,0.0,0.0,150000000.0,0.0,150000000.0,218,0.39624,0.41422,051400100100,MINISTRY OF WOMEN AFFAIRS AND SOCIAL DEVELOPMENT,23020118,CONSTRUCTION / PROVISION OF INFRASTRUCTURE,71041,FAMILY AND CHILDREN,20821300,JERE,07100126000200,Gender - General
"Purchase Of 35Nos set of classroom chairs and Various Office Executive tables and chairs Within the Ministry of Education,science,Technology and innovation and schools.",150771399.84,40800000.0,40800000.0,0.0,1000000000.0,0.0,0.0,218,0.43627,0.45425,051700100100,"MINISTRY OF EDUCATION, SCIENCE, TECHNOLOGY AND INNOVATION",23010112,PURCHASE OF OFFICE FURNITURE AND FITTINGS,70981,EDUCATION N.E.C,20821900,MAFA,05010323000100,Education sector coordination mechanisms
"Procurement 100Nos of Hp Laptops For for The Ministry of Education,science,Technology and innovation.",0.0,2249000.0,2249000.0,0.0,1000000000.0,0.0,0.0,218,0.44444,0.46242,051700100100,"MINISTRY OF EDUCATION, SCIENCE, TECHNOLOGY AND INNOVATION",23010113,PURCHASE OF COMPUTERS,70981,EDUCATION N.E.C,20821900,MAFA,05010323000100,Education sector coordination mechanisms
"Purchase Of 4No of Hp M100 Printer Within for The Ministry of Education,science,Technology and innovation.",0.0,1124000.0,1124000.0,0.0,20000000.0,0.0,0.0,218,0.45261,0.47059,051700100100,"MINISTRY OF EDUCATION, SCIENCE, TECHNOLOGY AND INNOVATION",23010114,PURCHASE OF COMPUTER PRINTERS,70981,EDUCATION N.E.C,20821900,MAFA,05010323000200,Education sector coordination mechanisms
"Purchase Of 1No of Sharp Max M200D Printer for The Ministry of Education,science,Technology and innovation.",0.0,2249000.0,2249000.0,0.0,10000000.0,0.0,0.0,218,0.46078,0.47876,051700100100,"MINISTRY OF EDUCATION, SCIENCE, TECHNOLOGY AND INNOVATION",23010115,PURCHASE OF PHOTOCOPYING MACHINES,70981,EDUCATION N.E.C,20822100,MAIDUGURI METRO,05010323000300,Education sector coordination mechanisms
"Purchase Of 4No of Scanjet Pro 2000 Within for The Ministry of Education,science,Technology and innovation.",35000000.0,2121000.0,2121000.0,0.0,0.0,0.0,0.0,218,0.46814,0.48611,051700100100,"MINISTRY OF EDUCATION, SCIENCE, TECHNOLOGY AND INNOVATION",23010118,PURCHASE OF SCANNERS,70981,EDUCATION N.E.C,20822100,MAIDUGURI METRO,05010323000400,Education sector coordination mechanisms
"Purchase Of Various Cooking Materials Across The 27 L.G.As for The Ministry of Education,science,Technology and innovation.",6510000.0,5250000.0,5250000.0,0.0,150000000.0,0.0,0.0,218,0.47631,0.49428,051700100100,"MINISTRY OF EDUCATION, SCIENCE, TECHNOLOGY AND INNOVATION",23010120,PURCHASE OFCANTEEN / KITCHEN EQUIPMENT,70981,EDUCATION N.E.C,20842800,State wide,05010323000100,Education sector coordination mechanisms
Purchase Of 10No set of Various Teaching And Learning Equipment Across The Various Schools In mmc,1266121697.82,148657000.0,148657000.0,0.0,1000000000.0,0.0,0.0,218,0.48448,0.50245,051700100100,"MINISTRY OF EDUCATION, SCIENCE, TECHNOLOGY AND INNOVATION",23010124,PURCHASE OF TEACHING / LEARNING AID EQUIPMENT,70981,EDUCATION N.E.C,20822100,MAIDUGURI METRO,05010323000100,Education sector coordination mechanisms
Purchase Of Library Books & Equipment Across The 27 L.G.As,5490885426.04,11135000.0,11135000.0,0.0,200000000.0,0.0,0.0,218,0.49265,0.51062,051700100100,"MINISTRY OF EDUCATION, SCIENCE, TECHNOLOGY AND INNOVATION",23010125,PURCHASE OF LIBRARY BOOKS & EQUIPMENT,70981,EDUCATION N.E.C,20842800,State wide,05010322000100,Education sector coordination mechanisms
Purchase Of Various Sporting Equipment Across The 27 L.G.As,0.0,30838000.0,30838000.0,0.0,0.0,0.0,0.0,218,0.50082,0.51879,051700100100,"MINISTRY OF EDUCATION, SCIENCE, TECHNOLOGY AND INNOVATION",23010126,PURCHASE OF SPORTING / GAMING EQUIPMENT,70981,EDUCATION N.E.C,20842800,State wide,05010322000100,Education sector coordination mechanisms
Purchase Of Recreational Facilities Across The 27 L.G.As,0.0,10605000.0,10605000.0,0.0,20000000.0,0.0,0.0,218,0.50899,0.52696,051700100100,"MINISTRY OF EDUCATION, SCIENCE, TECHNOLOGY AND INNOVATION",23010130,PURCHASE OF RECREATIONAL FACILITIES,70981,EDUCATION N.E.C,20842800,State wide,05010322000200,Education sector coordination mechanisms
Purchase Of 25No set of Chairs And 35No set of Tables For Government Secondary Schools Across The 26 L.G.As Of The State excluding mafa LGA,650900700.0,205000000.0,205000000.0,0.0,1000000000.0,0.0,0.0,218,0.51634,0.53431,051700100100,"MINISTRY OF EDUCATION, SCIENCE, TECHNOLOGY AND INNOVATION",23010140,"PURCHASE OF SCHOOL FURNITURE, FITTINGS & EQUIPMENT",70981,EDUCATION N.E.C,20822100,MAIDUGURI METRO,05010324000100,Education sector coordination mechanisms
Construction Of Office Building In Government Secondary Schools Across (3) Senatorial District Of The State,0.0,137783000.0,137783000.0,0.0,1200000000.0,0.0,0.0,218,0.52451,0.54248,051700100100,"MINISTRY OF EDUCATION, SCIENCE, TECHNOLOGY AND INNOVATION",23020101,CONSTRUCTION / PROVISION OF OFFICE BUILDINGS,70611,HOUSING DEVELOPMENT,20822100,MAIDUGURI METRO,05010324000100,Education sector coordination mechanisms
Construction of Residential Quarters In Dikwa LGA,4290000.0,850000000.0,850000000.0,0.0,85000000.0,0.0,0.0,218,0.53268,0.55065,051700100100,"MINISTRY OF EDUCATION, SCIENCE, TECHNOLOGY AND INNOVATION",23020102,CONSTRUCTION / PROVISION OF RESIDENTIAL BUILDINGS,70621,COMMUNITY DEVELOPMENT,20820800,DIKWA,05010324000100,Education sector coordination mechanisms
Construction of Mega Public Secondary Schools Monguno LGA,0.0,1500000000.0,1500000000.0,17543503038.04,4000000000.0,0.0,0.0,218,0.54085,0.55882,051700100100,"MINISTRY OF EDUCATION, SCIENCE, TECHNOLOGY AND INNOVATION",23020107,CONSTRUCTION / PROVISION OF PUBLIC SCHOOLS,70981,EDUCATION N.E.C,20812400,MONGUNO,05010323000100,Education sector coordination mechanisms
Provision Of books to 1No of Library In each 3 Senatorial District Of The State,0.0,42420000.0,42420000.0,0.0,600000000.0,0.0,0.0,218,0.54902,0.56699,051700100100,"MINISTRY OF EDUCATION, SCIENCE, TECHNOLOGY AND INNOVATION",23020111,CONSTRUCTION / PROVISION OF LIBRARIES,70981,EDUCATION N.E.C,20822100,MAIDUGURI METRO,05010323000100,Education sector coordination mechanisms
Provision Of Sporting And Gaming Equipment For Schools Within Borno Central,0.0,16537000.0,16537000.0,0.0,100000000.0,0.0,0.0,218,0.55719,0.57516,051700100100,"MINISTRY OF EDUCATION, SCIENCE, TECHNOLOGY AND INNOVATION",23020112,CONSTRUCTION / PROVISION OF SPORTING FACILITIES,70981,EDUCATION N.E.C,20822100,MAIDUGURI METRO,05010323000500,Education sector coordination mechanisms
Provision of multi-purpose hall in NGANZAI LGA,33642800.0,800000000.0,800000000.0,0.0,1000000000.0,0.0,0.0,218,0.56536,0.58333,051700100100,"MINISTRY OF EDUCATION, SCIENCE, TECHNOLOGY AND INNOVATION",23020118,CONSTRUCTION / PROVISION OF INFRASTRUCTURE,70981,EDUCATION N.E.C,20812600,NGANZAI,05010323000200,Education sector coordination mechanisms
Provisions Of Gaming and sporting Facilities across Schools in 26LGAs of the State excluding mmc,1351297749.72,32130000.0,32130000.0,0.0,11000000.0,0.0,0.0,218,0.57271,0.59069,051700100100,"MINISTRY OF EDUCATION, SCIENCE, TECHNOLOGY AND INNOVATION",23020119,CONSTRUCTION / PROVISION OF RECREATIONAL FACILITIES,70981,EDUCATION N.E.C,20842800,State wide,05010323000600,Education sector coordination mechanisms
Rehabilitation of 25No of Public Schools in 3 Senatorial District Of The State.,0.0,1000000000.0,1000000000.0,2131108871.57,11000000000.0,0.0,0.0,218,0.58088,0.59886,051700100100,"MINISTRY OF EDUCATION, SCIENCE, TECHNOLOGY AND INNOVATION",23030106,REHABILITATION / REPAIRS - PUBLIC SCHOOLS,70981,EDUCATION N.E.C,20822100,MAIDUGURI METRO,05010323000300,Education sector coordination mechanisms
Rehabilitation Of Office Buildings In Government Secondary Schools one each Across 3 Senatorial District Of The State,0.0,75000000.0,75000000.0,0.0,100000000.0,0.0,0.0,218,0.58905,0.60703,051700100100,"MINISTRY OF EDUCATION, SCIENCE, TECHNOLOGY AND INNOVATION",23030121,REHABILITATION / REPAIRS OF OFFICE BUILDINGS,70611,HOUSING DEVELOPMENT,20822100,MAIDUGURI METRO,05010323000400,Education sector coordination mechanisms
Repairs Of ICT Facilities In Government Secondary Schools In Jere and Maiduguri.,0.0,126000000.0,126000000.0,0.0,200000000.0,0.0,0.0,218,0.59722,0.6152,051700100100,"MINISTRY OF EDUCATION, SCIENCE, TECHNOLOGY AND INNOVATION",23030127,REHABILITATION/REPAIRS- ICT INFRASTRUCTURES,70981,EDUCATION N.E.C,20822100,MAIDUGURI METRO,05010323000100,Education sector coordination mechanisms
Planting Of Trees In Schools In Central And Northern Borno,0.0,21000000.0,21000000.0,0.0,12000000.0,12000000.0,0.0,218,0.60539,0.62337,051700100100,"MINISTRY OF EDUCATION, SCIENCE, TECHNOLOGY AND INNOVATION",23040101,TREE PLANTING,70981,EDUCATION N.E.C,20822100,MAIDUGURI METRO,05010323000500,Education sector coordination mechanisms
Research And Development is carried out to improve quality control and to provide effective service delivery in High shools across the state.,0.0,32130000.0,32130000.0,19400000.0,50000000.0,0.0,0.0,218,0.61356,0.63154,051700100100,"MINISTRY OF EDUCATION, SCIENCE, TECHNOLOGY AND INNOVATION",23050101,RESEARCH AND DEVELOPMENT,70981,EDUCATION N.E.C,20842800,State wide,05010323000100,Education sector coordination mechanisms
Monitoring And Evaluation 3 Senatorial District Of The State,0.0,182130000.0,182130000.0,22025314.92,180000000.0,0.0,0.0,218,0.62092,0.63889,051700100100,"MINISTRY OF EDUCATION, SCIENCE, TECHNOLOGY AND INNOVATION",23050103,MONITORING AND EVALUATION,70981,EDUCATION N.E.C,20822100,MAIDUGURI METRO,05010323000700,Education sector coordination mechanisms
"Acquisition educational softwares to improve learning in schools in Maiduguri for The Ministry of Education,science,Technology and innovation.",0.0,14847000.0,14847000.0,0.0,14900000.0,0.0,0.0,218,0.62908,0.64706,051700100100,"MINISTRY OF EDUCATION, SCIENCE, TECHNOLOGY AND INNOVATION",23050102,COMPUTER SOFTWARE ACQUISITION,70981,EDUCATION N.E.C,20822100,MAIDUGURI METRO,05010323000100,Education sector coordination mechanisms
"Provision Of Scholarship To National And International Students for The Ministry of Education,science,Technology and innovation.",0.0,2600000000.0,2600000000.0,2600000000.0,1000000000.0,0.0,0.0,218,0.63725,0.65523,051700100100,"MINISTRY OF EDUCATION, SCIENCE, TECHNOLOGY AND INNOVATION",23050130,HUMAN CAPITAL DEVELOPMENT,70981,EDUCATION N.E.C,20822100,MAIDUGURI METRO,05010323000200,Education sector coordination mechanisms
"NUT.1.SBPs within mmc and jere schools for ministry of education,science, technology and innovation.",0.0,22050000.0,22050000.0,0.0,20000000.0,0.0,0.0,218,0.64542,0.6634,051700100100,"MINISTRY OF EDUCATION, SCIENCE, TECHNOLOGY AND INNOVATION",23010124,PURCHASE OF TEACHING / LEARNING AID EQUIPMENT,70981,EDUCATION N.E.C,20821300,JERE,05010324000100,Education sector coordination mechanisms
construction of ICT Facilities In Government Secondary Schools In Jere and Maiduguri.,0.0,164260000.0,164260000.0,22546978.76,800000000.0,0.0,0.0,218,0.65359,0.67157,051700100100,"MINISTRY OF EDUCATION, SCIENCE, TECHNOLOGY AND INNOVATION",23020127,CONSTRUCTION OF ICT INFRASTRUCTURES,70981,EDUCATION N.E.C,20821300,JERE,05010325000100,Education sector coordination mechanisms
Construction of Residential Quarters In BIU LGA,0.0,350000000.0,350000000.0,0.0,0.0,0.0,0.0,218,0.66176,0.67974,051700100100,"MINISTRY OF EDUCATION, SCIENCE, TECHNOLOGY AND INNOVATION",23020102,CONSTRUCTION / PROVISION OF RESIDENTIAL BUILDINGS,70611,HOUSING DEVELOPMENT,20830500,BIU,05010324000100,Education sector coordination mechanisms
Construction of Residential Quarters In KAGA LGA,0.0,300000000.0,300000000.0,0.0,0.0,0.0,0.0,218,0.66912,0.68709,051700100100,"MINISTRY OF EDUCATION, SCIENCE, TECHNOLOGY AND INNOVATION",23020102,CONSTRUCTION / PROVISION OF RESIDENTIAL BUILDINGS,70611,HOUSING DEVELOPMENT,20811400,KAGA,05010324000100,Education sector coordination mechanisms
Construction of Mega Public Secondary Schools Mafa LGA,0.0,2000000000.0,2000000000.0,2000000000.0,4000000000.0,0.0,0.0,218,0.67729,0.69526,051700100100,"MINISTRY OF EDUCATION, SCIENCE, TECHNOLOGY AND INNOVATION",23020107,CONSTRUCTION / PROVISION OF PUBLIC SCHOOLS,70981,EDUCATION N.E.C,20821900,MAFA,05010323000100,Education sector coordination mechanisms
Construction of Mega Public Secondary Schools Konduga LGA,0.0,2000000000.0,2000000000.0,2000000000.0,5000000000.0,0.0,0.0,218,0.68546,0.70343,051700100100,"MINISTRY OF EDUCATION, SCIENCE, TECHNOLOGY AND INNOVATION",23020107,CONSTRUCTION / PROVISION OF PUBLIC SCHOOLS,70981,EDUCATION N.E.C,20821600,KONDUGA,05010323000100,Education sector coordination mechanisms
Construction of Mega Public Secondary Schools Gubio LGA,0.0,1923685000.0,1923685000.0,1900000000.0,5000000000.0,0.0,0.0,218,0.69363,0.7116,051700100100,"MINISTRY OF EDUCATION, SCIENCE, TECHNOLOGY AND INNOVATION",23020107,CONSTRUCTION / PROVISION OF PUBLIC SCHOOLS,70981,EDUCATION N.E.C,20810900,GUBIO,05010323000100,Education sector coordination mechanisms
construction of teachers quaters in Marte LGA,0.0,700000000.0,700000000.0,58508213.66,1000000000.0,0.0,0.0,218,0.7018,0.71977,051700100100,"MINISTRY OF EDUCATION, SCIENCE, TECHNOLOGY AND INNOVATION",23020118,CONSTRUCTION / PROVISION OF INFRASTRUCTURE,70621,COMMUNITY DEVELOPMENT,20812200,MARTE,05010323000200,Education sector coordination mechanisms
construction of teachers quaters in bama LGA,0.0,500000000.0,500000000.0,0.0,1000000000.0,0.0,0.0,218,0.70997,0.72794,051700100100,"MINISTRY OF EDUCATION, SCIENCE, TECHNOLOGY AND INNOVATION",23020118,CONSTRUCTION / PROVISION OF INFRASTRUCTURE,70621,COMMUNITY DEVELOPMENT,20820300,BAMA,05010323000200,Education sector coordination mechanisms
Construction of 2 Mega Schools kukawa LGA,0.0,0.0,0.0,0.0,1000000000.0,0.0,0.0,218,0.71814,0.73611,051700100100,"MINISTRY OF EDUCATION, SCIENCE, TECHNOLOGY AND INNOVATION",23020118,CONSTRUCTION / PROVISION OF INFRASTRUCTURE,70981,EDUCATION N.E.C,20820300,BAMA,05010326000100,Education sector coordination mechanisms
Construction of 2 Mega Schools ngala LGA,0.0,0.0,0.0,0.0,3690400000.0,0.0,0.0,218,0.72549,0.74346,051700100100,"MINISTRY OF EDUCATION, SCIENCE, TECHNOLOGY AND INNOVATION",23020107,CONSTRUCTION / PROVISION OF PUBLIC SCHOOLS,70981,EDUCATION N.E.C,20820300,BAMA,05010326000200,Education sector coordination mechanisms
Construction of Mega Public Secondary Schools bayo LGA,0.0,0.0,0.0,0.0,5000000000.0,0.0,0.0,218,0.73366,0.75163,051700100100,"MINISTRY OF EDUCATION, SCIENCE, TECHNOLOGY AND INNOVATION",23020107,CONSTRUCTION / PROVISION OF PUBLIC SCHOOLS,70981,EDUCATION N.E.C,20820300,BAMA,05010326000300,Education sector coordination mechanisms
Construction of Mega Public Secondary Schools guzamala LGA,0.0,0.0,0.0,0.0,3000000000.0,0.0,0.0,218,0.74183,0.7598,051700100100,"MINISTRY OF EDUCATION, SCIENCE, TECHNOLOGY AND INNOVATION",23020107,CONSTRUCTION / PROVISION OF PUBLIC SCHOOLS,70981,EDUCATION N.E.C,20820300,BAMA,05010326000400,Education sector coordination mechanisms
Construction of Mega Public Secondary Schools shani LGA,0.0,0.0,0.0,0.0,3000000000.0,0.0,0.0,218,0.75,0.76797,051700100100,"MINISTRY OF EDUCATION, SCIENCE, TECHNOLOGY AND INNOVATION",23020107,CONSTRUCTION / PROVISION OF PUBLIC SCHOOLS,70981,EDUCATION N.E.C,20820300,BAMA,05010326000500,Education sector coordination mechanisms
Construction of Mega Public Secondary Schools hawul LGA,0.0,0.0,0.0,0.0,1000000000.0,0.0,0.0,218,0.75817,0.77614,051700100100,"MINISTRY OF EDUCATION, SCIENCE, TECHNOLOGY AND INNOVATION",23020107,CONSTRUCTION / PROVISION OF PUBLIC SCHOOLS,70981,EDUCATION N.E.C,20820300,BAMA,05010326000600,Education sector coordination mechanisms
Construction of Mega Public Secondary Schools magumeri LGA,0.0,0.0,0.0,0.0,1000000000.0,0.0,0.0,218,0.76634,0.78431,051700100100,"MINISTRY OF EDUCATION, SCIENCE, TECHNOLOGY AND INNOVATION",23020107,CONSTRUCTION / PROVISION OF PUBLIC SCHOOLS,70981,EDUCATION N.E.C,20820300,BAMA,05010326000700,Education sector coordination mechanisms
"Capacity building for 1,000 teachers in mmc lga",0.0,0.0,0.0,0.0,1000000000.0,0.0,0.0,218,0.77369,0.79167,051700100100,"MINISTRY OF EDUCATION, SCIENCE, TECHNOLOGY AND INNOVATION",23050130,HUMAN CAPITAL DEVELOPMENT,70981,EDUCATION N.E.C,20820300,BAMA,05010326000800,Education sector coordination mechanisms
Capacity building for 500 teachers within jere lga,0.0,0.0,0.0,0.0,1000000000.0,0.0,0.0,218,0.78186,0.79984,051700100100,"MINISTRY OF EDUCATION, SCIENCE, TECHNOLOGY AND INNOVATION",23050130,HUMAN CAPITAL DEVELOPMENT,70981,EDUCATION N.E.C,20820300,BAMA,05010326000900,Education sector coordination mechanisms
NUT.1.Coordination.1.6.9 Conduct periodic monitoring of the school feeding programme in the state,0.0,0.0,0.0,0.0,100000000.0,0.0,100000000.0,218,0.79003,0.80801,051700100100,"MINISTRY OF EDUCATION, SCIENCE, TECHNOLOGY AND INNOVATION",23050103,MONITORING AND EVALUATION,70981,EDUCATION N.E.C,20821900,MAFA,05010326001000,Education sector coordination mechanisms
Purchase Of 200 Nos set of Office chairs and tables for the junior secondary schools within mmc and jere.,0.0,588350000.0,588350000.0,10000000.0,583350000.0,0.0,0.0,218,0.83007,0.84804,051700300100,BORNO STATE UNIVERSAL BASIC EDUCATION BOARD,23010112,PURCHASE OF OFFICE FURNITURE AND FITTINGS,70912,PRIMARY EDUCATION,20822100,MAIDUGURI METRO,05010424000300,Integrated supportive supervision
Purchase of 30 Nos HP 500G ROM Laptop Computers in each of the 27 LGAs on Educational Management information system and other offices,0.0,26407000.0,26407000.0,0.0,326407000.0,0.0,0.0,218,0.83824,0.85621,051700300100,BORNO STATE UNIVERSAL BASIC EDUCATION BOARD,23010113,PURCHASE OF COMPUTERS,70912,PRIMARY EDUCATION,20842800,State wide,05010424000400,Integrated supportive supervision
Purchase of 30 Nos HP Laser jet Computer Printers and HP scanners for 27 LGAs Educational Management Information System,0.0,5854000.0,5854000.0,0.0,50584000.0,0.0,0.0,218,0.84641,0.86438,051700300100,BORNO STATE UNIVERSAL BASIC EDUCATION BOARD,23010114,PURCHASE OF COMPUTER PRINTERS,70912,PRIMARY EDUCATION,20842800,State wide,05010424000500,Integrated supportive supervision
Purchase Of 10Nos Sharp Photocopying Machines for bayo LGAs educational management information system,0.0,5749000.0,5749000.0,0.0,10749000.0,0.0,0.0,218,0.85458,0.87255,051700300100,BORNO STATE UNIVERSAL BASIC EDUCATION BOARD,23010115,PURCHASE OF PHOTOCOPYING MACHINES,70912,PRIMARY EDUCATION,20842800,State wide,05010424000600,Integrated supportive supervision
Purchase Of 7 Nos HP Scanners for 7 LGAs EMIS and other offices in hawul,3893600.0,6851000.0,6851000.0,0.0,6851000.0,0.0,0.0,218,0.86275,0.88072,051700300100,BORNO STATE UNIVERSAL BASIC EDUCATION BOARD,23010118,PURCHASE OF SCANNERS,70912,PRIMARY EDUCATION,20842800,State wide,05010424000700,Integrated supportive supervision
Purchase of 20 nos of white boards and audio-visual aids across the 27 LGA in state,0.0,462500000.0,462500000.0,0.0,762500000.0,0.0,0.0,218,0.87092,0.88889,051700300100,BORNO STATE UNIVERSAL BASIC EDUCATION BOARD,23010124,PURCHASE OF TEACHING / LEARNING AID EQUIPMENT,70912,PRIMARY EDUCATION,20842800,State wide,05010424000800,Integrated supportive supervision
Purchase of E-Library kits and Equipment to various JUNIOR SECONDARY school across the state,0.0,95484000.0,95484000.0,39028410.0,95484000.0,0.0,0.0,218,0.87827,0.89624,051700300100,BORNO STATE UNIVERSAL BASIC EDUCATION BOARD,23010125,PURCHASE OF LIBRARY BOOKS & EQUIPMENT,70912,PRIMARY EDUCATION,20842800,State wide,05010424000900,Integrated supportive supervision
Purchase Of Sporting kits and other game equipment in junior secondary schools across the state,0.0,10762000.0,10762000.0,0.0,120762000.0,0.0,0.0,218,0.88644,0.90441,051700300100,BORNO STATE UNIVERSAL BASIC EDUCATION BOARD,23010126,PURCHASE OF SPORTING / GAMING EQUIPMENT,70912,PRIMARY EDUCATION,20842800,State wide,05010424001000,Integrated supportive supervision
Purchase of Recreational Facilities to 50 selected schools across the state,0.0,16012000.0,16012000.0,0.0,16012000.0,0.0,0.0,218,0.89461,0.91258,051700300100,BORNO STATE UNIVERSAL BASIC EDUCATION BOARD,23010130,PURCHASE OF RECREATIONAL FACILITIES,70912,PRIMARY EDUCATION,20842800,State wide,05010424001100,Integrated supportive supervision
Purchase of 100 two-seater pupils Furniture and teachers tables to JUNIOR SECONDARY schools across the state,0.0,1155016000.0,1155016000.0,265563105.0,1155016000.0,0.0,0.0,218,0.90278,0.92075,051700300100,BORNO STATE UNIVERSAL BASIC EDUCATION BOARD,23010140,"PURCHASE OF SCHOOL FURNITURE, FITTINGS & EQUIPMENT",70912,PRIMARY EDUCATION,20842800,State wide,05010424001200,Integrated supportive supervision
Provision of 2 NOS Water and sanitation facilities to 30 selected schools across the state,0.0,165125000.0,165125000.0,77664788.07,165125000.0,0.0,0.0,219,0.09069,0.10866,051700300100,BORNO STATE UNIVERSAL BASIC EDUCATION BOARD,23020105,CONSTRUCTION / PROVISION OF WATER FACILITIES,70631,WATER SUPPLY,20842800,State wide,05010424001300,Integrated supportive supervision
Construction of 10 NOS blocks of classrooms storey in Gwoza LGA,0.0,1315260000.0,1315260000.0,1483000339.95,1132762000.0,0.0,0.0,219,0.09886,0.11683,051700300100,BORNO STATE UNIVERSAL BASIC EDUCATION BOARD,23020107,CONSTRUCTION / PROVISION OF PUBLIC SCHOOLS,70611,HOUSING DEVELOPMENT,20831100,GWOZA,05010423000300,Integrated supportive supervision
Construction of Libraries to selected JUNIOR SECONDARY schools across 3 senetorial zone in the state,0.0,132050000.0,132050000.0,0.0,132050000.0,0.0,0.0,219,0.10621,0.12418,051700300100,BORNO STATE UNIVERSAL BASIC EDUCATION BOARD,23020111,CONSTRUCTION / PROVISION OF LIBRARIES,70912,PRIMARY EDUCATION,20842800,State wide,05010423000400,Integrated supportive supervision
"Provision of Lawn tennis, badmington, voleyball etc to selected schools across the state",0.0,171150000.0,171150000.0,0.0,171150000.0,0.0,0.0,219,0.11438,0.13235,051700300100,BORNO STATE UNIVERSAL BASIC EDUCATION BOARD,23020112,CONSTRUCTION / PROVISION OF SPORTING FACILITIES,70912,PRIMARY EDUCATION,20842800,State wide,05010423000500,Integrated supportive supervision
Provision of poultry kits and other farm tools for schools across the state,103600.0,66675000.0,66675000.0,0.0,126675000.0,0.0,0.0,219,0.12255,0.14052,051700300100,BORNO STATE UNIVERSAL BASIC EDUCATION BOARD,23020113,CONSTRUCTION / PROVISION OF AGRICULTURAL FACILITIES,70421,AGRICULTURE,20842800,State wide,05010424001400,Integrated supportive supervision
Construction of 15-blocks of 30 classroom to junior secondary school within mmc,0.0,2364185000.0,2364185000.0,108264544.14,2364185000.0,0.0,0.0,219,0.13072,0.14869,051700300100,BORNO STATE UNIVERSAL BASIC EDUCATION BOARD,23020118,CONSTRUCTION / PROVISION OF INFRASTRUCTURE,70611,HOUSING DEVELOPMENT,20842800,State wide,05010423000600,Integrated supportive supervision
Construction of Ict OFFICE IN 9 LGA in 3 in each of the 3 senatorial zones,0.0,32340000.0,32340000.0,0.0,132340000.0,0.0,0.0,219,0.13889,0.15686,051700300100,BORNO STATE UNIVERSAL BASIC EDUCATION BOARD,23020127,CONSTRUCTION OF ICT INFRASTRUCTURES,70912,PRIMARY EDUCATION,20842800,State wide,05010423000700,Integrated supportive supervision
Renovation of blocks of classroom and staff quarters in ASKIRA UBA LGA,0.0,1404510000.0,1404510000.0,616384572.39,1804510000.0,0.0,0.0,219,0.14706,0.16503,051700300100,BORNO STATE UNIVERSAL BASIC EDUCATION BOARD,23030106,REHABILITATION / REPAIRS - PUBLIC SCHOOLS,70611,HOUSING DEVELOPMENT,20830200,ASKIRA UBA,05010423000800,Integrated supportive supervision
Routine monitoring of schools projects in MMC LGA,0.0,95150000.0,95150000.0,48242285.0,195150000.0,0.0,0.0,219,0.15523,0.1732,051700300100,BORNO STATE UNIVERSAL BASIC EDUCATION BOARD,23050103,MONITORING AND EVALUATION,70912,PRIMARY EDUCATION,20822100,MAIDUGURI METRO,05010423000900,Integrated supportive supervision
"Capacity building for 1,500 teachers in Bama lga",0.0,250050000.0,250050000.0,30354576.97,1250050000.0,0.0,0.0,219,0.16258,0.18056,051700300100,BORNO STATE UNIVERSAL BASIC EDUCATION BOARD,23050130,HUMAN CAPITAL DEVELOPMENT,70912,PRIMARY EDUCATION,20842800,State wide,05010423001000,Integrated supportive supervision
Construction of 14 blocks of classrooms storey IN ABADAM LGA,0.0,1315260000.0,1315260000.0,0.0,1132762000.0,0.0,0.0,219,0.17075,0.18873,051700300100,BORNO STATE UNIVERSAL BASIC EDUCATION BOARD,23020107,CONSTRUCTION / PROVISION OF PUBLIC SCHOOLS,70912,PRIMARY EDUCATION,20810100,ABADAM,05010423000300,Integrated supportive supervision
Construction of 14 blocks of classrooms storey IN MAFA LGA,0.0,1315260000.0,1315260000.0,0.0,1132762000.0,0.0,0.0,219,0.17892,0.1969,051700300100,BORNO STATE UNIVERSAL BASIC EDUCATION BOARD,23020107,CONSTRUCTION / PROVISION OF PUBLIC SCHOOLS,70912,PRIMARY EDUCATION,20821900,MAFA,05010423000300,Integrated supportive supervision
Construction of 14 blocks of classrooms storey IN mobar LGA,0.0,0.0,0.0,0.0,1132764000.0,0.0,0.0,219,0.18709,0.20507,051700300100,BORNO STATE UNIVERSAL BASIC EDUCATION BOARD,23020107,CONSTRUCTION / PROVISION OF PUBLIC SCHOOLS,70912,PRIMARY EDUCATION,20821900,MAFA,05010426000100,Integrated supportive supervision
"Construction of 10 blocks of 2 classrooms with office, store and toilet for special need children across the state",0.0,0.0,0.0,0.0,433167000.0,0.0,0.0,219,0.19526,0.21324,051700300100,BORNO STATE UNIVERSAL BASIC EDUCATION BOARD,23050130,HUMAN CAPITAL DEVELOPMENT,70912,PRIMARY EDUCATION,20842800,State wide,05010426000400,Integrated supportive supervision
"Rebuilding classrooms destroyed by insurgency (2,246 reported)",0.0,0.0,0.0,0.0,695490000.0,0.0,0.0,219,0.20343,0.22141,051700300100,BORNO STATE UNIVERSAL BASIC EDUCATION BOARD,23030106,REHABILITATION / REPAIRS - PUBLIC SCHOOLS,70912,PRIMARY EDUCATION,20842800,State wide,05010426000500,Integrated supportive supervision
"Provision of Toilets, water points, and handwashing stations in public schools",0.0,0.0,0.0,0.0,434875000.0,0.0,0.0,219,0.21078,0.22876,051700300100,BORNO STATE UNIVERSAL BASIC EDUCATION BOARD,23020105,CONSTRUCTION / PROVISION OF WATER FACILITIES,70912,PRIMARY EDUCATION,20842800,State wide,05010426000600,Integrated supportive supervision
"Purchase of Tablets, laptops, and projectors for schools replicating UBEC Smart Model",0.0,0.0,0.0,0.0,123593000.0,0.0,0.0,219,0.21895,0.23693,051700300100,BORNO STATE UNIVERSAL BASIC EDUCATION BOARD,23010113,PURCHASE OF COMPUTERS,70912,PRIMARY EDUCATION,20842800,State wide,05010426000700,Integrated supportive supervision
"Purchase of Textbooks, learner guides, teaching aids",0.0,0.0,0.0,0.0,87500000.0,0.0,0.0,219,0.22712,0.2451,051700300100,BORNO STATE UNIVERSAL BASIC EDUCATION BOARD,23010124,PURCHASE OF TEACHING / LEARNING AID EQUIPMENT,70912,PRIMARY EDUCATION,20842800,State wide,05010426000800,Integrated supportive supervision
Purchase Of Library 30 Nos of chairs and reading tables for Borno State Library Board,0.0,5000000.0,5000000.0,5000000.0,5000000.0,0.0,0.0,219,0.26716,0.28513,051700800100,BORNO STATE LIBRARY BOARD,23010112,PURCHASE OF OFFICE FURNITURE AND FITTINGS,70971,R & D EDUCATION,20842800,State wide,05010424001500,Integrated supportive supervision
Purchase Of 100 Library Books for Borno State Library Board.,0.0,5000000.0,5000000.0,5000000.0,15000000.0,0.0,0.0,219,0.27533,0.2933,051700800100,BORNO STATE LIBRARY BOARD,23010125,PURCHASE OF LIBRARY BOOKS & EQUIPMENT,70971,R & D EDUCATION,20822100,MAIDUGURI METRO,05010423001100,Integrated supportive supervision
"Rehabilitation Of Administration Office At Headquarters Maiduguri, Repair Of Monguno, Gwoza, Kondug",0.0,10000000.0,10000000.0,10000000.0,10000000.0,0.0,0.0,219,0.2835,0.30147,051700800100,BORNO STATE LIBRARY BOARD,23030110,REHABILITATION / REPAIRS - LIBRARIES70611 - HOUSING DEVELOPMENT,,a and Biu Branch Libraries.,20822100,MAIDUGURI METRO,05010423001200,Integrated supportive supervision
Purchase Of Office 20 table and chairs for the Borno State Agency for Mass Literacy.,0.0,8000000.0,8000000.0,5000000.0,210000000.0,0.0,0.0,219,0.32353,0.3415,051701000100,BORNO STATE AGENCY FOR MASS LITERACY,23010112,PURCHASE OF OFFICE FURNITURE AND FITTINGS,70951,EDUCATION NOT DEFINABLE BY LEVEL,20822100,MAIDUGURI METRO,05010324001600,Education sector coordination mechanisms
Purchase Of 2 Nos. HP Laptop 15 - Intel Pentium for the Borno State Agency for Mass Literacy.,0.0,4000000.0,4000000.0,0.0,2000000.0,0.0,0.0,219,0.3317,0.34967,051701000100,BORNO STATE AGENCY FOR MASS LITERACY,23010113,PURCHASE OF COMPUTERS,70951,EDUCATION NOT DEFINABLE BY LEVEL,20822100,MAIDUGURI METRO,05010324001700,Education sector coordination mechanisms
Purchase Of 4 Nos. HP Hp Smart Tank 516 printer for Borno State Agency for Mass Literacy.,0.0,4000000.0,4000000.0,0.0,3000000.0,0.0,0.0,219,0.33987,0.35784,051701000100,BORNO STATE AGENCY FOR MASS LITERACY,23010114,PURCHASE OF COMPUTER PRINTERS,70951,EDUCATION NOT DEFINABLE BY LEVEL,20822100,MAIDUGURI METRO,05010324001800,Education sector coordination mechanisms
Purchase Of 3 NOS OF Sharp MX B200 Black & White Printer/Photocopier for the Borno State Agency for Mass Literacy.,0.0,2000000.0,2000000.0,0.0,3000000.0,0.0,0.0,219,0.34804,0.36601,051701000100,BORNO STATE AGENCY FOR MASS LITERACY,23010115,PURCHASE OF PHOTOCOPYING MACHINES,70951,EDUCATION NOT DEFINABLE BY LEVEL,20822100,MAIDUGURI METRO,05010324001900,Education sector coordination mechanisms
Purchase Of canteen equipment for the Borno State Agency for Mass Literacy.,0.0,1000000.0,1000000.0,0.0,1000000.0,0.0,0.0,219,0.35621,0.37418,051701000100,BORNO STATE AGENCY FOR MASS LITERACY,23010120,PURCHASE OFCANTEEN / KITCHEN EQUIPMENT,70951,EDUCATION NOT DEFINABLE BY LEVEL,20822100,MAIDUGURI METRO,05010324002000,Education sector coordination mechanisms
Purchase Of Teaching and Learning Aid Equipment for the Borno State Agency for Mass Literacy.,0.0,4000000.0,4000000.0,0.0,108000000.0,0.0,0.0,219,0.36356,0.38154,051701000100,BORNO STATE AGENCY FOR MASS LITERACY,23010124,PURCHASE OF TEACHING / LEARNING AID EQUIPMENT,70951,EDUCATION NOT DEFINABLE BY LEVEL,20822100,MAIDUGURI METRO,05010324002100,Education sector coordination mechanisms
Purchase Of 30 nos of Library Books for the Borno State Agency for Mass Literacy.,0.0,3000000.0,3000000.0,0.0,23000000.0,0.0,0.0,219,0.37173,0.38971,051701000100,BORNO STATE AGENCY FOR MASS LITERACY,23010125,PURCHASE OF LIBRARY BOOKS & EQUIPMENT,70951,EDUCATION NOT DEFINABLE BY LEVEL,20822100,MAIDUGURI METRO,05010324002200,Education sector coordination mechanisms
Purchase Of 5No of Chairs And 5No of Tables for the Borno State Agency for Mass Literacy.,0.0,4000000.0,4000000.0,0.0,51000000.0,0.0,0.0,219,0.3799,0.39788,051701000100,BORNO STATE AGENCY FOR MASS LITERACY,23010140,"PURCHASE OF SCHOOL FURNITURE, FITTINGS & EQUIPMENT",70951,EDUCATION NOT DEFINABLE BY LEVEL,20822100,MAIDUGURI METRO,05010324002300,Education sector coordination mechanisms
"Provision Of Water Overhead tanks, piping, and Drilling of Boreholes at the Borno State Agency for Mass Literacy.",0.0,2000000.0,2000000.0,0.0,0.0,0.0,0.0,219,0.38807,0.40605,051701000100,BORNO STATE AGENCY FOR MASS LITERACY,23020105,CONSTRUCTION / PROVISION OF WATER FACILITIES,70631,WATER SUPPLY,20822100,MAIDUGURI METRO,05010324002400,Education sector coordination mechanisms
Construction of 1 nos of New Class at The Borno State Agency for Mass Literacy.,0.0,2000000.0,2000000.0,0.0,3000000.0,0.0,0.0,219,0.39624,0.41422,051701000100,BORNO STATE AGENCY FOR MASS LITERACY,23020107,CONSTRUCTION / PROVISION OF PUBLIC SCHOOLS,70951,EDUCATION NOT DEFINABLE BY LEVEL,20822100,MAIDUGURI METRO,05010324002500,Education sector coordination mechanisms
Provision Of 4 nos new published Books at Borno State Agency for Mass Literacy.,0.0,2000000.0,2000000.0,0.0,2000000.0,0.0,0.0,219,0.40441,0.42239,051701000100,BORNO STATE AGENCY FOR MASS LITERACY,23020111,CONSTRUCTION / PROVISION OF LIBRARIES,70951,EDUCATION NOT DEFINABLE BY LEVEL,20822100,MAIDUGURI METRO,05010324002600,Education sector coordination mechanisms
Renovation of Classes At The Borno State Agency for Mass Literacy.,0.0,3000000.0,3000000.0,0.0,2000000.0,0.0,0.0,219,0.41258,0.43056,051701000100,BORNO STATE AGENCY FOR MASS LITERACY,23030106,REHABILITATION / REPAIRS - PUBLIC SCHOOLS,70951,EDUCATION NOT DEFINABLE BY LEVEL,20822100,MAIDUGURI METRO,05010324002700,Education sector coordination mechanisms
Rehabilitation of Offices at the Borno State Agency for Mass Literacy.,0.0,4000000.0,4000000.0,0.0,202000000.0,0.0,0.0,219,0.41993,0.43791,051701000100,BORNO STATE AGENCY FOR MASS LITERACY,23030121,REHABILITATION / REPAIRS OF OFFICE BUILDINGS,70611,HOUSING DEVELOPMENT,20822100,MAIDUGURI METRO,05010324002800,Education sector coordination mechanisms
Monitoring and supervision of libraries across the state,0.0,7000000.0,7000000.0,0.0,10000000.0,0.0,0.0,219,0.4281,0.44608,051701000100,BORNO STATE AGENCY FOR MASS LITERACY,23050103,MONITORING AND EVALUATION,70951,EDUCATION NOT DEFINABLE BY LEVEL,20842800,State wide,05010324002900,Education sector coordination mechanisms
Procurement Of 3Nos. Of Executive Tables And 3Nos. Of Executive Chairs To Daima Makinta Kururi School At Kaga And Ngowom School At Mafa Lga,0.0,1200000.0,1200000.0,0.0,1200000.0,0.0,0.0,219,0.46814,0.48611,051701100100,BORNO STATE NOMADIC EDUCATION BOARD,23010112,PURCHASE OF OFFICE FURNITURE AND FITTINGS,70912,PRIMARY EDUCATION,20822100,MAIDUGURI METRO,05010324003000,Education sector coordination mechanisms
Procurement Of 2No. Of Hp Laptop To Nomadic Education Board.,0.0,1200000.0,1200000.0,0.0,1200000.0,0.0,0.0,219,0.47631,0.49428,051701100100,BORNO STATE NOMADIC EDUCATION BOARD,23010113,PURCHASE OF COMPUTERS,70912,PRIMARY EDUCATION,20822100,MAIDUGURI METRO,05010324003100,Education sector coordination mechanisms
Procurement Of 1nos 5Kva Solar System Inverter To Nomadic Education Board.,0.0,1000000.0,1000000.0,0.0,1000000.0,0.0,0.0,219,0.48448,0.50245,051701100100,BORNO STATE NOMADIC EDUCATION BOARD,23010119,PURCHASE OF POWER GENERATING SET,70912,PRIMARY EDUCATION,20821900,MAFA,05010324003200,Education sector coordination mechanisms
Procurement Of 3Nos. Of Executive Tables And Excutive Chairs To The Teaching Service Board.,0.0,8000000.0,8000000.0,0.0,20000000.0,0.0,0.0,219,0.52451,0.54248,051705400100,BORNO STATE SECONDARY SCHOOLS EDUCATION BOARD,23010112,PURCHASE OF OFFICE FURNITURE AND FITTINGS,70922,UPPER-SECONDARY EDUCATION,20821300,JERE,05010324003500,Education sector coordination mechanisms
Procurement Of 27 Nos. Of Hp Laptops To The Teaching Service Board.,0.0,2000000.0,2000000.0,0.0,27000000.0,0.0,0.0,219,0.53268,0.55065,051705400100,BORNO STATE SECONDARY SCHOOLS EDUCATION BOARD,23010113,PURCHASE OF COMPUTERS,70922,UPPER-SECONDARY EDUCATION,20821300,JERE,05010324003600,Education sector coordination mechanisms
Procurement Of 5Nos. Of Hp Printers To The Teaching Service Board.,0.0,1000000.0,1000000.0,0.0,10000000.0,0.0,0.0,219,0.54085,0.55882,051705400100,BORNO STATE SECONDARY SCHOOLS EDUCATION BOARD,23010114,PURCHASE OF COMPUTER PRINTERS,70922,UPPER-SECONDARY EDUCATION,20821300,JERE,05010324003700,Education sector coordination mechanisms
Procurement Of 5Nos. Of Sharp Photocopying Machines To The Teaching Service Board.,0.0,1000000.0,1000000.0,0.0,10000000.0,0.0,0.0,219,0.54902,0.56699,051705400100,BORNO STATE SECONDARY SCHOOLS EDUCATION BOARD,23010115,PURCHASE OF PHOTOCOPYING MACHINES,70922,UPPER-SECONDARY EDUCATION,20821300,JERE,05010324003800,Education sector coordination mechanisms
Construction Of 1 nos of Office In The Teaching Service Board.,0.0,100000000.0,100000000.0,0.0,5000000.0,0.0,0.0,219,0.55719,0.57516,051705400100,BORNO STATE SECONDARY SCHOOLS EDUCATION BOARD,23020101,CONSTRUCTION / PROVISION OF OFFICE BUILDINGS,70611,HOUSING DEVELOPMENT,20821300,JERE,05010324003900,Education sector coordination mechanisms
Rehabilitation Of 3 block of Office In The Teaching Service Board.,0.0,70400000.0,70400000.0,0.0,25400000.0,0.0,0.0,219,0.56536,0.58333,051705400100,BORNO STATE SECONDARY SCHOOLS EDUCATION BOARD,23030121,REHABILITATION / REPAIRS OF OFFICE BUILDINGS,70611,HOUSING DEVELOPMENT,20821300,JERE,05010324004000,Education sector coordination mechanisms
Acquisition of Accounting and Budget Software In The Teaching Service Board.,0.0,10000000.0,10000000.0,0.0,33000000.0,0.0,0.0,219,0.57271,0.59069,051705400100,BORNO STATE SECONDARY SCHOOLS EDUCATION BOARD,23050102,COMPUTER SOFTWARE ACQUISITION,70922,UPPER-SECONDARY EDUCATION,20821300,JERE,05010324004100,Education sector coordination mechanisms
Monitoring And Supervision Of Teachers within the secondary schools,0.0,238000000.0,238000000.0,116336170.0,250000000.0,0.0,0.0,219,0.58088,0.59886,051705400100,BORNO STATE SECONDARY SCHOOLS EDUCATION BOARD,23050103,MONITORING AND EVALUATION,70922,UPPER-SECONDARY EDUCATION,20821300,JERE,05010324004200,Education sector coordination mechanisms
"Capacity Building and training, retraining of all teachers across the state",0.0,69600000.0,69600000.0,0.0,57600000.0,0.0,0.0,219,0.58905,0.60703,051705400100,BORNO STATE SECONDARY SCHOOLS EDUCATION BOARD,23050130,HUMAN CAPITAL DEVELOPMENT,70922,UPPER-SECONDARY EDUCATION,20842800,State wide,05010325000100,Education sector coordination mechanisms
Purchase Of 1 Nos. Of Hilux for The Executive Secretary/Chairman in Education Trust Fund.,0.0,150000000.0,150000000.0,92388000.0,100000000.0,0.0,0.0,219,0.62908,0.64706,051706500100,BORNO STATE EDUCATION TRUST FUND (ETF),23010105,PURCHASE OF MOTOR VEHICLES,70981,EDUCATION N.E.C,20821300,JERE,05010424004300,Integrated supportive supervision
Procurement Of 10 Nos. Of Executive Tables And Excutive Chairs and 50 nos normal chairs and tables To The Education Trust Fund.,7750660.0,20000000.0,20000000.0,607000.0,100000000.0,0.0,0.0,219,0.63725,0.65523,051706500100,BORNO STATE EDUCATION TRUST FUND (ETF),23010112,PURCHASE OF OFFICE FURNITURE AND FITTINGS,70981,EDUCATION N.E.C,20821300,JERE,05010424004400,Integrated supportive supervision
Procurement Of 200 Nos. Of Hp Laptops To The Education Trust Fund.,4756000.0,20000000.0,20000000.0,1200000.0,200000000.0,0.0,0.0,219,0.64542,0.6634,051706500100,BORNO STATE EDUCATION TRUST FUND (ETF),23010113,PURCHASE OF COMPUTERS,70981,EDUCATION N.E.C,20821300,JERE,05010424004500,Integrated supportive supervision
Procurement Of 10 Nos. Of Hp Printers To The Education Trust Fund.,0.0,2000000.0,2000000.0,173500.0,30000000.0,0.0,0.0,219,0.65359,0.67157,051706500100,BORNO STATE EDUCATION TRUST FUND (ETF),23010114,PURCHASE OF COMPUTER PRINTERS,70981,EDUCATION N.E.C,20821300,JERE,05010424004600,Integrated supportive supervision
Procurement Of 4 Nos. Of Sharp Photocopying Machines To The Education Trust Fund.,0.0,2000000.0,2000000.0,0.0,20000000.0,0.0,0.0,219,0.66176,0.67974,051706500100,BORNO STATE EDUCATION TRUST FUND (ETF),23010115,PURCHASE OF PHOTOCOPYING MACHINES,70981,EDUCATION N.E.C,20821300,JERE,05010424004700,Integrated supportive supervision
Procurement Of 2 Nos. Of Scanner To The Education Trust Fund.,0.0,2000000.0,2000000.0,0.0,2000000.0,0.0,0.0,219,0.66912,0.68709,051706500100,BORNO STATE EDUCATION TRUST FUND (ETF),23010118,PURCHASE OF SCANNERS,70981,EDUCATION N.E.C,20821300,JERE,05010424004800,Integrated supportive supervision
Purchase Of Teaching And Learning Aid Equipment With In Mmc & Jere LGAs.,52918962.5,120000000.0,120000000.0,39960120.0,100000000.0,0.0,0.0,219,0.67729,0.69526,051706500100,BORNO STATE EDUCATION TRUST FUND (ETF),23010124,PURCHASE OF TEACHING / LEARNING AID EQUIPMENT,70981,EDUCATION N.E.C,20842800,State wide,05010423001300,Integrated supportive supervision
Purchase Of 100 nos of Library Books Within Mmc & Jere LGAs.,0.0,40000000.0,40000000.0,24275500.0,50000000.0,0.0,0.0,219,0.68546,0.70343,051706500100,BORNO STATE EDUCATION TRUST FUND (ETF),23010125,PURCHASE OF LIBRARY BOOKS & EQUIPMENT,70981,EDUCATION N.E.C,20821300,JERE,05010423001400,Integrated supportive supervision
Purchase Of Sporting / Gaming Equipment for Education Trust Fund.,0.0,5000000.0,5000000.0,0.0,0.0,0.0,0.0,219,0.69363,0.7116,051706500100,BORNO STATE EDUCATION TRUST FUND (ETF),23010126,PURCHASE OF SPORTING / GAMING EQUIPMENT,70981,EDUCATION N.E.C,20821300,JERE,05010423001500,Integrated supportive supervision
Purchase Of 1 nos of CCTV Equipment for Education Trust Fund.,456500.0,10000000.0,10000000.0,0.0,10000000.0,0.0,0.0,219,0.7018,0.71977,051706500100,BORNO STATE EDUCATION TRUST FUND (ETF),23010128,PURCHASE OF SECURITY EQUIPMENT,70981,EDUCATION N.E.C,20821300,JERE,05010423001600,Integrated supportive supervision
Purchase Of 300 Nos of classroom desk Across State.,0.0,100000000.0,100000000.0,3691000.0,0.0,0.0,0.0,219,0.70997,0.72794,051706500100,BORNO STATE EDUCATION TRUST FUND (ETF),23010140,"PURCHASE OF SCHOOL FURNITURE, FITTINGS & EQUIPMENT",70981,EDUCATION N.E.C,20842800,State wide,05010424004900,Integrated supportive supervision
Construction Of 20 Nos. Of Staff Quarter Within Mmc & Jere LGAs.,0.0,215000000.0,40000000.0,13557000.0,639230000.0,0.0,0.0,219,0.71814,0.73611,051706500100,BORNO STATE EDUCATION TRUST FUND (ETF),23020101,CONSTRUCTION / PROVISION OF OFFICE BUILDINGS,70611,HOUSING DEVELOPMENT,20842800,State wide,05010423001800,Integrated supportive supervision
construction Of 5 Nos. Of Boreholes Within M.M.C & Jere LGAs.,30771000.0,50000000.0,215000000.0,12737456.0,50000000.0,0.0,0.0,219,0.72549,0.74346,051706500100,BORNO STATE EDUCATION TRUST FUND (ETF),23020105,CONSTRUCTION / PROVISION OF WATER FACILITIES,70631,WATER SUPPLY,20842800,State wide,05010424005000,Integrated supportive supervision
"Construction Of 3 Nos of blocks of class 1 Per Senatorial Zones for Education Trust Fund. Nganzai, Kala Balge and Hawul L.G.As",78548338.2,450000000.0,24268000.0,19250000.0,400000000.0,0.0,0.0,219,0.73366,0.75163,051706500100,BORNO STATE EDUCATION TRUST FUND (ETF),23020107,CONSTRUCTION / PROVISION OF PUBLIC SCHOOLS,70611,HOUSING DEVELOPMENT,20821300,JERE,05010424000200,Integrated supportive supervision
construction of 2 nos of office blocks in main office in Maiduguri,49709285.5,200000000.0,450000000.0,322329609.2,200000000.0,0.0,0.0,219,0.74183,0.7598,051706500100,BORNO STATE EDUCATION TRUST FUND (ETF),23020118,CONSTRUCTION / PROVISION OF INFRASTRUCTURE,70611,HOUSING DEVELOPMENT,20842800,State wide,05010424005100,Integrated supportive supervision
Rehabilitation Repairs Of 2 nos of Public Schools Within M.M.C & Jere LGAs.,0.0,200000000.0,200000000.0,159182981.0,200000000.0,0.0,0.0,219,0.75,0.76797,051706500100,BORNO STATE EDUCATION TRUST FUND (ETF),23030106,REHABILITATION / REPAIRS - PUBLIC SCHOOLS,70981,EDUCATION N.E.C,20842800,State wide,05010424005200,Integrated supportive supervision
Rehabilitation Repairs Of 2 nos of Libraries Within M.M.C & Jere LGAs.,50000000.0,100000000.0,200000000.0,24372328.58,100000000.0,0.0,0.0,219,0.75817,0.77614,051706500100,BORNO STATE EDUCATION TRUST FUND (ETF),23030110,REHABILITATION / REPAIRS - LIBRARIES,70981,EDUCATION N.E.C,20842800,State wide,05010424000100,Integrated supportive supervision
Tree Planting Campign Across Various Schools across The State.,3300000.0,30000000.0,100000000.0,0.0,50000000.0,0.0,0.0,219,0.76634,0.78431,051706500100,BORNO STATE EDUCATION TRUST FUND (ETF),23040101,TREE PLANTING,70981,EDUCATION N.E.C,20842800,State wide,05010424000100,Integrated supportive supervision
Research And Development for Education Trust Fund and Institution Based Research (IBR) main office,0.0,50000000.0,30000000.0,1898000.0,70000000.0,0.0,0.0,219,0.77369,0.79167,051706500100,BORNO STATE EDUCATION TRUST FUND (ETF),23050101,RESEARCH AND DEVELOPMENT,70981,EDUCATION N.E.C,20842800,State wide,05010424000100,Integrated supportive supervision
Provision of relevant Educational Software for Higher School of Learning in M.M.C and Jere,450000.0,50000000.0,50000000.0,8880467.88,30000000.0,0.0,0.0,219,0.78186,0.79984,051706500100,BORNO STATE EDUCATION TRUST FUND (ETF),23050102,COMPUTER SOFTWARE ACQUISITION,70981,EDUCATION N.E.C,20842800,State wide,05010424000200,Integrated supportive supervision
Evaluation and Monitoring of ongoing Projects in the State,0.0,30000000.0,50000000.0,31878700.0,140000000.0,0.0,0.0,219,0.79003,0.80801,051706500100,BORNO STATE EDUCATION TRUST FUND (ETF),23050103,MONITORING AND EVALUATION,70981,EDUCATION N.E.C,20842800,State wide,05010424000300,Integrated supportive supervision
Annual School Celebration to secondary school,89435999.0,20000000.0,43342000.0,43341825.0,20000000.0,0.0,0.0,219,0.7982,0.81618,051706500100,BORNO STATE EDUCATION TRUST FUND (ETF),23050104,ANNIVERSARIES/CELEBRATIONS,70981,EDUCATION N.E.C,20842800,State wide,05010424000400,Integrated supportive supervision
Capacity building for 200 Student Within M.M.C & Jere LGAs.,264731400.0,480000000.0,32390000.0,32390000.0,350000000.0,0.0,0.0,219,0.80637,0.82435,051706500100,BORNO STATE EDUCATION TRUST FUND (ETF),23050130,HUMAN CAPITAL DEVELOPMENT,70981,EDUCATION N.E.C,20842800,State wide,05010424000300,Integrated supportive supervision
Procurement of shares/trade commodity within mmc & jere lgas.,0.0,40000000.0,480000000.0,288402014.0,50000000.0,0.0,0.0,219,0.81454,0.83252,051706500100,BORNO STATE EDUCATION TRUST FUND (ETF),23010143,PURCHASE OF SHARES & INVESTMENTS GENERAL,70981,EDUCATION N.E.C,20821300,JERE,05010425000100,Integrated supportive supervision
Provision Of Libraries Within M.M.C & Jere LGAs.,0.0,20000000.0,40000000.0,0.0,30000000.0,0.0,0.0,219,0.8219,0.83987,051706500100,BORNO STATE EDUCATION TRUST FUND (ETF),23020111,CONSTRUCTION / PROVISION OF LIBRARIES,70981,EDUCATION N.E.C,20821300,JERE,05010425000200,Integrated supportive supervision
Construction of I bos of ICT Center for Education Trust Fund main office in Maiduguri,0.0,20000000.0,20000000.0,0.0,20000000.0,0.0,0.0,219,0.83007,0.84804,051706500100,BORNO STATE EDUCATION TRUST FUND (ETF),23020127,CONSTRUCTION OF ICT INFRASTRUCTURES,70981,EDUCATION N.E.C,20821300,JERE,05010425000300,Integrated supportive supervision
Repairs Of 5 Nos. Of Boreholes Within M.M.C LGAs.,0.0,20000000.0,20000000.0,0.0,20000000.0,0.0,0.0,219,0.83824,0.85621,051706500100,BORNO STATE EDUCATION TRUST FUND (ETF),23030104,REHABILITATION / REPAIRS - WATER FACILITIES,70631,WATER SUPPLY,20821300,JERE,05010425000400,Integrated supportive supervision
Repairs Of 6 Nos. Of Staff Quarter Within Mmc & Jere LGAs.,0.0,30000000.0,20000000.0,0.0,30000000.0,0.0,0.0,219,0.84641,0.86438,051706500100,BORNO STATE EDUCATION TRUST FUND (ETF),23030121,REHABILITATION / REPAIRS OF OFFICE BUILDINGS,70611,HOUSING DEVELOPMENT,20821300,JERE,05010425000500,Integrated supportive supervision
Rehabilitation/ Repair of (20)No of Solar panel P22-6 16 Kw - 20 Kw for Education Trust Fund main office in Maiduguri,0.0,5000000.0,30000000.0,0.0,5000000.0,0.0,0.0,219,0.85458,0.87255,051706500100,BORNO STATE EDUCATION TRUST FUND (ETF),23030125,REHABILITATION/REPAIRS- POWER GENERATING PLANTS,70981,EDUCATION N.E.C,20821300,JERE,05010425000600,Integrated supportive supervision
Repairs of ICT Center within the higher schools center in jere,0.0,5000000.0,5000000.0,0.0,5000000.0,0.0,0.0,219,0.86275,0.88072,051706500100,BORNO STATE EDUCATION TRUST FUND (ETF),23030127,REHABILITATION/REPAIRS- ICT INFRASTRUCTURES,70981,EDUCATION N.E.C,20821300,JERE,05010425000700,Integrated supportive supervision
Repairs Of Infrastructure for Education Trust Fund main office in Maiduguri,0.0,10000000.0,5000000.0,0.0,10000000.0,0.0,0.0,219,0.87092,0.88889,051706500100,BORNO STATE EDUCATION TRUST FUND (ETF),23030128,REHABILITATION/REPAIRS OF INFRASTRUCTURES,70981,EDUCATION N.E.C,20821300,JERE,05010425000800,Integrated supportive supervision
Repairs Of 5 Nos. Of Boreholes Within Jere LGAs.,0.0,0.0,10000000.0,0.0,15000000.0,0.0,0.0,219,0.87827,0.89624,051706500100,BORNO STATE EDUCATION TRUST FUND (ETF),23040106,CLIMATE CHANGE MANAGEMENT & CONTROL,70981,EDUCATION N.E.C,20821300,JERE,05010426000200,Integrated supportive supervision
Repairs Of 10 Nos. Of Staff Quarter Within Mmc & Jere LGAs.,0.0,0.0,0.0,0.0,90000000.0,0.0,0.0,219,0.88644,0.90441,051706500100,BORNO STATE EDUCATION TRUST FUND (ETF),23020103,CONSTRUCTION / PROVISION OF ELECTRICITY,70435,ELECTRICITY,20821300,JERE,05010426000300,Integrated supportive supervision
Procurement Of 5Nos. Of Executive Tables for Borno State Arabic and Sangaya Education Board.,0.0,4600000.0,4600000.0,950000.0,5200000.0,0.0,0.0,220,0.10621,0.12418,051706600100,BORNO STATE ARABIC AND SANGAYA EDUCATION BOARD (BOSASEB),23010112,PURCHASE OF OFFICE FURNITURE AND FITTINGS,70951,EDUCATION NOT DEFINABLE BY LEVEL,20822100,MAIDUGURI METRO,05010324007500,Education sector coordination mechanisms
Procurement Of 2Nos. Of Laptops pavillion core i3 And 3Nos. Of Desktop RM 900 for Borno State Arabic and Sangaya Education Board.,0.0,1725000.0,1725000.0,870000.0,2000000.0,0.0,0.0,220,0.11438,0.13235,051706600100,BORNO STATE ARABIC AND SANGAYA EDUCATION BOARD (BOSASEB),23010113,PURCHASE OF COMPUTERS,70951,EDUCATION NOT DEFINABLE BY LEVEL,20822100,MAIDUGURI METRO,05010324007600,Education sector coordination mechanisms
Procurement Of 2Nos. Of Hp Colourlaser Jet for Borno State Arabic and Sangaya Education Board.,0.0,1725000.0,1725000.0,1070000.0,2000000.0,0.0,0.0,220,0.12255,0.14052,051706600100,BORNO STATE ARABIC AND SANGAYA EDUCATION BOARD (BOSASEB),23010114,PURCHASE OF COMPUTER PRINTERS,70951,EDUCATION NOT DEFINABLE BY LEVEL,20822100,MAIDUGURI METRO,05010324007700,Education sector coordination mechanisms
Procurement Of 2Nos. Of Sharp Photocopying Mashines for Borno State Arabic and Sangaya Education Board.,0.0,1725000.0,1725000.0,0.0,2000000.0,0.0,0.0,220,0.13072,0.14869,051706600100,BORNO STATE ARABIC AND SANGAYA EDUCATION BOARD (BOSASEB),23010115,PURCHASE OF PHOTOCOPYING MACHINES,70951,EDUCATION NOT DEFINABLE BY LEVEL,20822100,MAIDUGURI METRO,05010324007800,Education sector coordination mechanisms
Procurement Of 2Nos. Scanners for Borno State Arabic and Sangaya Education Board.,0.0,575000.0,575000.0,0.0,650000.0,0.0,0.0,220,0.13889,0.15686,051706600100,BORNO STATE ARABIC AND SANGAYA EDUCATION BOARD (BOSASEB),23010118,PURCHASE OF SCANNERS,70951,EDUCATION NOT DEFINABLE BY LEVEL,20822100,MAIDUGURI METRO,05010324007900,Education sector coordination mechanisms
Purchase of 20 nos of white boards and audio-visual aids across the 27 LGA in state,0.0,28000000.0,28000000.0,7404500.0,12000000.0,0.0,0.0,220,0.14706,0.16503,051706600100,BORNO STATE ARABIC AND SANGAYA EDUCATION BOARD (BOSASEB),23010124,PURCHASE OF TEACHING / LEARNING AID EQUIPMENT,70951,EDUCATION NOT DEFINABLE BY LEVEL,20822100,MAIDUGURI METRO,05010324008000,Education sector coordination mechanisms
Purchase Of Text Books And Research Materials For The Sangaya,0.0,17000000.0,17000000.0,0.0,5000000.0,0.0,0.0,220,0.15523,0.1732,051706600100,BORNO STATE ARABIC AND SANGAYA EDUCATION BOARD (BOSASEB),23010125,PURCHASE OF LIBRARY BOOKS & EQUIPMENT,70951,EDUCATION NOT DEFINABLE BY LEVEL,20822100,MAIDUGURI METRO,05010324008100,Education sector coordination mechanisms
Purchase Of Sporting kits and other game equipment in the sangaya,0.0,10000000.0,10000000.0,0.0,5000000.0,0.0,0.0,220,0.16258,0.18056,051706600100,BORNO STATE ARABIC AND SANGAYA EDUCATION BOARD (BOSASEB),23010126,PURCHASE OF SPORTING / GAMING EQUIPMENT,70951,EDUCATION NOT DEFINABLE BY LEVEL,20822100,MAIDUGURI METRO,05010324008200,Education sector coordination mechanisms
Purchase of Recreational Facilities to 50 selected schools across the state,0.0,10000000.0,10000000.0,0.0,5000000.0,0.0,0.0,220,0.17075,0.18873,051706600100,BORNO STATE ARABIC AND SANGAYA EDUCATION BOARD (BOSASEB),23010130,PURCHASE OF RECREATIONAL FACILITIES,70951,EDUCATION NOT DEFINABLE BY LEVEL,20822100,MAIDUGURI METRO,05010324008300,Education sector coordination mechanisms
Purchase Of 300 Nos of classroom desk Across State.,0.0,23000000.0,23000000.0,2050000.0,26850000.0,0.0,0.0,220,0.17892,0.1969,051706600100,BORNO STATE ARABIC AND SANGAYA EDUCATION BOARD (BOSASEB),23010140,"PURCHASE OF SCHOOL FURNITURE, FITTINGS & EQUIPMENT",70951,EDUCATION NOT DEFINABLE BY LEVEL,20822100,MAIDUGURI METRO,05010324008400,Education sector coordination mechanisms
Construction Of 15Nos. Of New Boreholes for Borno State Arabic and Sangaya Education Board.,0.0,149000000.0,137000000.0,0.0,15000000.0,0.0,0.0,220,0.18709,0.20507,051706600100,BORNO STATE ARABIC AND SANGAYA EDUCATION BOARD (BOSASEB),23020105,CONSTRUCTION / PROVISION OF WATER FACILITIES,70631,WATER SUPPLY,20822100,MAIDUGURI METRO,05010324008500,Education sector coordination mechanisms
Construction Of Sangaya/Islamiyya Schools for Borno State Arabic and Sangaya Education Board.,0.0,186300000.0,186300000.0,47562890.0,70000000.0,0.0,0.0,220,0.19526,0.21324,051706600100,BORNO STATE ARABIC AND SANGAYA EDUCATION BOARD (BOSASEB),23020107,CONSTRUCTION / PROVISION OF PUBLIC SCHOOLS,70951,EDUCATION NOT DEFINABLE BY LEVEL,20822100,MAIDUGURI METRO,05010324008600,Education sector coordination mechanisms
Construction Of Sanagaya Libraries for Borno State Arabic and Sangaya Education Board.,0.0,132000000.0,132000000.0,0.0,10000000.0,0.0,0.0,220,0.20343,0.22141,051706600100,BORNO STATE ARABIC AND SANGAYA EDUCATION BOARD (BOSASEB),23020111,CONSTRUCTION / PROVISION OF LIBRARIES,70951,EDUCATION NOT DEFINABLE BY LEVEL,20822100,MAIDUGURI METRO,05010324008700,Education sector coordination mechanisms
Provision Of Sporting Facilities for Borno State Arabic and Sangaya Education Board.,0.0,5000000.0,5000000.0,4695000.0,5000000.0,0.0,0.0,220,0.21078,0.22876,051706600100,BORNO STATE ARABIC AND SANGAYA EDUCATION BOARD (BOSASEB),23020112,CONSTRUCTION / PROVISION OF SPORTING FACILITIES,70951,EDUCATION NOT DEFINABLE BY LEVEL,20822100,MAIDUGURI METRO,05010324008800,Education sector coordination mechanisms
Construction Of Ict Center for Borno State Arabic and Sangaya Education Board.,1335000.0,50000000.0,50000000.0,13663000.0,10000000.0,0.0,0.0,220,0.21895,0.23693,051706600100,BORNO STATE ARABIC AND SANGAYA EDUCATION BOARD (BOSASEB),23020127,CONSTRUCTION OF ICT INFRASTRUCTURES,70951,EDUCATION NOT DEFINABLE BY LEVEL,20822100,MAIDUGURI METRO,05010324008900,Education sector coordination mechanisms
Rehabilitation Of Sangaya/Islamiyya Schools water facilities for Borno State Arabic and Sangaya Education Board.,1095000.0,163000000.0,163000000.0,4272345.0,65000000.0,0.0,0.0,220,0.22712,0.2451,051706600100,BORNO STATE ARABIC AND SANGAYA EDUCATION BOARD (BOSASEB),23030106,REHABILITATION / REPAIRS - PUBLIC SCHOOLS,70951,EDUCATION NOT DEFINABLE BY LEVEL,20822100,MAIDUGURI METRO,05010324009000,Education sector coordination mechanisms
Research And Development for Borno State Arabic and Sangaya Education Board.,21261415.0,15000000.0,27000000.0,26427580.0,50000000.0,0.0,0.0,220,0.23529,0.25327,051706600100,BORNO STATE ARABIC AND SANGAYA EDUCATION BOARD (BOSASEB),23050101,RESEARCH AND DEVELOPMENT,70951,EDUCATION NOT DEFINABLE BY LEVEL,20822100,MAIDUGURI METRO,05010324000800,Education sector coordination mechanisms
Monitoring And Evaluation for Borno State Arabic and Sangaya Education Board.,0.0,126000000.0,126000000.0,67613560.0,139100000.0,0.0,0.0,220,0.24346,0.26144,051706600100,BORNO STATE ARABIC AND SANGAYA EDUCATION BOARD (BOSASEB),23050103,MONITORING AND EVALUATION,70951,EDUCATION NOT DEFINABLE BY LEVEL,20822100,MAIDUGURI METRO,05010324000500,Education sector coordination mechanisms
Capacity building for 100 Islamiyya Student to Local within mmc,0.0,313000000.0,313000000.0,308128710.46,200650000.0,0.0,0.0,220,0.25163,0.26961,051706600100,BORNO STATE ARABIC AND SANGAYA EDUCATION BOARD (BOSASEB),23050130,HUMAN CAPITAL DEVELOPMENT,70951,EDUCATION NOT DEFINABLE BY LEVEL,20822100,MAIDUGURI METRO,05010324001000,Education sector coordination mechanisms
Repairs Of 4-Blocks Of Staff Quarters for The Ramat Polytechnic,0.0,930000000.0,930000000.0,567896869.39,915066000.0,0.0,0.0,220,0.29167,0.30964,051706700100,BORNO STATE RAMAT POLYTECHNIC MAIDUGURI,23030101,REHABILITATION / REPAIRS OF RESIDENTIAL BUILDING,70611,HOUSING DEVELOPMENT,20822100,MAIDUGURI METRO,05030124000200,Inclusive Education
Rehabilitation Of Lectures Halls for The Ramat Polytechnic,9154300.0,640000000.0,640000000.0,71975032.01,0.0,0.0,0.0,220,0.29984,0.31781,051706700100,BORNO STATE RAMAT POLYTECHNIC MAIDUGURI,23030106,REHABILITATION / REPAIRS - PUBLIC SCHOOLS,70942,SECOND STAGE OF TERTIARY EDUCATION,20822100,MAIDUGURI METRO,05030124000300,Inclusive Education
Monitoring And Supervision for Learning in achieving results and to spot bottlenecks in implementation across The State,8292000.0,15000000.0,15000000.0,0.0,66000000.0,0.0,0.0,220,0.30801,0.32598,051706700100,BORNO STATE RAMAT POLYTECHNIC MAIDUGURI,23050103,MONITORING AND EVALUATION,70942,SECOND STAGE OF TERTIARY EDUCATION,20822100,MAIDUGURI METRO,05030124000400,Inclusive Education
Human capital Development and scholarships in Maiduguri,0.0,75000000.0,75000000.0,873584428.23,0.0,0.0,0.0,220,0.31536,0.33333,051706700100,BORNO STATE RAMAT POLYTECHNIC MAIDUGURI,23050130,HUMAN CAPITAL DEVELOPMENT,70942,SECOND STAGE OF TERTIARY EDUCATION,20822100,MAIDUGURI METRO,05030125000100,Inclusive Education
Purchase of 1No of Toyota Hilux to the Provost,0.0,60000000.0,60000000.0,0.0,75000000.0,0.0,0.0,220,0.32353,0.3415,051706700100,BORNO STATE RAMAT POLYTECHNIC MAIDUGURI,23010105,PURCHASE OF MOTOR VEHICLES,70942,SECOND STAGE OF TERTIARY EDUCATION,20822100,MAIDUGURI METRO,05030125000200,Inclusive Education
Procurement Of 1Nos. Of Hilux Vehicles To The Provostr'S Waka-Biu.,0.0,40516000.0,40516000.0,0.0,0.0,0.0,0.0,220,0.36356,0.38154,051706900100,BORNO STATE COLLEGE OF EDUCATION WAKA - BIU,23010105,PURCHASE OF MOTOR VEHICLES,70941,FIRST STAGE OF TERTIARY EDUCATION,20830500,BIU,05030124000600,Inclusive Education
Construction Of Staff Quarters/Provost House/Guest House In The College Waka-Biu.,0.0,496484000.0,496484000.0,0.0,355000000.0,0.0,0.0,220,0.37173,0.38971,051706900100,BORNO STATE COLLEGE OF EDUCATION WAKA - BIU,23020102,CONSTRUCTION / PROVISION OF RESIDENTIAL BUILDINGS,70611,HOUSING DEVELOPMENT,20830500,BIU,05030124000700,Inclusive Education
Construction Of 2Nos Of Newly Boreholes At The School College Of Waka-Biu,0.0,10500000.0,10500000.0,0.0,25000000.0,0.0,0.0,220,0.3799,0.39788,051706900100,BORNO STATE COLLEGE OF EDUCATION WAKA - BIU,23020105,CONSTRUCTION / PROVISION OF WATER FACILITIES,70631,WATER SUPPLY,20830500,BIU,05030124000800,Inclusive Education
Construction Of Gymnasium/Gateway Fence & Land Scaping Of Gadambuli Lecture Hall Area & Lecture Theater/Halls At Waka-Biu,0.0,507563000.0,507563000.0,0.0,460517000.0,0.0,0.0,220,0.38807,0.40605,051706900100,BORNO STATE COLLEGE OF EDUCATION WAKA - BIU,23020118,CONSTRUCTION / PROVISION OF INFRASTRUCTURE,70941,FIRST STAGE OF TERTIARY EDUCATION,20830500,BIU,05030124000900,Inclusive Education
Monitoring And Evaluation is been carried out to ascertain the level of staff performance,0.0,260250000.0,260250000.0,0.0,30000000.0,0.0,0.0,220,0.39624,0.41422,051706900100,BORNO STATE COLLEGE OF EDUCATION WAKA - BIU,23050103,MONITORING AND EVALUATION,70941,FIRST STAGE OF TERTIARY EDUCATION,20830500,BIU,05030124000200,Inclusive Education
Purchase Of (2)No of Solar panel P22-6 16 Kw - 20 Kw At Waka-Biu,0.0,60000000.0,60000000.0,0.0,40516000.0,0.0,0.0,220,0.40441,0.42239,051706900100,BORNO STATE COLLEGE OF EDUCATION WAKA - BIU,23010119,PURCHASE OF POWER GENERATING SET,70941,FIRST STAGE OF TERTIARY EDUCATION,20830500,BIU,05030125000100,Inclusive Education
"Celebration Of Fasting Period, Eidul Fitr And Eidul Kabir Incentives At Waka-Biu",0.0,100516000.0,100516000.0,0.0,0.0,0.0,0.0,220,0.41258,0.43056,051706900100,BORNO STATE COLLEGE OF EDUCATION WAKA - BIU,23050104,ANNIVERSARIES/CELEBRATIONS,70941,FIRST STAGE OF TERTIARY EDUCATION,20830500,BIU,05030125000200,Inclusive Education
Procurement Of Books & Equipment To The Student At Waka-Biu,0.0,0.0,0.0,0.0,60000000.0,0.0,0.0,220,0.41993,0.43791,051706900100,BORNO STATE COLLEGE OF EDUCATION WAKA - BIU,23010125,PURCHASE OF LIBRARY BOOKS & EQUIPMENT,70941,FIRST STAGE OF TERTIARY EDUCATION,20830500,BIU,05030126000100,Inclusive Education
Procurement Of 2Nos. Of Executive Tables And Executive Chairs for The El-Kanemi College.,0.0,5500000.0,5500000.0,3000000.0,5000000.0,0.0,0.0,220,0.46078,0.47876,051705500100,BORNO STATE UMAR IBN IBRAHIM EL-KANEMI COLLEGE OF EDUCATION SCIENCE AND TECHNILOGY BAMA,23010112,PURCHASE OF OFFICE FURNITURE AND FITTINGS,70941,FIRST STAGE OF TERTIARY EDUCATION,20820300,BAMA,05030124001000,Inclusive Education
Procurement Of 2Nos. Of Hp Pavillion core i7 Laptops for The El-Kanemi College.,0.0,5500000.0,5500000.0,0.0,5500000.0,0.0,0.0,220,0.46814,0.48611,051705500100,BORNO STATE UMAR IBN IBRAHIM EL-KANEMI COLLEGE OF EDUCATION SCIENCE AND TECHNILOGY BAMA,23010113,PURCHASE OF COMPUTERS,70941,FIRST STAGE OF TERTIARY EDUCATION,20820300,BAMA,05030124001100,Inclusive Education
Procurement Of 2Nos. Of Hp MD200 Printers for The El-Kanemi College.,0.0,5000000.0,5000000.0,0.0,4500000.0,0.0,0.0,220,0.47631,0.49428,051705500100,BORNO STATE UMAR IBN IBRAHIM EL-KANEMI COLLEGE OF EDUCATION SCIENCE AND TECHNILOGY BAMA,23010114,PURCHASE OF COMPUTER PRINTERS,70941,FIRST STAGE OF TERTIARY EDUCATION,20820300,BAMA,05030124001200,Inclusive Education
Procurement Of 2Nos. Of Sharp XM310 Photocopying Machines for The El-Kanemi College.,573800.0,5500000.0,5500000.0,0.0,5500000.0,0.0,0.0,220,0.48448,0.50245,051705500100,BORNO STATE UMAR IBN IBRAHIM EL-KANEMI COLLEGE OF EDUCATION SCIENCE AND TECHNILOGY BAMA,23010115,PURCHASE OF PHOTOCOPYING MACHINES,70941,FIRST STAGE OF TERTIARY EDUCATION,20820300,BAMA,05030124001300,Inclusive Education
Procurement Of Teaching And Learning Aid Equipments for The El-Kanemi College.,0.0,10500000.0,10500000.0,2260000.0,10500000.0,0.0,0.0,220,0.49265,0.51062,051705500100,BORNO STATE UMAR IBN IBRAHIM EL-KANEMI COLLEGE OF EDUCATION SCIENCE AND TECHNILOGY BAMA,23010124,PURCHASE OF TEACHING / LEARNING AID EQUIPMENT,70941,FIRST STAGE OF TERTIARY EDUCATION,20820300,BAMA,05030124001400,Inclusive Education
Construction Of 2 Blocks Of Hostels In The El-Kanemi College Bama LGA.,0.0,360000000.0,360000000.0,126000.0,75500000.0,0.0,0.0,220,0.50082,0.51879,051705500100,BORNO STATE UMAR IBN IBRAHIM EL-KANEMI COLLEGE OF EDUCATION SCIENCE AND TECHNILOGY BAMA,23020107,CONSTRUCTION / PROVISION OF PUBLIC SCHOOLS,70941,FIRST STAGE OF TERTIARY EDUCATION,20820300,BAMA,05030124001500,Inclusive Education
Construction Of Libraries In The El-Kanemi College Bama LGA.,0.0,15500000.0,15500000.0,0.0,15500000.0,0.0,0.0,220,0.50899,0.52696,051705500100,BORNO STATE UMAR IBN IBRAHIM EL-KANEMI COLLEGE OF EDUCATION SCIENCE AND TECHNILOGY BAMA,23020111,CONSTRUCTION / PROVISION OF LIBRARIES,70941,FIRST STAGE OF TERTIARY EDUCATION,20820300,BAMA,05030124001600,Inclusive Education
Provision Of Tables Tennies And Other Sporting Facilities for The Students In The El-Kanemi College Bama LGA.,4141200.0,5500000.0,5500000.0,0.0,5500000.0,0.0,0.0,220,0.51634,0.53431,051705500100,BORNO STATE UMAR IBN IBRAHIM EL-KANEMI COLLEGE OF EDUCATION SCIENCE AND TECHNILOGY BAMA,23020112,CONSTRUCTION / PROVISION OF SPORTING FACILITIES,70941,FIRST STAGE OF TERTIARY EDUCATION,20820300,BAMA,05030124001700,Inclusive Education
Construction Of Examination Hall In The El-Kanemi College Bama.,0.0,816000000.0,816000000.0,981500.0,601500000.0,0.0,0.0,220,0.52451,0.54248,051705500100,BORNO STATE UMAR IBN IBRAHIM EL-KANEMI COLLEGE OF EDUCATION SCIENCE AND TECHNILOGY BAMA,23020118,CONSTRUCTION / PROVISION OF INFRASTRUCTURE,70941,FIRST STAGE OF TERTIARY EDUCATION,20820300,BAMA,05030124001800,Inclusive Education
Construction Of Lecture Halls for Umar Ibn Ibrahim El-Kanemi College Bama.,0.0,5500000.0,5500000.0,0.0,5500000.0,0.0,0.0,220,0.53268,0.55065,051705500100,BORNO STATE UMAR IBN IBRAHIM EL-KANEMI COLLEGE OF EDUCATION SCIENCE AND TECHNILOGY BAMA,23020119,CONSTRUCTION / PROVISION OF RECREATIONAL FACILITIES,70941,FIRST STAGE OF TERTIARY EDUCATION,20820300,BAMA,05030124001900,Inclusive Education
Rehabilitation Of 4Nos. Of Boreholes for Umar Ibn Ibrahim El-Kanemi College.,0.0,5500000.0,5500000.0,500000.0,5500000.0,0.0,0.0,220,0.54085,0.55882,051705500100,BORNO STATE UMAR IBN IBRAHIM EL-KANEMI COLLEGE OF EDUCATION SCIENCE AND TECHNILOGY BAMA,23030104,REHABILITATION / REPAIRS - WATER FACILITIES,70631,WATER SUPPLY,20820300,BAMA,05030124002000,Inclusive Education
Rehabilitation Of Clinic for Umar Ibn Ibrahim El-Kanemi College.,6081300.0,5600000.0,5600000.0,0.0,5600000.0,0.0,0.0,220,0.54902,0.56699,051705500100,BORNO STATE UMAR IBN IBRAHIM EL-KANEMI COLLEGE OF EDUCATION SCIENCE AND TECHNILOGY BAMA,23030105,REHABILITATION / REPAIRS - HOSPITAL / HEALTH CENTRES,70741,PUBLIC HEALTH SERVICES,20820300,BAMA,05030124002100,Inclusive Education
"Rehabilitation Of Classes, Rooms And Libraries for Umar Ibn Ibrahim El-Kanemi College.",0.0,15500000.0,15500000.0,4000000.0,15500000.0,0.0,0.0,220,0.55719,0.57516,051705500100,BORNO STATE UMAR IBN IBRAHIM EL-KANEMI COLLEGE OF EDUCATION SCIENCE AND TECHNILOGY BAMA,23030106,REHABILITATION / REPAIRS - PUBLIC SCHOOLS,70981,EDUCATION N.E.C,20820300,BAMA,05030124002200,Inclusive Education
Rehabilitation Of Ict Center for Umar Ibn Ibrahim El-Kanemi College.,187900.0,5500000.0,5500000.0,371300.0,5500000.0,0.0,0.0,220,0.56536,0.58333,051705500100,BORNO STATE UMAR IBN IBRAHIM EL-KANEMI COLLEGE OF EDUCATION SCIENCE AND TECHNILOGY BAMA,23030127,REHABILITATION/REPAIRS- ICT INFRASTRUCTURES,70941,FIRST STAGE OF TERTIARY EDUCATION,20820300,BAMA,05030124002300,Inclusive Education
Research On Various Development For Secured And Conducive Learning Facilities for Umar Ibn Ibrahim El-Kanemi College.,0.0,5500000.0,5500000.0,0.0,5500000.0,0.0,0.0,220,0.57271,0.59069,051705500100,BORNO STATE UMAR IBN IBRAHIM EL-KANEMI COLLEGE OF EDUCATION SCIENCE AND TECHNILOGY BAMA,23050101,RESEARCH AND DEVELOPMENT,70941,FIRST STAGE OF TERTIARY EDUCATION,20820300,BAMA,05030124000300,Inclusive Education
Monitoring And Supervision Of Student'S Within Bama LGA.,0.0,10500000.0,10500000.0,0.0,10500000.0,0.0,0.0,220,0.58088,0.59886,051705500100,BORNO STATE UMAR IBN IBRAHIM EL-KANEMI COLLEGE OF EDUCATION SCIENCE AND TECHNILOGY BAMA,23050103,MONITORING AND EVALUATION,70941,FIRST STAGE OF TERTIARY EDUCATION,20820300,BAMA,05030124000600,Inclusive Education
Procurement Of 50Nos. Of Executive Tables And Excutive Chairs To The State University admin block,0.0,200000000.0,200000000.0,0.0,200000000.0,0.0,0.0,220,0.62092,0.63889,051705600100,BORNO STATE KASHIM IBRAHIM UNIVERSITY (KIU),23010112,PURCHASE OF OFFICE FURNITURE AND FITTINGS,70942,SECOND STAGE OF TERTIARY EDUCATION,20821600,KONDUGA,05030124002400,Inclusive Education
Procurement Of health and medical equipment To The State University admin block,0.0,250000000.0,250000000.0,170000000.0,250000000.0,0.0,0.0,220,0.62908,0.64706,051705600100,BORNO STATE KASHIM IBRAHIM UNIVERSITY (KIU),23010122,PURCHASE OF HEALTH / MEDICAL EQUIPMENT,70942,SECOND STAGE OF TERTIARY EDUCATION,20821600,KONDUGA,05030124002500,Inclusive Education
"Procurement Of Material, Teaching And Learning Aid Equipment To The Student At The State University.",0.0,100000000.0,100000000.0,0.0,100000000.0,0.0,0.0,220,0.63725,0.65523,051705600100,BORNO STATE KASHIM IBRAHIM UNIVERSITY (KIU),23010124,PURCHASE OF TEACHING / LEARNING AID EQUIPMENT,70942,SECOND STAGE OF TERTIARY EDUCATION,20821600,KONDUGA,05030124002600,Inclusive Education
Procurement Of Books & Equipment To The Student At The State University,0.0,100000000.0,100000000.0,0.0,250000000.0,0.0,0.0,220,0.64542,0.6634,051705600100,BORNO STATE KASHIM IBRAHIM UNIVERSITY (KIU),23010125,PURCHASE OF LIBRARY BOOKS & EQUIPMENT,70942,SECOND STAGE OF TERTIARY EDUCATION,20821600,KONDUGA,05030124002700,Inclusive Education
Construction Of Office At The Senate Building In The State University,0.0,250000000.0,250000000.0,55733021.0,250000000.0,0.0,0.0,220,0.65359,0.67157,051705600100,BORNO STATE KASHIM IBRAHIM UNIVERSITY (KIU),23020101,CONSTRUCTION / PROVISION OF OFFICE BUILDINGS,70942,SECOND STAGE OF TERTIARY EDUCATION,20821600,KONDUGA,05030124002800,Inclusive Education
Construction Of 2 No of blocks for information techonology Center in the University.,0.0,100000000.0,100000000.0,0.0,1100000000.0,0.0,0.0,220,0.66176,0.67974,051705600100,BORNO STATE KASHIM IBRAHIM UNIVERSITY (KIU),23020127,CONSTRUCTION OF ICT INFRASTRUCTURES,70942,SECOND STAGE OF TERTIARY EDUCATION,20821600,KONDUGA,05030124003000,Inclusive Education
Capacity building for 350 lectures within the University.,0.0,500000000.0,500000000.0,0.0,500000000.0,0.0,0.0,220,0.66912,0.68709,051705600100,BORNO STATE KASHIM IBRAHIM UNIVERSITY (KIU),23050130,HUMAN CAPITAL DEVELOPMENT,70942,SECOND STAGE OF TERTIARY EDUCATION,20821600,KONDUGA,05030124003100,Inclusive Education
Purchase of solar energy to office buildings,0.0,250000000.0,250000000.0,55620510.0,250000000.0,0.0,0.0,220,0.67729,0.69526,051705600100,BORNO STATE KASHIM IBRAHIM UNIVERSITY (KIU),23010119,PURCHASE OF POWER GENERATING SET,70942,SECOND STAGE OF TERTIARY EDUCATION,20821600,KONDUGA,05030125000100,Inclusive Education
Construction of staff quarters at medical college,0.0,200000000.0,200000000.0,0.0,200000000.0,0.0,0.0,220,0.68546,0.70343,051705600100,BORNO STATE KASHIM IBRAHIM UNIVERSITY (KIU),23020102,CONSTRUCTION / PROVISION OF RESIDENTIAL BUILDINGS,70611,HOUSING DEVELOPMENT,20821600,KONDUGA,05030125000200,Inclusive Education
Construction of laboratory facilities in the BOSU,0.0,150000000.0,150000000.0,0.0,150000000.0,0.0,0.0,220,0.69363,0.7116,051705600100,BORNO STATE KASHIM IBRAHIM UNIVERSITY (KIU),23020111,CONSTRUCTION / PROVISION OF LIBRARIES,70942,SECOND STAGE OF TERTIARY EDUCATION,20821600,KONDUGA,05030125000300,Inclusive Education
Provision of boreholes at the BOSU,0.0,100000000.0,100000000.0,0.0,100000000.0,0.0,0.0,220,0.7018,0.71977,051705600100,BORNO STATE KASHIM IBRAHIM UNIVERSITY (KIU),23020105,CONSTRUCTION / PROVISION OF WATER FACILITIES,70631,WATER SUPPLY,20821600,KONDUGA,05030125000400,Inclusive Education
Construction of students hotels,0.0,1000000000.0,1000000000.0,359156484.12,250000000.0,0.0,0.0,220,0.70997,0.72794,051705600100,BORNO STATE KASHIM IBRAHIM UNIVERSITY (KIU),23020118,CONSTRUCTION / PROVISION OF INFRASTRUCTURE,70942,SECOND STAGE OF TERTIARY EDUCATION,20821600,KONDUGA,05030125000500,Inclusive Education
"Landscaping and beautification of main campus, medical college and faculty of engineering",0.0,100000000.0,100000000.0,0.0,100000000.0,0.0,0.0,220,0.71814,0.73611,051705600100,BORNO STATE KASHIM IBRAHIM UNIVERSITY (KIU),23040101,TREE PLANTING,70942,SECOND STAGE OF TERTIARY EDUCATION,20821600,KONDUGA,05030125000600,Inclusive Education
Repairs of residential quarters at the BOSU,0.0,50000000.0,50000000.0,6954200.0,50000000.0,0.0,0.0,220,0.72549,0.74346,051705600100,BORNO STATE KASHIM IBRAHIM UNIVERSITY (KIU),23030101,REHABILITATION / REPAIRS OF RESIDENTIAL BUILDING,70611,HOUSING DEVELOPMENT,20821600,KONDUGA,05030125000700,Inclusive Education
Repairs Of Office At The Senate Building In The State University,0.0,100000000.0,100000000.0,4521000.0,100000000.0,0.0,0.0,220,0.73366,0.75163,051705600100,BORNO STATE KASHIM IBRAHIM UNIVERSITY (KIU),23030121,REHABILITATION / REPAIRS OF OFFICE BUILDINGS,70621,COMMUNITY DEVELOPMENT,20821600,KONDUGA,05030125000800,Inclusive Education
purchase of 2 nos of hilux trucks and 3 nos of school shuttle bus,0.0,0.0,0.0,0.0,650000000.0,0.0,0.0,220,0.74183,0.7598,051705600100,BORNO STATE KASHIM IBRAHIM UNIVERSITY (KIU),23010105,PURCHASE OF MOTOR VEHICLES,70942,SECOND STAGE OF TERTIARY EDUCATION,20821600,KONDUGA,05030126000200,Inclusive Education
Landscaping and beautification of main campus road in bosu,0.0,0.0,0.0,0.0,300000000.0,0.0,0.0,220,0.75,0.76797,051705600100,BORNO STATE KASHIM IBRAHIM UNIVERSITY (KIU),23020114,CONSTRUCTION / PROVISION OF ROADS,70451,ROAD TRANSPORT,20821600,KONDUGA,05030126000300,Inclusive Education
Landscaping and beautification and medical college and faculty of engineering,0.0,0.0,0.0,0.0,200000000.0,0.0,0.0,220,0.75817,0.77614,051705600100,BORNO STATE KASHIM IBRAHIM UNIVERSITY (KIU),23030122,REHABILITATION/REPAIRS OF BOUNDARIES,70942,SECOND STAGE OF TERTIARY EDUCATION,20821600,KONDUGA,05030126000400,Inclusive Education
Procurment Of 1Nos. Of Hp pavillion core i3 Laptop For The Chairman Scholarship Board.,0.0,2500000.0,2500000.0,0.0,2500000.0,0.0,0.0,220,0.7982,0.81618,051705700100,BORNO STATE SCHOLARSHIPS BOARD,23010113,PURCHASE OF COMPUTERS,70942,SECOND STAGE OF TERTIARY EDUCATION,20822100,MAIDUGURI METRO,05010424003400,Integrated supportive supervision
Procurment Of 1Nos. Of HP mx606 Printers For The Chairman Scholarship Board.,0.0,1000000.0,1000000.0,0.0,1000000.0,0.0,0.0,220,0.80637,0.82435,051705700100,BORNO STATE SCHOLARSHIPS BOARD,23010114,PURCHASE OF COMPUTER PRINTERS,70942,SECOND STAGE OF TERTIARY EDUCATION,20822100,MAIDUGURI METRO,05010424003500,Integrated supportive supervision
Procurment Of 1Nos. Of Sharp zk700 Photocoying Machine For The Chairman Scholarship Board.,0.0,1000000.0,1000000.0,0.0,1000000.0,0.0,0.0,220,0.81454,0.83252,051705700100,BORNO STATE SCHOLARSHIPS BOARD,23010115,PURCHASE OF PHOTOCOPYING MACHINES,70942,SECOND STAGE OF TERTIARY EDUCATION,20822100,MAIDUGURI METRO,05010424003600,Integrated supportive supervision
Research and development for local and foreign students within the state.,134120819.53,10000000.0,10000000.0,0.0,10000000.0,0.0,0.0,220,0.8219,0.83987,051705700100,BORNO STATE SCHOLARSHIPS BOARD,23050101,RESEARCH AND DEVELOPMENT,70942,SECOND STAGE OF TERTIARY EDUCATION,20822100,MAIDUGURI METRO,05010424003700,Integrated supportive supervision
Capacity building of staff within the board,0.0,0.0,9367665000.0,4290149793.68,200000000.0,0.0,0.0,220,0.83007,0.84804,051705700100,BORNO STATE SCHOLARSHIPS BOARD,23050130,HUMAN CAPITAL DEVELOPMENT,70942,SECOND STAGE OF TERTIARY EDUCATION,20822100,MAIDUGURI METRO,05010424003800,Integrated supportive supervision
Purchase Of (5) Nos of Toyota Hilux 2020 For Information Management,0.0,360000000.0,360000000.0,0.0,431000000.0,0.0,0.0,220,0.87092,0.88889,051705800100,BORNO STATE INFORMATION AND COMMUNICATION TECHNOLOGY DEVELOPMENT AGENCY (BICTDA),23010105,PURCHASE OF MOTOR VEHICLES,70461,COMMUNICATION,20821600,KONDUGA,05030125000100,Inclusive Education
Purchase Of 2Nos. of Executive Tables And 2Nos. of Executive Chairs For Information Management,0.0,36581000.0,36581000.0,0.0,1880000.0,0.0,0.0,220,0.87827,0.89624,051705800100,BORNO STATE INFORMATION AND COMMUNICATION TECHNOLOGY DEVELOPMENT AGENCY (BICTDA),23010112,PURCHASE OF OFFICE FURNITURE AND FITTINGS,70461,COMMUNICATION,20821600,KONDUGA,05030125000200,Inclusive Education
Purchase Of 7Nos. of Hp Desktop Computers And 7Nos. of Hp Laptops For Information Management,0.0,110000000.0,110000000.0,0.0,63000000.0,0.0,0.0,220,0.88644,0.90441,051705800100,BORNO STATE INFORMATION AND COMMUNICATION TECHNOLOGY DEVELOPMENT AGENCY (BICTDA),23010113,PURCHASE OF COMPUTERS,70461,COMMUNICATION,20821600,KONDUGA,05030125000300,Inclusive Education
Purchase Of 5Nos. of Hp Printers For Information Management,0.0,3000000.0,3000000.0,0.0,2050000.0,0.0,0.0,220,0.89461,0.91258,051705800100,BORNO STATE INFORMATION AND COMMUNICATION TECHNOLOGY DEVELOPMENT AGENCY (BICTDA),23010114,PURCHASE OF COMPUTER PRINTERS,70461,COMMUNICATION,20821600,KONDUGA,05030125000400,Inclusive Education
Purchase Of 5Nos. of Sharp Photocopying Machines For Information Management,0.0,8200000.0,8200000.0,0.0,0.0,0.0,0.0,220,0.90278,0.92075,051705800100,BORNO STATE INFORMATION AND COMMUNICATION TECHNOLOGY DEVELOPMENT AGENCY (BICTDA),23010115,PURCHASE OF PHOTOCOPYING MACHINES,70461,COMMUNICATION,20821600,KONDUGA,05030125000500,Inclusive Education
Purchase Of 2 Shredding Machines For Information Management,0.0,500000.0,500000.0,0.0,0.0,0.0,0.0,221,0.09069,0.10866,051705800100,BORNO STATE INFORMATION AND COMMUNICATION TECHNOLOGY DEVELOPMENT AGENCY (BICTDA),23010117,PURCHASE OF SHREDDING MACHINES,70461,COMMUNICATION,20821600,KONDUGA,05030125000600,Inclusive Education
Purchase Of 3Nos. of Hp Scanners For Information Management,0.0,500000.0,500000.0,0.0,0.0,0.0,0.0,221,0.09886,0.11683,051705800100,BORNO STATE INFORMATION AND COMMUNICATION TECHNOLOGY DEVELOPMENT AGENCY (BICTDA),23010118,PURCHASE OF SCANNERS,70461,COMMUNICATION,20821600,KONDUGA,05030125000700,Inclusive Education
Construction of Internet Services For Information and communication,0.0,2455000000.0,2455000000.0,69198000.0,3771045000.0,0.0,0.0,221,0.10621,0.12418,051705800100,BORNO STATE INFORMATION AND COMMUNICATION TECHNOLOGY DEVELOPMENT AGENCY (BICTDA),23020127,CONSTRUCTION OF ICT INFRASTRUCTURES,70461,COMMUNICATION,20821600,KONDUGA,05030125000800,Inclusive Education
Purchase Of 2Nos. of 6.5Kva Power Generating Set For The Abba Ashigar College of Education Konduga,0.0,0.0,0.0,0.0,12605000.0,0.0,0.0,221,0.11438,0.13235,051705800100,BORNO STATE INFORMATION AND COMMUNICATION TECHNOLOGY DEVELOPMENT AGENCY (BICTDA),23010119,PURCHASE OF POWER GENERATING SET,70461,COMMUNICATION,20821600,KONDUGA,05030126000500,Inclusive Education
Purchase Of 2Nos. of Refurbished Toyota Bus For The Abba Ashigar College of Education Konduga,0.0,10000000.0,10000000.0,0.0,25000000.0,0.0,0.0,221,0.15523,0.1732,051705900100,BORNO STATE ABBA ASHIGAR COLLEGE OF BUSINESS AND ADMINITRATIVE STUDIES KONDUGA,23010108,PURCHASE OF BUSES,70941,FIRST STAGE OF TERTIARY EDUCATION,20821600,KONDUGA,05030122000200,Inclusive Education
Purchase Of 3Nos. of Executive Tables And 3Nos. of Executive Chairs For The Abba Ashigar College of Education Konduga,0.0,7500000.0,7500000.0,2000000.0,3000000.0,0.0,0.0,221,0.16258,0.18056,051705900100,BORNO STATE ABBA ASHIGAR COLLEGE OF BUSINESS AND ADMINITRATIVE STUDIES KONDUGA,23010112,PURCHASE OF OFFICE FURNITURE AND FITTINGS,70941,FIRST STAGE OF TERTIARY EDUCATION,20821600,KONDUGA,05030123000200,Inclusive Education
Purchase Of 7Nos. of Hp Desktop Computers And 7Nos. of Hp Laptops For The Abba Ashigar College of Education Konduga,0.0,5000000.0,5000000.0,0.0,5000000.0,0.0,0.0,221,0.17075,0.18873,051705900100,BORNO STATE ABBA ASHIGAR COLLEGE OF BUSINESS AND ADMINITRATIVE STUDIES KONDUGA,23010113,PURCHASE OF COMPUTERS,70941,FIRST STAGE OF TERTIARY EDUCATION,20821600,KONDUGA,05030123000600,Inclusive Education
Purchase Of 5Nos. of Hp Printers For The Abba Ashigar College of Education Konduga,0.0,800000.0,800000.0,0.0,800000.0,0.0,0.0,221,0.17892,0.1969,051705900100,BORNO STATE ABBA ASHIGAR COLLEGE OF BUSINESS AND ADMINITRATIVE STUDIES KONDUGA,23010114,PURCHASE OF COMPUTER PRINTERS,70941,FIRST STAGE OF TERTIARY EDUCATION,20821600,KONDUGA,05030123000700,Inclusive Education
Purchase Of 5Nos. of Sharp Photocopying Machines For The Abba Ashigar College of Education Konduga,0.0,1092000.0,1092000.0,0.0,1092000.0,0.0,0.0,221,0.18709,0.20507,051705900100,BORNO STATE ABBA ASHIGAR COLLEGE OF BUSINESS AND ADMINITRATIVE STUDIES KONDUGA,23010115,PURCHASE OF PHOTOCOPYING MACHINES,70941,FIRST STAGE OF TERTIARY EDUCATION,20821600,KONDUGA,05030123000800,Inclusive Education
Purchase Of 3Nos. of Hp Scanners For The Abba Ashigar College of Education Konduga,0.0,150000.0,150000.0,0.0,150000.0,0.0,0.0,221,0.19526,0.21324,051705900100,BORNO STATE ABBA ASHIGAR COLLEGE OF BUSINESS AND ADMINITRATIVE STUDIES KONDUGA,23010118,PURCHASE OF SCANNERS,70941,FIRST STAGE OF TERTIARY EDUCATION,20821600,KONDUGA,05030123000900,Inclusive Education
Purchase Of 2Nos. of 6.5Kva Power Generating Set For The Abba Ashigar College of Education Konduga,0.0,1260000.0,1260000.0,400000.0,0.0,0.0,0.0,221,0.20343,0.22141,051705900100,BORNO STATE ABBA ASHIGAR COLLEGE OF BUSINESS AND ADMINITRATIVE STUDIES KONDUGA,23010119,PURCHASE OF POWER GENERATING SET,70941,FIRST STAGE OF TERTIARY EDUCATION,20821600,KONDUGA,05030123001000,Inclusive Education
Purchase Of Text Books And Research Materials For The Abba Ashigar College of Education Konduga,0.0,630000.0,630000.0,30000.0,2500000.0,0.0,0.0,221,0.21078,0.22876,051705900100,BORNO STATE ABBA ASHIGAR COLLEGE OF BUSINESS AND ADMINITRATIVE STUDIES KONDUGA,23010124,PURCHASE OF TEACHING / LEARNING AID EQUIPMENT,70941,FIRST STAGE OF TERTIARY EDUCATION,20821600,KONDUGA,05030123000200,Inclusive Education
"Purchase Of Table Tennis, Badminton And Football Equipments For The Abba Ashigar College of Education Konduga",0.0,250000.0,250000.0,0.0,250000.0,0.0,0.0,221,0.21895,0.23693,051705900100,BORNO STATE ABBA ASHIGAR COLLEGE OF BUSINESS AND ADMINITRATIVE STUDIES KONDUGA,23010126,PURCHASE OF SPORTING / GAMING EQUIPMENT,70941,FIRST STAGE OF TERTIARY EDUCATION,20821600,KONDUGA,05030123000800,Inclusive Education
Provision Of Lecture Desks And Table For The Abba Ashigar College of Education Konduga,0.0,500318000.0,500318000.0,0.0,0.0,0.0,0.0,221,0.22712,0.2451,051705900100,BORNO STATE ABBA ASHIGAR COLLEGE OF BUSINESS AND ADMINITRATIVE STUDIES KONDUGA,23020118,CONSTRUCTION / PROVISION OF INFRASTRUCTURE,70941,FIRST STAGE OF TERTIARY EDUCATION,20821600,KONDUGA,05030123000900,Inclusive Education
Provision Of Ict Equipment For The Abba Ashigar College of Education Konduga,0.0,2000000.0,2000000.0,0.0,0.0,0.0,0.0,221,0.23529,0.25327,051705900100,BORNO STATE ABBA ASHIGAR COLLEGE OF BUSINESS AND ADMINITRATIVE STUDIES KONDUGA,23020127,CONSTRUCTION OF ICT INFRASTRUCTURES,70941,FIRST STAGE OF TERTIARY EDUCATION,20821600,KONDUGA,05030123000100,Inclusive Education
Monitoring And Evaluation Is Been Carried Out To Check The Level Of Project Execution And Completion Across The State,0.0,22000000.0,22000000.0,0.0,30000000.0,0.0,0.0,221,0.24346,0.26144,051705900100,BORNO STATE ABBA ASHIGAR COLLEGE OF BUSINESS AND ADMINITRATIVE STUDIES KONDUGA,23050103,MONITORING AND EVALUATION,70941,FIRST STAGE OF TERTIARY EDUCATION,20842800,State wide,05030123000200,Inclusive Education
Repairs Of office buildingThe Abba Ashigar College of Education Konduga,0.0,500000000.0,500000000.0,413000.0,5000000.0,0.0,0.0,221,0.25163,0.26961,051705900100,BORNO STATE ABBA ASHIGAR COLLEGE OF BUSINESS AND ADMINITRATIVE STUDIES KONDUGA,23030121,REHABILITATION / REPAIRS OF OFFICE BUILDINGS,70611,HOUSING DEVELOPMENT,20821600,KONDUGA,05030125000100,Inclusive Education
Purchase Of Library Books & Equipment For Abba Ashigar College of Education Konduga,0.0,0.0,0.0,0.0,2000000.0,0.0,0.0,221,0.2598,0.27778,051705900100,BORNO STATE ABBA ASHIGAR COLLEGE OF BUSINESS AND ADMINITRATIVE STUDIES KONDUGA,23010125,PURCHASE OF LIBRARY BOOKS & EQUIPMENT,70941,FIRST STAGE OF TERTIARY EDUCATION,20821600,KONDUGA,05030126000600,Inclusive Education
Purchase Of Text Books And Research Materials For Mohamet Lawan College of Agriculture,0.0,10000000.0,10000000.0,0.0,2000000.0,0.0,0.0,221,0.29984,0.31781,051707400100,BORNO STATE MOHAMET LAWAN COLLEGE OF AGRICULTURE,23010124,PURCHASE OF TEACHING / LEARNING AID EQUIPMENT,70941,FIRST STAGE OF TERTIARY EDUCATION,20821300,JERE,05030121000100,Inclusive Education
Purchase Of 15 nos of School Desks And Chairs For Lecture Halls For Mohamet Lawan College of Agriculture,0.0,17000000.0,17000000.0,0.0,5000000.0,0.0,0.0,221,0.30801,0.32598,051707400100,BORNO STATE MOHAMET LAWAN COLLEGE OF AGRICULTURE,23010140,"PURCHASE OF SCHOOL FURNITURE, FITTINGS & EQUIPMENT",70941,FIRST STAGE OF TERTIARY EDUCATION,20821300,JERE,05030121000100,Inclusive Education
"Purchase Of 6 Ploughs, And 10 Harrows For Mohamet Lawan College of Agriculture",0.0,1000000000.0,1000000000.0,0.0,400000000.0,0.0,0.0,221,0.31536,0.33333,051707400100,BORNO STATE MOHAMET LAWAN COLLEGE OF AGRICULTURE,23020118,CONSTRUCTION / PROVISION OF INFRASTRUCTURE,70941,FIRST STAGE OF TERTIARY EDUCATION,20821300,JERE,05030122000100,Inclusive Education
Rehabilitation / Repairs Of The College Libraries And School Laboratory For Mohamet Lawan College of A,0.0,5000000.0,5000000.0,0.0,2000000.0,0.0,0.0,221,0.32353,0.3415,051707400100,BORNO STATE MOHAMET LAWAN COLLEGE OF AGRICULTURE,23030110,REHABILITATION / REPAIRS - LIBRARIES70941 - FIRST STAGE OF TERTIARY EDUCATION,,griculture,20821300,JERE,05030121000100,Inclusive Education
Rehabilitation/Repairs Of Infrastructures For Mohamet Lawan College of Agriculture,0.0,500000000.0,500000000.0,489638252.0,10000000.0,0.0,0.0,221,0.3317,0.34967,051707400100,BORNO STATE MOHAMET LAWAN COLLEGE OF AGRICULTURE,23030128,REHABILITATION/REPAIRS OF INFRASTRUCTURES,70941,FIRST STAGE OF TERTIARY EDUCATION,20821300,JERE,05030122000100,Inclusive Education
Monitoring And Evaluation Of Projects To Ascertain The Level Of Execution And Completion For Mohamet Lawan College of Agriculture,0.0,45000000.0,45000000.0,0.0,55000000.0,0.0,0.0,221,0.33987,0.35784,051707400100,BORNO STATE MOHAMET LAWAN COLLEGE OF AGRICULTURE,23050103,MONITORING AND EVALUATION,70941,FIRST STAGE OF TERTIARY EDUCATION,20842800,State wide,05030120000100,Inclusive Education
Purchase Of 2 Volkwagen Golf Wagon For Mohamet Lawan College of Agriculture,0.0,20000000.0,20000000.0,0.0,20000000.0,0.0,0.0,221,0.34804,0.36601,051707400100,BORNO STATE MOHAMET LAWAN COLLEGE OF AGRICULTURE,23010105,PURCHASE OF MOTOR VEHICLES,70941,FIRST STAGE OF TERTIARY EDUCATION,20821300,JERE,05030125000100,Inclusive Education
Purchase Of 3 Desktop Computers For Mohamet Lawan College of Agriculture,0.0,10000000.0,10000000.0,0.0,5000000.0,0.0,0.0,221,0.35621,0.37418,051707400100,BORNO STATE MOHAMET LAWAN COLLEGE OF AGRICULTURE,23010113,PURCHASE OF COMPUTERS,70941,FIRST STAGE OF TERTIARY EDUCATION,20821300,JERE,05030125000200,Inclusive Education
Purchase Of Library Books & Equipment For Mohamet Lawan College of Agriculture,0.0,3000000.0,3000000.0,0.0,3000000.0,0.0,0.0,221,0.36356,0.38154,051707400100,BORNO STATE MOHAMET LAWAN COLLEGE OF AGRICULTURE,23010125,PURCHASE OF LIBRARY BOOKS & EQUIPMENT,70941,FIRST STAGE OF TERTIARY EDUCATION,20821300,JERE,05030125000300,Inclusive Education
Repairs Of ICT Facilities In Lawan College In Jere and Maiduguri.,0.0,3000000.0,3000000.0,0.0,5000000.0,0.0,0.0,221,0.37173,0.38971,051707400100,BORNO STATE MOHAMET LAWAN COLLEGE OF AGRICULTURE,23030127,REHABILITATION/REPAIRS- ICT INFRASTRUCTURES,70941,FIRST STAGE OF TERTIARY EDUCATION,20821300,JERE,05030125000400,Inclusive Education
Purchase Of 20Nos. of Executive Tables And 20Nos. of Executive Chairs For The Abba Ashigar College of Education Konduga,0.0,0.0,0.0,0.0,10000000.0,0.0,0.0,221,0.3799,0.39788,051707400100,BORNO STATE MOHAMET LAWAN COLLEGE OF AGRICULTURE,23010112,PURCHASE OF OFFICE FURNITURE AND FITTINGS,70941,FIRST STAGE OF TERTIARY EDUCATION,20821300,JERE,05030126000700,Inclusive Education
Purchase Of 1Nos. of Hp Desktop Computers And 1Nos. of Hp Laptops For The Abba Ashigar College of Education Konduga,0.0,0.0,0.0,0.0,1000000.0,0.0,0.0,221,0.38807,0.40605,051707400100,BORNO STATE MOHAMET LAWAN COLLEGE OF AGRICULTURE,23010114,PURCHASE OF COMPUTER PRINTERS,70941,FIRST STAGE OF TERTIARY EDUCATION,20821300,JERE,05030126000800,Inclusive Education
Purchase Of 1Nos. of Hp Printers For The Abba Ashigar College of Education Konduga,0.0,0.0,0.0,0.0,1000000.0,0.0,0.0,221,0.39624,0.41422,051707400100,BORNO STATE MOHAMET LAWAN COLLEGE OF AGRICULTURE,23010115,PURCHASE OF PHOTOCOPYING MACHINES,70941,FIRST STAGE OF TERTIARY EDUCATION,20821300,JERE,05030126000900,Inclusive Education
Purchase Of 1Nos. of Sharp Photocopying Machines For The Abba Ashigar College of Education Konduga,0.0,0.0,0.0,0.0,1000000.0,0.0,0.0,221,0.40441,0.42239,051707400100,BORNO STATE MOHAMET LAWAN COLLEGE OF AGRICULTURE,23010126,PURCHASE OF SPORTING / GAMING EQUIPMENT,70941,FIRST STAGE OF TERTIARY EDUCATION,20821300,JERE,05030126001000,Inclusive Education
Purchase Of 3Nos. of Hp Scanners For The Abba Ashigar College of Education Konduga,0.0,0.0,0.0,0.0,5000000.0,0.0,0.0,221,0.41258,0.43056,051707400100,BORNO STATE MOHAMET LAWAN COLLEGE OF AGRICULTURE,23010127,PURCHASE OF AGRICULTURAL EQUIPMENT,70941,FIRST STAGE OF TERTIARY EDUCATION,20821300,JERE,05030126001100,Inclusive Education
Purchase Of 1 No of Golf Car For Mohammed Goni College of Legal & Islamic Studies.,0.0,0.0,0.0,0.0,5000000.0,0.0,0.0,221,0.41993,0.43791,051707400100,BORNO STATE MOHAMET LAWAN COLLEGE OF AGRICULTURE,23010146,PURCHASE OF LIVESTOCK EQUIPMENT,70941,FIRST STAGE OF TERTIARY EDUCATION,20821300,JERE,05030126001200,Inclusive Education
Purchase of 5 Nos HP 500G ROM Laptop Computers For Mohammed Goni College of Legal & Islamic Studies.,0.0,0.0,0.0,0.0,82500000.0,0.0,0.0,221,0.4281,0.44608,051707400100,BORNO STATE MOHAMET LAWAN COLLEGE OF AGRICULTURE,23050104,ANNIVERSARIES/CELEBRATIONS,70941,FIRST STAGE OF TERTIARY EDUCATION,20821300,JERE,05030126001300,Inclusive Education
Purchase Of 61 office Furniture For Mohammed Goni College of Legal & Islamic Studies.,0.0,15000000.0,15000000.0,0.0,37500000.0,0.0,0.0,221,0.46814,0.48611,051707500100,BORNO STATE MOHAMMED GONI COLLEGE OF LEGAL & ISLAMIC STUDIES,23010112,PURCHASE OF OFFICE FURNITURE AND FITTINGS,70941,FIRST STAGE OF TERTIARY EDUCATION,20822100,MAIDUGURI METRO,05030123000100,Inclusive Education
Purchase Of 40 Classroom furniture For Mohammed Goni College of Legal & Islamic Studies.,0.0,15000000.0,15000000.0,0.0,10000000.0,0.0,0.0,221,0.47631,0.49428,051707500100,BORNO STATE MOHAMMED GONI COLLEGE OF LEGAL & ISLAMIC STUDIES,23010140,"PURCHASE OF SCHOOL FURNITURE, FITTINGS & EQUIPMENT",70941,FIRST STAGE OF TERTIARY EDUCATION,20822100,MAIDUGURI METRO,05030124000200,Inclusive Education
Rehabilitation / Repairs - 20 nos of classes in Mohammed Goni College of Legal,0.0,22000000.0,22000000.0,0.0,22000000.0,0.0,0.0,221,0.48448,0.50245,051707500100,BORNO STATE MOHAMMED GONI COLLEGE OF LEGAL & ISLAMIC STUDIES,23030106,REHABILITATION / REPAIRS - PUBLIC SCHOOLS,70941,FIRST STAGE OF TERTIARY EDUCATION,20822100,MAIDUGURI METRO,05030124000100,Inclusive Education
Purchase Of 1 nos of hilux trucks and 1 No of Golf Car For Mohammed Goni College of Legal & Islamic Studies.,0.0,18000000.0,18000000.0,0.0,100000000.0,0.0,0.0,221,0.49265,0.51062,051707500100,BORNO STATE MOHAMMED GONI COLLEGE OF LEGAL & ISLAMIC STUDIES,23010105,PURCHASE OF MOTOR VEHICLES,70941,FIRST STAGE OF TERTIARY EDUCATION,20822100,MAIDUGURI METRO,05030125000100,Inclusive Education
Purchase of 5 Nos HP 500G ROM Laptop Computers For Mohammed Goni College of Legal & Islamic Studies.,0.0,10000000.0,10000000.0,0.0,10500000.0,0.0,0.0,221,0.50082,0.51879,051707500100,BORNO STATE MOHAMMED GONI COLLEGE OF LEGAL & ISLAMIC STUDIES,23010113,PURCHASE OF COMPUTERS,70941,FIRST STAGE OF TERTIARY EDUCATION,20822100,MAIDUGURI METRO,05030125000200,Inclusive Education
Purchase of 2Nos HP Llaser jet Computer Printers and HP scanners For Mohammed Goni College of Legal & Islamic Studies.,0.0,2000000.0,2000000.0,0.0,1200000.0,0.0,0.0,221,0.50899,0.52696,051707500100,BORNO STATE MOHAMMED GONI COLLEGE OF LEGAL & ISLAMIC STUDIES,23010114,PURCHASE OF COMPUTER PRINTERS,70941,FIRST STAGE OF TERTIARY EDUCATION,20822100,MAIDUGURI METRO,05030125000300,Inclusive Education
Purchase Of 2Nos Sharp Photocopying Machines For Mohammed Goni College of Legal & Islamic Studies.,0.0,5000000.0,5000000.0,0.0,4000000.0,0.0,0.0,221,0.51634,0.53431,051707500100,BORNO STATE MOHAMMED GONI COLLEGE OF LEGAL & ISLAMIC STUDIES,23010115,PURCHASE OF PHOTOCOPYING MACHINES,70941,FIRST STAGE OF TERTIARY EDUCATION,20822100,MAIDUGURI METRO,05030125000400,Inclusive Education
Rehabilitation of Offices For Mohammed Goni College of Legal & Islamic Studies.,0.0,15000000.0,15000000.0,0.0,15000000.0,0.0,0.0,221,0.52451,0.54248,051707500100,BORNO STATE MOHAMMED GONI COLLEGE OF LEGAL & ISLAMIC STUDIES,23030121,REHABILITATION / REPAIRS OF OFFICE BUILDINGS,70611,HOUSING DEVELOPMENT,20822100,MAIDUGURI METRO,05030125000500,Inclusive Education
construction of 1 lecture theatre and Provision Of Lecture Desks And Table For Mohammed Goni College of Legal & Islamic Studies.,0.0,1000000000.0,1000000000.0,1000000000.0,541300000.0,0.0,0.0,221,0.53268,0.55065,051707500100,BORNO STATE MOHAMMED GONI COLLEGE OF LEGAL & ISLAMIC STUDIES,23020118,CONSTRUCTION / PROVISION OF INFRASTRUCTURE,70631,WATER SUPPLY,20822100,MAIDUGURI METRO,05030125000600,Inclusive Education
Construction Of Ict Center In mohammed goni collage of legal & islamic studies in MMC LGA,0.0,0.0,0.0,0.0,14000000.0,0.0,0.0,221,0.54085,0.55882,051707500100,BORNO STATE MOHAMMED GONI COLLEGE OF LEGAL & ISLAMIC STUDIES,23020105,CONSTRUCTION / PROVISION OF WATER FACILITIES,70631,WATER SUPPLY,20822100,MAIDUGURI METRO,05030126001400,Inclusive Education
Purchase Of200Kva Of Power Generating Set For mohammed goni collage of legal & islamic studies,0.0,0.0,0.0,0.0,50000000.0,0.0,0.0,221,0.54902,0.56699,051707500100,BORNO STATE MOHAMMED GONI COLLEGE OF LEGAL & ISLAMIC STUDIES,23010119,PURCHASE OF POWER GENERATING SET,70941,FIRST STAGE OF TERTIARY EDUCATION,20822100,MAIDUGURI METRO,05030126001500,Inclusive Education
Rehabilitation Of Mohammed Goni College of Legal & Islamic Studies office of provost in mmc LGA,0.0,0.0,0.0,0.0,7000000.0,0.0,0.0,221,0.55719,0.57516,051707500100,BORNO STATE MOHAMMED GONI COLLEGE OF LEGAL & ISLAMIC STUDIES,23030110,REHABILITATION / REPAIRS - LIBRARIES,70941,FIRST STAGE OF TERTIARY EDUCATION,20822100,MAIDUGURI METRO,05030126001600,Inclusive Education
Purchase Of 1Nos. Of Toyota Hilux 2020 for The Hon Commissioner Ministry of Health and Human Services,0.0,100000000.0,100000000.0,0.0,80000000.0,0.0,0.0,221,0.59722,0.6152,052100100100,MINISTRY OF HEALTH AND HUMAN SERVICES,23010105,PURCHASE OF MOTOR VEHICLES,70761,HEALTH N.E.C.,20822100,MAIDUGURI METRO,04010322000104,Health sector coordination mechanisms
"Procurement Of 6Nos. Of Executive Tables, Executive Chairs, 6Nos. Of Semi Executive Tables And Executive Chairs for the Ministry of Health and Human Services",0.0,25000000.0,25000000.0,0.0,15000000.0,0.0,0.0,221,0.60539,0.62337,052100100100,MINISTRY OF HEALTH AND HUMAN SERVICES,23010112,PURCHASE OF OFFICE FURNITURE AND FITTINGS,70761,HEALTH N.E.C.,20822100,MAIDUGURI METRO,04010323000104,Health sector coordination mechanisms
Procuremtn Of 6Nos. Of Hp Laptops for the Ministry of Health and Human Services,890000000.0,10000000.0,10000000.0,0.0,5000000.0,0.0,0.0,221,0.61356,0.63154,052100100100,MINISTRY OF HEALTH AND HUMAN SERVICES,23010113,PURCHASE OF COMPUTERS,70761,HEALTH N.E.C.,20822100,MAIDUGURI METRO,04010323000102,Health sector coordination mechanisms
Procurement Of 5Nos. Of Hp MX360 3 In 1 Printers for the Ministry of Health and Human Services.,0.0,5000000.0,5000000.0,96729525.0,5000000.0,0.0,0.0,221,0.62092,0.63889,052100100100,MINISTRY OF HEALTH AND HUMAN SERVICES,23010114,PURCHASE OF COMPUTER PRINTERS,70761,HEALTH N.E.C.,20822100,MAIDUGURI METRO,04010323000202,Health sector coordination mechanisms
Procurement Of 2Nos. Of MW 351 Sharp Brand photocopy Machines for the Ministry of Health and Human Services,0.0,5000000.0,5000000.0,0.0,500000.0,0.0,0.0,221,0.62908,0.64706,052100100100,MINISTRY OF HEALTH AND HUMAN SERVICES,23010115,PURCHASE OF PHOTOCOPYING MACHINES,70761,HEALTH N.E.C.,20822100,MAIDUGURI METRO,04010323000302,Health sector coordination mechanisms
Procurement Of Hospital Beds With Side Drawers to PHC in Central Store at MMC LGAs.,4856775345.08,1000000000.0,1000000000.0,824781239.52,600000000.0,0.0,0.0,221,0.63725,0.65523,052100100100,MINISTRY OF HEALTH AND HUMAN SERVICES,23010122,PURCHASE OF HEALTH / MEDICAL EQUIPMENT,70761,HEALTH N.E.C.,20822100,MAIDUGURI METRO,04010323000401,Health sector coordination mechanisms
"Construction Of Logistics Management, Coordination Offices And Land Scaping At The Medical Store across the state.",0.0,200000000.0,200000000.0,10724940428.75,80000000.0,0.0,0.0,221,0.64542,0.6634,052100100100,MINISTRY OF HEALTH AND HUMAN SERVICES,23020101,CONSTRUCTION / PROVISION OF OFFICE BUILDINGS,70611,HOUSING DEVELOPMENT,20822100,MAIDUGURI METRO,04010323000101,Health sector coordination mechanisms
Construction Of Block Of Boys Quarters At College Of Nursing Staff Quarters Maiduguri.,90000000.0,1000000000.0,1000000000.0,0.0,0.0,0.0,0.0,221,0.65359,0.67157,052100100100,MINISTRY OF HEALTH AND HUMAN SERVICES,23020102,CONSTRUCTION / PROVISION OF RESIDENTIAL BUILDINGS,70621,COMMUNITY DEVELOPMENT,20822100,MAIDUGURI METRO,04010323000502,Health sector coordination mechanisms
Construction Of Health Centers at BAYO LGA,1370000557.0,5200000000.0,5200000000.0,0.0,900000000.0,0.0,0.0,221,0.66176,0.67974,052100100100,MINISTRY OF HEALTH AND HUMAN SERVICES,23020106,CONSTRUCTION / PROVISION OF HOSPITALS / HEALTH CENTRES,70761,HEALTH N.E.C.,20830400,BAYO,04030124001301,"Reproductive, maternal and neonatal health"
Construction Of Ict Center In MMC LGA,0.0,112700000.0,112700000.0,0.0,30000000.0,0.0,0.0,221,0.66912,0.68709,052100100100,MINISTRY OF HEALTH AND HUMAN SERVICES,23020127,CONSTRUCTION OF ICT INFRASTRUCTURES,70761,HEALTH N.E.C.,20822100,MAIDUGURI METRO,04010323000602,Health sector coordination mechanisms
Rehabilitation Of General Hospitals in Konduga LGA,0.0,1750000000.0,1750000000.0,0.0,1000000000.0,0.0,0.0,221,0.67729,0.69526,052100100100,MINISTRY OF HEALTH AND HUMAN SERVICES,23030105,REHABILITATION / REPAIRS - HOSPITAL / HEALTH CENTRES,70731,GENERAL HOSPITAL SERVICES,20821600,KONDUGA,04010323000202,Health sector coordination mechanisms
Rehabilitation Of Class Rooms At College Of Health Technology Maiduguri.,0.0,110000000.0,110000000.0,0.0,80000000.0,0.0,0.0,221,0.68546,0.70343,052100100100,MINISTRY OF HEALTH AND HUMAN SERVICES,23030106,REHABILITATION / REPAIRS - PUBLIC SCHOOLS,70741,PUBLIC HEALTH SERVICES,20822100,MAIDUGURI METRO,04010323000702,Health sector coordination mechanisms
Repairs Of Offices in College of Health GWOZA LGAs.,0.0,200000000.0,200000000.0,0.0,100000000.0,0.0,0.0,221,0.69363,0.7116,052100100100,MINISTRY OF HEALTH AND HUMAN SERVICES,23030121,REHABILITATION / REPAIRS OF OFFICE BUILDINGS,70741,PUBLIC HEALTH SERVICES,20831100,GWOZA,04010324000102,Health sector coordination mechanisms
Rehabilitation Of Existing Staff Quarters At College Of Nursing Maiduguri.,0.0,100000000.0,100000000.0,0.0,100000000.0,0.0,0.0,221,0.7018,0.71977,052100100100,MINISTRY OF HEALTH AND HUMAN SERVICES,23030101,REHABILITATION / REPAIRS OF RESIDENTIAL BUILDING,70741,PUBLIC HEALTH SERVICES,20822100,MAIDUGURI METRO,04010323000202,Health sector coordination mechanisms
Research on communicable diseases and creating development within JERE LGAs,150000000.0,20000000.0,20000000.0,52960000.0,20000000.0,0.0,0.0,221,0.70997,0.72794,052100100100,MINISTRY OF HEALTH AND HUMAN SERVICES,23050101,RESEARCH AND DEVELOPMENT,70761,HEALTH N.E.C.,20821300,JERE,04010324000101,Health sector coordination mechanisms
Provision Of Relevant Survying Software for the Ministry of Health and Human Services.,0.0,2000000.0,2000000.0,0.0,1000000.0,0.0,0.0,221,0.71814,0.73611,052100100100,MINISTRY OF HEALTH AND HUMAN SERVICES,23050102,COMPUTER SOFTWARE ACQUISITION,70761,HEALTH N.E.C.,20822100,MAIDUGURI METRO,04010324000102,Health sector coordination mechanisms
Conduct Quarterly monitoring and evaluation Supervision To Health Facilities across the state.,0.0,150000000.0,150000000.0,25200000.0,100000000.0,0.0,0.0,221,0.72549,0.74346,052100100100,MINISTRY OF HEALTH AND HUMAN SERVICES,23050103,MONITORING AND EVALUATION,70761,HEALTH N.E.C.,20822100,MAIDUGURI METRO,04010324000102,Health sector coordination mechanisms
"Celebrations of Eid fitr, Eid kabir, Christmas, independence day and Easter for the Ministry of Health and Human Services",0.0,1000000.0,1000000.0,0.0,1000000.0,0.0,0.0,221,0.73366,0.75163,052100100100,MINISTRY OF HEALTH AND HUMAN SERVICES,23050104,ANNIVERSARIES/CELEBRATIONS,70761,HEALTH N.E.C.,20842800,State wide,04010324000202,Health sector coordination mechanisms
"Capacity building Of doctors, clinical recorders and nursing Staff At Different Departments Within Jere LGA.",0.0,650000000.0,650000000.0,1137523008.42,550000000.0,0.0,0.0,221,0.74183,0.7598,052100100100,MINISTRY OF HEALTH AND HUMAN SERVICES,23050130,HUMAN CAPITAL DEVELOPMENT,70761,HEALTH N.E.C.,20822100,MAIDUGURI METRO,04010324000102,Health sector coordination mechanisms
Construction Of Health Centers at DIKWA LGA,0.0,3000925000.0,3000925000.0,0.0,1000000000.0,0.0,0.0,221,0.75,0.76797,052100100100,MINISTRY OF HEALTH AND HUMAN SERVICES,23020106,CONSTRUCTION / PROVISION OF HOSPITALS / HEALTH CENTRES,70741,PUBLIC HEALTH SERVICES,20820800,DIKWA,04030124001301,"Reproductive, maternal and neonatal health"
Construction Of Health Centers at KUKAWA LGA,0.0,7236000000.0,7236000000.0,0.0,1000000000.0,0.0,0.0,221,0.75817,0.77614,052100100100,MINISTRY OF HEALTH AND HUMAN SERVICES,23020106,CONSTRUCTION / PROVISION OF HOSPITALS / HEALTH CENTRES,70741,PUBLIC HEALTH SERVICES,20811700,KUKAWA,04030124001301,"Reproductive, maternal and neonatal health"
Rehabilitation Of General Hospitals in shani lgas,0.0,2250000000.0,2250000000.0,0.0,1000000000.0,0.0,0.0,221,0.76634,0.78431,052100100100,MINISTRY OF HEALTH AND HUMAN SERVICES,23030105,REHABILITATION / REPAIRS - HOSPITAL / HEALTH CENTRES,70741,PUBLIC HEALTH SERVICES,20811700,KUKAWA,04010323000202,Health sector coordination mechanisms
Procurement Of One Students toyota 2010 Shuttle Bus for the Ministry of Health and Human Services,0.0,0.0,0.0,0.0,1000000000.0,0.0,0.0,221,0.77369,0.79167,052100100100,MINISTRY OF HEALTH AND HUMAN SERVICES,23010108,PURCHASE OF BUSES,70761,HEALTH N.E.C.,20811700,KUKAWA,04010326000104,Health sector coordination mechanisms
Purchase Of 2 Shredding Machines For Ministry of Health and Human Services,0.0,0.0,0.0,0.0,2000000.0,0.0,0.0,221,0.78186,0.79984,052100100100,MINISTRY OF HEALTH AND HUMAN SERVICES,23010117,PURCHASE OF SHREDDING MACHINES,70761,HEALTH N.E.C.,20811700,KUKAWA,04010326000204,Health sector coordination mechanisms
purchase Of scanner to General Hospitals in shani lgas,0.0,0.0,0.0,0.0,1000000.0,0.0,0.0,221,0.79003,0.80801,052100100100,MINISTRY OF HEALTH AND HUMAN SERVICES,23010118,PURCHASE OF SCANNERS,70761,HEALTH N.E.C.,20811700,KUKAWA,04010326000304,Health sector coordination mechanisms
Construction Of Health Centers at DIKWA LGA,0.0,0.0,0.0,0.0,1000000000.0,0.0,0.0,221,0.7982,0.81618,052100100100,MINISTRY OF HEALTH AND HUMAN SERVICES,23020106,CONSTRUCTION / PROVISION OF HOSPITALS / HEALTH CENTRES,70741,PUBLIC HEALTH SERVICES,20811700,KUKAWA,04010326000401,Health sector coordination mechanisms
Construction Of Health Centers at KUKAWA LGA,0.0,0.0,0.0,0.0,1000000000.0,0.0,0.0,221,0.80637,0.82435,052100100100,MINISTRY OF HEALTH AND HUMAN SERVICES,23020106,CONSTRUCTION / PROVISION OF HOSPITALS / HEALTH CENTRES,70741,PUBLIC HEALTH SERVICES,20811700,KUKAWA,04010326000501,Health sector coordination mechanisms
Construction Of General Hospitals in shani lgas,0.0,0.0,0.0,0.0,1000000000.0,0.0,0.0,221,0.81454,0.83252,052100100100,MINISTRY OF HEALTH AND HUMAN SERVICES,23020106,CONSTRUCTION / PROVISION OF HOSPITALS / HEALTH CENTRES,70741,PUBLIC HEALTH SERVICES,20811700,KUKAWA,04010326000601,Health sector coordination mechanisms
Construction Of Health Centers at GWOZA LGA,0.0,0.0,0.0,0.0,1000000000.0,0.0,0.0,221,0.8219,0.83987,052100100100,MINISTRY OF HEALTH AND HUMAN SERVICES,23020106,CONSTRUCTION / PROVISION OF HOSPITALS / HEALTH CENTRES,70741,PUBLIC HEALTH SERVICES,20811700,KUKAWA,04010326000701,Health sector coordination mechanisms
Construction Of Health Centers at HAWUL LGA,0.0,0.0,0.0,0.0,1300000000.0,0.0,0.0,221,0.83007,0.84804,052100100100,MINISTRY OF HEALTH AND HUMAN SERVICES,23020106,CONSTRUCTION / PROVISION OF HOSPITALS / HEALTH CENTRES,70741,PUBLIC HEALTH SERVICES,20811700,KUKAWA,04010326000801,Health sector coordination mechanisms
Construction Of General Hospitals in BIU LGA,0.0,0.0,0.0,0.0,1000000000.0,0.0,0.0,221,0.83824,0.85621,052100100100,MINISTRY OF HEALTH AND HUMAN SERVICES,23020106,CONSTRUCTION / PROVISION OF HOSPITALS / HEALTH CENTRES,70741,PUBLIC HEALTH SERVICES,20811700,KUKAWA,04010326000901,Health sector coordination mechanisms
Construction Of Health Centers at ASKIRA UBA LGA,0.0,0.0,0.0,0.0,1000000000.0,0.0,0.0,221,0.84641,0.86438,052100100100,MINISTRY OF HEALTH AND HUMAN SERVICES,23020106,CONSTRUCTION / PROVISION OF HOSPITALS / HEALTH CENTRES,70741,PUBLIC HEALTH SERVICES,20811700,KUKAWA,04010326001001,Health sector coordination mechanisms
Construction Of 1No of Health Centers at KWAYA KUSAR LGA,0.0,0.0,0.0,0.0,1237600000.0,0.0,0.0,221,0.85458,0.87255,052100100100,MINISTRY OF HEALTH AND HUMAN SERVICES,23020118,CONSTRUCTION / PROVISION OF INFRASTRUCTURE,70741,PUBLIC HEALTH SERVICES,20811700,KUKAWA,04010326001101,Health sector coordination mechanisms
Constrcution Of 1No of General Hospitals in MONGUNO LGA,0.0,0.0,0.0,0.0,1237600000.0,0.0,0.0,221,0.86275,0.88072,052100100100,MINISTRY OF HEALTH AND HUMAN SERVICES,23020118,CONSTRUCTION / PROVISION OF INFRASTRUCTURE,70741,PUBLIC HEALTH SERVICES,20811700,KUKAWA,04010326001201,Health sector coordination mechanisms
Construction Of 1No of Health Centers at MAGUMERI LGA,0.0,0.0,0.0,0.0,1527600000.0,0.0,0.0,221,0.87092,0.88889,052100100100,MINISTRY OF HEALTH AND HUMAN SERVICES,23020118,CONSTRUCTION / PROVISION OF INFRASTRUCTURE,70741,PUBLIC HEALTH SERVICES,20811700,KUKAWA,04010326001301,Health sector coordination mechanisms
Construction Of 1No of Health Centers at KAGA LGA,0.0,0.0,0.0,0.0,1737600000.0,0.0,0.0,221,0.87827,0.89624,052100100100,MINISTRY OF HEALTH AND HUMAN SERVICES,23020118,CONSTRUCTION / PROVISION OF INFRASTRUCTURE,70741,PUBLIC HEALTH SERVICES,20811700,KUKAWA,04010326001401,Health sector coordination mechanisms
Constrcution Of 1No of General Hospitals in NGANZAI,0.0,0.0,0.0,0.0,1737600000.0,0.0,0.0,221,0.88644,0.90441,052100100100,MINISTRY OF HEALTH AND HUMAN SERVICES,23020118,CONSTRUCTION / PROVISION OF INFRASTRUCTURE,70741,PUBLIC HEALTH SERVICES,20811700,KUKAWA,04010326001501,Health sector coordination mechanisms
Rehabilitation Of 1No of General Hospitals in BAYO,0.0,0.0,0.0,0.0,1000000000.0,0.0,0.0,221,0.89461,0.91258,052100100100,MINISTRY OF HEALTH AND HUMAN SERVICES,23030105,REHABILITATION / REPAIRS - HOSPITAL / HEALTH CENTRES,70741,PUBLIC HEALTH SERVICES,20811700,KUKAWA,04010326001602,Health sector coordination mechanisms
"NUT.4.MIYCN.3.1. 7. Train health workers on key household practices including Maternal Infant and Young Child Feeding/ Nutrition, HIV/AIDs Counseling and Testing",0.0,0.0,0.0,0.0,545000000.0,0.0,545000000.0,221,0.90278,0.92075,052100100100,MINISTRY OF HEALTH AND HUMAN SERVICES,23050103,MONITORING AND EVALUATION,70761,HEALTH N.E.C.,20811700,KUKAWA,04010326001702,Health sector coordination mechanisms
"NUT.4.IMAM.2.1. 6. Build capacity of HWs to promote women’s nutritional status through Dietary Counseling during Adolescence, Pregnancy and Lactation",0.0,0.0,0.0,0.0,15000000.0,0.0,15000000.0,222,0.09069,0.10866,052100100100,MINISTRY OF HEALTH AND HUMAN SERVICES,23050103,MONITORING AND EVALUATION,70761,HEALTH N.E.C.,20811700,KUKAWA,04010326001802,Health sector coordination mechanisms
NUT.6.FNS.1.5.4. Production/Procurement and distribution of Ready-to-Use Therapeutic Food (RUTF) packages to nutrition-in -emergency affected people,0.0,0.0,0.0,0.0,210000000.0,0.0,210000000.0,222,0.09886,0.11683,052100100100,MINISTRY OF HEALTH AND HUMAN SERVICES,23020118,CONSTRUCTION / PROVISION OF INFRASTRUCTURE,70761,HEALTH N.E.C.,20811700,KUKAWA,04010326001902,Health sector coordination mechanisms
NUT.4.ME.4.1. 6 Develop Supportive Supervision Monitoring and Evaluation tools for tracking nutrition programmes in the State,0.0,0.0,0.0,0.0,217000000.0,0.0,217000000.0,222,0.10621,0.12418,052100100100,MINISTRY OF HEALTH AND HUMAN SERVICES,23050103,MONITORING AND EVALUATION,70761,HEALTH N.E.C.,20811700,KUKAWA,04010326002002,Health sector coordination mechanisms
NUT.2.MYCN.2.1. 7. Promote and Support Early initiation and Exclusive Breastfeeding from 0 to 6 months and continued breastfeeding up to 2 years and beyond,0.0,0.0,0.0,0.0,900000000.0,0.0,900000000.0,222,0.11438,0.13235,052100100100,MINISTRY OF HEALTH AND HUMAN SERVICES,23050103,MONITORING AND EVALUATION,70761,HEALTH N.E.C.,20811700,KUKAWA,04010326002102,Health sector coordination mechanisms
NUT.5.MYCN.2.1.10. Conduct community dialogue maternal infant and young Child Nutrition (MIYCN,0.0,0.0,0.0,0.0,1910000000.0,0.0,1910000000.0,222,0.12255,0.14052,052100100100,MINISTRY OF HEALTH AND HUMAN SERVICES,23050103,MONITORING AND EVALUATION,70761,HEALTH N.E.C.,20811700,KUKAWA,04010326002202,Health sector coordination mechanisms
Purchase of Tricycle ambulances + ambulance repairs/replacement,0.0,0.0,0.0,0.0,600000000.0,0.0,0.0,222,0.13072,0.14869,052100100100,MINISTRY OF HEALTH AND HUMAN SERVICES,23010104,PURCHASE MOTOR CYCLES,70741,PUBLIC HEALTH SERVICES,20811700,KUKAWA,04010326003302,Health sector coordination mechanisms
Construction of New PHCs in underserved/zero-coverage communities.,0.0,0.0,0.0,0.0,2000000000.0,0.0,0.0,222,0.13889,0.15686,052100100100,MINISTRY OF HEALTH AND HUMAN SERVICES,23020106,CONSTRUCTION / PROVISION OF HOSPITALS / HEALTH CENTRES,70741,PUBLIC HEALTH SERVICES,20842800,State wide,04010326003402,Health sector coordination mechanisms
Purchase Of 3 No. Of GOLF WAGON For zonal office Maiduguri main office,0.0,248000000.0,238000000.0,28462370.0,24000000.0,0.0,0.0,222,0.17892,0.1969,052100200100,BORNO STATE CONTRIBUTORY HEALTH CARE MANAGEMENT AGENCY,23010105,PURCHASE OF MOTOR VEHICLES,70741,PUBLIC HEALTH SERVICES,20822100,MAIDUGURI METRO,04090224000103,Mobilising employers’ contributions to the State Social Health Insurance Scheme
Purchase Of Various Executive Tables And Excutive Chairs Within The Contributory Health Care Management Agency main office in maiduguri,0.0,16763000.0,16763000.0,0.0,200000000.0,0.0,0.0,222,0.18709,0.20507,052100200100,BORNO STATE CONTRIBUTORY HEALTH CARE MANAGEMENT AGENCY,23010112,PURCHASE OF OFFICE FURNITURE AND FITTINGS,70741,PUBLIC HEALTH SERVICES,20822100,MAIDUGURI METRO,04090224000203,Mobilising employers’ contributions to the State Social Health Insurance Scheme
Purchase Of 5 Hp stream 11 intel celeron Desktop Computers And 5 Hp pro Laptops For Contributory Health Care Management Agency,2043000.0,5486000.0,5486000.0,3800000.0,30000000.0,0.0,0.0,222,0.19526,0.21324,052100200100,BORNO STATE CONTRIBUTORY HEALTH CARE MANAGEMENT AGENCY,23010113,PURCHASE OF COMPUTERS,70741,PUBLIC HEALTH SERVICES,20822100,MAIDUGURI METRO,04090224000303,Mobilising employers’ contributions to the State Social Health Insurance Scheme
Purchase Of 5 Hp MX900 Printers For Contributory Health Care Management Agency,0.0,1525000.0,1525000.0,0.0,10000000.0,0.0,0.0,222,0.20343,0.22141,052100200100,BORNO STATE CONTRIBUTORY HEALTH CARE MANAGEMENT AGENCY,23010114,PURCHASE OF COMPUTER PRINTERS,70741,PUBLIC HEALTH SERVICES,20822100,MAIDUGURI METRO,04090224000403,Mobilising employers’ contributions to the State Social Health Insurance Scheme
Purchase Of 5 Sharp MD200 Photocopying Machines For Contributory Health Care Management Agency,185000.0,2315000.0,2315000.0,2200000.0,5000000.0,0.0,0.0,222,0.21078,0.22876,052100200100,BORNO STATE CONTRIBUTORY HEALTH CARE MANAGEMENT AGENCY,23010115,PURCHASE OF PHOTOCOPYING MACHINES,70741,PUBLIC HEALTH SERVICES,20822100,MAIDUGURI METRO,04090224000503,Mobilising employers’ contributions to the State Social Health Insurance Scheme
Purchase Of 5 Epson DS-530 11 Scanners For Contributory Health Care Management Agency,0.0,1160000.0,1160000.0,0.0,5000000.0,0.0,0.0,222,0.21895,0.23693,052100200100,BORNO STATE CONTRIBUTORY HEALTH CARE MANAGEMENT AGENCY,23010118,PURCHASE OF SCANNERS,70741,PUBLIC HEALTH SERVICES,20822100,MAIDUGURI METRO,04090224000603,Mobilising employers’ contributions to the State Social Health Insurance Scheme
Purchase Of200Kva Of Power Generating Set For Contributory Health Care Management Agency in Maid,0.0,6326000.0,6326000.0,0.0,0.0,0.0,0.0,222,0.22712,0.2451,052100200100,BORNO STATE CONTRIBUTORY HEALTH CARE MANAGEMENT AGENCY,23010119,PURCHASE OF POWER GENERATING SET70741 - PUBLIC HEALTH SERVICES,,uguri main office,20822100,MAIDUGURI METRO,04090224000703,Mobilising employers’ contributions to the State Social Health Insurance Scheme
Provision Of Electricity To The Contributory Health Care Management Agency in Maiduguri main office,0.0,5250000.0,5250000.0,0.0,14000000.0,0.0,0.0,222,0.23529,0.25327,052100200100,BORNO STATE CONTRIBUTORY HEALTH CARE MANAGEMENT AGENCY,23020103,CONSTRUCTION / PROVISION OF ELECTRICITY,70435,ELECTRICITY,20822100,MAIDUGURI METRO,04090224000803,Mobilising employers’ contributions to the State Social Health Insurance Scheme
Construction Of Ict Center In The Healthcare Management Agency in Maiduguri main office,0.0,15000000.0,25000000.0,24959370.0,20000000.0,0.0,0.0,222,0.24346,0.26144,052100200100,BORNO STATE CONTRIBUTORY HEALTH CARE MANAGEMENT AGENCY,23020127,CONSTRUCTION OF ICT INFRASTRUCTURES,70741,PUBLIC HEALTH SERVICES,20822100,MAIDUGURI METRO,04090224000903,Mobilising employers’ contributions to the State Social Health Insurance Scheme
Monitoring And Supervision On Contributory Pension Across The State.,3031020.0,50000000.0,149999000.0,73652870.74,314458000.0,0.0,0.0,222,0.25163,0.26961,052100200100,BORNO STATE CONTRIBUTORY HEALTH CARE MANAGEMENT AGENCY,23050103,MONITORING AND EVALUATION,70741,PUBLIC HEALTH SERVICES,20842800,State wide,04090224000103,Mobilising employers’ contributions to the State Social Health Insurance Scheme
Purchase Of 3 NO TOYATO HILUX TRUCK TO ALL THE ZONAL OFFICES,8343418.61,0.0,944423000.0,682341044.24,250000000.0,0.0,0.0,222,0.2598,0.27778,052100200100,BORNO STATE CONTRIBUTORY HEALTH CARE MANAGEMENT AGENCY,23010107,PURCHASE OF TRUCKS,70741,PUBLIC HEALTH SERVICES,20822100,MAIDUGURI METRO,04090226000103,Mobilising employers’ contributions to the State Social Health Insurance Scheme
Provision/ PURCHASE OF 3 NO OF 18 SEATER BUS To The Contributory Health Care Management Agency in Maiduguri main office,385252467.83,0.0,0.0,0.0,80000000.0,0.0,0.0,222,0.26716,0.28513,052100200100,BORNO STATE CONTRIBUTORY HEALTH CARE MANAGEMENT AGENCY,23010108,PURCHASE OF BUSES,70741,PUBLIC HEALTH SERVICES,20822100,MAIDUGURI METRO,04090226000203,Mobilising employers’ contributions to the State Social Health Insurance Scheme
Construction/ PROVISION OF OFFICE BUILDING In The Healthcare Management Agency in Maiduguri main office,0.0,0.0,0.0,0.0,450000000.0,0.0,0.0,222,0.27533,0.2933,052100200100,BORNO STATE CONTRIBUTORY HEALTH CARE MANAGEMENT AGENCY,23020101,CONSTRUCTION / PROVISION OF OFFICE BUILDINGS,70611,HOUSING DEVELOPMENT,20822100,MAIDUGURI METRO,04090226000303,Mobilising employers’ contributions to the State Social Health Insurance Scheme
AQUISATION OF COMPUTER SOFTWARE TO THE AGENCY AND STATE WIDE,0.0,0.0,0.0,0.0,30000000.0,0.0,0.0,222,0.2835,0.30147,052100200100,BORNO STATE CONTRIBUTORY HEALTH CARE MANAGEMENT AGENCY,23050102,COMPUTER SOFTWARE ACQUISITION,70741,PUBLIC HEALTH SERVICES,20822100,MAIDUGURI METRO,04090226000403,Mobilising employers’ contributions to the State Social Health Insurance Scheme
Procurement Of 4Nos. Of Executive Tables And Excutive Chairs for State Primary Healthcare Development Agency Maiduguri main office,0.0,10000000.0,10000000.0,0.0,100000000.0,0.0,0.0,222,0.32353,0.3415,052100300100,BORNO STATE PRIMARY HEALTHCARE DEVELOPMENT BOARD (BSPHCDB),23010112,PURCHASE OF OFFICE FURNITURE AND FITTINGS,70741,PUBLIC HEALTH SERVICES,20822100,MAIDUGURI METRO,04030124001001,"Reproductive, maternal and neonatal health"
Procurement 10 Nos. Of Medical Equipment at gubio lgas etc,0.0,50000000.0,50000000.0,0.0,100000000.0,0.0,0.0,222,0.3317,0.34967,052100300100,BORNO STATE PRIMARY HEALTHCARE DEVELOPMENT BOARD (BSPHCDB),23010122,PURCHASE OF HEALTH / MEDICAL EQUIPMENT,70741,PUBLIC HEALTH SERVICES,20822100,MAIDUGURI METRO,04030124001101,"Reproductive, maternal and neonatal health"
Repairs Of Office In The Zonal Offices At Mmc LGA.,0.0,150000000.0,150000000.0,0.0,100000000.0,0.0,0.0,222,0.33987,0.35784,052100300100,BORNO STATE PRIMARY HEALTHCARE DEVELOPMENT BOARD (BSPHCDB),23030101,REHABILITATION / REPAIRS OF RESIDENTIAL BUILDING,70621,COMMUNITY DEVELOPMENT,20822100,MAIDUGURI METRO,04030124001201,"Reproductive, maternal and neonatal health"
Rehabilitation Of Hospital / Health Centres IN THE WHOLE STATE,0.0,3039000000.0,3039000000.0,0.0,2000000000.0,0.0,0.0,222,0.34804,0.36601,052100300100,BORNO STATE PRIMARY HEALTHCARE DEVELOPMENT BOARD (BSPHCDB),23030105,REHABILITATION / REPAIRS - HOSPITAL / HEALTH CENTRES,70741,PUBLIC HEALTH SERVICES,20842800,State wide,04030124001301,"Reproductive, maternal and neonatal health"
Rehabilitation Of Offices for State Primary Healthcare Development Agency main office in Maiduguri,0.0,50000000.0,50000000.0,0.0,300000000.0,0.0,0.0,222,0.35621,0.37418,052100300100,BORNO STATE PRIMARY HEALTHCARE DEVELOPMENT BOARD (BSPHCDB),23030121,REHABILITATION / REPAIRS OF OFFICE BUILDINGS,70611,HOUSING DEVELOPMENT,20822100,MAIDUGURI METRO,04030124001401,"Reproductive, maternal and neonatal health"
Research On Communicable Diseases Across The State.,0.0,20000000.0,20000000.0,0.0,35000000.0,0.0,0.0,222,0.36356,0.38154,052100300100,BORNO STATE PRIMARY HEALTHCARE DEVELOPMENT BOARD (BSPHCDB),23050101,RESEARCH AND DEVELOPMENT,70741,PUBLIC HEALTH SERVICES,20842800,State wide,04030124001501,"Reproductive, maternal and neonatal health"
Acquisition of Computer Software for State Primary Healthcare Development Agency main office in maiduguri,0.0,5000000.0,5000000.0,0.0,15000000.0,0.0,0.0,222,0.37173,0.38971,052100300100,BORNO STATE PRIMARY HEALTHCARE DEVELOPMENT BOARD (BSPHCDB),23050102,COMPUTER SOFTWARE ACQUISITION,70741,PUBLIC HEALTH SERVICES,20842800,State wide,04030124001601,"Reproductive, maternal and neonatal health"
Monitoring And Supervision Of All Health Care Centers In The State.,0.0,250000000.0,250000000.0,0.0,400000000.0,0.0,0.0,222,0.3799,0.39788,052100300100,BORNO STATE PRIMARY HEALTHCARE DEVELOPMENT BOARD (BSPHCDB),23050103,MONITORING AND EVALUATION,70741,PUBLIC HEALTH SERVICES,20842800,State wide,04030124001701,"Reproductive, maternal and neonatal health"
Training Of 100 Nos. Of Stundent In College Of Health & Nursing FOR THE WHOLE STATE.,0.0,50000000.0,50000000.0,0.0,100000000.0,0.0,0.0,222,0.38807,0.40605,052100300100,BORNO STATE PRIMARY HEALTHCARE DEVELOPMENT BOARD (BSPHCDB),23050130,HUMAN CAPITAL DEVELOPMENT,70741,PUBLIC HEALTH SERVICES,20842800,State wide,04030124000101,"Reproductive, maternal and neonatal health"
"Control Of Out Break Of Communicable Diseases, Funds, Nutrition, Reproductive Health And Family Planning Programes & Counterpart Fund For Phc Mou And Bhcpf across the state.",0.0,2122997000.0,2122997000.0,2076712327.1,0.0,0.0,0.0,222,0.39624,0.41422,052100300100,BORNO STATE PRIMARY HEALTHCARE DEVELOPMENT BOARD (BSPHCDB),23050101,RESEARCH AND DEVELOPMENT,70741,PUBLIC HEALTH SERVICES,20842800,State wide,04030124000201,"Reproductive, maternal and neonatal health"
NUT.5.IEC/SBCC.2.1.10. Conduct community dialogue maternal infant and young Child Nutrition (MIYCN,0.0,3000000000.0,3000000000.0,0.0,0.0,0.0,0.0,222,0.40441,0.42239,052100300100,BORNO STATE PRIMARY HEALTHCARE DEVELOPMENT BOARD (BSPHCDB),23050103,MONITORING AND EVALUATION,70741,PUBLIC HEALTH SERVICES,20821300,JERE,04030124001301,"Reproductive, maternal and neonatal health"
NUT.3.IMAM.3.1. 9. Support active case finding of MAM & SAM and provide appropriate treatment,0.0,0.0,0.0,0.0,95431000.0,0.0,95431000.0,222,0.41258,0.43056,052100300100,BORNO STATE PRIMARY HEALTHCARE DEVELOPMENT BOARD (BSPHCDB),23050101,RESEARCH AND DEVELOPMENT,70741,PUBLIC HEALTH SERVICES,20821300,JERE,04030126000201,"Reproductive, maternal and neonatal health"
NUT.3.MS.2.1. 2. Support Routine Iron-folic acid /Multiple micronutrient supplements (MMS) distribution to pregnant women,0.0,0.0,0.0,0.0,139195000.0,0.0,139195000.0,222,0.41993,0.43791,052100300100,BORNO STATE PRIMARY HEALTHCARE DEVELOPMENT BOARD (BSPHCDB),23010122,PURCHASE OF HEALTH / MEDICAL EQUIPMENT,70741,PUBLIC HEALTH SERVICES,20821300,JERE,04030126000301,"Reproductive, maternal and neonatal health"
NUT.2.IDH.2.1. 3. Sustain On-going Iron-folic acid /MMS supplementation for pregnant women during MNCH Weeks,0.0,0.0,0.0,0.0,36000000.0,0.0,36000000.0,222,0.4281,0.44608,052100300100,BORNO STATE PRIMARY HEALTHCARE DEVELOPMENT BOARD (BSPHCDB),23010122,PURCHASE OF HEALTH / MEDICAL EQUIPMENT,70741,PUBLIC HEALTH SERVICES,20821300,JERE,04030126000401,"Reproductive, maternal and neonatal health"
NUT.3.IDH.2.1. 4. Strengthen vitamin A supplementation during MNCHW for under-5 children (UNICEF),0.0,0.0,0.0,0.0,440436000.0,0.0,440436000.0,222,0.43627,0.45425,052100300100,BORNO STATE PRIMARY HEALTHCARE DEVELOPMENT BOARD (BSPHCDB),23010122,PURCHASE OF HEALTH / MEDICAL EQUIPMENT,70741,PUBLIC HEALTH SERVICES,20821300,JERE,04030126000501,"Reproductive, maternal and neonatal health"
NUT.3.MS.2.1. 5. Support Routine Vitamin A supplementation for under-5 children,0.0,0.0,0.0,0.0,30000000.0,0.0,30000000.0,222,0.44444,0.46242,052100300100,BORNO STATE PRIMARY HEALTHCARE DEVELOPMENT BOARD (BSPHCDB),23010122,PURCHASE OF HEALTH / MEDICAL EQUIPMENT,70741,PUBLIC HEALTH SERVICES,20821300,JERE,04030126000601,"Reproductive, maternal and neonatal health"
"NUT.2.HRN.2.1. 6. Build capacity of HWs to promote women’s nutritional status through Dietary Counseling during Adolescence, Pregnancy and Lactation",0.0,0.0,0.0,0.0,462336000.0,0.0,462336000.0,222,0.45261,0.47059,052100300100,BORNO STATE PRIMARY HEALTHCARE DEVELOPMENT BOARD (BSPHCDB),23050103,MONITORING AND EVALUATION,70741,PUBLIC HEALTH SERVICES,20821300,JERE,04030126000701,"Reproductive, maternal and neonatal health"
NUT.2.MIYCN.2.1. 7. Promote and Support Early initiation and Exclusive Breastfeeding from 0 to 6 months and continued breastfeeding up to 2 years and beyond,0.0,0.0,0.0,0.0,30000000.0,0.0,30000000.0,222,0.46078,0.47876,052100300100,BORNO STATE PRIMARY HEALTHCARE DEVELOPMENT BOARD (BSPHCDB),23050103,MONITORING AND EVALUATION,70741,PUBLIC HEALTH SERVICES,20821300,JERE,04030126000801,"Reproductive, maternal and neonatal health"
NUT.5.MIYCN.2.1. 8. Promote the establishment of Baby Friendly and food demonstration Centers in health facilities and public places.,0.0,0.0,0.0,0.0,95431000.0,0.0,95431000.0,222,0.46814,0.48611,052100300100,BORNO STATE PRIMARY HEALTHCARE DEVELOPMENT BOARD (BSPHCDB),23020118,CONSTRUCTION / PROVISION OF INFRASTRUCTURE,70741,PUBLIC HEALTH SERVICES,20821300,JERE,04030126000901,"Reproductive, maternal and neonatal health"
NUT.5.CP.2.1.9. Ensure the establishment of crèches in all work places having more than 10 women in public and private sectors to promote Exclusive Breastfeeding.,0.0,0.0,0.0,0.0,95431000.0,0.0,95431000.0,222,0.47631,0.49428,052100300100,BORNO STATE PRIMARY HEALTHCARE DEVELOPMENT BOARD (BSPHCDB),23020118,CONSTRUCTION / PROVISION OF INFRASTRUCTURE,70741,PUBLIC HEALTH SERVICES,20821300,JERE,04030126001001,"Reproductive, maternal and neonatal health"
NUT.5.REG.2.1. 12. Monitor the implementation of the international code on the marketing of breastmilk substitutes (BMS) in health facilities,0.0,0.0,0.0,0.0,139195000.0,0.0,139195000.0,222,0.48448,0.50245,052100300100,BORNO STATE PRIMARY HEALTHCARE DEVELOPMENT BOARD (BSPHCDB),23050103,MONITORING AND EVALUATION,70741,PUBLIC HEALTH SERVICES,20821300,JERE,04030126001101,"Reproductive, maternal and neonatal health"
"NUT.5.IDH.2.1. 13. Conduct World Breastfeeding Week and all other national nutrition events at all levels - State, LGAs and Wards",0.0,0.0,0.0,0.0,110700000.0,0.0,110700000.0,222,0.49265,0.51062,052100300100,BORNO STATE PRIMARY HEALTHCARE DEVELOPMENT BOARD (BSPHCDB),23050103,MONITORING AND EVALUATION,70741,PUBLIC HEALTH SERVICES,20821300,JERE,04030126001201,"Reproductive, maternal and neonatal health"
NUT.3.HRN.3.1.1. Build Capacity for regular growth monitoring and promotion (GMP) at health facilities and communities.,0.0,0.0,0.0,0.0,7662000.0,0.0,7662000.0,222,0.50082,0.51879,052100300100,BORNO STATE PRIMARY HEALTHCARE DEVELOPMENT BOARD (BSPHCDB),23050103,MONITORING AND EVALUATION,70741,PUBLIC HEALTH SERVICES,20821300,JERE,04030126001301,"Reproductive, maternal and neonatal health"
NUT.3.MIYCN.3.1. 2. Procurement of growth monitoring equipment for health facilities.,0.0,0.0,0.0,0.0,112230000.0,0.0,112230000.0,222,0.50899,0.52696,052100300100,BORNO STATE PRIMARY HEALTHCARE DEVELOPMENT BOARD (BSPHCDB),23050103,MONITORING AND EVALUATION,70741,PUBLIC HEALTH SERVICES,20821300,JERE,04030126001401,"Reproductive, maternal and neonatal health"
NUT.5.IEC/SBCC.2.2. 3. Sensitization for care of the elderly to meet their nutritional needs,0.0,0.0,0.0,0.0,187860000.0,0.0,187860000.0,222,0.51634,0.53431,052100300100,BORNO STATE PRIMARY HEALTHCARE DEVELOPMENT BOARD (BSPHCDB),23010122,PURCHASE OF HEALTH / MEDICAL EQUIPMENT,70741,PUBLIC HEALTH SERVICES,20821300,JERE,04030126001501,"Reproductive, maternal and neonatal health"
"NUT.3.IEC/SBCC.3.1. 3. Sensitization of religious groups and community leaders for dissemination of messages on nutrition care, key household practices and promotion of utilization of PHC services in the State",0.0,0.0,0.0,0.0,160644000.0,0.0,160644000.0,222,0.52451,0.54248,052100300100,BORNO STATE PRIMARY HEALTHCARE DEVELOPMENT BOARD (BSPHCDB),23010122,PURCHASE OF HEALTH / MEDICAL EQUIPMENT,70741,PUBLIC HEALTH SERVICES,20821300,JERE,04030126001601,"Reproductive, maternal and neonatal health"
NUT.2.MS.3.1. 4. Support distribution of Iron folate supplements to WCBA and adolescent girls during MNCHW,0.0,0.0,0.0,0.0,30000000.0,0.0,30000000.0,222,0.53268,0.55065,052100300100,BORNO STATE PRIMARY HEALTHCARE DEVELOPMENT BOARD (BSPHCDB),23010122,PURCHASE OF HEALTH / MEDICAL EQUIPMENT,70741,PUBLIC HEALTH SERVICES,20821300,JERE,04030126001701,"Reproductive, maternal and neonatal health"
NUT.3.MS.3.1. 8. Sustain and scale up distribution of micronutrient powder (MNP) for children 6 - 23 months,0.0,0.0,0.0,0.0,30000000.0,0.0,30000000.0,222,0.54085,0.55882,052100300100,BORNO STATE PRIMARY HEALTHCARE DEVELOPMENT BOARD (BSPHCDB),23010122,PURCHASE OF HEALTH / MEDICAL EQUIPMENT,70741,PUBLIC HEALTH SERVICES,20821300,JERE,04030126001801,"Reproductive, maternal and neonatal health"
NUT.5.IEC/SBCC.3.2.1. Provide education to the general public on risk factors and increase services for Diet Related Non-Communicable Diseases (DRNCD) at health facilities,0.0,0.0,0.0,0.0,1890000.0,0.0,1890000.0,222,0.54902,0.56699,052100300100,BORNO STATE PRIMARY HEALTHCARE DEVELOPMENT BOARD (BSPHCDB),23010122,PURCHASE OF HEALTH / MEDICAL EQUIPMENT,70741,PUBLIC HEALTH SERVICES,20821300,JERE,04030126001901,"Reproductive, maternal and neonatal health"
"NUT.3.MPD.3.2. 3. Procure and distribute Zinc and L -ORS, de-worming tablet for Optimized MNCHW and routine services",0.0,0.0,0.0,0.0,95432000.0,0.0,95432000.0,222,0.55719,0.57516,052100300100,BORNO STATE PRIMARY HEALTHCARE DEVELOPMENT BOARD (BSPHCDB),23010122,PURCHASE OF HEALTH / MEDICAL EQUIPMENT,70741,PUBLIC HEALTH SERVICES,20821300,JERE,04030126002001,"Reproductive, maternal and neonatal health"
NUT.5.IEC/SBCC.5.1. 3. Promote the use of available local varieties of nutritious food during food demonstrations by local communities,0.0,0.0,0.0,0.0,25000000.0,0.0,25000000.0,222,0.56536,0.58333,052100300100,BORNO STATE PRIMARY HEALTHCARE DEVELOPMENT BOARD (BSPHCDB),23050103,MONITORING AND EVALUATION,70741,PUBLIC HEALTH SERVICES,20821300,JERE,04030126002101,"Reproductive, maternal and neonatal health"
NUT.3.NCDs.5.2.3 Promote healthy eating habits to reduce the incidence of non-communicable diseases.,0.0,0.0,0.0,0.0,10000000.0,0.0,10000000.0,222,0.57271,0.59069,052100300100,BORNO STATE PRIMARY HEALTHCARE DEVELOPMENT BOARD (BSPHCDB),23050103,MONITORING AND EVALUATION,70741,PUBLIC HEALTH SERVICES,20821300,JERE,04030126002201,"Reproductive, maternal and neonatal health"
NUT.5.IEC/SBCC.3.2.1. Provide education to the general public on risk factors and increase services for Diet Related Non-Communicable Diseases (DRNCD) at health facilities,0.0,0.0,0.0,0.0,4700000.0,0.0,4700000.0,222,0.58088,0.59886,052100300100,BORNO STATE PRIMARY HEALTHCARE DEVELOPMENT BOARD (BSPHCDB),23050130,HUMAN CAPITAL DEVELOPMENT,70741,PUBLIC HEALTH SERVICES,20821300,JERE,04030126002301,"Reproductive, maternal and neonatal health"
"NUT.3.MPD.3.2. 3. Procure and distribute Zinc and L -ORS, de-worming tablet for Optimized MNCHW and routine services",0.0,0.0,0.0,0.0,95084000.0,0.0,95084000.0,222,0.58905,0.60703,052100300100,BORNO STATE PRIMARY HEALTHCARE DEVELOPMENT BOARD (BSPHCDB),23050130,HUMAN CAPITAL DEVELOPMENT,70741,PUBLIC HEALTH SERVICES,20821300,JERE,04030126002401,"Reproductive, maternal and neonatal health"
NUT.4.ME.4.1. 6 Develop Supportive Supervision Monitoring and Evaluation tools for tracking nutrition programmes in the State,0.0,0.0,0.0,0.0,10000000.0,0.0,10000000.0,222,0.59722,0.6152,052100300100,BORNO STATE PRIMARY HEALTHCARE DEVELOPMENT BOARD (BSPHCDB),23050130,HUMAN CAPITAL DEVELOPMENT,70741,PUBLIC HEALTH SERVICES,20821300,JERE,04030126002501,"Reproductive, maternal and neonatal health"
NUT.5.IEC/SBCC.5.1. 3. Promote the use of available local varieties of nutritious food during food demonstrations by local communities,0.0,0.0,0.0,0.0,118340000.0,0.0,118340000.0,222,0.60539,0.62337,052100300100,BORNO STATE PRIMARY HEALTHCARE DEVELOPMENT BOARD (BSPHCDB),23050130,HUMAN CAPITAL DEVELOPMENT,70741,PUBLIC HEALTH SERVICES,20821300,JERE,04030126002601,"Reproductive, maternal and neonatal health"
NUT.3.NCDs.5.2.3 Promote healthy eating habits to reduce the incidence of non-communicable diseases.,0.0,0.0,0.0,0.0,30000000.0,0.0,30000000.0,222,0.61356,0.63154,052100300100,BORNO STATE PRIMARY HEALTHCARE DEVELOPMENT BOARD (BSPHCDB),23050130,HUMAN CAPITAL DEVELOPMENT,70741,PUBLIC HEALTH SERVICES,20821300,JERE,04030126002701,"Reproductive, maternal and neonatal health"
"NUT.5.ME.1.5.3. Conduct baseline/post intervention survey on Nutrition-in- emergency on people affected in the State especially vulnerable groups (children, adolescent, women)",0.0,0.0,0.0,0.0,30000000.0,0.0,30000000.0,222,0.62092,0.63889,052100300100,BORNO STATE PRIMARY HEALTHCARE DEVELOPMENT BOARD (BSPHCDB),23050101,RESEARCH AND DEVELOPMENT,70741,PUBLIC HEALTH SERVICES,20821300,JERE,04030126002801,"Reproductive, maternal and neonatal health"
"Provision of Water systems, latrines, waste pits, incinerators.",0.0,0.0,0.0,0.0,500000000.0,0.0,0.0,222,0.62908,0.64706,052100300100,BORNO STATE PRIMARY HEALTHCARE DEVELOPMENT BOARD (BSPHCDB),23020105,CONSTRUCTION / PROVISION OF WATER FACILITIES,70741,PUBLIC HEALTH SERVICES,20842800,State wide,04030126004701,"Reproductive, maternal and neonatal health"
"Provision and Installation of Solar panels, batteries, and inverters to ensure 24/7 power for the cold chain and deliveries.",0.0,0.0,0.0,0.0,750000000.0,0.0,0.0,222,0.63725,0.65523,052100300100,BORNO STATE PRIMARY HEALTHCARE DEVELOPMENT BOARD (BSPHCDB),23020125,CONSTRUCTION OF POWER GENERATING PLANTS,70741,PUBLIC HEALTH SERVICES,20842800,State wide,04030126004801,"Reproductive, maternal and neonatal health"
"Purchase of BP machines, delivery kits, ultrasound machines, haematology analysers, refrigerators, beds.",0.0,0.0,0.0,0.0,1100000000.0,0.0,0.0,222,0.64542,0.6634,052100300100,BORNO STATE PRIMARY HEALTHCARE DEVELOPMENT BOARD (BSPHCDB),23010122,PURCHASE OF HEALTH / MEDICAL EQUIPMENT,70741,PUBLIC HEALTH SERVICES,20842800,State wide,04030126004901,"Reproductive, maternal and neonatal health"
"Provision and installation of Solar-powered refrigerators, vaccine carriers, and temperature monitors.",0.0,0.0,0.0,0.0,350000000.0,0.0,0.0,222,0.65359,0.67157,052100300100,BORNO STATE PRIMARY HEALTHCARE DEVELOPMENT BOARD (BSPHCDB),23020125,CONSTRUCTION OF POWER GENERATING PLANTS,70741,PUBLIC HEALTH SERVICES,20842800,State wide,04030126005001,"Reproductive, maternal and neonatal health"
"Capacity building with Stipends, supervision, and tools for CHIPS agents",0.0,0.0,0.0,0.0,300000000.0,0.0,0.0,222,0.66176,0.67974,052100300100,BORNO STATE PRIMARY HEALTHCARE DEVELOPMENT BOARD (BSPHCDB),23050130,HUMAN CAPITAL DEVELOPMENT,70741,PUBLIC HEALTH SERVICES,20842800,State wide,04030126005101,"Reproductive, maternal and neonatal health"
Purchase Of 1No. Of Toyota 2020 Hilux For C.M.D of Hospitals Management Board,0.0,100000000.0,100000000.0,0.0,120000000.0,0.0,0.0,222,0.7018,0.71977,052110200100,BORNO STATE HOSPITALS MANAGEMENT BOARD (HMB),23010105,PURCHASE OF MOTOR VEHICLES,70731,GENERAL HOSPITAL SERVICES,20822100,MAIDUGURI METRO,04010324001803,Health sector coordination mechanisms
Purchase Of Various Executive Tables And Excutive Chairs To The Hospitals Management Board main office in Maiduguri,0.0,150000000.0,150000000.0,135683000.0,2000000000.0,0.0,0.0,222,0.70997,0.72794,052110200100,BORNO STATE HOSPITALS MANAGEMENT BOARD (HMB),23010112,PURCHASE OF OFFICE FURNITURE AND FITTINGS,70731,GENERAL HOSPITAL SERVICES,20822100,MAIDUGURI METRO,04010324001903,Health sector coordination mechanisms
Purchase Of 3 Hp pro 88 Desktop Computers And 2 Hp pavillion core i5 Laptops To The Hospitals Management Board,0.0,100000000.0,100000000.0,0.0,70000000.0,0.0,0.0,222,0.71814,0.73611,052110200100,BORNO STATE HOSPITALS MANAGEMENT BOARD (HMB),23010113,PURCHASE OF COMPUTERS,70731,GENERAL HOSPITAL SERVICES,20822100,MAIDUGURI METRO,04010324002003,Health sector coordination mechanisms
Purchase Of 3 Hp MX400 Printers To The Hospitals Management Board,0.0,10000000.0,10000000.0,0.0,20000000.0,0.0,0.0,222,0.72549,0.74346,052110200100,BORNO STATE HOSPITALS MANAGEMENT BOARD (HMB),23010114,PURCHASE OF COMPUTER PRINTERS,70731,GENERAL HOSPITAL SERVICES,20822100,MAIDUGURI METRO,04010324002103,Health sector coordination mechanisms
Purchase Of 2 Sharp MD200 Photocopying Machines To The Hospitals Management Board,0.0,10000000.0,10000000.0,0.0,11000000.0,0.0,0.0,222,0.73366,0.75163,052110200100,BORNO STATE HOSPITALS MANAGEMENT BOARD (HMB),23010115,PURCHASE OF PHOTOCOPYING MACHINES,70731,GENERAL HOSPITAL SERVICES,20822100,MAIDUGURI METRO,04010324002203,Health sector coordination mechanisms
Purchase Of 20Kva Of Power Generating Set To The Hospitals Management Board MAIN OFFICE IN MAID,0.0,100000000.0,100000000.0,0.0,2100000000.0,0.0,0.0,222,0.74183,0.7598,052110200100,BORNO STATE HOSPITALS MANAGEMENT BOARD (HMB),23010119,PURCHASE OF POWER GENERATING SET70731 - GENERAL HOSPITAL SERVICES,,UGURI,20822100,MAIDUGURI METRO,04010324002303,Health sector coordination mechanisms
"Purchase Of Executive Tables, CHAIRS AND FURNITURE To The State Specialist Hospitals RESIDENTIAL BU",0.0,100000000.0,100000000.0,0.0,250000000.0,0.0,0.0,222,0.75,0.76797,052110200100,BORNO STATE HOSPITALS MANAGEMENT BOARD (HMB),23010121,PURCHASE OF RESIDENTIAL FURNITURE 70731 - GENERAL HOSPITAL SERVICES,,ILDING in maiduguri,20822100,MAIDUGURI METRO,04010324002403,Health sector coordination mechanisms
Procurement Of Hospital Beds With Side Drawers to PHC in Central Store at jere LGAs.,0.0,3500000000.0,3500000000.0,678265581.58,1321000000.0,0.0,0.0,222,0.75817,0.77614,052110200100,BORNO STATE HOSPITALS MANAGEMENT BOARD (HMB),23010122,PURCHASE OF HEALTH / MEDICAL EQUIPMENT,70731,GENERAL HOSPITAL SERVICES,20822100,MAIDUGURI METRO,04010324002503,Health sector coordination mechanisms
"Rehabilitation Of Residential Quarters At General Hospital Dikwa, Gwoza, Bargu, Ngamdu, Gajiram, Molai, Bama, Azare & Marama.{STATE WIDE}",0.0,100000000.0,50000000.0,0.0,300000000.0,0.0,0.0,222,0.76634,0.78431,052110200100,BORNO STATE HOSPITALS MANAGEMENT BOARD (HMB),23030101,REHABILITATION / REPAIRS OF RESIDENTIAL BUILDING,70621,COMMUNITY DEVELOPMENT,20842800,State wide,04010324002703,Health sector coordination mechanisms
"Rehabilitation Of Health Centres At General Hospital Biu, Mafa, Gubio,Chibok, Dikwa & Completion Of Gen. Hos. Konduga{STATE WIDE}.",0.0,294293000.0,100000000.0,0.0,1000000000.0,0.0,0.0,222,0.77369,0.79167,052110200100,BORNO STATE HOSPITALS MANAGEMENT BOARD (HMB),23030105,REHABILITATION / REPAIRS - HOSPITAL / HEALTH CENTRES,70731,GENERAL HOSPITAL SERVICES,20842800,State wide,04010324002803,Health sector coordination mechanisms
Monitoring And Supervision Of Doctors Across the STATE WIDE,0.0,200000000.0,294293000.0,250260000.0,200000000.0,0.0,0.0,222,0.78186,0.79984,052110200100,BORNO STATE HOSPITALS MANAGEMENT BOARD (HMB),23050103,MONITORING AND EVALUATION,70731,GENERAL HOSPITAL SERVICES,20842800,State wide,04010324000303,Health sector coordination mechanisms
Training Of Staff At Different Department Within the whole state.,0.0,450000000.0,200000000.0,141292800.0,200000000.0,0.0,0.0,222,0.79003,0.80801,052110200100,BORNO STATE HOSPITALS MANAGEMENT BOARD (HMB),23050130,HUMAN CAPITAL DEVELOPMENT,70731,GENERAL HOSPITAL SERVICES,20842800,State wide,04010324000403,Health sector coordination mechanisms
Construction Of Ict Center In The HMB in Maiduguri main office,0.0,100000000.0,450000000.0,5560000.0,0.0,0.0,0.0,222,0.7982,0.81618,052110200100,BORNO STATE HOSPITALS MANAGEMENT BOARD (HMB),23020127,CONSTRUCTION OF ICT INFRASTRUCTURES,70731,GENERAL HOSPITAL SERVICES,20822100,MAIDUGURI METRO,04010325000103,Health sector coordination mechanisms
Rehabilitation Of Health Centres At General Hospital Biu lga.,0.0,500000000.0,100000000.0,0.0,5000000000.0,0.0,0.0,222,0.80637,0.82435,052110200100,BORNO STATE HOSPITALS MANAGEMENT BOARD (HMB),23030105,REHABILITATION / REPAIRS - HOSPITAL / HEALTH CENTRES,70731,GENERAL HOSPITAL SERVICES,20830500,BIU,04010324002803,Health sector coordination mechanisms
Rehabilitation Of Health Centres At General Hospital Mafa lga,0.0,1100000000.0,500000000.0,0.0,5000000000.0,0.0,0.0,222,0.81454,0.83252,052110200100,BORNO STATE HOSPITALS MANAGEMENT BOARD (HMB),23030105,REHABILITATION / REPAIRS - HOSPITAL / HEALTH CENTRES,70731,GENERAL HOSPITAL SERVICES,20821900,MAFA,04010324002803,Health sector coordination mechanisms
Procurement Of Hospital Beds With Side Drawers to PHC in Central Store at gubio LGAs.,0.0,1200000000.0,1100000000.0,0.0,1321000000.0,0.0,0.0,222,0.8219,0.83987,052110200100,BORNO STATE HOSPITALS MANAGEMENT BOARD (HMB),23010122,PURCHASE OF HEALTH / MEDICAL EQUIPMENT,70731,GENERAL HOSPITAL SERVICES,20810900,GUBIO,04010324002803,Health sector coordination mechanisms
Procurement Of Hospital Beds With Side Drawers to PHC in Central Store at dikwa LGAs.,0.0,1500000000.0,1200000000.0,0.0,1321000000.0,0.0,0.0,222,0.83007,0.84804,052110200100,BORNO STATE HOSPITALS MANAGEMENT BOARD (HMB),23010122,PURCHASE OF HEALTH / MEDICAL EQUIPMENT,70731,GENERAL HOSPITAL SERVICES,20820800,DIKWA,04010324002803,Health sector coordination mechanisms
purchase of power generating set at konduga,0.0,1000000000.0,1500000000.0,0.0,0.0,0.0,0.0,222,0.83824,0.85621,052110200100,BORNO STATE HOSPITALS MANAGEMENT BOARD (HMB),23010119,PURCHASE OF POWER GENERATING SET,70731,GENERAL HOSPITAL SERVICES,20821600,KONDUGA,04010326002303,Health sector coordination mechanisms
Aquisation of software computer Application for the whole state,0.0,0.0,1000000000.0,0.0,1707000.0,0.0,0.0,222,0.84641,0.86438,052110200100,BORNO STATE HOSPITALS MANAGEMENT BOARD (HMB),23050102,COMPUTER SOFTWARE ACQUISITION,70731,GENERAL HOSPITAL SERVICES,20821600,KONDUGA,04010326002403,Health sector coordination mechanisms
Procurement Of One Toyota Hilux 2020 Vehicle For The College Of Nursing & Midwifery,0.0,20000000.0,20000000.0,0.0,20000000.0,0.0,0.0,222,0.88644,0.90441,052110400100,BORNO STATE COLLEGES OF NURSING SCIENCES,23010105,PURCHASE OF MOTOR VEHICLES,70941,FIRST STAGE OF TERTIARY EDUCATION,20822100,MAIDUGURI METRO,04040124003902,Pre-service training
Procurement Of One Students toyota 2010 Shuttle Bus for The College Of Nursing And Midwifery.,0.0,129500000.0,129500000.0,0.0,125500000.0,0.0,0.0,222,0.89461,0.91258,052110400100,BORNO STATE COLLEGES OF NURSING SCIENCES,23010108,PURCHASE OF BUSES,70941,FIRST STAGE OF TERTIARY EDUCATION,20822100,MAIDUGURI METRO,04040124004002,Pre-service training
"Procurement Of 4Nos. Of Executive Tables, Executive Chairs, 5Nos. Of Semi Executive Tables And Executive Chairs for The College Of Nursing And Midwifery.",0.0,9000000.0,9000000.0,2733000.0,9000000.0,0.0,0.0,222,0.90278,0.92075,052110400100,BORNO STATE COLLEGES OF NURSING SCIENCES,23010112,PURCHASE OF OFFICE FURNITURE AND FITTINGS,70941,FIRST STAGE OF TERTIARY EDUCATION,20822100,MAIDUGURI METRO,04040124004102,Pre-service training
Procurement Of 14Nos. Of Hp pavillion core i7 Laptops for The College Of Nursing And Midwifery.,0.0,77000000.0,77000000.0,15537400.0,70000000.0,0.0,0.0,223,0.09069,0.10866,052110400100,BORNO STATE COLLEGES OF NURSING SCIENCES,23010113,PURCHASE OF COMPUTERS,70941,FIRST STAGE OF TERTIARY EDUCATION,20822100,MAIDUGURI METRO,04040124004202,Pre-service training
Procurement Of 16Nos. Of Hp MX400 3 In 1 Printers for The College Of Nursing And Midwifery.,0.0,5000000.0,5000000.0,0.0,5000000.0,0.0,0.0,223,0.09886,0.11683,052110400100,BORNO STATE COLLEGES OF NURSING SCIENCES,23010114,PURCHASE OF COMPUTER PRINTERS,70941,FIRST STAGE OF TERTIARY EDUCATION,20822100,MAIDUGURI METRO,04040124004302,Pre-service training
Procurement Of 2Nos. Of Sharp MD200 Brand Photocopying Machines for The College Of Nursing And Midwifery.,0.0,5000000.0,5000000.0,0.0,5000000.0,0.0,0.0,223,0.10621,0.12418,052110400100,BORNO STATE COLLEGES OF NURSING SCIENCES,23010115,PURCHASE OF PHOTOCOPYING MACHINES,70941,FIRST STAGE OF TERTIARY EDUCATION,20822100,MAIDUGURI METRO,04040124004402,Pre-service training
Procurement Of 2Nos Of Sharp pro 900 Brand Of Shredding Machines for The College Of Nursing And Midwifery.,0.0,7000000.0,7000000.0,0.0,7000000.0,0.0,0.0,223,0.11438,0.13235,052110400100,BORNO STATE COLLEGES OF NURSING SCIENCES,23010117,PURCHASE OF SHREDDING MACHINES,70941,FIRST STAGE OF TERTIARY EDUCATION,20822100,MAIDUGURI METRO,04040124004502,Pre-service training
Procurement Of 2Nos Of Sharp pro maecel Brand Of Scanner for The College Of Nursing And Midwifery.,0.0,5000000.0,3000000.0,0.0,5000000.0,0.0,0.0,223,0.12255,0.14052,052110400100,BORNO STATE COLLEGES OF NURSING SCIENCES,23010118,PURCHASE OF SCANNERS,70941,FIRST STAGE OF TERTIARY EDUCATION,20822100,MAIDUGURI METRO,04040124004602,Pre-service training
Purchase Of 10Nos of Fire Fighting equipments for The College Nursing and Midwifery in maiduguri,0.0,3000000.0,3000000.0,0.0,3000000.0,0.0,0.0,223,0.13072,0.14869,052110400100,BORNO STATE COLLEGES OF NURSING SCIENCES,23010123,PURCHASE OF FIRE FIGHTING EQUIPMENT,70941,FIRST STAGE OF TERTIARY EDUCATION,20822100,MAIDUGURI METRO,04040124004702,Pre-service training
Purchase Of 10No set of Various Teaching And Learning Equipment in nursing,0.0,200250000.0,180250000.0,150000.0,126250000.0,0.0,0.0,223,0.13889,0.15686,052110400100,BORNO STATE COLLEGES OF NURSING SCIENCES,23010124,PURCHASE OF TEACHING / LEARNING AID EQUIPMENT,70941,FIRST STAGE OF TERTIARY EDUCATION,20822100,MAIDUGURI METRO,04040124004802,Pre-service training
Purchase Of various Library Books & Equipment For the nursing,0.0,100250000.0,100250000.0,33856200.0,100250000.0,0.0,0.0,223,0.14706,0.16503,052110400100,BORNO STATE COLLEGES OF NURSING SCIENCES,23010125,PURCHASE OF LIBRARY BOOKS & EQUIPMENT,70941,FIRST STAGE OF TERTIARY EDUCATION,20822100,MAIDUGURI METRO,04040124004902,Pre-service training
Purchase Of Sporting kits and other game equipment in nursing,0.0,4000000.0,4000000.0,0.0,4000000.0,0.0,0.0,223,0.15523,0.1732,052110400100,BORNO STATE COLLEGES OF NURSING SCIENCES,23010126,PURCHASE OF SPORTING / GAMING EQUIPMENT,70941,FIRST STAGE OF TERTIARY EDUCATION,20822100,MAIDUGURI METRO,04040124005002,Pre-service training
CONSTRUCTION/Provision Of sporting facility for The College Of Nursing And Midwifery in Maiduguri,0.0,4000000.0,4000000.0,0.0,25000000.0,0.0,0.0,223,0.16258,0.18056,052110400100,BORNO STATE COLLEGES OF NURSING SCIENCES,23020112,CONSTRUCTION / PROVISION OF SPORTING FACILITIES,70941,FIRST STAGE OF TERTIARY EDUCATION,20822100,MAIDUGURI METRO,04040124005102,Pre-service training
Construction Of Examination Halls In The College Of Nursing And Midwifery main campus maiduguri,0.0,4000000.0,4000000.0,0.0,4000000.0,0.0,0.0,223,0.17075,0.18873,052110400100,BORNO STATE COLLEGES OF NURSING SCIENCES,23020119,CONSTRUCTION / PROVISION OF RECREATIONAL FACILITIES,70941,FIRST STAGE OF TERTIARY EDUCATION,20822100,MAIDUGURI METRO,04040124005202,Pre-service training
Repairs Of Drainages In The College Of Nursing And Midwifery Main campus maiduguri,0.0,5000000.0,5000000.0,5000000.0,0.0,0.0,0.0,223,0.17892,0.1969,052110400100,BORNO STATE COLLEGES OF NURSING SCIENCES,23030104,REHABILITATION / REPAIRS - WATER FACILITIES,70631,WATER SUPPLY,20822100,MAIDUGURI METRO,04040124005302,Pre-service training
Repairs Of Housing In The College Of Nursing And Midwifery.,0.0,1000000.0,1000000.0,0.0,21000000.0,0.0,0.0,223,0.18709,0.20507,052110400100,BORNO STATE COLLEGES OF NURSING SCIENCES,23030103,REHABILITATION / REPAIRS - HOUSING,70611,HOUSING DEVELOPMENT,20822100,MAIDUGURI METRO,04040124005402,Pre-service training
Rehabilitation Of Staff Quarters In The College Of Nursing And Midwifery main campus maiduguri,0.0,5000000.0,25000000.0,0.0,25000000.0,0.0,0.0,223,0.19526,0.21324,052110400100,BORNO STATE COLLEGES OF NURSING SCIENCES,23030101,REHABILITATION / REPAIRS OF RESIDENTIAL BUILDING,70621,COMMUNITY DEVELOPMENT,20822100,MAIDUGURI METRO,04040124005502,Pre-service training
Rehabilitation and Repairs Of Electricity In The College Of Nursing And Midwifery in maiduguri.,0.0,1000000.0,3000000.0,2455100.0,8000000.0,0.0,0.0,223,0.20343,0.22141,052110400100,BORNO STATE COLLEGES OF NURSING SCIENCES,23030102,REHABILITATION / REPAIRS - ELECTRICITY,70435,ELECTRICITY,20822100,MAIDUGURI METRO,04040124005602,Pre-service training
Rehabilitation / repair of library In The College Of Nursing And Midwifery in Maiduguri.,0.0,1000000.0,1000000.0,0.0,1000000.0,0.0,0.0,223,0.21078,0.22876,052110400100,BORNO STATE COLLEGES OF NURSING SCIENCES,23030110,REHABILITATION / REPAIRS - LIBRARIES,70941,FIRST STAGE OF TERTIARY EDUCATION,20822100,MAIDUGURI METRO,04040124005702,Pre-service training
Monitoring And Evaluation is carried of out to increase and improve the level of staff performance in the college,0.0,2000000.0,2000000.0,0.0,2000000.0,0.0,0.0,223,0.21895,0.23693,052110400100,BORNO STATE COLLEGES OF NURSING SCIENCES,23050103,MONITORING AND EVALUATION,70941,FIRST STAGE OF TERTIARY EDUCATION,20822100,MAIDUGURI METRO,04040124005802,Pre-service training
"Celebrations of Eid fitr, Eid kabir, Christmas and Easter in the college",0.0,2000000.0,2000000.0,0.0,2000000.0,0.0,0.0,223,0.22712,0.2451,052110400100,BORNO STATE COLLEGES OF NURSING SCIENCES,23050104,ANNIVERSARIES/CELEBRATIONS,70941,FIRST STAGE OF TERTIARY EDUCATION,20822100,MAIDUGURI METRO,04040124000202,Pre-service training
Purchase Of 40 Classroom furniture For the nursing,0.0,0.0,0.0,0.0,10000000.0,0.0,0.0,223,0.23529,0.25327,052110400100,BORNO STATE COLLEGES OF NURSING SCIENCES,23010140,"PURCHASE OF SCHOOL FURNITURE, FITTINGS & EQUIPMENT",70941,FIRST STAGE OF TERTIARY EDUCATION,20822100,MAIDUGURI METRO,04040126000102,Pre-service training
REHABILITATION/REPAIRS OF WATER WAYS AT THE MAIDUGURI SCHOOL OF NURSING AND MIDWIFERY.,0.0,0.0,0.0,0.0,12000000.0,0.0,0.0,223,0.24346,0.26144,052110400100,BORNO STATE COLLEGES OF NURSING SCIENCES,23030115,REHABILITATION / REPAIRS - WATER-WAY,70941,FIRST STAGE OF TERTIARY EDUCATION,20822100,MAIDUGURI METRO,04040126000202,Pre-service training
CONSTRUCTION/PROVISION OF Lecture Hall and RESIDENTIAL QUARTERS In The College Of Nursing Main campus,0.0,0.0,0.0,0.0,300000000.0,0.0,0.0,223,0.25163,0.26961,052110400100,BORNO STATE COLLEGES OF NURSING SCIENCES,23020118,CONSTRUCTION / PROVISION OF INFRASTRUCTURE,70941,FIRST STAGE OF TERTIARY EDUCATION,20822100,MAIDUGURI METRO,04040126000302,Pre-service training
Procurement Of One Toyota Hilux 2020 Vehicle For The College Of Nursing & Midwifery,0.0,0.0,0.0,0.0,150000000.0,0.0,0.0,223,0.29167,0.30964,052110500100,BORNO STATE COLLEGE OF NURSING MONGUNO,23010105,PURCHASE OF MOTOR VEHICLES,70941,FIRST STAGE OF TERTIARY EDUCATION,20812400,MONGUNO,04040126000402,Pre-service training
Procurement Of One Students toyota 2010 Shuttle Bus for The College Of Nursing And Midwifery.,0.0,0.0,0.0,0.0,216000000.0,0.0,0.0,223,0.29984,0.31781,052110500100,BORNO STATE COLLEGE OF NURSING MONGUNO,23010108,PURCHASE OF BUSES,70941,FIRST STAGE OF TERTIARY EDUCATION,20812400,MONGUNO,04040126000502,Pre-service training
"Procurement Of 4Nos. Of Executive Tables, Executive Chairs, 5Nos. Of Semi Executive Tables And Executive Chairs for The College Of Nursing And Midwifery.",0.0,0.0,0.0,0.0,10000000.0,0.0,0.0,223,0.30801,0.32598,052110500100,BORNO STATE COLLEGE OF NURSING MONGUNO,23010112,PURCHASE OF OFFICE FURNITURE AND FITTINGS,70941,FIRST STAGE OF TERTIARY EDUCATION,20812400,MONGUNO,04040126000602,Pre-service training
Procurement Of 14Nos. Of Hp pavillion core i7 Laptops for The College Of Nursing And Midwifery.,0.0,0.0,0.0,0.0,35000000.0,0.0,0.0,223,0.31536,0.33333,052110500100,BORNO STATE COLLEGE OF NURSING MONGUNO,23010113,PURCHASE OF COMPUTERS,70941,FIRST STAGE OF TERTIARY EDUCATION,20812400,MONGUNO,04040126000702,Pre-service training
Procurement Of 16Nos. Of Hp MX400 3 In 1 Printers for The College Of Nursing And Midwifery.,0.0,0.0,0.0,0.0,25000000.0,0.0,0.0,223,0.32353,0.3415,052110500100,BORNO STATE COLLEGE OF NURSING MONGUNO,23010114,PURCHASE OF COMPUTER PRINTERS,70941,FIRST STAGE OF TERTIARY EDUCATION,20812400,MONGUNO,04040126000802,Pre-service training
Procurement Of 2Nos. Of Sharp MD200 Brand Photocopying Machines for The College Of Nursing And Midwifery.,0.0,0.0,0.0,0.0,5000000.0,0.0,0.0,223,0.3317,0.34967,052110500100,BORNO STATE COLLEGE OF NURSING MONGUNO,23010115,PURCHASE OF PHOTOCOPYING MACHINES,70941,FIRST STAGE OF TERTIARY EDUCATION,20812400,MONGUNO,04040126000902,Pre-service training
Procurement Of 2Nos Of Sharp pro 900 Brand Of Shredding Machines for The College Of Nursing And Midwifery.,0.0,0.0,0.0,0.0,3000000.0,0.0,0.0,223,0.33987,0.35784,052110500100,BORNO STATE COLLEGE OF NURSING MONGUNO,23010117,PURCHASE OF SHREDDING MACHINES,70941,FIRST STAGE OF TERTIARY EDUCATION,20812400,MONGUNO,04040126001002,Pre-service training
Procurement Of 2Nos Of Sharp pro maecel Brand Of Scanner for The College Of Nursing And Midwifery MONGUNO.,0.0,0.0,0.0,0.0,5000000.0,0.0,0.0,223,0.34804,0.36601,052110500100,BORNO STATE COLLEGE OF NURSING MONGUNO,23010118,PURCHASE OF SCANNERS,70941,FIRST STAGE OF TERTIARY EDUCATION,20812400,MONGUNO,04040126001102,Pre-service training
Purchase Of 10Nos of Fire Fighting equipments for The College Nursing monguno,0.0,0.0,0.0,0.0,10000000.0,0.0,0.0,223,0.35621,0.37418,052110500100,BORNO STATE COLLEGE OF NURSING MONGUNO,23010123,PURCHASE OF FIRE FIGHTING EQUIPMENT,70941,FIRST STAGE OF TERTIARY EDUCATION,20812400,MONGUNO,04040126001202,Pre-service training
Purchase Of 10No set of Various Teaching And Learning Equipment in nursing monguno,0.0,0.0,0.0,0.0,12000000.0,0.0,0.0,223,0.36356,0.38154,052110500100,BORNO STATE COLLEGE OF NURSING MONGUNO,23010124,PURCHASE OF TEACHING / LEARNING AID EQUIPMENT,70941,FIRST STAGE OF TERTIARY EDUCATION,20812400,MONGUNO,04040126001302,Pre-service training
Purchase Of various Library Books & Equipment For the nursing monguno,0.0,0.0,0.0,0.0,12000000.0,0.0,0.0,223,0.37173,0.38971,052110500100,BORNO STATE COLLEGE OF NURSING MONGUNO,23010125,PURCHASE OF LIBRARY BOOKS & EQUIPMENT,70941,FIRST STAGE OF TERTIARY EDUCATION,20812400,MONGUNO,04040126001402,Pre-service training
Purchase Of Sporting kits and other game equipment in nursing monguno,0.0,0.0,0.0,0.0,10000000.0,0.0,0.0,223,0.3799,0.39788,052110500100,BORNO STATE COLLEGE OF NURSING MONGUNO,23010126,PURCHASE OF SPORTING / GAMING EQUIPMENT,70941,FIRST STAGE OF TERTIARY EDUCATION,20812400,MONGUNO,04040126001502,Pre-service training
Purchase Of 40 Classroom furniture For the nursing monguno,0.0,0.0,0.0,0.0,15000000.0,0.0,0.0,223,0.38807,0.40605,052110500100,BORNO STATE COLLEGE OF NURSING MONGUNO,23010140,"PURCHASE OF SCHOOL FURNITURE, FITTINGS & EQUIPMENT",70941,FIRST STAGE OF TERTIARY EDUCATION,20812400,MONGUNO,04040126001602,Pre-service training
Construction Of Examination Halls AND SPORTING FACILITY In The College Of Nursing And Midwifery main campus MONGUNO.,0.0,0.0,0.0,0.0,5000000.0,0.0,0.0,223,0.39624,0.41422,052110500100,BORNO STATE COLLEGE OF NURSING MONGUNO,23020112,CONSTRUCTION / PROVISION OF SPORTING FACILITIES,70941,FIRST STAGE OF TERTIARY EDUCATION,20812400,MONGUNO,04040126001702,Pre-service training
CONSTRUCTION/PROVISION OF RESIDENTIAL QUARTERS In The College Of Nursing And Midwifery Main campus MONGUNO.,0.0,0.0,0.0,0.0,100000000.0,0.0,0.0,223,0.40441,0.42239,052110500100,BORNO STATE COLLEGE OF NURSING MONGUNO,23020102,CONSTRUCTION / PROVISION OF RESIDENTIAL BUILDINGS,70621,COMMUNITY DEVELOPMENT,20812400,MONGUNO,04040126001802,Pre-service training
Repairs Of Housing In The College Of Nursing And Midwifery.,0.0,0.0,0.0,0.0,10000000.0,0.0,0.0,223,0.41258,0.43056,052110500100,BORNO STATE COLLEGE OF NURSING MONGUNO,23030101,REHABILITATION / REPAIRS OF RESIDENTIAL BUILDING,70611,HOUSING DEVELOPMENT,20812400,MONGUNO,04040126001902,Pre-service training
Rehabilitation / REPAIR OF ELECTRICITY In The College Of Nursing And Midwifery main campus MONGUNO.,0.0,0.0,0.0,0.0,10000000.0,0.0,0.0,223,0.41993,0.43791,052110500100,BORNO STATE COLLEGE OF NURSING MONGUNO,23030102,REHABILITATION / REPAIRS - ELECTRICITY,70435,ELECTRICITY,20812400,MONGUNO,04040126002002,Pre-service training
Rehabilitation and Repairs Of HOUSING In The College Of Nursing And Midwifery in MONGUNO.,0.0,0.0,0.0,0.0,12000000.0,0.0,0.0,223,0.4281,0.44608,052110500100,BORNO STATE COLLEGE OF NURSING MONGUNO,23030103,REHABILITATION / REPAIRS - HOUSING,70611,HOUSING DEVELOPMENT,20812400,MONGUNO,04040126002102,Pre-service training
Rehabilitation / repair of WATER FACILITIES In The College Of Nursing And Midwifery in MONGUNO.,0.0,0.0,0.0,0.0,10000000.0,0.0,0.0,223,0.43627,0.45425,052110500100,BORNO STATE COLLEGE OF NURSING MONGUNO,23030104,REHABILITATION / REPAIRS - WATER FACILITIES,70631,WATER SUPPLY,20812400,MONGUNO,04040126002202,Pre-service training
REPAIR AND REHABILITATION OF LIBRARY IN SCHOOL OF NURSING AND MIDWIFERY MONGUNO.,0.0,0.0,0.0,0.0,13000000.0,0.0,0.0,223,0.44444,0.46242,052110500100,BORNO STATE COLLEGE OF NURSING MONGUNO,23030110,REHABILITATION / REPAIRS - LIBRARIES,70941,FIRST STAGE OF TERTIARY EDUCATION,20812400,MONGUNO,04040126002302,Pre-service training
MONITORING /EVALUATION OF students activities within monguno,0.0,0.0,0.0,0.0,14000000.0,0.0,0.0,223,0.45261,0.47059,052110500100,BORNO STATE COLLEGE OF NURSING MONGUNO,23050103,MONITORING AND EVALUATION,70941,FIRST STAGE OF TERTIARY EDUCATION,20812400,MONGUNO,04040126002402,Pre-service training
"Celebrations of Eid fitr, Eid kabir, Christmas and Easter in the college.",0.0,0.0,0.0,0.0,18000000.0,0.0,0.0,223,0.46078,0.47876,052110500100,BORNO STATE COLLEGE OF NURSING MONGUNO,23050104,ANNIVERSARIES/CELEBRATIONS,70941,FIRST STAGE OF TERTIARY EDUCATION,20812400,MONGUNO,04040126002502,Pre-service training
Procurement Of One Toyota Hilux 2020 Vehicle For The College Of Nursing & Midwifery,0.0,0.0,0.0,0.0,150000000.0,0.0,0.0,223,0.50082,0.51879,052110600100,BORNO STATE COLLEGE OF NURSING GWOZA,23010105,PURCHASE OF MOTOR VEHICLES,70941,FIRST STAGE OF TERTIARY EDUCATION,20831100,GWOZA,04040126002602,Pre-service training
Procurement Of One Students toyota 2010 Shuttle Bus for The College Of Nursing And Midwifery.,0.0,0.0,0.0,0.0,216000000.0,0.0,0.0,223,0.50899,0.52696,052110600100,BORNO STATE COLLEGE OF NURSING GWOZA,23010108,PURCHASE OF BUSES,70941,FIRST STAGE OF TERTIARY EDUCATION,20831100,GWOZA,04040126002702,Pre-service training
"Procurement Of 4Nos. Of Executive Tables, Executive Chairs, 5Nos. Of Semi Executive Tables And Executive Chairs for The College Of Nursing And Midwifery.",0.0,0.0,0.0,0.0,10000000.0,0.0,0.0,223,0.51634,0.53431,052110600100,BORNO STATE COLLEGE OF NURSING GWOZA,23010112,PURCHASE OF OFFICE FURNITURE AND FITTINGS,70941,FIRST STAGE OF TERTIARY EDUCATION,20831100,GWOZA,04040126002802,Pre-service training
Procurement Of 14Nos. Of Hp pavillion core i7 Laptops for The College Of Nursing And Midwifery.,0.0,0.0,0.0,0.0,35000000.0,0.0,0.0,223,0.52451,0.54248,052110600100,BORNO STATE COLLEGE OF NURSING GWOZA,23010113,PURCHASE OF COMPUTERS,70941,FIRST STAGE OF TERTIARY EDUCATION,20831100,GWOZA,04040126002902,Pre-service training
Procurement Of 16Nos. Of Hp MX400 3 In 1 Printers for The College Of Nursing And Midwifery.,0.0,0.0,0.0,0.0,25000000.0,0.0,0.0,223,0.53268,0.55065,052110600100,BORNO STATE COLLEGE OF NURSING GWOZA,23010114,PURCHASE OF COMPUTER PRINTERS,70941,FIRST STAGE OF TERTIARY EDUCATION,20831100,GWOZA,04040126003002,Pre-service training
Procurement Of 2Nos. Of Sharp MD200 Brand Photocopying Machines for The College Of Nursing And Midwifery.,0.0,0.0,0.0,0.0,5000000.0,0.0,0.0,223,0.54085,0.55882,052110600100,BORNO STATE COLLEGE OF NURSING GWOZA,23010115,PURCHASE OF PHOTOCOPYING MACHINES,70941,FIRST STAGE OF TERTIARY EDUCATION,20831100,GWOZA,04040126003102,Pre-service training
Procurement Of 2Nos Of Sharp pro 900 Brand Of Shredding Machines for The College Of Nursing And Midwifery.,0.0,0.0,0.0,0.0,3000000.0,0.0,0.0,223,0.54902,0.56699,052110600100,BORNO STATE COLLEGE OF NURSING GWOZA,23010117,PURCHASE OF SHREDDING MACHINES,70941,FIRST STAGE OF TERTIARY EDUCATION,20831100,GWOZA,04040126003202,Pre-service training
Procurement Of 2Nos Of Sharp pro maecel Brand Of Scanner for The College Of Nursing And Midwifery.,0.0,0.0,0.0,0.0,5000000.0,0.0,0.0,223,0.55719,0.57516,052110600100,BORNO STATE COLLEGE OF NURSING GWOZA,23010118,PURCHASE OF SCANNERS,70941,FIRST STAGE OF TERTIARY EDUCATION,20831100,GWOZA,04040126003302,Pre-service training
Purchase Of 10Nos of Fire Fighting equipments for The College Nursing gwoza,0.0,0.0,0.0,0.0,10000000.0,0.0,0.0,223,0.56536,0.58333,052110600100,BORNO STATE COLLEGE OF NURSING GWOZA,23010123,PURCHASE OF FIRE FIGHTING EQUIPMENT,70941,FIRST STAGE OF TERTIARY EDUCATION,20831100,GWOZA,04040126003402,Pre-service training
Purchase Of 10No set of Various Teaching And Learning Equipment in nursing gwoza,0.0,0.0,0.0,0.0,12000000.0,0.0,0.0,223,0.57271,0.59069,052110600100,BORNO STATE COLLEGE OF NURSING GWOZA,23010124,PURCHASE OF TEACHING / LEARNING AID EQUIPMENT,70941,FIRST STAGE OF TERTIARY EDUCATION,20831100,GWOZA,04040126003502,Pre-service training
Purchase Of various Library Books & Equipment For the nursing gwoza,0.0,0.0,0.0,0.0,12000000.0,0.0,0.0,223,0.58088,0.59886,052110600100,BORNO STATE COLLEGE OF NURSING GWOZA,23010125,PURCHASE OF LIBRARY BOOKS & EQUIPMENT,70941,FIRST STAGE OF TERTIARY EDUCATION,20831100,GWOZA,04040126003602,Pre-service training
Purchase Of Sporting kits and other game equipment in nursing gwoza,0.0,0.0,0.0,0.0,10000000.0,0.0,0.0,223,0.58905,0.60703,052110600100,BORNO STATE COLLEGE OF NURSING GWOZA,23010126,PURCHASE OF SPORTING / GAMING EQUIPMENT,70941,FIRST STAGE OF TERTIARY EDUCATION,20831100,GWOZA,04040126003702,Pre-service training
Purchase Of 40 Classroom furniture For the nursing gwoza,0.0,0.0,0.0,0.0,15000000.0,0.0,0.0,223,0.59722,0.6152,052110600100,BORNO STATE COLLEGE OF NURSING GWOZA,23010140,"PURCHASE OF SCHOOL FURNITURE, FITTINGS & EQUIPMENT",70941,FIRST STAGE OF TERTIARY EDUCATION,20831100,GWOZA,04040126003802,Pre-service training
Construction Of Examination Halls In The College Of Nursing And Midwifery main campus maiduguri,0.0,0.0,0.0,0.0,5000000.0,0.0,0.0,223,0.60539,0.62337,052110600100,BORNO STATE COLLEGE OF NURSING GWOZA,23020112,CONSTRUCTION / PROVISION OF SPORTING FACILITIES,70941,FIRST STAGE OF TERTIARY EDUCATION,20831100,GWOZA,04040126003902,Pre-service training
Construction Of Staff Quarters In The College Of Nursing And Midwifery main campus maiduguri,0.0,0.0,0.0,0.0,100000000.0,0.0,0.0,223,0.61356,0.63154,052110600100,BORNO STATE COLLEGE OF NURSING GWOZA,23020102,CONSTRUCTION / PROVISION OF RESIDENTIAL BUILDINGS,70621,COMMUNITY DEVELOPMENT,20831100,GWOZA,04040126004002,Pre-service training
Repairs Of Housing In The College Of Nursing And Midwifery.,0.0,0.0,0.0,0.0,10000000.0,0.0,0.0,223,0.62092,0.63889,052110600100,BORNO STATE COLLEGE OF NURSING GWOZA,23030101,REHABILITATION / REPAIRS OF RESIDENTIAL BUILDING,70611,HOUSING DEVELOPMENT,20831100,GWOZA,04040126004102,Pre-service training
Rehabilitation and Repairs Of Electricity In The College Of Nursing And Midwifery in maiduguri.,0.0,0.0,0.0,0.0,10000000.0,0.0,0.0,223,0.62908,0.64706,052110600100,BORNO STATE COLLEGE OF NURSING GWOZA,23030102,REHABILITATION / REPAIRS - ELECTRICITY,70941,FIRST STAGE OF TERTIARY EDUCATION,20831100,GWOZA,04040126004202,Pre-service training
Repairs Of Housing In The College Of Nursing And Midwifery.,0.0,0.0,0.0,0.0,12000000.0,0.0,0.0,223,0.63725,0.65523,052110600100,BORNO STATE COLLEGE OF NURSING GWOZA,23030103,REHABILITATION / REPAIRS - HOUSING,70941,FIRST STAGE OF TERTIARY EDUCATION,20831100,GWOZA,04040126004302,Pre-service training
Repairs Of Drainages In The College Of Nursing And Midwifery Main campus maiduguri,0.0,0.0,0.0,0.0,10000000.0,0.0,0.0,223,0.64542,0.6634,052110600100,BORNO STATE COLLEGE OF NURSING GWOZA,23030104,REHABILITATION / REPAIRS - WATER FACILITIES,70941,FIRST STAGE OF TERTIARY EDUCATION,20831100,GWOZA,04040126004402,Pre-service training
Rehabilitation / repair of library In The College Of Nursing And Midwifery in Maiduguri.,0.0,0.0,0.0,0.0,13000000.0,0.0,0.0,223,0.65359,0.67157,052110600100,BORNO STATE COLLEGE OF NURSING GWOZA,23030110,REHABILITATION / REPAIRS - LIBRARIES,70941,FIRST STAGE OF TERTIARY EDUCATION,20831100,GWOZA,04040126004502,Pre-service training
Monitoring And Evaluation of student activities within gowza,0.0,0.0,0.0,0.0,14000000.0,0.0,0.0,223,0.66176,0.67974,052110600100,BORNO STATE COLLEGE OF NURSING GWOZA,23050103,MONITORING AND EVALUATION,70941,FIRST STAGE OF TERTIARY EDUCATION,20831100,GWOZA,04040126004602,Pre-service training
"Celebrations of Eid fitr, Eid kabir, Christmas and Easter in the college",0.0,0.0,0.0,0.0,18000000.0,0.0,0.0,223,0.66912,0.68709,052110600100,BORNO STATE COLLEGE OF NURSING GWOZA,23050104,ANNIVERSARIES/CELEBRATIONS,70941,FIRST STAGE OF TERTIARY EDUCATION,20831100,GWOZA,04040126004702,Pre-service training
Procurement Of One Student Shuttle Toyota Bus for The College Of Health Technology,0.0,20000000.0,20000000.0,0.0,17000000.0,0.0,0.0,223,0.70997,0.72794,052110700100,BORNO STATE COLLEGE OF HEALTH TECHNOLOGY,23010108,PURCHASE OF BUSES,70941,FIRST STAGE OF TERTIARY EDUCATION,20842800,State wide,04040124005902,Pre-service training
"Procurement Of 4Nos. Of Executive Tables, Executive Chairs, 5Nos. Of Semi Executive Tables And Executive Chairs for The College Of Health Technology.",0.0,7000000.0,7000000.0,6980000.0,7000000.0,0.0,0.0,223,0.71814,0.73611,052110700100,BORNO STATE COLLEGE OF HEALTH TECHNOLOGY,23010112,PURCHASE OF OFFICE FURNITURE AND FITTINGS,70941,FIRST STAGE OF TERTIARY EDUCATION,20822100,MAIDUGURI METRO,04040124006002,Pre-service training
Procurement Of 3Nos. Of Hp Pavillion core i5 Laptops for The College Of Health Technology.,0.0,10000000.0,10000000.0,2283500.0,4000000.0,0.0,0.0,223,0.72549,0.74346,052110700100,BORNO STATE COLLEGE OF HEALTH TECHNOLOGY,23010113,PURCHASE OF COMPUTERS,70941,FIRST STAGE OF TERTIARY EDUCATION,20822100,MAIDUGURI METRO,04040124006102,Pre-service training
Procurement Of 2Nos. Of Hp LR500 3 In 1 Printers for The College Of Health Technology.,0.0,3000000.0,3000000.0,1220000.0,2000000.0,0.0,0.0,223,0.73366,0.75163,052110700100,BORNO STATE COLLEGE OF HEALTH TECHNOLOGY,23010114,PURCHASE OF COMPUTER PRINTERS,70941,FIRST STAGE OF TERTIARY EDUCATION,20822100,MAIDUGURI METRO,04040124006202,Pre-service training
Procurement Of 2Nos. Of Sharp MD200 Brand Photocopying Machines for The College Of Health Technology.,0.0,3000000.0,3000000.0,120500.0,0.0,0.0,0.0,223,0.74183,0.7598,052110700100,BORNO STATE COLLEGE OF HEALTH TECHNOLOGY,23010115,PURCHASE OF PHOTOCOPYING MACHINES,70941,FIRST STAGE OF TERTIARY EDUCATION,20822100,MAIDUGURI METRO,04040124006302,Pre-service training
Procurement Of 2 No of solar inverter set for The College Of Health Technology.,0.0,5000000.0,5000000.0,0.0,0.0,0.0,0.0,223,0.75,0.76797,052110700100,BORNO STATE COLLEGE OF HEALTH TECHNOLOGY,23010119,PURCHASE OF POWER GENERATING SET,70941,FIRST STAGE OF TERTIARY EDUCATION,20822100,MAIDUGURI METRO,04040124006502,Pre-service training
"Purchase Of Diagnostic, Surgical Instruments And Other Medical Equipment for The College Of Health Technology.",0.0,2000000.0,2000000.0,1477000.0,2000000.0,0.0,0.0,223,0.75817,0.77614,052110700100,BORNO STATE COLLEGE OF HEALTH TECHNOLOGY,23010122,PURCHASE OF HEALTH / MEDICAL EQUIPMENT,70941,FIRST STAGE OF TERTIARY EDUCATION,20822100,MAIDUGURI METRO,04040124006602,Pre-service training
Procurement Of Books & Equipment for The College Of Health Technolog.,0.0,5000000.0,5000000.0,350000.0,20000000.0,0.0,0.0,223,0.76634,0.78431,052110700100,BORNO STATE COLLEGE OF HEALTH TECHNOLOGY,23010125,PURCHASE OF LIBRARY BOOKS & EQUIPMENT,70941,FIRST STAGE OF TERTIARY EDUCATION,20822100,MAIDUGURI METRO,04040124006702,Pre-service training
Procurement Of Sets of security equipment for The College Of Health Technology.,0.0,500000.0,500000.0,0.0,0.0,0.0,0.0,223,0.77369,0.79167,052110700100,BORNO STATE COLLEGE OF HEALTH TECHNOLOGY,23010128,PURCHASE OF SECURITY EQUIPMENT,70941,FIRST STAGE OF TERTIARY EDUCATION,20822100,MAIDUGURI METRO,04040124006802,Pre-service training
Procurement Of Dance Sport And Handball for The College Of Health Technology.,0.0,500000.0,500000.0,0.0,0.0,0.0,0.0,223,0.78186,0.79984,052110700100,BORNO STATE COLLEGE OF HEALTH TECHNOLOGY,23010130,PURCHASE OF RECREATIONAL FACILITIES,70941,FIRST STAGE OF TERTIARY EDUCATION,20822100,MAIDUGURI METRO,04040124006902,Pre-service training
Construction Of Infrastructures at College of Health Technology Maiduguri.,0.0,10000000.0,10000000.0,9421000.0,204000000.0,0.0,0.0,223,0.79003,0.80801,052110700100,BORNO STATE COLLEGE OF HEALTH TECHNOLOGY,23020118,CONSTRUCTION / PROVISION OF INFRASTRUCTURE,70941,FIRST STAGE OF TERTIARY EDUCATION,20822100,MAIDUGURI METRO,04040124007002,Pre-service training
Rehabilitation and Repairs Of 4Nos. Of Boreholes In The College of Health Technology.,0.0,2500000.0,2500000.0,1482000.0,3000000.0,0.0,0.0,223,0.7982,0.81618,052110700100,BORNO STATE COLLEGE OF HEALTH TECHNOLOGY,23030104,REHABILITATION / REPAIRS - WATER FACILITIES,70631,WATER SUPPLY,20822100,MAIDUGURI METRO,04040124007102,Pre-service training
Rehabilitation Of Offices at The College of Health Technology Maiduguri main office.,0.0,5000000.0,5000000.0,3736000.0,4000000.0,0.0,0.0,223,0.80637,0.82435,052110700100,BORNO STATE COLLEGE OF HEALTH TECHNOLOGY,23030121,REHABILITATION / REPAIRS OF OFFICE BUILDINGS,70611,HOUSING DEVELOPMENT,20822100,MAIDUGURI METRO,04040124007202,Pre-service training
Rehabilitation Of ICT Centers at The College of Health Technology Maiduguri main office.,0.0,2000000.0,2000000.0,0.0,2000000.0,0.0,0.0,223,0.81454,0.83252,052110700100,BORNO STATE COLLEGE OF HEALTH TECHNOLOGY,23030127,REHABILITATION/REPAIRS- ICT INFRASTRUCTURES,70941,FIRST STAGE OF TERTIARY EDUCATION,20822100,MAIDUGURI METRO,04040124007302,Pre-service training
Erosion & Flood Control In The College of Health Technology. main campus,0.0,3000000.0,3000000.0,1965000.0,3000000.0,0.0,0.0,223,0.8219,0.83987,052110700100,BORNO STATE COLLEGE OF HEALTH TECHNOLOGY,23040102,EROSION & FLOOD CONTROL,70941,FIRST STAGE OF TERTIARY EDUCATION,20822100,MAIDUGURI METRO,04040124007402,Pre-service training
Research And Development is carried out to improve quality control and to provide effective and efficient service delivery,0.0,5000000.0,5000000.0,970000.0,1000000.0,0.0,0.0,223,0.83007,0.84804,052110700100,BORNO STATE COLLEGE OF HEALTH TECHNOLOGY,23050101,RESEARCH AND DEVELOPMENT,70941,FIRST STAGE OF TERTIARY EDUCATION,20822100,MAIDUGURI METRO,04040124000202,Pre-service training
Acquisition Of Accounting Software for The College Of Health Technology.,0.0,1000000.0,1000000.0,0.0,1000000.0,0.0,0.0,223,0.83824,0.85621,052110700100,BORNO STATE COLLEGE OF HEALTH TECHNOLOGY,23050102,COMPUTER SOFTWARE ACQUISITION,70941,FIRST STAGE OF TERTIARY EDUCATION,20822100,MAIDUGURI METRO,04040124000302,Pre-service training
Monitoring And Evaluation is carried of out to increase and improve the level of staff performance in the college,0.0,30000000.0,30000000.0,6979000.0,40000000.0,0.0,0.0,223,0.84641,0.86438,052110700100,BORNO STATE COLLEGE OF HEALTH TECHNOLOGY,23050103,MONITORING AND EVALUATION,70941,FIRST STAGE OF TERTIARY EDUCATION,20842800,State wide,04040124000402,Pre-service training
"Celebrations of Eid fitr, Eid kabir, Christmas and Easter across the 27 LGAs in the State",0.0,1000000.0,1000000.0,750000.0,1000000.0,0.0,0.0,223,0.85458,0.87255,052110700100,BORNO STATE COLLEGE OF HEALTH TECHNOLOGY,23050104,ANNIVERSARIES/CELEBRATIONS,70941,FIRST STAGE OF TERTIARY EDUCATION,20842800,State wide,04040124000802,Pre-service training
Capacity building to student activities in various department within jere lga,0.0,10000000.0,10000000.0,3578000.0,10000000.0,0.0,0.0,223,0.86275,0.88072,052110700100,BORNO STATE COLLEGE OF HEALTH TECHNOLOGY,23050130,HUMAN CAPITAL DEVELOPMENT,70941,FIRST STAGE OF TERTIARY EDUCATION,20822100,MAIDUGURI METRO,04040124000902,Pre-service training
Acquisition Of Accounting Software for The College Of Health Technology.,0.0,0.0,0.0,0.0,4000000.0,0.0,0.0,223,0.87092,0.88889,052110700100,BORNO STATE COLLEGE OF HEALTH TECHNOLOGY,23020127,CONSTRUCTION OF ICT INFRASTRUCTURES,70941,FIRST STAGE OF TERTIARY EDUCATION,20822100,MAIDUGURI METRO,04040126004802,Pre-service training
Rehabilitation Of 1 No of Power Generating Set (30Kva) For The Drug Agency,0.0,0.0,0.0,0.0,1000000.0,0.0,0.0,223,0.87827,0.89624,052110700100,BORNO STATE COLLEGE OF HEALTH TECHNOLOGY,23030125,REHABILITATION/REPAIRS- POWER GENERATING PLANTS,70435,ELECTRICITY,20822100,MAIDUGURI METRO,04040126004902,Pre-service training
Repairs Of Infrastructures within the Agency,0.0,0.0,0.0,0.0,2000000.0,0.0,0.0,223,0.88644,0.90441,052110700100,BORNO STATE COLLEGE OF HEALTH TECHNOLOGY,23030128,REHABILITATION/REPAIRS OF INFRASTRUCTURES,70941,FIRST STAGE OF TERTIARY EDUCATION,20822100,MAIDUGURI METRO,04040126005002,Pre-service training
Repairs of Heavy machineries for The College Of Health Technology.,0.0,0.0,0.0,0.0,2000000.0,0.0,0.0,223,0.89461,0.91258,052110700100,BORNO STATE COLLEGE OF HEALTH TECHNOLOGY,23030129,REPAIRS OF EQUIPMENT AND MACHINERIES,70941,FIRST STAGE OF TERTIARY EDUCATION,20822100,MAIDUGURI METRO,04040126005102,Pre-service training
Construction Of Ongoing State Teaching Hospital In Maiduguri LGA.,0.0,10217250000.0,200000000.0,2708564473.76,1893250000.0,0.0,0.0,224,0.11438,0.13235,052100800100,BORNO STATE KASHIM IBRAHIM UNIVERSITY TEACHING HOSPITAL (KIUTH),23020106,CONSTRUCTION / PROVISION OF HOSPITALS / HEALTH CENTRES,70732,SPECIALIZED HOSPITAL SERVICES,20821600,KONDUGA,04030124002903,"Reproductive, maternal and neonatal health"
Purchase Of 8Nos of Executive Tables And 16 Excutive Chairs State Teaching Hospital In Maiduguri,1488901384.69,3800000000.0,250000000.0,1800000.0,2000000000.0,0.0,0.0,224,0.12255,0.14052,052100800100,BORNO STATE KASHIM IBRAHIM UNIVERSITY TEACHING HOSPITAL (KIUTH),23010112,PURCHASE OF OFFICE FURNITURE AND FITTINGS,70732,SPECIALIZED HOSPITAL SERVICES,20821600,KONDUGA,04030125000103,"Reproductive, maternal and neonatal health"
Procurement of 100Nos of beds at State Teaching Hospital In Maiduguri LGA.,0.0,8537321000.0,100000000.0,29083000.0,1069610000.0,0.0,0.0,224,0.13072,0.14869,052100800100,BORNO STATE KASHIM IBRAHIM UNIVERSITY TEACHING HOSPITAL (KIUTH),23010122,PURCHASE OF HEALTH / MEDICAL EQUIPMENT,70732,SPECIALIZED HOSPITAL SERVICES,20821600,KONDUGA,04030125000203,"Reproductive, maternal and neonatal health"
Procurement Of One Toyota Hilux 2020 to the teaching hospital,0.0,0.0,100000000.0,0.0,1017000000.0,0.0,0.0,224,0.13889,0.15686,052100800100,BORNO STATE KASHIM IBRAHIM UNIVERSITY TEACHING HOSPITAL (KIUTH),23010105,PURCHASE OF MOTOR VEHICLES,70732,SPECIALIZED HOSPITAL SERVICES,20821600,KONDUGA,04030126002903,"Reproductive, maternal and neonatal health"
Procurement Of Two toyota Camery 2021 to the teaching hospital,0.0,0.0,250000000.0,0.0,1017000000.0,0.0,0.0,224,0.14706,0.16503,052100800100,BORNO STATE KASHIM IBRAHIM UNIVERSITY TEACHING HOSPITAL (KIUTH),23010105,PURCHASE OF MOTOR VEHICLES,70732,SPECIALIZED HOSPITAL SERVICES,20821600,KONDUGA,04030126003003,"Reproductive, maternal and neonatal health"
Procurement of 3 18 seater Bus to the teaching hospital,0.0,0.0,100000000.0,243250.0,1026500000.0,0.0,0.0,224,0.15523,0.1732,052100800100,BORNO STATE KASHIM IBRAHIM UNIVERSITY TEACHING HOSPITAL (KIUTH),23010108,PURCHASE OF BUSES,70732,SPECIALIZED HOSPITAL SERVICES,20821600,KONDUGA,04030126003103,"Reproductive, maternal and neonatal health"
Procurement Of 14Nos. Of Hp pavillion core i7 Laptops in the teaching hospital,0.0,0.0,500000000.0,8433250.0,272770000.0,0.0,0.0,224,0.16258,0.18056,052100800100,BORNO STATE KASHIM IBRAHIM UNIVERSITY TEACHING HOSPITAL (KIUTH),23010113,PURCHASE OF COMPUTERS,70732,SPECIALIZED HOSPITAL SERVICES,20821600,KONDUGA,04030126003203,"Reproductive, maternal and neonatal health"
Procurement Of 16Nos. Of Hp MX400 3 In 1 Printers in the teaching hospital,0.0,0.0,250000000.0,1212250.0,42500000.0,0.0,0.0,224,0.17075,0.18873,052100800100,BORNO STATE KASHIM IBRAHIM UNIVERSITY TEACHING HOSPITAL (KIUTH),23010114,PURCHASE OF COMPUTER PRINTERS,70732,SPECIALIZED HOSPITAL SERVICES,20821600,KONDUGA,04030126003303,"Reproductive, maternal and neonatal health"
Procurement Of 2 No of solar inverter set in the teaching hospital.,0.0,0.0,200000000.0,4250000.0,690000000.0,0.0,0.0,224,0.17892,0.1969,052100800100,BORNO STATE KASHIM IBRAHIM UNIVERSITY TEACHING HOSPITAL (KIUTH),23010119,PURCHASE OF POWER GENERATING SET,70732,SPECIALIZED HOSPITAL SERVICES,20821600,KONDUGA,04030126003403,"Reproductive, maternal and neonatal health"
"Purchase Of Diagnostic, Surgical Instruments And Other Medical Equipment in the teaching hospital",0.0,0.0,150000000.0,0.0,1069610000.0,0.0,0.0,224,0.18709,0.20507,052100800100,BORNO STATE KASHIM IBRAHIM UNIVERSITY TEACHING HOSPITAL (KIUTH),23010122,PURCHASE OF HEALTH / MEDICAL EQUIPMENT,70732,SPECIALIZED HOSPITAL SERVICES,20821600,KONDUGA,04030126003503,"Reproductive, maternal and neonatal health"
Purchase Of 200 Nos of CCTV cameras To State Specialist Hospital in Maiduguri,0.0,0.0,100000000.0,0.0,51000000.0,0.0,0.0,224,0.19526,0.21324,052100800100,BORNO STATE KASHIM IBRAHIM UNIVERSITY TEACHING HOSPITAL (KIUTH),23010128,PURCHASE OF SECURITY EQUIPMENT,70732,SPECIALIZED HOSPITAL SERVICES,20821600,KONDUGA,04030126003603,"Reproductive, maternal and neonatal health"
Construction Of Health College of lab department in the teaching hospital,0.0,0.0,1000000000.0,0.0,1893250000.0,0.0,0.0,224,0.20343,0.22141,052100800100,BORNO STATE KASHIM IBRAHIM UNIVERSITY TEACHING HOSPITAL (KIUTH),23020106,CONSTRUCTION / PROVISION OF HOSPITALS / HEALTH CENTRES,70732,SPECIALIZED HOSPITAL SERVICES,20821600,KONDUGA,04030126003703,"Reproductive, maternal and neonatal health"
Construction Of Health College department in the teaching hospital,0.0,0.0,100000000.0,0.0,1507722000.0,0.0,0.0,224,0.21078,0.22876,052100800100,BORNO STATE KASHIM IBRAHIM UNIVERSITY TEACHING HOSPITAL (KIUTH),23020118,CONSTRUCTION / PROVISION OF INFRASTRUCTURE,70732,SPECIALIZED HOSPITAL SERVICES,20821600,KONDUGA,04030126003803,"Reproductive, maternal and neonatal health"
Construction Of Health College of library hall the teaching hospital,0.0,0.0,50000000.0,0.0,1507722000.0,0.0,0.0,224,0.21895,0.23693,052100800100,BORNO STATE KASHIM IBRAHIM UNIVERSITY TEACHING HOSPITAL (KIUTH),23020118,CONSTRUCTION / PROVISION OF INFRASTRUCTURE,70732,SPECIALIZED HOSPITAL SERVICES,20821600,KONDUGA,04030126003903,"Reproductive, maternal and neonatal health"
Construction Of Health College lacture threatre unit in the teaching hospital,0.0,0.0,100000000.0,0.0,2657722000.0,0.0,0.0,224,0.22712,0.2451,052100800100,BORNO STATE KASHIM IBRAHIM UNIVERSITY TEACHING HOSPITAL (KIUTH),23020118,CONSTRUCTION / PROVISION OF INFRASTRUCTURE,70732,SPECIALIZED HOSPITAL SERVICES,20821600,KONDUGA,04030126004003,"Reproductive, maternal and neonatal health"
Construction Of Health College of CBT department in the teaching hospital,0.0,0.0,0.0,0.0,2507722000.0,0.0,0.0,224,0.23529,0.25327,052100800100,BORNO STATE KASHIM IBRAHIM UNIVERSITY TEACHING HOSPITAL (KIUTH),23020118,CONSTRUCTION / PROVISION OF INFRASTRUCTURE,70732,SPECIALIZED HOSPITAL SERVICES,20821600,KONDUGA,04030126004103,"Reproductive, maternal and neonatal health"
Construction Of Health College of Health department in the teaching hospital,0.0,0.0,0.0,0.0,2507722000.0,0.0,0.0,224,0.24346,0.26144,052100800100,BORNO STATE KASHIM IBRAHIM UNIVERSITY TEACHING HOSPITAL (KIUTH),23020118,CONSTRUCTION / PROVISION OF INFRASTRUCTURE,70732,SPECIALIZED HOSPITAL SERVICES,20821600,KONDUGA,04030126004203,"Reproductive, maternal and neonatal health"
Human Capital Development is to be carried out to train and retrain staff of the college.,0.0,0.0,0.0,0.0,220000000.0,0.0,0.0,224,0.25163,0.26961,052100800100,BORNO STATE KASHIM IBRAHIM UNIVERSITY TEACHING HOSPITAL (KIUTH),23030104,REHABILITATION / REPAIRS - WATER FACILITIES,70631,WATER SUPPLY,20821600,KONDUGA,04030126004303,"Reproductive, maternal and neonatal health"
Procurement Of 2Nos. Of Sharp Scanners Brand Photocopying Machines For The Drug Agency,0.0,0.0,0.0,0.0,128500000.0,0.0,0.0,224,0.2598,0.27778,052100800100,BORNO STATE KASHIM IBRAHIM UNIVERSITY TEACHING HOSPITAL (KIUTH),23040101,TREE PLANTING,70732,SPECIALIZED HOSPITAL SERVICES,20821600,KONDUGA,04030126004403,"Reproductive, maternal and neonatal health"
Purchase Of 1 No of Power Generating Set (30Kva) For The Drug Agency,0.0,0.0,0.0,0.0,303750000.0,0.0,0.0,224,0.26716,0.28513,052100800100,BORNO STATE KASHIM IBRAHIM UNIVERSITY TEACHING HOSPITAL (KIUTH),23050102,COMPUTER SOFTWARE ACQUISITION,70732,SPECIALIZED HOSPITAL SERVICES,20821600,KONDUGA,04030126004503,"Reproductive, maternal and neonatal health"
Purchase Of Medical Equipment To State Specialist Hospital in Maiduguri,0.0,0.0,0.0,0.0,1069610000.0,0.0,0.0,224,0.27533,0.2933,052100800100,BORNO STATE KASHIM IBRAHIM UNIVERSITY TEACHING HOSPITAL (KIUTH),23010122,PURCHASE OF HEALTH / MEDICAL EQUIPMENT,70732,SPECIALIZED HOSPITAL SERVICES,20821600,KONDUGA,04030126004603,"Reproductive, maternal and neonatal health"
Procurement Of One Toyota Hilux 2020 Vehicle For The Drug Agency,0.0,97100000.0,97100000.0,0.0,20000000.0,0.0,0.0,224,0.31536,0.33333,052100900100,BORNO STATE DRUGS AND MEDICAL CONSUMABLES MANAGEMENT AGENCY (BODMA),23010105,PURCHASE OF MOTOR VEHICLES,70711,PHARMACEUTICAL PRODUCTS,20822100,MAIDUGURI METRO,04010325000102,Health sector coordination mechanisms
"Procurement Of 4Nos. Of Executive Tables, Executive Chairs, 5Nos. Of Semi Executive Tables And Executive Chairs For The Drug Agency",0.0,26762000.0,26762000.0,0.0,13400000.0,0.0,0.0,224,0.32353,0.3415,052100900100,BORNO STATE DRUGS AND MEDICAL CONSUMABLES MANAGEMENT AGENCY (BODMA),23010112,PURCHASE OF OFFICE FURNITURE AND FITTINGS,70711,PHARMACEUTICAL PRODUCTS,20822100,MAIDUGURI METRO,04010325000202,Health sector coordination mechanisms
Procurement Of 14Nos. Of Hp pavillion core i7 Laptops For The Drug Agency,0.0,5486000.0,5486000.0,0.0,5000000.0,0.0,0.0,224,0.3317,0.34967,052100900100,BORNO STATE DRUGS AND MEDICAL CONSUMABLES MANAGEMENT AGENCY (BODMA),23010113,PURCHASE OF COMPUTERS,70711,PHARMACEUTICAL PRODUCTS,20822100,MAIDUGURI METRO,04010325000302,Health sector coordination mechanisms
Procurement Of 16Nos. Of Hp MX400 3 In 1 Printers For The Drug Agency,0.0,1524000.0,1524000.0,0.0,1160000.0,0.0,0.0,224,0.33987,0.35784,052100900100,BORNO STATE DRUGS AND MEDICAL CONSUMABLES MANAGEMENT AGENCY (BODMA),23010114,PURCHASE OF COMPUTER PRINTERS,70711,PHARMACEUTICAL PRODUCTS,20822100,MAIDUGURI METRO,04010325000402,Health sector coordination mechanisms
Procurement Of 2Nos. Of Sharp MD200 Brand Photocopying Machines For The Drug Agency,0.0,5315000.0,5315000.0,0.0,1160000.0,0.0,0.0,224,0.34804,0.36601,052100900100,BORNO STATE DRUGS AND MEDICAL CONSUMABLES MANAGEMENT AGENCY (BODMA),23010115,PURCHASE OF PHOTOCOPYING MACHINES,70711,PHARMACEUTICAL PRODUCTS,20822100,MAIDUGURI METRO,04010325000502,Health sector coordination mechanisms
Procurement Of 2Nos. Of Sharp Scanners Brand Photocopying Machines For The Drug Agency,0.0,1160000.0,1160000.0,0.0,1160000.0,0.0,0.0,224,0.35621,0.37418,052100900100,BORNO STATE DRUGS AND MEDICAL CONSUMABLES MANAGEMENT AGENCY (BODMA),23010118,PURCHASE OF SCANNERS,70711,PHARMACEUTICAL PRODUCTS,20822100,MAIDUGURI METRO,04010325000602,Health sector coordination mechanisms
Purchase Of 1 No of Power Generating Set (30Kva) For The Drug Agency,0.0,6326000.0,6326000.0,0.0,10000000.0,0.0,0.0,224,0.36356,0.38154,052100900100,BORNO STATE DRUGS AND MEDICAL CONSUMABLES MANAGEMENT AGENCY (BODMA),23010119,PURCHASE OF POWER GENERATING SET,70711,PHARMACEUTICAL PRODUCTS,20822100,MAIDUGURI METRO,04010325000702,Health sector coordination mechanisms
Construction Of Ict centres within the Agency,0.0,12652000.0,12652000.0,0.0,25000000.0,0.0,0.0,224,0.37173,0.38971,052100900100,BORNO STATE DRUGS AND MEDICAL CONSUMABLES MANAGEMENT AGENCY (BODMA),23020127,CONSTRUCTION OF ICT INFRASTRUCTURES,70711,PHARMACEUTICAL PRODUCTS,20822100,MAIDUGURI METRO,04010325000802,Health sector coordination mechanisms
Monitoring And Evaluation is to evaluation the level of perfomance projects across the state,0.0,30000000.0,30000000.0,0.0,20000000.0,0.0,0.0,224,0.3799,0.39788,052100900100,BORNO STATE DRUGS AND MEDICAL CONSUMABLES MANAGEMENT AGENCY (BODMA),23050103,MONITORING AND EVALUATION,70711,PHARMACEUTICAL PRODUCTS,20842800,State wide,04010325000902,Health sector coordination mechanisms
Acquisition Of 2 plots of Land For The Drug Agency,0.0,0.0,0.0,0.0,20090000.0,0.0,0.0,224,0.38807,0.40605,052100900100,BORNO STATE DRUGS AND MEDICAL CONSUMABLES MANAGEMENT AGENCY (BODMA),23010101,PURCHASE / ACQUISITION OF LAND,70711,PHARMACEUTICAL PRODUCTS,20822100,MAIDUGURI METRO,04010326002502,Health sector coordination mechanisms
Purchase Of 2 Shredding Machines For The Drug Agency,0.0,0.0,0.0,0.0,1160000.0,0.0,0.0,224,0.39624,0.41422,052100900100,BORNO STATE DRUGS AND MEDICAL CONSUMABLES MANAGEMENT AGENCY (BODMA),23010117,PURCHASE OF SHREDDING MACHINES,70711,PHARMACEUTICAL PRODUCTS,20822100,MAIDUGURI METRO,04010326002602,Health sector coordination mechanisms
"Purchase Of Diagnostic, Surgical Instruments And Other Medical Equipment For The Drug Agency",0.0,0.0,0.0,0.0,20000000.0,0.0,0.0,224,0.40441,0.42239,052100900100,BORNO STATE DRUGS AND MEDICAL CONSUMABLES MANAGEMENT AGENCY (BODMA),23010122,PURCHASE OF HEALTH / MEDICAL EQUIPMENT,70711,PHARMACEUTICAL PRODUCTS,20822100,MAIDUGURI METRO,04010326002702,Health sector coordination mechanisms
Purchase Of 100Nos of Fire extingusher for fire service For The Drug Agency,0.0,0.0,0.0,0.0,12000000.0,0.0,0.0,224,0.41258,0.43056,052100900100,BORNO STATE DRUGS AND MEDICAL CONSUMABLES MANAGEMENT AGENCY (BODMA),23010123,PURCHASE OF FIRE FIGHTING EQUIPMENT,70711,PHARMACEUTICAL PRODUCTS,20822100,MAIDUGURI METRO,04010326002802,Health sector coordination mechanisms
Construction Of Infrastructures For The Drug Agency,0.0,0.0,0.0,0.0,20000000.0,0.0,0.0,224,0.41993,0.43791,052100900100,BORNO STATE DRUGS AND MEDICAL CONSUMABLES MANAGEMENT AGENCY (BODMA),23020118,CONSTRUCTION / PROVISION OF INFRASTRUCTURE,70711,PHARMACEUTICAL PRODUCTS,20822100,MAIDUGURI METRO,04010326002902,Health sector coordination mechanisms
Conduct research and development For The Drug Agency,0.0,0.0,0.0,0.0,30000000.0,0.0,0.0,224,0.4281,0.44608,052100900100,BORNO STATE DRUGS AND MEDICAL CONSUMABLES MANAGEMENT AGENCY (BODMA),23050101,RESEARCH AND DEVELOPMENT,70711,PHARMACEUTICAL PRODUCTS,20822100,MAIDUGURI METRO,04010326003002,Health sector coordination mechanisms
Conduct capacity building for staff within the Agency,0.0,0.0,0.0,0.0,40195000.0,0.0,0.0,224,0.43627,0.45425,052100900100,BORNO STATE DRUGS AND MEDICAL CONSUMABLES MANAGEMENT AGENCY (BODMA),23050130,HUMAN CAPITAL DEVELOPMENT,70711,PHARMACEUTICAL PRODUCTS,20822100,MAIDUGURI METRO,04010326003102,Health sector coordination mechanisms
Software acquisition For The Drug Agency,0.0,0.0,0.0,0.0,25000000.0,0.0,0.0,224,0.44444,0.46242,052100900100,BORNO STATE DRUGS AND MEDICAL CONSUMABLES MANAGEMENT AGENCY (BODMA),23050102,COMPUTER SOFTWARE ACQUISITION,70711,PHARMACEUTICAL PRODUCTS,20822100,MAIDUGURI METRO,04010326003202,Health sector coordination mechanisms
Procurement of 5 Buses for monitoring and evaluation across the state.,0.0,50000000.0,50000000.0,47000000.0,60000000.0,0.0,0.0,224,0.48448,0.50245,053500100100,MINISTRY OF ENVIRONMENT,23010108,PURCHASE OF BUSES,70561,ENVIRONMENTAL PROTECTION N.E.C.,20822100,MAIDUGURI METRO,09100124000100,Environmental Improvement - General
Procurement Of 5No of sewage carrying trucks At Zonal Offices In Maiduguri.,0.0,100000000.0,100000000.0,0.0,100000000.0,0.0,0.0,224,0.49265,0.51062,053500100100,MINISTRY OF ENVIRONMENT,23010107,PURCHASE OF TRUCKS,70561,ENVIRONMENTAL PROTECTION N.E.C.,20822100,MAIDUGURI METRO,09100124000200,Environmental Improvement - General
Procurement Of 5No of Executive table and 3No of chairs At Zonal Offices In Maiduguri.,50000000.0,6020000.0,6020000.0,0.0,6020000.0,0.0,0.0,224,0.50082,0.51879,053500100100,MINISTRY OF ENVIRONMENT,23010112,PURCHASE OF OFFICE FURNITURE AND FITTINGS,70561,ENVIRONMENTAL PROTECTION N.E.C.,20822100,MAIDUGURI METRO,09100124000300,Environmental Improvement - General
Procurement Of 3Nos. Of Hp Laptops corei 5 for The Ministry of Environment.,0.0,2431000.0,2431000.0,0.0,7431000.0,0.0,0.0,224,0.50899,0.52696,053500100100,MINISTRY OF ENVIRONMENT,23010113,PURCHASE OF COMPUTERS,70561,ENVIRONMENTAL PROTECTION N.E.C.,20822100,MAIDUGURI METRO,09100124000400,Environmental Improvement - General
Procurement Of 2Nos. Of Hp M132 Black Printer for The Ministry of Environment.,150000000.0,1736000.0,1736000.0,0.0,0.0,0.0,0.0,224,0.51634,0.53431,053500100100,MINISTRY OF ENVIRONMENT,23010114,PURCHASE OF COMPUTER PRINTERS,70561,ENVIRONMENTAL PROTECTION N.E.C.,20822100,MAIDUGURI METRO,09100124000500,Environmental Improvement - General
Procurement Of 4Nos. Of Hp Laserjet WX312 photocoying Machine for The Ministry of Environment.,0.0,1736000.0,1736000.0,0.0,5736000.0,0.0,0.0,224,0.52451,0.54248,053500100100,MINISTRY OF ENVIRONMENT,23010115,PURCHASE OF PHOTOCOPYING MACHINES,70561,ENVIRONMENTAL PROTECTION N.E.C.,20831100,GWOZA,09100123000100,Environmental Improvement - General
Construction Of Permanent Offices At Gwoza LGA,490255367.75,60000000.0,60000000.0,0.0,50000000.0,0.0,0.0,224,0.53268,0.55065,053500100100,MINISTRY OF ENVIRONMENT,23020101,CONSTRUCTION / PROVISION OF OFFICE BUILDINGS,70611,HOUSING DEVELOPMENT,20822100,MAIDUGURI METRO,09100123000200,Environmental Improvement - General
"Construction Of Refuse Collection Centers, Sewage And Refuse Disposals In Maiduguri & Jere.",1271880800.0,150000000.0,150000000.0,0.0,150000000.0,150000000.0,0.0,224,0.54085,0.55882,053500100100,MINISTRY OF ENVIRONMENT,23020118,CONSTRUCTION / PROVISION OF INFRASTRUCTURE,70561,ENVIRONMENTAL PROTECTION N.E.C.,20821300,JERE,09100123000300,Environmental Improvement - General
"Rehabilitation Of Drainages At Ruwan Zafi, Goni Kackallari And Abuja Talaka. In Jere LGA",3440000.0,280000000.0,280000000.0,0.0,280000000.0,0.0,0.0,224,0.54902,0.56699,053500100100,MINISTRY OF ENVIRONMENT,23030115,REHABILITATION / REPAIRS - WATER-WAY,70561,ENVIRONMENTAL PROTECTION N.E.C.,20822100,MAIDUGURI METRO,09100123000400,Environmental Improvement - General
"Repairs Of Power Generating Plants At Tushari CBN Quarter, Maiduguri Water Treatment Plant And Giwa Barracks in Maiduguri Metropolitan Council LGA.",6170000.0,11576000.0,11576000.0,0.0,11576000.0,0.0,0.0,224,0.55719,0.57516,053500100100,MINISTRY OF ENVIRONMENT,23030125,REHABILITATION/REPAIRS- POWER GENERATING PLANTS,70561,ENVIRONMENTAL PROTECTION N.E.C.,20822100,MAIDUGURI METRO,09100123000500,Environmental Improvement - General
Tree Planting campaign/Sensitization On Deforestation/Landscaping In Teaching Hospital Maiduguri.,3655000.0,50000000.0,50000000.0,0.0,1860000000.0,1860000000.0,0.0,224,0.56536,0.58333,053500100100,MINISTRY OF ENVIRONMENT,23040101,TREE PLANTING,70561,ENVIRONMENTAL PROTECTION N.E.C.,20842800,State wide,09100123000600,Environmental Improvement - General
"Erosion & Flood Control/Desilting,Evacuation,Dregging At Bolori, Maiduguri International Hotel And Giwa Barrack Jere LGA",0.0,15176391000.0,8176391000.0,635968000.0,1970124000.0,1970124000.0,0.0,224,0.57271,0.59069,053500100100,MINISTRY OF ENVIRONMENT,23040102,EROSION & FLOOD CONTROL,70561,ENVIRONMENTAL PROTECTION N.E.C.,20842800,State wide,09100123000700,Environmental Improvement - General
Wildlife Conservation and Rehabilitation Of Facilities In The Zoo At Maiduguri LGA.,0.0,479135000.0,479135000.0,42986500.0,300135000.0,300135000.0,0.0,224,0.58088,0.59886,053500100100,MINISTRY OF ENVIRONMENT,23040103,WILDLIFE CONSERVATION,70561,ENVIRONMENTAL PROTECTION N.E.C.,20842800,State wide,09100123000800,Environmental Improvement - General
Industrial Pollution Prevention & Control Across Borno State LGAs.,0.0,150000000.0,150000000.0,44780000.0,200000000.0,200000000.0,0.0,224,0.58905,0.60703,053500100100,MINISTRY OF ENVIRONMENT,23040104,INDUSTRIAL POLLUTION PREVENTION & CONTROL,70561,ENVIRONMENTAL PROTECTION N.E.C.,20842800,State wide,09100123000900,Environmental Improvement - General
"Water Pollution Prevention & Control(Climate Change), Wheather Equipments,Drought & Desertification Control, Water Harvester For Irrigation Of Woodlots, Shelterbelts & 3 Polloter Project In The 3 Senatorial Zones.",82100000.0,150000000.0,150000000.0,4725000.0,250000000.0,250000000.0,0.0,224,0.59722,0.6152,053500100100,MINISTRY OF ENVIRONMENT,23040105,WATER POLLUTION PREVENTION & CONTROL,70561,ENVIRONMENTAL PROTECTION N.E.C.,20842800,State wide,09100123001000,Environmental Improvement - General
"Prevention, Climate change management and desertification control across the state.",0.0,1300000000.0,1300000000.0,30180000.0,1000000000.0,1000000000.0,0.0,224,0.60539,0.62337,053500100100,MINISTRY OF ENVIRONMENT,23040106,CLIMATE CHANGE MANAGEMENT & CONTROL,70561,ENVIRONMENTAL PROTECTION N.E.C.,20842800,State wide,09100123001100,Environmental Improvement - General
Monitoring And Evaluation is carried of out to increase and improve the level of staff performance in the Ministry of Environment,0.0,50366000.0,50366000.0,0.0,5366000.0,0.0,0.0,224,0.61356,0.63154,053500100100,MINISTRY OF ENVIRONMENT,23050103,MONITORING AND EVALUATION,70561,ENVIRONMENTAL PROTECTION N.E.C.,20842800,State wide,09100123001200,Environmental Improvement - General
Anniversaries and Celebrations (Free Distribution & Gifting Of Tree Seedlings In The 3 Senatorial Zones.,0.0,51000000.0,51000000.0,2000000.0,55000000.0,0.0,0.0,224,0.62092,0.63889,053500100100,MINISTRY OF ENVIRONMENT,23050104,ANNIVERSARIES/CELEBRATIONS,70561,ENVIRONMENTAL PROTECTION N.E.C.,20842800,State wide,09100123001300,Environmental Improvement - General
"Water Pollution Prevention & Control(Climate Change), Wheather Equipments,Drought & Desertification Control, Water Harvester For Irrigation Of Woodlots, Shelterbelts & 3 Polloter Project In The 3 Senatorial Zones.",0.0,0.0,0.0,0.0,1970124000.0,0.0,0.0,224,0.62908,0.64706,053500100100,MINISTRY OF ENVIRONMENT,23040102,EROSION & FLOOD CONTROL,70561,ENVIRONMENTAL PROTECTION N.E.C.,20842800,State wide,09100126000100,Environmental Improvement - General
Purchase Of 18 Searter Toyota 2009 Vans for Borno State Environmental Protection Agecny.,0.0,20000000.0,20000000.0,0.0,40390000.0,0.0,0.0,224,0.66912,0.68709,053501600100,BORNO STATE ENVIRONMENTAL PROTECTION AGENCY (BOSEPA),23010108,PURCHASE OF BUSES,70511,WASTE MANAGEMENT,20822100,MAIDUGURI METRO,09100124000600,Environmental Improvement - General
Purchase Of 2 Nos. Of Opened Toyota 2006 Trucks for Borno State Environemtal Protection Agency.,0.0,40000000.0,40000000.0,0.0,72270000.0,0.0,0.0,224,0.67729,0.69526,053501600100,BORNO STATE ENVIRONMENTAL PROTECTION AGENCY (BOSEPA),23010107,PURCHASE OF TRUCKS,70511,WASTE MANAGEMENT,20822100,MAIDUGURI METRO,09100124000700,Environmental Improvement - General
Purchase Of Fifteen (15 ) Executive Tables And Fifteen (15 ) Executive Swivel Chairs And Thirty (30) Visitors Chairs for Borno State Environmental Protection Agecny.,0.0,25000000.0,25000000.0,0.0,10000000.0,0.0,0.0,224,0.68546,0.70343,053501600100,BORNO STATE ENVIRONMENTAL PROTECTION AGENCY (BOSEPA),23010112,PURCHASE OF OFFICE FURNITURE AND FITTINGS,70511,WASTE MANAGEMENT,20822100,MAIDUGURI METRO,09100124000800,Environmental Improvement - General
Purchase Of Five(5) Hp 8Gb Ram Laptops &Ten (10) 4Gb Ram Desktop 17 Inch Screen for Borno State Environmental Protection Agecny.,0.0,3390000.0,3390000.0,0.0,3390000.0,0.0,0.0,224,0.69363,0.7116,053501600100,BORNO STATE ENVIRONMENTAL PROTECTION AGENCY (BOSEPA),23010113,PURCHASE OF COMPUTERS,70511,WASTE MANAGEMENT,20822100,MAIDUGURI METRO,09100124000900,Environmental Improvement - General
Upgrading Of Re-Cycling Plant for Borno State Environmental Protection Agecny in Maiduguri.,0.0,5650000.0,5650000.0,0.0,650000.0,0.0,0.0,224,0.7018,0.71977,053501600100,BORNO STATE ENVIRONMENTAL PROTECTION AGENCY (BOSEPA),23010129,PURCHASE OF INDUSTRIAL EQUIPMENT,70511,WASTE MANAGEMENT,20822100,MAIDUGURI METRO,09100124001000,Environmental Improvement - General
Construction Of Drainages/Water-Ways Within Mmc & Jere Lga,0.0,5650000.0,5650000.0,0.0,20000000.0,0.0,0.0,224,0.70997,0.72794,053501600100,BORNO STATE ENVIRONMENTAL PROTECTION AGENCY (BOSEPA),23020116,CONSTRUCTION / PROVISION OF WATER-WAYS,70631,WATER SUPPLY,20822100,MAIDUGURI METRO,09100124001100,Environmental Improvement - General
Construction Of public toilet within Borno state Environmental Protection Agency.,0.0,100000000.0,100000000.0,0.0,50000000.0,0.0,0.0,224,0.71814,0.73611,053501600100,BORNO STATE ENVIRONMENTAL PROTECTION AGENCY (BOSEPA),23020118,CONSTRUCTION / PROVISION OF INFRASTRUCTURE,70511,WASTE MANAGEMENT,20822100,MAIDUGURI METRO,09100124001200,Environmental Improvement - General
Rehabilitation Of Libraries for Borno State Environemtal Protection Agency main office in maiduguri.,0.0,5650000.0,5650000.0,0.0,500000.0,0.0,0.0,224,0.72549,0.74346,053501600100,BORNO STATE ENVIRONMENTAL PROTECTION AGENCY (BOSEPA),23030110,REHABILITATION / REPAIRS - LIBRARIES,70511,WASTE MANAGEMENT,20822100,MAIDUGURI METRO,09100124001300,Environmental Improvement - General
Rehabilitation Of Heavy Plants Machineries for Borno State Environemtal Protection Agency in Maiduguri main office.,0.0,10000000.0,10000000.0,0.0,11300000.0,0.0,0.0,224,0.73366,0.75163,053501600100,BORNO STATE ENVIRONMENTAL PROTECTION AGENCY (BOSEPA),23030128,REHABILITATION/REPAIRS OF INFRASTRUCTURES,70511,WASTE MANAGEMENT,20822100,MAIDUGURI METRO,09100124001400,Environmental Improvement - General
Research On Environmental Pollution Within Maiduguri Metropolitan Council and Jere LGAs.,0.0,2000000.0,2000000.0,0.0,500000.0,0.0,0.0,224,0.74183,0.7598,053501600100,BORNO STATE ENVIRONMENTAL PROTECTION AGENCY (BOSEPA),23050101,RESEARCH AND DEVELOPMENT,70511,WASTE MANAGEMENT,20822100,MAIDUGURI METRO,09100124001500,Environmental Improvement - General
Procurement Of 14Nos. Of Hp pavillion core i7 Laptops,0.0,0.0,0.0,0.0,10000000.0,0.0,0.0,224,0.75,0.76797,053501600100,BORNO STATE ENVIRONMENTAL PROTECTION AGENCY (BOSEPA),23050101,RESEARCH AND DEVELOPMENT,70511,WASTE MANAGEMENT,20822100,MAIDUGURI METRO,09100126000200,Environmental Improvement - General
Procurement Of One Students toyota 2010 Shuttle Bus for Borno State Green Great Wall,0.0,50000000.0,50000000.0,0.0,25000000.0,0.0,0.0,224,0.79003,0.80801,053505500100,BORNO STATE AGENCY FOR GREAT GREEN WALL,23010105,PURCHASE OF MOTOR VEHICLES,70422,FORESTRY,20822100,MAIDUGURI METRO,09100125000100,Environmental Improvement - General
Purchase Of 2 Nos. Of Opened Toyota 2006 Trucks for Borno State Green Great Wall,0.0,250000000.0,250000000.0,0.0,34000000.0,0.0,0.0,224,0.7982,0.81618,053505500100,BORNO STATE AGENCY FOR GREAT GREEN WALL,23010107,PURCHASE OF TRUCKS,70422,FORESTRY,20822100,MAIDUGURI METRO,09100125000200,Environmental Improvement - General
"Procurement Of 4Nos. Of Executive Tables, Executive Chairs, 5Nos. Of Semi Executive Tables And Executive Chairs for Borno State Green Great Wall",0.0,74000000.0,74000000.0,0.0,35000000.0,0.0,0.0,224,0.80637,0.82435,053505500100,BORNO STATE AGENCY FOR GREAT GREEN WALL,23010112,PURCHASE OF OFFICE FURNITURE AND FITTINGS,70422,FORESTRY,20822100,MAIDUGURI METRO,09100125000300,Environmental Improvement - General
Procurement Of 14Nos. Of Hp pavillion core i7 Laptops for Borno State Green Great Wall,0.0,2500000.0,2500000.0,0.0,2500000.0,0.0,0.0,224,0.81454,0.83252,053505500100,BORNO STATE AGENCY FOR GREAT GREEN WALL,23010113,PURCHASE OF COMPUTERS,70422,FORESTRY,20822100,MAIDUGURI METRO,09100125000400,Environmental Improvement - General
Procurement Of 16Nos. Of Hp MX400 3 In 1 Printers for Borno State Green Great Wall,0.0,2000000.0,2000000.0,0.0,2000000.0,0.0,0.0,224,0.8219,0.83987,053505500100,BORNO STATE AGENCY FOR GREAT GREEN WALL,23010114,PURCHASE OF COMPUTER PRINTERS,70422,FORESTRY,20822100,MAIDUGURI METRO,09100125000500,Environmental Improvement - General
Procurement Of 2Nos. Of Sharp MD200 Brand Photocopying Machines for Borno State Green Great Wall,0.0,1500000.0,1500000.0,0.0,1500000.0,0.0,0.0,224,0.83007,0.84804,053505500100,BORNO STATE AGENCY FOR GREAT GREEN WALL,23010115,PURCHASE OF PHOTOCOPYING MACHINES,70422,FORESTRY,20822100,MAIDUGURI METRO,09100125000600,Environmental Improvement - General
Construction Of Office Building Atfor Borno State Green Great Wall,0.0,50000000.0,50000000.0,0.0,20000000.0,0.0,0.0,224,0.83824,0.85621,053505500100,BORNO STATE AGENCY FOR GREAT GREEN WALL,23020101,CONSTRUCTION / PROVISION OF OFFICE BUILDINGS,70611,HOUSING DEVELOPMENT,20822100,MAIDUGURI METRO,09100125000700,Environmental Improvement - General
Provision Of Infrastructurefor Borno State Green Great Wall,0.0,500000000.0,500000000.0,0.0,30000000.0,0.0,0.0,224,0.84641,0.86438,053505500100,BORNO STATE AGENCY FOR GREAT GREEN WALL,23020118,CONSTRUCTION / PROVISION OF INFRASTRUCTURE,70422,FORESTRY,20822100,MAIDUGURI METRO,09100125000800,Environmental Improvement - General
Landscaping/Tree Plantingfor Borno State Green Great Wall,0.0,500000000.0,500000000.0,294288170.27,830000000.0,0.0,0.0,224,0.85458,0.87255,053505500100,BORNO STATE AGENCY FOR GREAT GREEN WALL,23040101,TREE PLANTING,70422,FORESTRY,20822100,MAIDUGURI METRO,09100125000900,Environmental Improvement - General
Research on street lights for Borno State Green Great Wall,0.0,10000000.0,10000000.0,0.0,10000000.0,0.0,0.0,224,0.86275,0.88072,053505500100,BORNO STATE AGENCY FOR GREAT GREEN WALL,23050101,RESEARCH AND DEVELOPMENT,70422,FORESTRY,20822100,MAIDUGURI METRO,09100125001000,Environmental Improvement - General
Monitoring on project completionfor Borno State Green Great Wall,0.0,60000000.0,60000000.0,0.0,10000000.0,0.0,0.0,224,0.87092,0.88889,053505500100,BORNO STATE AGENCY FOR GREAT GREEN WALL,23050103,MONITORING AND EVALUATION,70422,FORESTRY,20822100,MAIDUGURI METRO,09100125001100,Environmental Improvement - General
Landscaping/Tree Planting In Maiduguri International Hotel.,0.0,15000000.0,20000000.0,0.0,10000000.0,0.0,0.0,225,0.09069,0.10866,053505600100,BORNO STATE AFORESTATION PROJECT,23040101,TREE PLANTING,70422,FORESTRY,20822100,MAIDUGURI METRO,09100124001600,Environmental Improvement - General
Human Capital Development in Establishment of water-shed management agency in MMC,0.0,20000000.0,20000000.0,0.0,20000000.0,0.0,0.0,225,0.13072,0.14869,053505900100,BORNO STATE WATER-SHED MANAGEMENT AGENCY,23050130,HUMAN CAPITAL DEVELOPMENT,70561,ENVIRONMENTAL PROTECTION N.E.C.,20822100,MAIDUGURI METRO,09100124001000,Environmental Improvement - General
"Procurement Of 5Nos. Of Executive Tables And Excutive Chairs for Ministry of Youth, Sport and Poverty Alleviation.",0.0,9450000.0,9450000.0,0.0,11813000.0,0.0,0.0,225,0.17075,0.18873,053900100100,"MINISTRY OF YOUTH, SPORTS & POVERTY ALLEVIATION",23010112,PURCHASE OF OFFICE FURNITURE AND FITTINGS,71051,UNEMPLOYMENT,20821300,JERE,03100124000100,Poverty Alleviation - General
"Procurement Of 5Nos. Of Hp Laptops Corei 7 13 inch for Ministry of Youth, Sport and Poverty Alleviation.",0.0,4305000.0,4305000.0,0.0,5381000.0,0.0,0.0,225,0.17892,0.1969,053900100100,"MINISTRY OF YOUTH, SPORTS & POVERTY ALLEVIATION",23010113,PURCHASE OF COMPUTERS,71051,UNEMPLOYMENT,20821300,JERE,03100124000200,Poverty Alleviation - General
"Procurement Of 5Nos. Of Hp Laser jet M477 Printers for Ministry of Youth, Sport and Poverty Alleviation.",0.0,2152000.0,4304000.0,0.0,2690000.0,0.0,0.0,225,0.18709,0.20507,053900100100,"MINISTRY OF YOUTH, SPORTS & POVERTY ALLEVIATION",23010114,PURCHASE OF COMPUTER PRINTERS,71051,UNEMPLOYMENT,20821300,JERE,03100124000300,Poverty Alleviation - General
"Procurement Of 4Nos. Of MXSharp 260 Photocopying for Ministry of Youth, Sport and Poverty Alleviation.",0.0,2152000.0,157500000.0,0.0,2690000.0,0.0,0.0,225,0.19526,0.21324,053900100100,"MINISTRY OF YOUTH, SPORTS & POVERTY ALLEVIATION",23010115,PURCHASE OF PHOTOCOPYING MACHINES,71051,UNEMPLOYMENT,20821300,JERE,03100124000400,Poverty Alleviation - General
"Purchase Of Balls with other Gaming Equipment for Ministry of Youth, Sport and Poverty Alleviation.",0.0,6020000.0,6020000.0,0.0,7525000.0,0.0,0.0,225,0.20343,0.22141,053900100100,"MINISTRY OF YOUTH, SPORTS & POVERTY ALLEVIATION",23010126,PURCHASE OF SPORTING / GAMING EQUIPMENT,71051,UNEMPLOYMENT,20821300,JERE,03100123000100,Poverty Alleviation - General
Construction Of middle sport center in the 3 Estate Within Maiduguri Metropolitan Council LGA.,26805780.0,213000000.0,213000000.0,0.0,266250000.0,0.0,0.0,225,0.21078,0.22876,053900100100,"MINISTRY OF YOUTH, SPORTS & POVERTY ALLEVIATION",23020112,CONSTRUCTION / PROVISION OF SPORTING FACILITIES,71051,UNEMPLOYMENT,20821300,JERE,03100123000200,Poverty Alleviation - General
Rehabilitation Of 5Nos Of Sporting Facilities Maiduguri Metropolitan Council LGA.,34480000.0,300000000.0,300000000.0,0.0,375000000.0,0.0,0.0,225,0.21895,0.23693,053900100100,"MINISTRY OF YOUTH, SPORTS & POVERTY ALLEVIATION",23030111,REHABILITATION / REPAIRS - SPORTING FACILITIES,71051,UNEMPLOYMENT,20842800,State wide,03100123000300,Poverty Alleviation - General
Sponsorship Of Christian Pilgrimage To Rome/Jerusalem and Ramadan Activities.,4145764704.37,38640000.0,38640000.0,0.0,96600000.0,0.0,0.0,225,0.22712,0.2451,053900100100,"MINISTRY OF YOUTH, SPORTS & POVERTY ALLEVIATION",23050104,ANNIVERSARIES/CELEBRATIONS,71051,UNEMPLOYMENT,20842800,State wide,03100123000400,Poverty Alleviation - General
Training And Retraining Of Footballers To Visit Other State For Sporting Games,102380385.0,157500000.0,6036781000.0,4684997621.99,196875000.0,0.0,0.0,225,0.23529,0.25327,053900100100,"MINISTRY OF YOUTH, SPORTS & POVERTY ALLEVIATION",23050130,HUMAN CAPITAL DEVELOPMENT,71051,UNEMPLOYMENT,20821300,JERE,03100123000600,Poverty Alleviation - General
Procurement Of 1Nos. Of Laptops And 2Nos. Of Desktop To Executive Chairman in the Borno State Sports Council.,0.0,2000000.0,2000000.0,0.0,2000000.0,0.0,0.0,225,0.27533,0.2933,053905100100,BORNO STATE SPORTS COUNCIL,23010113,PURCHASE OF COMPUTERS,70811,RECREATIONAL AND SPORTING SERVICES,20821300,JERE,08100124000300,Youth - General
Procurement Of 1Nos. Of Hp pavillion corei7 Printer To The Executive Chairman in the Borno State Sports Council.,0.0,1500000.0,1500000.0,0.0,1500000.0,0.0,0.0,225,0.2835,0.30147,053905100100,BORNO STATE SPORTS COUNCIL,23010114,PURCHASE OF COMPUTER PRINTERS,70811,RECREATIONAL AND SPORTING SERVICES,20821300,JERE,08100124000400,Youth - General
Procurement Of Sporting And Gaming Equipment in the Borno State Sports Council.,0.0,6500000.0,6500000.0,0.0,6500000.0,0.0,0.0,225,0.29167,0.30964,053905100100,BORNO STATE SPORTS COUNCIL,23010126,PURCHASE OF SPORTING / GAMING EQUIPMENT,70811,RECREATIONAL AND SPORTING SERVICES,20821300,JERE,08100124000500,Youth - General
Capacity building of youths across the state.,0.0,100000000.0,1000000000.0,0.0,200000000.0,0.0,0.0,225,0.3317,0.34967,053905700100,BORNO STATE SOCIAL INVESTMENT MANAGEMENT PROGRAMME,23050130,HUMAN CAPITAL DEVELOPMENT,71071,SOCIAL EXCLUSION N.E.C.,20821300,JERE,03100125000100,Poverty Alleviation - General
"Procurement Of 1 Toyota Hilux, 1 Toyota Bus and 1Gulf wagon To The investment management",0.0,0.0,1000000000.0,0.0,25000000.0,0.0,0.0,225,0.33987,0.35784,053905700100,BORNO STATE SOCIAL INVESTMENT MANAGEMENT PROGRAMME,23010105,PURCHASE OF MOTOR VEHICLES,71071,SOCIAL EXCLUSION N.E.C.,20821300,JERE,03100126000100,Poverty Alleviation - General
Procurement Of 1Nos. Of Hp pavillion corei7 Printer To The Executive Chairman in the investment management,0.0,0.0,100000000.0,0.0,10000000.0,0.0,0.0,225,0.34804,0.36601,053905700100,BORNO STATE SOCIAL INVESTMENT MANAGEMENT PROGRAMME,23010113,PURCHASE OF COMPUTERS,71071,SOCIAL EXCLUSION N.E.C.,20821300,JERE,03100126000200,Poverty Alleviation - General
Procurement of mx sharp 260 photocopier To The investment management,0.0,0.0,0.0,0.0,5000000.0,0.0,0.0,225,0.35621,0.37418,053905700100,BORNO STATE SOCIAL INVESTMENT MANAGEMENT PROGRAMME,23010115,PURCHASE OF PHOTOCOPYING MACHINES,71071,SOCIAL EXCLUSION N.E.C.,20821300,JERE,03100126000300,Poverty Alleviation - General
Acquisition Of Land for Ministry of Local Government and Emirate Affairs. across the 27 L.G.As,0.0,26000000.0,26000000.0,0.0,28700000.0,0.0,0.0,225,0.39624,0.41422,055100100100,MINISTRY FOR LOCAL GOVERNMENT AND EMIRATE AFFAIRS,23010101,PURCHASE / ACQUISITION OF LAND,70621,COMMUNITY DEVELOPMENT,20822100,MAIDUGURI METRO,02100124001700,Societal Re-orientation - General
Purchase Of 1Nos. of Toyota Hilux and 2No of Corolla Toyota for Ministry of local government and emirate affairs.,0.0,200000000.0,200000000.0,0.0,0.0,0.0,0.0,225,0.40441,0.42239,055100100100,MINISTRY FOR LOCAL GOVERNMENT AND EMIRATE AFFAIRS,23010105,PURCHASE OF MOTOR VEHICLES,70621,COMMUNITY DEVELOPMENT,20822100,MAIDUGURI METRO,02100124001800,Societal Re-orientation - General
Purchase Of 20Nos. Of Executive Tables And 20Nos. Of Executive Chairs for Ministry of Local Government and Emirate Affairs.,0.0,22000000.0,22000000.0,0.0,24300000.0,0.0,0.0,225,0.41258,0.43056,055100100100,MINISTRY FOR LOCAL GOVERNMENT AND EMIRATE AFFAIRS,23010112,PURCHASE OF OFFICE FURNITURE AND FITTINGS,70621,COMMUNITY DEVELOPMENT,20822100,MAIDUGURI METRO,02100124001900,Societal Re-orientation - General
Purchase Of 3Nos. of Hp Desktops And 2Nos. of Hp Laptops Computers for Ministry of Local Government and Emirate Affairs.,0.0,55000000.0,55000000.0,0.0,56500000.0,0.0,0.0,225,0.41993,0.43791,055100100100,MINISTRY FOR LOCAL GOVERNMENT AND EMIRATE AFFAIRS,23010113,PURCHASE OF COMPUTERS,70621,COMMUNITY DEVELOPMENT,20822100,MAIDUGURI METRO,02100124002000,Societal Re-orientation - General
Purchase Of 2Nos. Hp Laser Jet Printers for Ministry of Local Government and Emirate Affairs.,0.0,1270000.0,1270000.0,0.0,2000000.0,0.0,0.0,225,0.4281,0.44608,055100100100,MINISTRY FOR LOCAL GOVERNMENT AND EMIRATE AFFAIRS,23010114,PURCHASE OF COMPUTER PRINTERS,70621,COMMUNITY DEVELOPMENT,20822100,MAIDUGURI METRO,02100124002100,Societal Re-orientation - General
Purchase Of 2Nos. of Sharp Photocopying Machines for Ministry of Local Government and Emirate Affairs.,0.0,2200000.0,1582222000.0,0.0,2334000.0,0.0,0.0,225,0.43627,0.45425,055100100100,MINISTRY FOR LOCAL GOVERNMENT AND EMIRATE AFFAIRS,23010115,PURCHASE OF PHOTOCOPYING MACHINES,70621,COMMUNITY DEVELOPMENT,20822100,MAIDUGURI METRO,02100124002200,Societal Re-orientation - General
Rehabilitation Of Ict Center for Ministry of Local Government and Emirate Affairs.,0.0,22500000.0,22500000.0,0.0,22833000.0,0.0,0.0,225,0.44444,0.46242,055100100100,MINISTRY FOR LOCAL GOVERNMENT AND EMIRATE AFFAIRS,23030127,REHABILITATION/REPAIRS- ICT INFRASTRUCTURES,70621,COMMUNITY DEVELOPMENT,20822100,MAIDUGURI METRO,02100124002400,Societal Re-orientation - General
Provision of Infrastructures in mafa Lga.,0.0,4400045000.0,2000000000.0,0.0,2466706000.0,0.0,0.0,225,0.45261,0.47059,055100100100,MINISTRY FOR LOCAL GOVERNMENT AND EMIRATE AFFAIRS,23020118,CONSTRUCTION / PROVISION OF INFRASTRUCTURE,70621,COMMUNITY DEVELOPMENT,20821900,MAFA,02100125000100,Societal Re-orientation - General
NUT.1.IMAM.1.5.2. Conduct Advocacy for the establishment of Nutrition Desk in the State Emergency Management Agency (SEMA),0.0,0.0,0.0,0.0,29875000.0,0.0,29875000.0,225,0.46078,0.47876,055100100100,MINISTRY FOR LOCAL GOVERNMENT AND EMIRATE AFFAIRS,23050103,MONITORING AND EVALUATION,70621,COMMUNITY DEVELOPMENT,20822100,MAIDUGURI METRO,02100126001200,Societal Re-orientation - General
NUT.2.Emergency.1.1.1. Promote commercial food production by empowering farmers' cooperatives / clusters and private/commercial farmers at the LGAs and community level.,0.0,0.0,0.0,0.0,29875000.0,0.0,29875000.0,225,0.46814,0.48611,055100100100,MINISTRY FOR LOCAL GOVERNMENT AND EMIRATE AFFAIRS,23020113,CONSTRUCTION / PROVISION OF AGRICULTURAL FACILITIES,70421,AGRICULTURE,20822100,MAIDUGURI METRO,02100126001300,Societal Re-orientation - General
NUT.3 FSCP.1.4.2. Conduct Sensitization and demonstration on food handling and safety practices to women groups across the 3 senatorial districts,0.0,0.0,0.0,0.0,29875000.0,0.0,29875000.0,225,0.47631,0.49428,055100100100,MINISTRY FOR LOCAL GOVERNMENT AND EMIRATE AFFAIRS,23050103,MONITORING AND EVALUATION,70621,COMMUNITY DEVELOPMENT,20822100,MAIDUGURI METRO,02100126001400,Societal Re-orientation - General
"NUT.4 EE.1.2. 1. Provide Support to increase hectarage of land under cultivation of crops, livestock farming and fisheries through Government, communities and individuals",0.0,0.0,0.0,0.0,29875000.0,0.0,29875000.0,225,0.48448,0.50245,055100100100,MINISTRY FOR LOCAL GOVERNMENT AND EMIRATE AFFAIRS,23020113,CONSTRUCTION / PROVISION OF AGRICULTURAL FACILITIES,70421,AGRICULTURE,20822100,MAIDUGURI METRO,02100126001500,Societal Re-orientation - General
NUT.5 FNS.1.1. 2. Support the establishment,0.0,0.0,0.0,0.0,29875000.0,0.0,29875000.0,225,0.49265,0.51062,055100100100,MINISTRY FOR LOCAL GOVERNMENT AND EMIRATE AFFAIRS,23020113,CONSTRUCTION / PROVISION OF AGRICULTURAL FACILITIES,70421,AGRICULTURE,20822100,MAIDUGURI METRO,02100126001600,Societal Re-orientation - General
NUT.6 HRN.1.1.8. Stage agricultural shows and exhibitions in the state with the participation of all 23 LGAs.,0.0,0.0,0.0,0.0,29875000.0,0.0,29875000.0,225,0.50082,0.51879,055100100100,MINISTRY FOR LOCAL GOVERNMENT AND EMIRATE AFFAIRS,23050101,RESEARCH AND DEVELOPMENT,70621,COMMUNITY DEVELOPMENT,20822100,MAIDUGURI METRO,02100126001700,Societal Re-orientation - General
"NUT.2.Emergency.1.2.3. Support the establishment of special farms for fruits, vegetables and edible mushrooms.",0.0,0.0,0.0,0.0,29875000.0,0.0,29875000.0,225,0.50899,0.52696,055100100100,MINISTRY FOR LOCAL GOVERNMENT AND EMIRATE AFFAIRS,23020113,CONSTRUCTION / PROVISION OF AGRICULTURAL FACILITIES,70421,AGRICULTURE,20822100,MAIDUGURI METRO,02100126001800,Societal Re-orientation - General
NUT.1.IMAM.5.2.10 Sensitization of Household/communities on safe water management,0.0,0.0,0.0,0.0,29875000.0,0.0,29875000.0,225,0.51634,0.53431,055100100100,MINISTRY FOR LOCAL GOVERNMENT AND EMIRATE AFFAIRS,23050103,MONITORING AND EVALUATION,70621,COMMUNITY DEVELOPMENT,20822100,MAIDUGURI METRO,02100126001900,Societal Re-orientation - General
"Procurement Of 1 Toyota Hilux, 1 Toyota Bus and 1Gulf wagon To The Ministry of Religious Affairs.(fairly used vecheils)",0.0,30000000.0,30000000.0,0.0,10000000.0,0.0,0.0,225,0.55719,0.57516,056400100100,MINISTRY OF RELIGIOUS AFFAIRS,23010105,PURCHASE OF MOTOR VEHICLES,70841,RELIGIOUS AND OTHER COMMUNITY SERVICES,20822100,MAIDUGURI METRO,02100124000100,Societal Re-orientation - General
Procurement Of 10Nos. Executive Tables And Executive Chairs To The Ministry of Religious Affairs.,0.0,5000000.0,5000000.0,0.0,2000000.0,0.0,0.0,225,0.56536,0.58333,056400100100,MINISTRY OF RELIGIOUS AFFAIRS,23010112,PURCHASE OF OFFICE FURNITURE AND FITTINGS,70841,RELIGIOUS AND OTHER COMMUNITY SERVICES,20822100,MAIDUGURI METRO,02100124000200,Societal Re-orientation - General
Procurement Of 5 Nos. Of HP Laptops And 5 Nos. Of HP Desktop To The Ministry of Religious Affairs.,821782753.0,2000000.0,2000000.0,0.0,1000000.0,0.0,0.0,225,0.57271,0.59069,056400100100,MINISTRY OF RELIGIOUS AFFAIRS,23010113,PURCHASE OF COMPUTERS,70841,RELIGIOUS AND OTHER COMMUNITY SERVICES,20822100,MAIDUGURI METRO,02100124000300,Societal Re-orientation - General
Procurement Of 2 Nos. Of Hp 477 Colourlaser Jet PRINTER To The Ministry of Religious Affairs maiduguri.,0.0,1000000.0,1000000.0,0.0,500000.0,0.0,0.0,225,0.58088,0.59886,056400100100,MINISTRY OF RELIGIOUS AFFAIRS,23010114,PURCHASE OF COMPUTER PRINTERS,70841,RELIGIOUS AND OTHER COMMUNITY SERVICES,20822100,MAIDUGURI METRO,02100124000400,Societal Re-orientation - General
Procurement Of 2Nos. Of Sharp Photocopying Mashines To The Ministry of Religious Affairs maiduguri.,1930220500.0,1000000.0,1000000.0,0.0,200000.0,0.0,0.0,225,0.58905,0.60703,056400100100,MINISTRY OF RELIGIOUS AFFAIRS,23010115,PURCHASE OF PHOTOCOPYING MACHINES,70841,RELIGIOUS AND OTHER COMMUNITY SERVICES,20822100,MAIDUGURI METRO,02100124000500,Societal Re-orientation - General
"Power Generating set ,1 unit of Mikano 50 KVA Generator for ministry of Religious Affairs maiduguri",210312530.0,10000000.0,10000000.0,0.0,1000000.0,0.0,0.0,225,0.59722,0.6152,056400100100,MINISTRY OF RELIGIOUS AFFAIRS,23010119,PURCHASE OF POWER GENERATING SET,70841,RELIGIOUS AND OTHER COMMUNITY SERVICES,20842800,State wide,02100121000100,Societal Re-orientation - General
"Construction Of Central Mosque In Mafa, M.M.C, Jere And Ngala Lga And Churches In Gwoza, Hawul, Chibok, Askira/Uba And Jere LGAs..",0.0,2350000000.0,2350000000.0,967980171.0,600000000.0,0.0,0.0,225,0.60539,0.62337,056400100100,MINISTRY OF RELIGIOUS AFFAIRS,23020118,CONSTRUCTION / PROVISION OF INFRASTRUCTURE,70621,COMMUNITY DEVELOPMENT,20842800,State wide,02100122000100,Societal Re-orientation - General
Construction Of Cemeteries across The State.,71325475.07,225000000.0,225000000.0,44360000.0,500000000.0,0.0,0.0,225,0.61356,0.63154,056400100100,MINISTRY OF RELIGIOUS AFFAIRS,23020126,CONSTRUCTION/PROVISION OF CEMETERIES,70621,COMMUNITY DEVELOPMENT,20842800,State wide,02100121000200,Societal Re-orientation - General
"Celebrations Of Maulud, Celebration Of Easter and Christmas, Eid-El-Fitr,Eid-El-Kabir and Ramadam Activities within the state",0.0,1326000000.0,3431835000.0,3410527500.0,1855068000.0,0.0,0.0,225,0.62092,0.63889,056400100100,MINISTRY OF RELIGIOUS AFFAIRS,23050104,ANNIVERSARIES/CELEBRATIONS,70841,RELIGIOUS AND OTHER COMMUNITY SERVICES,20842800,State wide,02100124000600,Societal Re-orientation - General
Capacity Building of traditional leaders within the state,0.0,20000000.0,150000000.0,0.0,0.0,0.0,0.0,225,0.62908,0.64706,056400100100,MINISTRY OF RELIGIOUS AFFAIRS,23050130,HUMAN CAPITAL DEVELOPMENT,70841,RELIGIOUS AND OTHER COMMUNITY SERVICES,20842800,State wide,02100122000200,Societal Re-orientation - General
"Construction Of Central Mosque In Mafa, M.M.C, Jere And Ngala Lga And Churches In Gwoza, Hawul, Chibok, Askira/Uba And Jere LGAs..",0.0,0.0,20000000.0,0.0,600000000.0,0.0,0.0,225,0.63725,0.65523,056400100100,MINISTRY OF RELIGIOUS AFFAIRS,23020118,CONSTRUCTION / PROVISION OF INFRASTRUCTURE,70621,COMMUNITY DEVELOPMENT,20842800,State wide,02100126000700,Societal Re-orientation - General
"Construction Of Central Mosque In Mafa, M.M.C, Jere And Ngala Lga And Churches In Gwoza, Hawul, Chibok, Askira/Uba And Jere LGAs..",0.0,0.0,0.0,0.0,600000000.0,0.0,0.0,225,0.64542,0.6634,056400100100,MINISTRY OF RELIGIOUS AFFAIRS,23020118,CONSTRUCTION / PROVISION OF INFRASTRUCTURE,70621,COMMUNITY DEVELOPMENT,20842800,State wide,02100126000800,Societal Re-orientation - General
"Construction Of Central Mosque In Mafa, M.M.C, Jere And Ngala Lga And Churches In Gwoza, Hawul, Chibok, Askira/Uba And Jere LGAs..",0.0,0.0,0.0,0.0,600000000.0,0.0,0.0,225,0.65359,0.67157,056400100100,MINISTRY OF RELIGIOUS AFFAIRS,23020118,CONSTRUCTION / PROVISION OF INFRASTRUCTURE,70621,COMMUNITY DEVELOPMENT,20842800,State wide,02100126000900,Societal Re-orientation - General
"Construction Of Central Mosque In Mafa, M.M.C, Jere And Ngala Lga And Churches In Gwoza, Hawul, Chibok, Askira/Uba And Jere LGAs..",0.0,0.0,0.0,0.0,600000000.0,0.0,0.0,225,0.66176,0.67974,056400100100,MINISTRY OF RELIGIOUS AFFAIRS,23020118,CONSTRUCTION / PROVISION OF INFRASTRUCTURE,70621,COMMUNITY DEVELOPMENT,20842800,State wide,02100126001000,Societal Re-orientation - General
"Celebrations Of Maulud, Celebration Of Easter and Christmas, Eid-El-Fitr,Eid-El-Kabir, Ramadam Activities And Sponsorhip Of Christian Pilgrimage To Rome/Jerusalem To The Ministry of Religious Affairs..",0.0,0.0,0.0,0.0,1855067000.0,0.0,0.0,225,0.66912,0.68709,056400100100,MINISTRY OF RELIGIOUS AFFAIRS,23050104,ANNIVERSARIES/CELEBRATIONS,70841,RELIGIOUS AND OTHER COMMUNITY SERVICES,20842800,State wide,02100126001100,Societal Re-orientation - General
Construction Of Office At Pilgrims Welfare Board Premises for Council of Ulamas.,0.0,2000000.0,5000000.0,0.0,5000000.0,0.0,0.0,225,0.70997,0.72794,056400200100,BORNO STATE ISLAMIC PREACHING BOARD,23020118,CONSTRUCTION / PROVISION OF INFRASTRUCTURE,70611,HOUSING DEVELOPMENT,20822100,MAIDUGURI METRO,02100124001200,Societal Re-orientation - General
Construction Of Office At Pilgrims Welfare Board Premises for Council of Ulamas.,0.0,3400000.0,3400000.0,0.0,2400000.0,0.0,0.0,225,0.75,0.76797,056400300100,BORNO STATE COUNCIL OF ULAMAS,23020118,CONSTRUCTION / PROVISION OF INFRASTRUCTURE,70611,HOUSING DEVELOPMENT,20822100,MAIDUGURI METRO,02100124001400,Societal Re-orientation - General
Purchase Of 5Nos. Of Executive Tables And 5Nos. Of Executive Chairs For Admin Block At Islamic Research Center,0.0,2000000.0,2000000.0,0.0,2000000.0,0.0,0.0,225,0.79003,0.80801,056400400100,BORNO STATE ISLAMIC RESEARCH CENTER,23010112,PURCHASE OF OFFICE FURNITURE AND FITTINGS,70851,"R & D RECREATION, CULTURE AND RELIGION",20822100,MAIDUGURI METRO,02100124001500,Societal Re-orientation - General
Purchase Of 5Nos. Of Desktop Computers For 5-Units In The Islamic Research Center.,0.0,1400000.0,1400000.0,0.0,1400000.0,0.0,0.0,225,0.7982,0.81618,056400400100,BORNO STATE ISLAMIC RESEARCH CENTER,23010113,PURCHASE OF COMPUTERS,70851,"R & D RECREATION, CULTURE AND RELIGION",20822100,MAIDUGURI METRO,02100124001600,Societal Re-orientation - General
