project,amt_2025_approved,amt_2025_revised,amt_2025_perf,amt_2026_proposal,amt_2026_approved,amt_2026_tag_nutrition,source_page,page_y_top,page_y_bottom,mda_code,mda_name,economic_code,economic_name,function_code,function_name,location_code,location_name,program_code,program_name
Purchase of 5nos Diagnostic equipment for Government House Clinic l,0.0,0.0,0.0,1000000000.0,1000000000.0,0.0,427,0.15114,0.16912,011100100100,Office of the Executive Governor,23010122,PURCHASE OF HEALTH / MEDICAL EQUIPMENT,70111,EXECUTIVE AND LEGISLATIVE ORGANS,41110100,ABAKALIKI,13100124004900,Reform of Government and Governance - General
"Purchase of 3No. photocopying Machine for use in the Account Department, PRS and General Office",0.0,0.0,0.0,0.0,0.0,0.0,427,0.18709,0.20507,011100100100,Office of the Executive Governor,23010115,PURCHASE OF PHOTOCOPYING MACHINES,70111,EXECUTIVE AND LEGISLATIVE ORGANS,41110100,ABAKALIKI,13100124005000,Reform of Government and Governance - General
"Renovation/Rehabilitation of Exco Chamber Building, Government House Abakaliki.",3000000000.0,3000000000.0,387852248.0,700000000.0,700000000.0,0.0,427,0.22304,0.24101,011100100100,Office of the Executive Governor,23030121,REHABILITATION / REPAIRS OF OFFICE BUILDINGS,70111,EXECUTIVE AND LEGISLATIVE ORGANS,41110100,ABAKALIKI,13100124005100,Reform of Government and Governance - General
"Purchase of 1no. Projector LED for use in Government House Chapel, Abakaliki.",10000000.0,10000000.0,0.0,50000000.0,50000000.0,0.0,427,0.25899,0.27696,011100100100,Office of the Executive Governor,23010139,", 23010139 - PURCHASE OF OTHER FIXED ASSETS",70111,EXECUTIVE AND LEGISLATIVE ORGANS,41110100,ABAKALIKI,13100124005200,Reform of Government and Governance - General
"Purchase of 1no. Toyota Hilux for use in the Account Department, Government House, Abakaliki.",0.0,0.0,0.0,100000000.0,100000000.0,0.0,427,0.29493,0.31291,011100100100,Office of the Executive Governor,23010106,PURCHASE OF VANS,70111,EXECUTIVE AND LEGISLATIVE ORGANS,41110100,ABAKALIKI,13100124005300,Reform of Government and Governance - General
"Purchase/provision of 100no. Executive Arm Chairs for use at Exco Annex, Govt. House, Abakaliki.",40000000.0,40000000.0,0.0,100000000.0,100000000.0,0.0,427,0.33088,0.34886,011100100100,Office of the Executive Governor,23010112,PURCHASE OF OFFICE FURNITURE AND FITTINGS,70111,EXECUTIVE AND LEGISLATIVE ORGANS,41110100,ABAKALIKI,13100124005400,Reform of Government and Governance - General
"Purchase of 10no. Refrigerators for use in Account, PRS, Admin, Engr. Departments, SSA and Chief of Staff Office in Government House, l Abakaliki.",3000000.0,3000000.0,0.0,0.0,0.0,0.0,427,0.37255,0.39052,011100100100,Office of the Executive Governor,23010139,. 23010139 - PURCHASE OF OTHER FIXED ASSETS,70111,EXECUTIVE AND LEGISLATIVE ORGANS,41110100,ABAKALIKI,13100124005500,Reform of Government and Governance - General
"Purchase of 10no. Computers for use in Account, PRS, Admin, Engr. Departments, SSA and Chief of Staff Office in Government House, l Abakaliki.",6000000.0,6000000.0,0.0,0.0,0.0,0.0,427,0.42075,0.43873,011100100100,Office of the Executive Governor,23010113,PURCHASE OF COMPUTERS,70111,EXECUTIVE AND LEGISLATIVE ORGANS,41110100,ABAKALIKI,13100124005600,Reform of Government and Governance - General
"Purchase of 10no. Televisions for use in Account, PRS, Admin, Engr. Departments, SSA and Chief of Staff Office in Government House, l Abakaliki.",0.0,0.0,0.0,0.0,0.0,0.0,427,0.46814,0.48611,011100100100,Office of the Executive Governor,23010139,PURCHASE OF OTHER FIXED ASSETS,70111,EXECUTIVE AND LEGISLATIVE ORGANS,41110100,ABAKALIKI,13100124005700,Reform of Government and Governance - General
"Purchase of 5no. Printers for use in Account, PRS, Admin, Engr. Departments, SSA and Chief of Staff Office in Government House, l Abakaliki.",1000000.0,1000000.0,0.0,0.0,0.0,0.0,427,0.5098,0.52778,011100100100,Office of the Executive Governor,23010114,PURCHASE OF COMPUTER PRINTERS,70111,EXECUTIVE AND LEGISLATIVE ORGANS,41110100,ABAKALIKI,13100124005800,Reform of Government and Governance - General
Drilling of 2No Water Bore Holes in the Government House l,0.0,0.0,0.0,5000000.0,5000000.0,0.0,427,0.54575,0.56373,011100100100,Office of the Executive Governor,23020105,CONSTRUCTION / PROVISION OF WATER FACILITIES,70111,EXECUTIVE AND LEGISLATIVE ORGANS,41110100,ABAKALIKI,13100124005900,Reform of Government and Governance - General
"Purchase of 1no. 14 seater Conference set, 1nos. leather Upholstery Set at Government House",0.0,0.0,0.0,0.0,0.0,0.0,427,0.5817,0.59967,011100100100,Office of the Executive Governor,23010112,PURCHASE OF OFFICE FURNITURE AND FITTINGS,70111,EXECUTIVE AND LEGISLATIVE ORGANS,41110100,ABAKALIKI,13100124006000,Reform of Government and Governance - General
Rehabilitation of Office Building l,0.0,0.0,0.0,0.0,0.0,0.0,427,0.61765,0.63562,011100100100,Office of the Executive Governor,23030121,REHABILITATION / REPAIRS OF OFFICE BUILDINGS,70111,EXECUTIVE AND LEGISLATIVE ORGANS,41110100,ABAKALIKI,13100124006100,Reform of Government and Governance - General
Capacity building for Ebonyi Students - Talent Hunt for office of the SA to the Governor on Students Mobilization,0.0,0.0,0.0,60000000.0,60000000.0,0.0,427,0.65359,0.67157,011100100100,Office of the Executive Governor,23050101,RESEARCH AND DEVELOPMENT,70111,EXECUTIVE AND LEGISLATIVE ORGANS,41110100,ABAKALIKI,13100124006200,Reform of Government and Governance - General
Purchase of 4nos Armoured Vehichels - Department of Special Project and implementation,0.0,0.0,0.0,20000000000.0,20000000000.0,0.0,427,0.68954,0.70752,011100100100,Office of the Executive Governor,23050101,RESEARCH AND DEVELOPMENT,70111,EXECUTIVE AND LEGISLATIVE ORGANS,41110100,ABAKALIKI,13100124006300,Reform of Government and Governance - General
Construction of Inter-State Boundary (Mapping) l,10000000.0,11699700.0,10000000.0,20000000.0,20000000.0,0.0,427,0.78513,0.8031,011100100200,Office of the Deputy Governor,23020122,CONSTRUCTION OF BOUNDARY PILLARS/ RIGHT OF WAYS,70111,EXECUTIVE AND LEGISLATIVE ORGANS,41110100,ABAKALIKI,13100124000300,Reform of Government and Governance - General
Rehabilitation of Office Building of the Deputy Governor and office annex of the Deputy Governor,10000000.0,10000000.0,0.0,0.0,0.0,0.0,427,0.82108,0.83905,011100100200,Office of the Deputy Governor,23030121,REHABILITATION / REPAIRS OF OFFICE BUILDINGS,70111,EXECUTIVE AND LEGISLATIVE ORGANS,41110100,ABAKALIKI,13100124000400,Reform of Government and Governance - General
Purchase of 1 No. Hilux Toyota Pick Up Van for State Boundary Committee,10000000.0,10000000.0,0.0,100000000.0,100000000.0,0.0,427,0.85703,0.875,011100100200,Office of the Deputy Governor,23010106,PURCHASE OF VANS,70111,EXECUTIVE AND LEGISLATIVE ORGANS,41110100,ABAKALIKI 405,13100124000500,Reform of Government and Governance - General
Purchase of Leather Upholstery Chairs for the Deputy Governor's Office,2000000.0,2000000.0,0.0,0.0,0.0,0.0,428,0.10376,0.12173,011100100200,Office of the Deputy Governor,23010112,PURCHASE OF OFFICE FURNITURE AND FITTINGS,70111,EXECUTIVE AND LEGISLATIVE ORGANS,41110100,ABAKALIKI,13100124000700,Reform of Government and Governance - General
"Purchase of Sporting/Games Equipment; Complete set of Gym Equipment, for Lodge: 1 No. Tread Mill, 1 No. Upright Bike, 1 No. Smith Machine, 1 No. Recumbent Stepper, 1 No. Elliptical Trainer, 1 No. Drum Bell, 1 No. Folding Workout Bench",1500000.0,1500000.0,0.0,0.0,0.0,0.0,428,0.15768,0.17565,011100100200,Office of the Deputy Governor,23010126,PURCHASE OF SPORTING / GAMING EQUIPMENT,70111,EXECUTIVE AND LEGISLATIVE ORGANS,41110100,ABAKALIKI,13100124000800,Reform of Government and Governance - General
Purchase of Office Equipment:- Upholsery Sets for Deputy Chief of Staff and Permanent Secretary,2000000.0,2000000.0,0.0,0.0,0.0,0.0,428,0.21078,0.22876,011100100200,Office of the Deputy Governor,23010112,PURCHASE OF OFFICE FURNITURE AND FITTINGS,70111,EXECUTIVE AND LEGISLATIVE ORGANS,41110100,ABAKALIKI,13100124000900,Reform of Government and Governance - General
"Purchase of 5 No Plasma Television sets and DSTV installation for the Deputy Chief of Staff, Permanent Secretary, PRS, Admin and Finance l Department",2000000.0,2000000.0,0.0,0.0,0.0,0.0,428,0.25327,0.27124,011100100200,Office of the Deputy Governor,23010139,e 23010139 - PURCHASE OF OTHER FIXED ASSETS,70111,EXECUTIVE AND LEGISLATIVE ORGANS,41110100,ABAKALIKI,13100124001000,Reform of Government and Governance - General
Purchase/Installation of CCTV for Security Surveilance in the Office of the Deputy Governor,2000000.0,2000000.0,0.0,0.0,0.0,0.0,428,0.29493,0.31291,011100100200,Office of the Deputy Governor,23010139,f 23010139 - PURCHASE OF OTHER FIXED ASSETS,70111,EXECUTIVE AND LEGISLATIVE ORGANS,41110100,ABAKALIKI,13100124001100,Reform of Government and Governance - General
"Purchase of 5 No Desktop Computers HP for Deputy Chief of Staff, Perm Sec Office, Admin, PRS, and Accounts Departments",1000000.0,1000000.0,0.0,0.0,0.0,0.0,428,0.33088,0.34886,011100100200,Office of the Deputy Governor,23010113,PURCHASE OF COMPUTERS,70111,EXECUTIVE AND LEGISLATIVE ORGANS,41110100,ABAKALIKI,13100124001200,Reform of Government and Governance - General
"Purchase of 5 No. Laserjet Printers for Deputy Chief of Staff, Permanent Secretary, Admin and PRS Office",500000.0,500000.0,0.0,0.0,0.0,0.0,428,0.36683,0.3848,011100100200,Office of the Deputy Governor,23010114,PURCHASE OF COMPUTER PRINTERS,70111,EXECUTIVE AND LEGISLATIVE ORGANS,41110100,ABAKALIKI,13100124001300,Reform of Government and Governance - General
Purcahse of 1No. Photocopying Machine for Admin Department l,750000.0,750000.0,0.0,0.0,0.0,0.0,428,0.40278,0.42075,011100100200,Office of the Deputy Governor,23010115,PURCHASE OF PHOTOCOPYING MACHINES,70111,EXECUTIVE AND LEGISLATIVE ORGANS,41110100,ABAKALIKI,13100124001400,Reform of Government and Governance - General
"Purchase of 3 No. Steel Cabinet for Admin, Accounts and PRS departments of the Office of the Deputy Governor",900000.0,900000.0,0.0,0.0,0.0,0.0,428,0.43873,0.4567,011100100200,Office of the Deputy Governor,23010139,PURCHASE OF OTHER FIXED ASSETS,70111,EXECUTIVE AND LEGISLATIVE ORGANS,41110100,ABAKALIKI,13100124001500,Reform of Government and Governance - General
"Purchase of 4 No. Medium size Fridge for Deputy Chief of Staff, Permanent Secretary, Finance and PRS Department of the Office of l the Deputy Governor",2000000.0,2000000.0,0.0,0.0,0.0,0.0,428,0.48039,0.49837,011100100200,Office of the Deputy Governor,23010139,PURCHASE OF OTHER FIXED ASSETS,70111,EXECUTIVE AND LEGISLATIVE ORGANS,41110100,ABAKALIKI,13100124001600,Reform of Government and Governance - General
Purchase of 1No. Mowing machines for cutting grasses l,0.0,0.0,0.0,300000.0,300000.0,0.0,428,0.52206,0.54003,011100100200,Office of the Deputy Governor,23010139,PURCHASE OF OTHER FIXED ASSETS,70111,EXECUTIVE AND LEGISLATIVE ORGANS,41110100,ABAKALIKI,13100124001700,Reform of Government and Governance - General
Rehabilitation of 2 No. giant Power Generating plant l,0.0,0.0,0.0,5000000.0,5000000.0,0.0,428,0.55801,0.57598,011100100200,Office of the Deputy Governor,23030125,REHABILITATION/REPAIRS- POWER GENERATING PLANTS,70111,EXECUTIVE AND LEGISLATIVE ORGANS,41110100,ABAKALIKI,13100124001900,Reform of Government and Governance - General
"Purchase of 3 No. Ox Fan for Deputy Chief of Staff, SA and Permanent Secretary",0.0,0.0,0.0,600000.0,600000.0,0.0,428,0.59395,0.61193,011100100200,Office of the Deputy Governor,23010139,t 23010139 - PURCHASE OF OTHER FIXED ASSETS,70111,EXECUTIVE AND LEGISLATIVE ORGANS,41110100,ABAKALIKI,13100124000300,Reform of Government and Governance - General
Puchase and installation of Solar system in Deputy Governor's Office l,0.0,0.0,0.0,10000000.0,10000000.0,0.0,428,0.6299,0.64788,011100100200,Office of the Deputy Governor,23020103,CONSTRUCTION / PROVISION OF ELECTRICITY,70111,EXECUTIVE AND LEGISLATIVE ORGANS,41110100,ABAKALIKI,13100124000400,Reform of Government and Governance - General
Rehabilitaion of leaking roofs in office of the Deputy Governor l,0.0,0.0,0.0,10000000.0,10000000.0,0.0,428,0.66585,0.68382,011100100200,Office of the Deputy Governor,23030121,REHABILITATION / REPAIRS OF OFFICE BUILDINGS,70111,EXECUTIVE AND LEGISLATIVE ORGANS,41110100,ABAKALIKI,13100124000500,Reform of Government and Governance - General
Needs assessment across communities in Ebonyi State for SDGs intervention projects(2021 SDGs GCCC),2000000000.0,2000000000.0,10000000.0,2000000000.0,2000000000.0,0.0,428,0.77369,0.79167,011100500100,Sustainable Development Goals (SDG's) (PSU),23050101,RESEARCH AND DEVELOPMENT,71091,SOCIAL PROTECTION N.E.C.,41141400,State Wide,07100123002800,Gender - General
Renovation of Office of the Focal Person on SDG,0.0,0.0,0.0,0.0,0.0,0.0,428,0.8031,0.82108,011100500100,Sustainable Development Goals (SDG's) (PSU),23020101,CONSTRUCTION / PROVISION OF OFFICE BUILDINGS,71091,SOCIAL PROTECTION N.E.C.,41141400,State Wide,07100123002800,Gender - General
Provision and stock pilling of relief materials for victim of various disaster in the State.,160000000.0,160000000.0,1500000.0,140000000.0,140000000.0,0.0,429,0.10376,0.12173,011100800100,Ebonyi State Emergency Mgt. Agency (SEMA),23050101,RESEARCH AND DEVELOPMENT,71031,SURVIVORS,41141400,State Wide,13100120000100,Reform of Government and Governance - General
"Reh. Materials for victims of flood, disaster, windstorm, and fire disaster in the State such as zink, sewing machine, water pump machines, cement, roofing sheets, drugs, block moulding machine, barbing and hair dressing kits, planks etc.",88000000.0,88000000.0,0.0,100000000.0,100000000.0,0.0,429,0.15768,0.17565,011100800100,Ebonyi State Emergency Mgt. Agency (SEMA),23050101,RESEARCH AND DEVELOPMENT,71031,SURVIVORS,41141400,State Wide,13100120000200,Reform of Government and Governance - General
Procurement of 1 No. Photocopying machine for Office of the Executive Secretary,1000000.0,1000000.0,0.0,0.0,0.0,0.0,429,0.21078,0.22876,011100800100,Ebonyi State Emergency Mgt. Agency (SEMA),23010115,PURCHASE OF PHOTOCOPYING MACHINES,71031,SURVIVORS,41110100,ABAKALIKI,13100120000300,Reform of Government and Governance - General
"Purchase of Life Jackets, Helmets, Field work protective gadgets. (Such as life jacket, boots, Gas invest, Raincoats etc.)",0.0,0.0,0.0,2000000.0,2000000.0,0.0,429,0.24673,0.26471,011100800100,Ebonyi State Emergency Mgt. Agency (SEMA),23010139,PURCHASE OF OTHER FIXED ASSETS,71031,SURVIVORS,41110100,ABAKALIKI,13100120000400,Reform of Government and Governance - General
"Procurement of 2 No. Desktop Computers, UPS & Statbilizer for the Office of the PRS, and Accountant",1500000.0,1500000.0,1500000.0,0.0,0.0,0.0,429,0.28268,0.30065,011100800100,Ebonyi State Emergency Mgt. Agency (SEMA),23010113,PURCHASE OF COMPUTERS,71031,SURVIVORS,41110100,ABAKALIKI,13100120000600,Reform of Government and Governance - General
Procurement of No. 2 Printers for the office of PRS and Accountant l,1500000.0,1500000.0,1500000.0,0.0,0.0,0.0,429,0.31863,0.3366,011100800100,Ebonyi State Emergency Mgt. Agency (SEMA),23010114,PURCHASE OF COMPUTER PRINTERS,71031,SURVIVORS,41110100,ABAKALIKI,13100120000700,Reform of Government and Governance - General
Development of Programme on nutrition and health check for refugees in various refugee camps across the state.,2000000.0,2000000.0,0.0,0.0,0.0,0.0,429,0.35458,0.37255,011100800100,Ebonyi State Emergency Mgt. Agency (SEMA),23050101,RESEARCH AND DEVELOPMENT,71031,SURVIVORS,41141400,State Wide,13100120000800,Reform of Government and Governance - General
Purchase of fire fighting equipment l,10000000.0,10000000.0,0.0,0.0,0.0,0.0,429,0.39052,0.4085,011100800100,Ebonyi State Emergency Mgt. Agency (SEMA),23010123,PURCHASE OF FIRE FIGHTING EQUIPMENT,71031,SURVIVORS,41141400,State Wide,13100120000900,Reform of Government and Governance - General
Renovation of the Executive Secretary's office l,0.0,0.0,0.0,0.0,0.0,0.0,429,0.42647,0.44444,011100800100,Ebonyi State Emergency Mgt. Agency (SEMA),23030118,REHABILITATION / REPAIRS - RECREATIONAL FACILITIES,71031,SURVIVORS,41141400,State Wide,13100120001000,Reform of Government and Governance - General
Procurement of Public Address System l,1000000.0,1000000.0,0.0,1000000.0,1000000.0,0.0,429,0.46242,0.48039,011100800100,Ebonyi State Emergency Mgt. Agency (SEMA),23010139,PURCHASE OF OTHER FIXED ASSETS,71031,SURVIVORS,41110100,ABAKALIKI,13100120001200,Reform of Government and Governance - General
"Purchase of 3No Tables and 3No. Chairs for the Accounts, Admin and PRS office",1500000.0,1500000.0,0.0,0.0,0.0,0.0,429,0.55801,0.57598,011101000100,Ebonyi State Bureau of Public Procurement,23010112,PURCHASE OF OFFICE FURNITURE AND FITTINGS,70161,GENERAL PUBLIC SERVICES N.E.C.,41110100,ABAKALIKI,13100124014100,Reform of Government and Governance - General
Provision of 2No. Fire Extinguishers l,100000.0,100000.0,0.0,100000.0,100000.0,0.0,429,0.59395,0.61193,011101000100,Ebonyi State Bureau of Public Procurement,23010123,PURCHASE OF FIRE FIGHTING EQUIPMENT,70161,GENERAL PUBLIC SERVICES N.E.C.,41110100,ABAKALIKI,13100124014200,Reform of Government and Governance - General
Purchase of 2No. Printer (1 colored and 1 black and white) l,0.0,0.0,0.0,0.0,0.0,0.0,429,0.6299,0.64788,011101000100,Ebonyi State Bureau of Public Procurement,23010114,PURCHASE OF COMPUTER PRINTERS,70161,GENERAL PUBLIC SERVICES N.E.C.,41110100,ABAKALIKI,13100124014300,Reform of Government and Governance - General
Procurement of 1No. Photocoping Machine for Permanent Secretary's Office and Admin Office,0.0,0.0,0.0,0.0,0.0,0.0,429,0.66585,0.68382,011101000100,Ebonyi State Bureau of Public Procurement,23010115,PURCHASE OF PHOTOCOPYING MACHINES,70161,GENERAL PUBLIC SERVICES N.E.C.,41110100,ABAKALIKI,13100124014400,Reform of Government and Governance - General
Procurement of 1no. Hp Desktop Computer for Permanent Secretary's office,1000000.0,1000000.0,0.0,0.0,0.0,0.0,429,0.7018,0.71977,011101000100,Ebonyi State Bureau of Public Procurement,23010113,PURCHASE OF COMPUTERS,70161,GENERAL PUBLIC SERVICES N.E.C.,41110100,ABAKALIKI,13100124014500,Reform of Government and Governance - General
Procurement of standard bidding documents for the BPP library l,2500000.0,2500000.0,0.0,1500000.0,1500000.0,0.0,429,0.73775,0.75572,011101000100,Ebonyi State Bureau of Public Procurement,23010125,PURCHASE OF LIBRARY BOOKS & EQUIPMENT,70161,GENERAL PUBLIC SERVICES N.E.C.,41110100,ABAKALIKI,13100124014600,Reform of Government and Governance - General
Purchase of 1No. Horse power fast colour AC split unit with inverter l,1400000.0,1400000.0,0.0,0.0,0.0,0.0,429,0.77369,0.79167,011101000100,Ebonyi State Bureau of Public Procurement,23010139,PURCHASE OF OTHER FIXED ASSETS,70161,GENERAL PUBLIC SERVICES N.E.C.,41110100,ABAKALIKI,13100124014700,Reform of Government and Governance - General
Rehabilitaion/Repairs of office building l,2000000.0,2000000.0,0.0,0.0,0.0,0.0,429,0.80882,0.8268,011101000100,Ebonyi State Bureau of Public Procurement,23030121,REHABILITATION / REPAIRS OF OFFICE BUILDINGS,70161,GENERAL PUBLIC SERVICES N.E.C.,41110100,ABAKALIKI,13100124014800,Reform of Government and Governance - General
"Purchase of 4no. Measuring tape, 4no. hand glove and a tools box for use in the engineering department.",0.0,0.0,0.0,500000.0,500000.0,0.0,429,0.84477,0.86275,011101000100,Ebonyi State Bureau of Public Procurement,23010139,r 23010139 - PURCHASE OF OTHER FIXED ASSETS,70161,GENERAL PUBLIC SERVICES N.E.C.,41110100,ABAKALIKI,13100124014900,Reform of Government and Governance - General
Computer Software acquisition l,30100000.0,30100000.0,10750000.0,13000000.0,13000000.0,0.0,429,0.88072,0.89869,011101000100,Ebonyi State Bureau of Public Procurement,23050102,COMPUTER SOFTWARE ACQUISITION,70161,GENERAL PUBLIC SERVICES N.E.C.,41110100,ABAKALIKI 407,13100124015000,Reform of Government and Governance - General
Monitoring and Evaluation of projects awarded by the BPP within the State.,2000000.0,2000000.0,0.0,2000000.0,2000000.0,0.0,430,0.10376,0.12173,011101000100,Ebonyi State Bureau of Public Procurement,23050103,e 23050103 - MONITORING AND EVALUATION,70161,GENERAL PUBLIC SERVICES N.E.C.,41110100,ABAKALIKI,13100124015100,Reform of Government and Governance - General
Procurement of 1no. Scanner for Office use. l,0.0,0.0,0.0,0.0,0.0,0.0,430,0.13971,0.15768,011101000100,Ebonyi State Bureau of Public Procurement,23010118,PURCHASE OF SCANNERS,70161,GENERAL PUBLIC SERVICES N.E.C.,41110100,ABAKALIKI,13100124015300,Reform of Government and Governance - General
Purchase of 1No. photocopying machine Sharp for SSG's Office l,1200000.0,1200000.0,0.0,0.0,0.0,0.0,430,0.23529,0.25327,016100100100,Office of Secretary the State Government,23010113,PURCHASE OF COMPUTERS,70133,OTHER GENERAL SERVICES,41110100,ABAKALIKI,13100122000200,Reform of Government and Governance - General
Purchase of vehicle for Government Officers. l,5000000000.0,7000000000.0,5000000000.0,7000000000.0,7000000000.0,0.0,430,0.27124,0.28922,016100100100,Office of Secretary the State Government,23010105,PURCHASE OF MOTOR VEHICLES,70133,OTHER GENERAL SERVICES,41110100,ABAKALIKI,13100122000200,Reform of Government and Governance - General
"Purchase of 2 nos. multipurpose Printers (1 for Office of SSG, 1 for Perm sec)",800000.0,800000.0,0.0,0.0,0.0,0.0,430,0.30719,0.32516,016100100100,Office of Secretary the State Government,23010115,PURCHASE OF PHOTOCOPYING MACHINES,70133,OTHER GENERAL SERVICES,41110100,ABAKALIKI,13100122000200,Reform of Government and Governance - General
Consultancy on Capital project of Ebonyi State Assets and lnventory control management,15000000.0,15000000.0,0.0,0.0,0.0,0.0,430,0.34232,0.36029,016100100100,Office of Secretary the State Government,23050101,RESEARCH AND DEVELOPMENT,70133,OTHER GENERAL SERVICES,41110100,ABAKALIKI,13100122000200,Reform of Government and Governance - General
Purchase of Curtains and its accessories for all the Departments l,3000000.0,3000000.0,0.0,0.0,0.0,0.0,430,0.37827,0.39624,016100100100,Office of Secretary the State Government,23030101,REHABILITATION / REPAIRS OF RESIDENTIAL BUILDING,70133,OTHER GENERAL SERVICES,41110100,ABAKALIKI,13100122000200,Reform of Government and Governance - General
Purchase of 10No. Tables and Chairs for use in all the Departments in SSG's Office,10000000.0,10000000.0,0.0,1500000.0,1500000.0,0.0,430,0.41422,0.43219,016100100100,Office of Secretary the State Government,23010112,PURCHASE OF OFFICE FURNITURE AND FITTINGS,70133,OTHER GENERAL SERVICES,41110100,ABAKALIKI,13100122000200,Reform of Government and Governance - General
Purchase of 1No. photocopying machine Sharp for SSG's Office l,10000000.0,10000000.0,0.0,0.0,0.0,0.0,430,0.45016,0.46814,016100100100,Office of Secretary the State Government,23010115,PURCHASE OF PHOTOCOPYING MACHINES,70133,OTHER GENERAL SERVICES,41110100,ABAKALIKI,13100122000200,Reform of Government and Governance - General
Construction of Residential Houses for Government Officials (Housing Loans),1002000000.0,1002000000.0,0.0,0.0,0.0,0.0,430,0.48611,0.50408,016100100100,Office of Secretary the State Government,23020102,CONSTRUCTION / PROVISION OF RESIDENTIAL BUILDINGS,70133,OTHER GENERAL SERVICES,41110100,ABAKALIKI,13100122000200,Reform of Government and Governance - General
Purchase of 20no. Official Vehicle for Present administrastion l,0.0,0.0,0.0,0.0,0.0,0.0,430,0.52206,0.54003,016100100100,Office of Secretary the State Government,23010105,PURCHASE OF MOTOR VEHICLES,70133,OTHER GENERAL SERVICES,41110100,ABAKALIKI,13100122000200,Reform of Government and Governance - General
Digitalization of the SSG's Office l,0.0,0.0,0.0,0.0,0.0,0.0,430,0.55801,0.57598,016100100100,Office of Secretary the State Government,23050102,COMPUTER SOFTWARE ACQUISITION,70133,OTHER GENERAL SERVICES,41110100,ABAKALIKI,13100122000200,Reform of Government and Governance - General
"Purchase of 10Nos. Steel Cabinet for Cabinet Office for Admin, Acct, PRS etc.",0.0,0.0,0.0,5000000.0,5000000.0,0.0,430,0.59395,0.61193,016100100100,Office of Secretary the State Government,23010139,PURCHASE OF OTHER FIXED ASSETS,70133,OTHER GENERAL SERVICES,41110100,ABAKALIKI,13100122000200,Reform of Government and Governance - General
Reconnection of Electric cables/wiring in Cabinet Office l,2000000.0,2000000.0,0.0,10000000.0,10000000.0,0.0,430,0.6299,0.64788,016100100100,Office of Secretary the State Government,23030121,REHABILITATION / REPAIRS OF OFFICE BUILDINGS,70133,OTHER GENERAL SERVICES,41110100,ABAKALIKI,13100122000200,Reform of Government and Governance - General
Purchase of 1No. Motorcycle for Mail Dispatch l,0.0,0.0,0.0,1800000.0,1800000.0,0.0,430,0.66585,0.68382,016100100100,Office of Secretary the State Government,23010139,PURCHASE OF OTHER FIXED ASSETS,70133,OTHER GENERAL SERVICES,41110100,ABAKALIKI,13100122000200,Reform of Government and Governance - General
"Purchase and Installation of Lister Generator set at the Office complex, Centenary city",0.0,0.0,0.0,0.0,0.0,0.0,430,0.7018,0.71977,016100100100,Office of Secretary the State Government,23010119,PURCHASE OF POWER GENERATING SET,70133,OTHER GENERAL SERVICES,41110100,ABAKALIKI,13100122000200,Reform of Government and Governance - General
Renewal of cloud Storage Server l,0.0,0.0,0.0,10000000.0,10000000.0,0.0,430,0.73775,0.75572,016100100100,Office of Secretary the State Government,23050104,ANNIVERSARIES/CELEBRATIONS,70133,OTHER GENERAL SERVICES,41110100,ABAKALIKI,13100122000200,Reform of Government and Governance - General
Direct Auction Allocation of Goods in 8Nos. Containers l,0.0,106755000.0,0.0,0.0,0.0,0.0,430,0.77369,0.79167,016100100100,Office of Secretary the State Government,23050104,ANNIVERSARIES/CELEBRATIONS,70133,OTHER GENERAL SERVICES,41110100,ABAKALIKI,13100122000200,Reform of Government and Governance - General
"Title Deeds of Property Plot 1231A Bishop Oluwole Street Victoria Island Lagos, Belonging to the State Government.",0.0,189650250.0,0.0,200000000.0,200000000.0,0.0,430,0.80882,0.8268,016100100100,Office of Secretary the State Government,23050104,ANNIVERSARIES/CELEBRATIONS,70133,OTHER GENERAL SERVICES,41110100,ABAKALIKI,13100122000200,Reform of Government and Governance - General
Funds for Essential Items Needed in NIPSS. l,0.0,25270000.0,0.0,100000000.0,100000000.0,0.0,430,0.84477,0.86275,016100100100,Office of Secretary the State Government,23050104,ANNIVERSARIES/CELEBRATIONS,70133,OTHER GENERAL SERVICES,41110100,ABAKALIKI,13100122000200,Reform of Government and Governance - General
Purchase of 1No. Desktop HP Computers for the HOD ECA's Office l,500000.0,500000.0,0.0,0.0,0.0,0.0,431,0.13971,0.15768,016100200100,Economic Affairs Department 408,23010113,PURCHASE OF COMPUTERS,70133,OTHER GENERAL SERVICES,41110100,ABAKALIKI,13100123009300,Reform of Government and Governance - General
Purchase of 1No. Reno Photocopying Machine for use in HOD ECA's Office,800000.0,800000.0,0.0,0.0,0.0,0.0,431,0.17565,0.19363,016100200100,Economic Affairs Department 408,23010115,PURCHASE OF PHOTOCOPYING MACHINES,70133,OTHER GENERAL SERVICES,41110100,ABAKALIKI,13100123009400,Reform of Government and Governance - General
Purchase of 4Nos. Tables and Chairs for use in HOD ECA office and other offices,1500000.0,1500000.0,0.0,0.0,0.0,0.0,431,0.21078,0.22876,016100200100,Economic Affairs Department 408,23010112,PURCHASE OF OFFICE FURNITURE AND FITTINGS,70133,OTHER GENERAL SERVICES,41110100,ABAKALIKI,13100123009500,Reform of Government and Governance - General
Purchase of 2Nos. Refrigirators for Office use l,800000.0,800000.0,0.0,0.0,0.0,0.0,431,0.24673,0.26471,016100200100,Economic Affairs Department 408,23010139,PURCHASE OF OTHER FIXED ASSETS,70133,OTHER GENERAL SERVICES,41110100,ABAKALIKI,13100123009600,Reform of Government and Governance - General
Purchase of 1Nos. Plasma Television and its accessories for Office use l,600000.0,600000.0,0.0,0.0,0.0,0.0,431,0.28268,0.30065,016100200100,Economic Affairs Department 408,23010139,PURCHASE OF OTHER FIXED ASSETS,70133,OTHER GENERAL SERVICES,41110100,ABAKALIKI,13100123009700,Reform of Government and Governance - General
Purchase of 1Nos. Laptop Computer for Office use l,1000000.0,1000000.0,0.0,0.0,0.0,0.0,431,0.31863,0.3366,016100200100,Economic Affairs Department 408,23010113,PURCHASE OF COMPUTERS,70133,OTHER GENERAL SERVICES,41110100,ABAKALIKI,13100123009800,Reform of Government and Governance - General
Purchase of 1No. Air Conditioner Split unit for Office use l,1000000.0,1000000.0,0.0,700000.0,700000.0,0.0,431,0.35458,0.37255,016100200100,Economic Affairs Department 408,23010139,PURCHASE OF OTHER FIXED ASSETS,70133,OTHER GENERAL SERVICES,41110100,ABAKALIKI,13100123009900,Reform of Government and Governance - General
Purchase of 1No. Shredding Machine for Office use l,450000.0,450000.0,0.0,0.0,0.0,0.0,431,0.39052,0.4085,016100200100,Economic Affairs Department 408,23010117,PURCHASE OF SHREDDING MACHINES,70133,OTHER GENERAL SERVICES,41110100,ABAKALIKI,13100123010000,Reform of Government and Governance - General
Purchase of 2Nos. Scanner for use in HOD ECA's Office l,800000.0,800000.0,0.0,0.0,0.0,0.0,431,0.42647,0.44444,016100200100,Economic Affairs Department 408,23010118,PURCHASE OF SCANNERS,70133,OTHER GENERAL SERVICES,41110100,ABAKALIKI,13100123010100,Reform of Government and Governance - General
Purchase of 2Nos. Century Stablizer for ECA Dept. l,170000.0,170000.0,0.0,0.0,0.0,0.0,431,0.46242,0.48039,016100200100,Economic Affairs Department 408,23010139,PURCHASE OF OTHER FIXED ASSETS,70133,OTHER GENERAL SERVICES,41110100,ABAKALIKI,13100123010200,Reform of Government and Governance - General
Purchase of 1No. HP Computer for use in the HOD EXCO Office l,500000.0,500000.0,0.0,0.0,0.0,0.0,431,0.55801,0.57598,016100300100,Executive Council (EXCO) Department,23010113,PURCHASE OF COMPUTERS,70133,OTHER GENERAL SERVICES,41110100,ABAKALIKI,13100123010300,Reform of Government and Governance - General
Purchase of 2Nos. Table and chairs for use in the HOD EXCO office l,900000.0,900000.0,0.0,0.0,0.0,0.0,431,0.59395,0.61193,016100300100,Executive Council (EXCO) Department,23010112,PURCHASE OF OFFICE FURNITURE AND FITTINGS,70133,OTHER GENERAL SERVICES,41110100,ABAKALIKI,13100123010400,Reform of Government and Governance - General
Repair of Resographic Machine l,2500000.0,2500000.0,0.0,0.0,0.0,0.0,431,0.6299,0.64788,016100300100,Executive Council (EXCO) Department,23010115,PURCHASE OF PHOTOCOPYING MACHINES,70133,OTHER GENERAL SERVICES,41110100,ABAKALIKI,13100123010500,Reform of Government and Governance - General
Purchase of 1No. Laptop Computer l,700000.0,700000.0,0.0,0.0,0.0,0.0,431,0.66585,0.68382,016100300100,Executive Council (EXCO) Department,23010113,PURCHASE OF COMPUTERS,70133,OTHER GENERAL SERVICES,41110100,ABAKALIKI,13100123010600,Reform of Government and Governance - General
Purchase of 1No. Refrigerator for HOD Exco l,650000.0,650000.0,0.0,0.0,0.0,0.0,431,0.7018,0.71977,016100300100,Executive Council (EXCO) Department,23010139,PURCHASE OF OTHER FIXED ASSETS,70133,OTHER GENERAL SERVICES,41110100,ABAKALIKI,13100123010700,Reform of Government and Governance - General
Purchase of 1No. Air Condition Split Units l,1200000.0,1200000.0,0.0,0.0,0.0,0.0,431,0.73775,0.75572,016100300100,Executive Council (EXCO) Department,23010139,PURCHASE OF OTHER FIXED ASSETS,70133,OTHER GENERAL SERVICES,41110100,ABAKALIKI,13100123010800,Reform of Government and Governance - General
Purchase of 1No. 10KVA SUMEC Generator set for EXCO Department l,1000000.0,1000000.0,0.0,0.0,0.0,0.0,431,0.77369,0.79167,016100300100,Executive Council (EXCO) Department,23010139,PURCHASE OF OTHER FIXED ASSETS,70133,OTHER GENERAL SERVICES,41110100,ABAKALIKI,13100123010900,Reform of Government and Governance - General
Purchase of 1No. Shredding Machines l,450000.0,450000.0,0.0,0.0,0.0,0.0,431,0.80882,0.8268,016100300100,Executive Council (EXCO) Department,23010117,PURCHASE OF SHREDDING MACHINES,70133,OTHER GENERAL SERVICES,41110100,ABAKALIKI,13100123011000,Reform of Government and Governance - General
Purchase of 1No. Scanner l,400000.0,400000.0,0.0,0.0,0.0,0.0,431,0.84477,0.86275,016100300100,Executive Council (EXCO) Department,23010118,PURCHASE OF SCANNERS,70133,OTHER GENERAL SERVICES,41110100,ABAKALIKI,13100123011100,Reform of Government and Governance - General
Purchase of 1No. HP Printer for HOD EXCO l,400000.0,400000.0,0.0,0.0,0.0,0.0,431,0.88072,0.89869,016100300100,Executive Council (EXCO) Department,23010113,PURCHASE OF COMPUTERS,70133,OTHER GENERAL SERVICES,41110100,ABAKALIKI 409,13100123011200,Reform of Government and Governance - General
Purchase of 1No HP Computer for use in HOD General Service l,300000.0,300000.0,0.0,0.0,0.0,0.0,432,0.1634,0.18137,016100500100,Department of General Services,23010113,PURCHASE OF COMPUTERS,70131,GENERAL PERSONNEL SERVICES,41110100,ABAKALIKI,13100123011300,Reform of Government and Governance - General
Purchase of 1No. Reno Photocopying Machine for use in HOD General Service,500000.0,500000.0,0.0,0.0,0.0,0.0,432,0.19935,0.21732,016100500100,Department of General Services,23010115,PURCHASE OF PHOTOCOPYING MACHINES,70131,GENERAL PERSONNEL SERVICES,41110100,ABAKALIKI,13100123011400,Reform of Government and Governance - General
Purchase of 3No. Table and chairs for use in HOD General Service l,1000000.0,1000000.0,0.0,0.0,0.0,0.0,432,0.23529,0.25327,016100500100,Department of General Services,23010112,PURCHASE OF OFFICE FURNITURE AND FITTINGS,70131,GENERAL PERSONNEL SERVICES,41110100,ABAKALIKI,13100123011500,Reform of Government and Governance - General
Purchase of 1Nos. Refrigerator for use in HOD General Service l,500000.0,500000.0,0.0,0.0,0.0,0.0,432,0.27124,0.28922,016100500100,Department of General Services,23010139,PURCHASE OF OTHER FIXED ASSETS,70131,GENERAL PERSONNEL SERVICES,41110100,ABAKALIKI,13100123011600,Reform of Government and Governance - General
Purchase of 1No. Laptop Computer l,1000000.0,1000000.0,0.0,0.0,0.0,0.0,432,0.30719,0.32516,016100500100,Department of General Services,23010113,PURCHASE OF COMPUTERS,70131,GENERAL PERSONNEL SERVICES,41110100,ABAKALIKI,13100123011700,Reform of Government and Governance - General
Purchase of 1No. Air Conditioner Split Unit for use in HOD General Service,1000000.0,1000000.0,0.0,750000.0,750000.0,0.0,432,0.34232,0.36029,016100500100,Department of General Services,23010112,PURCHASE OF OFFICE FURNITURE AND FITTINGS,70131,GENERAL PERSONNEL SERVICES,41110100,ABAKALIKI,13100123011800,Reform of Government and Governance - General
Purchase of 1Nos. Plasma Television for General Services Department l,500000.0,500000.0,0.0,0.0,0.0,0.0,432,0.37827,0.39624,016100500100,Department of General Services,23010139,PURCHASE OF OTHER FIXED ASSETS,70131,GENERAL PERSONNEL SERVICES,41110100,ABAKALIKI,13100123011900,Reform of Government and Governance - General
Purchase of 1No. Scanner for use in HOD General Service l,200000.0,200000.0,0.0,0.0,0.0,0.0,432,0.41422,0.43219,016100500100,Department of General Services,23010118,PURCHASE OF SCANNERS,70131,GENERAL PERSONNEL SERVICES,41110100,ABAKALIKI,13100123012000,Reform of Government and Governance - General
Purchase of 1No. Shredding Machine for use in HOD General Service l,200000.0,200000.0,0.0,0.0,0.0,0.0,432,0.45016,0.46814,016100500100,Department of General Services,23010117,PURCHASE OF SHREDDING MACHINES,70131,GENERAL PERSONNEL SERVICES,41110100,ABAKALIKI,13100123012100,Reform of Government and Governance - General
Purchase of 3Nos. Century Stablizer (5000V) for General Services Department,300000.0,300000.0,0.0,0.0,0.0,0.0,432,0.48611,0.50408,016100500100,Department of General Services,23010139,PURCHASE OF OTHER FIXED ASSETS,70131,GENERAL PERSONNEL SERVICES,41110100,ABAKALIKI,13100123012200,Reform of Government and Governance - General
Purchase of 1Nos. HP Desktop Computers for HOD PSSD l,400000.0,400000.0,0.0,0.0,0.0,0.0,432,0.59395,0.61193,016100700100,Political and Social Services Department (PSSD),23010113,PURCHASE OF COMPUTERS,70133,OTHER GENERAL SERVICES,41110100,ABAKALIKI,13100123012300,Reform of Government and Governance - General
Purchase of 5Nos. Tables and chairs for HOD PSSD and Staff l,400000.0,400000.0,0.0,0.0,0.0,0.0,432,0.6299,0.64788,016100700100,Political and Social Services Department (PSSD),23010112,PURCHASE OF OFFICE FURNITURE AND FITTINGS,70133,OTHER GENERAL SERVICES,41110100,ABAKALIKI,13100123012400,Reform of Government and Governance - General
Purchase of 1No Reno Photocopying Machine l,400000.0,400000.0,0.0,0.0,0.0,0.0,432,0.66585,0.68382,016100700100,Political and Social Services Department (PSSD),23010115,PURCHASE OF PHOTOCOPYING MACHINES,70133,OTHER GENERAL SERVICES,41110100,ABAKALIKI,13100123012500,Reform of Government and Governance - General
Purchase of 1No. Refrigerator l,400000.0,400000.0,0.0,0.0,0.0,0.0,432,0.7018,0.71977,016100700100,Political and Social Services Department (PSSD),23010112,PURCHASE OF OFFICE FURNITURE AND FITTINGS,70133,OTHER GENERAL SERVICES,41110100,ABAKALIKI,13100123012600,Reform of Government and Governance - General
Purchase of 1No. Laptop Computer l,800000.0,800000.0,0.0,0.0,0.0,0.0,432,0.73775,0.75572,016100700100,Political and Social Services Department (PSSD),23010113,PURCHASE OF COMPUTERS,70133,OTHER GENERAL SERVICES,41110100,ABAKALIKI,13100123012700,Reform of Government and Governance - General
Purchase of 1No. Thermocool Air Condition Split Units for PSSD l,0.0,0.0,0.0,1500000.0,1500000.0,0.0,432,0.77369,0.79167,016100700100,Political and Social Services Department (PSSD),23010112,PURCHASE OF OFFICE FURNITURE AND FITTINGS,70133,OTHER GENERAL SERVICES,41110100,ABAKALIKI,13100123012800,Reform of Government and Governance - General
"Purchase of 1No. 33"" Plasma Television for PSSD Department l",800000.0,800000.0,0.0,0.0,0.0,0.0,432,0.80882,0.8268,016100700100,Political and Social Services Department (PSSD),23010139,PURCHASE OF OTHER FIXED ASSETS,70133,OTHER GENERAL SERVICES,41110100,ABAKALIKI,13100123012900,Reform of Government and Governance - General
Purchase of 1No. Scanner for use in HOD PSSD Office l,400000.0,400000.0,0.0,0.0,0.0,0.0,432,0.84477,0.86275,016100700100,Political and Social Services Department (PSSD),23010118,PURCHASE OF SCANNERS,70133,OTHER GENERAL SERVICES,41110100,ABAKALIKI,13100123013000,Reform of Government and Governance - General
Purchase of 1No. Shredding Machine l,200000.0,200000.0,0.0,0.0,0.0,0.0,432,0.88072,0.89869,016100700100,Political and Social Services Department (PSSD),23010117,PURCHASE OF SHREDDING MACHINES,70133,OTHER GENERAL SERVICES,41110100,ABAKALIKI 410,13100123013100,Reform of Government and Governance - General
Purchase of 1No. Stabilizer l,200000.0,200000.0,0.0,0.0,0.0,0.0,433,0.10376,0.12173,016100700100,Political and Social Services Department (PSSD),23010139,PURCHASE OF OTHER FIXED ASSETS,70133,OTHER GENERAL SERVICES,41110100,ABAKALIKI,13100123013100,Reform of Government and Governance - General
"Purchase and Installation of Fire Fighting Equipments, 3nos Fire Extingiuser & 3nos Smoke detectors etc for Governor's Lodge, Staff l Quarters and Liaison Office",2000000.0,2000000.0,0.0,2000000.0,2000000.0,0.0,433,0.20507,0.22304,016102100100,"Liaison Office, Lagos",23010123,PURCHASE OF FIRE FIGHTING EQUIPMENT,70133,OTHER GENERAL SERVICES,41141400,State Wide,13100123000100,Reform of Government and Governance - General
Purchase of 2Nos. Lawn-Mower and Triming machine l,1000000.0,1000000.0,0.0,0.0,0.0,0.0,433,0.24673,0.26471,016102100100,"Liaison Office, Lagos",23010139,PURCHASE OF OTHER FIXED ASSETS,70133,OTHER GENERAL SERVICES,41141400,State Wide,13100123000200,Reform of Government and Governance - General
Purchase of 2No. Sharp Photocopying Machine for use in the offices of the Admin and Account,2000000.0,2000000.0,0.0,0.0,0.0,0.0,433,0.28268,0.30065,016102100100,"Liaison Office, Lagos",23010115,PURCHASE OF PHOTOCOPYING MACHINES,70133,OTHER GENERAL SERVICES,41141400,State Wide,13100123000300,Reform of Government and Governance - General
Purchase of 2Nos. Desktop Computers for use in the offices of the Admin and Account,1500000.0,1500000.0,0.0,0.0,0.0,0.0,433,0.31863,0.3366,016102100100,"Liaison Office, Lagos",23010113,PURCHASE OF COMPUTERS,70133,OTHER GENERAL SERVICES,41141400,State Wide,13100123000400,Reform of Government and Governance - General
Purchase of 2Nos. Computer Printer for use in the offices of the Admin and Account,1500000.0,1500000.0,0.0,0.0,0.0,0.0,433,0.35458,0.37255,016102100100,"Liaison Office, Lagos",23010114,PURCHASE OF COMPUTER PRINTERS,70133,OTHER GENERAL SERVICES,41141400,State Wide,13100123000500,Reform of Government and Governance - General
"Rehabilitation/Renovation of Government Office/ Lodges in Lagos 1,2 Building at Ikoyi Lodge ii. Maryland, Ikeja",500000000.0,500000000.0,0.0,700000000.0,700000000.0,0.0,433,0.39052,0.4085,016102100100,"Liaison Office, Lagos",23030121,REHABILITATION / REPAIRS OF OFFICE BUILDINGS,70133,OTHER GENERAL SERVICES,41141400,State Wide,13100123000600,Reform of Government and Governance - General
Purchase of 4Nos. Set of Office Uphostry Seaters for Governor's Lodge and Office Reception,100000000.0,100000000.0,0.0,0.0,0.0,0.0,433,0.42647,0.44444,016102100100,"Liaison Office, Lagos",23010112,PURCHASE OF OFFICE FURNITURE AND FITTINGS,70133,OTHER GENERAL SERVICES,41141400,State Wide,13100123000700,Reform of Government and Governance - General
Construction and retriculation of water Facilities for Governors Lodge/ Office & Staff Quarters (Sinking of 2No.Boreholes),10000000.0,10000000.0,0.0,5000000.0,5000000.0,0.0,433,0.46242,0.48039,016102100100,"Liaison Office, Lagos",23020105,CONSTRUCTION / PROVISION OF WATER FACILITIES,70133,OTHER GENERAL SERVICES,41141400,State Wide,13100124007500,Reform of Government and Governance - General
Purchase of 2Nos. UPS for use in the offices of the Admin and Account,300000.0,300000.0,0.0,0.0,0.0,0.0,433,0.49837,0.51634,016102100100,"Liaison Office, Lagos",23010139,PURCHASE OF OTHER FIXED ASSETS,70133,OTHER GENERAL SERVICES,41141400,State Wide,13100123000800,Reform of Government and Governance - General
Renovation of office building and old Governor's lodge at Maitama l,200000000.0,200000000.0,0.0,200000000.0,200000000.0,0.0,433,0.59395,0.61193,016102100200,"Liaison Office, Abuja",23030121,REHABILITATION / REPAIRS OF OFFICE BUILDINGS,70133,OTHER GENERAL SERVICES,41141400,State Wide,13100121008300,Reform of Government and Governance - General
Purchase of 1 no power Generator set and it's installation at old governor's lodge,30000000.0,30000000.0,0.0,30000000.0,30000000.0,0.0,433,0.6299,0.64788,016102100200,"Liaison Office, Abuja",23010119,PURCHASE OF POWER GENERATING SET,70133,OTHER GENERAL SERVICES,41141400,State Wide,13100121008300,Reform of Government and Governance - General
"Purchase of 4 office table and arm chairs for PRS, admin and Accountant",20000000.0,20000000.0,0.0,0.0,0.0,0.0,433,0.66585,0.68382,016102100200,"Liaison Office, Abuja",23010112,PURCHASE OF OFFICE FURNITURE AND FITTINGS,70133,OTHER GENERAL SERVICES,41141400,State Wide,13100121008300,Reform of Government and Governance - General
Construction of fence round the Ebonyi State Government at the Central Area Abuja,5000000000.0,5000000000.0,0.0,15000000000.0,15000000000.0,0.0,433,0.7018,0.71977,016102100200,"Liaison Office, Abuja",23020122,CONSTRUCTION OF BOUNDARY PILLARS/ RIGHT OF WAYS,70133,/ 70133 - OTHER GENERAL SERVICES,41141400,State Wide,13100121008300,Reform of Government and Governance - General
Purchase of 1 no of Laptop computer for use in the Laision Office Abuja,1000000.0,1000000.0,0.0,0.0,0.0,0.0,433,0.73775,0.75572,016102100200,"Liaison Office, Abuja",23010113,PURCHASE OF COMPUTERS,70133,OTHER GENERAL SERVICES,41141400,State Wide,13100121008300,Reform of Government and Governance - General
Purchase of 2 no of Printer for Permanent sec. and Accountant l,1000000.0,1000000.0,0.0,0.0,0.0,0.0,433,0.77369,0.79167,016102100200,"Liaison Office, Abuja",23010114,PURCHASE OF COMPUTER PRINTERS,70133,OTHER GENERAL SERVICES,41141400,State Wide,13100121008300,Reform of Government and Governance - General
"Construction the Hon, Member’s Office building l",200000000.0,200000000.0,200000000.0,400000000.0,400000000.0,0.0,433,0.86928,0.88725,011200300100,Ebonyi State House of Assembly,23020101,CONSTRUCTION / PROVISION OF OFFICE BUILDINGS,70111,EXECUTIVE AND LEGISLATIVE ORGANS,41110100,ABAKALIKI 411,13100122003000,Reform of Government and Governance - General
Rehabilitation of Minor Roads at the Complex l,0.0,0.0,0.0,50000000.0,50000000.0,0.0,434,0.10376,0.12173,011200300100,Ebonyi State House of Assembly,23030113,REHABILITATION / REPAIRS - ROADS,70111,EXECUTIVE AND LEGISLATIVE ORGANS,41110100,ABAKALIKI,13100122003100,Reform of Government and Governance - General
Construction of Drainage System at the Rt. Hon Speaker’s Lodge l,10000000.0,10000000.0,0.0,0.0,0.0,0.0,434,0.13971,0.15768,011200300100,Ebonyi State House of Assembly,23020116,CONSTRUCTION / PROVISION OF WATER- WAYS,70111,EXECUTIVE AND LEGISLATIVE ORGANS,41110100,ABAKALIKI,13100122003200,Reform of Government and Governance - General
Re-roofing of some Sections of Legislative Chambers l,0.0,0.0,0.0,10000000.0,10000000.0,0.0,434,0.17565,0.19363,011200300100,Ebonyi State House of Assembly,23030121,REHABILITATION / REPAIRS OF OFFICE BUILDINGS,70111,EXECUTIVE AND LEGISLATIVE ORGANS,41110100,ABAKALIKI,13100122003300,Reform of Government and Governance - General
"Construction of 5 nos Sucker Pits at the Rt, Hon Speaker’s Lodge l",2000000.0,2000000.0,0.0,0.0,0.0,0.0,434,0.21078,0.22876,011200300100,Ebonyi State House of Assembly,23020118,CONSTRUCTION / PROVISION OF INFRASTRUCTURE,70111,EXECUTIVE AND LEGISLATIVE ORGANS,41110100,ABAKALIKI,13100122003400,Reform of Government and Governance - General
Rehabilitation of EBHA Public Toilet at the Assembly Complex l,10000000.0,10000000.0,0.0,10000000.0,10000000.0,0.0,434,0.24673,0.26471,011200300100,Ebonyi State House of Assembly,23030121,REHABILITATION / REPAIRS OF OFFICE BUILDINGS,70111,EXECUTIVE AND LEGISLATIVE ORGANS,41110100,ABAKALIKI,13100122003600,Reform of Government and Governance - General
Purchase of Additional Seats at the Legislative Chambers l,14000000.0,14000000.0,0.0,0.0,0.0,0.0,434,0.28268,0.30065,011200300100,Ebonyi State House of Assembly,23010112,PURCHASE OF OFFICE FURNITURE AND FITTINGS,70111,EXECUTIVE AND LEGISLATIVE ORGANS,41110100,ABAKALIKI,13100122003800,Reform of Government and Governance - General
Purchase of Office Equipment for Principal Staff Offices in the Legislature,10000000.0,10000000.0,0.0,0.0,0.0,0.0,434,0.31863,0.3366,011200300100,Ebonyi State House of Assembly,23010112,PURCHASE OF OFFICE FURNITURE AND FITTINGS,70111,EXECUTIVE AND LEGISLATIVE ORGANS,41110100,ABAKALIKI,13100122004200,Reform of Government and Governance - General
Re-roofing of the Rt. Hon. Speaker’s Kitchen Building at the Lodge l,0.0,0.0,0.0,10000000.0,10000000.0,0.0,434,0.35458,0.37255,011200300100,Ebonyi State House of Assembly,23030103,REHABILITATION / REPAIRS - HOUSING,70111,EXECUTIVE AND LEGISLATIVE ORGANS,41110100,ABAKALIKI,13100122004300,Reform of Government and Governance - General
Monitoring and Evaluation of Assembly Projects l,2000000.0,2000000.0,2000000.0,2000000.0,2000000.0,0.0,434,0.39052,0.4085,011200300100,Ebonyi State House of Assembly,23050103,MONITORING AND EVALUATION,70111,EXECUTIVE AND LEGISLATIVE ORGANS,41110100,ABAKALIKI,13100122004400,Reform of Government and Governance - General
Purchase of 2nos Executive Tables and 4nos Chairs at the Police and Drivers Quarters at the Lodge,0.0,0.0,0.0,5000000.0,5000000.0,0.0,434,0.42647,0.44444,011200300100,Ebonyi State House of Assembly,23010112,PURCHASE OF OFFICE FURNITURE AND FITTINGS,70111,EXECUTIVE AND LEGISLATIVE ORGANS,41110100,ABAKALIKI,13100122004500,Reform of Government and Governance - General
Purchase of Solar Light for the Chambers l,10000000.0,10000000.0,0.0,15000000.0,15000000.0,0.0,434,0.46242,0.48039,011200300100,Ebonyi State House of Assembly,23020103,CONSTRUCTION / PROVISION OF ELECTRICITY,70111,EXECUTIVE AND LEGISLATIVE ORGANS,41110100,ABAKALIKI,13100122004600,Reform of Government and Governance - General
Digitalization of EBHA Chamber Activities during Plenary Sessions l,10000000.0,10000000.0,0.0,0.0,0.0,0.0,434,0.49837,0.51634,011200300100,Ebonyi State House of Assembly,23050102,COMPUTER SOFTWARE ACQUISITION,70111,EXECUTIVE AND LEGISLATIVE ORGANS,41110100,ABAKALIKI,13100122004700,Reform of Government and Governance - General
Renovation of Rt Hon Speaker’s Guest House l,15000000.0,22000000.0,15000000.0,15000000.0,15000000.0,0.0,434,0.53431,0.55229,011200300100,Ebonyi State House of Assembly,23030103,REHABILITATION / REPAIRS - HOUSING,70111,EXECUTIVE AND LEGISLATIVE ORGANS,41110100,ABAKALIKI,13100122004800,Reform of Government and Governance - General
Reactivation of Dilapidated Boreholes at the Assembly Complex l,2000000.0,2000000.0,3000000.0,0.0,0.0,0.0,434,0.57026,0.58824,011200300100,Ebonyi State House of Assembly,23030104,REHABILITATION / REPAIRS - WATER FACILITIES,70111,EXECUTIVE AND LEGISLATIVE ORGANS,41110100,ABAKALIKI,13100122004900,Reform of Government and Governance - General
Purchase of I nos Video Camera and public Address System l,5000000.0,5000000.0,5000000.0,0.0,0.0,0.0,434,0.60621,0.62418,011200300100,Ebonyi State House of Assembly,23010139,PURCHASE OF OTHER FIXED ASSETS,70111,EXECUTIVE AND LEGISLATIVE ORGANS,41110100,ABAKALIKI,13100122005000,Reform of Government and Governance - General
Renovation of Rt Hon Deputy Speaker Lodge l,7000000.0,7000000.0,0.0,0.0,0.0,0.0,434,0.64134,0.65931,011200300100,Ebonyi State House of Assembly,23030103,REHABILITATION / REPAIRS - HOUSING,70111,EXECUTIVE AND LEGISLATIVE ORGANS,41110100,ABAKALIKI,13100122005100,Reform of Government and Governance - General
Construction of 1nos Motorized Borehole at the Assembly Complex l,3000000.0,3000000.0,0.0,0.0,0.0,0.0,434,0.67729,0.69526,011200300100,Ebonyi State House of Assembly,23020105,CONSTRUCTION / PROVISION OF WATER FACILITIES,70111,EXECUTIVE AND LEGISLATIVE ORGANS,41110100,ABAKALIKI,13100122005200,Reform of Government and Governance - General
Construction of Houses for Legislators l,1300000000.0,1300000000.0,500000000.0,0.0,0.0,0.0,434,0.71324,0.73121,011200300100,Ebonyi State House of Assembly,23020104,CONSTRUCTION / PROVISION OF HOUSING,70111,EXECUTIVE AND LEGISLATIVE ORGANS,41110100,ABAKALIKI,13100122005300,Reform of Government and Governance - General
House of Assembly Housing Loan l,0.0,0.0,0.0,600000000.0,600000000.0,0.0,434,0.74918,0.76716,011200300100,Ebonyi State House of Assembly,23050101,RESEARCH AND DEVELOPMENT,70111,EXECUTIVE AND LEGISLATIVE ORGANS,41110100,ABAKALIKI,13100122005400,Reform of Government and Governance - General
Purchase of 2 Hummer Bus for EBHA l,0.0,0.0,0.0,150000000.0,150000000.0,0.0,434,0.78513,0.8031,011200300100,Ebonyi State House of Assembly,23010108,PURCHASE OF BUSES,70111,EXECUTIVE AND LEGISLATIVE ORGANS,41110100,ABAKALIKI,13100122005500,Reform of Government and Governance - General
Procurement of 50 pieces of Fire Extinguisher l,0.0,0.0,0.0,0.0,0.0,0.0,434,0.82108,0.83905,011200300100,Ebonyi State House of Assembly,23010128,PURCHASE OF SECURITY EQUIPMENT,70111,EXECUTIVE AND LEGISLATIVE ORGANS,41110100,ABAKALIKI,13100122005600,Reform of Government and Governance - General
Purchase of computer printers l,0.0,0.0,0.0,0.0,0.0,0.0,434,0.85703,0.875,011200300100,Ebonyi State House of Assembly,23010114,PURCHASE OF COMPUTER PRINTERS,70111,EXECUTIVE AND LEGISLATIVE ORGANS,41110100,ABAKALIKI 412,13100122005700,Reform of Government and Governance - General
Purchase of Coastal Bus for Hon. Members' Oversight Functions l,0.0,0.0,0.0,0.0,0.0,0.0,435,0.10376,0.12173,011200300100,Ebonyi State House of Assembly,23010108,PURCHASE OF BUSES,70111,EXECUTIVE AND LEGISLATIVE ORGANS,41110100,ABAKALIKI,13100122005800,Reform of Government and Governance - General
Purchase of 5Nos Printers for EBHASC l,1000000.0,1000000.0,0.0,2000000.0,2000000.0,0.0,435,0.21078,0.22876,011200400100,Ebonyi State House of Assembly Service Commission,23010114,PURCHASE OF COMPUTER PRINTERS,70111,EXECUTIVE AND LEGISLATIVE ORGANS,41110100,ABAKALIKI,13100122001500,Reform of Government and Governance - General
Purchase of 2nos Photocopier Machines for the use of Admin and Accountant,1000000.0,1000000.0,0.0,2500000.0,2500000.0,0.0,435,0.24673,0.26471,011200400100,Ebonyi State House of Assembly Service Commission,23010115,PURCHASE OF PHOTOCOPYING MACHINES,70111,EXECUTIVE AND LEGISLATIVE ORGANS,41110100,ABAKALIKI,13100122001600,Reform of Government and Governance - General
Purchase of Motor vehicles for both the Chairman and Sec Commission,100000000.0,100000000.0,0.0,100000000.0,100000000.0,0.0,435,0.28268,0.30065,011200400100,Ebonyi State House of Assembly Service Commission,23010105,PURCHASE OF MOTOR VEHICLES,70111,EXECUTIVE AND LEGISLATIVE ORGANS,41110100,ABAKALIKI,13100122001700,Reform of Government and Governance - General
Purchase of 2No. Manual Type Writers for EBHASC l,500000.0,500000.0,0.0,500000.0,500000.0,0.0,435,0.31863,0.3366,011200400100,Ebonyi State House of Assembly Service Commission,23010116,PURCHASE OF TYPEWRITERS,70111,EXECUTIVE AND LEGISLATIVE ORGANS,41110100,ABAKALIKI,13100122001900,Reform of Government and Governance - General
Purchase of 5No. Steel Cabinets for EBHASC l,1000000.0,1000000.0,0.0,5000000.0,5000000.0,0.0,435,0.35458,0.37255,011200400100,Ebonyi State House of Assembly Service Commission,23010112,PURCHASE OF OFFICE FURNITURE AND FITTINGS,70111,EXECUTIVE AND LEGISLATIVE ORGANS,41110100,ABAKALIKI,13100122002000,Reform of Government and Governance - General
Furnishing of 1no EBHASC Chairman Office l,8000000.0,8000000.0,0.0,10000000.0,10000000.0,0.0,435,0.39052,0.4085,011200400100,Ebonyi State House of Assembly Service Commission,23010112,PURCHASE OF OFFICE FURNITURE AND FITTINGS,70111,EXECUTIVE AND LEGISLATIVE ORGANS,41110100,ABAKALIKI,13100122002200,Reform of Government and Governance - General
Repair of Damaged Bore Holes l,0.0,0.0,0.0,0.0,0.0,0.0,435,0.42647,0.44444,011200400100,Ebonyi State House of Assembly Service Commission,23020103,CONSTRUCTION / PROVISION OF ELECTRICITY,70111,EXECUTIVE AND LEGISLATIVE ORGANS,41110100,ABAKALIKI,13100122002300,Reform of Government and Governance - General
Renovation of EBHASC main Building l,0.0,0.0,0.0,0.0,0.0,0.0,435,0.46242,0.48039,011200400100,Ebonyi State House of Assembly Service Commission,23030121,REHABILITATION / REPAIRS OF OFFICE BUILDINGS,70111,EXECUTIVE AND LEGISLATIVE ORGANS,41110100,ABAKALIKI,13100122002400,Reform of Government and Governance - General
Purchase of 5No. Tables and Chairs for the Office l,0.0,0.0,0.0,0.0,0.0,0.0,435,0.49837,0.51634,011200400100,Ebonyi State House of Assembly Service Commission,23010112,PURCHASE OF OFFICE FURNITURE AND FITTINGS,70111,EXECUTIVE AND LEGISLATIVE ORGANS,41110100,ABAKALIKI,13100122002600,Reform of Government and Governance - General
Purchase of 2nos Executive Tables and 4nos Chairs for office use l,0.0,0.0,0.0,10000000.0,10000000.0,0.0,435,0.53431,0.55229,011200400100,Ebonyi State House of Assembly Service Commission,23010112,PURCHASE OF OFFICE FURNITURE AND FITTINGS,70111,EXECUTIVE AND LEGISLATIVE ORGANS,41110100,ABAKALIKI,13100122002800,Reform of Government and Governance - General
Purchase of 8 Nos Air Conditioners l,0.0,0.0,0.0,8000000.0,8000000.0,0.0,435,0.57026,0.58824,011200400100,Ebonyi State House of Assembly Service Commission,23010139,PURCHASE OF OTHER FIXED ASSETS,70111,EXECUTIVE AND LEGISLATIVE ORGANS,41110100,ABAKALIKI,13100122002900,Reform of Government and Governance - General
Purchase of 10 Nos Standing fans for EBHASC offices l,0.0,0.0,0.0,2000000.0,2000000.0,0.0,435,0.60621,0.62418,011200400100,Ebonyi State House of Assembly Service Commission,23010139,PURCHASE OF OTHER FIXED ASSETS,70111,EXECUTIVE AND LEGISLATIVE ORGANS,41110100,ABAKALIKI,13100122002900,Reform of Government and Governance - General
"Production Of 1,000no State Government Digital Diaries",30000000.0,105000000.0,30000000.0,130000000.0,130000000.0,0.0,435,0.7018,0.71977,012300100100,Ministry of Information and State Orientation,23050101,RESEARCH AND DEVELOPMENT,70831,BROADCASTING AND PUBLISHING SERVICES,41110100,ABAKALIKI,11100124002600,Information Communication and Technology - General
"Production Of 5,000no State Government Annual Calendars",6000000.0,6000000.0,0.0,10000000.0,10000000.0,0.0,435,0.73775,0.75572,012300100100,Ministry of Information and State Orientation,23050101,RESEARCH AND DEVELOPMENT,70831,BROADCASTING AND PUBLISHING SERVICES,41110100,ABAKALIKI,11100124002700,Information Communication and Technology - General
Full Rehabilitation And Overhaul Of Ebonyi Broadcasting Corporation (Ebbc).,0.0,0.0,0.0,0.0,0.0,0.0,435,0.77369,0.79167,012300100100,Ministry of Information and State Orientation,23030121,REHABILITATION / REPAIRS OF OFFICE BUILDINGS,70831,BROADCASTING AND PUBLISHING SERVICES,41110100,ABAKALIKI,11100124002800,Information Communication and Technology - General
"Purchase Of 40no Communication Equipment (40no Smart Recorders @N300,000 Each) For The New State Public Relation Officers.",0.0,0.0,0.0,12000000.0,12000000.0,0.0,435,0.80882,0.8268,012300100100,Ministry of Information and State Orientation,23010139,s 23010139 - PURCHASE OF OTHER FIXED ASSETS,70831,BROADCASTING AND PUBLISHING SERVICES,41110100,ABAKALIKI,11100124002900,Information Communication and Technology - General
"Purchase Of 2no. Computer Printers @500,000 Each For Account And Admin Depts.",1500000.0,1500000.0,0.0,0.0,0.0,0.0,435,0.84477,0.86275,012300100100,Ministry of Information and State Orientation,23010114,PURCHASE OF COMPUTER PRINTERS,70831,BROADCASTING AND PUBLISHING SERVICES,41110100,ABAKALIKI,11100124003100,Information Communication and Technology - General
Construction Of Billboards At Strategic Points In The State,5000000.0,5000000.0,0.0,0.0,0.0,0.0,435,0.88072,0.89869,012300100100,Ministry of Information and State Orientation,23020127,CONSTRUCTION OF ICT INFRASTRUCTURES,70831,BROADCASTING AND PUBLISHING SERVICES,41141400,State Wide 413,11100124003300,Information Communication and Technology - General
Purchase of Industrial (Broadcast) Equipments,5000000.0,5000000.0,0.0,0.0,0.0,0.0,436,0.17565,0.19363,012300300100,Ebonyi State Broadcasting Corporation (EBBC),23010139,PURCHASE OF OTHER FIXED ASSETS,70461,COMMUNICATION,41110100,ABAKALIKI,11100124000600,Information Communication and Technology - General
Acquisition of Software Licences for the Cooperation,20000000.0,20000000.0,1350000.0,0.0,0.0,0.0,436,0.21078,0.22876,012300300100,Ebonyi State Broadcasting Corporation (EBBC),23050101,RESEARCH AND DEVELOPMENT,70461,COMMUNICATION,41110100,ABAKALIKI,11100124000700,Information Communication and Technology - General
Purchase and Installation of UPS back up for Radio,5000000.0,5000000.0,0.0,0.0,0.0,0.0,436,0.24673,0.26471,012300300100,Ebonyi State Broadcasting Corporation (EBBC),23010139,PURCHASE OF OTHER FIXED ASSETS,70461,COMMUNICATION,41110100,ABAKALIKI,11100124000800,Information Communication and Technology - General
Reconstruction of Old TV Building to DG's Quarters,30000000.0,30000000.0,0.0,0.0,0.0,0.0,436,0.28268,0.30065,012300300100,Ebonyi State Broadcasting Corporation (EBBC),23030121,REHABILITATION / REPAIRS OF OFFICE BUILDINGS,70461,COMMUNICATION,41110100,ABAKALIKI,11100124000900,Information Communication and Technology - General
Purchase of 1No. Kord 64 Printing Machine for office use,20000000.0,20000000.0,0.0,0.0,0.0,0.0,436,0.39052,0.4085,012301300100,Government Printing and Stationery Department,23010129,PURCHASE OF INDUSTRIAL EQUIPMENT,70461,COMMUNICATION,41110100,ABAKALIKI,11100124001900,Information Communication and Technology - General
Purchase of 1No. Polar 92 Cutting Machine for office use,8000000.0,8000000.0,0.0,0.0,0.0,0.0,436,0.42647,0.44444,012301300100,Government Printing and Stationery Department,23010129,PURCHASE OF INDUSTRIAL EQUIPMENT,70461,COMMUNICATION,41110100,ABAKALIKI,11100124002000,Information Communication and Technology - General
Purchase of 1No. Scrabba Stitching Machine for office use,1300000.0,1300000.0,0.0,0.0,0.0,0.0,436,0.46242,0.48039,012301300100,Government Printing and Stationery Department,23010129,PURCHASE OF INDUSTRIAL EQUIPMENT,70461,COMMUNICATION,41110100,ABAKALIKI,11100124002100,Information Communication and Technology - General
Purchase of 2No. Desktop Computer for office use,700000.0,700000.0,0.0,0.0,0.0,0.0,436,0.49837,0.51634,012301300100,Government Printing and Stationery Department,23010113,PURCHASE OF COMPUTERS,70461,COMMUNICATION,41110100,ABAKALIKI,11100124002200,Information Communication and Technology - General
Purchase of 1No. Direct Image Machine,0.0,0.0,0.0,0.0,0.0,0.0,436,0.53431,0.55229,012301300100,Government Printing and Stationery Department,23010129,PURCHASE OF INDUSTRIAL EQUIPMENT,70461,COMMUNICATION,41110100,ABAKALIKI,11100124002200,Information Communication and Technology - General
Production of Security Documents like Gazzettes of Government Documents,0.0,0.0,0.0,0.0,0.0,0.0,436,0.57026,0.58824,012301300100,Government Printing and Stationery Department,23010128,PURCHASE OF SECURITY EQUIPMENT,70461,COMMUNICATION,41110100,ABAKALIKI,11100124002200,Information Communication and Technology - General
Purchase of 2Nos computer printer for the GM and Admin offices,5000000.0,5000000.0,0.0,0.0,0.0,0.0,436,0.67729,0.69526,012305500100,Ebonyi State Newspaper and Publishing Corporation,23010114,PURCHASE OF COMPUTER PRINTERS,70461,COMMUNICATION,41110400,EBONYI,11100124001100,Information Communication and Technology - General
Purchase power generating set 25KVA for the office use,0.0,0.0,0.0,7000000.0,7000000.0,0.0,436,0.71324,0.73121,012305500100,Ebonyi State Newspaper and Publishing Corporation,23010119,PURCHASE OF POWER GENERATING SET,70461,COMMUNICATION,41110400,EBONYI,11100124001200,Information Communication and Technology - General
Purchase of 2 No photocopying Machine for the office of the GM and Admin,2000000.0,2000000.0,0.0,5000000.0,5000000.0,0.0,436,0.74918,0.76716,012305500100,Ebonyi State Newspaper and Publishing Corporation,23010115,PURCHASE OF PHOTOCOPYING MACHINES,70461,COMMUNICATION,41110400,EBONYI,11100124001400,Information Communication and Technology - General
"Purchase of production materials used for printing e.g. plate, film etc",3000000.0,3000000.0,0.0,0.0,0.0,0.0,436,0.78513,0.8031,012305500100,Ebonyi State Newspaper and Publishing Corporation,23010139,PURCHASE OF OTHER FIXED ASSETS,70461,COMMUNICATION,41110400,EBONYI,11100124001500,Information Communication and Technology - General
Renovation of office building,10000000.0,10000000.0,0.0,12000000.0,12000000.0,0.0,436,0.82108,0.83905,012305500100,Ebonyi State Newspaper and Publishing Corporation,23030121,REHABILITATION / REPAIRS OF OFFICE BUILDINGS,70461,COMMUNICATION,41110400,EBONYI,11100124001300,Information Communication and Technology - General
Purchase of office Furniture and Fittings for office of the head of Service,3500000.0,3500000.0,0.0,0.0,0.0,0.0,437,0.10376,0.12173,012500100100,Office of the Head of Service,23010112,PURCHASE OF OFFICE FURNITURE AND FITTINGS,70133,OTHER GENERAL SERVICES,41110100,ABAKALIKI,13100121002700,Reform of Government and Governance - General
Purchase of 2Nos Desk Top Computers for office of the Head of Service and Perm. Sec,1200000.0,1200000.0,0.0,0.0,0.0,0.0,437,0.13971,0.15768,012500100100,Office of the Head of Service,23010113,PURCHASE OF COMPUTERS,70133,OTHER GENERAL SERVICES,41110100,ABAKALIKI,13100121002800,Reform of Government and Governance - General
Production of Establishment and Classified Documents l,5000000.0,5000000.0,0.0,10000000.0,10000000.0,0.0,437,0.17565,0.19363,012500100100,Office of the Head of Service,23050101,RESEARCH AND DEVELOPMENT,70133,OTHER GENERAL SERVICES,41110100,ABAKALIKI,13100121002900,Reform of Government and Governance - General
"Furnishing & Equiping of 1no Civil Service Audithorum, Block I Centenary City",24750000.0,24750000.0,0.0,30000000.0,30000000.0,0.0,437,0.21078,0.22876,012500100100,Office of the Head of Service,23010112,PURCHASE OF OFFICE FURNITURE AND FITTINGS,70133,OTHER GENERAL SERVICES,41110100,ABAKALIKI,13100121003000,Reform of Government and Governance - General
Purchase of 2Nos Computer Printers for office of the Head of Service and Perm. Sec,2000000.0,2000000.0,0.0,0.0,0.0,0.0,437,0.24673,0.26471,012500100100,Office of the Head of Service,23010114,PURCHASE OF COMPUTER PRINTERS,70133,OTHER GENERAL SERVICES,41110100,ABAKALIKI,13100121003300,Reform of Government and Governance - General
Purchase of 1Nos Photocopying Machines for the office of HOS l,1000000.0,1000000.0,0.0,0.0,0.0,0.0,437,0.28268,0.30065,012500100100,Office of the Head of Service,23010115,PURCHASE OF PHOTOCOPYING MACHINES,70133,OTHER GENERAL SERVICES,41110100,ABAKALIKI,13100121003400,Reform of Government and Governance - General
Purchase of Scanner for office of the HOS l,600000.0,600000.0,0.0,0.0,0.0,0.0,437,0.31863,0.3366,012500100100,Office of the Head of Service,23010118,PURCHASE OF SCANNERS,70133,OTHER GENERAL SERVICES,41110100,ABAKALIKI,13100121003500,Reform of Government and Governance - General
"purchase of 3No. Steel Cabinets for the office of the Perm Sec, Admin and Accounts",1950000.0,1950000.0,0.0,0.0,0.0,0.0,437,0.35458,0.37255,012500100100,Office of the Head of Service,23010112,PURCHASE OF OFFICE FURNITURE AND FITTINGS,70133,OTHER GENERAL SERVICES,41110100,ABAKALIKI,13100121003500,Reform of Government and Governance - General
Purchase of 1 No. Motor Vehicle (Toyota Hilux) l,0.0,0.0,0.0,80000000.0,80000000.0,0.0,437,0.45016,0.46814,014000100100,Office of Auditor General - State,23010105,PURCHASE OF MOTOR VEHICLES,70112,FINANCIAL AND FISCAL AFFAIRS,41110400,EBONYI,13100121005600,Reform of Government and Governance - General
Purchase of Library Books & Equipment l,600000.0,600000.0,0.0,0.0,0.0,0.0,437,0.48611,0.50408,014000100100,Office of Auditor General - State,23010125,PURCHASE OF LIBRARY BOOKS & EQUIPMENT,70112,FINANCIAL AND FISCAL AFFAIRS,41110400,EBONYI,13100121005700,Reform of Government and Governance - General
Purchase of 10 No. Laptop Computer Sets l,3000000.0,3000000.0,0.0,0.0,0.0,0.0,437,0.52206,0.54003,014000100100,Office of Auditor General - State,23010113,PURCHASE OF COMPUTERS,70112,FINANCIAL AND FISCAL AFFAIRS,41110400,EBONYI,13100121005800,Reform of Government and Governance - General
Purchase of 10 No. Air Conditioner l,2000000.0,2000000.0,0.0,0.0,0.0,0.0,437,0.55801,0.57598,014000100100,Office of Auditor General - State,23010139,PURCHASE OF OTHER FIXED ASSETS,70112,FINANCIAL AND FISCAL AFFAIRS,41110400,EBONYI,13100121005900,Reform of Government and Governance - General
Purchase of 1 No. Plasma TV l,2000000.0,2000000.0,0.0,0.0,0.0,0.0,437,0.59395,0.61193,014000100100,Office of Auditor General - State,23010139,PURCHASE OF OTHER FIXED ASSETS,70112,FINANCIAL AND FISCAL AFFAIRS,41110400,EBONYI,13100121006000,Reform of Government and Governance - General
Purchase of Office Table l,3000000.0,3000000.0,0.0,0.0,0.0,0.0,437,0.6299,0.64788,014000100100,Office of Auditor General - State,23010112,PURCHASE OF OFFICE FURNITURE AND FITTINGS,70112,FINANCIAL AND FISCAL AFFAIRS,41110400,EBONYI,13100121006100,Reform of Government and Governance - General
Renovation of the Office Complex & Perimeter Fencing l,120000000.0,120000000.0,0.0,240000000.0,240000000.0,0.0,437,0.66585,0.68382,014000100100,Office of Auditor General - State,23030121,REHABILITATION / REPAIRS OF OFFICE BUILDINGS,70112,FINANCIAL AND FISCAL AFFAIRS,41110400,EBONYI,13100121006200,Reform of Government and Governance - General
Purchase of Office Chair l,650000.0,650000.0,0.0,0.0,0.0,0.0,437,0.7018,0.71977,014000100100,Office of Auditor General - State,23010112,PURCHASE OF OFFICE FURNITURE AND FITTINGS,70112,FINANCIAL AND FISCAL AFFAIRS,41110400,EBONYI,13100121006300,Reform of Government and Governance - General
Purchase of Office Equipment a. 20No. Ceiling fans l,760000.0,760000.0,0.0,760000.0,760000.0,0.0,437,0.79739,0.81536,014000200100,Office of Auditor General - Local Government,23010139,PURCHASE OF OTHER FIXED ASSETS,70112,FINANCIAL AND FISCAL AFFAIRS,41110100,ABAKALIKI,13100121006900,Reform of Government and Governance - General
Purchase of 5No. Air Conditioners l,450000.0,450000.0,0.0,1000000.0,1000000.0,0.0,437,0.83333,0.85131,014000200100,Office of Auditor General - Local Government,23010139,PURCHASE OF OTHER FIXED ASSETS,70112,FINANCIAL AND FISCAL AFFAIRS,41110100,ABAKALIKI,13100121007000,Reform of Government and Governance - General
Purchase of One (1) 10 KVA Generator Set l,750000.0,750000.0,0.0,750000.0,750000.0,0.0,437,0.86928,0.88725,014000200100,Office of Auditor General - Local Government,23010119,PURCHASE OF POWER GENERATING SET,70112,FINANCIAL AND FISCAL AFFAIRS,41110100,ABAKALIKI 415,13100121007100,Reform of Government and Governance - General
Purchase of 2No. Photocopying Machine l,2500000.0,2500000.0,0.0,0.0,0.0,0.0,438,0.10376,0.12173,014000200100,Office of Auditor General - Local Government,23010115,PURCHASE OF PHOTOCOPYING MACHINES,70112,FINANCIAL AND FISCAL AFFAIRS,41110100,ABAKALIKI,13100121007300,Reform of Government and Governance - General
Purchase of 15Nos Laptop Computers (64 G) l,3750000.0,3750000.0,0.0,0.0,0.0,0.0,438,0.13971,0.15768,014000200100,Office of Auditor General - Local Government,23010113,PURCHASE OF COMPUTERS,70112,FINANCIAL AND FISCAL AFFAIRS,41110100,ABAKALIKI,13100121007400,Reform of Government and Governance - General
Purchase of 30No. and Chairs l,11000000.0,11000000.0,0.0,0.0,0.0,0.0,438,0.17565,0.19363,014000200100,Office of Auditor General - Local Government,23010112,PURCHASE OF OFFICE FURNITURE AND FITTINGS,70112,FINANCIAL AND FISCAL AFFAIRS,41110100,ABAKALIKI,13100121007600,Reform of Government and Governance - General
Purchase of 30No. Office Tables and Chairs l,790000.0,790000.0,0.0,0.0,0.0,0.0,438,0.21078,0.22876,014000200100,Office of Auditor General - Local Government,23010112,PURCHASE OF OFFICE FURNITURE AND FITTINGS,70112,FINANCIAL AND FISCAL AFFAIRS,41110100,ABAKALIKI,13100121007800,Reform of Government and Governance - General
"Purchase of 3No HP Computer Laptops for offices of the Accountant, Admin and PRS",1000000.0,1000000.0,4500000.0,0.0,0.0,0.0,438,0.31863,0.3366,014500100100,Ebonyi Public Complaints and Anti-Corruption Commission,23010113,PURCHASE OF COMPUTERS,70133,OTHER GENERAL SERVICES,41110100,ABAKALIKI,13100124013400,Reform of Government and Governance - General
"Purchase of 2No HP Computer Printers for offices of the Accountant, Admin and PRS",500000.0,500000.0,0.0,0.0,0.0,0.0,438,0.35458,0.37255,014500100100,Ebonyi Public Complaints and Anti-Corruption Commission,23010114,PURCHASE OF COMPUTER PRINTERS,70133,OTHER GENERAL SERVICES,41110100,ABAKALIKI,13100124013400,Reform of Government and Governance - General
Purchase of 1No. Photocopying Machine for Admin Office l,2000000.0,2000000.0,1400000.0,0.0,0.0,0.0,438,0.39052,0.4085,014500100100,Ebonyi Public Complaints and Anti-Corruption Commission,23010115,PURCHASE OF PHOTOCOPYING MACHINES,70133,OTHER GENERAL SERVICES,41110100,ABAKALIKI,13100124013400,Reform of Government and Governance - General
"Purchase of 5No. Executive Tables and 10No. Chairs for Admin, Accountant, PRS",10000000.0,10000000.0,8600000.0,0.0,0.0,0.0,438,0.42647,0.44444,014500100100,Ebonyi Public Complaints and Anti-Corruption Commission,23010112,PURCHASE OF OFFICE FURNITURE AND FITTINGS,70133,OTHER GENERAL SERVICES,41110100,ABAKALIKI,13100124013400,Reform of Government and Governance - General
Purchase of 1No. FIRMAN 25KVA Power Generating Set l,5500000.0,5500000.0,0.0,5000000.0,5000000.0,0.0,438,0.46242,0.48039,014500100100,Ebonyi Public Complaints and Anti-Corruption Commission,23010119,PURCHASE OF POWER GENERATING SET,70133,OTHER GENERAL SERVICES,41110100,ABAKALIKI,13100124013400,Reform of Government and Governance - General
"Purchase of 1No. Camera CCTV, Walking Talking (10) for General duties.",6000000.0,6000000.0,8500000.0,8000000.0,8000000.0,0.0,438,0.49837,0.51634,014500100100,Ebonyi Public Complaints and Anti-Corruption Commission,23010128,PURCHASE OF SECURITY EQUIPMENT,70133,OTHER GENERAL SERVICES,41110100,ABAKALIKI,13100124013400,Reform of Government and Governance - General
Renonvation of Office Building at Town Planning Road l,25000000.0,25000000.0,2000000.0,30000000.0,30000000.0,0.0,438,0.53431,0.55229,014500100100,Ebonyi Public Complaints and Anti-Corruption Commission,23030121,REHABILITATION / REPAIRS OF OFFICE BUILDINGS,70133,OTHER GENERAL SERVICES,41110100,ABAKALIKI,13100124013400,Reform of Government and Governance - General
"Purchase of 4No. Steel Cabinet for office of the Accountant, Admin, PRS, Internal Audiotr",0.0,0.0,0.0,3000000.0,3000000.0,0.0,438,0.57026,0.58824,014500100100,Ebonyi Public Complaints and Anti-Corruption Commission,23010139,PURCHASE OF OTHER FIXED ASSETS,70133,OTHER GENERAL SERVICES,41110100,ABAKALIKI,13100124013400,Reform of Government and Governance - General
"Purchase of 5No. Standing Fans in use for the office of PRO, Internal Auditor, Cashier and General Office",0.0,0.0,0.0,1000000.0,1000000.0,0.0,438,0.60621,0.62418,014500100100,Ebonyi Public Complaints and Anti-Corruption Commission,23010139,PURCHASE OF OTHER FIXED ASSETS,70133,OTHER GENERAL SERVICES,41110100,ABAKALIKI,13100124013400,Reform of Government and Governance - General
"Purchase of 3No. Air Conditioners for the Admin, Accounts, and PRS l",0.0,0.0,0.0,3000000.0,3000000.0,0.0,438,0.64134,0.65931,014500100100,Ebonyi Public Complaints and Anti-Corruption Commission,23010139,PURCHASE OF OTHER FIXED ASSETS,70133,OTHER GENERAL SERVICES,41110100,ABAKALIKI,13100124013400,Reform of Government and Governance - General
Purchase of 1No. Safe for office of the accountant l,0.0,0.0,0.0,2800000.0,2800000.0,0.0,438,0.67729,0.69526,014500100100,Ebonyi Public Complaints and Anti-Corruption Commission,23010139,PURCHASE OF OTHER FIXED ASSETS,70133,OTHER GENERAL SERVICES,41110100,ABAKALIKI,13100124013400,Reform of Government and Governance - General
"Purchase of 10 No. Tables and Chairs for use in the office of the Admin, PRS, Accounts, Promotion, Retirement and PRO and Clerks of the Commission",6000000.0,6000000.0,0.0,6000000.0,6000000.0,0.0,438,0.77941,0.79739,014700100100,Civil Service Commission,23010112,PURCHASE OF OFFICE FURNITURE AND f FITTINGS,70131,GENERAL PERSONNEL SERVICES,41110100,ABAKALIKI,07100123002800,Gender - General
"Purchase of 5 Nos. Air Conditioners at N500,000 for use at the office of the Admin, PRS, Accounts, Promotion, Retirement",2500000.0,2500000.0,0.0,2500000.0,2500000.0,0.0,438,0.82108,0.83905,014700100100,Civil Service Commission,23010139,PURCHASE OF OTHER FIXED ASSETS,70131,GENERAL PERSONNEL SERVICES,41110100,ABAKALIKI,07100123002800,Gender - General
Construction of Drainage System to check against Water logging at Block 10 Premises,8000000.0,8000000.0,0.0,8000000.0,8000000.0,0.0,438,0.85131,0.86928,014700100100,Civil Service Commission,23020116,CONSTRUCTION / PROVISION OF WATER- WAYS,70131,- 70131 - GENERAL PERSONNEL SERVICES,41110100,ABAKALIKI,07100123002800,Gender - General
Repair of Office Sewage Systems,2500000.0,2500000.0,0.0,3000000.0,3000000.0,0.0,438,0.875,0.89297,014700100100,Civil Service Commission,23030121,REHABILITATION / REPAIRS OF OFFICE BUILDINGS,70131,GENERAL PERSONNEL SERVICES,41110100,ABAKALIKI 416,07100123002800,Gender - General
"Purchase of 2 Nos Office Refrigerators at 750,000 each for use at the office of the Admin and Accountant",1000000.0,1000000.0,0.0,1500000.0,1500000.0,0.0,439,0.10376,0.12173,014700100100,Civil Service Commission,23010139,PURCHASE OF OTHER FIXED ASSETS,70131,GENERAL PERSONNEL SERVICES,41110100,ABAKALIKI,07100123002800,Gender - General
Procurement of 1no Projector and 1no screen for office use,0.0,0.0,0.0,2000000.0,2000000.0,0.0,439,0.13317,0.15114,014700100100,Civil Service Commission,23010139,PURCHASE OF OTHER FIXED ASSETS,70131,GENERAL PERSONNEL SERVICES,41141400,State Wide,07100123002800,Gender - General
"Drilling of 1 No. borehole at 15,000 per meter cube by 400 mc with installations",0.0,0.0,0.0,3000000.0,3000000.0,0.0,439,0.15768,0.17565,014700100100,Civil Service Commission,23020105,CONSTRUCTION / PROVISION OF WATER FACILITIES,70131,GENERAL PERSONNEL SERVICES,41110100,ABAKALIKI,07100123002800,Gender - General
"Production of Guideline for Appointment, Promotion and Discipline",0.0,0.0,0.0,3000000.0,3000000.0,0.0,439,0.18137,0.19935,014700100100,Civil Service Commission,23050101,RESEARCH AND DEVELOPMENT,70131,GENERAL PERSONNEL SERVICES,41141400,State Wide,07100123002800,Gender - General
Construction of out Door 3 in 1 VIP Convenience at the Commission l,0.0,0.0,0.0,5000000.0,5000000.0,0.0,439,0.27124,0.28922,014900100100,Local Government Service Commission,23020104,CONSTRUCTION / PROVISION OF HOUSING,70131,GENERAL PERSONNEL SERVICES,41110100,ABAKALIKI,13100123013900,Reform of Government and Governance - General
Landscaping of the entire Premises of LGSC l,0.0,0.0,0.0,1200000.0,1200000.0,0.0,439,0.30719,0.32516,014900100100,Local Government Service Commission,23040102,EROSION & FLOOD CONTROL,70131,GENERAL PERSONNEL SERVICES,41110100,ABAKALIKI,13100123014000,Reform of Government and Governance - General
Rehabilitation of Office building l,0.0,0.0,0.0,10000000.0,10000000.0,0.0,439,0.40278,0.42075,014900200100,Local Government Staff Pension Board,23030121,REHABILITATION / REPAIRS OF OFFICE BUILDINGS,70131,GENERAL PERSONNEL SERVICES,41110100,ABAKALIKI,13100121001000,Reform of Government and Governance - General
Purchase of 10Nos. Biometric Caputering machines l,0.0,0.0,0.0,10000000.0,10000000.0,0.0,439,0.43873,0.4567,014900200100,Local Government Staff Pension Board,23010139,PURCHASE OF OTHER FIXED ASSETS,70131,GENERAL PERSONNEL SERVICES,41110100,ABAKALIKI,13100121001100,Reform of Government and Governance - General
Purchase and supply of 1Nos. Hp Desktop Computer for office of Admin,1000000.0,1000000.0,0.0,1000000.0,1000000.0,0.0,439,0.54575,0.56373,014800100100,Ebonyi State Independent Electoral Commission,23010113,PURCHASE OF COMPUTERS,70131,GENERAL PERSONNEL SERVICES,41110100,ABAKALIKI,13100124002100,Reform of Government and Governance - General
Procurement of 2Nos. Firman Power Generating Set (7200 Generator 5:0 KVA) for Headquarter,2000000.0,2000000.0,0.0,2000000.0,2000000.0,0.0,439,0.5817,0.59967,014800100100,Ebonyi State Independent Electoral Commission,23010119,r 23010119 - PURCHASE OF POWER GENERATING SET,70131,GENERAL PERSONNEL SERVICES,41110100,ABAKALIKI,13100124002200,Reform of Government and Governance - General
Purchase 2nos of laserjet Printer for use in the Admin Office and Account,1000000.0,1000000.0,0.0,1000000.0,1000000.0,0.0,439,0.61765,0.63562,014800100100,Ebonyi State Independent Electoral Commission,23010114,PURCHASE OF COMPUTER PRINTERS,70131,GENERAL PERSONNEL SERVICES,41110100,ABAKALIKI,13100124002300,Reform of Government and Governance - General
Purchase 1nos of Photocopier (Multi pourpose) for use in the Admin Office.,0.0,0.0,0.0,2000000.0,2000000.0,0.0,439,0.65359,0.67157,014800100100,Ebonyi State Independent Electoral Commission,23010115,PURCHASE OF PHOTOCOPYING MACHINES,70131,GENERAL PERSONNEL SERVICES,41110100,ABAKALIKI,13100124002400,Reform of Government and Governance - General
Purchase of 4Nos Kymco Motorcycles for Field Work l,0.0,0.0,0.0,12000000.0,12000000.0,0.0,439,0.68954,0.70752,014800100100,Ebonyi State Independent Electoral Commission,23010104,PURCHASE MOTOR CYCLES,70131,GENERAL PERSONNEL SERVICES,41110100,ABAKALIKI,13100124002600,Reform of Government and Governance - General
Construction of 1No. Office Building Complex l,0.0,0.0,0.0,500000000.0,500000000.0,0.0,439,0.72549,0.74346,014800100100,Ebonyi State Independent Electoral Commission,23020101,CONSTRUCTION / PROVISION OF OFFICE BUILDINGS,70131,GENERAL PERSONNEL SERVICES,41110100,ABAKALIKI,13100124002600,Reform of Government and Governance - General
Procurment/installation of security Surveillance Camera l,125000000.0,125000000.0,0.0,150000000.0,150000000.0,0.0,439,0.82108,0.83905,012400100100,Ministry of Internal Security,23010128,PURCHASE OF SECURITY EQUIPMENT,70361,PUBLIC ORDER AND SAFETY N.E.C.,41141400,State Wide,13100123003500,Reform of Government and Governance - General
"Purchase of 2nos Motorcycle @ 2,000,000 each for Neighourhood Watch service men",200000000.0,200000000.0,71857500.0,4000000.0,4000000.0,0.0,439,0.85703,0.875,012400100100,Ministry of Internal Security,23010104,PURCHASE MOTOR CYCLES,70361,PUBLIC ORDER AND SAFETY N.E.C.,41141400,State Wide 417,13100123003600,Reform of Government and Governance - General
Purchase of 1no communication equipped Bus for Security Surveillance,50000000.0,50000000.0,0.0,100000000.0,100000000.0,0.0,440,0.10376,0.12173,012400100100,Ministry of Internal Security,23010128,PURCHASE OF SECURITY EQUIPMENT,70361,PUBLIC ORDER AND SAFETY N.E.C.,41141400,State Wide,13100123003700,Reform of Government and Governance - General
Purchase of 1no Digital Photocopying machine l,1000000.0,1000000.0,0.0,1000000.0,1000000.0,0.0,440,0.13971,0.15768,012400100100,Ministry of Internal Security,23010115,PURCHASE OF PHOTOCOPYING MACHINES,70361,PUBLIC ORDER AND SAFETY N.E.C.,41110100,ABAKALIKI,13100123003800,Reform of Government and Governance - General
"Purchase of furniture & fittings (i) A set of 6,three seaters upholstery for permanent secretary",10000000.0,10000000.0,0.0,0.0,0.0,0.0,440,0.17565,0.19363,012400100100,Ministry of Internal Security,23010112,PURCHASE OF OFFICE FURNITURE AND FITTINGS,70361,PUBLIC ORDER AND SAFETY N.E.C.,41110100,ABAKALIKI,13100123003900,Reform of Government and Governance - General
Purchase of 1no vehicles and Armoured Personnel carriers for security Agences,50000000.0,50000000.0,0.0,1000000000.0,1000000000.0,0.0,440,0.21078,0.22876,012400100100,Ministry of Internal Security,23010105,PURCHASE OF MOTOR VEHICLES,70361,PUBLIC ORDER AND SAFETY N.E.C.,41141400,State Wide,13100123004000,Reform of Government and Governance - General
Procurement/installation of Traffic Light in Designated areas of the Capital,0.0,0.0,0.0,2000000000.0,2000000000.0,0.0,440,0.24673,0.26471,012400100100,Ministry of Internal Security,23020123,CONSTRUCTION OF TRAFFIC /STREET LIGHTS,70361,PUBLIC ORDER AND SAFETY N.E.C.,41110100,ABAKALIKI,13100123004100,Reform of Government and Governance - General
Constuction of security post/cross Bars at 160 Locations and repairs of exisiting ones at 90 Locations within the State,10000000.0,10000000.0,0.0,30000000.0,30000000.0,0.0,440,0.28268,0.30065,012400100100,Ministry of Internal Security,23020118,CONSTRUCTION / PROVISION OF INFRASTRUCTURE,70361,PUBLIC ORDER AND SAFETY N.E.C.,41141400,State Wide,13100123004200,Reform of Government and Governance - General
"Purchase 2000 of handcuffs @ 25,000 each l",50000000.0,50000000.0,0.0,100000000.0,100000000.0,0.0,440,0.31863,0.3366,012400100100,Ministry of Internal Security,23010128,PURCHASE OF SECURITY EQUIPMENT,70361,PUBLIC ORDER AND SAFETY N.E.C.,41141400,State Wide,13100123004300,Reform of Government and Governance - General
Procurement of 5nos Drones Security Equipemnts l,0.0,0.0,0.0,4000000000.0,4000000000.0,0.0,440,0.35458,0.37255,012400100100,Ministry of Internal Security,23010128,PURCHASE OF SECURITY EQUIPMENT,70361,PUBLIC ORDER AND SAFETY N.E.C.,41141400,State Wide,13100123004300,Reform of Government and Governance - General
Upgrading of the ICT Centre at Centinery City to a Standard JAMB CBT CENTRE,0.0,0.0,0.0,50000000.0,50000000.0,0.0,440,0.4567,0.47467,012800100100,Ministry of Information Communication and State Technology,23020127,CONSTRUCTION OF ICT INFRASTRUCTURES,70831,BROADCASTING AND PUBLISHING SERVICES,41110100,ABAKALIKI,12100125001400,Growing the Private Sector - General
Procurement of Two(2) Mini Buses for supervision and Monitoring of the activities of Telco's across the Three(3) senatorials zones of the State,0.0,0.0,0.0,5000000.0,5000000.0,0.0,440,0.49265,0.51062,012800100100,Ministry of Information Communication and State Technology,23010108,f 23010108 - PURCHASE OF BUSES,70831,BROADCASTING AND PUBLISHING SERVICES,41110100,ABAKALIKI,12100125001400,Growing the Private Sector - General
Installation of Fibre Duct Bank within the capital city and its environ,0.0,0.0,0.0,40000000.0,40000000.0,0.0,440,0.52859,0.54657,012800100100,Ministry of Information Communication and State Technology,23020127,CONSTRUCTION OF ICT INFRASTRUCTURES,70831,BROADCASTING AND PUBLISHING SERVICES,41141400,State Wide,12100125001400,Growing the Private Sector - General
"Rehabilitation of the ICT centres at Government Secondary Afikpo and Community Secondary School Nwofe, Izzi LGA to Jamb CBT Centre.",15000000.0,15000000.0,0.0,0.0,0.0,0.0,440,0.56373,0.5817,012800100100,Ministry of Information Communication and State Technology,23030127,REHABILITATION/REPAIRS- ICT INFRASTRUCTURES,70831,BROADCASTING AND PUBLISHING SERVICES,41130200,AFIKPO NORTH,12100125001400,Growing the Private Sector - General
Acquisition and installation of Fibre-Optics for free internet services at Chuba Okadigbo International Airport and Ebonyi State House of Assembly Complex,21000000.0,21000000.0,0.0,0.0,0.0,0.0,440,0.61193,0.6299,012800100100,Ministry of Information Communication and State Technology,23050102,COMPUTER SOFTWARE ACQUISITION,70831,BROADCASTING AND PUBLISHING SERVICES,41120600,EZZA SOUTH,12100125001400,Growing the Private Sector - General
Empowerment of 39 selected young school Leavers from the 13 LGA’s in self-sustaining ICT programs and courses.,68000000.0,169000000.0,68000000.0,0.0,0.0,0.0,440,0.65359,0.67157,012800100100,Ministry of Information Communication and State Technology,23050101,RESEARCH AND DEVELOPMENT,70831,BROADCASTING AND PUBLISHING SERVICES,41141400,State Wide,12100125001400,Growing the Private Sector - General
"Provision and Installation of Internet Infrastructure in ICT Centre Centenary City, Abakaliki",0.0,170000000.0,0.0,0.0,0.0,0.0,440,0.68954,0.70752,012800100100,Ministry of Information Communication and State Technology,23050102,COMPUTER SOFTWARE ACQUISITION,70831,BROADCASTING AND PUBLISHING SERVICES,41110100,ABAKALIKI,12100125001400,Growing the Private Sector - General
Rehabilitation of old Deputy Governors office for the use as the Ministry office,11500000.0,11500000.0,0.0,10000000.0,10000000.0,0.0,440,0.78513,0.8031,017000100100,Ministry of Special Duties,23030101,REHABILITATION / REPAIRS OF RESIDENTIAL BUILDING,70411,GENERAL ECONOMIC AND COMMERCIALAFFAIRS,41110100,ABAKALIKI,13100124012300,Reform of Government and Governance - General
Purchase of 2No Desktop computers Dell for the office of the Perm Sec. and Admin,2700000.0,2700000.0,0.0,0.0,0.0,0.0,440,0.82108,0.83905,017000100100,Ministry of Special Duties,23010113,PURCHASE OF COMPUTERS,70411,GENERAL ECONOMIC AND COMMERCIALAFFAIRS,41110100,ABAKALIKI,13100124012400,Reform of Government and Governance - General
Purchase of 2No Refrigerator for use at offices of Accountant and PRS l,1000000.0,1000000.0,0.0,0.0,0.0,0.0,440,0.85703,0.875,017000100100,Ministry of Special Duties,23010139,PURCHASE OF OTHER FIXED ASSETS,70411,GENERAL ECONOMIC AND COMMERCIALAFFAIRS,41110100,ABAKALIKI 418,13100124012500,Reform of Government and Governance - General
"Purchase of 6No Chairs and 3No Tables for Office of Accountant, Admin and PRS",7500000.0,7500000.0,0.0,0.0,0.0,0.0,441,0.10376,0.12173,017000100100,Ministry of Special Duties,23010112,PURCHASE OF OFFICE FURNITURE AND FITTINGS,70411,GENERAL ECONOMIC AND COMMERCIALAFFAIRS,41110100,ABAKALIKI,13100124012600,Reform of Government and Governance - General
Purchase of 2No Printers for offices of Hon. Commissioner and Perm Sec,1000000.0,1000000.0,0.0,0.0,0.0,0.0,441,0.13971,0.15768,017000100100,Ministry of Special Duties,23010114,PURCHASE OF COMPUTER PRINTERS,70411,GENERAL ECONOMIC AND COMMERCIALAFFAIRS,41110100,ABAKALIKI,13100124012700,Reform of Government and Governance - General
"Purchase of 3No TV and DSTV for offices of Hon. Commissioner,Perm Sec and General Office",1500000.0,1500000.0,0.0,0.0,0.0,0.0,441,0.17565,0.19363,017000100100,Ministry of Special Duties,23010139,PURCHASE OF OTHER FIXED ASSETS,70411,GENERAL ECONOMIC AND COMMERCIALAFFAIRS,41110100,ABAKALIKI,13100124012800,Reform of Government and Governance - General
"Purchase of 2No Steel cabinet for offices of Admin, Accounts and General office",700000.0,700000.0,0.0,1500000.0,1500000.0,0.0,441,0.21078,0.22876,017000100100,Ministry of Special Duties,23010139,PURCHASE OF OTHER FIXED ASSETS,70411,GENERAL ECONOMIC AND COMMERCIALAFFAIRS,41110100,ABAKALIKI,13100124012900,Reform of Government and Governance - General
Purchase of 1No Safe for office use l,0.0,0.0,0.0,600000.0,600000.0,0.0,441,0.24673,0.26471,017000100100,Ministry of Special Duties,23010139,PURCHASE OF OTHER FIXED ASSETS,70411,GENERAL ECONOMIC AND COMMERCIALAFFAIRS,41110100,ABAKALIKI,13100124013000,Reform of Government and Governance - General
Purchase of 1No Photocoping Machine for office use l,1300000.0,1300000.0,0.0,1000000.0,1000000.0,0.0,441,0.28268,0.30065,017000100100,Ministry of Special Duties,23010115,PURCHASE OF PHOTOCOPYING MACHINES,70411,GENERAL ECONOMIC AND COMMERCIALAFFAIRS,41110100,ABAKALIKI,13100124013100,Reform of Government and Governance - General
Purchese of 2No Airconditioners for offices of PRO and Account l,800000.0,800000.0,0.0,1500000.0,1500000.0,0.0,441,0.31863,0.3366,017000100100,Ministry of Special Duties,23010139,PURCHASE OF OTHER FIXED ASSETS,70411,GENERAL ECONOMIC AND COMMERCIALAFFAIRS,41110100,ABAKALIKI,13100124013200,Reform of Government and Governance - General
Purchase of 1No (10KVA) generator set for office use l,2000000.0,2000000.0,0.0,0.0,0.0,0.0,441,0.35458,0.37255,017000100100,Ministry of Special Duties,23010119,PURCHASE OF POWER GENERATING SET,70411,GENERAL ECONOMIC AND COMMERCIALAFFAIRS,41110100,ABAKALIKI,13100124013300,Reform of Government and Governance - General
Renovation of South East Zonal Diaspora Headquarters Office in block 9 Centenary City,12000000.0,12000000.0,0.0,10000000.0,10000000.0,0.0,441,0.45016,0.46814,017000200100,Diaspora Agency,23030121,REHABILITATION / REPAIRS OF OFFICE BUILDINGS,70411,GENERAL ECONOMIC AND COMMERCIALAFFAIRS,41110100,ABAKALIKI,13100124017600,Reform of Government and Governance - General
Furnishing of Diaspora Office l,8000000.0,8000000.0,0.0,0.0,0.0,0.0,441,0.48611,0.50408,017000200100,Diaspora Agency,23020112,CONSTRUCTION / PROVISION OF SPORTING FACILITIES,70411,GENERAL ECONOMIC AND COMMERCIALAFFAIRS,41110100,ABAKALIKI,13100124017700,Reform of Government and Governance - General
Purchase of 2No Sets of Upholstry Chair for use in the Office Accountant,2000000.0,2000000.0,0.0,0.0,0.0,0.0,441,0.58824,0.60621,017500100100,Ministry of Inter-Party Affairs and Labour Matters,23010112,PURCHASE OF OFFICE FURNITURE AND FITTINGS,70161,GENERAL PUBLIC SERVICES N.E.C.,41110100,ABAKALIKI,07100123002800,Gender - General
Purchase of 1No Photocopying Machine for office use of Admin,1300000.0,1300000.0,0.0,0.0,0.0,0.0,441,0.61193,0.6299,017500100100,Ministry of Inter-Party Affairs and Labour Matters,23010115,PURCHASE OF PHOTOCOPYING MACHINES,70161,GENERAL PUBLIC SERVICES N.E.C.,41110100,ABAKALIKI,07100123002800,Gender - General
Purchase of 2No Destop Computer Sets for office use in Admin and Account,1000000.0,1000000.0,0.0,0.0,0.0,0.0,441,0.63562,0.65359,017500100100,Ministry of Inter-Party Affairs and Labour Matters,23010113,PURCHASE OF COMPUTERS,70161,GENERAL PUBLIC SERVICES N.E.C.,41110100,ABAKALIKI,07100123002800,Gender - General
Purchase of 2No Thermostart Refrigerators for office Use,1250000.0,1250000.0,0.0,0.0,0.0,0.0,441,0.66013,0.6781,017500100100,Ministry of Inter-Party Affairs and Labour Matters,23010139,PURCHASE OF OTHER FIXED ASSETS,70161,GENERAL PUBLIC SERVICES N.E.C.,41110100,ABAKALIKI,07100123002800,Gender - General
Purchase of 1No Laminating Machine for Office use in Admin,500000.0,500000.0,0.0,0.0,0.0,0.0,441,0.68382,0.7018,017500100100,Ministry of Inter-Party Affairs and Labour Matters,23010139,PURCHASE OF OTHER FIXED ASSETS,70161,GENERAL PUBLIC SERVICES N.E.C.,41110100,ABAKALIKI,07100123002800,Gender - General
Purchase of 1No HP Deskjet Printers for office use in Admin,500000.0,500000.0,0.0,0.0,0.0,0.0,441,0.70752,0.72549,017500100100,Ministry of Inter-Party Affairs and Labour Matters,23010114,PURCHASE OF COMPUTER PRINTERS,70161,GENERAL PUBLIC SERVICES N.E.C.,41110100,ABAKALIKI,07100123002800,Gender - General
Procurement of 10nos Motocycle for political Parties,14500000.0,14500000.0,0.0,300000000.0,300000000.0,0.0,441,0.73121,0.74918,017500100100,Ministry of Inter-Party Affairs and Labour Matters,23010104,PURCHASE MOTOR CYCLES,70161,GENERAL PUBLIC SERVICES N.E.C.,41141400,State Wide,07100123002800,Gender - General
Procurement of Biometric Capturing machine for Staff of the Ministry,4500000.0,4500000.0,0.0,0.0,0.0,0.0,441,0.75572,0.77369,017500100100,Ministry of Inter-Party Affairs and Labour Matters,23050101,RESEARCH AND DEVELOPMENT,70161,GENERAL PUBLIC SERVICES N.E.C.,41141400,State Wide,07100123002800,Gender - General
Establishment of Computer Data Base in the office,4450000.0,4450000.0,0.0,0.0,0.0,0.0,441,0.77941,0.79739,017500100100,Ministry of Inter-Party Affairs and Labour Matters,23050102,COMPUTER SOFTWARE ACQUISITION,70161,GENERAL PUBLIC SERVICES N.E.C.,41110100,ABAKALIKI,07100123002800,Gender - General
Coordination of Development Partners and reach out to intending partners (Inter-state & National),0.0,0.0,0.0,0.0,0.0,0.0,441,0.86928,0.88725,017600100100,Ministry of Grants and Donor Agency,23050101,RESEARCH AND DEVELOPMENT,70121,ECONOMIC AID TO DEVELOPING COUNTRIES AND COUNTRIES IN TRANSITION,41141400,State Wide 419,13100123013200,Reform of Government and Governance - General
Research on the impact of investment in Ebonyi Blue Economy and Climate action plans with relevant Agencies and Companies in the l State,0.0,0.0,0.0,10000000.0,10000000.0,0.0,442,0.10948,0.12745,017600100100,Ministry of Grants and Donor Agency,23050101,RESEARCH AND DEVELOPMENT,70121,ECONOMIC AID TO DEVELOPING COUNTRIES AND COUNTRIES IN TRANSITION,41141400,State Wide,13100123013500,Reform of Government and Governance - General
Establishment of 3years plan to reach out to international Donor Agencies/Development partners,30000000.0,30000000.0,0.0,0.0,0.0,0.0,442,0.15114,0.16912,017600100100,Ministry of Grants and Donor Agency,23050101,RESEARCH AND DEVELOPMENT,70121,ECONOMIC AID TO DEVELOPING COUNTRIES AND COUNTRIES IN TRANSITION,41141400,State Wide,13100123013600,Reform of Government and Governance - General
Development of Ebonyi State Grants and Donor Agencies 2024 Annual Operational Plan (AOP).,10000000.0,10000000.0,0.0,0.0,0.0,0.0,442,0.18709,0.20507,017600100100,Ministry of Grants and Donor Agency,23050101,RESEARCH AND DEVELOPMENT,70121,ECONOMIC AID TO DEVELOPING COUNTRIES AND COUNTRIES IN TRANSITION,41141400,State Wide,13100123013600,Reform of Government and Governance - General
Purchase of 1no Photocopying Machine for office of Admin l,750000.0,750000.0,0.0,0.0,0.0,0.0,442,0.29493,0.31291,018000100100,Ministry of Border Peace and Conflict Resolution,23010115,PURCHASE OF PHOTOCOPYING MACHINES,70361,PUBLIC ORDER AND SAFETY N.E.C.,41110100,ABAKALIKI,13100123004400,Reform of Government and Governance - General
Purchase of 1no2no Desktop Computer for office of Admin l,1000000.0,1000000.0,0.0,0.0,0.0,0.0,442,0.33088,0.34886,018000100100,Ministry of Border Peace and Conflict Resolution,23010113,PURCHASE OF COMPUTERS,70361,PUBLIC ORDER AND SAFETY N.E.C.,41110100,ABAKALIKI,13100123004500,Reform of Government and Governance - General
Purchase of 2no Steel Cabinet for office of Accounts and Admin l,500000.0,500000.0,0.0,0.0,0.0,0.0,442,0.36683,0.3848,018000100100,Ministry of Border Peace and Conflict Resolution,23010139,PURCHASE OF OTHER FIXED ASSETS,70361,PUBLIC ORDER AND SAFETY N.E.C.,41110100,ABAKALIKI,13100124009300,Reform of Government and Governance - General
Purchase of 1No.Air Condition Split units for Office of Admin l,1000000.0,1000000.0,0.0,1500000.0,1500000.0,0.0,442,0.40278,0.42075,018000100100,Ministry of Border Peace and Conflict Resolution,23010139,PURCHASE OF OTHER FIXED ASSETS,70361,PUBLIC ORDER AND SAFETY N.E.C.,41110100,ABAKALIKI,13100124009400,Reform of Government and Governance - General
Purchase of 1No Safe for Account Department l,600000.0,600000.0,0.0,600000.0,600000.0,0.0,442,0.43873,0.4567,018000100100,Ministry of Border Peace and Conflict Resolution,23010139,PURCHASE OF OTHER FIXED ASSETS,70361,PUBLIC ORDER AND SAFETY N.E.C.,41110100,ABAKALIKI,13100124009500,Reform of Government and Governance - General
"Purchase of 2no Ceiling fans for offices of the Accountant and Admin @ 150,000 each",200000.0,200000.0,0.0,300000.0,300000.0,0.0,442,0.47467,0.49265,018000100100,Ministry of Border Peace and Conflict Resolution,23010139,PURCHASE OF OTHER FIXED ASSETS,70361,PUBLIC ORDER AND SAFETY N.E.C.,41110100,ABAKALIKI,13100124009600,Reform of Government and Governance - General
"Consultancy Services across 13LGAs,64 Development centers of Ebonyi State & Traditioner Rulers",10000000.0,10000000.0,0.0,0.0,0.0,0.0,442,0.5098,0.52778,018000100100,Ministry of Border Peace and Conflict Resolution,23050101,RESEARCH AND DEVELOPMENT,70361,PUBLIC ORDER AND SAFETY N.E.C.,41141400,State Wide,13100124009700,Reform of Government and Governance - General
Construction of Boundary Pillar/Demarcation of Boundary Between some Communites across the State,80000000.0,80000000.0,0.0,15000000.0,15000000.0,0.0,442,0.54575,0.56373,018000100100,Ministry of Border Peace and Conflict Resolution,23020118,CONSTRUCTION / PROVISION OF INFRASTRUCTURE,70361,PUBLIC ORDER AND SAFETY N.E.C.,41141400,State Wide,13100124009800,Reform of Government and Governance - General
Purchase of Public Address System for the Ministry l,700000.0,700000.0,0.0,1000000.0,1000000.0,0.0,442,0.5817,0.59967,018000100100,Ministry of Border Peace and Conflict Resolution,23010139,PURCHASE OF OTHER FIXED ASSETS,70361,PUBLIC ORDER AND SAFETY N.E.C.,41110100,ABAKALIKI,13100124009900,Reform of Government and Governance - General
"Purchase of 1no Video N-JET sony,1no still Camera Memory,Video light,Camera Stand & Mic",2000000.0,2000000.0,0.0,3000000.0,3000000.0,0.0,442,0.61765,0.63562,018000100100,Ministry of Border Peace and Conflict Resolution,23010139,PURCHASE OF OTHER FIXED ASSETS,70361,PUBLIC ORDER AND SAFETY N.E.C.,41110100,ABAKALIKI,13100124010000,Reform of Government and Governance - General
Purchase of 1 sets of Projector for Public Address During & After Issues,600000.0,600000.0,0.0,2000000.0,2000000.0,0.0,442,0.65359,0.67157,018000100100,Ministry of Border Peace and Conflict Resolution,23010139,PURCHASE OF OTHER FIXED ASSETS,70361,PUBLIC ORDER AND SAFETY N.E.C.,41110100,ABAKALIKI,13100124010100,Reform of Government and Governance - General
Purchase of 1no Motor bike for Dispatch in office l,1000000.0,1000000.0,0.0,2000000.0,2000000.0,0.0,442,0.68954,0.70752,018000100100,Ministry of Border Peace and Conflict Resolution,23010104,PURCHASE MOTOR CYCLES,70361,PUBLIC ORDER AND SAFETY N.E.C.,41110100,ABAKALIKI,13100124010200,Reform of Government and Governance - General
Purchase of 2no Television Decorder l,150000.0,150000.0,0.0,0.0,0.0,0.0,442,0.72549,0.74346,018000100100,Ministry of Border Peace and Conflict Resolution,23010139,PURCHASE OF OTHER FIXED ASSETS,70361,PUBLIC ORDER AND SAFETY N.E.C.,41110100,ABAKALIKI,13100124010300,Reform of Government and Governance - General
Purchase of 100no Plastic chairs for Public sitting During Dialouge l,1000000.0,1000000.0,0.0,1000000.0,1000000.0,0.0,442,0.76144,0.77941,018000100100,Ministry of Border Peace and Conflict Resolution,23010139,PURCHASE OF OTHER FIXED ASSETS,70361,PUBLIC ORDER AND SAFETY N.E.C.,41110100,ABAKALIKI,13100124010400,Reform of Government and Governance - General
Purchase of 1no Generator SPG 300o for office uses l,500000.0,500000.0,0.0,1000000.0,1000000.0,0.0,442,0.79739,0.81536,018000100100,Ministry of Border Peace and Conflict Resolution,23010119,PURCHASE OF POWER GENERATING SET,70361,PUBLIC ORDER AND SAFETY N.E.C.,41110100,ABAKALIKI,13100124010600,Reform of Government and Governance - General
"Construction of Permeter fence of Market Garden, Ohatekwe and development of the garden",50000000.0,50000000.0,0.0,100000000.0,100000000.0,0.0,443,0.10948,0.12745,021500100100,Ministry of Agriculture and Natural Resources,23020101,CONSTRUCTION / PROVISION OF OFFICE BUILDINGS,70421,AGRICULTURE,41110400,EBONYI,01030124000100,Crop value chains and food systems promotion (food and cash crops of state’s comparative advantage)
Empowerment of Ebonyi state farmers with Agro Products,200000000.0,200000000.0,0.0,17100000000.0,17100000000.0,0.0,443,0.15114,0.16912,021500100100,Ministry of Agriculture and Natural Resources,23050101,RESEARCH AND DEVELOPMENT,70421,AGRICULTURE,41141400,State Wide,01030324000800,"Farm inputs supply and service delivery system (improved seeds, fertilizer, agro-chemicals etc.)"
"Purchase of new HP tractors with implements, plough, harrowplanters, boom sprayer and 7.5-15HP power tiller/smart tractor, irrigation equipment and postharvest equipment.",0.0,0.0,0.0,0.0,0.0,0.0,443,0.19363,0.2116,021500100100,Ministry of Agriculture and Natural Resources,23010127,PURCHASE OF AGRICULTURAL EQUIPMENT,70421,AGRICULTURE,41141400,State Wide,01030124000200,Crop value chains and food systems promotion (food and cash crops of state’s comparative advantage)
Rehabilitation of Zonal Veterinary clinic at Onueke and Afikpo North,100000000.0,100000000.0,0.0,0.0,0.0,0.0,443,0.24101,0.25899,021500100100,Ministry of Agriculture and Natural Resources,23030112,REHABILITATION / REPAIRS - AGRICICULTURAL FACILITIES,70421,AGRICULTURE,41141400,State Wide,01030124000300,Crop value chains and food systems promotion (food and cash crops of state’s comparative advantage)
Purchase of 2nos photocopying machines for Hon. Comm and PS,0.0,0.0,0.0,5000000.0,5000000.0,0.0,443,0.28922,0.30719,021500100100,Ministry of Agriculture and Natural Resources,23010115,PURCHASE OF PHOTOCOPYING MACHINES,70421,AGRICULTURE,41110100,ABAKALIKI,01030124000500,Crop value chains and food systems promotion (food and cash crops of state’s comparative advantage)
"Procurement of agro inputs 13,000 rural farmers",50000000.0,50000000.0,0.0,350000000.0,350000000.0,0.0,443,0.3366,0.35458,021500100100,Ministry of Agriculture and Natural Resources,23010127,PURCHASE OF AGRICULTURAL EQUIPMENT,70421,AGRICULTURE,41141400,State Wide,01030124000600,Crop value chains and food systems promotion (food and cash crops of state’s comparative advantage)
"Purchase of vertinary Equipments for Vet. Clinic Onueke, Ezza South LGA",30000000.0,30000000.0,0.0,30000000.0,30000000.0,0.0,443,0.37255,0.39052,021500100100,Ministry of Agriculture and Natural Resources,23010127,PURCHASE OF AGRICULTURAL EQUIPMENT,70421,AGRICULTURE,41120600,EZZA SOUTH,01020524000100,Animal health and livestock diseases management
Purchase of vet. Clinical and surgical equipment in Abakaliki vet. Clinic,30000000.0,30000000.0,0.0,30000000.0,30000000.0,0.0,443,0.39624,0.41422,021500100100,Ministry of Agriculture and Natural Resources,23010122,PURCHASE OF HEALTH / MEDICAL EQUIPMENT,70421,AGRICULTURE,41110100,ABAKALIKI,01020524000200,Animal health and livestock diseases management
Construction of state fish farm at the three senatorial zone,50000000.0,50000000.0,0.0,0.0,0.0,0.0,443,0.42075,0.43873,021500100100,Ministry of Agriculture and Natural Resources,23020113,CONSTRUCTION / PROVISION OF AGRICULTURAL FACILITIES,70421,AGRICULTURE,41141400,State Wide,01050324000100,Fish processing and post-harvest management
Rehabilitation of pig multiplication units at Ezzangbo and Afikpo,20000000.0,20000000.0,0.0,20000000.0,20000000.0,0.0,443,0.44444,0.46242,021500100100,Ministry of Agriculture and Natural Resources,23030112,REHABILITATION / REPAIRS - AGRICICULTURAL FACILITIES,70421,AGRICULTURE,41141400,State Wide,01020324000200,"Poultry, pig, and micro livestock production"
Rehabilitation of veterinary school and VIC at Ezzangbo,20000000.0,20000000.0,0.0,10000000.0,10000000.0,0.0,443,0.46814,0.48611,021500100100,Ministry of Agriculture and Natural Resources,23030112,REHABILITATION / REPAIRS - AGRICICULTURAL FACILITIES,70421,AGRICULTURE,41111200,OHAUKWU,01020524000300,Animal health and livestock diseases management
Establishment of diary farm,100000000.0,100000000.0,0.0,100000000.0,100000000.0,0.0,443,0.49265,0.51062,021500100100,Ministry of Agriculture and Natural Resources,23020113,CONSTRUCTION / PROVISION OF AGRICULTURAL FACILITIES,70421,AGRICULTURE,41110100,ABAKALIKI,01020424000100,Dairy development
"Establishment of 3 market garden in the 3 senatorial zones. Viz Afikpo, Ezza South and Ohaukwu",0.0,0.0,0.0,30000000.0,30000000.0,0.0,443,0.52206,0.54003,021500100100,Ministry of Agriculture and Natural Resources,23020113,CONSTRUCTION / PROVISION OF AGRICULTURAL FACILITIES,70421,AGRICULTURE,41141400,State Wide,01020624000100,Livestock feeds development
Procurement of vet. Documents s,2000000.0,2000000.0,0.0,10000000.0,10000000.0,0.0,443,0.56373,0.5817,021500100100,Ministry of Agriculture and Natural Resources,23010127,PURCHASE OF AGRICULTURAL EQUIPMENT,70421,AGRICULTURE,41110100,ABAKALIKI,01010124000500,"Legal, policy, regulations and standards, guidelines and protocols development and reviews"
Construction of irrigation facilities at Ndieruphu Dam site Iboko,10000000.0,10000000.0,0.0,10000000.0,10000000.0,0.0,443,0.60621,0.62418,021500100100,Ministry of Agriculture and Natural Resources,23020113,CONSTRUCTION / PROVISION OF AGRICULTURAL FACILITIES,70421,AGRICULTURE,41111000,IZZI,01030224000100,"Intensive crop and vegetable production (irrigation, crop diversification etc.)"
"Rehabiliation of Item Amegu irrigation Site (2,500hectares)",10000000.0,10000000.0,0.0,10000000.0,10000000.0,0.0,443,0.64134,0.65931,021500100100,Ministry of Agriculture and Natural Resources,23030112,REHABILITATION / REPAIRS - AGRICICULTURAL FACILITIES,70421,AGRICULTURE,41120700,IKWO,01030224000200,"Intensive crop and vegetable production (irrigation, crop diversification etc.)"
Construction of irrigation facilities at Ivo dam site (2000 hectares)and other locations,10000000.0,10000000.0,0.0,10000000.0,10000000.0,0.0,443,0.67729,0.69526,021500100100,Ministry of Agriculture and Natural Resources,23020113,CONSTRUCTION / PROVISION OF AGRICULTURAL FACILITIES,70421,AGRICULTURE,41130900,IVO,01030224000300,"Intensive crop and vegetable production (irrigation, crop diversification etc.)"
Rehabilitation of Eziulo Farm irrigation Scheme (500 hectares),10000000.0,10000000.0,0.0,10000000.0,10000000.0,0.0,443,0.71324,0.73121,021500100100,Ministry of Agriculture and Natural Resources,23030112,REHABILITATION / REPAIRS - AGRICICULTURAL FACILITIES,70421,AGRICULTURE,41120800,ISHIELU,01030224000400,"Intensive crop and vegetable production (irrigation, crop diversification etc.)"
Establishment of School Farming Programmes for public and private schools in the State,2000000.0,2000000.0,0.0,70000000.0,70000000.0,0.0,443,0.74346,0.76144,021500100100,Ministry of Agriculture and Natural Resources,23050101,RESEARCH AND DEVELOPMENT,70421,AGRICULTURE,41141400,State Wide,01010224000200,Agriculture sector coordination mechanisms
Purchase of 1no generating set for office use,0.0,0.0,0.0,0.0,0.0,0.0,443,0.76716,0.78513,021500100100,Ministry of Agriculture and Natural Resources,23010119,PURCHASE OF POWER GENERATING SET,70421,AGRICULTURE,41110100,ABAKALIKI,01010224000300,Agriculture sector coordination mechanisms
Soil Nutrient Survey Analysis,0.0,0.0,0.0,10000000.0,10000000.0,0.0,443,0.79739,0.81536,021500100100,Ministry of Agriculture and Natural Resources,23050101,RESEARCH AND DEVELOPMENT,70421,AGRICULTURE,41141400,State Wide,01070424000100,"Adaptive research, unified and all-inclusive extension services delivery"
Rehabilitation of Rice mills across the state,50000000.0,50000000.0,0.0,50000000.0,50000000.0,0.0,443,0.83905,0.85703,021500100100,Ministry of Agriculture and Natural Resources,23030112,REHABILITATION / REPAIRS - AGRICICULTURAL FACILITIES,70421,AGRICULTURE,41141400,State Wide 421,01030124000700,Crop value chains and food systems promotion (food and cash crops of state’s comparative advantage)
IFAD/VCDP Counterpart fund/ other partnership contribution,100000000.0,100000000.0,0.0,100000000.0,100000000.0,0.0,444,0.10948,0.12745,021500100100,Ministry of Agriculture and Natural Resources,23050101,RESEARCH AND DEVELOPMENT,70421,AGRICULTURE,41141400,State Wide,01030124000800,Crop value chains and food systems promotion (food and cash crops of state’s comparative advantage)
Construction of Agric Road in the State (IFAD),1500000000.0,1500000000.0,0.0,400000000.0,400000000.0,0.0,444,0.15114,0.16912,021500100100,Ministry of Agriculture and Natural Resources,23020114,CONSTRUCTION / PROVISION OF ROADS,70421,AGRICULTURE,41141400,State Wide,01030324000900,"Farm inputs supply and service delivery system (improved seeds, fertilizer, agro-chemicals etc.)"
Procurement of equipment for production of casava starch & flour,100000000.0,100000000.0,0.0,50000000.0,50000000.0,0.0,444,0.18709,0.20507,021500100100,Ministry of Agriculture and Natural Resources,23010127,PURCHASE OF AGRICULTURAL EQUIPMENT,70421,AGRICULTURE,41111200,OHAUKWU,01030324001000,"Farm inputs supply and service delivery system (improved seeds, fertilizer, agro-chemicals etc.)"
"Procurement of agro inputs such as fertilizer, improved rice seeds, maize etc",100000000.0,100000000.0,1500000.0,20000000.0,20000000.0,0.0,444,0.22304,0.24101,021500100100,Ministry of Agriculture and Natural Resources,23010127,PURCHASE OF AGRICULTURAL EQUIPMENT,70421,AGRICULTURE,41141400,State Wide,01030324001100,"Farm inputs supply and service delivery system (improved seeds, fertilizer, agro-chemicals etc.)"
Empowerment for Women in Agriculture In the State,50000000.0,50000000.0,20000000.0,40000000.0,40000000.0,0.0,444,0.26471,0.28268,021500100100,Ministry of Agriculture and Natural Resources,23050101,RESEARCH AND DEVELOPMENT,70421,AGRICULTURE,41141400,State Wide,01070224000100,Youth and women In agriculture empowerment & smallholder agricultural credit strengthening
Research on Climate resilient Sustainability Agriculture CRSA/ Agric Ecology,20000000.0,20000000.0,0.0,10000000.0,10000000.0,0.0,444,0.31291,0.33088,021500100100,Ministry of Agriculture and Natural Resources,23050101,RESEARCH AND DEVELOPMENT,70421,AGRICULTURE,41141400,State Wide,01030124000900,Crop value chains and food systems promotion (food and cash crops of state’s comparative advantage)
Procurement of Agriculture mechanization (Appropriate Labour Saving Technology),20000000.0,20000000.0,0.0,10000000.0,10000000.0,0.0,444,0.36111,0.37908,021500100100,Ministry of Agriculture and Natural Resources,23050101,RESEARCH AND DEVELOPMENT,70421,AGRICULTURE,41141400,State Wide,01030124001000,Crop value chains and food systems promotion (food and cash crops of state’s comparative advantage)
Rehabilitation of Nkaliki Hatchery,200000000.0,200000000.0,2172000.0,50000000.0,50000000.0,0.0,444,0.39624,0.41422,021500100100,Ministry of Agriculture and Natural Resources,23030112,REHABILITATION / REPAIRS - AGRICICULTURAL FACILITIES,70421,AGRICULTURE,41110100,ABAKALIKI,01020324000300,"Poultry, pig, and micro livestock production"
L-PRES Livestock Productivity and Resilence Support Project Counterpart,201000000.0,201000000.0,0.0,100000000.0,100000000.0,0.0,444,0.42075,0.43873,021500100100,Ministry of Agriculture and Natural Resources,23050101,RESEARCH AND DEVELOPMENT,70421,AGRICULTURE,41141400,State Wide,01020624000200,Livestock feeds development
Procurement of Miracle oil palm seedlings and other plant seedlings,50000000.0,50000000.0,0.0,20000000.0,20000000.0,0.0,444,0.45016,0.46814,021500100100,Ministry of Agriculture and Natural Resources,23010127,PURCHASE OF AGRICULTURAL EQUIPMENT,70421,AGRICULTURE,41141400,State Wide,01030224000500,"Intensive crop and vegetable production (irrigation, crop diversification etc.)"
"Procurement of office 3no tables and 5nos chairs for department of PRS, Livestock and fishery and food and Nutrition",10000000.0,10000000.0,0.0,10000000.0,10000000.0,0.0,444,0.48611,0.50408,021500100100,Ministry of Agriculture and Natural Resources,23010112,PURCHASE OF OFFICE FURNITURE AND FITTINGS,70421,AGRICULTURE,41110100,ABAKALIKI,01030224000600,"Intensive crop and vegetable production (irrigation, crop diversification etc.)"
Development of improved rice /other seedlings and cassava improved variety,100000000.0,100000000.0,0.0,50000000.0,50000000.0,0.0,444,0.52859,0.54657,021500100100,Ministry of Agriculture and Natural Resources,23050101,RESEARCH AND DEVELOPMENT,70421,AGRICULTURE,41141400,State Wide,01030124001100,Crop value chains and food systems promotion (food and cash crops of state’s comparative advantage)
r Purchase of Land Development equipment,0.0,0.0,0.0,50000000.0,50000000.0,0.0,444,0.57026,0.58824,021500100100,Ministry of Agriculture and Natural Resources,23010127,PURCHASE OF AGRICULTURAL EQUIPMENT,70421,AGRICULTURE,41141400,State Wide,01070624000100,Capacity building for stakeholders and professional human resources development
"Rehabilitation, modernization and upgrading of palm oil mill at Owutu Edda",50000000.0,50000000.0,0.0,30000000.0,30000000.0,0.0,444,0.61193,0.6299,021500100100,Ministry of Agriculture and Natural Resources,23030112,REHABILITATION / REPAIRS - AGRICICULTURAL FACILITIES,70421,AGRICULTURE,41130300,AFIKPO SOUTH EDDA,01030124001200,Crop value chains and food systems promotion (food and cash crops of state’s comparative advantage)
Purchase of 10nos Agricultural mobile pest control equipment,10000000.0,10000000.0,0.0,10000000.0,10000000.0,0.0,444,0.66013,0.6781,021500100100,Ministry of Agriculture and Natural Resources,23010127,PURCHASE OF AGRICULTURAL EQUIPMENT,70421,AGRICULTURE,41141400,State Wide,01030124001300,Crop value chains and food systems promotion (food and cash crops of state’s comparative advantage)
Construction of veterinary hospital and standard diagnostic at Abakaliki headquarther,100000000.0,100000000.0,0.0,50000000.0,50000000.0,0.0,444,0.7018,0.71977,021500100100,Ministry of Agriculture and Natural Resources,23020113,CONSTRUCTION / PROVISION OF AGRICULTURAL FACILITIES,70421,AGRICULTURE,41110100,ABAKALIKI,01030324001200,"Farm inputs supply and service delivery system (improved seeds, fertilizer, agro-chemicals etc.)"
Construction of 1no office building and 1no warehouse at Eziulo,0.0,0.0,0.0,30000000.0,30000000.0,0.0,444,0.74346,0.76144,021500100100,Ministry of Agriculture and Natural Resources,23020113,CONSTRUCTION / PROVISION OF AGRICULTURAL FACILITIES,70421,AGRICULTURE,41120800,ISHIELU,01030124001400,Crop value chains and food systems promotion (food and cash crops of state’s comparative advantage)
Construction of demostration farm for mobilizing farm for mobilizing farmers to adopt plant nutritional biofortified crops in the three senatorial zones,100000000.0,100000000.0,0.0,10000000.0,10000000.0,0.0,444,0.79167,0.80964,021500100100,Ministry of Agriculture and Natural Resources,23020113,CONSTRUCTION / PROVISION OF AGRICULTURAL FACILITIES,70421,AGRICULTURE,41110100,ABAKALIKI,01030124001500,Crop value chains and food systems promotion (food and cash crops of state’s comparative advantage)
Purchase of public address system for enlightenment on need of balance diet for women and children in the three senatorial zones including still camera and camcorder,10000000.0,10000000.0,0.0,10000000.0,10000000.0,0.0,444,0.83905,0.85703,021500100100,Ministry of Agriculture and Natural Resources,23010139,PURCHASE OF OTHER FIXED ASSETS,70421,AGRICULTURE,41141400,State Wide 422,01030124001600,Crop value chains and food systems promotion (food and cash crops of state’s comparative advantage)
Construction of shed for protection of equipment,10000000.0,10000000.0,0.0,10000000.0,10000000.0,0.0,445,0.10948,0.12745,021500100100,Ministry of Agriculture and Natural Resources,23020113,CONSTRUCTION / PROVISION OF AGRICULTURAL FACILITIES,70421,AGRICULTURE,41110100,ABAKALIKI,01030124001700,Crop value chains and food systems promotion (food and cash crops of state’s comparative advantage)
Construction of cassava processing plant at Ugwulangwu,30000000.0,30000000.0,0.0,20000000.0,20000000.0,0.0,445,0.15114,0.16912,021500100100,Ministry of Agriculture and Natural Resources,23020113,CONSTRUCTION / PROVISION OF AGRICULTURAL FACILITIES,70421,AGRICULTURE,41131100,OHAOZARA,01030324001300,"Farm inputs supply and service delivery system (improved seeds, fertilizer, agro-chemicals etc.)"
Construction of Pig multiplication unit in 11 L.G.A,0.0,0.0,0.0,30000000.0,30000000.0,0.0,445,0.18709,0.20507,021500100100,Ministry of Agriculture and Natural Resources,23020113,CONSTRUCTION / PROVISION OF AGRICULTURAL FACILITIES,70421,AGRICULTURE,41141400,State Wide,01030324001400,"Farm inputs supply and service delivery system (improved seeds, fertilizer, agro-chemicals etc.)"
Contruction of dam for irrigation - Project on community charter demand (CCD),160000000.0,160000000.0,0.0,100000000.0,100000000.0,0.0,445,0.21732,0.23529,021500100100,Ministry of Agriculture and Natural Resources,23020113,CONSTRUCTION / PROVISION OF AGRICULTURAL FACILITIES,70421,AGRICULTURE,41141400,State Wide,01020324000400,"Poultry, pig, and micro livestock production"
Establishment of fish farming on extraction of fish oil and other livestock for export,30000000.0,30000000.0,0.0,10000000.0,10000000.0,0.0,445,0.25327,0.27124,021500100100,Ministry of Agriculture and Natural Resources,23050101,RESEARCH AND DEVELOPMENT,70421,AGRICULTURE,41141400,State Wide,01030124001800,Crop value chains and food systems promotion (food and cash crops of state’s comparative advantage)
Construction of silos in three senatorial zones,27530000.0,27530000.0,0.0,30000000.0,30000000.0,0.0,445,0.28922,0.30719,021500100100,Ministry of Agriculture and Natural Resources,23020113,CONSTRUCTION / PROVISION OF AGRICULTURAL FACILITIES,70421,AGRICULTURE,41141400,State Wide,01050324000200,Fish processing and post-harvest management
Implementation of RAAMP Programme,0.0,0.0,0.0,0.0,0.0,0.0,445,0.31863,0.3366,021500100100,Ministry of Agriculture and Natural Resources,23050101,RESEARCH AND DEVELOPMENT,70421,AGRICULTURE,41141400,State Wide,01030324001500,"Farm inputs supply and service delivery system (improved seeds, fertilizer, agro-chemicals etc.)"
Launching /flag off of 2024 farming season in Ebonyi state,20000000.0,20000000.0,0.0,20000000.0,20000000.0,0.0,445,0.34886,0.36683,021500100100,Ministry of Agriculture and Natural Resources,23050101,RESEARCH AND DEVELOPMENT,70421,AGRICULTURE,41141400,State Wide,01020324000500,"Poultry, pig, and micro livestock production"
Construction 1no Health facility in Ezza South,10000000.0,10000000.0,0.0,10000000.0,10000000.0,0.0,445,0.37827,0.39624,021500100100,Ministry of Agriculture and Natural Resources,23020106,CONSTRUCTION / PROVISION OF HOSPITALS / HEALTH CENTRES,70421,AGRICULTURE,41141400,State Wide,01030324001600,"Farm inputs supply and service delivery system (improved seeds, fertilizer, agro-chemicals etc.)"
0,500000000.0,500000000.0,0.0,0.0,0.0,0.0,445,0.4085,0.42647,021500100100,Ministry of Agriculture and Natural Resources,23020113,CONSTRUCTION / PROVISION OF AGRICULTURAL FACILITIES,70421,AGRICULTURE,41110100,ABAKALIKI,01020524000400,Animal health and livestock diseases management
"Annual stakeholders consultative meeting on the agriculture budget, and quarterly stakeholders review meeting",5000000.0,5000000.0,0.0,5000000.0,5000000.0,0.0,445,0.43873,0.4567,021500100100,Ministry of Agriculture and Natural Resources,23050101,", 23050101 - RESEARCH AND DEVELOPMENT",70421,AGRICULTURE,41141400,State Wide,01020524000500,Animal health and livestock diseases management
Agricultural empowement for youths and women,50000000.0,50000000.0,45000000.0,0.0,0.0,0.0,445,0.48039,0.49837,021500100100,Ministry of Agriculture and Natural Resources,23050101,RESEARCH AND DEVELOPMENT,70421,AGRICULTURE,41141400,State Wide,01030124001900,Crop value chains and food systems promotion (food and cash crops of state’s comparative advantage)
Establishment of food bank in the state,10000000.0,10000000.0,0.0,10000000.0,10000000.0,0.0,445,0.52859,0.54657,021500100100,Ministry of Agriculture and Natural Resources,23020113,CONSTRUCTION / PROVISION OF AGRICULTURAL FACILITIES,70421,AGRICULTURE,41110100,ABAKALIKI,01070224000200,Youth and women In agriculture empowerment & smallholder agricultural credit strengthening
Procurement of 20nos Personal Protective equipment,30000000.0,30000000.0,0.0,20000000.0,20000000.0,0.0,445,0.57598,0.59395,021500100100,Ministry of Agriculture and Natural Resources,23010139,PURCHASE OF OTHER FIXED ASSETS,70421,AGRICULTURE,41141400,State Wide,01030124002000,Crop value chains and food systems promotion (food and cash crops of state’s comparative advantage)
Rehabilitation of Oshiri cattle ranch,100000000.0,100000000.0,0.0,20000000.0,20000000.0,0.0,445,0.62418,0.64216,021500100100,Ministry of Agriculture and Natural Resources,23030112,REHABILITATION / REPAIRS - AGRICICULTURAL FACILITIES,70421,AGRICULTURE,41131300,ONICHA,01030124002100,Crop value chains and food systems promotion (food and cash crops of state’s comparative advantage)
Establishment of MANR Green House,20000000.0,20000000.0,0.0,100000000.0,100000000.0,0.0,445,0.66013,0.6781,021500100100,Ministry of Agriculture and Natural Resources,23020113,CONSTRUCTION / PROVISION OF AGRICULTURAL FACILITIES,70421,AGRICULTURE,41110100,ABAKALIKI,01020424000200,Dairy development
Establishment of mushroom farm at MANR,20000000.0,20000000.0,0.0,20000000.0,20000000.0,0.0,445,0.69526,0.71324,021500100100,Ministry of Agriculture and Natural Resources,23020113,CONSTRUCTION / PROVISION OF AGRICULTURAL FACILITIES,70421,AGRICULTURE,41110100,ABAKALIKI,01030124002200,Crop value chains and food systems promotion (food and cash crops of state’s comparative advantage)
Conversion of the dam at the Centenary city to fish and floating rice farm,20000000.0,20000000.0,0.0,20000000.0,20000000.0,0.0,445,0.74346,0.76144,021500100100,Ministry of Agriculture and Natural Resources,23020113,CONSTRUCTION / PROVISION OF AGRICULTURAL FACILITIES,70421,AGRICULTURE,41110100,ABAKALIKI,01030124002300,Crop value chains and food systems promotion (food and cash crops of state’s comparative advantage)
Establishment of Hydrophonic farm (Soiless farm),50000000.0,50000000.0,0.0,50000000.0,50000000.0,0.0,445,0.79167,0.80964,021500100100,Ministry of Agriculture and Natural Resources,23020113,CONSTRUCTION / PROVISION OF AGRICULTURAL FACILITIES,70421,AGRICULTURE,41110100,ABAKALIKI,01030124002400,Crop value chains and food systems promotion (food and cash crops of state’s comparative advantage)
Procurement of 20 No motorcycle for farm managers,16000000.0,16000000.0,0.0,20000000.0,20000000.0,0.0,445,0.83905,0.85703,021500100100,Ministry of Agriculture and Natural Resources,23010104,PURCHASE MOTOR CYCLES,70421,AGRICULTURE,41141400,State Wide 423,01030124002500,Crop value chains and food systems promotion (food and cash crops of state’s comparative advantage)
"Procurement of 15,000 chikens and 20,400 broilers for table egg production",0.0,0.0,0.0,50000000.0,50000000.0,0.0,446,0.10948,0.12745,021500100100,Ministry of Agriculture and Natural Resources,23010127,PURCHASE OF AGRICULTURAL EQUIPMENT,70421,AGRICULTURE,41141400,State Wide,01030124002600,Crop value chains and food systems promotion (food and cash crops of state’s comparative advantage)
"Procurement Farm implements for Crop Production on Beans, Soyabeans and onions",0.0,0.0,0.0,100000000.0,100000000.0,0.0,446,0.15768,0.17565,021500100100,Ministry of Agriculture and Natural Resources,23010127,PURCHASE OF AGRICULTURAL EQUIPMENT,70421,AGRICULTURE,41141400,State Wide,01030124002800,Crop value chains and food systems promotion (food and cash crops of state’s comparative advantage)
Construction of Modern feed Mill,0.0,0.0,0.0,1000000000.0,1000000000.0,0.0,446,0.19363,0.2116,021500100100,Ministry of Agriculture and Natural Resources,23020113,CONSTRUCTION / PROVISION OF AGRICULTURAL FACILITIES,70421,AGRICULTURE,41141400,State Wide,01020524000500,Animal health and livestock diseases management
"Renovation of Ebonyi State Poultry Farm, dilapidated Staff Office Buildings",0.0,0.0,0.0,9000000.0,9000000.0,0.0,446,0.22958,0.24755,021500100100,Ministry of Agriculture and Natural Resources,23030112,REHABILITATION / REPAIRS - AGRICICULTURAL FACILITIES,70421,AGRICULTURE,41110100,ABAKALIKI,01030124001900,Crop value chains and food systems promotion (food and cash crops of state’s comparative advantage)
Installation of 16No. ECCTV Camera in the pens and the premises of the Poultry Farm,0.0,0.0,0.0,5000000.0,5000000.0,0.0,446,0.27696,0.29493,021500100100,Ministry of Agriculture and Natural Resources,23010128,PURCHASE OF SECURITY EQUIPMENT,70421,AGRICULTURE,41110100,ABAKALIKI,01070224000200,Youth and women In agriculture empowerment & smallholder agricultural credit strengthening
Purchase of 1No. Shuttle bus for carrying eggs and birds from the pen to the store,0.0,0.0,0.0,3500000.0,3500000.0,0.0,446,0.32516,0.34314,021500100100,Ministry of Agriculture and Natural Resources,23010108,n 23010108 - PURCHASE OF BUSES,70421,AGRICULTURE,41110100,ABAKALIKI,01030124002000,Crop value chains and food systems promotion (food and cash crops of state’s comparative advantage)
PURCHASE OF Twenty (20) Agricultural Trucks for the Ministry of Agriculture and Natural Resources.,0.0,2400000000.0,0.0,0.0,0.0,0.0,446,0.37255,0.39052,021500100100,Ministry of Agriculture and Natural Resources,23010127,PURCHASE OF AGRICULTURAL EQUIPMENT,70421,AGRICULTURE,41110100,ABAKALIKI,01030124002100,Crop value chains and food systems promotion (food and cash crops of state’s comparative advantage)
"Establishment of Smart Agriculture (Sack farming) Yam, Vegetables",0.0,0.0,0.0,10000000.0,10000000.0,0.0,446,0.48039,0.49837,021510200100,Ebonyi State Agric. Dev. Programme,23010101,PURCHASE / ACQUISITION OF LAND,70421,AGRICULTURE,41141400,State Wide,,"aquaculture development (fish production, feed mills development, fishing inputs etc.)"
Establishment of 6 hectares of certified rice seed farm (1 hectares per zone & 3 for headquarters),10000000.0,10000000.0,0.0,10000000.0,10000000.0,0.0,446,0.52206,0.54003,021510200100,Ebonyi State Agric. Dev. Programme,23010101,r 23010101 - PURCHASE / ACQUISITION OF LAND,70421,AGRICULTURE,41141400,State Wide,01030324000100,"Farm inputs supply and service delivery system (improved seeds, fertilizer, agro-chemicals etc.)"
Establishment of 6 hectares of improved cassava seed farm( 1 hectares per zone & 3 for headquarters),0.0,0.0,0.0,10000000.0,10000000.0,0.0,446,0.55801,0.57598,021510200100,Ebonyi State Agric. Dev. Programme,23010101,PURCHASE / ACQUISITION OF LAND,70421,AGRICULTURE,41141400,State Wide,01030324000200,"Farm inputs supply and service delivery system (improved seeds, fertilizer, agro-chemicals etc.)"
Rehabilitation/ Repair of EBADEP Hqr Office building and South / central Zonal office buildings (2No),0.0,0.0,0.0,10000000.0,10000000.0,0.0,446,0.59967,0.61765,021510200100,Ebonyi State Agric. Dev. Programme,23030121,REHABILITATION / REPAIRS OF OFFICE BUILDINGS,70421,AGRICULTURE,41110100,ABAKALIKI,01070124000100,"Integrated rural development (agricultural land development, farm mechanization, & rural infrastructures"
Counterpart fund for Japan inter cooperation agency vegatable project,0.0,0.0,0.0,10000000.0,10000000.0,0.0,446,0.63562,0.65359,021510200100,Ebonyi State Agric. Dev. Programme,23050101,RESEARCH AND DEVELOPMENT,70421,AGRICULTURE,41141400,State Wide,01010224000100,Agriculture sector coordination mechanisms
Survey and Design of 578 hectares at Oshiri Cattle Ranch,5000000.0,5000000.0,0.0,1000000.0,1000000.0,0.0,446,0.74346,0.76144,021510300100,Ebonyi State Agricultural Land Dev. Authority Board,23050101,RESEARCH AND DEVELOPMENT,70421,AGRICULTURE,41131300,ONICHA,,"development (agricultural land development, farm mechanization, & rural infrastructures"
Construction of 1 No Industrial borehole at Oshiri for all year farming,3000000.0,3000000.0,0.0,3000000.0,3000000.0,0.0,446,0.79167,0.80964,021510300100,Ebonyi State Agricultural Land Dev. Authority Board,23020105,CONSTRUCTION / PROVISION OF WATER FACILITIES,70421,AGRICULTURE,41131300,ONICHA,01070123000200,"Integrated rural development (agricultural land development, farm mechanization, & rural infrastructures"
Survey and Design of 82 hecters of Land Amagu Enyim Ndieze,2000000.0,2000000.0,0.0,1000000.0,1000000.0,0.0,446,0.83905,0.85703,021510300100,Ebonyi State Agricultural Land Dev. Authority Board,23050101,RESEARCH AND DEVELOPMENT,70421,AGRICULTURE,41120700,IKWO 424,01070123000300,"Integrated rural development (agricultural land development, farm mechanization, & rural infrastructures"
Survey and Design of Nwobashi Ndieze farm land (58 hecters),2000000.0,2000000.0,0.0,1000000.0,1000000.0,0.0,447,0.10948,0.12745,021510300100,Ebonyi State Agricultural Land Dev. Authority Board,23050101,RESEARCH AND DEVELOPMENT,70421,AGRICULTURE,41111000,IZZI,01070123000400,"Integrated rural development (agricultural land development, farm mechanization, & rural infrastructures"
"Survey and Design of igboro Farmland,Oso/ Akaeze (1,200 heacters)",3000000.0,3000000.0,0.0,1000000.0,1000000.0,0.0,447,0.15768,0.17565,021510300100,Ebonyi State Agricultural Land Dev. Authority Board,23050101,RESEARCH AND DEVELOPMENT,70421,AGRICULTURE,41130900,IVO,01070123000500,"Integrated rural development (agricultural land development, farm mechanization, & rural infrastructures"
construction of 1 No Industrial borehole,3000000.0,3000000.0,0.0,2000000.0,2000000.0,0.0,447,0.20507,0.22304,021510300100,Ebonyi State Agricultural Land Dev. Authority Board,23020105,CONSTRUCTION / PROVISION OF WATER FACILITIES,70421,AGRICULTURE,41110100,ABAKALIKI,01070123000600,"Integrated rural development (agricultural land development, farm mechanization, & rural infrastructures"
Survey and Design of Ezillo Farm land (433 hecters),4000000.0,4000000.0,0.0,1000000.0,1000000.0,0.0,447,0.25327,0.27124,021510300100,Ebonyi State Agricultural Land Dev. Authority Board,23050101,RESEARCH AND DEVELOPMENT,70421,AGRICULTURE,41120800,ISHIELU,01070123000700,"Integrated rural development (agricultural land development, farm mechanization, & rural infrastructures"
"Constuction of 3 no Borehole at Ezillo,farm",9000000.0,9000000.0,0.0,2000000.0,2000000.0,0.0,447,0.30065,0.31863,021510300100,Ebonyi State Agricultural Land Dev. Authority Board,23020105,CONSTRUCTION / PROVISION OF WATER FACILITIES,70421,AGRICULTURE,41120800,ISHIELU,01070123000800,"Integrated rural development (agricultural land development, farm mechanization, & rural infrastructures"
Survey and Design of Ikelegwu/ndiogwu/ihie Farm land izzi,2000000.0,2000000.0,0.0,3000000.0,3000000.0,0.0,447,0.34886,0.36683,021510300100,Ebonyi State Agricultural Land Dev. Authority Board,23050101,RESEARCH AND DEVELOPMENT,70421,AGRICULTURE,41111000,IZZI,01070123000900,"Integrated rural development (agricultural land development, farm mechanization, & rural infrastructures"
Survey and Design of ndirufu Farm land izzi,2000000.0,2000000.0,0.0,3000000.0,3000000.0,0.0,447,0.39624,0.41422,021510300100,Ebonyi State Agricultural Land Dev. Authority Board,23050101,RESEARCH AND DEVELOPMENT,70421,AGRICULTURE,41111000,IZZI,01070125000100,"Integrated rural development (agricultural land development, farm mechanization, & rural infrastructures"
Construction of 3 no borehole at Ikwo Farm Land,0.0,0.0,0.0,9000000.0,9000000.0,0.0,447,0.44444,0.46242,021510300100,Ebonyi State Agricultural Land Dev. Authority Board,23020105,CONSTRUCTION / PROVISION OF WATER FACILITIES,70421,AGRICULTURE,41120700,IKWO,01070125000200,"Integrated rural development (agricultural land development, farm mechanization, & rural infrastructures"
Procurement of 7no Motor-Cycle for Farm Development in the State,15000000.0,15000000.0,0.0,14000000.0,14000000.0,0.0,447,0.48039,0.49837,021510300100,Ebonyi State Agricultural Land Dev. Authority Board,23010104,PURCHASE MOTOR CYCLES,70421,AGRICULTURE,41110100,ABAKALIKI,01100125000100,Agriculture Programme Not Elsewhere Classified
"NG – CARE RA2, DLI 2.4 Upgrading Wet Markets to function safely.",500000000.0,500000000.0,0.0,300000000.0,300000000.0,0.0,447,0.56373,0.5817,021510200200,FADAMA,23020114,CONSTRUCTION / PROVISION OF ROADS,70421,AGRICULTURE,41141400,State Wide,07100123002800,Gender - General
"Procurement of Agricultural Inputs (fertilizer, Improved rice seedlings, Cassava cuttings e.t.c).",300000000.0,300000000.0,0.0,0.0,0.0,0.0,447,0.59395,0.61193,021510200200,FADAMA,23010127,PURCHASE OF AGRICULTURAL EQUIPMENT,70421,AGRICULTURE,41141400,State Wide,01040324000100,Market linkage
"Procurement of Food Processing machines (Rice threshers, rice milling machine, Cassava grating machine .",0.0,0.0,0.0,1200000000.0,1200000000.0,0.0,447,0.6299,0.64788,021510200200,FADAMA,23010127,PURCHASE OF AGRICULTURAL EQUIPMENT,70421,AGRICULTURE,41141400,State Wide,01030324001700,"Farm inputs supply and service delivery system (improved seeds, fertilizer, agro-chemicals etc.)"
NG-CARES RA2 DL1 2.2 Labour Intensive Agricultural Infrastructure,200000000.0,200000000.0,0.0,200000000.0,200000000.0,0.0,447,0.66013,0.6781,021510200200,FADAMA,23020114,CONSTRUCTION / PROVISION OF ROADS,70421,AGRICULTURE,41141400,State Wide,07100123002800,Gender - General
NG-CARES RA2 DL1 2.3 Agricultural Asset for Production and Mitigating food loss/waste,200000000.0,200000000.0,0.0,200000000.0,200000000.0,0.0,447,0.68382,0.7018,021510200200,FADAMA,23020114,CONSTRUCTION / PROVISION OF ROADS,70421,AGRICULTURE,41141400,State Wide,07100123002800,Gender - General
Rehabilitation of Blending machine in the fertilizer production hall.,25000000.0,25000000.0,0.0,20000000.0,20000000.0,0.0,447,0.77369,0.79167,021511000100,Ebonyi State Fertilizer and Chemical Co. Ltd.,23030112,REHABILITATION / REPAIRS - AGRICICULTURAL FACILITIES,70421,AGRICULTURE,41110400,EBONYI,01030324000700,"Farm inputs supply and service delivery system (improved seeds, fertilizer, agro-chemicals etc.)"
Procurement and installation of 10nos industrial extractor fans in the fertilizer production hall.,5000000.0,5000000.0,0.0,5000000.0,5000000.0,0.0,447,0.80882,0.8268,021511000100,Ebonyi State Fertilizer and Chemical Co. Ltd.,23010127,PURCHASE OF AGRICULTURAL EQUIPMENT,70421,AGRICULTURE,41110400,EBONYI,01100124000100,Agriculture Programme Not Elsewhere Classified
Procurement of 1no new forklift for use in the Company.,7000000.0,7000000.0,0.0,7000000.0,7000000.0,0.0,447,0.83905,0.85703,021511000100,Ebonyi State Fertilizer and Chemical Co. Ltd.,23010127,PURCHASE OF AGRICULTURAL EQUIPMENT,70421,AGRICULTURE,41110400,EBONYI,01100124000200,Agriculture Programme Not Elsewhere Classified
Rehabilitation of 1no existing old forklift,3000000.0,3000000.0,0.0,3000000.0,3000000.0,0.0,447,0.86275,0.88072,021511000100,Ebonyi State Fertilizer and Chemical Co. Ltd.,23030112,REHABILITATION / REPAIRS - AGRICICULTURAL FACILITIES,70421,AGRICULTURE,41110400,EBONYI,01100124000300,Agriculture Programme Not Elsewhere Classified
Landscapping/Concrete overlay of office premises,10000000.0,10000000.0,0.0,5000000.0,5000000.0,0.0,447,0.88725,0.90523,021511000100,Ebonyi State Fertilizer and Chemical Co. Ltd.,23040101,TREE PLANTING,70421,AGRICULTURE,41110400,EBONYI 425,01100124000400,Agriculture Programme Not Elsewhere Classified
Procurement of 1No. 30KVA Gen. sets for the Ministry of finance l,0.0,0.0,0.0,12000000.0,12000000.0,0.0,448,0.17565,0.19363,022000100100,Ministry of Finance and Economic Development,23010119,PURCHASE OF POWER GENERATING SET,70112,FINANCIAL AND FISCAL AFFAIRS,41110100,ABAKALIKI,13100123004700,Reform of Government and Governance - General
Provision of 5Nos. fire extinguishers for the Ministry of finance l,0.0,0.0,0.0,100000.0,100000.0,0.0,448,0.21078,0.22876,022000100100,Ministry of Finance and Economic Development,23010123,PURCHASE OF FIRE FIGHTING EQUIPMENT,70112,FINANCIAL AND FISCAL AFFAIRS,41110100,ABAKALIKI,13100123004800,Reform of Government and Governance - General
Landscaping and asphalting of the entire premises of the Ministry of finance,0.0,0.0,0.0,50000000.0,50000000.0,0.0,448,0.24673,0.26471,022000100100,Ministry of Finance and Economic Development,23020114,CONSTRUCTION / PROVISION OF ROADS,70112,FINANCIAL AND FISCAL AFFAIRS,41110100,ABAKALIKI,13100123004900,Reform of Government and Governance - General
Procurement of 1No. laserjet pro photocopying machine for Admin's office,0.0,0.0,0.0,1000000.0,1000000.0,0.0,448,0.28268,0.30065,022000100100,Ministry of Finance and Economic Development,23010115,PURCHASE OF PHOTOCOPYING MACHINES,70112,FINANCIAL AND FISCAL AFFAIRS,41110100,ABAKALIKI,13100123005000,Reform of Government and Governance - General
"Procurement of 1No. 3 in one coloured printer and 4Nos. of black and white Canon PIXMA Multi-Function printers for Admin, Account, l Central payrol and PRS'S offices",0.0,0.0,0.0,3500000.0,3500000.0,0.0,448,0.32516,0.34314,022000100100,Ministry of Finance and Economic Development,23010114,d 23010114 - PURCHASE OF COMPUTER PRINTERS,70112,FINANCIAL AND FISCAL AFFAIRS,41110100,ABAKALIKI,13100123005100,Reform of Government and Governance - General
Purchase of 3No. Laptop computers for Central Payrole office l,0.0,0.0,0.0,0.0,0.0,0.0,448,0.36683,0.3848,022000100100,Ministry of Finance and Economic Development,23010113,PURCHASE OF COMPUTERS,70112,FINANCIAL AND FISCAL AFFAIRS,41110100,ABAKALIKI,13100123005300,Reform of Government and Governance - General
Purchase of 1No. 10KVA solar power inverter for the Ministry l,5000000.0,5000000.0,0.0,0.0,0.0,0.0,448,0.40278,0.42075,022000100100,Ministry of Finance and Economic Development,23010119,PURCHASE OF POWER GENERATING SET,70112,FINANCIAL AND FISCAL AFFAIRS,41110100,ABAKALIKI,13100123005700,Reform of Government and Governance - General
Purchase of 2Nos. steel cabinet for Accounts and Admin offices l,600000.0,600000.0,0.0,400000.0,400000.0,0.0,448,0.43873,0.4567,022000100100,Ministry of Finance and Economic Development,23010139,PURCHASE OF OTHER FIXED ASSETS,70112,FINANCIAL AND FISCAL AFFAIRS,41110100,ABAKALIKI,13100123005800,Reform of Government and Governance - General
Purchase of 1No. High quality LG Sound System for PRO's office l,150000.0,150000.0,0.0,1000000.0,1000000.0,0.0,448,0.47467,0.49265,022000100100,Ministry of Finance and Economic Development,23010139,PURCHASE OF OTHER FIXED ASSETS,70112,FINANCIAL AND FISCAL AFFAIRS,41110100,ABAKALIKI,13100123005900,Reform of Government and Governance - General
Procurement of more sophisticated software for the Automated payment system in the central payroll unit.,100000.0,100000.0,0.0,500000.0,500000.0,0.0,448,0.5098,0.52778,022000100100,Ministry of Finance and Economic Development,23050102,COMPUTER SOFTWARE ACQUISITION,70112,FINANCIAL AND FISCAL AFFAIRS,41110100,ABAKALIKI,13100123006000,Reform of Government and Governance - General
Completion of the Ministry building at centnary city l,40000000.0,40000000.0,0.0,0.0,0.0,0.0,448,0.54575,0.56373,022000100100,Ministry of Finance and Economic Development,23030121,REHABILITATION / REPAIRS OF OFFICE BUILDINGS,70112,FINANCIAL AND FISCAL AFFAIRS,41110100,ABAKALIKI,13100123006100,Reform of Government and Governance - General
Equiping of the ministry's offices at centnary city l,10000000.0,10000000.0,0.0,0.0,0.0,0.0,448,0.5817,0.59967,022000100100,Ministry of Finance and Economic Development,23010112,PURCHASE OF OFFICE FURNITURE AND FITTINGS,70112,FINANCIAL AND FISCAL AFFAIRS,41110100,ABAKALIKI,13100123006800,Reform of Government and Governance - General
Procurement of office equipments 5Nos. extension boxes for Debt management department.,100000.0,100000.0,0.0,0.0,0.0,0.0,448,0.67729,0.69526,022000200100,Debt Management Department,23010139,PURCHASE OF OTHER FIXED ASSETS,70112,FINANCIAL AND FISCAL AFFAIRS,41110100,ABAKALIKI,13100123005600,Reform of Government and Governance - General
Procurement of 1No. Laserjet pro photocoping machine for Debt management department .,1000000.0,1000000.0,0.0,1500000.0,1500000.0,0.0,448,0.71324,0.73121,022000200100,Debt Management Department,23010115,PURCHASE OF PHOTOCOPYING MACHINES,70112,FINANCIAL AND FISCAL AFFAIRS,41110100,ABAKALIKI,13100123005600,Reform of Government and Governance - General
Procurement of 2Nos. laserjet black and white printers for Debt management department.,400000.0,400000.0,0.0,0.0,0.0,0.0,448,0.74918,0.76716,022000200100,Debt Management Department,23010114,PURCHASE OF COMPUTER PRINTERS,70112,FINANCIAL AND FISCAL AFFAIRS,41110100,ABAKALIKI,13100123005600,Reform of Government and Governance - General
Completion of the Debt management office apartment at centnary city.,5000000.0,5000000.0,0.0,16000000.0,16000000.0,0.0,448,0.78513,0.8031,022000200100,Debt Management Department,23030121,REHABILITATION / REPAIRS OF OFFICE BUILDINGS,70112,FINANCIAL AND FISCAL AFFAIRS,41110100,ABAKALIKI,13100123005600,Reform of Government and Governance - General
"Purchase of 3Nos. of UPS for front, middle and back offices. l",100000.0,100000.0,0.0,0.0,0.0,0.0,448,0.82108,0.83905,022000200100,Debt Management Department,23010139,PURCHASE OF OTHER FIXED ASSETS,70112,FINANCIAL AND FISCAL AFFAIRS,41110100,ABAKALIKI,13100123005600,Reform of Government and Governance - General
"Procurement of office equipment, 2Nos. split unit 2.0Hp Hisense Ac for offfice of the director and secretary's office.",530000.0,530000.0,0.0,0.0,0.0,0.0,448,0.85703,0.875,022000200100,Debt Management Department,23010139,PURCHASE OF OTHER FIXED ASSETS,70112,FINANCIAL AND FISCAL AFFAIRS,41110100,ABAKALIKI 426,13100123005600,Reform of Government and Governance - General
"Procurement of office equipment, 3Nos. Tv set for Director's office, secretary and General office.",1000000.0,1000000.0,0.0,0.0,0.0,0.0,449,0.10376,0.12173,022000200100,Debt Management Department,23010139,PURCHASE OF OTHER FIXED ASSETS,70112,FINANCIAL AND FISCAL AFFAIRS,41110100,ABAKALIKI,13100123005600,Reform of Government and Governance - General
"Procurement of office equipment 3Nos. standing fans for front ,middle and back office.",120000.0,120000.0,0.0,0.0,0.0,0.0,449,0.13971,0.15768,022000200100,Debt Management Department,23010139,PURCHASE OF OTHER FIXED ASSETS,70112,FINANCIAL AND FISCAL AFFAIRS,41110100,ABAKALIKI,13100123005600,Reform of Government and Governance - General
"Procurement of 3Nos. of Elitebook 12th generation, touch screan, core i7 HP laptops for Director and secretary's use.",2000000.0,2000000.0,0.0,0.0,0.0,0.0,449,0.17565,0.19363,022000200100,Debt Management Department,23010113,PURCHASE OF COMPUTERS,70112,FINANCIAL AND FISCAL AFFAIRS,41110100,ABAKALIKI,13100123005600,Reform of Government and Governance - General
Equipping of office of the Chairman and members of Revenue Appeal Commission.,0.0,0.0,0.0,0.0,0.0,0.0,449,0.21078,0.22876,022000200100,Debt Management Department,23010112,PURCHASE OF OFFICE FURNITURE AND FITTINGS,70112,FINANCIAL AND FISCAL AFFAIRS,41110100,ABAKALIKI,13100123005600,Reform of Government and Governance - General
"Monitoring and Recovery of Tax liabilities owed by State, Local Governments",0.0,0.0,0.0,0.0,0.0,0.0,449,0.24673,0.26471,022000200100,Debt Management Department,23050103,MONITORING AND EVALUATION,70112,FINANCIAL AND FISCAL AFFAIRS,41110100,ABAKALIKI,13100123005600,Reform of Government and Governance - General
Purchase of suitable archives for vouchers for ease of auditing/references.,5000000.0,5000000.0,0.0,10000000.0,10000000.0,0.0,449,0.34232,0.36029,022000700100,Office of the Accountant General,23010112,PURCHASE OF OFFICE FURNITURE AND FITTINGS,70112,FINANCIAL AND FISCAL AFFAIRS,41110100,ABAKALIKI,13100121001000,Reform of Government and Governance - General
Provision of 2Nos inverter in final account Department and AGs office.,4000000.0,4000000.0,0.0,10000000.0,10000000.0,0.0,449,0.37827,0.39624,022000700100,Office of the Accountant General,23010139,PURCHASE OF OTHER FIXED ASSETS,70112,FINANCIAL AND FISCAL AFFAIRS,41110100,ABAKALIKI,13100121001100,Reform of Government and Governance - General
"Provision of 20Nos set of tables and chairs, for AGs office, TOPs Office, admin's Office and Cash office. 2. Purchase of 3Nos l Refridgerators for Office of Admin, Cash Office, ST.Abakaliki's Office.",10000000.0,10000000.0,0.0,10000000.0,10000000.0,0.0,449,0.42647,0.44444,022000700100,Office of the Accountant General,23010112,PURCHASE OF OFFICE FURNITURE AND FITTINGS,70112,FINANCIAL AND FISCAL AFFAIRS,41110100,ABAKALIKI,13100121001200,Reform of Government and Governance - General
"Production, publication and circulation of Annual financial Statement 2020-2024",10000000.0,10000000.0,0.0,10000000.0,10000000.0,0.0,449,0.47467,0.49265,022000700100,Office of the Accountant General,23050101,t 23050101 - RESEARCH AND DEVELOPMENT,70112,FINANCIAL AND FISCAL AFFAIRS,41110100,ABAKALIKI,13100121001300,Reform of Government and Governance - General
Provision of fire extinguisher for Ags office and 13Nos of Sub Tresuries in the state,1000000.0,1000000.0,0.0,5000000.0,5000000.0,0.0,449,0.5098,0.52778,022000700100,Office of the Accountant General,23010123,PURCHASE OF FIRE FIGHTING EQUIPMENT,70112,FINANCIAL AND FISCAL AFFAIRS,41110100,ABAKALIKI,13100121001400,Reform of Government and Governance - General
Procurement of Accounting/financial Documents l,10000000.0,10000000.0,3000000.0,10000000.0,10000000.0,0.0,449,0.54575,0.56373,022000700100,Office of the Accountant General,23010125,PURCHASE OF LIBRARY BOOKS & EQUIPMENT,70112,FINANCIAL AND FISCAL AFFAIRS,41110100,ABAKALIKI,13100121001500,Reform of Government and Governance - General
Construction of adequate storage facility for security documents in AGs office,7000000.0,7000000.0,0.0,20000000.0,20000000.0,0.0,449,0.5817,0.59967,022000700100,Office of the Accountant General,23010112,PURCHASE OF OFFICE FURNITURE AND FITTINGS,70112,FINANCIAL AND FISCAL AFFAIRS,41110100,ABAKALIKI,13100121001600,Reform of Government and Governance - General
Procurement of 14Nos of laserjet photocopy machines 1No for AGs office and 13Nos for 13 Sub Trasuries in the State,0.0,0.0,0.0,3000000.0,3000000.0,0.0,449,0.61765,0.63562,022000700100,Office of the Accountant General,23010115,PURCHASE OF PHOTOCOPYING MACHINES,70112,FINANCIAL AND FISCAL AFFAIRS,41110100,ABAKALIKI,13100121001700,Reform of Government and Governance - General
Contingency fund l,5000000000.0,5000000000.0,0.0,5000000000.0,5000000000.0,0.0,449,0.65359,0.67157,022000700100,Office of the Accountant General,23050107,MARGIN FOR INCREASES IN COSTS,70112,FINANCIAL AND FISCAL AFFAIRS,41110100,ABAKALIKI,13100121001800,Reform of Government and Governance - General
Provision of accounting/finance software l,63000000.0,63000000.0,0.0,40000000.0,40000000.0,0.0,449,0.68954,0.70752,022000700100,Office of the Accountant General,23050102,COMPUTER SOFTWARE ACQUISITION,70112,FINANCIAL AND FISCAL AFFAIRS,41110100,ABAKALIKI,13100121002000,Reform of Government and Governance - General
Rehabilitation of office buildings l,40000000.0,40000000.0,0.0,50000000.0,50000000.0,0.0,449,0.72549,0.74346,022000700100,Office of the Accountant General,23030121,REHABILITATION / REPAIRS OF OFFICE BUILDINGS,70112,FINANCIAL AND FISCAL AFFAIRS,41110100,ABAKALIKI,13100121002100,Reform of Government and Governance - General
Purchase of financial books in library at the office of the Acountant General,0.0,0.0,0.0,4000000.0,4000000.0,0.0,449,0.76144,0.77941,022000700100,Office of the Accountant General,23010125,PURCHASE OF LIBRARY BOOKS & EQUIPMENT,70112,FINANCIAL AND FISCAL AFFAIRS,41110100,ABAKALIKI,13100121002200,Reform of Government and Governance - General
Purchase of 1No 50KVA Generator. l,0.0,0.0,0.0,17000000.0,17000000.0,0.0,449,0.79739,0.81536,022000700100,Office of the Accountant General,23010119,PURCHASE OF POWER GENERATING SET,70112,FINANCIAL AND FISCAL AFFAIRS,41110100,ABAKALIKI,13100121002300,Reform of Government and Governance - General
Design and deployment of electronic dashboard for all cash balances and transactions in all the State Bank accounts.,0.0,0.0,0.0,5000000.0,5000000.0,0.0,449,0.83333,0.85131,022000700100,Office of the Accountant General,23010140,PURCHASE OF ORNAMENTAL LIGHTS,70112,FINANCIAL AND FISCAL AFFAIRS,41110100,ABAKALIKI September Proposal 427,13100121002400,Reform of Government and Governance - General Description
"Purchase of 3Lenovo Desktop Computer for office of Admin, ICT, Finance and Accounts Departments",1500000.0,1500000.0,0.0,0.0,0.0,0.0,450,0.1152,0.13317,022000800100,Internal Revenue Board,23010113,PURCHASE OF COMPUTERS,70112,FINANCIAL AND FISCAL AFFAIRS,41110400,EBONYI,13100124006900,Reform of Government and Governance - General
"Purchase of 3No. laser jet printers for IRS Headquarters for office of Admin, ICT, Finance and Accounts Departments",1500000.0,1500000.0,0.0,1500000.0,1500000.0,0.0,450,0.15114,0.16912,022000800100,Internal Revenue Board,23010114,PURCHASE OF COMPUTER PRINTERS,70112,FINANCIAL AND FISCAL AFFAIRS,41110400,EBONYI,13100124007000,Reform of Government and Governance - General
Rehabilitation of tax offices at Edda. l,0.0,0.0,0.0,29500000.0,29500000.0,0.0,450,0.18709,0.20507,022000800100,Internal Revenue Board,23030121,REHABILITATION / REPAIRS OF OFFICE BUILDINGS,70112,FINANCIAL AND FISCAL AFFAIRS,41130300,AFIKPO SOUTH EDDA,13100124007100,Reform of Government and Governance - General
Purchase of 15Nos. Carter Motorcycles 1 for each of the 15 tax head offices,15000000.0,15000000.0,0.0,15000000.0,15000000.0,0.0,450,0.22304,0.24101,022000800100,Internal Revenue Board,23010104,PURCHASE MOTOR CYCLES,70112,FINANCIAL AND FISCAL AFFAIRS,41110400,EBONYI,13100124007200,Reform of Government and Governance - General
Purchase of 1No. Toyota Hilux Truck for supervision l,65000000.0,65000000.0,0.0,0.0,0.0,0.0,450,0.25899,0.27696,022000800100,Internal Revenue Board,23010106,PURCHASE OF VANS,70112,FINANCIAL AND FISCAL AFFAIRS,41110400,EBONYI,13100124007300,Reform of Government and Governance - General
Purchase of 1No. Photocopying machine for office of the Admin l,2000000.0,2000000.0,0.0,0.0,0.0,0.0,450,0.29493,0.31291,022000800100,Internal Revenue Board,23010115,PURCHASE OF PHOTOCOPYING MACHINES,70112,FINANCIAL AND FISCAL AFFAIRS,41110400,EBONYI,13100124007400,Reform of Government and Governance - General
Purchase of 1no. 18 seater Innoson bus for supervision in the 13 LGAs and the senatoral zones @ N45m,0.0,0.0,0.0,0.0,0.0,0.0,450,0.33088,0.34886,022000800100,Internal Revenue Board,23010105,PURCHASE OF MOTOR VEHICLES,70112,FINANCIAL AND FISCAL AFFAIRS,41110400,EBONYI,13100124007400,Reform of Government and Governance - General
Rehabilitation of Office building in the old Ministry of finance premises,15000000.0,15000000.0,0.0,15000000.0,15000000.0,0.0,450,0.42647,0.44444,022000800200,Revenue Appeal Commission,23030121,REHABILITATION / REPAIRS OF OFFICE BUILDINGS,70411,GENERAL ECONOMIC AND COMMERCIALAFFAIRS,41110100,ABAKALIKI,13100121000100,Reform of Government and Governance - General
Purchase of 1No. HP Desktop Computers and accessories for admin office,1000000.0,1000000.0,0.0,0.0,0.0,0.0,450,0.46242,0.48039,022000800200,Revenue Appeal Commission,23010113,PURCHASE OF COMPUTERS,70411,GENERAL ECONOMIC AND COMMERCIALAFFAIRS,41110100,ABAKALIKI,13100121000200,Reform of Government and Governance - General
Purchase of 1No. Sharp Photocopy Machines to be used in the office of the accountant,1000000.0,1000000.0,0.0,0.0,0.0,0.0,450,0.49837,0.51634,022000800200,Revenue Appeal Commission,23010115,PURCHASE OF PHOTOCOPYING MACHINES,70411,GENERAL ECONOMIC AND COMMERCIALAFFAIRS,41110100,ABAKALIKI,13100121000300,Reform of Government and Governance - General
Purchase of 1No. Printer to be used in the office of the accountant l,1000000.0,1000000.0,0.0,0.0,0.0,0.0,450,0.53431,0.55229,022000800200,Revenue Appeal Commission,23010114,PURCHASE OF COMPUTER PRINTERS,70411,GENERAL ECONOMIC AND COMMERCIALAFFAIRS,41110100,ABAKALIKI,13100121000400,Reform of Government and Governance - General
Purchase of 1No. Scanner to be used in the office of the accountant l,500000.0,500000.0,0.0,0.0,0.0,0.0,450,0.57026,0.58824,022000800200,Revenue Appeal Commission,23010118,PURCHASE OF SCANNERS,70411,GENERAL ECONOMIC AND COMMERCIALAFFAIRS,41110100,ABAKALIKI,13100121000500,Reform of Government and Governance - General
Purchase of 1No. 6KVA Generating Set l,3000000.0,3000000.0,0.0,2700000.0,2700000.0,0.0,450,0.60621,0.62418,022000800200,Revenue Appeal Commission,23010119,PURCHASE OF POWER GENERATING SET,70411,GENERAL ECONOMIC AND COMMERCIALAFFAIRS,41110100,ABAKALIKI,13100121000600,Reform of Government and Governance - General
Purchase of 3Nos. Fire fightingEquipment (Extinguisher) l,1000000.0,1000000.0,0.0,600000.0,600000.0,0.0,450,0.64134,0.65931,022000800200,Revenue Appeal Commission,23010123,PURCHASE OF FIRE FIGHTING EQUIPMENT,70411,GENERAL ECONOMIC AND COMMERCIALAFFAIRS,41110100,ABAKALIKI,13100121000700,Reform of Government and Governance - General
"Purchase of 1No, office Steel cabinet to be used in the office of the accountant",1300000.0,1300000.0,0.0,0.0,0.0,0.0,450,0.67729,0.69526,022000800200,Revenue Appeal Commission,23010139,PURCHASE OF OTHER FIXED ASSETS,70411,GENERAL ECONOMIC AND COMMERCIALAFFAIRS,41110100,ABAKALIKI,13100121000800,Reform of Government and Governance - General
Purchase of 1No. Refrigerator to be used in the office of the accountant,1200000.0,1200000.0,0.0,1000000.0,1000000.0,0.0,450,0.71324,0.73121,022000800200,Revenue Appeal Commission,23010139,PURCHASE OF OTHER FIXED ASSETS,70411,GENERAL ECONOMIC AND COMMERCIALAFFAIRS,41110100,ABAKALIKI,13100121000900,Reform of Government and Governance - General
Establishment of State Committee on Export (SCEP),50000000.0,50000000.0,20000000.0,20000000.0,20000000.0,0.0,450,0.8031,0.82108,022200100100,Ministry of Commerce and Industry,23050101,RESEARCH AND DEVELOPMENT,70411,GENERAL ECONOMIC AND COMMERCIALAFFAIRS,41110100,ABAKALIKI,12100124003500,Growing the Private Sector - General
"Empowerment of 10,000 Nos. of Small Scale Industries in the State.",0.0,0.0,0.0,1000000000.0,1000000000.0,0.0,450,0.82761,0.84559,022200100100,Ministry of Commerce and Industry,23050101,RESEARCH AND DEVELOPMENT,70411,GENERAL ECONOMIC AND COMMERCIALAFFAIRS,41110100,ABAKALIKI,12100124003600,Growing the Private Sector - General
"Rehabilitation/Expansion of infrastructure at Pipes Production Factory, Ezzamgbo",20000000.0,20000000.0,0.0,0.0,0.0,0.0,450,0.85131,0.86928,022200100100,Ministry of Commerce and Industry,23030121,REHABILITATION / REPAIRS OF OFFICE BUILDINGS,70411,GENERAL ECONOMIC AND COMMERCIALAFFAIRS,41110100,ABAKALIKI,12100124003700,Growing the Private Sector - General
Empowernment of 130 youth on production of Clean Cooking energy and Stoves in the State.,21800000.0,21800000.0,0.0,130000000.0,130000000.0,0.0,450,0.875,0.89297,022200100100,Ministry of Commerce and Industry,23050101,RESEARCH AND DEVELOPMENT,70411,GENERAL ECONOMIC AND COMMERCIALAFFAIRS,41110100,ABAKALIKI 428,12100124003800,Growing the Private Sector - General
Conduct of Ebonyi State Trade Fair,0.0,0.0,0.0,0.0,0.0,0.0,451,0.09722,0.1152,022200100100,Ministry of Commerce and Industry,23050101,RESEARCH AND DEVELOPMENT,70411,GENERAL ECONOMIC AND COMMERCIALAFFAIRS,41110100,ABAKALIKI,12100124004000,Growing the Private Sector - General
Establishment of Cement Industry in Ishielu LGA,10000000000.0,10000000000.0,30000000.0,122000000000.0,122000000000.0,0.0,451,0.12173,0.13971,022200100100,Ministry of Commerce and Industry,23020118,CONSTRUCTION / PROVISION OF INFRASTRUCTURE,70411,GENERAL ECONOMIC AND COMMERCIALAFFAIRS,41110100,ABAKALIKI,12100124004100,Growing the Private Sector - General
Construction of Parvelion for Trade Fair,14000000.0,14000000.0,0.0,25000000.0,25000000.0,0.0,451,0.14542,0.1634,022200100100,Ministry of Commerce and Industry,23020118,CONSTRUCTION / PROVISION OF INFRASTRUCTURE,70411,GENERAL ECONOMIC AND COMMERCIALAFFAIRS,41110100,ABAKALIKI,12100124004200,Growing the Private Sector - General
Establishment of Iron & Steel Industry building,10000000000.0,10000000000.0,0.0,1000000000.0,1000000000.0,0.0,451,0.16912,0.18709,022200100100,Ministry of Commerce and Industry,23020118,CONSTRUCTION / PROVISION OF INFRASTRUCTURE,70411,GENERAL ECONOMIC AND COMMERCIALAFFAIRS,41110100,ABAKALIKI,12100124004300,Growing the Private Sector - General
Construction of industral city in the state,6800000000.0,6800000000.0,907000000.0,1907000000.0,1907000000.0,0.0,451,0.19363,0.2116,022200100100,Ministry of Commerce and Industry,23020118,CONSTRUCTION / PROVISION OF INFRASTRUCTURE,70411,GENERAL ECONOMIC AND COMMERCIALAFFAIRS,41110100,ABAKALIKI,12100124004400,Growing the Private Sector - General
Procurement of 2nos Industrial Manual,5000000.0,5000000.0,0.0,5000000.0,5000000.0,0.0,451,0.21732,0.23529,022200100100,Ministry of Commerce and Industry,23010129,PURCHASE OF INDUSTRIAL EQUIPMENT,70411,GENERAL ECONOMIC AND COMMERCIALAFFAIRS,41110100,ABAKALIKI,12100124004500,Growing the Private Sector - General
Construction of Plastic Industry,0.0,0.0,0.0,500000000.0,500000000.0,0.0,451,0.24101,0.25899,022200100100,Ministry of Commerce and Industry,23020118,CONSTRUCTION / PROVISION OF INFRASTRUCTURE,70411,GENERAL ECONOMIC AND COMMERCIALAFFAIRS,41110100,ABAKALIKI,12100124004600,Growing the Private Sector - General
Procurement of Ebonyi Nitrile/Glove Production Plant,0.0,0.0,0.0,3120000000.0,3120000000.0,0.0,451,0.26471,0.28268,022200100100,Ministry of Commerce and Industry,23010129,PURCHASE OF INDUSTRIAL EQUIPMENT,70411,GENERAL ECONOMIC AND COMMERCIALAFFAIRS,41110100,ABAKALIKI,12100124004700,Growing the Private Sector - General
Procurement of PVC pipe 162mm Extrusion line,50000000.0,50000000.0,34141000.0,0.0,0.0,0.0,451,0.34886,0.36683,022200200100,Ebonyi State Pipes Production Limited,23010129,PURCHASE OF INDUSTRIAL EQUIPMENT,70411,GENERAL ECONOMIC AND COMMERCIALAFFAIRS,41110400,EBONYI,12100124004800,Growing the Private Sector - General
Procurement of PVC pipe elbow production machine,0.0,0.0,0.0,0.0,0.0,0.0,451,0.37255,0.39052,022200200100,Ebonyi State Pipes Production Limited,23010129,PURCHASE OF INDUSTRIAL EQUIPMENT,70411,GENERAL ECONOMIC AND COMMERCIALAFFAIRS,41110400,EBONYI,12100124004900,Growing the Private Sector - General
Procurement of 1No.Polypropylene Random Pipe (PPR) Extrusion line and its Accessories for use at the Ebonyi Pipe Production Company limited.,0.0,0.0,0.0,0.0,0.0,0.0,451,0.4085,0.42647,022200200100,Ebonyi State Pipes Production Limited,23010129,e 23010129 - PURCHASE OF INDUSTRIAL EQUIPMENT,70411,GENERAL ECONOMIC AND COMMERCIALAFFAIRS,41110400,EBONYI,12100124005000,Growing the Private Sector - General
Purchase of HDPE production machine and accessories,0.0,0.0,0.0,0.0,0.0,0.0,451,0.44444,0.46242,022200200100,Ebonyi State Pipes Production Limited,23010129,PURCHASE OF INDUSTRIAL EQUIPMENT,70411,GENERAL ECONOMIC AND COMMERCIALAFFAIRS,41110400,EBONYI,12100124005100,Growing the Private Sector - General
Construction/Provision of Water Borehole with overhead tank and reticulation to all building in the factory,5000000.0,5000000.0,0.0,2000000.0,2000000.0,0.0,451,0.53431,0.55229,022200400100,Ebonyi Building Material Ind. Ltd,23020105,CONSTRUCTION / PROVISION OF WATER FACILITIES,70411,GENERAL ECONOMIC AND COMMERCIALAFFAIRS,41111200,OHAUKWU,12100124005300,Growing the Private Sector - General
Purchase of 10KVA Power Generating Set.,2000000.0,2000000.0,0.0,3000000.0,3000000.0,0.0,451,0.56373,0.5817,022200400100,Ebonyi Building Material Ind. Ltd,23010119,PURCHASE OF POWER GENERATING SET,70411,GENERAL ECONOMIC AND COMMERCIALAFFAIRS,41111200,OHAUKWU,12100124005400,Growing the Private Sector - General
Procurement of Wood Processor Machine,10000000.0,10000000.0,0.0,10000000.0,10000000.0,0.0,451,0.58824,0.60621,022200400100,Ebonyi Building Material Ind. Ltd,23010129,PURCHASE OF INDUSTRIAL EQUIPMENT,70411,GENERAL ECONOMIC AND COMMERCIALAFFAIRS,41111200,OHAUKWU,12100124005500,Growing the Private Sector - General
Rehabilitation of Ebonyi State Building Material Industry,2000000.0,137000000.0,0.0,10000000.0,10000000.0,0.0,451,0.61193,0.6299,022200400100,Ebonyi Building Material Ind. Ltd,23030121,REHABILITATION / REPAIRS OF OFFICE BUILDINGS,70411,GENERAL ECONOMIC AND COMMERCIALAFFAIRS,41111200,OHAUKWU,12100125000800,Growing the Private Sector - General
Procurement of Asphalting Plant,0.0,0.0,0.0,500000000.0,500000000.0,0.0,451,0.63562,0.65359,022200400100,Ebonyi Building Material Ind. Ltd,23010129,PURCHASE OF INDUSTRIAL EQUIPMENT,70411,GENERAL ECONOMIC AND COMMERCIALAFFAIRS,41111200,OHAUKWU,12100124005300,Growing the Private Sector - General
Procurement of Concrete Batching Plant,0.0,0.0,0.0,50000000.0,50000000.0,0.0,451,0.66013,0.6781,022200400100,Ebonyi Building Material Ind. Ltd,23010129,PURCHASE OF INDUSTRIAL EQUIPMENT,70411,GENERAL ECONOMIC AND COMMERCIALAFFAIRS,41111200,OHAUKWU,12100124005400,Growing the Private Sector - General
Establishment of Ebonyi State Crystal Chandallian Production Industry,0.0,0.0,0.0,500000000.0,500000000.0,0.0,451,0.68382,0.7018,022200400100,Ebonyi Building Material Ind. Ltd,23010129,PURCHASE OF INDUSTRIAL EQUIPMENT,70411,GENERAL ECONOMIC AND COMMERCIALAFFAIRS,41111200,OHAUKWU,12100124005500,Growing the Private Sector - General
Procurement of wood work/HDF MDF Board product plant,0.0,0.0,0.0,1000000000.0,1000000000.0,0.0,451,0.70752,0.72549,022200400100,Ebonyi Building Material Ind. Ltd,23010129,PURCHASE OF INDUSTRIAL EQUIPMENT,70411,GENERAL ECONOMIC AND COMMERCIALAFFAIRS,41111200,OHAUKWU,12100125000800,Growing the Private Sector - General
Purchase of 60KVA Power generating set l,6500000.0,6500000.0,0.0,0.0,0.0,0.0,451,0.80882,0.8268,022200500100,Ebonyi State Small and Medium Enterprise Development Agency (ESMEDA),23010119,PURCHASE OF POWER GENERATING SET,70411,GENERAL ECONOMIC AND COMMERCIALAFFAIRS,41110100,ABAKALIKI,13100124002700,Reform of Government and Governance - General
Purchase of 1 No. CCTV Security equipment l,5000000.0,5000000.0,0.0,0.0,0.0,0.0,451,0.84477,0.86275,022200500100,Ebonyi State Small and Medium Enterprise Development Agency (ESMEDA),23010128,PURCHASE OF SECURITY EQUIPMENT,70361,PUBLIC ORDER AND SAFETY N.E.C.,41110100,ABAKALIKI,13100124002800,Reform of Government and Governance - General
"Purchase of video camera for meetings, project/programme coverage",700000.0,700000.0,0.0,0.0,0.0,0.0,451,0.88072,0.89869,022200500100,Ebonyi State Small and Medium Enterprise Development Agency (ESMEDA),23010139,PURCHASE OF OTHER FIXED ASSETS,70133,OTHER GENERAL SERVICES,41110100,ABAKALIKI 429,13100124002900,Reform of Government and Governance - General
Implementation of EBSMEDA component of SABER programme,150000000.0,150000000.0,70766709.95,0.0,0.0,0.0,452,0.09722,0.1152,022200500100,Ebonyi State Small and Medium Enterprise Development Agency (ESMEDA),23050101,RESEARCH AND DEVELOPMENT,70411,GENERAL ECONOMIC AND COMMERCIALAFFAIRS,41141400,State Wide,12100124000500,Growing the Private Sector - General
SABER - Procurement of Public Address System for seminars/workshops for MSMEs in the state,2000000.0,2000000.0,0.0,14000000.0,14000000.0,0.0,452,0.12745,0.14542,022200500100,Ebonyi State Small and Medium Enterprise Development Agency (ESMEDA),23010124,PURCHASE OF TEACHING / LEARNING AID EQUIPMENT,70133,OTHER GENERAL SERVICES,41141400,State Wide,12100124000600,Growing the Private Sector - General
SABER - Procurement of One-stop-Shop facility,0.0,0.0,0.0,50000000.0,50000000.0,0.0,452,0.15768,0.17565,022200500100,Ebonyi State Small and Medium Enterprise Development Agency (ESMEDA),23010139,PURCHASE OF OTHER FIXED ASSETS,70133,OTHER GENERAL SERVICES,41110100,ABAKALIKI,12100124000700,Growing the Private Sector - General
SABER - Development of portals for the 5 business-enabling MDAs in the state for information dissemination and transactions,0.0,0.0,0.0,15000000.0,15000000.0,0.0,452,0.18709,0.20507,022200500100,Ebonyi State Small and Medium Enterprise Development Agency (ESMEDA),23050101,RESEARCH AND DEVELOPMENT,70411,GENERAL ECONOMIC AND COMMERCIALAFFAIRS,41110100,ABAKALIKI,12100124000800,Growing the Private Sector - General
SABER - Replication of Aba business cluster model in Ebonyi state,15000000.0,15000000.0,0.0,100000000.0,100000000.0,0.0,452,0.21732,0.23529,022200500100,Ebonyi State Small and Medium Enterprise Development Agency (ESMEDA),23050101,RESEARCH AND DEVELOPMENT,70411,GENERAL ECONOMIC AND COMMERCIALAFFAIRS,41110100,ABAKALIKI,12100124000800,Growing the Private Sector - General
SABER - Procurement of Request Cards for adverts on reforms implemented stakeholders with all business community in the state,0.0,0.0,0.0,5000000.0,5000000.0,0.0,452,0.24673,0.26471,022200500100,Ebonyi State Small and Medium Enterprise Development Agency (ESMEDA),23010124,PURCHASE OF TEACHING / LEARNING AID EQUIPMENT,70411,GENERAL ECONOMIC AND COMMERCIALAFFAIRS,41141400,State Wide,12100124000800,Growing the Private Sector - General
SABER - Continuous enlightenment of MSMEs on existing business reforms,0.0,0.0,0.0,7000000.0,7000000.0,0.0,452,0.27696,0.29493,022200500100,Ebonyi State Small and Medium Enterprise Development Agency (ESMEDA),23050101,RESEARCH AND DEVELOPMENT,70411,GENERAL ECONOMIC AND COMMERCIALAFFAIRS,41141400,State Wide,12100124000800,Growing the Private Sector - General
SABER - Enhancing of global competitiveness of products of Ebonyi MSMEs through digital advertising,0.0,0.0,0.0,6000000.0,6000000.0,0.0,452,0.30719,0.32516,022200500100,Ebonyi State Small and Medium Enterprise Development Agency (ESMEDA),23050101,RESEARCH AND DEVELOPMENT,70411,GENERAL ECONOMIC AND COMMERCIALAFFAIRS,41141400,State Wide,12100124000800,Growing the Private Sector - General
SABER - Organization of SME Investment Summit to showcase business opportunities in Ebonyi state,10000000.0,10000000.0,0.0,5000000.0,5000000.0,0.0,452,0.34232,0.36029,022200500100,Ebonyi State Small and Medium Enterprise Development Agency (ESMEDA),23050101,RESEARCH AND DEVELOPMENT,70411,GENERAL ECONOMIC AND COMMERCIALAFFAIRS,41141400,State Wide,12100124000800,Growing the Private Sector - General
SABER - Domestication of the business facilitation Act in Ebonyi state,0.0,0.0,0.0,5000000.0,5000000.0,0.0,452,0.37255,0.39052,022200500100,Ebonyi State Small and Medium Enterprise Development Agency (ESMEDA),23050101,RESEARCH AND DEVELOPMENT,70411,GENERAL ECONOMIC AND COMMERCIALAFFAIRS,41141400,State Wide,12100124000800,Growing the Private Sector - General
SABER - Securing fund from other financial institutions for onlending to MSMEs at concessionary interest rate,0.0,0.0,0.0,2500000.0,2500000.0,0.0,452,0.40278,0.42075,022200500100,Ebonyi State Small and Medium Enterprise Development Agency (ESMEDA),23050101,RESEARCH AND DEVELOPMENT,70411,GENERAL ECONOMIC AND COMMERCIALAFFAIRS,41110100,ABAKALIKI,12100124000800,Growing the Private Sector - General
"Purchase of 10,000 nos Productive Machines for MSMEs Development in Ebonyi State",1000000000.0,1000000000.0,0.0,10000000000.0,10000000000.0,0.0,452,0.43219,0.45016,022200500100,Ebonyi State Small and Medium Enterprise Development Agency (ESMEDA),23010139,PURCHASE OF OTHER FIXED ASSETS,70411,GENERAL ECONOMIC AND COMMERCIALAFFAIRS,41141400,State Wide,12100124000500,Growing the Private Sector - General
"Provision of conditional operational grant to 10,000 small businesses @ N200,000 per beneficiary",2000000000.0,2000000000.0,0.0,0.0,0.0,0.0,452,0.46242,0.48039,022200500100,Ebonyi State Small and Medium Enterprise Development Agency (ESMEDA),23050101,RESEARCH AND DEVELOPMENT,70411,GENERAL ECONOMIC AND COMMERCIALAFFAIRS,41141400,State Wide,12100124000600,Growing the Private Sector - General
"Provision of conditional operational grant to 10,000 micro businesses @ N100,000 per beneficiary",1000000000.0,1000000000.0,0.0,0.0,0.0,0.0,452,0.49837,0.51634,022200500100,Ebonyi State Small and Medium Enterprise Development Agency (ESMEDA),23050101,s 23050101 - RESEARCH AND DEVELOPMENT,70411,GENERAL ECONOMIC AND COMMERCIALAFFAIRS,41141400,State Wide,12100124000700,Growing the Private Sector - General
"Provision of conditional operational grant to 18,000 Nano businesses @ N50,000 per beneficiary",900000000.0,900000000.0,22700844.04,0.0,0.0,0.0,452,0.53431,0.55229,022200500100,Ebonyi State Small and Medium Enterprise Development Agency (ESMEDA),23050101,RESEARCH AND DEVELOPMENT,70411,GENERAL ECONOMIC AND COMMERCIALAFFAIRS,41141400,State Wide,12100124000800,Growing the Private Sector - General
Construction of the permanent site of EBSMEDA l,40000000.0,40000000.0,0.0,0.0,0.0,0.0,452,0.57026,0.58824,022200500100,Ebonyi State Small and Medium Enterprise Development Agency (ESMEDA),23010102,PURCHASE OF OFFICE BUILDINGS,70611,HOUSING DEVELOPMENT,41110100,ABAKALIKI,13100124002800,Reform of Government and Governance - General
Empowerment of 2000 MSMEs for year 2026 (BOI),0.0,0.0,0.0,1000000000.0,1000000000.0,0.0,452,0.59967,0.61765,022200500100,Ebonyi State Small and Medium Enterprise Development Agency (ESMEDA),23050101,RESEARCH AND DEVELOPMENT,70411,GENERAL ECONOMIC AND COMMERCIALAFFAIRS,41141400,State Wide,12100124000800,Growing the Private Sector - General
Provision of revolving loan to 1300 SMEs engaged in the Clean cooking stove production in the 13 LGAs of Ebonyi state,40000000.0,40000000.0,0.0,0.0,0.0,0.0,452,0.6299,0.64788,022200500100,Ebonyi State Small and Medium Enterprise Development Agency (ESMEDA),23050101,RESEARCH AND DEVELOPMENT,70411,GENERAL ECONOMIC AND COMMERCIALAFFAIRS,41141400,State Wide,12100124000800,Growing the Private Sector - General
"Provision of N100,000 livelihood support each to 10,000 vulnerable households under NG-CARES 2.0",200000000.0,200000000.0,0.0,0.0,0.0,0.0,452,0.66585,0.68382,022200500100,Ebonyi State Small and Medium Enterprise Development Agency (ESMEDA),23050101,RESEARCH AND DEVELOPMENT,70411,GENERAL ECONOMIC AND COMMERCIALAFFAIRS,41141400,State Wide,12100124000800,Growing the Private Sector - General
Purchase of 1 No. Staff bus l,30000000.0,30000000.0,0.0,0.0,0.0,0.0,452,0.7018,0.71977,022200500100,Ebonyi State Small and Medium Enterprise Development Agency (ESMEDA),23010108,PURCHASE OF BUSES,70133,OTHER GENERAL SERVICES,41110100,ABAKALIKI,13100124002700,Reform of Government and Governance - General
Purchase of 1 No. Hilux vehicle for office use l,40000000.0,40000000.0,0.0,0.0,0.0,0.0,452,0.73775,0.75572,022200500100,Ebonyi State Small and Medium Enterprise Development Agency (ESMEDA),23010106,PURCHASE OF VANS,70133,OTHER GENERAL SERVICES,41110100,ABAKALIKI,13100124002800,Reform of Government and Governance - General
Purchase of 1 No. SUV Jeep for the Director-General's use l,45000000.0,45000000.0,0.0,0.0,0.0,0.0,452,0.77369,0.79167,022200500100,Ebonyi State Small and Medium Enterprise Development Agency (ESMEDA),23010105,PURCHASE OF MOTOR VEHICLES,70133,OTHER GENERAL SERVICES,41110100,ABAKALIKI,13100124002900,Reform of Government and Governance - General
Upgrading of the Agency's digital fund disbursement portal l,10000000.0,10000000.0,0.0,0.0,0.0,0.0,452,0.80882,0.8268,022200500100,Ebonyi State Small and Medium Enterprise Development Agency (ESMEDA),23050101,RESEARCH AND DEVELOPMENT,70133,OTHER GENERAL SERVICES,41110100,ABAKALIKI,13100124002800,Reform of Government and Governance - General
"Purchase and distribution of 1000 laptops @ N300,000 each under NG-CARES Result Area 3, DLI 3.3",300000000.0,300000000.0,0.0,0.0,0.0,0.0,452,0.84477,0.86275,022200500100,Ebonyi State Small and Medium Enterprise Development Agency (ESMEDA),23010113,PURCHASE OF COMPUTERS,70411,GENERAL ECONOMIC AND COMMERCIALAFFAIRS,41141400,State Wide,13100124002800,Reform of Government and Governance - General
"Purchase of Empowerment pieces of Equipment (welding machines, vulcanizing machines, aluminium cutting machines) for 50,000 Ebonyians",1500000000.0,1500000000.0,490698000.0,0.0,0.0,0.0,453,0.14542,0.1634,022700100100,Ministry of Human Capital Dev. and Monitoring 430,23010127,PURCHASE OF AGRICULTURAL EQUIPMENT,71051,UNEMPLOYMENT,41141400,State Wide,07100123002800,Gender - General
Purchase of Agric. Machines for empowered youths across the state,1000000000.0,1000000000.0,679800000.0,1200000000.0,1200000000.0,0.0,453,0.18137,0.19935,022700100100,Ministry of Human Capital Dev. and Monitoring 430,23010127,PURCHASE OF AGRICULTURAL EQUIPMENT,71051,UNEMPLOYMENT,41141400,State Wide,07100123002800,Gender - General
Monitoring & Evaluation of Economic Empowerment Programme across the state,15000000.0,15000000.0,0.0,20000000.0,20000000.0,0.0,453,0.20507,0.22304,022700100100,Ministry of Human Capital Dev. and Monitoring 430,23050103,MONITORING AND EVALUATION,71051,UNEMPLOYMENT,41141400,State Wide,07100123002800,Gender - General
"State Government Counterpart Contribution (GCCC) for NSIP, Npower, Geep,etc",10000000.0,10000000.0,0.0,5000000.0,5000000.0,0.0,453,0.22958,0.24755,022700100100,Ministry of Human Capital Dev. and Monitoring 430,23050101,RESEARCH AND DEVELOPMENT,71051,UNEMPLOYMENT,41141400,State Wide,07100123002800,Gender - General
Purchase of 1no Executive table and Chairs for Nutrition department of the Ministry,5000000.0,5000000.0,0.0,5000000.0,5000000.0,0.0,453,0.25327,0.27124,022700100100,Ministry of Human Capital Dev. and Monitoring 430,23010112,PURCHASE OF OFFICE FURNITURE AND FITTINGS,71051,UNEMPLOYMENT,41141400,State Wide,07100123002800,Gender - General
Purchase of relieved materials for indigent women/widows and youths of Ebonyi State,450000000.0,450000000.0,210000000.0,5000000000.0,5000000000.0,0.0,453,0.27696,0.29493,022700100100,Ministry of Human Capital Dev. and Monitoring 430,23010139,PURCHASE OF OTHER FIXED ASSETS,71051,UNEMPLOYMENT,41141400,State Wide,07100123002800,Gender - General
Counterpart funding for Nigeria Economic Sustainablitiy Plan (NESP),0.0,0.0,0.0,80000000.0,80000000.0,0.0,453,0.30065,0.31863,022700100100,Ministry of Human Capital Dev. and Monitoring 430,23050101,RESEARCH AND DEVELOPMENT,71051,UNEMPLOYMENT,41141400,State Wide,07100123002800,Gender - General
Purchase of 1N0 steel safe cabinet the office of Finance & Accounts,1000000.0,1000000.0,0.0,0.0,0.0,0.0,453,0.32516,0.34314,022700100100,Ministry of Human Capital Dev. and Monitoring 430,23010112,PURCHASE OF OFFICE FURNITURE AND FITTINGS,71051,UNEMPLOYMENT,41141400,State Wide,07100123002800,Gender - General
Assistance to 140 Communities for Community Development Projects in Izzi LGA,4000000000.0,4000000000.0,0.0,5000000000.0,5000000000.0,0.0,453,0.42075,0.43873,022700200100,Ebonyi State Community and Social Development Agency (EB CSDA),23050101,s 23050101 - RESEARCH AND DEVELOPMENT,71051,UNEMPLOYMENT,41111000,IZZI,10100124000100,Water Resources and Rural Deve - General
Completion/Asphating of Airport runway,0.0,0.0,0.0,0.0,0.0,0.0,453,0.50408,0.52206,023000100100,Ministry of Aviation and Technology,23030116,REHABILITATION / REPAIRS - AIR-PORT / AERODROMES,70454,AIR TRANSPORT,41120600,EZZA SOUTH,18100122000100,Airways - General
Completion of other Ancilliary works at the Airport,0.0,0.0,0.0,1000000000.0,1000000000.0,0.0,453,0.52859,0.54657,023000100100,Ministry of Aviation and Technology,23030116,REHABILITATION / REPAIRS - AIR-PORT / AERODROMES,70454,AIR TRANSPORT,41120600,EZZA SOUTH,18100122000200,Airways - General
Completion of Clinic at the Airport,200000000.0,200000000.0,0.0,100000000.0,100000000.0,0.0,453,0.55229,0.57026,023000100100,Ministry of Aviation and Technology,23030104,REHABILITATION / REPAIRS - WATER FACILITIES,70454,AIR TRANSPORT,41120600,EZZA SOUTH,18100122000300,Airways - General
Rehabilitation of Plants and Heavy Duty Equipment,100000000.0,100000000.0,0.0,50000000.0,50000000.0,0.0,453,0.57598,0.59395,023000100100,Ministry of Aviation and Technology,23030125,REHABILITATION/REPAIRS- POWER GENERATING PLANTS,70454,AIR TRANSPORT,41120600,EZZA SOUTH,18100122000400,Airways - General
Provision of CCTV at the Airport,100000000.0,100000000.0,0.0,100000000.0,100000000.0,0.0,453,0.59395,0.61193,023000100100,Ministry of Aviation and Technology,23010128,PURCHASE OF SECURITY EQUIPMENT,70454,AIR TRANSPORT,41120600,EZZA SOUTH,18100122000500,Airways - General
Construction of embarkment and Stone pitching crash access road/drains and cannals,600000000.0,600000000.0,0.0,0.0,0.0,0.0,453,0.61193,0.6299,023000100100,Ministry of Aviation and Technology,23020114,CONSTRUCTION / PROVISION OF ROADS,70454,AIR TRANSPORT,41120600,EZZA SOUTH,18100122000600,Airways - General
Procurement of runway sweaper,219000000.0,219000000.0,0.0,100000000.0,100000000.0,0.0,453,0.63562,0.65359,023000100100,Ministry of Aviation and Technology,23010138,PURCHASE OF AERO SPARES/MAINTENANCE,70454,AIR TRANSPORT,41120600,EZZA SOUTH,18100122000700,Airways - General
"Procurement of 3No Steel Cabinet for use in the offices of Admin, Commercial and Account",2000000.0,2000000.0,0.0,0.0,0.0,0.0,453,0.66013,0.6781,023000100100,Ministry of Aviation and Technology,23010112,PURCHASE OF OFFICE FURNITURE AND FITTINGS,70454,AIR TRANSPORT,41120600,EZZA SOUTH,18100123000100,Airways - General
Procurement of 2No Steel Safe for use in the offices of the Accountnat and Commercials,2500000.0,2500000.0,0.0,0.0,0.0,0.0,453,0.68382,0.7018,023000100100,Ministry of Aviation and Technology,23010112,PURCHASE OF OFFICE FURNITURE AND FITTINGS,70454,AIR TRANSPORT,41120600,EZZA SOUTH,18100124000100,Airways - General
Procurement of 2No Photcoping Machine for use at offices of the Accountant and Admin,2000000.0,2000000.0,0.0,0.0,0.0,0.0,453,0.70752,0.72549,023000100100,Ministry of Aviation and Technology,23010115,PURCHASE OF PHOTOCOPYING MACHINES,70454,AIR TRANSPORT,41120600,EZZA SOUTH,18100124000200,Airways - General
Procurement of 2No Desktop Computer for use at the Offices of Accountant and Admin,1000000.0,1000000.0,0.0,0.0,0.0,0.0,453,0.73121,0.74918,023000100100,Ministry of Aviation and Technology,23010113,PURCHASE OF COMPUTERS,70454,AIR TRANSPORT,41120600,EZZA SOUTH,18100124000300,Airways - General
Procurement of 1No Television set for use at the general office,1500000.0,1500000.0,0.0,0.0,0.0,0.0,453,0.75572,0.77369,023000100100,Ministry of Aviation and Technology,23010112,PURCHASE OF OFFICE FURNITURE AND FITTINGS,70454,AIR TRANSPORT,41120600,EZZA SOUTH,18100124000400,Airways - General
"Procurement of 3No Refridgerator for use at the Offices of the Admin, PRS and Accountant",2000000.0,2000000.0,0.0,0.0,0.0,0.0,453,0.77941,0.79739,023000100100,Ministry of Aviation and Technology,23010112,PURCHASE OF OFFICE FURNITURE AND FITTINGS,70454,AIR TRANSPORT,41120600,EZZA SOUTH,18100124000500,Airways - General
Rehabilitation of the Terminal Building/Control of the water leackage,500000000.0,500000000.0,94757150.0,1000000000.0,1000000000.0,0.0,453,0.8031,0.82108,023000100100,Ministry of Aviation and Technology,23030116,REHABILITATION / REPAIRS - AIR-PORT / AERODROMES,70454,AIR TRANSPORT,41120600,EZZA SOUTH,18100124000600,Airways - General
Construction of security buildings in the 9 locations of weather equipment,100000000.0,100000000.0,0.0,100000000.0,100000000.0,0.0,453,0.82761,0.84559,023000100100,Ministry of Aviation and Technology,23020117,CONSTRUCTION / PROVISION OF AIR- PORT / AERODROMES,70454,AIR TRANSPORT,41120600,EZZA SOUTH,18100124000700,Airways - General
Fortification of Airport Fencing,50000000.0,50000000.0,0.0,50000000.0,50000000.0,0.0,453,0.85131,0.86928,023000100100,Ministry of Aviation and Technology,23020122,CONSTRUCTION OF BOUNDARY PILLARS/ RIGHT OF WAYS,70454,/ 70454 - AIR TRANSPORT,41120600,EZZA SOUTH,18100124000800,Airways - General
Procurement and Installation of Airfield Lightening,50000000.0,200000000.0,50000000.0,50000000.0,50000000.0,0.0,453,0.875,0.89297,023000100100,Ministry of Aviation and Technology,23030116,REHABILITATION / REPAIRS - AIR-PORT / AERODROMES,70454,AIR TRANSPORT,41120600,EZZA SOUTH 431,18100124000900,Airways - General
"Procurement of Electrical tool box,safety helmet,Hand glove,Safety boot,Reflective Jackets,Measuring tape,Drilling and cutting Machines",50000000.0,130000000.0,50000000.0,0.0,0.0,0.0,454,0.10948,0.12745,023000100100,Ministry of Aviation and Technology,23010138,PURCHASE OF AERO SPARES/MAINTENANCE,70454,AIR TRANSPORT,41120600,EZZA SOUTH,18100124001000,Airways - General
"Procurement of 100No. walking talking equipment for departments of safety, operation, security",50000000.0,50000000.0,0.0,3000000.0,3000000.0,0.0,454,0.15114,0.16912,023000100100,Ministry of Aviation and Technology,23030116,REHABILITATION / REPAIRS - AIR-PORT / AERODROMES,70454,AIR TRANSPORT,41120600,EZZA SOUTH,18100124001100,Airways - General
Purchase of 5No. Motorcycles,0.0,0.0,0.0,0.0,0.0,0.0,454,0.17565,0.19363,023000100100,Ministry of Aviation and Technology,23010105,PURCHASE OF MOTOR VEHICLES,70454,AIR TRANSPORT,41120600,EZZA SOUTH,18100124001300,Airways - General
Procurements of Security and Fire Fighting Kits,0.0,0.0,0.0,50000000.0,50000000.0,0.0,454,0.19363,0.2116,023000100100,Ministry of Aviation and Technology,23010123,PURCHASE OF FIRE FIGHTING EQUIPMENT,70454,AIR TRANSPORT,41120600,EZZA SOUTH,18100124001400,Airways - General
Rehabilitation of Airport Control Tower,0.0,0.0,0.0,100000000.0,100000000.0,0.0,454,0.21732,0.23529,023000100100,Ministry of Aviation and Technology,23030116,REHABILITATION / REPAIRS - AIR-PORT / AERODROMES,70454,AIR TRANSPORT,41120600,EZZA SOUTH,18100124001500,Airways - General
Completion of the Airport main gate,0.0,0.0,0.0,20000000.0,20000000.0,0.0,454,0.24101,0.25899,023000100100,Ministry of Aviation and Technology,23030116,REHABILITATION / REPAIRS - AIR-PORT / AERODROMES,70454,AIR TRANSPORT,41120600,EZZA SOUTH,18100124001500,Airways - General
Construction of Abofia - Internal Road in Ebonyi LGA,0.0,0.0,0.0,3000000000.0,3000000000.0,0.0,454,0.32516,0.34314,023400100100,Ministry of Works,23020114,CONSTRUCTION / PROVISION OF ROADS,70443,CONSTRUCTION,41110400,EBONYI,17100121002500,Road - General
Construction of Ndiofutu-Amachi Road (10km),0.0,0.0,0.0,4000000000.0,4000000000.0,0.0,454,0.34886,0.36683,023400100100,Ministry of Works,23020114,CONSTRUCTION / PROVISION OF ROADS,70443,CONSTRUCTION,41110100,ABAKALIKI,17100121002600,Road - General
Construction of Obegu - Egwudilegu - Ibom - Ndegu Amachi Road,0.0,0.0,0.0,3000000000.0,3000000000.0,0.0,454,0.37255,0.39052,023400100100,Ministry of Works,23020114,CONSTRUCTION / PROVISION OF ROADS,70443,CONSTRUCTION,41110400,EBONYI,17100121002700,Road - General
Construction of 2 Span bridge @ chainage 11+360 along Hill Top Nwofe Ovuduechi in Izzi LGA,0.0,0.0,0.0,656000000.0,656000000.0,0.0,454,0.40278,0.42075,023400100100,Ministry of Works,23020114,CONSTRUCTION / PROVISION OF ROADS,70443,CONSTRUCTION,41111000,IZZI,17100121003000,Road - General
Construction of 3 Span bridge @ chainage 4+033 along Hill Top Nwofe Ovuduechi in Izzi LGA,0.0,0.0,0.0,757000000.0,757000000.0,0.0,454,0.43873,0.4567,023400100100,Ministry of Works,23020114,CONSTRUCTION / PROVISION OF ROADS,70443,CONSTRUCTION,41111000,IZZI,17100121003100,Road - General
Construction of 2 Span bridge @ chainage 2+260 along Hill Top Nwofe Ovuduechi in Izzi LGA,0.0,0.0,0.0,652000000.0,652000000.0,0.0,454,0.47467,0.49265,023400100100,Ministry of Works,23020114,CONSTRUCTION / PROVISION OF ROADS,70443,CONSTRUCTION,41111000,IZZI,17100121003200,Road - General
Construction of Southern Ring Road,0.0,0.0,0.0,0.0,0.0,0.0,454,0.50408,0.52206,023400100100,Ministry of Works,23020114,CONSTRUCTION / PROVISION OF ROADS,70443,CONSTRUCTION,41120700,IKWO,07100123002500,Gender - General
Constrcution of Enyibichiri Ojon Nwida Agricultural Road (12.4km) in Ikwo LGA for food production,20000000.0,20000000.0,0.0,0.0,0.0,0.0,454,0.53431,0.55229,023400100100,Ministry of Works,23020114,CONSTRUCTION / PROVISION OF ROADS,70443,CONSTRUCTION,41120700,IKWO,07100123002600,Gender - General
Construction of Eworoshade- Nduegu-Amegu Agricultural Road (5km) for food production,2000000000.0,2000000000.0,0.0,1000000000.0,1000000000.0,0.0,454,0.56373,0.5817,023400100100,Ministry of Works,23020114,) 23020114 - CONSTRUCTION / PROVISION OF ROADS,70443,CONSTRUCTION,41120700,IKWO,07100123002700,Gender - General
Construction of Abakaliki Internal Roads,5000000000.0,10000000000.0,6106174170.98,4000000000.0,4000000000.0,0.0,454,0.58824,0.60621,023400100100,Ministry of Works,23020114,CONSTRUCTION / PROVISION OF ROADS,70443,CONSTRUCTION,41110100,ABAKALIKI,07100123002800,Gender - General
Construction of Agbaja - Ndiebour Access road with Spur to Nkaliki (11.3km)in Abakaliki LGA,863800000.0,863800000.0,0.0,800000000.0,800000000.0,0.0,454,0.61193,0.6299,023400100100,Ministry of Works,23020114,CONSTRUCTION / PROVISION OF ROADS,70443,CONSTRUCTION,41110100,ABAKALIKI,07100123002800,Gender - General
Construction of Nkwo Ugwulangwu through Onummahi Nwafor Agbaja to Ehimehi Amelu Okposi with a spur at Eke Okposi (12.6km),2000000000.0,2000000000.0,35496883.5,1000000000.0,1000000000.0,0.0,454,0.64134,0.65931,023400100100,Ministry of Works,23020114,CONSTRUCTION / PROVISION OF ROADS,70443,CONSTRUCTION,41131100,OHAOZARA,07100123002800,Gender - General
Construction of Umuchima- Nkerefi road with spur to Urobo in Uburu (3.5km),500000000.0,500000000.0,73662792.99,100000000.0,100000000.0,0.0,454,0.67157,0.68954,023400100100,Ministry of Works,23020114,u 23020114 - CONSTRUCTION / PROVISION OF ROADS,70443,CONSTRUCTION,41131100,OHAOZARA,07100123002800,Gender - General
Construction of Court Area- Isinkwo- Ojigwe- Obuegu Mgbom road (9km),2000000000.0,2000000000.0,228860761.56,100000000.0,100000000.0,0.0,454,0.69526,0.71324,023400100100,Ministry of Works,23020114,CONSTRUCTION / PROVISION OF ROADS,70443,CONSTRUCTION,41131100,OHAOZARA,07100123002800,Gender - General
Purchase of 1nos. Of Photocopying machine for the office use,7200000.0,7200000.0,0.0,0.0,0.0,0.0,454,0.71977,0.73775,023400100100,Ministry of Works,23010115,PURCHASE OF PHOTOCOPYING MACHINES,70443,CONSTRUCTION,41110100,ABAKALIKI,07100123002800,Gender - General
Purchase of 3 nos. of 2023 Hilux Van,150000000.0,150000000.0,0.0,0.0,0.0,0.0,454,0.73775,0.75572,023400100100,Ministry of Works,23010106,PURCHASE OF VANS,70443,CONSTRUCTION,41110100,ABAKALIKI,07100123002800,Gender - General
Purchase of 2No. Desktop computers for the Admin and PRS office,3000000.0,3000000.0,0.0,0.0,0.0,0.0,454,0.75572,0.77369,023400100100,Ministry of Works,23010113,PURCHASE OF COMPUTERS,70443,CONSTRUCTION,41110100,ABAKALIKI,07100123002800,Gender - General
"Construction of Ndiechi- Offerekpe- Achacha road, Igbeagu, Izzi LGA (29.8KM)",2000000000.0,2000000000.0,0.0,2000000000.0,2000000000.0,0.0,454,0.77941,0.79739,023400100100,Ministry of Works,23020114,CONSTRUCTION / PROVISION OF ROADS,70443,CONSTRUCTION,41111000,IZZI,07100123002800,Gender - General
"Construction of Road to Mechanical Workshop at Block 9 Centenary City, Abakaliki",60000000.0,60000000.0,0.0,100000000.0,100000000.0,0.0,454,0.8031,0.82108,023400100100,Ministry of Works,23020114,CONSTRUCTION / PROVISION OF ROADS,70443,CONSTRUCTION,41110100,ABAKALIKI,07100123002800,Gender - General
"Purchase of 2nos. Towing van @ 80,000,000.00",160000000.0,160000000.0,0.0,60000000.0,60000000.0,0.0,454,0.82108,0.83905,023400100100,Ministry of Works,23010106,PURCHASE OF VANS,70443,CONSTRUCTION,41110100,ABAKALIKI,07100123002800,Gender - General
"Installation of 100No. road signs @ 80,000",10000000.0,10000000.0,0.0,400000000.0,400000000.0,0.0,454,0.83905,0.85703,023400100100,Ministry of Works,23020118,CONSTRUCTION / PROVISION OF INFRASTRUCTURE,70443,CONSTRUCTION,41110100,ABAKALIKI,07100123002800,Gender - General
Landscaping of block 9 centenary city,20000000.0,20000000.0,0.0,0.0,0.0,0.0,454,0.86275,0.88072,023400100100,Ministry of Works,23020118,CONSTRUCTION / PROVISION OF INFRASTRUCTURE,70443,CONSTRUCTION,41110100,ABAKALIKI,07100123002800,Gender - General
Construction of Ezillo-Ezzagu Road (21.288km),3000000000.0,3000000000.0,712848141.51,2000000000.0,2000000000.0,0.0,454,0.88725,0.90523,023400100100,Ministry of Works,23020114,CONSTRUCTION / PROVISION OF ROADS,70443,CONSTRUCTION,41120800,ISHIELU 432,07100123002800,Gender - General
"Construction of Owutu-Eketa Letu Ugwufie - Ekata - Letu Road, Edda (CCD)",2000000000.0,2000000000.0,0.0,1500000000.0,1500000000.0,0.0,455,0.09722,0.1152,023400100100,Ministry of Works,23020114,CONSTRUCTION / PROVISION OF ROADS,70443,CONSTRUCTION,41130300,AFIKPO SOUTH EDDA,07100123002800,Gender - General
Construction of Ezillo- Amanze internal road,2000000000.0,2000000000.0,0.0,500000000.0,500000000.0,0.0,455,0.12173,0.13971,023400100100,Ministry of Works,23020114,CONSTRUCTION / PROVISION OF ROADS,70443,CONSTRUCTION,41120800,ISHIELU,07100123002800,Gender - General
Construction of Isu- Ezzagu- Enugu road,2000000000.0,2000000000.0,1567985963.28,3000000000.0,3000000000.0,0.0,455,0.14542,0.1634,023400100100,Ministry of Works,23020114,CONSTRUCTION / PROVISION OF ROADS,70443,CONSTRUCTION,41131300,ONICHA,07100123002800,Gender - General
Construction of Iziogo- Onuenyim Road (12km),2000000000.0,2450000000.0,1215320248.96,2500000000.0,2500000000.0,0.0,455,0.16912,0.18709,023400100100,Ministry of Works,23020114,CONSTRUCTION / PROVISION OF ROADS,70443,CONSTRUCTION,41111000,IZZI,07100123002800,Gender - General
Construction of Mbamini- Rounder road in Nkaleke Ebonyi LGA (11.5km),2000000000.0,2000000000.0,0.0,3500000000.0,3500000000.0,0.0,455,0.19363,0.2116,023400100100,Ministry of Works,23020114,CONSTRUCTION / PROVISION OF ROADS,70443,CONSTRUCTION,41110400,EBONYI,07100123002800,Gender - General
Construction of Ndiofutu- Agalegu Road in Amachi Abakaliki LGA,2000000000.0,2000000000.0,0.0,4000000000.0,4000000000.0,0.0,455,0.21732,0.23529,023400100100,Ministry of Works,23020114,CONSTRUCTION / PROVISION OF ROADS,70443,CONSTRUCTION,41111000,IZZI,07100123002800,Gender - General
Construction of Onuakpara- Azuoffia Road in Abakaliki LGA,2000000000.0,2000000000.0,0.0,4000000000.0,4000000000.0,0.0,455,0.24101,0.25899,023400100100,Ministry of Works,23020114,CONSTRUCTION / PROVISION OF ROADS,70443,CONSTRUCTION,41110100,ABAKALIKI,07100123002800,Gender - General
Construction of Odumoke - Egudenagu Road in Ebonyi LGA,2000000000.0,2000000000.0,477531009.8,0.0,0.0,0.0,455,0.26471,0.28268,023400100100,Ministry of Works,23020114,CONSTRUCTION / PROVISION OF ROADS,70443,CONSTRUCTION,41110400,EBONYI,07100123002800,Gender - General
Construction of Amuzu Igbeagu- Ndidoko Ameka Road (10.8km),2000000000.0,2000000000.0,0.0,3000000000.0,3000000000.0,0.0,455,0.28922,0.30719,023400100100,Ministry of Works,23020114,CONSTRUCTION / PROVISION OF ROADS,70443,CONSTRUCTION,41111000,IZZI,07100123002800,Gender - General
Construction of 1No. Tunnel at Vanco Junction to Old Abakpa Market,12000000000.0,12000000000.0,0.0,8000000000.0,8000000000.0,0.0,455,0.31291,0.33088,023400100100,Ministry of Works,23020114,CONSTRUCTION / PROVISION OF ROADS,70443,CONSTRUCTION,41110100,ABAKALIKI,07100123002800,Gender - General
Construction of road both Afikpo and Ogoja Road,3000000000.0,3000000000.0,1290852782.4,4000000000.0,4000000000.0,0.0,455,0.3366,0.35458,023400100100,Ministry of Works,23020114,CONSTRUCTION / PROVISION OF ROADS,70443,CONSTRUCTION,41110100,ABAKALIKI,07100123002800,Gender - General
Construction of Abina-Ndiagu Amagu Road in Ikwo LGA (constituency project),0.0,0.0,0.0,2000000000.0,2000000000.0,0.0,455,0.36111,0.37908,023400100100,Ministry of Works,23020114,y 23020114 - CONSTRUCTION / PROVISION OF ROADS,70443,CONSTRUCTION,41120700,IKWO,07100123002800,Gender - General
"Construction of Agubata Ndiachi-Ndinweze-Ndieshia Road and Spurs (5,164.46 Meters) in Izzi Local Government Area of Ebonyi State",0.0,400000000.0,0.0,2000000000.0,2000000000.0,0.0,455,0.39052,0.4085,023400100100,Ministry of Works,23020114,CONSTRUCTION / PROVISION OF ROADS,70443,CONSTRUCTION,41111000,IZZI,07100123002800,Gender - General
Construction of 13 Kilometer Igboji - Odumowo Road in Ikwo Local Government Area of Ebonyi State,0.0,800000000.0,0.0,1000000000.0,1000000000.0,0.0,455,0.42647,0.44444,023400100100,Ministry of Works,23020114,CONSTRUCTION / PROVISION OF ROADS,70443,CONSTRUCTION,41120700,IKWO,07100123002800,Gender - General
"Construction of 2,150.25 Meter of Okpoduma Nwofe Road Phase I in Izzi Local Government Area of Ebonyi State",0.0,520000000.0,0.0,500000000.0,500000000.0,0.0,455,0.46242,0.48039,023400100100,Ministry of Works,23020114,CONSTRUCTION / PROVISION OF ROADS,70443,CONSTRUCTION,41111000,IZZI,07100123002800,Gender - General
The Reconstruction of Obvudechi- Iziogo Road (18.98m),0.0,5000000000.0,0.0,700000000.0,700000000.0,0.0,455,0.49265,0.51062,023400100100,Ministry of Works,23020114,CONSTRUCTION / PROVISION OF ROADS,70443,CONSTRUCTION,41111000,IZZI,07100123002800,Gender - General
Construction of Offerekpe Agbaja Internal Road in Izzi LGA (31.52Km),0.0,7500000000.0,0.0,3000000000.0,3000000000.0,0.0,455,0.51634,0.53431,023400100100,Ministry of Works,23020114,CONSTRUCTION / PROVISION OF ROADS,70443,CONSTRUCTION,41111000,IZZI,07100123002800,Gender - General
Construction of Dual Carriage Way from Water Works Road to Obvudechi Phase 1 (19.750Km),0.0,1300000000.0,0.0,8000000000.0,8000000000.0,0.0,455,0.54003,0.55801,023400100100,Ministry of Works,23020114,CONSTRUCTION / PROVISION OF ROADS,70443,CONSTRUCTION,41111000,IZZI,07100123002800,Gender - General
Construction of Ogbaga-Nwofe Road Lot 2 CH10+000 to CH23+000 (13Km) in Abakaliki/Izzi Local Government Area.,0.0,550000000.0,0.0,0.0,0.0,0.0,455,0.57026,0.58824,023400100100,Ministry of Works,23020114,CONSTRUCTION / PROVISION OF ROADS,70443,CONSTRUCTION,41110100,ABAKALIKI,07100123002800,Gender - General
Construction of 8 Span Bridge at Enyim River Phase 1 & 2,0.0,1190000000.0,0.0,600000000.0,600000000.0,0.0,455,0.59967,0.61765,023400100100,Ministry of Works,23020114,CONSTRUCTION / PROVISION OF ROADS,70443,CONSTRUCTION,41110400,EBONYI,07100123002800,Gender - General
"Construction of Concrete Rigid Pavement (5,843.00M) Phase 1 and 2, from TTC-Iboko Road in Izzi Local Government Area",0.0,1700000000.0,0.0,0.0,0.0,0.0,455,0.6299,0.64788,023400100100,Ministry of Works,23020114,", 23020114 - CONSTRUCTION / PROVISION OF ROADS",70443,CONSTRUCTION,41111000,IZZI,07100123002800,Gender - General
"Construction of Randa - Ugbodo - Odomoke Road Phase 1,2 &3 (Length: 3,000 Meters) in Izzi Local Government Area",0.0,2500000000.0,0.0,0.0,0.0,0.0,455,0.66585,0.68382,023400100100,Ministry of Works,23020114,CONSTRUCTION / PROVISION OF ROADS,70443,CONSTRUCTION,41111000,IZZI,07100123002800,Gender - General
"Construction of 11.185Km Road at Agbaja-Ebia-Unuhu Nkaliki Primary School in Abakaliki Local Government Area, Ebonyi State.",0.0,222000000.0,0.0,0.0,0.0,0.0,455,0.7018,0.71977,023400100100,Ministry of Works,23020114,y 23020114 - CONSTRUCTION / PROVISION OF ROADS,70443,CONSTRUCTION,41110100,ABAKALIKI,07100123002800,Gender - General
Construction of 1.76KM Achara Unuhu Road Phase 1 in Abakaliki Local Government Area of Ebonyi State.,0.0,200000000.0,0.0,100000000.0,100000000.0,0.0,455,0.73775,0.75572,023400100100,Ministry of Works,23020114,CONSTRUCTION / PROVISION OF ROADS,70443,CONSTRUCTION,41110100,ABAKALIKI,07100123002800,Gender - General
"Construction of 4,128.11M Internal Roads within Izzo Housing Project in Ishielu Local Government Area.",0.0,1000000000.0,0.0,500000000.0,500000000.0,0.0,455,0.77369,0.79167,023400100100,Ministry of Works,23020114,t 23020114 - CONSTRUCTION / PROVISION OF ROADS,70443,CONSTRUCTION,41120800,ISHIELU,07100123002800,Gender - General
Construction of 3000M Internal Road within Ame-eze Housing Project Lot 2 in Ishielu Local Government Area,0.0,900000000.0,0.0,200000000.0,200000000.0,0.0,455,0.80882,0.8268,023400100100,Ministry of Works,23020114,t 23020114 - CONSTRUCTION / PROVISION OF ROADS,70443,CONSTRUCTION,41120800,ISHIELU,07100123002800,Gender - General
"Construction of 7.23Km Izhiogo-Ndiokeda Road (Section 1,2 &3: 2.41km), Izzi LGA.",0.0,810000000.0,0.0,200000000.0,200000000.0,0.0,455,0.83905,0.85703,023400100100,Ministry of Works,23020114,CONSTRUCTION / PROVISION OF ROADS,70443,CONSTRUCTION,41111000,IZZI,07100123002800,Gender - General
"Construction of Ndinwangba-Okponga- Oza Road, (2000m) in Izzi LGA, Ebonyi State",0.0,0.0,0.0,1000000000.0,1000000000.0,0.0,455,0.86275,0.88072,023400100100,Ministry of Works,23020114,", 23020114 - CONSTRUCTION / PROVISION OF ROADS",70443,CONSTRUCTION,41111000,IZZI,07100123002800,Gender - General
Construction of Nwandugo - Ndiagu Azu Achara Road (length 3056.53m) in Ikwo LGA,0.0,0.0,0.0,1000000000.0,1000000000.0,0.0,455,0.88725,0.90523,023400100100,Ministry of Works,23020114,CONSTRUCTION / PROVISION OF ROADS,70443,CONSTRUCTION,41120700,IKWO 433,07100123002800,Gender - General
Construction of Hilltop - Nwofe Junction Flyover in Ebonyi LGA,0.0,4250000000.0,0.0,8000000000.0,8000000000.0,0.0,456,0.09722,0.1152,023400100100,Ministry of Works,23020114,CONSTRUCTION / PROVISION OF ROADS,70443,CONSTRUCTION,41110400,EBONYI,07100123002800,Gender - General
Construction of entrance road to the Muncipal waste plant at Umuoghara,0.0,0.0,0.0,0.0,0.0,0.0,456,0.12173,0.13971,023400100100,Ministry of Works,23020114,CONSTRUCTION / PROVISION OF ROADS,70443,CONSTRUCTION,41120500,EZZA,07100123002800,Gender - General
Construction of road dualization of Rt. Hon. Francis Ogbonna Nwifuru Avenue (933.76) in Izzi LGA,0.0,0.0,0.0,0.0,0.0,0.0,456,0.15114,0.16912,023400100100,Ministry of Works,23020114,CONSTRUCTION / PROVISION OF ROADS,70443,CONSTRUCTION,41111000,IZZI,07100123002800,Gender - General
"Construction of Joseph Ogbume-Akaeme-Nwanbuike Street, from Hatchery layout to Nkaliki road.",0.0,0.0,0.0,0.0,0.0,0.0,456,0.18709,0.20507,023400100100,Ministry of Works,23020114,CONSTRUCTION / PROVISION OF ROADS,70443,CONSTRUCTION,41110100,ABAKALIKI,07100123002800,Gender - General
Construction of Ishieke Odomoke- Ekebeligwe- Isophu- Nwore Road in Abakaliki/ Izzi LGA (12.802km),0.0,0.0,0.0,0.0,0.0,0.0,456,0.22304,0.24101,023400100100,Ministry of Works,23020114,CONSTRUCTION / PROVISION OF ROADS,70443,CONSTRUCTION,41111000,IZZI,07100123002800,Gender - General
Asphalting of Dual Carriage and Milky of the Estate course and primary,0.0,0.0,0.0,5000000000.0,5000000000.0,0.0,456,0.25327,0.27124,023400100100,Ministry of Works,23020114,CONSTRUCTION / PROVISION OF ROADS,70443,CONSTRUCTION,41110400,EBONYI,07100123002800,Gender - General
"Construction of 3 span bridge at Akadoro river, Alubeleke Ezza North ,LGA",0.0,0.0,0.0,500000000.0,500000000.0,0.0,456,0.27696,0.29493,023400100100,Ministry of Works,23020114,CONSTRUCTION / PROVISION OF ROADS,70443,CONSTRUCTION,41120500,EZZA,07100123002800,Gender - General
"Construction of 3 Span bridge along Ekka Inyere Road , Akadoro River, Ezza North LGA.",0.0,0.0,0.0,500000000.0,500000000.0,0.0,456,0.30065,0.31863,023400100100,Ministry of Works,23020114,CONSTRUCTION / PROVISION OF ROADS,70443,CONSTRUCTION,41120500,EZZA,07100123002800,Gender - General
"Construction of 3-span bridges 2no Box Culverts at Ike River, Amaeke Ishiagu.",0.0,0.0,0.0,500000000.0,500000000.0,0.0,456,0.32516,0.34314,023400100100,Ministry of Works,23020114,CONSTRUCTION / PROVISION OF ROADS,70443,CONSTRUCTION,41120800,ISHIELU,07100123002800,Gender - General
Construction of Ugbala Ohagelode Road 6.073.52 meters in Izzi LGA,0.0,0.0,0.0,3200000000.0,3200000000.0,0.0,456,0.34886,0.36683,023400100100,Ministry of Works,23020114,CONSTRUCTION / PROVISION OF ROADS,70443,CONSTRUCTION,41111000,IZZI,07100123002800,Gender - General
Construction of Onunambara Odomoke Road (8km),0.0,0.0,0.0,2000000000.0,2000000000.0,0.0,456,0.37255,0.39052,023400100100,Ministry of Works,23020114,CONSTRUCTION / PROVISION OF ROADS,70443,CONSTRUCTION,41111000,IZZI,07100123002800,Gender - General
Construction of 13.40km Oriuzor Road,0.0,0.0,0.0,2000000000.0,2000000000.0,0.0,456,0.39624,0.41422,023400100100,Ministry of Works,23020114,CONSTRUCTION / PROVISION OF ROADS,70443,CONSTRUCTION,41120600,EZZA SOUTH,07100123002800,Gender - General
"Construction of Eze, Amagu, Ukoku Etta Okpuitumo Road (12km)",0.0,0.0,0.0,4500000000.0,4500000000.0,0.0,456,0.42075,0.43873,023400100100,Ministry of Works,23020114,CONSTRUCTION / PROVISION OF ROADS,70443,CONSTRUCTION,41120700,IKWO,07100123002800,Gender - General
Construction of Abonyi Okpoto Road (10.5km) in Ishielu LGA,0.0,0.0,0.0,4000000000.0,4000000000.0,0.0,456,0.44444,0.46242,023400100100,Ministry of Works,23020114,CONSTRUCTION / PROVISION OF ROADS,70443,CONSTRUCTION,41120800,ISHIELU,07100123002800,Gender - General
Construction of Nwofe Okalaru Iboko Road 29km in Izzi LGA,0.0,0.0,0.0,5000000000.0,5000000000.0,0.0,456,0.46814,0.48611,023400100100,Ministry of Works,23020114,CONSTRUCTION / PROVISION OF ROADS,70443,CONSTRUCTION,41111000,IZZI,07100123002800,Gender - General
Construction of Odunukwe Agagboriga - Nkaliki Road (8km),0.0,0.0,0.0,2700000000.0,2700000000.0,0.0,456,0.49265,0.51062,023400100100,Ministry of Works,23020114,CONSTRUCTION / PROVISION OF ROADS,70443,CONSTRUCTION,41110100,ABAKALIKI,07100123002800,Gender - General
Construction of Ugbalaiga-Ohagaledo Road (6.093km) in Izzi,0.0,0.0,0.0,4000000000.0,4000000000.0,0.0,456,0.51634,0.53431,023400100100,Ministry of Works,23020114,CONSTRUCTION / PROVISION OF ROADS,70443,CONSTRUCTION,41111000,IZZI,07100123002800,Gender - General
Rehabilitation of Federal Roads in Abakaliki LGAs,400000000.0,400000000.0,0.0,400000000.0,400000000.0,0.0,456,0.61193,0.6299,023400400100,Ebonyi State Road Maintenance Agency (EBROMA),23030113,REHABILITATION / REPAIRS - ROADS,70451,ROAD TRANSPORT,41110100,ABAKALIKI,17100124000100,Road - General
Rehabilitation of State Roads/Streets in Abakaliki LGA,500000000.0,1500000000.0,500000000.0,600000000.0,600000000.0,0.0,456,0.63562,0.65359,023400400100,Ebonyi State Road Maintenance Agency (EBROMA),23030113,REHABILITATION / REPAIRS - ROADS,70451,ROAD TRANSPORT,41110100,ABAKALIKI,17100124000200,Road - General
Rehabilitation of State road in Ikwo LGA,0.0,0.0,0.0,5000000000.0,5000000000.0,0.0,456,0.65359,0.67157,023400400100,Ebonyi State Road Maintenance Agency (EBROMA),23030113,REHABILITATION / REPAIRS - ROADS,70451,ROAD TRANSPORT,41120700,IKWO,17100124000300,Road - General
Purchase of 2nos. Asphalt Concrete Cutting Machine,1500000.0,1500000.0,0.0,0.0,0.0,0.0,456,0.67157,0.68954,023400400100,Ebonyi State Road Maintenance Agency (EBROMA),23010139,PURCHASE OF OTHER FIXED ASSETS,70451,ROAD TRANSPORT,41110100,ABAKALIKI,17100124000800,Road - General
"Purchase of 10nos. Jack Hammer Machines @ N350,000.00 each",3500000.0,3500000.0,0.0,0.0,0.0,0.0,456,0.69526,0.71324,023400400100,Ebonyi State Road Maintenance Agency (EBROMA),23010129,PURCHASE OF INDUSTRIAL EQUIPMENT,70451,ROAD TRANSPORT,41110100,ABAKALIKI,17100124000100,Road - General
Purchase of 1nos. Poker/ concrete vibrator machine for use in the Civil Dept,1800000.0,1800000.0,0.0,0.0,0.0,0.0,456,0.71977,0.73775,023400400100,Ebonyi State Road Maintenance Agency (EBROMA),23010129,PURCHASE OF INDUSTRIAL EQUIPMENT,70451,ROAD TRANSPORT,41110100,ABAKALIKI,17100124000200,Road - General
"Purchase of 2Nos. 1m3 concrete mixer @3,000,000 each.",6000000.0,6000000.0,0.0,6000000.0,6000000.0,0.0,456,0.74346,0.76144,023400400100,Ebonyi State Road Maintenance Agency (EBROMA),23010129,PURCHASE OF INDUSTRIAL EQUIPMENT,70451,ROAD TRANSPORT,41110100,ABAKALIKI,17100124000300,Road - General
"Purchase of other light construction tools like wheelbarrow, digger, trowel and pumping machine",11850000.0,11850000.0,0.0,0.0,0.0,0.0,456,0.77369,0.79167,023400400100,Ebonyi State Road Maintenance Agency (EBROMA),23010139,PURCHASE OF OTHER FIXED ASSETS,70451,ROAD TRANSPORT,41110100,ABAKALIKI,17100124000400,Road - General
Construction of entrance road to the Park,0.0,0.0,0.0,200000000.0,200000000.0,0.0,456,0.86275,0.88072,022900100100,Ministry of Transport and Special Projects,23020114,CONSTRUCTION / PROVISION OF ROADS,70451,ROAD TRANSPORT,41110100,ABAKALIKI,17100125000100,Road - General
Installation of Trafick Light to some Junction,0.0,0.0,0.0,200000000.0,200000000.0,0.0,456,0.88725,0.90523,022900100100,Ministry of Transport and Special Projects,23020103,CONSTRUCTION / PROVISION OF ELECTRICITY,70451,ROAD TRANSPORT,41110100,ABAKALIKI 434,17100125000200,Road - General
Rehabilitation of Ministry of Transport and Special Projects Office,0.0,0.0,0.0,3000000.0,3000000.0,0.0,457,0.09722,0.1152,022900100100,Ministry of Transport and Special Projects,23030121,REHABILITATION / REPAIRS OF OFFICE BUILDINGS,70451,ROAD TRANSPORT,41110100,ABAKALIKI,17100125000300,Road - General
Purchase of 1no Tricycle and 2nos Motorcyles for Youth Empowerment,0.0,0.0,0.0,700000000.0,700000000.0,0.0,457,0.12173,0.13971,022900100100,Ministry of Transport and Special Projects,23010104,PURCHASE MOTOR CYCLES,70451,ROAD TRANSPORT,41110100,ABAKALIKI,17100125000400,Road - General
"Purchase 3nos HP Complete set of Desktop Computers for use in the offices Admin, Acct and PRS",7500000.0,7500000.0,0.0,0.0,0.0,0.0,457,0.15114,0.16912,022900100100,Ministry of Transport and Special Projects,23010113,PURCHASE OF COMPUTERS,70451,ROAD TRANSPORT,41110100,ABAKALIKI,17100125000600,Road - General
"Purchase of 300 tins of Paint for the registration/ Painting of Taxi & Tricycles with Ebonyi State Colour @25,000",7500000.0,7500000.0,0.0,0.0,0.0,0.0,457,0.18709,0.20507,022900100100,Ministry of Transport and Special Projects,23010139,PURCHASE OF OTHER FIXED ASSETS,70451,ROAD TRANSPORT,41110100,ABAKALIKI,17100125000700,Road - General
Construction and installation of road signs within the State Capital,20000000.0,20000000.0,0.0,20000000.0,20000000.0,0.0,457,0.21732,0.23529,022900100100,Ministry of Transport and Special Projects,23020114,CONSTRUCTION / PROVISION OF ROADS,70451,ROAD TRANSPORT,41110100,ABAKALIKI,17100125000800,Road - General
Purchase of 1no Buses for Transportation Services (Constituency Project),0.0,0.0,0.0,40000000.0,40000000.0,0.0,457,0.24101,0.25899,022900100100,Ministry of Transport and Special Projects,23010108,PURCHASE OF BUSES,70451,ROAD TRANSPORT,41110100,ABAKALIKI,17100125001100,Road - General
"Development of EBOCAB P,latform services and construction of EBOCAB Terminal in Ebonyi State.",0.0,285050000.0,0.0,0.0,0.0,0.0,457,0.27124,0.28922,022900100100,Ministry of Transport and Special Projects,23020101,CONSTRUCTION / PROVISION OF OFFICE BUILDINGS,70451,ROAD TRANSPORT,41141400,State Wide,17100125001200,Road - General
"Construction of Rigid Concrete Pavement, Kerb Laying and Landscaping of Ebonyi State CAB Terminal (EBOCAB), Abakiliki.",0.0,326924821.3,0.0,0.0,0.0,0.0,457,0.30719,0.32516,022900100100,Ministry of Transport and Special Projects,23020114,CONSTRUCTION / PROVISION OF ROADS,70451,ROAD TRANSPORT,41110100,ABAKALIKI,17100125001300,Road - General
"Purchase of 15no Office Tables with Arm Chairs for Admin, PRS, ACCT, PRO,TRANSPORT,ENGINEERS,AUDITOR,CASHIER,SA, SEC to Hon. Com, Sec to Perm. Sec @ 50,000",0.0,0.0,0.0,2250000.0,2250000.0,0.0,457,0.35458,0.37255,022900100100,Ministry of Transport and Special Projects,23010112,", 23010112 - PURCHASE OF OFFICE FURNITURE AND , FITTINGS",70451,ROAD TRANSPORT,41110100,ABAKALIKI,17100125001400,Road - General
Construction of Mechanic Workshop at EBOTRANS Headquarter,0.0,0.0,0.0,40000000.0,40000000.0,0.0,457,0.4567,0.47467,022900200100,Ebonyi State Transport Service (EBOTRANS),23020104,CONSTRUCTION / PROVISION OF HOUSING,70451,ROAD TRANSPORT,41110100,ABAKALIKI,17100124000100,Road - General
"Construction of Archival Complex, Administrative Office workshop, Storage area, Library, Search room and conference rooms.",100000000.0,100000000.0,0.0,0.0,0.0,0.0,457,0.54575,0.56373,023600100100,Ministry of Culture and Tourism,23020101,CONSTRUCTION / PROVISION OF OFFICE BUILDINGS,70821,CULTURAL SERVICES,41110100,ABAKALIKI,02100124000800,Societal Re- orientation - General
"Renovation of parks,(Amusement park,green park and Fatilami Abubarkar Abakaliki)",1500000000.0,1500000000.0,0.0,7000000000.0,7000000000.0,0.0,457,0.57598,0.59395,023600100100,Ministry of Culture and Tourism,23030118,REHABILITATION / REPAIRS - RECREATIONAL FACILITIES,70821,CULTURAL SERVICES,41110100,ABAKALIKI,02100124000900,Societal Re- orientation - General
Procurement of 2Nos modern swing equipment for the Amusement park,90000000.0,90000000.0,0.0,300000000.0,300000000.0,0.0,457,0.59967,0.61765,023600100100,Ministry of Culture and Tourism,23010130,PURCHASE OF RECREATIONAL FACILITIES,70821,CULTURAL SERVICES,41110100,ABAKALIKI,02100125001200,Societal Re- orientation - General
Purchase Of Musical Instruments/Costumes with Modern Bands,0.0,0.0,0.0,2000000.0,2000000.0,0.0,457,0.68382,0.7018,023600400100,Ebonyi State Council for Arts and Culture,23010130,PURCHASE OF RECREATIONAL FACILITIES,70821,CULTURAL SERVICES,41110400,EBONYI,02100124000100,Societal Re- orientation - General
"Purchase Of 6no. Office Tables And 12no. Chairs For The Geneeral Manager, Hods Of Acct Dept, Hod Admin, Hod Meuseum, Hod Research And Documentation And Prs Of The Council",2000000.0,2000000.0,0.0,0.0,0.0,0.0,457,0.72549,0.74346,023600400100,Ebonyi State Council for Arts and Culture,23010112,PURCHASE OF OFFICE FURNITURE AND FITTINGS,70821,CULTURAL SERVICES,41110100,ABAKALIKI,02100124000100,Societal Re- orientation - General
Refurblishment Of 1 No Hyundai Bus For The Office Use,2000000.0,2000000.0,0.0,4000000.0,4000000.0,0.0,457,0.76716,0.78513,023600400100,Ebonyi State Council for Arts and Culture,23010108,PURCHASE OF BUSES,70821,CULTURAL SERVICES,41110100,ABAKALIKI,02100124000100,Societal Re- orientation - General
Purchase Of Recreational Facilities,6000000.0,6000000.0,0.0,0.0,0.0,0.0,457,0.79167,0.80964,023600400100,Ebonyi State Council for Arts and Culture,23010130,PURCHASE OF RECREATIONAL FACILITIES,70821,CULTURAL SERVICES,41110100,ABAKALIKI,02100124000100,Societal Re- orientation - General
Publication of statistical year book. l,2000000.0,2000000.0,0.0,0.0,0.0,0.0,458,0.10376,0.12173,023800100100,"Ministry of Budget, Planning Research and Monitoring",23050101,RESEARCH AND DEVELOPMENT,70132,OVERALL PLANNING AND STATISTICAL SERVICES,41110100,ABAKALIKI,13100123000900,Reform of Government and Governance - General
"Payment of Government Counterpart Contribution Cash (GCCC )for , UNFPA",40720000.0,40720000.0,0.0,40000000.0,40000000.0,0.0,458,0.13971,0.15768,023800100100,"Ministry of Budget, Planning Research and Monitoring",23050101,RESEARCH AND DEVELOPMENT,70132,OVERALL PLANNING AND STATISTICAL SERVICES,41110100,ABAKALIKI,13100123001000,Reform of Government and Governance - General
"Purchase of 3No. Hp desktop computers for Budget Department,Acccounts Department and Admin",4000000.0,4000000.0,0.0,0.0,0.0,0.0,458,0.17565,0.19363,023800100100,"Ministry of Budget, Planning Research and Monitoring",23010113,PURCHASE OF COMPUTERS,70132,OVERALL PLANNING AND STATISTICAL SERVICES,41110100,ABAKALIKI,13100123001400,Reform of Government and Governance - General
Purchase of 1 No. Solar Power Inverter l,5000000.0,5000000.0,0.0,3700000.0,3700000.0,0.0,458,0.21078,0.22876,023800100100,"Ministry of Budget, Planning Research and Monitoring",23010139,PURCHASE OF OTHER FIXED ASSETS,70132,OVERALL PLANNING AND STATISTICAL SERVICES,41110100,ABAKALIKI,13100123001600,Reform of Government and Governance - General
"Preparation, production and printing of plan document. MTEF and capital budget of State LGA and DCs",15000000.0,15000000.0,5420000.0,0.0,0.0,0.0,458,0.24673,0.26471,023800100100,"Ministry of Budget, Planning Research and Monitoring",23010125,PURCHASE OF LIBRARY BOOKS & EQUIPMENT,70132,OVERALL PLANNING AND STATISTICAL SERVICES,41110100,ABAKALIKI,13100123001800,Reform of Government and Governance - General
Purchase of 1 No. 15KVA Generating Set for the Ministry l,6000000.0,6000000.0,0.0,0.0,0.0,0.0,458,0.28268,0.30065,023800100100,"Ministry of Budget, Planning Research and Monitoring",23010119,PURCHASE OF POWER GENERATING SET,70132,OVERALL PLANNING AND STATISTICAL SERVICES,41110100,ABAKALIKI,13100123001900,Reform of Government and Governance - General
NUT.6. COORDINATION. Furnishing of State Committee on Food and Nutrition Secretariat (SCFN) 1no set of uphosltry for Office use,10000000.0,10000000.0,0.0,5000000.0,5000000.0,5000000.0,458,0.31863,0.3366,023800100100,"Ministry of Budget, Planning Research and Monitoring",23010112,PURCHASE OF OFFICE FURNITURE AND FITTINGS,70132,OVERALL PLANNING AND STATISTICAL SERVICES,41110100,ABAKALIKI,13100123002000,Reform of Government and Governance - General
NUT.6. COORDINATION. Development of Nutrition workplan for 3 years,5000000.0,5000000.0,0.0,2900000.0,2900000.0,2900000.0,458,0.35458,0.37255,023800100100,"Ministry of Budget, Planning Research and Monitoring",23050101,RESEARCH AND DEVELOPMENT,70132,OVERALL PLANNING AND STATISTICAL SERVICES,41141400,State Wide,13100123002100,Reform of Government and Governance - General
Purchase of 3No. Fire Extinguishers for office use l,0.0,0.0,0.0,300000.0,300000.0,0.0,458,0.39052,0.4085,023800100100,"Ministry of Budget, Planning Research and Monitoring",23010123,PURCHASE OF FIRE FIGHTING EQUIPMENT,70132,OVERALL PLANNING AND STATISTICAL SERVICES,41110100,ABAKALIKI,13100123002200,Reform of Government and Governance - General
Establishment and production of manual for the conduct and harvesting of Citizens' input from various communities in the state,10000000.0,10000000.0,0.0,6000000.0,6000000.0,0.0,458,0.42647,0.44444,023800100100,"Ministry of Budget, Planning Research and Monitoring",23050103,MONITORING AND EVALUATION,70132,OVERALL PLANNING AND STATISTICAL SERVICES,41141400,State Wide,13100123002300,Reform of Government and Governance - General
Citizen Budget presentation and Dissemination l,10000000.0,10000000.0,5000000.0,0.0,0.0,0.0,458,0.46242,0.48039,023800100100,"Ministry of Budget, Planning Research and Monitoring",23010125,PURCHASE OF LIBRARY BOOKS & EQUIPMENT,70132,OVERALL PLANNING AND STATISTICAL SERVICES,41110100,ABAKALIKI,13100123002400,Reform of Government and Governance - General
Purchase of 1No. Risographic Photocopies machine for Admin. l,0.0,0.0,0.0,1000000.0,1000000.0,0.0,458,0.49837,0.51634,023800100100,"Ministry of Budget, Planning Research and Monitoring",23010115,PURCHASE OF PHOTOCOPYING MACHINES,70132,OVERALL PLANNING AND STATISTICAL SERVICES,41110100,ABAKALIKI,13100123002500,Reform of Government and Governance - General
Purchase of 1No. Refigerator for Administrative Depertments. l,0.0,0.0,0.0,1000000.0,1000000.0,0.0,458,0.53431,0.55229,023800100100,"Ministry of Budget, Planning Research and Monitoring",23010112,PURCHASE OF OFFICE FURNITURE AND FITTINGS,70132,OVERALL PLANNING AND STATISTICAL SERVICES,41110100,ABAKALIKI,13100123002700,Reform of Government and Governance - General
Purchase of 1No. Steel safe box for accountant office l,0.0,0.0,0.0,600000.0,600000.0,0.0,458,0.57026,0.58824,023800100100,"Ministry of Budget, Planning Research and Monitoring",23010128,PURCHASE OF SECURITY EQUIPMENT,70132,OVERALL PLANNING AND STATISTICAL SERVICES,41110100,ABAKALIKI,13100123002800,Reform of Government and Governance - General
"Payment of Government Counterpart Contribution Cash (GCCC )for , UNICEF",20000000.0,20000000.0,0.0,0.0,0.0,0.0,458,0.60621,0.62418,023800100100,"Ministry of Budget, Planning Research and Monitoring",23050101,RESEARCH AND DEVELOPMENT,70132,OVERALL PLANNING AND STATISTICAL SERVICES,41141400,State Wide,13100123002900,Reform of Government and Governance - General
"Payment of Government Counterpart Contribution Cash (GCCC )for , OGP",20000000.0,20000000.0,0.0,0.0,0.0,0.0,458,0.64134,0.65931,023800100100,"Ministry of Budget, Planning Research and Monitoring",23050101,RESEARCH AND DEVELOPMENT,70132,OVERALL PLANNING AND STATISTICAL SERVICES,41141400,State Wide,13100123003000,Reform of Government and Governance - General
Payment of Government Counterpart Contribution Cash (GCCC ) for the state,50000000.0,50000000.0,0.0,0.0,0.0,0.0,458,0.67729,0.69526,023800100100,"Ministry of Budget, Planning Research and Monitoring",23050101,RESEARCH AND DEVELOPMENT,70132,OVERALL PLANNING AND STATISTICAL SERVICES,41141400,State Wide,13100123003100,Reform of Government and Governance - General
NUT.6. COORDINATION Purchase of 10No. HP Laptop Office 365 SSD Hard drive Computers for Nutrition Office,0.0,0.0,0.0,40000000.0,40000000.0,40000000.0,458,0.71324,0.73121,023800100100,"Ministry of Budget, Planning Research and Monitoring",23010113,PURCHASE OF COMPUTERS,70132,OVERALL PLANNING AND STATISTICAL SERVICES,41141400,State Wide,13100123003300,Reform of Government and Governance - General
Counterpart Fund for NG-CARES SCCU Operational Fund l,0.0,0.0,0.0,100000000.0,100000000.0,0.0,458,0.74918,0.76716,023800100100,"Ministry of Budget, Planning Research and Monitoring",23050101,RESEARCH AND DEVELOPMENT,70132,OVERALL PLANNING AND STATISTICAL SERVICES,41141400,State Wide,13100123001500,Reform of Government and Governance - General
Publication of Statistical Year Book (SYB) l,3000000.0,3000000.0,0.0,1000000.0,1000000.0,0.0,458,0.84477,0.86275,023800200100,Ebonyi State Bureau of Statistics,23050101,RESEARCH AND DEVELOPMENT,70132,OVERALL PLANNING AND STATISTICAL SERVICES,41110100,ABAKALIKI,13100125004200,Reform of Government and Governance - General
"Statistical Survey and Determination of Gross Domestic Product (GDP), Poverty Mapping, Household Survey, Unpaid Care Work etc.",15000000.0,15000000.0,2500000.0,20000000.0,20000000.0,0.0,458,0.88072,0.89869,023800200100,Ebonyi State Bureau of Statistics,23050101,RESEARCH AND DEVELOPMENT,70132,OVERALL PLANNING AND STATISTICAL SERVICES,41141400,State Wide 436,13100125004300,Reform of Government and Governance - General
Purchase of 12 seater conference table for office use l,1200000.0,1200000.0,0.0,0.0,0.0,0.0,459,0.10376,0.12173,023800200100,Ebonyi State Bureau of Statistics,23010112,PURCHASE OF OFFICE FURNITURE AND FITTINGS,70132,OVERALL PLANNING AND STATISTICAL SERVICES,41110100,ABAKALIKI,13100125004400,Reform of Government and Governance - General
Purchase of 3 No. Fire Extinquishers for the Bureau l,0.0,0.0,0.0,300000.0,300000.0,0.0,459,0.13971,0.15768,023800200100,Ebonyi State Bureau of Statistics,23010123,PURCHASE OF FIRE FIGHTING EQUIPMENT,70132,OVERALL PLANNING AND STATISTICAL SERVICES,41110100,ABAKALIKI,13100125004900,Reform of Government and Governance - General
Development of electronic web-based dashboard for data collection and management of administrative Statistics,3000000.0,3000000.0,0.0,10000000.0,10000000.0,0.0,459,0.17565,0.19363,023800200100,Ebonyi State Bureau of Statistics,23050102,COMPUTER SOFTWARE ACQUISITION,70132,OVERALL PLANNING AND STATISTICAL SERVICES,41110100,ABAKALIKI,13100125004200,Reform of Government and Governance - General
Purchase of 40No. Redmi Tablet (CAPI) 4gb ram 128gb and Licensed Anti-Virus Software for the Bureau,4000000.0,4000000.0,0.0,20000000.0,20000000.0,0.0,459,0.21078,0.22876,023800200100,Ebonyi State Bureau of Statistics,23010113,PURCHASE OF COMPUTERS,70132,OVERALL PLANNING AND STATISTICAL SERVICES,41110100,ABAKALIKI,13100125004300,Reform of Government and Governance - General
Data Subscription for Internet facilities at the data bank l,3000000.0,3000000.0,0.0,0.0,0.0,0.0,459,0.24673,0.26471,023800200100,Ebonyi State Bureau of Statistics,23050102,COMPUTER SOFTWARE ACQUISITION,70132,OVERALL PLANNING AND STATISTICAL SERVICES,41110100,ABAKALIKI,13100125004400,Reform of Government and Governance - General
Purchase of 1No. 10KVA FIRMAN Generating set for office use l,0.0,0.0,0.0,3000000.0,3000000.0,0.0,459,0.34232,0.36029,025000100100,Fiscal Responsibility Commission,23010119,PURCHASE OF POWER GENERATING SET,70112,FINANCIAL AND FISCAL AFFAIRS,41110400,EBONYI,13100124004000,Reform of Government and Governance - General
Procurment of financial mgt for use in the commission Accounting system (DFMAS),2000000.0,2000000.0,0.0,0.0,0.0,0.0,459,0.37827,0.39624,025000100100,Fiscal Responsibility Commission,23050102,COMPUTER SOFTWARE ACQUISITION,70112,FINANCIAL AND FISCAL AFFAIRS,41110400,EBONYI,13100124004000,Reform of Government and Governance - General
Purchase of 2 Nos. HP Computer printers for the PRS & Accounts l,3000000.0,3000000.0,3000000.0,0.0,0.0,0.0,459,0.41422,0.43219,025000100100,Fiscal Responsibility Commission,23010114,PURCHASE OF COMPUTER PRINTERS,70112,FINANCIAL AND FISCAL AFFAIRS,41110400,EBONYI,13100124004000,Reform of Government and Governance - General
Purchase 1Nos. Photocopier to the office of the Admin l,1500000.0,1500000.0,1500000.0,0.0,0.0,0.0,459,0.45016,0.46814,025000100100,Fiscal Responsibility Commission,23010115,PURCHASE OF PHOTOCOPYING MACHINES,70112,FINANCIAL AND FISCAL AFFAIRS,41110400,EBONYI,13100124004000,Reform of Government and Governance - General
Purchase of 5Nos. HP Laptop Computer for investigation activites l,4000000.0,4000000.0,4000000.0,0.0,0.0,0.0,459,0.48611,0.50408,025000100100,Fiscal Responsibility Commission,23010113,PURCHASE OF COMPUTERS,70112,FINANCIAL AND FISCAL AFFAIRS,41110400,EBONYI,13100124004000,Reform of Government and Governance - General
"Procurement of 1 No Projector, screen & stand for training activities l",1000000.0,1000000.0,0.0,0.0,0.0,0.0,459,0.52206,0.54003,025000100100,Fiscal Responsibility Commission,23010139,PURCHASE OF OTHER FIXED ASSETS,70112,FINANCIAL AND FISCAL AFFAIRS,41110400,EBONYI,13100124004000,Reform of Government and Governance - General
d Drilling of Boreholes in Ohaukwu North,0.0,0.0,0.0,40000000.0,40000000.0,0.0,459,0.61193,0.6299,025200100100,Ministry of Water Resources,23020105,CONSTRUCTION / PROVISION OF WATER FACILITIES,70631,WATER SUPPLY,41111200,OHAUKWU,10100122000100,Water Resources and Rural Deve - General
d Drilling of Boreholes in Ebonyi North West,0.0,0.0,0.0,40000000.0,40000000.0,0.0,459,0.63562,0.65359,025200100100,Ministry of Water Resources,23020105,CONSTRUCTION / PROVISION OF WATER FACILITIES,70631,WATER SUPPLY,41110400,EBONYI,10100122000200,Water Resources and Rural Deve - General
d Drilling of Boreholes in IkwoNorth,0.0,0.0,0.0,40000000.0,40000000.0,0.0,459,0.66013,0.6781,025200100100,Ministry of Water Resources,23020105,CONSTRUCTION / PROVISION OF WATER FACILITIES,70631,WATER SUPPLY,41120700,IKWO,10100122000300,Water Resources and Rural Deve - General
d Construction of ongoing Ivo Water Scheme project,300000000.0,300000000.0,0.0,500000000.0,500000000.0,0.0,459,0.68382,0.7018,025200100100,Ministry of Water Resources,23020105,CONSTRUCTION / PROVISION OF WATER FACILITIES,70631,WATER SUPPLY,41130900,IVO,10100122000400,Water Resources and Rural Deve - General
"Procurement of water treatment chemicals for Ezillo, Old Abakaliki, Oferekpe and Ivo water schemes.",300000000.0,300000000.0,173532950.0,1000000000.0,1000000000.0,0.0,459,0.71324,0.73121,025200100100,Ministry of Water Resources,23010139,PURCHASE OF OTHER FIXED ASSETS,70631,WATER SUPPLY,41120800,ISHIELU,10100122000500,Water Resources and Rural Deve - General
d Rehabilitation of water pipelines in Abakaliki Capital Territory.,500000000.0,650100228.7,500000000.0,300000000.0,300000000.0,0.0,459,0.74346,0.76144,025200100100,Ministry of Water Resources,23030104,REHABILITATION / REPAIRS - WATER FACILITIES,70631,WATER SUPPLY,41110100,ABAKALIKI,10100122000600,Water Resources and Rural Deve - General
"Rehabilitation of Water Schemes: Ogberehi, Uburu, Akaeze, Old Abakaliki, Ezillo, Unwanna.",0.0,0.0,0.0,0.0,0.0,0.0,459,0.76716,0.78513,025200100100,Ministry of Water Resources,23030104,REHABILITATION / REPAIRS - WATER FACILITIES,70631,WATER SUPPLY,41141400,State Wide,10100122000700,Water Resources and Rural Deve - General
d Construction of perimeter fence of Oferekpe Water Treatment plant.,0.0,0.0,0.0,0.0,0.0,0.0,459,0.79167,0.80964,025200100100,Ministry of Water Resources,23020122,CONSTRUCTION OF BOUNDARY PILLARS/ . RIGHT OF WAYS,70631,/ 70631 - WATER SUPPLY,41120700,IKWO,10100122000900,Water Resources and Rural Deve - General
Drilling of Borehols in different wards in Ivo LGA (constituency Project),0.0,0.0,0.0,40000000.0,40000000.0,0.0,459,0.81536,0.83333,025200100100,Ministry of Water Resources,23020105,CONSTRUCTION / PROVISION OF WATER FACILITIES,70631,WATER SUPPLY,41130900,IVO,10100122001200,Water Resources and Rural Deve - General
d Drilling of Boreholes in Abakaliki North,0.0,0.0,0.0,40000000.0,40000000.0,0.0,459,0.83905,0.85703,025200100100,Ministry of Water Resources,23010139,PURCHASE OF OTHER FIXED ASSETS,70631,WATER SUPPLY,41141400,State Wide,10100122001300,Water Resources and Rural Deve - General
d Drilling of Boreholes in Ebonyi North East,0.0,0.0,0.0,40000000.0,40000000.0,0.0,459,0.86275,0.88072,025200100100,Ministry of Water Resources,23010113,PURCHASE OF COMPUTERS,70631,WATER SUPPLY,41110100,ABAKALIKI,10100122001500,Water Resources and Rural Deve - General
d Drilling of Boreholes in Ohaozara East,0.0,0.0,0.0,40000000.0,40000000.0,0.0,459,0.88725,0.90523,025200100100,Ministry of Water Resources,23010115,PURCHASE OF PHOTOCOPYING MACHINES,70631,WATER SUPPLY,41131100,OHAOZARA 437,10100122001700,Water Resources and Rural Deve - General
"d Reticulation of water in Edda (Izicha), Abakaliki LGA",100000000.0,100000000.0,0.0,0.0,0.0,0.0,460,0.09722,0.1152,025200100100,Ministry of Water Resources,23020105,CONSTRUCTION / PROVISION OF WATER FACILITIES,70631,WATER SUPPLY,41130300,AFIKPO SOUTH EDDA,10100122001900,Water Resources and Rural Deve - General
"d Construction of water Laboratory House at Ezillo, Ishielu LGA",0.0,0.0,0.0,50000000.0,50000000.0,0.0,460,0.12173,0.13971,025200100100,Ministry of Water Resources,23020105,CONSTRUCTION / PROVISION OF WATER FACILITIES,70631,WATER SUPPLY,41120800,ISHIELU,10100122002200,Water Resources and Rural Deve - General
d Rehabilitation of Old Abakaliki water scheme,0.0,0.0,0.0,0.0,0.0,0.0,460,0.14542,0.1634,025200100100,Ministry of Water Resources,23050101,RESEARCH AND DEVELOPMENT,70631,WATER SUPPLY,41141400,State Wide,10100122002300,Water Resources and Rural Deve - General
"Re-construction of collapsed staff quarters at Ezillo water scheme, Ishielu LGA",50000000.0,50000000.0,0.0,50000000.0,50000000.0,0.0,460,0.16912,0.18709,025200100100,Ministry of Water Resources,23030103,REHABILITATION / REPAIRS - HOUSING,70631,WATER SUPPLY,41120800,ISHIELU,10100122002400,Water Resources and Rural Deve - General
"d Construction of the 800mm Ukawu to Ugwulangwu, water pipeline",0.0,0.0,0.0,1000000000.0,1000000000.0,0.0,460,0.19363,0.2116,025200100100,Ministry of Water Resources,23020105,CONSTRUCTION / PROVISION OF WATER FACILITIES,70631,WATER SUPPLY,41131100,OHAOZARA,10100122000100,Water Resources and Rural Deve - General
d Water pipeline reticulation in parts of Ohaozara LGA,0.0,0.0,0.0,500000000.0,500000000.0,0.0,460,0.21732,0.23529,025200100100,Ministry of Water Resources,23020105,CONSTRUCTION / PROVISION OF WATER FACILITIES,70631,WATER SUPPLY,41131300,ONICHA,10100122000300,Water Resources and Rural Deve - General
d Procurement of water Equipment for laboratory samples/Test,50000000.0,50000000.0,0.0,0.0,0.0,0.0,460,0.24101,0.25899,025200100100,Ministry of Water Resources,23010139,PURCHASE OF OTHER FIXED ASSETS,70631,WATER SUPPLY,41141400,State Wide,10100122000400,Water Resources and Rural Deve - General
Rehabilitation of Sakamori pipeline that transverse through Ring road project,0.0,0.0,0.0,200000000.0,200000000.0,0.0,460,0.26471,0.28268,025200100100,Ministry of Water Resources,23030104,REHABILITATION / REPAIRS - WATER FACILITIES,70631,WATER SUPPLY,41141400,State Wide,10100122002400,Water Resources and Rural Deve - General
d Rehabilitation/maintenance of Uburu water scheme,0.0,0.0,0.0,150000000.0,150000000.0,0.0,460,0.28922,0.30719,025200100100,Ministry of Water Resources,23030104,REHABILITATION / REPAIRS - WATER FACILITIES,70631,WATER SUPPLY,41131100,OHAOZARA,10100123000500,Water Resources and Rural Deve - General
d Construction of Ukawu Water Scheme chemical,50000000.0,50000000.0,0.0,0.0,0.0,0.0,460,0.31291,0.33088,025200100100,Ministry of Water Resources,23020105,CONSTRUCTION / PROVISION OF WATER FACILITIES,70631,WATER SUPPLY,41131300,ONICHA,10100123001500,Water Resources and Rural Deve - General
Completion of Iboko water Reservoir/Landscaping & pipe connection to the Sacamori line,13000000.0,13000000.0,0.0,0.0,0.0,0.0,460,0.34232,0.36029,025200100100,Ministry of Water Resources,23020105,CONSTRUCTION / PROVISION OF WATER FACILITIES,70631,WATER SUPPLY,41111000,IZZI,10100123001600,Water Resources and Rural Deve - General
Construction of perimeter fence at Ezillo Water Scheme lowlift pumping station.,30000000.0,30000000.0,26000000.0,40000000.0,40000000.0,0.0,460,0.37255,0.39052,025200100100,Ministry of Water Resources,23020105,CONSTRUCTION / PROVISION OF WATER FACILITIES,70631,WATER SUPPLY,41120800,ISHIELU,10100123002000,Water Resources and Rural Deve - General
"Water reticulation at Obulechi health centre in Akpe Amachi community in Abakaliki, Ebonyi North (CCD)",25000000.0,25000000.0,0.0,0.0,0.0,0.0,460,0.40278,0.42075,025200100100,Ministry of Water Resources,23020105,CONSTRUCTION / PROVISION OF WATER FACILITIES,70631,WATER SUPPLY,41110100,ABAKALIKI,10100125000100,Water Resources and Rural Deve - General
"Water reticulation at Ezekuna, Anyim, Anyinato Primary School, Ohinya village Idembia Community Ezza North (CCD)",25000000.0,25000000.0,0.0,0.0,0.0,0.0,460,0.43873,0.4567,025200100100,Ministry of Water Resources,23020105,CONSTRUCTION / PROVISION OF WATER FACILITIES,70631,WATER SUPPLY,41120500,EZZA,10100125000200,Water Resources and Rural Deve - General
Water reticulation in Ozizza Health Centre in Ibii/Ozizza community Afikpo (CCD),30000000.0,30000000.0,0.0,0.0,0.0,0.0,460,0.46814,0.48611,025200100100,Ministry of Water Resources,23020105,CONSTRUCTION / PROVISION OF WATER FACILITIES,70631,WATER SUPPLY,41130200,AFIKPO NORTH,10100125000300,Water Resources and Rural Deve - General
d partnership fund for Spin project (World Bank Assisted),200000000.0,200000000.0,0.0,0.0,0.0,0.0,460,0.49265,0.51062,025200100100,Ministry of Water Resources,23050101,RESEARCH AND DEVELOPMENT,70631,WATER SUPPLY,41111000,IZZI,10100125000400,Water Resources and Rural Deve - General
Production of Sanitation and Hygiene awareness booklets and flyers.,20000000.0,20000000.0,0.0,0.0,0.0,0.0,460,0.51634,0.53431,025200100100,Ministry of Water Resources,23050101,RESEARCH AND DEVELOPMENT,70631,WATER SUPPLY,41141400,State Wide,02100125001400,Societal Re- orientation - General
d Construction of store for water Equipment,50000000.0,50000000.0,40000000.0,0.0,0.0,0.0,460,0.54003,0.55801,025200100100,Ministry of Water Resources,23020104,CONSTRUCTION / PROVISION OF HOUSING,70631,WATER SUPPLY,41141400,State Wide,10100125000500,Water Resources and Rural Deve - General
d Mapping of site for the takeoff of water cooperation in the State,100000000.0,100000000.0,0.0,0.0,0.0,0.0,460,0.56373,0.5817,025200100100,Ministry of Water Resources,23050101,RESEARCH AND DEVELOPMENT,70631,WATER SUPPLY,41141400,State Wide,10100125002200,Water Resources and Rural Deve - General
Drilling and installation of water boreholes in the strategic places of 7 d wards in Abakaliki South Constituency of Ebonyi State (constituency project),42000000.0,42000000.0,0.0,40000000.0,40000000.0,0.0,460,0.59967,0.61765,025200100100,Ministry of Water Resources,72302010,CONSTRUCTION / PROVISION OF WATER FACILITIES,70631,WATER SUPPLY,41110100,ABAKALIKI,10100125002500,Water Resources and Rural Deve - General
"Installation of water borehole in Unwana A – Ezi Oti Inya, Unwana B – Amaekwu, Itim Mgbom-Ezi Ukwu, Ohaisu A – Ngodo, Ohaisu B – Amangballa, Ugwuegu – Ezi Ugwu and Nkpoghoro – Ezi Nwachi of the 7 wards of my Constituency (constituency project).",40000000.0,40000000.0,0.0,40000000.0,40000000.0,0.0,460,0.66013,0.6781,025200100100,Ministry of Water Resources,23020105,– 23020105 - CONSTRUCTION / PROVISION OF WATER FACILITIES,70631,WATER SUPPLY,41130200,AFIKPO NORTH,10100125002600,Water Resources and Rural Deve - General
"Drilling and installation of water boreholes in the 6 wards of Edda d East Constituency viz: Amaigbo ward, Amangwu ward, Amoso ward, Ogbu ward, Oso ward, Owutu ward (constituency project).",40000000.0,40000000.0,0.0,40000000.0,40000000.0,0.0,460,0.72549,0.74346,025200100100,Ministry of Water Resources,23020105,CONSTRUCTION / PROVISION OF WATER FACILITIES,70631,WATER SUPPLY,41130300,AFIKPO SOUTH EDDA,10100125002700,Water Resources and Rural Deve - General
"Drilling of boreholes; Akahu-UhwuOmege, NgamgboOhinyaAzuituma, OgharugoNdeguazu, Ofuewu, Ngamgbo Okposi, Ngamgbo Ucha, d EtegidigweOshegbe, UwhumbaIshiachi Village, UnuzoNwalo, NgamgboUmuezeoka, IgbuwhuUmuezeoka and NgamgboEvaraOmege (constituency project).",40000000.0,40000000.0,0.0,40000000.0,40000000.0,0.0,460,0.79739,0.81536,025200100100,Ministry of Water Resources,23020105,", 23020105 - CONSTRUCTION / PROVISION OF WATER FACILITIES",70631,WATER SUPPLY,41120600,EZZA SOUTH,10100125002800,Water Resources and Rural Deve - General
"Drilling and installation of water boreholes in favour of the 6 wards in d my constituency thus; Oriuzor, Ekka, Ogboji, Nkomoro, Inyere and Amuda/Amawula wards (constituency project).",40000000.0,40000000.0,0.0,40000000.0,40000000.0,0.0,460,0.86275,0.88072,025200100100,Ministry of Water Resources,23020105,n 23020105 - CONSTRUCTION / PROVISION OF WATER FACILITIES,70631,WATER SUPPLY,41120600,EZZA SOUTH 438,10100125002900,Water Resources and Rural Deve - General
"Drilling and installation of water boreholes in favour of the seven wards in my constituency as thus Mgbo Agbaja, Enyanwu-igwe, Offia Onwe, Igbuhu, Ndiagu, Igweledeoha and Iziogo wards (constituency project)",40000000.0,40000000.0,0.0,40000000.0,40000000.0,0.0,461,0.1152,0.13317,025200100100,Ministry of Water Resources,23020105,CONSTRUCTION / PROVISION OF WATER FACILITIES,70631,WATER SUPPLY,41110400,EBONYI,10100125003000,Water Resources and Rural Deve - General
"Drilling and installation of water boreholes in the 7 wards of Ohaozara East Constituency viz: Amaechi ward, Ene-naEzeraku, Achara ward, Mgbom Okposi, Okposi Okwu ward, Ugbogologo ward and Uhuotaru ward (constituency project).",40000000.0,40000000.0,0.0,0.0,0.0,0.0,461,0.18137,0.19935,025200100100,Ministry of Water Resources,23020105,CONSTRUCTION / PROVISION OF WATER FACILITIES,70631,WATER SUPPLY,41131100,OHAOZARA,10100125003000,Water Resources and Rural Deve - General
"Drilling and installation of water boreholes in the 7 wards of Ohaozara East Constituency viz: Amaechi ward, Ene-naEzeraku, Achara ward, Mgbom Okposi, Okposi Okwu ward, Ugbogologo ward and Uhuotaru ward (constituency project).",40000000.0,40000000.0,0.0,40000000.0,40000000.0,0.0,461,0.25327,0.27124,025200100100,Ministry of Water Resources,23020105,CONSTRUCTION / PROVISION OF WATER FACILITIES,70631,WATER SUPPLY,41131100,OHAOZARA,10100125003000,Water Resources and Rural Deve - General
"d Reticulation of water to ICT University, Oferekpe Izzi LGA",0.0,0.0,0.0,400000000.0,400000000.0,0.0,461,0.30065,0.31863,025200100100,Ministry of Water Resources,23020105,CONSTRUCTION / PROVISION OF WATER FACILITIES,70631,WATER SUPPLY,41111000,IZZI,10100125003000,Water Resources and Rural Deve - General
"d Water supply to EBSU Permanent site, Ezzamgbo; CHS & CAS",0.0,0.0,0.0,50000000.0,50000000.0,0.0,461,0.32516,0.34314,025200100100,Ministry of Water Resources,23020105,CONSTRUCTION / PROVISION OF WATER FACILITIES,70631,WATER SUPPLY,41111200,OHAUKWU,10100125003000,Water Resources and Rural Deve - General
"Rehabilitation of Water Schemes in Ogberehi and Uwanna, Afikpo LGA",0.0,0.0,0.0,24000000.0,24000000.0,0.0,461,0.34886,0.36683,025200100100,Ministry of Water Resources,23030104,REHABILITATION / REPAIRS - WATER FACILITIES,70631,WATER SUPPLY,41130200,AFIKPO NORTH,10100125003000,Water Resources and Rural Deve - General
"d Reticulation of water to Aeronautic University, Ezza South LGA",0.0,0.0,0.0,400000000.0,400000000.0,0.0,461,0.37255,0.39052,025200100100,Ministry of Water Resources,23020105,CONSTRUCTION / PROVISION OF WATER FACILITIES,70631,WATER SUPPLY,41120600,EZZA SOUTH,10100125003000,Water Resources and Rural Deve - General
"Installation of water borehole in Unwana A – Ezi Oti Inya, Unwana B – Amaekwu, Itim-Mgbom-Ezi Ukwu, Ohaisu A – Ngodo, Ohaisu B – Amangballa, Ugwuegu – Ezi Ugwu and Nkpoghoro – Ezi Nwachi of the 7 wards of my Constituency.",40000000.0,40000000.0,0.0,40000000.0,40000000.0,0.0,461,0.42075,0.43873,025200100100,Ministry of Water Resources,23020105,– 23020105 - CONSTRUCTION / PROVISION OF WATER FACILITIES,70631,WATER SUPPLY,41130200,AFIKPO NORTH,10100125003000,Water Resources and Rural Deve - General
d Drilling of Boreholes in Ikwo South,0.0,0.0,0.0,40000000.0,40000000.0,0.0,461,0.46814,0.48611,025200100100,Ministry of Water Resources,23020105,CONSTRUCTION / PROVISION OF WATER FACILITIES,70631,WATER SUPPLY,41120700,IKWO,10100125003000,Water Resources and Rural Deve - General
d Drilling of Boreholes in Ohaukwu South,0.0,0.0,0.0,40000000.0,40000000.0,0.0,461,0.49265,0.51062,025200100100,Ministry of Water Resources,23020105,CONSTRUCTION / PROVISION OF WATER FACILITIES,70631,WATER SUPPLY,41111200,OHAUKWU,10100125003000,Water Resources and Rural Deve - General
d Drilling of Boreholes in Ishielu South,0.0,0.0,0.0,40000000.0,40000000.0,0.0,461,0.51634,0.53431,025200100100,Ministry of Water Resources,23020105,CONSTRUCTION / PROVISION OF WATER FACILITIES,70631,WATER SUPPLY,41120800,ISHIELU,10100125003000,Water Resources and Rural Deve - General
Repairs / Rehabilitation of 120 No Non - functional boreholes across the 13 LGAs of Ebonyi State.,130000000.0,130000000.0,0.0,0.0,0.0,0.0,461,0.60621,0.62418,025210300100,EB-RUWASSA,23030114,REHABILITATION / REPAIRS - RAILWAYS,70631,WATER SUPPLY,41141400,State Wide,10100123002100,Water Resources and Rural Deve - General
Drilling and Installation of 43 No. Handpump across the 13 L.G.A.s of Ebonyi State.,0.0,0.0,0.0,0.0,0.0,0.0,461,0.63562,0.65359,025210300100,EB-RUWASSA,23010105,PURCHASE OF MOTOR VEHICLES,70631,WATER SUPPLY,41141400,State Wide,10100123002200,Water Resources and Rural Deve - General
d Purchase of 1no.Tarameter Geological survey equipment,8000000.0,8000000.0,0.0,8000000.0,8000000.0,0.0,461,0.66585,0.68382,025210300100,EB-RUWASSA,23010139,PURCHASE OF OTHER FIXED ASSETS,70631,WATER SUPPLY,41110100,ABAKALIKI,10100123002400,Water Resources and Rural Deve - General
d Purchase of 1no. Global positioning System (GPS),2000000.0,2000000.0,0.0,2000000.0,2000000.0,0.0,461,0.7018,0.71977,025210300100,EB-RUWASSA,23010139,PURCHASE OF OTHER FIXED ASSETS,70631,WATER SUPPLY,41110100,ABAKALIKI,10100123002500,Water Resources and Rural Deve - General
"Construction of 2No. Solar powered boreholes at Igbara Community d Ebunwana, Mgbom Ugwulangwu in Ebonyi South Senatorial Zone (CCD)",20000000.0,20000000.0,0.0,0.0,0.0,0.0,461,0.74346,0.76144,025210300100,EB-RUWASSA,23020105,CONSTRUCTION / PROVISION OF WATER FACILITIES,70631,WATER SUPPLY,41131100,OHAOZARA,10100125000900,Water Resources and Rural Deve - General
"Construction of 2No. Solar powered boreholes at Agalegu d community, Agukpobe village Amagu Community in Ebonyi North Senatorial Zone (CCD)",20000000.0,20000000.0,0.0,0.0,0.0,0.0,461,0.79167,0.80964,025210300100,EB-RUWASSA,23020105,CONSTRUCTION / PROVISION OF WATER FACILITIES,70631,WATER SUPPLY,41110100,ABAKALIKI,10100125001000,Water Resources and Rural Deve - General
"Construction of 2No. Solar powered boreholes at Amuzu Community, Odeligbo Village Ezillo in Ebonyi Central Senatorial Zone (CCD)",20000000.0,20000000.0,0.0,0.0,0.0,0.0,461,0.83333,0.85131,025210300100,EB-RUWASSA,23020105,CONSTRUCTION / PROVISION OF WATER FACILITIES,70631,WATER SUPPLY,41120800,ISHIELU September Proposal 439,10100125001100,Water Resources and Rural Deve - General Description
Payment of compensation for properties affected by the proposed flyover & its environs & double lane from 135 Ezzamgbo to Enugu state boundary,0.0,0.0,0.0,0.0,0.0,0.0,462,0.12173,0.13971,026000100100,Ministry of Lands and Survey,23010101,PURCHASE / ACQUISITION OF LAND,70611,HOUSING DEVELOPMENT,41111200,OHAUKWU,06100124000800,Housing and Urban Development - General
"Compensation for the unexhausted improvement at the site acquired for the establishment of Housing Estate (Renewed Hope) @ Umuezeokaoha community,Ezza North Local Government Area",348994795.0,348994795.0,0.0,0.0,0.0,0.0,462,0.17565,0.19363,026000100100,Ministry of Lands and Survey,23010101,d 23010101 - PURCHASE / ACQUISITION OF LAND,70611,HOUSING DEVELOPMENT,41120500,EZZA,06100125000100,Housing and Urban Development - General
Construction of canal and internal roads (land reclaimation) at Zone 11B beside DSS headquarters Centenary City Abakaliki,456211000.0,456211000.0,0.0,0.0,0.0,0.0,462,0.22304,0.24101,026000100100,Ministry of Lands and Survey,23020114,CONSTRUCTION / PROVISION OF ROADS,70611,HOUSING DEVELOPMENT,41110100,ABAKALIKI,06100125000200,Housing and Urban Development - General
Construction of Galvanized office shelves in Abakalki.,30000000.0,30000000.0,0.0,0.0,0.0,0.0,462,0.25327,0.27124,026000100100,Ministry of Lands and Survey,23010112,PURCHASE OF OFFICE FURNITURE AND FITTINGS,70611,HOUSING DEVELOPMENT,41110100,ABAKALIKI,06100125000300,Housing and Urban Development - General
Opening of Access roads at new Government layouts in Abakaliki.,0.0,0.0,0.0,204000000.0,204000000.0,0.0,462,0.27696,0.29493,026000100100,Ministry of Lands and Survey,23020114,CONSTRUCTION / PROVISION OF ROADS,70611,HOUSING DEVELOPMENT,41110100,ABAKALIKI,06100123000100,Housing and Urban Development - General
Purchase of Catographic and printing machine for Town Planning in Abakaliki.,10000000.0,10000000.0,0.0,10100000.0,10100000.0,0.0,462,0.30065,0.31863,026000100100,Ministry of Lands and Survey,23010139,PURCHASE OF OTHER FIXED ASSETS,70611,HOUSING DEVELOPMENT,41110100,ABAKALIKI,06100123000200,Housing and Urban Development - General
System Upgrading of Automation such as Ebonyi geographical information system.,80000000.0,130000000.0,0.0,600000000.0,600000000.0,0.0,462,0.32516,0.34314,026000100100,Ministry of Lands and Survey,23050102,COMPUTER SOFTWARE ACQUISITION,70611,HOUSING DEVELOPMENT,41110100,ABAKALIKI,06100123000300,Housing and Urban Development - General
Fencing of Government Landed Properties in Ebonyi State.,467659330.0,467659330.0,0.0,464572583.22,464572583.22,0.0,462,0.34886,0.36683,026000100100,Ministry of Lands and Survey,23020122,CONSTRUCTION OF BOUNDARY PILLARS/ RIGHT OF WAYS,70611,/ 70611 - HOUSING DEVELOPMENT,41141400,State Wide,06100123000400,Housing and Urban Development - General
"Purchase of Earth moving machines, viz:Dozer(1No),Grader(1No) & Pale loader(1No) for site clearing, grading and levelling of sand in the state.",584460000.0,584460000.0,0.0,500000000.0,500000000.0,0.0,462,0.3848,0.40278,026000100100,Ministry of Lands and Survey,23010129,PURCHASE OF INDUSTRIAL EQUIPMENT,70611,HOUSING DEVELOPMENT,41141400,State Wide,06100123000500,Housing and Urban Development - General
Demolition and clearing of site for Government projects in Ebonyi state.,440000000.0,440000000.0,114000000.0,330000000.0,330000000.0,0.0,462,0.42075,0.43873,026000100100,Ministry of Lands and Survey,23020114,CONSTRUCTION / PROVISION OF ROADS,70611,HOUSING DEVELOPMENT,41141400,State Wide,06100123000600,Housing and Urban Development - General
Compensation for the unexhausted improvement at the site acquired for the establishment of Aeronautic University of Engineering Ezza North.,106223500.0,106223500.0,0.0,0.0,0.0,0.0,462,0.4567,0.47467,026000100100,Ministry of Lands and Survey,23010101,d 23010101 - PURCHASE / ACQUISITION OF LAND,70611,HOUSING DEVELOPMENT,41120500,EZZA,06100123000700,Housing and Urban Development - General
Compensation for the unexhausted improvement affected by the dualization of a section of Abakaliki -Ogoja High way (from Onuebonyi to Nwezenyi Junction),375120000.0,375120000.0,0.0,0.0,0.0,0.0,462,0.50408,0.52206,026000100100,Ministry of Lands and Survey,23010101,PURCHASE / ACQUISITION OF LAND,70611,HOUSING DEVELOPMENT,41110100,ABAKALIKI,06100123000800,Housing and Urban Development - General
Compensation for the unexhausted improvement affected by the establishment of Naval Secondary school at Amachara-Agbaja Izzi LGAs.,270000000.0,270000000.0,187288952.55,0.0,0.0,0.0,462,0.55229,0.57026,026000100100,Ministry of Lands and Survey,23010101,PURCHASE / ACQUISITION OF LAND,70611,HOUSING DEVELOPMENT,41110100,ABAKALIKI,06100125000400,Housing and Urban Development - General
"Compensation to the Sundry Person(s) Affected By the construction of Flyover Bridge at Onueke, Ezza South LGA, Ebonyi State.",0.0,401000000.0,0.0,0.0,0.0,0.0,462,0.59395,0.61193,026000100100,Ministry of Lands and Survey,23050102,COMPUTER SOFTWARE ACQUISITION,70611,HOUSING DEVELOPMENT,41110100,ABAKALIKI,06100125000500,Housing and Urban Development - General
Payment of Compensation for Properties affected by the Expansion of Road from Spera In-deo-Vanco Junction-Onuebonyi in Abakaliki LGA.,0.0,0.0,0.0,1000000000.0,1000000000.0,0.0,462,0.63562,0.65359,026000100100,Ministry of Lands and Survey,23010101,PURCHASE / ACQUISITION OF LAND,70611,HOUSING DEVELOPMENT,41110100,ABAKALIKI,06100125000600,Housing and Urban Development - General
Payment of Compensation for properties affected by the expansion of Roads from New Market Road through Gunning Road to Ogoja Road.,0.0,0.0,0.0,500000000.0,500000000.0,0.0,462,0.68382,0.7018,026000100100,Ministry of Lands and Survey,23010101,PURCHASE / ACQUISITION OF LAND,70611,HOUSING DEVELOPMENT,41110100,ABAKALIKI,06100125000700,Housing and Urban Development - General
Payment of Compensation for properties affected by the dualization of Roads from Water Works through HillTop Junction to Obvudechi Junction.,0.0,0.0,0.0,400000000.0,400000000.0,0.0,462,0.73121,0.74918,026000100100,Ministry of Lands and Survey,23010101,PURCHASE / ACQUISITION OF LAND,70611,HOUSING DEVELOPMENT,41110400,EBONYI,06100125000100,Housing and Urban Development - General
"Resettling support programme for Izzi's namely, Agbaja Unuhu, Ndieze Inyimagu and Ndiofutu-Inyimagu",0.0,0.0,0.0,0.0,0.0,0.0,462,0.77369,0.79167,026000100100,Ministry of Lands and Survey,23010101,PURCHASE / ACQUISITION OF LAND,70611,HOUSING DEVELOPMENT,41110400,EBONYI,06100125000200,Housing and Urban Development - General
"Payment of compensation: i. Outstanding, ii. New Acquisition",0.0,0.0,0.0,0.0,0.0,0.0,462,0.8031,0.82108,026000100100,Ministry of Lands and Survey,23010101,PURCHASE / ACQUISITION OF LAND,70611,HOUSING DEVELOPMENT,41110400,EBONYI,06100125000300,Housing and Urban Development - General
Digitalization and upgrading of Analogue Maps/plans in Abakaliki.,5000000.0,30000000.0,0.0,5000000.0,5000000.0,0.0,462,0.88725,0.90523,026000200100,Office of the Surveyor-General,23020122,CONSTRUCTION OF BOUNDARY PILLARS/ RIGHT OF WAYS,70133,/ 70133 - OTHER GENERAL SERVICES,41110100,ABAKALIKI 440,06100124001700,Housing and Urban Development - General
Densification/Establishment of control in Abakaliki urban.,5000000.0,5000000.0,0.0,5000000.0,5000000.0,0.0,463,0.09722,0.1152,026000200100,Office of the Surveyor-General,23020122,CONSTRUCTION OF BOUNDARY PILLARS/ RIGHT OF WAYS,70133,/ 70133 - OTHER GENERAL SERVICES,41110100,ABAKALIKI,06100124001800,Housing and Urban Development - General
"Perimeter/Parcellation survey (support programme for the Ezillo, Ezza Ezillo).",11000000.0,11000000.0,0.0,12000000.0,12000000.0,0.0,463,0.12173,0.13971,026000200100,Office of the Surveyor-General,23020122,CONSTRUCTION OF BOUNDARY PILLARS/ RIGHT OF WAYS,70133,/ 70133 - OTHER GENERAL SERVICES,41120800,ISHIELU,06100124001900,Housing and Urban Development - General
"Mapping out of Ezillo & Ezza Ezillo; creating Roads & Other Services for Resettlement via; Residential inventive, creating of Access Roads & other service) (setting out of layout roads at Ezza Ezillo).",750000.0,750000.0,0.0,8000000.0,8000000.0,0.0,463,0.1634,0.18137,026000200100,Office of the Surveyor-General,23020122,CONSTRUCTION OF BOUNDARY PILLARS/ RIGHT OF WAYS,70133,/ 70133 - OTHER GENERAL SERVICES,41120800,ISHIELU,06100124002000,Housing and Urban Development - General
Digitalization of all Government Layout with Geographical Information System (GIS) in Abakaliki.,20000000.0,20000000.0,0.0,22000000.0,22000000.0,0.0,463,0.21078,0.22876,026000200100,Office of the Surveyor-General,23020122,CONSTRUCTION OF BOUNDARY PILLARS/ RIGHT OF WAYS,70133,/ 70133 - OTHER GENERAL SERVICES,41110100,ABAKALIKI,06100124002100,Housing and Urban Development - General
"Re-establishment of Juju Hill at Agbaja Community, Abakaliki.",1500000.0,1500000.0,0.0,0.0,0.0,0.0,463,0.24101,0.25899,026000200100,Office of the Surveyor-General,23020122,CONSTRUCTION OF BOUNDARY PILLARS/ RIGHT OF WAYS,70133,/ 70133 - OTHER GENERAL SERVICES,41110100,ABAKALIKI,06100124002200,Housing and Urban Development - General
Re-establishment of damaged beacons at Zone 23. Centenary city Abakaliki.,5000000.0,5000000.0,0.0,0.0,0.0,0.0,463,0.26471,0.28268,026000200100,Office of the Surveyor-General,23020122,CONSTRUCTION OF BOUNDARY PILLARS/ RIGHT OF WAYS,70133,/ 70133 - OTHER GENERAL SERVICES,41110100,ABAKALIKI,06100124002300,Housing and Urban Development - General
Boundary demarcation at Isu Achara Otika Ntiabo in Onicha LGA.,3000000.0,3000000.0,0.0,0.0,0.0,0.0,463,0.28922,0.30719,026000200100,Office of the Surveyor-General,23020122,CONSTRUCTION OF BOUNDARY PILLARS/ RIGHT OF WAYS,70133,/ 70133 - OTHER GENERAL SERVICES,41131300,ONICHA,06100124002400,Housing and Urban Development - General
Production/processing of files of City Center Estate and salt city Estate for C of O. in Abakaliki.,3000000.0,3000000.0,0.0,0.0,0.0,0.0,463,0.31863,0.3366,026000200100,Office of the Surveyor-General,23020118,CONSTRUCTION / PROVISION OF INFRASTRUCTURE,70133,OTHER GENERAL SERVICES,41110100,ABAKALIKI,06100124002500,Housing and Urban Development - General
Production of digital administrative map of Ebonyi State in Abakaliki.,0.0,0.0,0.0,12000000.0,12000000.0,0.0,463,0.34886,0.36683,026000200100,Office of the Surveyor-General,23050102,COMPUTER SOFTWARE ACQUISITION,70133,OTHER GENERAL SERVICES,41110100,ABAKALIKI,06100124002800,Housing and Urban Development - General
SURVEY EQUIPMENT: procurement of 1 No. DGPS (90+ and V300) in Abakaliki.,9300000.0,9300000.0,0.0,10000000.0,10000000.0,0.0,463,0.37255,0.39052,026000200100,Office of the Surveyor-General,23010133,PURCHASES OF SURVEYING EQUIPMENT,70133,OTHER GENERAL SERVICES,41110100,ABAKALIKI,06100124003000,Housing and Urban Development - General
Acquisition for part of Remind home for BERWO in Abakaliki.,4000000.0,4000000.0,0.0,0.0,0.0,0.0,463,0.39624,0.41422,026000200100,Office of the Surveyor-General,23010101,PURCHASE / ACQUISITION OF LAND,70611,HOUSING DEVELOPMENT,41110100,ABAKALIKI,06100124003100,Housing and Urban Development - General
Parcellation survey of Computer Village Estate along Nnorom Street Abakaliki.,4000000.0,4000000.0,0.0,0.0,0.0,0.0,463,0.42075,0.43873,026000200100,Office of the Surveyor-General,23020127,CONSTRUCTION OF ICT INFRASTRUCTURES,70611,HOUSING DEVELOPMENT,41110100,ABAKALIKI,06100125001700,Housing and Urban Development - General
Acquisition of 1000 Hectares for Agro/Eco Industrial Park in Abakaliki.,10000000.0,10000000.0,0.0,0.0,0.0,0.0,463,0.44444,0.46242,026000200100,Office of the Surveyor-General,23010101,PURCHASE / ACQUISITION OF LAND,70611,HOUSING DEVELOPMENT,41110100,ABAKALIKI,06100125001800,Housing and Urban Development - General
Land acquisition for Sharon Govt. Project at Ndiebo Ishiagu/part of Izzi Industrial Layout.,8000000.0,8000000.0,0.0,0.0,0.0,0.0,463,0.46814,0.48611,026000200100,Office of the Surveyor-General,23010101,PURCHASE / ACQUISITION OF LAND,70611,HOUSING DEVELOPMENT,41111000,IZZI,06100125001900,Housing and Urban Development - General
Perimeter/Parcellation/Sub division of Ezza Effium/Effium dispute at Ohaukwu Local Government Area.,10450000.0,10450000.0,0.0,10000000.0,10000000.0,0.0,463,0.49837,0.51634,026000200100,Office of the Surveyor-General,23020122,CONSTRUCTION OF BOUNDARY PILLARS/ RIGHT OF WAYS,70611,/ 70611 - HOUSING DEVELOPMENT,41111200,OHAUKWU,06100125002000,Housing and Urban Development - General
Boundary demarcation of Ishinkwo and Abaomege at Onicha L.G.A.,0.0,0.0,0.0,10000000.0,10000000.0,0.0,463,0.52859,0.54657,026000200100,Office of the Surveyor-General,23020122,CONSTRUCTION OF BOUNDARY PILLARS/ RIGHT OF WAYS,70133,/ 70133 - OTHER GENERAL SERVICES,41131300,ONICHA,06100125002100,Housing and Urban Development - General
Boundary demarcation of Amana and Ohankwu in Ikwo L.G.A.,0.0,0.0,0.0,6000000.0,6000000.0,0.0,463,0.55229,0.57026,026000200100,Office of the Surveyor-General,23020122,CONSTRUCTION OF BOUNDARY PILLARS/ RIGHT OF WAYS,70133,/ 70133 - OTHER GENERAL SERVICES,41120700,IKWO,06100125002100,Housing and Urban Development - General
"Procurement of “HP Designjet T850 36 /A0 Format Plotter, HP Scanjet D7 A0 Scanner and HP Scanjet 1,700 A0 Scanner in Abakaliki.",0.0,0.0,0.0,30000000.0,30000000.0,0.0,463,0.5817,0.59967,026000200100,Office of the Surveyor-General,23010133,PURCHASES OF SURVEYING EQUIPMENT,70133,OTHER GENERAL SERVICES,41110100,ABAKALIKI,06100125002100,Housing and Urban Development - General
Completion of External Electrical works @ Centenary City and Int. market Abakalki,50000000.0,50000000.0,2256595.0,80000000.0,80000000.0,0.0,463,0.67157,0.68954,023100100100,Ministry of Power and Energy,23030102,REHABILITATION / REPAIRS - ELECTRICITY,70435,ELECTRICITY,41110100,ABAKALIKI,14100124000100,Power - General
Extension of street light/replacement of convention street light in Ebonyi State,200000000.0,300000000.0,200000000.0,450000000.0,450000000.0,0.0,463,0.69526,0.71324,023100100100,Ministry of Power and Energy,23020123,CONSTRUCTION OF TRAFFIC /STREET LIGHTS,70435,ELECTRICITY,41141400,State Wide,14100124000100,Power - General
Rehabilitation of Fire Fighter Engines and Equipment,0.0,0.0,0.0,20000000.0,20000000.0,0.0,463,0.71977,0.73775,023100100100,Ministry of Power and Energy,23030109,REHABILITATION / REPAIRS - FIRE FIGHTING STATIONS,70435,ELECTRICITY,41141400,State Wide,14100124000100,Power - General
Installation of decorative light at different location in the Abakaliki Metropolis,200000000.0,200000000.0,0.0,200000000.0,200000000.0,0.0,463,0.74346,0.76144,023100100100,Ministry of Power and Energy,23020103,CONSTRUCTION / PROVISION OF ELECTRICITY,70435,ELECTRICITY,41110100,ABAKALIKI,14100124000100,Power - General
Constituency projects to 19 Hon. Members of the House of Assembly @ 40M and 30M respectively,0.0,0.0,0.0,0.0,0.0,0.0,463,0.77369,0.79167,023100100100,Ministry of Power and Energy,23020103,CONSTRUCTION / PROVISION OF ELECTRICITY,70435,ELECTRICITY,41141400,State Wide,14100124000100,Power - General
Provision of 15Nos. Transformer and accessories at Abakaliki Metropolis,375000000.0,375000000.0,242215725.0,1000000000.0,1000000000.0,0.0,463,0.8031,0.82108,023100100100,Ministry of Power and Energy,23020103,CONSTRUCTION / PROVISION OF ELECTRICITY,70435,ELECTRICITY,41110100,ABAKALIKI,14100124000100,Power - General
Rehabilitation of Street light network and equipment,1000000000.0,1400000000.0,1000000000.0,2000000000.0,2000000000.0,0.0,463,0.82761,0.84559,023100100100,Ministry of Power and Energy,23020123,CONSTRUCTION OF TRAFFIC /STREET LIGHTS,70435,ELECTRICITY,41141400,State Wide,14100124000100,Power - General
Rehabilitation/repair of Traffic lights,0.0,0.0,0.0,0.0,0.0,0.0,463,0.85131,0.86928,023100100100,Ministry of Power and Energy,23020123,CONSTRUCTION OF TRAFFIC /STREET LIGHTS,70435,ELECTRICITY,41141400,State Wide,14100124000100,Power - General
Rehabilitation of 100KW Solar station system @ Block 4 Centenary City Abakaliki.,0.0,0.0,0.0,0.0,0.0,0.0,463,0.875,0.89297,023100100100,Ministry of Power and Energy,23020103,CONSTRUCTION / PROVISION OF ELECTRICITY,70435,ELECTRICITY,41110100,ABAKALIKI 441,14100124000100,Power - General
Purchase of metres for determining Electricity charges,240000000.0,640000000.0,108590155.9,70000000.0,70000000.0,0.0,464,0.09722,0.1152,023100100100,Ministry of Power and Energy,23010139,PURCHASE OF OTHER FIXED ASSETS,70435,ELECTRICITY,41141400,State Wide,14100124000100,Power - General
"Procurement of 4No. Desktop computers with moden and other Accessories for PRS, Accounts offices and other offices for projects, Data/ Documentation",0.0,0.0,0.0,4000000.0,4000000.0,0.0,464,0.13317,0.15114,023100100100,Ministry of Power and Energy,23010113,PURCHASE OF COMPUTERS,70435,ELECTRICITY,41110100,ABAKALIKI,14100124000100,Power - General
"Installation of 25Nos, 300KVA,33/0.415KV Transformers at various communities within the State",0.0,0.0,0.0,0.0,0.0,0.0,464,0.17565,0.19363,023100100100,Ministry of Power and Energy,23020103,CONSTRUCTION / PROVISION OF ELECTRICITY,70435,ELECTRICITY,41141400,State Wide,14100124000100,Power - General
Construction and Installation of 230KVA transformer line across the state,29603500000.0,29603500000.0,1306017731.59,25000000000.0,25000000000.0,0.0,464,0.20507,0.22304,023100100100,Ministry of Power and Energy,23020103,CONSTRUCTION / PROVISION OF ELECTRICITY,70435,ELECTRICITY,41141400,State Wide,14100124000100,Power - General
Rehabilitation of Abakaliki Fire Service,50000000.0,50000000.0,0.0,50000000.0,50000000.0,0.0,464,0.22958,0.24755,023100100100,Ministry of Power and Energy,23030109,REHABILITATION / REPAIRS - FIRE FIGHTING STATIONS,70435,ELECTRICITY,41141400,State Wide,14100124000100,Power - General
Purchase of 1No Fire Fighting Engine,250000000.0,250000000.0,0.0,100000000.0,100000000.0,0.0,464,0.25327,0.27124,023100100100,Ministry of Power and Energy,23010123,PURCHASE OF FIRE FIGHTING EQUIPMENT,70435,ELECTRICITY,41141400,State Wide,14100124000100,Power - General
"Installation of stand alone solar lights in major markets, playgrounds and other public places in Ndufu and Ndiegu Inyimegu, Ndufu and Ndiegu Igbudu, Ndufu and Ndegu Amegu, Ettamand AmainyimaOkpoitumo all in Ikwo (Constituency project)",60000000.0,60000000.0,0.0,0.0,0.0,0.0,464,0.30065,0.31863,023100100100,Ministry of Power and Energy,23020123,CONSTRUCTION OF TRAFFIC /STREET LIGHTS,70435,ELECTRICITY,41120700,IKWO,14100124000100,Power - General
"Installation of solar light at major markets in Umuogudu Oshia, Ekwashi, Okposhi and Emezeaka communities of the 8 wards of Ohaukwu South constituency (Constituency project)",50000000.0,50000000.0,0.0,0.0,0.0,0.0,464,0.36683,0.3848,023100100100,Ministry of Power and Energy,23020123,CONSTRUCTION OF TRAFFIC /STREET LIGHTS,70435,ELECTRICITY,41111200,OHAUKWU,14100124000100,Power - General
Putting of solar lights across the constituency (Constituency project),45000000.0,45000000.0,0.0,45000000.0,45000000.0,0.0,464,0.4085,0.42647,023100100100,Ministry of Power and Energy,23020123,CONSTRUCTION OF TRAFFIC /STREET LIGHTS,70435,ELECTRICITY,41130300,AFIKPO SOUTH EDDA,14100124000100,Power - General
"Installation of solar lights in Ndioke and Nguzu wards specifically; Ubolo village, Ekula Ugwufie & Letu village square, Amaiyi (Constituency project)",45000000.0,45000000.0,0.0,45000000.0,45000000.0,0.0,464,0.44444,0.46242,023100100100,Ministry of Power and Energy,23020123,CONSTRUCTION OF TRAFFIC /STREET LIGHTS,70435,ELECTRICITY,41130300,AFIKPO SOUTH EDDA,14100124000100,Power - General
"Installation of stand alone solar lights in major markets and village sqares in Ntezi, Ezzagu, Ohofia of the 10 wards of Ishielu South Constituency (Constituency project)",42000000.0,42000000.0,0.0,0.0,0.0,0.0,464,0.49265,0.51062,023100100100,Ministry of Power and Energy,23020123,CONSTRUCTION OF TRAFFIC /STREET LIGHTS,70435,ELECTRICITY,41120800,ISHIELU,14100124000100,Power - General
"Installation of solar lights at markets,village sqares, town halls and churches in Echara Unuhu, Nkaliki Unuhu, Agbaja Unuhu, Inyimegu Unuhu and other wards in my constituency (Constituency project)",40000000.0,40000000.0,0.0,0.0,0.0,0.0,464,0.54575,0.56373,023100100100,Ministry of Power and Energy,23020123,CONSTRUCTION OF TRAFFIC /STREET LIGHTS,70435,ELECTRICITY,41110100,ABAKALIKI,14100124000100,Power - General
"Installation of solar lights at the major markets, village sqares and some strategic places across the 7 wards of the Constituency (Constituency project) in Ishielu North.",40000000.0,40000000.0,0.0,40000000.0,40000000.0,0.0,464,0.59967,0.61765,023100100100,Ministry of Power and Energy,23020123,CONSTRUCTION OF TRAFFIC /STREET LIGHTS,70435,ELECTRICITY,41110400,EBONYI,14100124000100,Power - General
"Installation of solar lights at all the major marketplaces, village sqares, security threatened public primary and secondary schools and all the security flashpoints of the existing 6 communities of the 6 political wards of Ebonyi North West Constituency thus; Ndiegu, Ndiebor, Agalegu, Onuenyim, Mbeke andEgwudinagu wards (Constituency project)",40000000.0,40000000.0,0.0,0.0,0.0,0.0,464,0.67157,0.68954,023100100100,Ministry of Power and Energy,23020123,d 23020123 - CONSTRUCTION OF TRAFFIC /STREET LIGHTS,70435,ELECTRICITY,41110400,EBONYI,14100124000100,Power - General
"Installation of solar lights at major markets and village roads at Ofutu Omea, playgrounds at Unwueka community and strategic places of the 10 wards of Ikwo North Constituency (Constituency project)",40000000.0,40000000.0,0.0,0.0,0.0,0.0,464,0.74918,0.76716,023100100100,Ministry of Power and Energy,23020123,CONSTRUCTION OF TRAFFIC /STREET LIGHTS,70435,ELECTRICITY,41120700,IKWO,14100124000100,Power - General
"Installation of solar lights in the following wards: Umuhuali, Amaezu, Obeagu, Nkalaha, Iyionu and Nkalagu (Constituency project)",40000000.0,40000000.0,0.0,40000000.0,40000000.0,0.0,464,0.79739,0.81536,023100100100,Ministry of Power and Energy,23020123,CONSTRUCTION OF TRAFFIC /STREET LIGHTS,70435,ELECTRICITY,41120800,ISHIELU,14100124000100,Power - General
"Installation of stand alone solar lights in the flash points/village sqaures of Iyioji, Akaezeukwu,, Ihenta/Ogidi, Umobor, Obinagu, Ndiokoroukwu,Amaeze, Ngwo gwo, Okue, AmaguAmaonye and Okue wards (Constituency project)",40000000.0,40000000.0,0.0,0.0,0.0,0.0,464,0.85131,0.86928,023100100100,Ministry of Power and Energy,23020123,CONSTRUCTION OF TRAFFIC /STREET LIGHTS,70435,ELECTRICITY,41130900,IVO 442,14100124000100,Power - General
"Installation of solar light project in Uburu main market, road at Umuchima, Umuobuna, Amenu Uburu and few road that was constructed witout light at Umunaga Uburu and village square within the four wards of the constituency all this solar installation project will cover the four wards that make up of this constituency ( Constituency project)",40000000.0,40000000.0,0.0,0.0,0.0,0.0,465,0.13317,0.15114,023100100100,Ministry of Power and Energy,23020123,CONSTRUCTION OF TRAFFIC /STREET LIGHTS,70435,ELECTRICITY,41131100,OHAOZARA,14100124000100,Power - General
"Installation of solar lights at the major markets, village square and some strategic places across the 7 wards of my constituency (Constituency project)",40000000.0,40000000.0,0.0,0.0,0.0,0.0,465,0.20507,0.22304,023100100100,Ministry of Power and Energy,23020123,CONSTRUCTION OF TRAFFIC /STREET LIGHTS,70435,ELECTRICITY,41111200,OHAUKWU,14100124000100,Power - General
"Installation of solar lights across the 6 wards of Onicha East, Installation of AC floodlights in Oshiri DC and Ukaba Dc major markets (Constituency projects)",40000000.0,40000000.0,0.0,0.0,0.0,0.0,465,0.25327,0.27124,023100100100,Ministry of Power and Energy,23020123,CONSTRUCTION OF TRAFFIC /STREET ts LIGHTS,70435,ELECTRICITY,41131300,ONICHA,14100124000100,Power - General
"Installation of solar street light at the major markets and playgrounds within the 6 wards of Onicha West constituency thus: Afor Umudomi- Umudomi ward, Afor Umobo& Eziga IsiOnicha ward,Amike playground-Enuagu ward, Enuagu Amanator; Nworie Isiata market& Ndiagu Ani Echara-Amanator ward, Eke Ezeogudu & Isu Ezza-egu Road-Agbabor ward, Eke Oguji Obodo & Afo Aka-Obeagu ward",40000000.0,40000000.0,0.0,0.0,0.0,0.0,465,0.33088,0.34886,023100100100,Ministry of Power and Energy,23020123,s i- 23020123 - CONSTRUCTION OF TRAFFIC /STREET LIGHTS,70435,ELECTRICITY,41131300,ONICHA,14100124000100,Power - General
(Constituency project) Counterpart Fund for E-HAD Projects,0.0,0.0,0.0,5500000000.0,5500000000.0,0.0,465,0.39052,0.4085,023100100100,Ministry of Power and Energy,23050101,RESEARCH AND DEVELOPMENT,70435,ELECTRICITY,41110100,ABAKALIKI,14100124000100,Power - General
Rehabilitation of the Offices of State Rural Electrification Board.,0.0,0.0,0.0,0.0,0.0,0.0,465,0.4085,0.42647,023100100100,Ministry of Power and Energy,23030109,REHABILITATION / REPAIRS - FIRE FIGHTING STATIONS,70435,ELECTRICITY,41110100,ABAKALIKI,14100124000100,Power - General
Purchase of 30No. Drums Of chemical foam compound for fire fighting,0.0,0.0,0.0,19500000.0,19500000.0,0.0,465,0.43219,0.45016,023100100100,Ministry of Power and Energy,23010123,PURCHASE OF FIRE FIGHTING EQUIPMENT,70435,ELECTRICITY,41110100,ABAKALIKI,14100124000100,Power - General
"Procurement & Installation of Electricity in 171 wards in Ebonyi State @ N75,000,000 each",10200000000.0,10200000000.0,0.0,3500000000.0,3500000000.0,0.0,465,0.51634,0.53431,023100200100,Ebonyi State Rural Electrification Board,23020103,CONSTRUCTION / PROVISION OF ELECTRICITY,70435,ELECTRICITY,41141400,State Wide,14100125000900,Power - General
"Energizing Chuba Okadigbo International Airport, Onueke Ezza",200000000.0,200000000.0,0.0,400000000.0,400000000.0,0.0,465,0.54003,0.55801,023100200100,Ebonyi State Rural Electrification Board,23020103,CONSTRUCTION / PROVISION OF ELECTRICITY,70435,ELECTRICITY,41120600,EZZA SOUTH,14100125001000,Power - General
Energization of ICT University @ Oferekpe-Agbaja In Izzi LGA,500000000.0,500000000.0,0.0,300000000.0,300000000.0,0.0,465,0.56373,0.5817,023100200100,Ebonyi State Rural Electrification Board,23020103,CONSTRUCTION / PROVISION OF ELECTRICITY,70435,ELECTRICITY,41111000,IZZI,14100125001100,Power - General
Energization of Aeronautic University at Ezza-Onueke,500000000.0,500000000.0,0.0,250000000.0,250000000.0,0.0,465,0.58824,0.60621,023100200100,Ebonyi State Rural Electrification Board,23020103,CONSTRUCTION / PROVISION OF ELECTRICITY,70435,ELECTRICITY,41120600,EZZA SOUTH,14100125001200,Power - General
Electrification of umuoghara Environ,100000000.0,100000000.0,0.0,0.0,0.0,0.0,465,0.61193,0.6299,023100200100,Ebonyi State Rural Electrification Board,23020103,CONSTRUCTION / PROVISION OF ELECTRICITY,70435,ELECTRICITY,41120500,EZZA,14100125001300,Power - General
Rehabilitation of 33kv line at Noyo Oferekpe water scheme,162000000.0,162000000.0,0.0,0.0,0.0,0.0,465,0.63562,0.65359,023100200100,Ebonyi State Rural Electrification Board,23030102,REHABILITATION / REPAIRS - ELECTRICITY,70435,ELECTRICITY,41120700,IKWO,14100125001400,Power - General
"Construction & Installation of New Oferekpe-Agbaja feeder for power stability across Izzi, part of Ebonyi & Ikwo LGAs’",0.0,0.0,0.0,1000000000.0,1000000000.0,0.0,465,0.66585,0.68382,023100200100,Ebonyi State Rural Electrification Board,23020103,CONSTRUCTION / PROVISION OF ELECTRICITY,70435,ELECTRICITY,41111000,IZZI,14100125001400,Power - General
Completion of Centenary City Secretariat at Abakaliki LGA,150000000.0,150000000.0,0.0,0.0,0.0,0.0,465,0.75572,0.77369,025300100100,Ministry of Housing and Urban Development,23020104,CONSTRUCTION / PROVISION OF HOUSING,70611,HOUSING DEVELOPMENT,41110100,ABAKALIKI,06100120000100,Housing and Urban Development - General
Construction of Residential Houses for Government Officials (Housing Loans),0.0,0.0,0.0,6000000000.0,6000000000.0,0.0,465,0.77941,0.79739,025300100100,Ministry of Housing and Urban Development,23050101,g 23050101 - RESEARCH AND DEVELOPMENT,70611,HOUSING DEVELOPMENT,41141400,State Wide,06100120000200,Housing and Urban Development - General
"Rehabilitation of new Government House Building, Governor' s (Lodge & Office)",0.0,0.0,0.0,0.0,0.0,0.0,465,0.8031,0.82108,025300100100,Ministry of Housing and Urban Development,23030103,REHABILITATION / REPAIRS - HOUSING,70611,HOUSING DEVELOPMENT,41110100,ABAKALIKI,06100120000300,Housing and Urban Development - General
Rehabilitation of Ecumenical Centre,20000000.0,20000000.0,0.0,0.0,0.0,0.0,465,0.82761,0.84559,025300100100,Ministry of Housing and Urban Development,23030104,REHABILITATION / REPAIRS - WATER FACILITIES,70611,HOUSING DEVELOPMENT,41110100,ABAKALIKI,06100120000400,Housing and Urban Development - General
Her Excellency's New office (Rehabilitation),30000000.0,30000000.0,0.0,0.0,0.0,0.0,465,0.85131,0.86928,025300100100,Ministry of Housing and Urban Development,23030121,REHABILITATION / REPAIRS OF OFFICE BUILDINGS,70611,HOUSING DEVELOPMENT,41110100,ABAKALIKI,06100120000500,Housing and Urban Development - General
Internal and External fencing of the New Government House,20000000.0,20000000.0,0.0,0.0,0.0,0.0,465,0.875,0.89297,025300100100,Ministry of Housing and Urban Development,23020122,CONSTRUCTION OF BOUNDARY PILLARS/ RIGHT OF WAYS,70611,/ 70611 - HOUSING DEVELOPMENT,41110100,ABAKALIKI 443,06100120000600,Housing and Urban Development - General
"Rehabilitation of Gate House at Governor's Office, Governor's Lodge and Presidential Lodge",10000000.0,10000000.0,0.0,0.0,0.0,0.0,466,0.10376,0.12173,025300100100,Ministry of Housing and Urban Development,23030103,REHABILITATION / REPAIRS - HOUSING,70611,HOUSING DEVELOPMENT,41110100,ABAKALIKI,06100120000700,Housing and Urban Development - General
Rehabilitation of new Government House Chapel & Banquet Hall,50000000.0,50000000.0,0.0,10000000.0,10000000.0,0.0,466,0.13317,0.15114,025300100100,Ministry of Housing and Urban Development,23030103,REHABILITATION / REPAIRS - HOUSING,70611,HOUSING DEVELOPMENT,41110100,ABAKALIKI,06100120000800,Housing and Urban Development - General
Construction of one Storey Building at new Prison extension Block A1 2No.,150000000.0,150000000.0,0.0,40000000.0,40000000.0,0.0,466,0.15768,0.17565,025300100100,Ministry of Housing and Urban Development,23020104,CONSTRUCTION / PROVISION OF HOUSING,70611,HOUSING DEVELOPMENT,41110400,EBONYI,06100120000900,Housing and Urban Development - General
Construction of one storey building at new Prison extension Block C 2Nos.,150000000.0,150000000.0,0.0,60000000.0,60000000.0,0.0,466,0.18137,0.19935,025300100100,Ministry of Housing and Urban Development,23020104,CONSTRUCTION / PROVISION OF HOUSING,70611,HOUSING DEVELOPMENT,41110400,EBONYI,06100120001000,Housing and Urban Development - General
Construction of Concrete Line Drain at Abakaliki Prison,20000000.0,20000000.0,0.0,60000000.0,60000000.0,0.0,466,0.20507,0.22304,025300100100,Ministry of Housing and Urban Development,23020118,CONSTRUCTION / PROVISION OF INFRASTRUCTURE,70611,HOUSING DEVELOPMENT,41110400,EBONYI,06100120001100,Housing and Urban Development - General
"Rehabilitation/ Renovation of Government House, Abuja.",10000000.0,10000000.0,0.0,30000000.0,30000000.0,0.0,466,0.22958,0.24755,025300100100,Ministry of Housing and Urban Development,23030103,REHABILITATION / REPAIRS - HOUSING,70611,HOUSING DEVELOPMENT,41141400,State Wide,06100120001200,Housing and Urban Development - General
Rehabilitation of Shopping Mall,40000000.0,140000000.0,40000000.0,0.0,0.0,0.0,466,0.25327,0.27124,025300100100,Ministry of Housing and Urban Development,23030103,REHABILITATION / REPAIRS - HOUSING,70611,HOUSING DEVELOPMENT,41110100,ABAKALIKI,06100120001300,Housing and Urban Development - General
Housing Intervention to the indigent in the State,200000000.0,200000000.0,0.0,0.0,0.0,0.0,466,0.27696,0.29493,025300100100,Ministry of Housing and Urban Development,23020104,CONSTRUCTION / PROVISION OF HOUSING,70611,HOUSING DEVELOPMENT,41141400,State Wide,06100120001400,Housing and Urban Development - General
"Construction of new Buildings, in new Government House, Abakaliki",200000000.0,200000000.0,0.0,0.0,0.0,0.0,466,0.30065,0.31863,025300100100,Ministry of Housing and Urban Development,23020101,CONSTRUCTION / PROVISION OF OFFICE BUILDINGS,70611,HOUSING DEVELOPMENT,41110100,ABAKALIKI,06100120001500,Housing and Urban Development - General
Development of 10 new additional Housing units for Ebonyi State Civil and Public Servant at Centenary City.,3000000000.0,5000000000.0,3000000000.0,500000000.0,500000000.0,0.0,466,0.33088,0.34886,025300100100,Ministry of Housing and Urban Development,23020102,CONSTRUCTION / PROVISION OF RESIDENTIAL BUILDINGS,70611,HOUSING DEVELOPMENT,41110100,ABAKALIKI,06100120001600,Housing and Urban Development - General
Construction of a town hall in Amainyima Okpoitumo in Ikwo LGA (constituency project),60000000.0,60000000.0,0.0,60000000.0,60000000.0,0.0,466,0.36111,0.37908,025300100100,Ministry of Housing and Urban Development,23020104,CONSTRUCTION / PROVISION OF HOUSING,70611,HOUSING DEVELOPMENT,41120700,IKWO,06100120001700,Housing and Urban Development - General
Purchase of 2Nos Desktop Computer sets for use at quantity Surveyor and DPRS offices,1000000.0,1000000.0,0.0,0.0,0.0,0.0,466,0.3848,0.40278,025300100100,Ministry of Housing and Urban Development,23010113,PURCHASE OF COMPUTERS,70611,HOUSING DEVELOPMENT,41110100,ABAKALIKI,06100120001800,Housing and Urban Development - General
Construction of Government Official/Civil Servants Quarters,0.0,0.0,0.0,7000000000.0,7000000000.0,0.0,466,0.4085,0.42647,025300100100,Ministry of Housing and Urban Development,23020104,CONSTRUCTION / PROVISION OF HOUSING,70611,HOUSING DEVELOPMENT,41110100,ABAKALIKI,06100120001900,Housing and Urban Development - General
Purchase of 1No photocopy for use at the Admin office,1000000.0,1000000.0,0.0,0.0,0.0,0.0,466,0.43219,0.45016,025300100100,Ministry of Housing and Urban Development,23010115,PURCHASE OF PHOTOCOPYING MACHINES,70611,HOUSING DEVELOPMENT,41110100,ABAKALIKI,06100120002000,Housing and Urban Development - General
Purchase 1No 10kva Firman Generating Set,1000000.0,1000000.0,0.0,0.0,0.0,0.0,466,0.4567,0.47467,025300100100,Ministry of Housing and Urban Development,23010119,PURCHASE OF POWER GENERATING SET,70611,HOUSING DEVELOPMENT,41110100,ABAKALIKI,06100120002100,Housing and Urban Development - General
Construction of 26 housing units of 3 bedroom bungalow for widows i.e 2 units in each LGA.,0.0,0.0,0.0,0.0,0.0,0.0,466,0.48039,0.49837,025300100100,Ministry of Housing and Urban Development,23020104,CONSTRUCTION / PROVISION OF HOUSING,70611,HOUSING DEVELOPMENT,41141400,State Wide,06100120002200,Housing and Urban Development - General
Development of housing project for displaced families of Amaeze and Izzo Communities in Ishielu L.G.A.,700000000.0,700000000.0,0.0,0.0,0.0,0.0,466,0.5098,0.52778,025300100100,Ministry of Housing and Urban Development,23020104,CONSTRUCTION / PROVISION OF HOUSING,70611,HOUSING DEVELOPMENT,41120800,ISHIELU,06100120002300,Housing and Urban Development - General
Rehabilitation/Rennovation of Centenary City Secretariat Buildings.,36300000.0,36300000.0,18593000.0,0.0,0.0,0.0,466,0.54003,0.55801,025300100100,Ministry of Housing and Urban Development,23030121,REHABILITATION / REPAIRS OF OFFICE BUILDINGS,70611,HOUSING DEVELOPMENT,41110100,ABAKALIKI,06100123000900,Housing and Urban Development - General
"Construction of Drainage, culverts and canals at new Government House",10000000.0,10000000.0,0.0,0.0,0.0,0.0,466,0.56373,0.5817,025300100100,Ministry of Housing and Urban Development,23020116,CONSTRUCTION / PROVISION OF WATER- WAYS,70611,- 70611 - HOUSING DEVELOPMENT,41110100,ABAKALIKI,06100124000900,Housing and Urban Development - General
Construction of 65 housing units of 3 bedroom bungalow for widows i.e 5 units in each LGA.(CCD),2200700000.0,2200700000.0,0.0,1500000000.0,1500000000.0,0.0,466,0.59395,0.61193,025300100100,Ministry of Housing and Urban Development,23020104,CONSTRUCTION / PROVISION OF HOUSING,70611,HOUSING DEVELOPMENT,41141400,State Wide,06100125000900,Housing and Urban Development - General
Construction of Cancer Centre in Ebonyi LGA (CCD),0.0,0.0,0.0,3500000000.0,3500000000.0,0.0,466,0.62418,0.64216,025300100100,Ministry of Housing and Urban Development,23020106,CONSTRUCTION / PROVISION OF HOSPITALS / HEALTH CENTRES,70611,HOUSING DEVELOPMENT,41110400,EBONYI,06100125001000,Housing and Urban Development - General
Construction of Izzi Nnodo Cultural Centre at old Abakpa Market,0.0,0.0,0.0,800000000.0,800000000.0,0.0,466,0.64788,0.66585,025300100100,Ministry of Housing and Urban Development,23020106,CONSTRUCTION / PROVISION OF HOSPITALS / HEALTH CENTRES,70611,HOUSING DEVELOPMENT,41110100,ABAKALIKI,06100125001100,Housing and Urban Development - General
Fencing of Centenary City Estate,0.0,0.0,0.0,200000000.0,200000000.0,0.0,466,0.67157,0.68954,025300100100,Ministry of Housing and Urban Development,23030106,REHABILITATION / REPAIRS - PUBLIC SCHOOLS,70611,HOUSING DEVELOPMENT,41110100,ABAKALIKI,06100125001200,Housing and Urban Development - General
Rehabilitation of Old EXCO Chamber,0.0,0.0,0.0,0.0,0.0,0.0,466,0.69526,0.71324,025300100100,Ministry of Housing and Urban Development,23030121,REHABILITATION / REPAIRS OF OFFICE BUILDINGS,70611,HOUSING DEVELOPMENT,41110100,ABAKALIKI,06100124001100,Housing and Urban Development - General
Rehabilitation of Staff Development Center,0.0,0.0,0.0,0.0,0.0,0.0,466,0.71977,0.73775,025300100100,Ministry of Housing and Urban Development,23030121,REHABILITATION / REPAIRS OF OFFICE BUILDINGS,70611,HOUSING DEVELOPMENT,41110400,EBONYI,06100125001300,Housing and Urban Development - General
Completion of Ebonyi State Trade Centre Building at Presco,0.0,0.0,0.0,6000000000.0,6000000000.0,0.0,466,0.74346,0.76144,025300100100,Ministry of Housing and Urban Development,23030121,REHABILITATION / REPAIRS OF OFFICE BUILDINGS,70611,HOUSING DEVELOPMENT,41110400,EBONYI,06100124001200,Housing and Urban Development - General
Purchase of 2 sets of office funiture for use n the offices of the General Manager and HOD Admin,5000000.0,5000000.0,0.0,0.0,0.0,0.0,466,0.83333,0.85131,025302000100,Ebonyi State Housing Corporation,23010112,PURCHASE OF OFFICE FURNITURE AND FITTINGS,70611,HOUSING DEVELOPMENT,41110100,ABAKALIKI,06100124001500,Housing and Urban Development - General
Purchase of 1No Desktop Computer sets for use in the offices of the HOD Admin,1200000.0,1200000.0,0.0,0.0,0.0,0.0,466,0.86275,0.88072,025302000100,Ebonyi State Housing Corporation,23010113,PURCHASE OF COMPUTERS,70611,HOUSING DEVELOPMENT,41110100,ABAKALIKI,06100124001500,Housing and Urban Development - General
Purchase of Photocopier for use in the office of the Admin,1000000.0,1000000.0,0.0,0.0,0.0,0.0,466,0.88725,0.90523,025302000100,Ebonyi State Housing Corporation,23010115,PURCHASE OF PHOTOCOPYING MACHINES,70611,HOUSING DEVELOPMENT,41110100,ABAKALIKI 444,06100124001500,Housing and Urban Development - General
Purchase of 1No 7.5KVA Firman Generating set for office use,2000000.0,2000000.0,0.0,0.0,0.0,0.0,467,0.09722,0.1152,025302000100,Ebonyi State Housing Corporation,23010119,PURCHASE OF POWER GENERATING SET,70611,HOUSING DEVELOPMENT,41110100,ABAKALIKI,06100124001500,Housing and Urban Development - General
"Rehabilitation of Housng Corporation office at Centenary City, Abakaliki",10000000.0,10000000.0,0.0,10000000.0,10000000.0,0.0,467,0.12173,0.13971,025302000100,Ebonyi State Housing Corporation,23030121,REHABILITATION / REPAIRS OF OFFICE BUILDINGS,70611,HOUSING DEVELOPMENT,41110100,ABAKALIKI,06100125001600,Housing and Urban Development - General
Construction of Ngbo Agbaja Housing Estate,0.0,0.0,0.0,7000000000.0,7000000000.0,0.0,467,0.14542,0.1634,025302000100,Ebonyi State Housing Corporation,23020102,CONSTRUCTION / PROVISION OF RESIDENTIAL BUILDINGS,70611,HOUSING DEVELOPMENT,41110400,EBONYI,06100125001600,Housing and Urban Development - General
"Construction of a section of Goddy Ogbaga avenue, Ntezi Aba lane - Isi Okoro lane - Alagba close and spur (1.86km)",0.0,0.0,0.0,0.0,0.0,0.0,467,0.24673,0.26471,026600100100,Ministry of Project Monitoring and Evaluation,23020114,CONSTRUCTION / PROVISION OF ROADS,70474,MULTIPURPOSE DEVELOPMENT PROJECTS,41110100,ABAKALIKI,13100123014400,Reform of Government and Governance - General
Procurement of 1no Hilux for monitory of project in each zone of the State.,72000000.0,72000000.0,0.0,0.0,0.0,0.0,467,0.28268,0.30065,026600100100,Ministry of Project Monitoring and Evaluation,23010106,PURCHASE OF VANS,70474,MULTIPURPOSE DEVELOPMENT PROJECTS,41110100,ABAKALIKI,13100123014500,Reform of Government and Governance - General
Monitoring and Evaluation of all Government projects ongoing in the State.,0.0,0.0,0.0,100000000.0,100000000.0,0.0,467,0.31863,0.3366,026600100100,Ministry of Project Monitoring and Evaluation,23050103,MONITORING AND EVALUATION,70474,MULTIPURPOSE DEVELOPMENT PROJECTS,41141400,State Wide,13100123014600,Reform of Government and Governance - General
Construction of 280km Road in 140 communitites of Ebonyi state 2KM per Community (CCD),11000000000.0,11000000000.0,6590384307.59,8000000000.0,8000000000.0,0.0,467,0.42647,0.44444,026700100100,Ministry of Infrastructural Development and Concession,23020114,CONSTRUCTION / PROVISION OF ROADS,70451,ROAD TRANSPORT,41141400,State Wide,17100121000100,Road - General
Construction of 13.480km Oriuzor-Onueke Road,3000000000.0,3000000000.0,240039604.15,0.0,0.0,0.0,467,0.4567,0.47467,026700100100,Ministry of Infrastructural Development and Concession,23020114,CONSTRUCTION / PROVISION OF ROADS,70443,CONSTRUCTION,41120600,EZZA SOUTH,17100121000200,Road - General
"Construction of Ayadele junction-Eiri Road,Akanu Ibiam-oyoyo junction,presbyterian church Road with Spur to Amagu and the Extensionfrom concrete pavement along Akanu Ibiam Road to Ido - Junction (1.795km) Unwana.",0.0,0.0,0.0,0.0,0.0,0.0,467,0.50408,0.52206,026700100100,Ministry of Infrastructural Development and Concession,23020114,CONSTRUCTION / PROVISION OF ROADS,70451,ROAD TRANSPORT,41130200,AFIKPO NORTH,17100121000300,Road - General
construction of 3.2km Oferekpe Ezzaophu Road and 2.4km Shoulder of Extening Carriage - Way,0.0,0.0,0.0,0.0,0.0,0.0,467,0.55801,0.57598,026700100100,Ministry of Infrastructural Development and Concession,23020114,CONSTRUCTION / PROVISION OF ROADS,70451,ROAD TRANSPORT,41111000,IZZI,17100121000400,Road - General
Construction of 3.8km Hon. Ugo Chima Road in Ezza South,300000000.0,300000000.0,191891963.18,700000000.0,700000000.0,0.0,467,0.58824,0.60621,026700100100,Ministry of Infrastructural Development and Concession,23020114,CONSTRUCTION / PROVISION OF ROADS,70451,ROAD TRANSPORT,41120600,EZZA SOUTH,17100121000500,Road - General
Construction of Triple Box (3mx3m) Culvert at Aniekwena Street,0.0,0.0,0.0,0.0,0.0,0.0,467,0.61193,0.6299,026700100100,Ministry of Infrastructural Development and Concession,23020114,CONSTRUCTION / PROVISION OF ROADS,70451,ROAD TRANSPORT,41110100,ABAKALIKI,17100121000600,Road - General
Construction of 2.61km Amankwo- Amaelu Ogoibe with 2 spurs Road Afikpo LGA,0.0,0.0,0.0,500000000.0,500000000.0,0.0,467,0.63562,0.65359,026700100100,Ministry of Infrastructural Development and Concession,23020114,CONSTRUCTION / PROVISION OF ROADS,70451,ROAD TRANSPORT,41141400,State Wide,17100121000800,Road - General
Construction of 1no. Flyover at Vanco Junction to Union bank Junction.,0.0,0.0,0.0,0.0,0.0,0.0,467,0.66013,0.6781,026700100100,Ministry of Infrastructural Development and Concession,23020114,CONSTRUCTION / PROVISION OF ROADS,70451,ROAD TRANSPORT,41130200,AFIKPO NORTH,17100121001000,Road - General
Construction of Ndiobasi - Okprojo Ogirib- Ameta Road (10km) Edda LGA,0.0,0.0,0.0,2000000000.0,2000000000.0,0.0,467,0.68382,0.7018,026700100100,Ministry of Infrastructural Development and Concession,23020114,CONSTRUCTION / PROVISION OF ROADS,70451,ROAD TRANSPORT,41111000,IZZI,17100121001200,Road - General
Construction of Internal roads of Mater Misericodial Hospital Afikpo,0.0,0.0,0.0,0.0,0.0,0.0,467,0.70752,0.72549,026700100100,Ministry of Infrastructural Development and Concession,23020114,CONSTRUCTION / PROVISION OF ROADS,70451,ROAD TRANSPORT,41111000,IZZI,17100121001300,Road - General
Contruction of Ndibe-Nkpogharo Road,0.0,0.0,0.0,0.0,0.0,0.0,467,0.73121,0.74918,026700100100,Ministry of Infrastructural Development and Concession,23020114,CONSTRUCTION / PROVISION OF ROADS,70451,ROAD TRANSPORT,41111000,IZZI,17100121001400,Road - General
Completion of Mater Hospital - Ozizza Beach Road Afikpo in Afikpo North Local Government Area of Ebonyi State (390M).,0.0,0.0,0.0,0.0,0.0,0.0,467,0.76144,0.77941,026700100100,Ministry of Infrastructural Development and Concession,23020114,CONSTRUCTION / PROVISION OF ROADS,70451,ROAD TRANSPORT,41111000,IZZI,17100121001500,Road - General
"Construction of 3 span bridge at Akadoro river, Alubeleke Ezza North ,LGA",500000000.0,500000000.0,276815849.0,0.0,0.0,0.0,467,0.79167,0.80964,026700100100,Ministry of Infrastructural Development and Concession,23020114,CONSTRUCTION / PROVISION OF ROADS,70443,CONSTRUCTION,41120500,EZZA,17100121001700,Road - General
"Construction of Ameka - Ike River Road, Ishiagu, Ivo LGA (4KM)",800000000.0,800000000.0,566450628.3,500000000.0,500000000.0,0.0,467,0.81536,0.83333,026700100100,Ministry of Infrastructural Development and Concession,23020114,CONSTRUCTION / PROVISION OF ROADS,70443,CONSTRUCTION,41130900,IVO,17100121001800,Road - General
"Construction of 3 Span bridge along Ekka Inyere Road , Akadoro River, Ezza North LGA.",550000000.0,550000000.0,264153767.75,0.0,0.0,0.0,467,0.83905,0.85703,026700100100,Ministry of Infrastructural Development and Concession,23020114,CONSTRUCTION / PROVISION OF ROADS,70443,CONSTRUCTION,41130900,IVO,17100121001900,Road - General
"Constructionof 3- span Reinforced concrete Bridge and 2nos 3mx3m cell culvrt, Afikpo North Local Government Area.",700000000.0,780000000.0,700000000.0,0.0,0.0,0.0,467,0.86928,0.88725,026700100100,Ministry of Infrastructural Development and Concession,23020114,CONSTRUCTION / PROVISION OF ROADS,70443,CONSTRUCTION,41120500,EZZA 445,17100121002000,Road - General
"Construction of 3-span bridges 2no Box Culverts at Ike River, Amaeke Ishiagu.",600000000.0,600000000.0,346904971.5,0.0,0.0,0.0,468,0.09722,0.1152,026700100100,Ministry of Infrastructural Development and Concession,23020114,CONSTRUCTION / PROVISION OF ROADS,70443,CONSTRUCTION,41130200,AFIKPO NORTH,17100121002100,Road - General
Construction of Ekwetekwe Ogbuinyagu - umuezeoka Road(4km)in Ezza North.,750000000.0,750000000.0,0.0,1600000000.0,1600000000.0,0.0,468,0.12173,0.13971,026700100100,Ministry of Infrastructural Development and Concession,23020114,CONSTRUCTION / PROVISION OF ROADS,70443,CONSTRUCTION,41141400,State Wide,17100121002200,Road - General
Construction of 2- Span Abe Bridge Iziogo Road.,800000000.0,800000000.0,0.0,0.0,0.0,0.0,468,0.14542,0.1634,026700100100,Ministry of Infrastructural Development and Concession,23020114,CONSTRUCTION / PROVISION OF ROADS,70443,CONSTRUCTION,41120500,EZZA,17100121002300,Road - General
Bill of Engineering Measurement and Evaluation for the Construction of Unwana Beach Road in Afikpo (1.66Km).,0.0,280000000.0,0.0,0.0,0.0,0.0,468,0.17565,0.19363,026700100100,Ministry of Infrastructural Development and Concession,23020114,CONSTRUCTION / PROVISION OF ROADS,70443,CONSTRUCTION,41120500,EZZA,17100121002400,Road - General
"Construction of 2 Span Bridge (30M) Along Odomoke- Ekebiligwe- Isophu-Mwore Road, Ebonyi Local Government Area.",0.0,242300000.0,0.0,0.0,0.0,0.0,468,0.21078,0.22876,026700100100,Ministry of Infrastructural Development and Concession,23020114,CONSTRUCTION / PROVISION OF ROADS,70443,CONSTRUCTION,41110400,EBONYI,17100121000100,Road - General
"Construction of 2 Span Bridge (30M) Along Ugbodo- Odomoke Road, Ebonyi Local Government Area.",0.0,247000000.0,0.0,0.0,0.0,0.0,468,0.24673,0.26471,026700100100,Ministry of Infrastructural Development and Concession,23020114,CONSTRUCTION / PROVISION OF ROADS,70443,CONSTRUCTION,41110400,EBONYI,17100121000200,Road - General
Construction of Nkwobo-Iyioji Akaezeukwu Road (3.16Km) in Ivo Local Government Area.,0.0,100000000.0,0.0,300000000.0,300000000.0,0.0,468,0.27696,0.29493,026700100100,Ministry of Infrastructural Development and Concession,23020114,CONSTRUCTION / PROVISION OF ROADS,70443,CONSTRUCTION,41130900,IVO,17100121000300,Road - General
Boundary Demarcation of Effium and Ezza-Effium Disputed Land in Ohaukwu LGA.,0.0,120000000.0,0.0,4000000000.0,4000000000.0,0.0,468,0.30065,0.31863,026700100100,Ministry of Infrastructural Development and Concession,23020122,CONSTRUCTION OF BOUNDARY PILLARS/ RIGHT OF WAYS,70443,/ 70443 - CONSTRUCTION,41111200,OHAUKWU,17100121000400,Road - General
Construction of Umueziokwu (Nwegbu)- Ugwu Odida Onuafia- Amankwo Onicha road (4.0km) Onicha LGA,0.0,500000000.0,0.0,900000000.0,900000000.0,0.0,468,0.33088,0.34886,026700100100,Ministry of Infrastructural Development and Concession,23020114,CONSTRUCTION / PROVISION OF ROADS,70443,CONSTRUCTION,41131300,ONICHA,17100121000500,Road - General
Construction of 3.16km Nwobo Iyioji Akaezeukwu Road to Akaeze IVO LGA,0.0,1500000000.0,0.0,0.0,0.0,0.0,468,0.36111,0.37908,026700100100,Ministry of Infrastructural Development and Concession,23020114,CONSTRUCTION / PROVISION OF ROADS,70443,CONSTRUCTION,41130900,IVO,17100121000600,Road - General
Construction of Amankwo Amaozara Oziza Road,0.0,0.0,0.0,1000000000.0,1000000000.0,0.0,468,0.3848,0.40278,026700100100,Ministry of Infrastructural Development and Concession,23020114,CONSTRUCTION / PROVISION OF ROADS,70443,CONSTRUCTION,41130900,IVO,17100121000700,Road - General
Construction of Amazor Mbele Nsonkara road and Onunkwuda- Amezebewe Amarua road (10km),0.0,0.0,0.0,4000000000.0,4000000000.0,0.0,468,0.41422,0.43219,026700100100,Ministry of Infrastructural Development and Concession,23020114,CONSTRUCTION / PROVISION OF ROADS,70443,CONSTRUCTION,41130200,AFIKPO NORTH,17100121000800,Road - General
Construction of Oferekpe Internal Road,0.0,0.0,0.0,1000000000.0,1000000000.0,0.0,468,0.44444,0.46242,026700100100,Ministry of Infrastructural Development and Concession,23020114,CONSTRUCTION / PROVISION OF ROADS,70443,CONSTRUCTION,41110100,ABAKALIKI,17100121000900,Road - General
Construction of Amangbala Ugwuegu Health Centre Road,0.0,0.0,0.0,500000000.0,500000000.0,0.0,468,0.46814,0.48611,026700100100,Ministry of Infrastructural Development and Concession,23020114,CONSTRUCTION / PROVISION OF ROADS,70443,CONSTRUCTION,41130900,IVO,17100121001000,Road - General
"Construction of 24 span bridge 360meters by double lane (Flyover), at Nwezenyi Izzi LGA",0.0,0.0,0.0,6000000000.0,6000000000.0,0.0,468,0.49265,0.51062,026700100100,Ministry of Infrastructural Development and Concession,23020114,CONSTRUCTION / PROVISION OF ROADS,70443,CONSTRUCTION,41111000,IZZI,17100121001500,Road - General
"Construction of 2.5km Road at NEPA Junction Mile 50 Layout, Ebonyi LGA",0.0,0.0,0.0,700000000.0,700000000.0,0.0,468,0.51634,0.53431,026700100100,Ministry of Infrastructural Development and Concession,23020114,i 23020114 - CONSTRUCTION / PROVISION OF ROADS,70443,CONSTRUCTION,41110400,EBONYI,17100121001600,Road - General
construction of Akaeze Ugwueke Road 8.3km,0.0,0.0,0.0,3000000000.0,3000000000.0,0.0,468,0.54003,0.55801,026700100100,Ministry of Infrastructural Development and Concession,23020114,CONSTRUCTION / PROVISION OF ROADS,70443,CONSTRUCTION,41130300,AFIKPO SOUTH EDDA,17100121001700,Road - General
Construction of 3.2km Offerekpe Agbaja by Nwugbala Nwigboji (Gwogwo Junction) through Nwoga Nwedufu to Edukwuachi Road Izzi LGA,0.0,0.0,0.0,1000000000.0,1000000000.0,0.0,468,0.57598,0.59395,026700100100,Ministry of Infrastructural Development and Concession,23020114,CONSTRUCTION / PROVISION OF ROADS,70443,CONSTRUCTION,41111000,IZZI,17100121001800,Road - General
Construction of Ovuete Amagu Ishiagu road 2km,0.0,0.0,0.0,600000000.0,600000000.0,0.0,468,0.61193,0.6299,026700100100,Ministry of Infrastructural Development and Concession,23020114,CONSTRUCTION / PROVISION OF ROADS,70443,CONSTRUCTION,41111000,IZZI,17100121001900,Road - General
Provision of one ultra Modern Regional Market Per Senatoral Zone in the State (45No. Block (24 shops per block) and 2No. Open Spaces) per Senatoral Zone,10000000.0,10000000.0,0.0,0.0,0.0,0.0,468,0.71977,0.73775,026900100100,Ministry of Market Development and Management,23020124,CONSTRUCTION OF MARKETS/PARKS,70411,GENERAL ECONOMIC AND COMMERCIALAFFAIRS,41141400,State Wide,12100122000100,Growing the Private Sector - General
Relocation of Akpoha market to another location due to the encroachment of transaharian road construction bye-pass,0.0,0.0,0.0,100000000.0,100000000.0,0.0,468,0.76144,0.77941,026900100100,Ministry of Market Development and Management,23020124,CONSTRUCTION OF MARKETS/PARKS,70411,GENERAL ECONOMIC AND COMMERCIALAFFAIRS,41130200,AFIKPO NORTH,12100122000200,Growing the Private Sector - General
Construction of market building projects at Onicha LGA (constituency Project),0.0,0.0,0.0,40000000.0,40000000.0,0.0,468,0.79167,0.80964,026900100100,Ministry of Market Development and Management,23020124,CONSTRUCTION OF MARKETS/PARKS,70411,GENERAL ECONOMIC AND COMMERCIALAFFAIRS,41131300,ONICHA,12100122000300,Growing the Private Sector - General
Construction of market building projects at Afikpo LGA (constituency Project),0.0,0.0,0.0,40000000.0,40000000.0,0.0,468,0.81536,0.83333,026900100100,Ministry of Market Development and Management,23020124,CONSTRUCTION OF MARKETS/PARKS,70411,GENERAL ECONOMIC AND COMMERCIALAFFAIRS,41130200,AFIKPO NORTH,12100122000400,Growing the Private Sector - General
Construction of market building projects at Ezza North (constituency Project),0.0,0.0,0.0,40000000.0,40000000.0,0.0,468,0.83905,0.85703,026900100100,Ministry of Market Development and Management,23020124,CONSTRUCTION OF MARKETS/PARKS,70411,GENERAL ECONOMIC AND COMMERCIALAFFAIRS,41120500,EZZA,12100122000500,Growing the Private Sector - General
Construction of market building projects at Ivo LGA (constituency Project),0.0,0.0,0.0,40000000.0,40000000.0,0.0,468,0.86275,0.88072,026900100100,Ministry of Market Development and Management,23020124,CONSTRUCTION OF MARKETS/PARKS,70411,GENERAL ECONOMIC AND COMMERCIALAFFAIRS,41130900,IVO 446,12100122000600,Growing the Private Sector - General
Completion of International Market for over 20 Traders to have shops and increase State IGR.,0.0,0.0,0.0,0.0,0.0,0.0,469,0.10376,0.12173,026900100100,Ministry of Market Development and Management,23020124,s 23020124 - CONSTRUCTION OF MARKETS/PARKS,70411,GENERAL ECONOMIC AND COMMERCIALAFFAIRS,41141400,State Wide,12100122000600,Growing the Private Sector - General
Provision of Dump Truck & Trailer Parks per Three Senatoral Zones in Ebonyi,0.0,0.0,0.0,0.0,0.0,0.0,469,0.13317,0.15114,026900100100,Ministry of Market Development and Management,23010107,PURCHASE OF TRUCKS,70411,GENERAL ECONOMIC AND COMMERCIALAFFAIRS,41141400,State Wide,12100122000600,Growing the Private Sector - General
"Construction/Provision of 3No. Regional Mkts of 100 Shops in 15 Blocks, with 120 open shops in 2 blocks in each senatorial zone of the State @ 200 Million Naira each",300000000.0,300000000.0,0.0,1300000000.0,1300000000.0,0.0,469,0.22958,0.24755,026900200100,Ebonyi State Market Development Board,23020124,CONSTRUCTION OF MARKETS/PARKS,70411,GENERAL ECONOMIC AND COMMERCIALAFFAIRS,41141400,State Wide,12100125001400,Growing the Private Sector - General
Investigation and development of mineral deposits in the State.,0.0,0.0,0.0,130000000.0,130000000.0,0.0,469,0.3366,0.35458,027200100100,Ministry of Solid Mineral Development Communities,23050101,RESEARCH AND DEVELOPMENT,70431,COAL AND OTHER SOLID MINERAL FUEL,41141400,L 41141400 - State Wide,12100123000400,Growing the Private Sector - General
Acquisition of Exploration license/Annual Serv. Charges,10000000.0,10000000.0,0.0,170000000.0,170000000.0,0.0,469,0.36111,0.37908,027200100100,Ministry of Solid Mineral Development Communities,23050102,COMPUTER SOFTWARE ACQUISITION,70431,COAL AND OTHER SOLID MINERAL FUEL,41141400,L 41141400 - State Wide,12100123000600,Growing the Private Sector - General
"Purchase of 7No Executive Tables and 10No. Chairs, for the Accounts, PRS, Admin, PRO, Trade offices in the Ministry",0.0,0.0,0.0,0.0,0.0,0.0,469,0.45016,0.46814,027300100100,Ministry of Trade and Investment,23010112,PURCHASE OF OFFICE FURNITURE AND FITTINGS,70411,GENERAL ECONOMIC AND COMMERCIALAFFAIRS,41110100,ABAKALIKI,12100123001300,Growing the Private Sector - General
"Completion of Drainages and concrete pavement at Salt City Estate, Spara-In-Do",49060000.0,49060000.0,0.0,50000000.0,50000000.0,0.0,469,0.48039,0.49837,027300100100,Ministry of Trade and Investment,23020124,CONSTRUCTION OF MARKETS/PARKS,70411,GENERAL ECONOMIC AND COMMERCIALAFFAIRS,41110100,ABAKALIKI,12100123001300,Growing the Private Sector - General
Purchase of 2No Photocopier Machine for use in the office of Admin and Accounts Department,1000000.0,1000000.0,0.0,0.0,0.0,0.0,469,0.5098,0.52778,027300100100,Ministry of Trade and Investment,23010115,PURCHASE OF PHOTOCOPYING MACHINES,70411,GENERAL ECONOMIC AND COMMERCIALAFFAIRS,41141400,State Wide,12100123001300,Growing the Private Sector - General
Rehabilitation of Ebonyi State Shopping Mall,29150000.0,29150000.0,28960000.0,50000000.0,50000000.0,0.0,469,0.54003,0.55801,027300100100,Ministry of Trade and Investment,23030124,REHABILITATION/REPAIRS- MARKETS/PARKS,70411,GENERAL ECONOMIC AND COMMERCIALAFFAIRS,41141400,State Wide,12100123001300,Growing the Private Sector - General
Ebonyi State Investment Summit,55000000.0,55000000.0,0.0,0.0,0.0,0.0,469,0.56373,0.5817,027300100100,Ministry of Trade and Investment,23050101,RESEARCH AND DEVELOPMENT,70411,GENERAL ECONOMIC AND COMMERCIALAFFAIRS,41141400,State Wide,12100123001300,Growing the Private Sector - General
Family Housing Fund (Construction of 500 housing units at Amuzu- Onueke),1835940000.0,1835940000.0,0.0,1000000000.0,1000000000.0,0.0,469,0.58824,0.60621,027300100100,Ministry of Trade and Investment,23020104,CONSTRUCTION / PROVISION OF HOUSING,70411,GENERAL ECONOMIC AND COMMERCIALAFFAIRS,41120600,EZZA SOUTH,12100123001300,Growing the Private Sector - General
Purchase of 3No Aircraft,1000000000.0,1000000000.0,0.0,0.0,0.0,0.0,469,0.61193,0.6299,027300100100,Ministry of Trade and Investment,23010139,PURCHASE OF OTHER FIXED ASSETS,70411,GENERAL ECONOMIC AND COMMERCIALAFFAIRS,41141400,State Wide,12100123001300,Growing the Private Sector - General
"Development of Investors coporate plan, digital database and equipping of PPP and IPA units (SABER Programme)",20000000.0,20000000.0,10000000.0,3000000.0,3000000.0,0.0,469,0.64134,0.65931,027300100100,Ministry of Trade and Investment,23050101,RESEARCH AND DEVELOPMENT,70411,GENERAL ECONOMIC AND COMMERCIALAFFAIRS,41141400,State Wide,12100123001300,Growing the Private Sector - General
Rehabilitation of Electrical facility at Ebonyi Shopping Mall,0.0,500000000.0,0.0,500000000.0,500000000.0,0.0,469,0.67157,0.68954,027300100100,Ministry of Trade and Investment,23030102,REHABILITATION / REPAIRS - ELECTRICITY,70411,GENERAL ECONOMIC AND Y COMMERCIALAFFAIRS,41110100,ABAKALIKI,12100123001300,Growing the Private Sector - General
Completion of Ebonyi State Trade Centre Building at Presco,0.0,3000000000.0,0.0,0.0,0.0,0.0,469,0.69526,0.71324,027300100100,Ministry of Trade and Investment,23030124,REHABILITATION/REPAIRS- MARKETS/PARKS,70411,GENERAL ECONOMIC AND COMMERCIALAFFAIRS,41110400,EBONYI,12100123001300,Growing the Private Sector - General
"Establishment of Ebonyi Lotto (EBLotto), equipping of the offices and take off funds",0.0,0.0,0.0,250000000.0,250000000.0,0.0,469,0.71977,0.73775,027300100100,Ministry of Trade and Investment,23050101,RESEARCH AND DEVELOPMENT,70411,GENERAL ECONOMIC AND COMMERCIALAFFAIRS,41141400,State Wide,12100123001300,Growing the Private Sector - General
Establishment of Consumer protection unit in the Ministry,0.0,0.0,0.0,7000000.0,7000000.0,0.0,469,0.74346,0.76144,027300100100,Ministry of Trade and Investment,23050101,RESEARCH AND DEVELOPMENT,70411,GENERAL ECONOMIC AND COMMERCIALAFFAIRS,41110100,ABAKALIKI,12100123001300,Growing the Private Sector - General
"Purhase of 3No Laptop Computer for the PRS, accounts and Admin department",0.0,0.0,0.0,0.0,0.0,0.0,469,0.76716,0.78513,027300100100,Ministry of Trade and Investment,23010113,PURCHASE OF COMPUTERS,70411,GENERAL ECONOMIC AND COMMERCIALAFFAIRS,41110100,ABAKALIKI,12100123001300,Growing the Private Sector - General
"Purhase of 5No Desktop Computer for use in the Store unit, SA and ICT",0.0,0.0,0.0,0.0,0.0,0.0,469,0.79167,0.80964,027300100100,Ministry of Trade and Investment,23010113,PURCHASE OF COMPUTERS,70411,GENERAL ECONOMIC AND COMMERCIALAFFAIRS,41110100,ABAKALIKI,12100123001300,Growing the Private Sector - General
Purchase of 1No. Generator Set for office use,0.0,0.0,0.0,0.0,0.0,0.0,469,0.81536,0.83333,027300100100,Ministry of Trade and Investment,23010119,PURCHASE OF POWER GENERATING SET,70411,GENERAL ECONOMIC AND COMMERCIALAFFAIRS,41110100,ABAKALIKI,12100123001300,Growing the Private Sector - General
Purchase of 1No Desktop Computer l,0.0,0.0,0.0,0.0,0.0,0.0,470,0.10376,0.12173,027300300100,Ebonyi State Investment and Property Ltd,23010113,PURCHASE OF COMPUTERS,70411,GENERAL ECONOMIC AND COMMERCIALAFFAIRS,41110100,ABAKALIKI,13100123008800,Reform of Government and Governance - General
Purchase of 1No Laptop computer l,0.0,0.0,0.0,0.0,0.0,0.0,470,0.13971,0.15768,027300300100,Ebonyi State Investment and Property Ltd,23010113,PURCHASE OF COMPUTERS,70411,GENERAL ECONOMIC AND COMMERCIALAFFAIRS,41110100,ABAKALIKI,13100123008900,Reform of Government and Governance - General
Purchase/Investment in Shares l,0.0,0.0,0.0,0.0,0.0,0.0,470,0.17565,0.19363,027300300100,Ebonyi State Investment and Property Ltd,23050101,RESEARCH AND DEVELOPMENT,70411,GENERAL ECONOMIC AND COMMERCIALAFFAIRS,41110100,ABAKALIKI,13100123009200,Reform of Government and Governance - General
Procurement of Agro Products,30000000.0,30000000.0,0.0,30000000.0,30000000.0,0.0,470,0.20507,0.22304,027300300100,Ebonyi State Investment and Property Ltd,23010127,PURCHASE OF AGRICULTURAL EQUIPMENT,70411,GENERAL ECONOMIC AND COMMERCIALAFFAIRS,41110100,ABAKALIKI,12100123000200,Growing the Private Sector - General
Investment in the purchase and selling of Charcoal Stove,10000000.0,10000000.0,10000000.0,0.0,0.0,0.0,470,0.22958,0.24755,027300300100,Ebonyi State Investment and Property Ltd,23010120,PURCHASE OFCANTEEN / KITCHEN EQUIPMENT,70411,GENERAL ECONOMIC AND COMMERCIALAFFAIRS,41110100,ABAKALIKI,12100123000300,Growing the Private Sector - General
Rehabilitation/equipping of 1No Hall at Ebonyi State Shopping Mall,0.0,0.0,0.0,20000000.0,20000000.0,0.0,470,0.25327,0.27124,027300300100,Ebonyi State Investment and Property Ltd,23030124,REHABILITATION/REPAIRS- MARKETS/PARKS,70411,GENERAL ECONOMIC AND COMMERCIALAFFAIRS,41110100,ABAKALIKI,12100124005900,Growing the Private Sector - General
Investment in Quick Relief Loan for Civil Servants,0.0,0.0,0.0,30000000.0,30000000.0,0.0,470,0.27696,0.29493,027300300100,Ebonyi State Investment and Property Ltd,23050101,RESEARCH AND DEVELOPMENT,70411,GENERAL ECONOMIC AND COMMERCIALAFFAIRS,41110100,ABAKALIKI,12100125001300,Growing the Private Sector - General
Empowerment of 500 selected youths in the 13 LGAs on Vocational skills,400000000.0,400000000.0,0.0,147700000.0,147700000.0,0.0,470,0.37255,0.39052,027800100100,Ministry of Skill Development and Job Creation,23050101,RESEARCH AND DEVELOPMENT,71051,UNEMPLOYMENT,41141400,State Wide,03100124001300,Poverty Alleviation - General
"Rehabilitation of Vocational Centre at the Centenary City, Abakaliki",0.0,0.0,0.0,50000000.0,50000000.0,0.0,470,0.39624,0.41422,027800100100,Ministry of Skill Development and Job Creation,23030118,REHABILITATION / REPAIRS - RECREATIONAL FACILITIES,71051,UNEMPLOYMENT,41110100,ABAKALIKI,03100124001300,Poverty Alleviation - General
Purchase of empowerment equipment for 500 youths/PLWD in 13 LGAs of Ebonyi State.,600000000.0,600000000.0,0.0,500000000.0,500000000.0,0.0,470,0.42075,0.43873,027800100100,Ministry of Skill Development and Job Creation,23050101,RESEARCH AND DEVELOPMENT,71051,UNEMPLOYMENT,41110100,ABAKALIKI,03100124001300,Poverty Alleviation - General
Purchase of special vocational equipments for students with special needs,1000000000.0,1000000000.0,0.0,1000000000.0,1000000000.0,0.0,470,0.50408,0.52206,027800200100,Ebonyi Vocational College,23010124,PURCHASE OF TEACHING / LEARNING AID EQUIPMENT,71051,UNEMPLOYMENT,41141400,State Wide,05060121000100,"ICT equipment, software and expertise"
Rehabilitation of Power Generating Plants l,0.0,0.0,0.0,0.0,0.0,0.0,470,0.59395,0.61193,031801100100,Judicial Service Commission,23010119,PURCHASE OF POWER GENERATING SET,70331,LAW COURTS,41110100,ABAKALIKI,13100122007200,Reform of Government and Governance - General
Construction/provision of office building (staff canteen) l,0.0,0.0,0.0,0.0,0.0,0.0,470,0.6299,0.64788,031801100100,Judicial Service Commission,23030121,REHABILITATION / REPAIRS OF OFFICE BUILDINGS,70331,LAW COURTS,41110100,ABAKALIKI,13100122007300,Reform of Government and Governance - General
Purchase of 3No. Printer l,0.0,0.0,0.0,0.0,0.0,0.0,470,0.66585,0.68382,031801100100,Judicial Service Commission,23010114,PURCHASE OF COMPUTER PRINTERS,70331,LAW COURTS,41110100,ABAKALIKI,13100122007400,Reform of Government and Governance - General
Purchase of 3Nos. Air Conditioners l,0.0,0.0,0.0,0.0,0.0,0.0,470,0.7018,0.71977,031801100100,Judicial Service Commission,23010139,PURCHASE OF OTHER FIXED ASSETS,70331,LAW COURTS,41110100,ABAKALIKI,13100122007500,Reform of Government and Governance - General
Purchase of 2No. Executive Arm chairs and Tables l,0.0,0.0,0.0,0.0,0.0,0.0,470,0.73775,0.75572,031801100100,Judicial Service Commission,23010112,PURCHASE OF OFFICE FURNITURE AND FITTINGS,70331,LAW COURTS,41110100,ABAKALIKI,13100122007600,Reform of Government and Governance - General
Rehabilitation/Renovation of office buildings l,20000000.0,20000000.0,5190000.0,31000000.0,31000000.0,0.0,470,0.77369,0.79167,031801100100,Judicial Service Commission,23030121,REHABILITATION / REPAIRS OF OFFICE BUILDINGS,70331,LAW COURTS,41110100,ABAKALIKI,13100122007700,Reform of Government and Governance - General
Purchase of 5Nos Desktop Computers l,0.0,0.0,0.0,0.0,0.0,0.0,470,0.80882,0.8268,031801100100,Judicial Service Commission,23010113,PURCHASE OF COMPUTERS,70331,LAW COURTS,41110100,ABAKALIKI,13100122007800,Reform of Government and Governance - General
Purchase of 2No. Nexus Refrigerators l,0.0,0.0,0.0,0.0,0.0,0.0,470,0.84477,0.86275,031801100100,Judicial Service Commission,23010139,PURCHASE OF OTHER FIXED ASSETS,70331,LAW COURTS,41110100,ABAKALIKI,13100122007900,Reform of Government and Governance - General
purchase of fire-fighting equipment l,0.0,0.0,0.0,0.0,0.0,0.0,470,0.88072,0.89869,031801100100,Judicial Service Commission,23010123,PURCHASE OF FIRE FIGHTING EQUIPMENT,70331,LAW COURTS,41110100,ABAKALIKI 448,13100122008000,Reform of Government and Governance - General
Provision of electricity l,0.0,0.0,0.0,0.0,0.0,0.0,471,0.10376,0.12173,031801100100,Judicial Service Commission,23020103,CONSTRUCTION / PROVISION OF ELECTRICITY,70331,LAW COURTS,41110100,ABAKALIKI,13100122008100,Reform of Government and Governance - General
Purchase and installation of UPS Back up for the Commission l,0.0,0.0,0.0,0.0,0.0,0.0,471,0.13971,0.15768,031801100100,Judicial Service Commission,23010139,PURCHASE OF OTHER FIXED ASSETS,70331,LAW COURTS,41110100,ABAKALIKI,13100122008200,Reform of Government and Governance - General
"Rehabilitation & Maintenance of the entire Administrative Block at the Judiciary Headquarters, Abakaliki",0.0,0.0,0.0,0.0,0.0,0.0,471,0.23529,0.25327,031805100100,State High Court,23030121,REHABILITATION / REPAIRS OF OFFICE BUILDINGS,70331,LAW COURTS,41110100,ABAKALIKI,13100121009000,Reform of Government and Governance - General
Procurement of 25 No Gen. Sets for Out Station Courts l,0.0,0.0,0.0,37500000.0,37500000.0,0.0,471,0.27124,0.28922,031805100100,State High Court,23010119,PURCHASE OF POWER GENERATING SET,70331,LAW COURTS,41141400,State Wide,13100121009100,Reform of Government and Governance - General
Procurement of 2 No Workshop Projectors l,0.0,0.0,0.0,3000000.0,3000000.0,0.0,471,0.30719,0.32516,031805100100,State High Court,23010139,PURCHASE OF OTHER FIXED ASSETS,70331,LAW COURTS,41110100,ABAKALIKI,13100121009200,Reform of Government and Governance - General
"Completion/Rehabilitation of: i. Magistrate's quarters at Afikpo and Onueke, Ii. Existing Judge's Residential bungalow at Afikpo",0.0,0.0,0.0,0.0,0.0,0.0,471,0.34232,0.36029,031805100100,State High Court,23030121,REHABILITATION / REPAIRS OF OFFICE BUILDINGS,70331,LAW COURTS,41130200,AFIKPO NORTH,13100121009300,Reform of Government and Governance - General
Procurement of 40 Nos UPS and Stabilizer l,0.0,0.0,0.0,10000000.0,10000000.0,0.0,471,0.37827,0.39624,031805100100,State High Court,23010139,PURCHASE OF OTHER FIXED ASSETS,70331,LAW COURTS,41110100,ABAKALIKI,13100121009400,Reform of Government and Governance - General
"Sinking of 7No. Motorized water boreholes at the 7 Divions at Abakaliki, Afikpo, Onueke, Ikwo, Ivo, Ohaozara & Ezzamgbo and l motorised reticulation of water.",0.0,0.0,0.0,0.0,0.0,0.0,471,0.42075,0.43873,031805100100,State High Court,23020105,CONSTRUCTION / PROVISION OF WATER FACILITIES,70331,LAW COURTS,41141400,State Wide,13100121009500,Reform of Government and Governance - General
Purchase of court room furniture and fittings for 8 High Courts at Abakaliki within the administrative block.,0.0,0.0,0.0,0.0,0.0,0.0,471,0.46242,0.48039,031805100100,State High Court,23010113,PURCHASE OF COMPUTERS,70331,LAW COURTS,41110100,ABAKALIKI,13100121009600,Reform of Government and Governance - General
Procurement of 25 Nos Computers l,0.0,0.0,0.0,20000000.0,20000000.0,0.0,471,0.49837,0.51634,031805100100,State High Court,23010113,PURCHASE OF COMPUTERS,70331,LAW COURTS,41110100,ABAKALIKI,13100121009800,Reform of Government and Governance - General
Procurement of 25 Nos Computer Printers l,0.0,0.0,0.0,15000000.0,15000000.0,0.0,471,0.53431,0.55229,031805100100,State High Court,23010114,PURCHASE OF COMPUTER PRINTERS,70331,LAW COURTS,41110100,ABAKALIKI,13100121009900,Reform of Government and Governance - General
Construction of Residential quarters for Judges at Abakaliki l,0.0,0.0,0.0,300000000.0,300000000.0,0.0,471,0.57026,0.58824,031805100100,State High Court,23020102,CONSTRUCTION / PROVISION OF RESIDENTIAL BUILDINGS,70331,LAW COURTS,41110100,ABAKALIKI,13100121010000,Reform of Government and Governance - General
Construction of residential quarters for Magistrates l,0.0,0.0,0.0,300000000.0,300000000.0,0.0,471,0.60621,0.62418,031805100100,State High Court,23020102,CONSTRUCTION / PROVISION OF RESIDENTIAL BUILDINGS,70331,LAW COURTS,41141400,State Wide,13100121010100,Reform of Government and Governance - General
Furnishing of the New Office Complex of Judiciary at the Centenary City,0.0,0.0,400000000.0,0.0,0.0,0.0,471,0.64134,0.65931,031805100100,State High Court,23010112,PURCHASE OF OFFICE FURNITURE AND FITTINGS,70331,LAW COURTS,41110100,ABAKALIKI,13100121010300,Reform of Government and Governance - General
Construction of 4 Magistrate Court Halls with Administrative Offices Building at Abakaliki,400000000.0,400000000.0,400000000.0,0.0,0.0,0.0,471,0.67729,0.69526,031805100100,State High Court,23020101,CONSTRUCTION / PROVISION OF OFFICE BUILDINGS,70331,LAW COURTS,41110100,ABAKALIKI,13100121010400,Reform of Government and Governance - General
Construction of 1 Magistrate Court at Ntezi l,70000000.0,70000000.0,0.0,0.0,0.0,0.0,471,0.71324,0.73121,031805100100,State High Court,23020101,CONSTRUCTION / PROVISION OF OFFICE BUILDINGS,70331,LAW COURTS,41111200,OHAUKWU,13100121010500,Reform of Government and Governance - General
Construction of Exhibit Hall at Abakaliki l,45000000.0,51000000.0,0.0,0.0,0.0,0.0,471,0.74918,0.76716,031805100100,State High Court,23020101,CONSTRUCTION / PROVISION OF OFFICE BUILDINGS,70331,LAW COURTS,41110100,ABAKALIKI,13100121010600,Reform of Government and Governance - General
Construction of 1 Magistrate Court at Ugbodo l,70000000.0,70000000.0,70000000.0,0.0,0.0,0.0,471,0.78513,0.8031,031805100100,State High Court,23020101,CONSTRUCTION / PROVISION OF OFFICE BUILDINGS,70331,LAW COURTS,41110400,EBONYI,13100121010700,Reform of Government and Governance - General
Completion/Rehabilitation of Magistrate Quarters at Afikpo l,40000000.0,40000000.0,0.0,40000000.0,40000000.0,0.0,471,0.82108,0.83905,031805100100,State High Court,23020101,CONSTRUCTION / PROVISION OF OFFICE BUILDINGS,70331,LAW COURTS,41130200,AFIKPO NORTH,13100121010800,Reform of Government and Governance - General
Fencing of High Court/Magistrate Court at Ivo and Ikwo LGAs l,90000000.0,90000000.0,0.0,0.0,0.0,0.0,471,0.85703,0.875,031805100100,State High Court,23020122,CONSTRUCTION OF BOUNDARY PILLARS/ RIGHT OF WAYS,70331,/ 70331 - LAW COURTS,41130900,IVO 449,13100121010900,Reform of Government and Governance - General
"Sinking of 6 Motorized Water Boreholes with Overhead Tank at the 6 Divisions at Abakaliki, Afikpo, Ikwo, Ivo, Ohaozara and Ishielu",49000000.0,49000000.0,0.0,0.0,0.0,0.0,472,0.10376,0.12173,031805100100,State High Court,23020105,CONSTRUCTION / PROVISION OF WATER FACILITIES,70331,LAW COURTS,41141400,State Wide,13100121011000,Reform of Government and Governance - General
Digitalization of Court Halls for Virtual Court System for the 3 Senatorial Zones,30000000.0,30000000.0,30000000.0,0.0,0.0,0.0,472,0.13971,0.15768,031805100100,State High Court,23050102,COMPUTER SOFTWARE ACQUISITION,70331,LAW COURTS,41141400,State Wide,13100121011100,Reform of Government and Governance - General
"Purchase of 50nos office equipment, 2set of uphosltry, 5nos Executives tables and 10 nos chairs for the New Judiciary Secretariat l at Centenary City",400000000.0,400000000.0,0.0,40000000.0,40000000.0,0.0,472,0.18137,0.19935,031805100100,State High Court,23010112,PURCHASE OF OFFICE FURNITURE AND FITTINGS,70331,LAW COURTS,41110100,ABAKALIKI,13100121011200,Reform of Government and Governance - General
Construction of Second Phase of 6 Magistrate Court Halls with Administrative Block Office Building at Abakaliki,0.0,0.0,0.0,200000000.0,200000000.0,0.0,472,0.22304,0.24101,031805100100,State High Court,23020101,CONSTRUCTION / PROVISION OF OFFICE BUILDINGS,70331,LAW COURTS,41110100,ABAKALIKI,13100121011400,Reform of Government and Governance - General
Landscaping of Ultra Modern High Court Complex at Ohaozara l,0.0,0.0,0.0,50000000.0,50000000.0,0.0,472,0.25899,0.27696,031805100100,State High Court,23040101,TREE PLANTING,70331,LAW COURTS,41131100,OHAOZARA,13100121011500,Reform of Government and Governance - General
Furnishing of First Phase of 6 Magistrate Court Halls with Administrative Offices Building at Abakaliki,0.0,0.0,0.0,90000000.0,90000000.0,0.0,472,0.29493,0.31291,031805100100,State High Court,23010112,PURCHASE OF OFFICE FURNITURE AND FITTINGS,70331,LAW COURTS,41110100,ABAKALIKI,13100121011600,Reform of Government and Governance - General
Purchase of 6Nos Motorcycles for Court Beliefs. l,0.0,0.0,0.0,4400000.0,4400000.0,0.0,472,0.39052,0.4085,031805200100,Customary Court of Appeal,23010104,PURCHASE MOTOR CYCLES,70331,LAW COURTS,41110100,ABAKALIKI,13100121003700,Reform of Government and Governance - General
"Purchase of 3 Nos Toyota Camry for CR, DCR and F & A Office l",0.0,0.0,0.0,12000000.0,12000000.0,0.0,472,0.42647,0.44444,031805200100,Customary Court of Appeal,23010105,PURCHASE OF MOTOR VEHICLES,70331,LAW COURTS,41110100,ABAKALIKI,13100121003800,Reform of Government and Governance - General
Construction of Staff/Visitors convenience house l,0.0,0.0,0.0,10000000.0,10000000.0,0.0,472,0.46242,0.48039,031805200100,Customary Court of Appeal,23020118,CONSTRUCTION / PROVISION OF INFRASTRUCTURE,70331,LAW COURTS,41110100,ABAKALIKI,13100121004200,Reform of Government and Governance - General
Purchase of Nigeria weekly law reports and law books for the CCA library,5000000.0,5000000.0,0.0,5000000.0,5000000.0,0.0,472,0.49837,0.51634,031805200100,Customary Court of Appeal,23010125,PURCHASE OF LIBRARY BOOKS & EQUIPMENT,70331,LAW COURTS,41110100,ABAKALIKI,13100121004400,Reform of Government and Governance - General
Purchase of 10No.Laptop Computers for Judges and Directors l,0.0,0.0,0.0,0.0,0.0,0.0,472,0.53431,0.55229,031805200100,Customary Court of Appeal,23010113,PURCHASE OF COMPUTERS,70331,LAW COURTS,41110100,ABAKALIKI,13100121004600,Reform of Government and Governance - General
"Construction of 4 Nos. Court Hall in Ivo and Ezza North, Afikpo North, Ishielu, Ohaukwu, Ikwo, Izzi, and Ohaozara LGAs",0.0,0.0,0.0,0.0,0.0,0.0,472,0.57026,0.58824,031805200100,Customary Court of Appeal,23020101,CONSTRUCTION / PROVISION OF OFFICE BUILDINGS,70331,LAW COURTS,41141400,State Wide,13100121004700,Reform of Government and Governance - General
Furnishing of the New President’s Office H/quarters l,0.0,0.0,0.0,0.0,0.0,0.0,472,0.60621,0.62418,031805200100,Customary Court of Appeal,23010112,PURCHASE OF OFFICE FURNITURE AND FITTINGS,70331,LAW COURTS,41110100,ABAKALIKI,13100121004800,Reform of Government and Governance - General
Construction of Perimeter fencing of 5 Nos. Customary Courts l,50000000.0,50000000.0,0.0,200000000.0,200000000.0,0.0,472,0.64134,0.65931,031805200100,Customary Court of Appeal,23020122,CONSTRUCTION OF BOUNDARY PILLARS/ RIGHT OF WAYS,70331,/ 70331 - LAW COURTS,41141400,State Wide,13100121004900,Reform of Government and Governance - General
"Rehabilitation/Repairs of Office Buildingsat the CCA Headquarters, Abakaliki",0.0,0.0,0.0,30000000.0,30000000.0,0.0,472,0.67729,0.69526,031805200100,Customary Court of Appeal,23030121,REHABILITATION / REPAIRS OF OFFICE BUILDINGS,70331,LAW COURTS,41110100,ABAKALIKI,13100121005000,Reform of Government and Governance - General
Construction of modern Car Park for Judges at Headquarters l,0.0,0.0,0.0,10000000.0,10000000.0,0.0,472,0.71324,0.73121,031805200100,Customary Court of Appeal,23020118,CONSTRUCTION / PROVISION OF INFRASTRUCTURE,70331,LAW COURTS,41110100,ABAKALIKI,13100121005100,Reform of Government and Governance - General
Purchase of 40Kva Mikano Generator for President's residence l,30000000.0,30000000.0,30000000.0,0.0,0.0,0.0,472,0.74918,0.76716,031805200100,Customary Court of Appeal,23010119,PURCHASE OF POWER GENERATING SET,70331,LAW COURTS,41110100,ABAKALIKI,13100121005200,Reform of Government and Governance - General
"Renovation of Mgbo, Oshiri, Isu,Onicha and Abakaliki Customary Court Halls",0.0,0.0,0.0,0.0,0.0,0.0,472,0.78513,0.8031,031805200100,Customary Court of Appeal,23030121,REHABILITATION / REPAIRS OF OFFICE BUILDINGS,70331,LAW COURTS,41141400,State Wide,13100121005300,Reform of Government and Governance - General
"Rehabilitation of 8 Nos. Court Halls inIboko,Isu, Ishingbo, AmaezekweEzillo, Agubia,Etiti and Afikpo CC",260000000.0,260000000.0,240000000.0,0.0,0.0,0.0,472,0.82108,0.83905,031805200100,Customary Court of Appeal,23030121,REHABILITATION / REPAIRS OF OFFICE BUILDINGS,70331,LAW COURTS,41141400,State Wide,13100121005400,Reform of Government and Governance - General
Construction of 5Nos. Of Customary Courts l,250000000.0,250000000.0,90000000.0,0.0,0.0,0.0,472,0.85703,0.875,031805200100,Customary Court of Appeal,23020101,CONSTRUCTION / PROVISION OF OFFICE BUILDINGS,70331,LAW COURTS,41141400,State Wide 450,13100121005500,Reform of Government and Governance - General
"Renovation of 12Nos. Customary Courts, AMUZU CC, Achiagu CC, Agubia CC, Okposi Umuogharu CC, Ebonyi Central, Nkwagu CC, Isieluezengbo CC, Amachi CC, Ebonyi North, Uburu CC, Onicha CC, Owutu Edda CC, Ugwulanugwu CC, Ukawu CC, Ebonyi Central",0.0,0.0,0.0,100000000.0,100000000.0,0.0,473,0.12173,0.13971,031805200100,Customary Court of Appeal,23030121,REHABILITATION / REPAIRS OF OFFICE BUILDINGS,70331,LAW COURTS,41141400,State Wide,07100123002800,Gender - General
Procurement of Law books to equip Ministry's library. l,40000000.0,40000000.0,0.0,0.0,0.0,0.0,473,0.23529,0.25327,032600100100,Ministry of Justice,23010125,PURCHASE OF LIBRARY BOOKS & EQUIPMENT,70331,LAW COURTS,41110100,ABAKALIKI,13100122005900,Reform of Government and Governance - General
"Production of Laws of Ebonyi State on selected landmarks, judgment of Ebonyi State, Federal High Court, Court of Appeal and Supreme l Court quarterly.",2200000.0,2200000.0,0.0,0.0,0.0,0.0,473,0.27696,0.29493,032600100100,Ministry of Justice,23050101,RESEARCH AND DEVELOPMENT,70331,LAW COURTS,41110100,ABAKALIKI,13100122006000,Reform of Government and Governance - General
Production of all the Customary Laws applicable to Ebonyi State l,2000000.0,2000000.0,0.0,0.0,0.0,0.0,473,0.31863,0.3366,032600100100,Ministry of Justice,23050101,RESEARCH AND DEVELOPMENT,70331,LAW COURTS,41110100,ABAKALIKI,13100122006100,Reform of Government and Governance - General
Production/ codification of laws of Ebonyi state l,5000000.0,5000000.0,0.0,0.0,0.0,0.0,473,0.35458,0.37255,032600100100,Ministry of Justice,23050101,RESEARCH AND DEVELOPMENT,70331,LAW COURTS,41110100,ABAKALIKI,13100122006200,Reform of Government and Governance - General
Automation/digitalisation of Ebonyi State Ministry of Justice l,20000000.0,20000000.0,0.0,0.0,0.0,0.0,473,0.39052,0.4085,032600100100,Ministry of Justice,23050101,RESEARCH AND DEVELOPMENT,70331,LAW COURTS,41110100,ABAKALIKI,13100122006300,Reform of Government and Governance - General
Establishment of Law/Legal Enforcement offices for GBV/TIP intervention for 2 years,1500000.0,1500000.0,0.0,2500000.0,2500000.0,0.0,473,0.42647,0.44444,032600100100,Ministry of Justice,23050101,RESEARCH AND DEVELOPMENT,70331,LAW COURTS,41110100,ABAKALIKI,13100123014300,Reform of Government and Governance - General
"Production of ICE materials, booklets and concise frameworks on GBV/TIP prevention.",1500000.0,1500000.0,0.0,1500000.0,1500000.0,0.0,473,0.46242,0.48039,032600100100,Ministry of Justice,23050101,RESEARCH AND DEVELOPMENT,70331,LAW COURTS,41110100,ABAKALIKI,13100124016700,Reform of Government and Governance - General
Purchase of 2no. Hp Desktop Computers for Data management of GBV/TIP intervention for policy management.,700000.0,700000.0,0.0,0.0,0.0,0.0,473,0.49837,0.51634,032600100100,Ministry of Justice,23010113,PURCHASE OF COMPUTERS,70331,LAW COURTS,41110100,ABAKALIKI,13100124016800,Reform of Government and Governance - General
Establishment of End GBV/TIP peer Groups programmes at primary and Secondary schools across the state.,1000000.0,1000000.0,0.0,0.0,0.0,0.0,473,0.53431,0.55229,032600100100,Ministry of Justice,23050101,RESEARCH AND DEVELOPMENT,70331,LAW COURTS,41110100,ABAKALIKI,13100124016900,Reform of Government and Governance - General
"Procurement of State GBV/TIP prevention materials (handbooks, whiteboard) for holistic case management.",1500000.0,1500000.0,0.0,0.0,0.0,0.0,473,0.57026,0.58824,032600100100,Ministry of Justice,23050101,RESEARCH AND DEVELOPMENT,70331,LAW COURTS,41110100,ABAKALIKI,13100124017000,Reform of Government and Governance - General
Community engagement with stakeholders on GBV/TIP prevention. l,2000000.0,2000000.0,0.0,0.0,0.0,0.0,473,0.60621,0.62418,032600100100,Ministry of Justice,23050101,RESEARCH AND DEVELOPMENT,70331,LAW COURTS,41110100,ABAKALIKI,13100124017100,Reform of Government and Governance - General
Production of simplified version of Ebonyi State VAPP Law l,7000000.0,7000000.0,0.0,0.0,0.0,0.0,473,0.64134,0.65931,032600100100,Ministry of Justice,23050101,RESEARCH AND DEVELOPMENT,70331,LAW COURTS,41110100,ABAKALIKI,13100124017200,Reform of Government and Governance - General
Quarterly state Monitoring and Evaluation on GBV/TIP to track access to Justice for GBV/TIP survivors.,500000.0,500000.0,0.0,0.0,0.0,0.0,473,0.67729,0.69526,032600100100,Ministry of Justice,23050103,s 23050103 - MONITORING AND EVALUATION,70331,LAW COURTS,41110100,ABAKALIKI,13100124017300,Reform of Government and Governance - General
"Construction of Office Building for law officers in Ebonyi Central Senatorial zone, Ikwo LGA, Ebonyi State",0.0,0.0,0.0,200000000.0,200000000.0,0.0,473,0.71324,0.73121,032600100100,Ministry of Justice,23020101,CONSTRUCTION / PROVISION OF OFFICE BUILDINGS,70331,LAW COURTS,41120700,IKWO,13100124017400,Reform of Government and Governance - General
Procurement of key policy document for member of the taskforce. l,0.0,0.0,0.0,5700000.0,5700000.0,0.0,473,0.74918,0.76716,032600100100,Ministry of Justice,23010127,PURCHASE OF AGRICULTURAL EQUIPMENT,70331,LAW COURTS,41110100,ABAKALIKI,13100125003700,Reform of Government and Governance - General
Rehabilitation of Office Complex at Centenary City l,0.0,0.0,0.0,0.0,0.0,0.0,473,0.78513,0.8031,032600100100,Ministry of Justice,23010119,PURCHASE OF POWER GENERATING SET,70331,LAW COURTS,41110100,ABAKALIKI,13100124017300,Reform of Government and Governance - General
Establishment of Ebonyi State policy on Anti-human trafficking. l,0.0,0.0,0.0,5000000.0,5000000.0,0.0,473,0.82108,0.83905,032600100100,Ministry of Justice,23050101,RESEARCH AND DEVELOPMENT,70331,LAW COURTS,41141400,State Wide,13100124017400,Reform of Government and Governance - General
Take-off fund for the Administrator General/Public Trustee of Ebonyi State,0.0,0.0,0.0,0.0,0.0,0.0,473,0.85703,0.875,032600100100,Ministry of Justice,23050101,i 23050101 - RESEARCH AND DEVELOPMENT,70331,LAW COURTS,41141400,State Wide 451,13100125003700,Reform of Government and Governance - General
Establishment and preparation of master plan for the capital territory l,50000000.0,50000000.0,0.0,1000000000.0,1000000000.0,0.0,474,0.1634,0.18137,043700100100,Ministry of Capital City and Urban Development,23050101,RESEARCH AND DEVELOPMENT,70611,HOUSING DEVELOPMENT,41141400,State Wide,13100122000100,Reform of Government and Governance - General
Abakaliki Capital City Monument and Beautification l,400000000.0,400000000.0,285000000.0,350000000.0,350000000.0,0.0,474,0.19935,0.21732,043700100100,Ministry of Capital City and Urban Development,23020118,CONSTRUCTION / PROVISION OF INFRASTRUCTURE,70611,HOUSING DEVELOPMENT,41110400,EBONYI,13100124007800,Reform of Government and Governance - General
Establishment of building plans & files archive unit (A Data Bank Unit) l,3000000.0,3000000.0,0.0,20000000.0,20000000.0,0.0,474,0.23529,0.25327,043700100100,Ministry of Capital City and Urban Development,23010125,PURCHASE OF LIBRARY BOOKS & ) EQUIPMENT,70611,HOUSING DEVELOPMENT,41110400,EBONYI,13100124007900,Reform of Government and Governance - General
Construction of 2No public toilet with solar powered borehole and overhead tank at some strategic places,10000000.0,10000000.0,0.0,70000000.0,70000000.0,0.0,474,0.27124,0.28922,043700100100,Ministry of Capital City and Urban Development,23020118,CONSTRUCTION / PROVISION OF INFRASTRUCTURE,70611,HOUSING DEVELOPMENT,41141400,State Wide,13100124008000,Reform of Government and Governance - General
Building of 102No. Bus-stop shelters with parking bays at selected points in the capital city.,0.0,198000000.0,0.0,0.0,0.0,0.0,474,0.30719,0.32516,043700100100,Ministry of Capital City and Urban Development,23020118,CONSTRUCTION / PROVISION OF INFRASTRUCTURE,70611,HOUSING DEVELOPMENT,41141400,State Wide,13100124008100,Reform of Government and Governance - General
Construction of 1No Health Clinic for Abakaliki Mechanic Site and Abakaliki Rice Mill (CCD Project),0.0,0.0,0.0,300000000.0,300000000.0,0.0,474,0.34232,0.36029,043700100100,Ministry of Capital City and Urban Development,23020106,CONSTRUCTION / PROVISION OF HOSPITALS / HEALTH CENTRES,70611,HOUSING DEVELOPMENT,41110400,EBONYI,13100124008200,Reform of Government and Governance - General
Relocation of Mechanic Village to Ntezi Aba in Ebonyi LGA l,0.0,0.0,0.0,2500000000.0,2500000000.0,0.0,474,0.37827,0.39624,043700100100,Ministry of Capital City and Urban Development,23050101,RESEARCH AND DEVELOPMENT,70611,HOUSING DEVELOPMENT,41110400,EBONYI,13100124008900,Reform of Government and Governance - General
"Rehabilitation of Wall Mural Art Works at the Internal and External Fence of Abakaliki Township Stadium, EBOTRANS Hqtrs through Amusement Park, Ezza Road to Presco Junction",0.0,0.0,0.0,60000000.0,60000000.0,0.0,474,0.48611,0.50408,053900100100,Ministry of Youth Development and Sports,23030118,REHABILITATION / REPAIRS - RECREATIONAL FACILITIES,70811,RECREATIONAL AND SPORTING SERVICES,41110100,ABAKALIKI,08100123000300,Youth - General
"Rehabilitation, Mural Art work and Repainting of inside Abakaliki Township Stadium",0.0,0.0,0.0,0.0,0.0,0.0,474,0.52859,0.54657,053900100100,Ministry of Youth Development and Sports,23030118,REHABILITATION / REPAIRS - RECREATIONAL FACILITIES,70811,RECREATIONAL AND SPORTING SERVICES,41110100,ABAKALIKI,08100123000400,Youth - General
"Rehabilitation of Sporting Facilities such as Table Tennis Court, Babminton, Volley Ball etc at Pilot Schools in Ebonyi State",0.0,0.0,0.0,1300000000.0,1300000000.0,0.0,474,0.55801,0.57598,053900100100,Ministry of Youth Development and Sports,23030118,REHABILITATION / REPAIRS - RECREATIONAL FACILITIES,70811,RECREATIONAL AND SPORTING SERVICES,41110100,ABAKALIKI,08100123000500,Youth - General
"Construction of Facilities such as: More Staff Quarters, Security House, Entrance Gate and Fencing at NYSC Orientation Camp Afikpo, Additional Staff Quaters & fencing",200000000.0,250000000.0,190000000.0,0.0,0.0,0.0,474,0.59967,0.61765,053900100100,Ministry of Youth Development and Sports,23020119,"CONSTRUCTION / PROVISION OF , RECREATIONAL FACILITIES",70811,RECREATIONAL AND SPORTING SERVICES,41110100,ABAKALIKI,08100123000600,Youth - General
"Purchase of 2nos Sports Equipment and Running of Sporting Activities such as Governor's Cup, Ebonyi State Open Sports Festivals and International Sports",30000000.0,30000000.0,0.0,50000000.0,50000000.0,0.0,474,0.64788,0.66585,053900100100,Ministry of Youth Development and Sports,23010130,PURCHASE OF RECREATIONAL FACILITIES,70811,RECREATIONAL AND SPORTING SERVICES,41110100,ABAKALIKI,08100123000900,Youth - General
Rehabilitation of Electronics Scoreboards and Floodlights at Abakaliki Township Stadium,5000000.0,20000000.0,0.0,20000000.0,20000000.0,0.0,474,0.68382,0.7018,053900100100,Ministry of Youth Development and Sports,23030111,REHABILITATION / REPAIRS - SPORTING FACILITIES,70811,RECREATIONAL AND SPORTING SERVICES,41110100,ABAKALIKI,08100123001000,Youth - General
Construction and completion of the New Olympic Stadium at Centenary City Abakaliki,27000000000.0,27000000000.0,0.0,20000000000.0,20000000000.0,0.0,474,0.70752,0.72549,053900100100,Ministry of Youth Development and Sports,23020112,CONSTRUCTION / PROVISION OF SPORTING FACILITIES,70811,RECREATIONAL AND SPORTING SERVICES,41110100,ABAKALIKI,08100123001100,Youth - General
"Construction of Approved indoor sports hall for Pa Ngele Oruta Township stadium, Abakaliki",410500000.0,410500000.0,0.0,0.0,0.0,0.0,474,0.73775,0.75572,053900100100,Ministry of Youth Development and Sports,23020101,CONSTRUCTION / PROVISION OF OFFICE BUILDINGS,70811,RECREATIONAL AND SPORTING SERVICES,41110100,ABAKALIKI,08100123001200,Youth - General
"Construction of Police Post and Inner Gate at Pa Ngele Oruta Township Stadium, Abakaliki",25000000.0,25000000.0,0.0,0.0,0.0,0.0,474,0.76716,0.78513,053900100100,Ministry of Youth Development and Sports,23020101,CONSTRUCTION / PROVISION OF OFFICE BUILDINGS,70811,RECREATIONAL AND SPORTING SERVICES,41110100,ABAKALIKI,08100123001300,Youth - General
Purchase of 2 Nos. Lawn Mower for Maintenance of the Stadium pitch,1800000.0,1800000.0,0.0,1800000.0,1800000.0,0.0,474,0.79167,0.80964,053900100100,Ministry of Youth Development and Sports,23010139,PURCHASE OF OTHER FIXED ASSETS,70811,RECREATIONAL AND SPORTING SERVICES,41110100,ABAKALIKI,08100123001400,Youth - General
Development of other Games Facilities at the New Olympic Stadium,0.0,0.0,0.0,3000000000.0,3000000000.0,0.0,474,0.81536,0.83333,053900100100,Ministry of Youth Development and Sports,23050101,RESEARCH AND DEVELOPMENT,70811,RECREATIONAL AND SPORTING SERVICES,41110100,ABAKALIKI,08100123001500,Youth - General
Construction of Stadium Guest House for the New Olympic Stadium,180000000.0,180000000.0,0.0,0.0,0.0,0.0,474,0.83905,0.85703,053900100100,Ministry of Youth Development and Sports,23020119,CONSTRUCTION / PROVISION OF RECREATIONAL FACILITIES,70811,RECREATIONAL AND SPORTING SERVICES,41110100,ABAKALIKI,08100125000400,Youth - General
"Global Observance of International Youth Week Celebration, 6-12th August, 2026",120000000.0,120000000.0,0.0,0.0,0.0,0.0,474,0.86275,0.88072,053900100100,Ministry of Youth Development and Sports,23050104,ANNIVERSARIES/CELEBRATIONS,70811,RECREATIONAL AND SPORTING SERVICES,41141400,State Wide,08100125000500,Youth - General
Ebonyi State International Marathon,0.0,0.0,0.0,0.0,0.0,0.0,474,0.88725,0.90523,053900100100,Ministry of Youth Development and Sports,23050101,RESEARCH AND DEVELOPMENT,70811,RECREATIONAL AND SPORTING SERVICES,41141400,State Wide 452,08100125000600,Youth - General
Establishment of Abakaliki FC and production of operational manuals,0.0,0.0,0.0,700000000.0,700000000.0,0.0,475,0.09722,0.1152,053900100100,Ministry of Youth Development and Sports,23050101,RESEARCH AND DEVELOPMENT,70811,RECREATIONAL AND SPORTING SERVICES,41110100,ABAKALIKI,08100125000700,Youth - General
Establishment of Abakaliki Football club,200000000.0,1150000000.0,200000000.0,0.0,0.0,0.0,475,0.18137,0.19935,053905100100,Ebonyi State Sports Council,23050101,RESEARCH AND DEVELOPMENT,70811,RECREATIONAL AND SPORTING SERVICES,41141400,State Wide,08100124000100,Youth - General
"Purchase of sports equipment: football, volleyball, judo, weightlifting, wrestling, taekwondo, basketball, athletics.",0.0,0.0,0.0,2000000.0,2000000.0,0.0,475,0.21078,0.22876,053905100100,Ebonyi State Sports Council,23010126,PURCHASE OF SPORTING / GAMING EQUIPMENT,70811,RECREATIONAL AND SPORTING SERVICES,41141400,State Wide,08100124000100,Youth - General
"Educational grants for Blind Students at the Nigeria Farmcraft for the Blind, Lagos",3000000.0,3000000.0,0.0,4000000.0,4000000.0,0.0,475,0.31291,0.33088,051400100100,Ministry of Women Affairs and Social Development,23050101,RESEARCH AND DEVELOPMENT,71081,R & D SOCIAL PROTECTION,41141400,State Wide,07100124000100,Gender - General
"Economic Empowerment for PWDs, Indigent women and other Vulnerable Groups",3000000.0,3000000.0,0.0,5000000.0,5000000.0,0.0,475,0.3366,0.35458,051400100100,Ministry of Women Affairs and Social Development,23050101,RESEARCH AND DEVELOPMENT,71041,FAMILY AND CHILDREN,41141400,State Wide,07100123000100,Gender - General
Production of Social Development/Welfare Programs booklets for Child Welfare and the Elderly.,10000000.0,10000000.0,0.0,0.0,0.0,0.0,475,0.36683,0.3848,051400100100,Ministry of Women Affairs and Social Development,23050101,RESEARCH AND DEVELOPMENT,70133,OTHER GENERAL SERVICES,41141400,State Wide,07100123000200,Gender - General
"NUT.3. ADVOCACY Production of a Nutritional support manual to pregnant women, Lactating mothers, infants and other Vulnerable Groups",3000000.0,3000000.0,0.0,4000000.0,4000000.0,4000000.0,475,0.40278,0.42075,051400100100,Ministry of Women Affairs and Social Development,23020103,CONSTRUCTION / PROVISION OF ELECTRICITY,70133,OTHER GENERAL SERVICES,41141400,State Wide,07100123000300,Gender - General
Rehabilitation of the GBV Shelter Home,10000000.0,10000000.0,0.0,12000000.0,12000000.0,0.0,475,0.43219,0.45016,051400100100,Ministry of Women Affairs and Social Development,23010112,PURCHASE OF OFFICE FURNITURE AND FITTINGS,70133,OTHER GENERAL SERVICES,41141400,State Wide,07100123000400,Gender - General
"Electrification of Remand Home, Rehabilitation Centre and Youth Resource Centre(Connection of Electricity to National Grid/ Solar Alternate Energy)",6000000.0,6000000.0,0.0,8000000.0,8000000.0,0.0,475,0.46814,0.48611,051400100100,Ministry of Women Affairs and Social Development,23050104,ANNIVERSARIES/CELEBRATIONS,71041,FAMILY AND CHILDREN,41141400,State Wide,07100123000500,Gender - General
Equipping of the New Remand Home,6000000.0,6000000.0,0.0,7000000.0,7000000.0,0.0,475,0.49837,0.51634,051400100100,Ministry of Women Affairs and Social Development,23050103,MONITORING AND EVALUATION,71012,DISABILITY,41141400,State Wide,07100123000600,Gender - General
Procurement of 6no. Executive Office Tables and chairs for the newly recruited staff of the Ministry,3000000.0,3000000.0,0.0,4000000.0,4000000.0,0.0,475,0.52206,0.54003,051400100100,Ministry of Women Affairs and Social Development,23010112,PURCHASE OF OFFICE FURNITURE AND FITTINGS,70133,OTHER GENERAL SERVICES,41110100,ABAKALIKI,07100123000700,Gender - General
Establishment and Domestication of Ebonyi State Gender Policy unit,7000000.0,7000000.0,0.0,8000000.0,8000000.0,0.0,475,0.55229,0.57026,051400100100,Ministry of Women Affairs and Social Development,23050101,RESEARCH AND DEVELOPMENT,70951,EDUCATION NOT DEFINABLE BY LEVEL,41141400,State Wide,07100123000900,Gender - General
Procurement of 150 Plastic Chairs for the Ministry's Conference Hall,4000000.0,4000000.0,0.0,5000000.0,5000000.0,0.0,475,0.57598,0.59395,051400100100,Ministry of Women Affairs and Social Development,23010112,PURCHASE OF OFFICE FURNITURE AND FITTINGS,70133,OTHER GENERAL SERVICES,41110100,ABAKALIKI,07100123001000,Gender - General
Celebration of Annual National Council on Women Affairs,4000000.0,4000000.0,0.0,5000000.0,5000000.0,0.0,475,0.59967,0.61765,051400100100,Ministry of Women Affairs and Social Development,23050104,ANNIVERSARIES/CELEBRATIONS,71031,SURVIVORS,41141400,State Wide,07100123001100,Gender - General
NUT.1. FNS. Implementation of food distribution shelter to provide nutritional meals and supplements to school children and other vulnerable populations,3000000.0,3000000.0,0.0,4000000.0,4000000.0,4000000.0,475,0.63562,0.65359,051400100100,Ministry of Women Affairs and Social Development,23010139,PURCHASE OF OTHER FIXED ASSETS,71031,SURVIVORS,41141400,State Wide,07100123001200,Gender - General
"NUT.6. COORDINATION. Procurement of 2 nos Executives tables and 3 nos chairs for the Nutrition Department (Executive tables, chairs and book shelves)",2000000.0,2000000.0,0.0,3000000.0,3000000.0,3000000.0,475,0.68382,0.7018,051400100100,Ministry of Women Affairs and Social Development,23010112,PURCHASE OF OFFICE FURNITURE AND FITTINGS,71031,SURVIVORS,41141400,State Wide,07100123001300,Gender - General
Monitoring and Evaluation of Monthly data collation and validation programme,2000000.0,2000000.0,0.0,4000000.0,4000000.0,0.0,475,0.71977,0.73775,051400100100,Ministry of Women Affairs and Social Development,23050101,RESEARCH AND DEVELOPMENT,71031,SURVIVORS,41141400,State Wide,07100123001400,Gender - General
Establishment of Ebonyi State/Local Government Children's Parliament,2000000.0,2000000.0,0.0,3000000.0,3000000.0,0.0,475,0.74346,0.76144,051400100100,Ministry of Women Affairs and Social Development,23050101,RESEARCH AND DEVELOPMENT,71031,SURVIVORS,41141400,State Wide,07100123001500,Gender - General
Conduct baseline Data capturing/management of Persons with Disabilities in the state for planning and economic development,2000000.0,2000000.0,0.0,4000000.0,4000000.0,0.0,475,0.77369,0.79167,051400100100,Ministry of Women Affairs and Social Development,23050101,RESEARCH AND DEVELOPMENT,71031,SURVIVORS,41141400,State Wide,07100123001600,Gender - General
Establishment of Ebonyi State Vocational/Skill Acquisition Centre,23000000.0,23000000.0,23000000.0,0.0,0.0,0.0,475,0.8031,0.82108,051400100100,Ministry of Women Affairs and Social Development,23020103,CONSTRUCTION / PROVISION OF ELECTRICITY,70133,OTHER GENERAL SERVICES,41141400,State Wide,07100123001700,Gender - General
Execution of Ebonyi State Action Plan,7000000.0,7000000.0,0.0,7000000.0,7000000.0,0.0,475,0.82761,0.84559,051400100100,Ministry of Women Affairs and Social Development,23010112,PURCHASE OF OFFICE FURNITURE AND FITTINGS,70133,OTHER GENERAL SERVICES,41141400,State Wide,07100123001800,Gender - General
Counterpart funding for Nigeria for Women Project Scale-up (NFWP- SU),0.0,0.0,0.0,450000000.0,450000000.0,0.0,475,0.85131,0.86928,051400100100,Ministry of Women Affairs and Social Development,23050101,RESEARCH AND DEVELOPMENT,71031,SURVIVORS,41141400,State Wide,07100123001900,Gender - General
Procurement of materials for GBV survivors,0.0,0.0,0.0,3000000.0,3000000.0,0.0,475,0.86928,0.88725,051400100100,Ministry of Women Affairs and Social Development,23010139,PURCHASE OF OTHER FIXED ASSETS,71031,SURVIVORS,41141400,State Wide 453,07100123002000,Gender - General
Renovation of 3Nos. Buildings of the State Rehabilitation and Vocational Centre at Ugwuachara,0.0,0.0,0.0,0.0,0.0,0.0,476,0.10376,0.12173,051400100100,Ministry of Women Affairs and Social Development,23020101,CONSTRUCTION / PROVISION OF OFFICE BUILDINGS,71031,SURVIVORS,41141400,State Wide,07100123002100,Gender - General
Re-equipping of Ebonyi State Rehabilitation and Vocational Centres for Academics/skills acquisition training for persons with Disabilities,0.0,17000000.0,0.0,0.0,0.0,0.0,476,0.13971,0.15768,051400100100,Ministry of Women Affairs and Social Development,23010139,PURCHASE OF OTHER FIXED ASSETS,71031,SURVIVORS,41141400,State Wide,07100123002200,Gender - General
Purchase of 200KVA Electricity Generating Plant and installation of street light.,0.0,0.0,0.0,0.0,0.0,0.0,476,0.22958,0.24755,051400200100,Women Development Centre,23010119,PURCHASE OF POWER GENERATING SET,71041,FAMILY AND CHILDREN,41110400,EBONYI,07100121000100,Gender - General
Renovation of Women Development Centre Hall (WDC),0.0,0.0,0.0,0.0,0.0,0.0,476,0.25327,0.27124,051400200100,Women Development Centre,23030121,REHABILITATION / REPAIRS OF OFFICE BUILDINGS,71041,FAMILY AND CHILDREN,41110400,EBONYI,07100121000200,Gender - General
Procurement of 3 Overhead tanks @ WDC,0.0,0.0,0.0,35000000.0,35000000.0,0.0,476,0.27124,0.28922,051400200100,Women Development Centre,23010139,PURCHASE OF OTHER FIXED ASSETS,71041,FAMILY AND CHILDREN,41110400,EBONYI,07100121000300,Gender - General
Purchase of 45 Beddings for WDC Guest House,5000000.0,5000000.0,0.0,5000000.0,5000000.0,0.0,476,0.28268,0.30065,051400200100,Women Development Centre,23010139,PURCHASE OF OTHER FIXED ASSETS,71041,FAMILY AND CHILDREN,41110400,EBONYI,07100121000500,Gender - General
Rehabilitation of WDC Bush Bar,0.0,0.0,0.0,10000000.0,10000000.0,0.0,476,0.30065,0.31863,051400200100,Women Development Centre,23030121,REHABILITATION / REPAIRS OF OFFICE BUILDINGS,71041,FAMILY AND CHILDREN,41110400,EBONYI,07100121000600,Gender - General
"Purchase of 1,000 Plastic Seats for WDC Hall",5000000.0,5000000.0,0.0,15000000.0,15000000.0,0.0,476,0.31863,0.3366,051400200100,Women Development Centre,23010139,PURCHASE OF OTHER FIXED ASSETS,71041,FAMILY AND CHILDREN,41110400,EBONYI,07100121000700,Gender - General
Procurement of 47 Philips Smart Tv for WDC Guest House,9200000.0,9200000.0,0.0,9200000.0,9200000.0,0.0,476,0.3366,0.35458,051400200100,Women Development Centre,23010139,PURCHASE OF OTHER FIXED ASSETS,71041,FAMILY AND CHILDREN,41110400,EBONYI,07100121000800,Gender - General
Procurement of 47 Sharp Air Conditioner,9370000.0,9370000.0,0.0,8200000.0,8200000.0,0.0,476,0.35458,0.37255,051400200100,Women Development Centre,23010139,PURCHASE OF OTHER FIXED ASSETS,71041,FAMILY AND CHILDREN,41110400,EBONYI,07100121000900,Gender - General
Purchase of 1 No. Desktop Computer Set & 1 No. Laptop for Admin Office,1100000.0,1100000.0,0.0,1000000.0,1000000.0,0.0,476,0.37255,0.39052,051400200100,Women Development Centre,23010113,PURCHASE OF COMPUTERS,71041,FAMILY AND CHILDREN,41110400,EBONYI,07100121001000,Gender - General
Purchase of 1 No. Hp Laserjet Printer,330000.0,330000.0,0.0,330000.0,330000.0,0.0,476,0.39052,0.4085,051400200100,Women Development Centre,23010114,PURCHASE OF COMPUTER PRINTERS,71041,FAMILY AND CHILDREN,41110400,EBONYI,07100121001100,Gender - General
Procurement of Solar Energy/Inverter(Alternative Energy),0.0,0.0,0.0,80000000.0,80000000.0,0.0,476,0.4085,0.42647,051400200100,Women Development Centre,23020103,CONSTRUCTION / PROVISION OF ELECTRICITY,71041,FAMILY AND CHILDREN,41110400,EBONYI,07100124000300,Gender - General
Perimeter fencing of 30Nos Primary and Secondary Schools across the State (10 per zone),0.0,0.0,0.0,2000000000.0,2000000000.0,0.0,476,0.49837,0.51634,051700100100,Ministry of Primary and Secondary Education,23020122,CONSTRUCTION OF BOUNDARY PILLARS/ RIGHT OF WAYS,70912,/ 70912 - PRIMARY EDUCATION,41110100,ABAKALIKI,05040223000100,Instructional and learning materials
Procurement of 5000 school census booklet for conduct of school census exercise for 2024/2025.,30000000.0,30000000.0,30000000.0,30000000.0,30000000.0,0.0,476,0.53431,0.55229,051700100100,Ministry of Primary and Secondary Education,23010124,PURCHASE OF TEACHING / LEARNING AID EQUIPMENT,70912,PRIMARY EDUCATION,41141400,State Wide,05020123000100,"Early Childhood Care, Development and Education (ECCDE)"
Establishment/computer equipment of 30No. 500-seat capacity CBT Centres (10 per zone),0.0,0.0,0.0,3000000000.0,3000000000.0,0.0,476,0.56373,0.5817,051700100100,Ministry of Primary and Secondary Education,23020101,CONSTRUCTION / PROVISION OF OFFICE BUILDINGS,70912,PRIMARY EDUCATION,41141400,State Wide,05050223000700,Furnishing
"Purchase of essential teaching/learning materials (Diaries, Attendance registers etc. for senior Sec. Schools, including Amagu Onicha primary School, Ameka Primary School, Cps Mgbom etc. (CCD)",200000000.0,200000000.0,0.0,100000000.0,100000000.0,0.0,476,0.60621,0.62418,051700100100,Ministry of Primary and Secondary Education,23010124,PURCHASE OF TEACHING / LEARNING AID EQUIPMENT ),70912,PRIMARY EDUCATION,41141400,State Wide,05060123000200,"ICT equipment, software and expertise"
Equipping Of Early Child Care Dev. Edu Centres with Age appropriate seats and tables In The State’s Pri. Schools (10 per Zone).,200000000.0,200000000.0,85000000.0,180000000.0,180000000.0,0.0,476,0.65359,0.67157,051700100100,Ministry of Primary and Secondary Education,23010112,PURCHASE OF OFFICE FURNITURE AND FITTINGS,70912,PRIMARY EDUCATION,41141400,State Wide,05060123000300,"ICT equipment, software and expertise"
Administrative and Internet Subscriptions for MOE E-learning platforms,0.0,0.0,0.0,50000000.0,50000000.0,0.0,476,0.68954,0.70752,051700100100,Ministry of Primary and Secondary Education,23050102,COMPUTER SOFTWARE ACQUISITION,70912,PRIMARY EDUCATION,41141400,State Wide,05050123000100,Schools’ infrastructure construction and rehabilitation
Development and hosting of mobile website for enhancement of E- learning and Visual,0.0,0.0,0.0,10000000.0,10000000.0,0.0,476,0.71977,0.73775,051700100100,Ministry of Primary and Secondary Education,23050102,COMPUTER SOFTWARE ACQUISITION,70912,PRIMARY EDUCATION,41141400,State Wide,05040423000100,Curriculum review and development
Rehabilitation of 60 NO.Public Dilapidated School Buildings 20 per Zone (CCD),800000000.0,800000000.0,431576563.65,750000000.0,750000000.0,0.0,476,0.74346,0.76144,051700100100,Ministry of Primary and Secondary Education,23030106,REHABILITATION / REPAIRS - PUBLIC SCHOOLS,70912,PRIMARY EDUCATION,41141400,State Wide,05050223000800,Furnishing
Procurement Of 35 No Subjects Curriculum For Public Primary And Public Secondary Schools In The State.,6138200.0,6138200.0,0.0,0.0,0.0,0.0,476,0.77369,0.79167,051700100100,Ministry of Primary and Secondary Education,23010124,PURCHASE OF TEACHING / LEARNING AID EQUIPMENT,70912,PRIMARY EDUCATION,41141400,State Wide,05040223000200,Instructional and learning materials
Provision/building of teachers quarters in 50 schools (16 for each zone),0.0,0.0,0.0,2000000000.0,2000000000.0,0.0,476,0.8031,0.82108,051700100100,Ministry of Primary and Secondary Education,23020102,CONSTRUCTION / PROVISION OF RESIDENTIAL BUILDINGS,70912,PRIMARY EDUCATION,41141400,State Wide,05040223000300,Instructional and learning materials
Procurement Of 2 No. Braille embossers for translating soft copy or print into braille,6550000.0,6550000.0,0.0,0.0,0.0,0.0,476,0.82761,0.84559,051700100100,Ministry of Primary and Secondary Education,23010124,PURCHASE OF TEACHING / LEARNING AID EQUIPMENT,70912,PRIMARY EDUCATION,41111000,IZZI,05050223000900,Furnishing
Procurement Of 60 No. Braille Boards With Stylus For Special Schools for the blind Opefia,1572000.0,1572000.0,0.0,0.0,0.0,0.0,476,0.85131,0.86928,051700100100,Ministry of Primary and Secondary Education,23010124,PURCHASE OF TEACHING / LEARNING AID EQUIPMENT,70912,PRIMARY EDUCATION,41111000,IZZI,05040223000400,Instructional and learning materials
Establishment of E-learning/CBT Control Room in MOE Headquarter,0.0,0.0,0.0,50000000.0,50000000.0,0.0,476,0.875,0.89297,051700100100,Ministry of Primary and Secondary Education,23050102,COMPUTER SOFTWARE ACQUISITION,70912,PRIMARY EDUCATION,41110100,ABAKALIKI 454,05040223000500,Instructional and learning materials
Procurement Of 60Units Of Talking Calculators for special Schools,628800.0,628800.0,0.0,0.0,0.0,0.0,477,0.09722,0.1152,051700100100,Ministry of Primary and Secondary Education,23010124,PURCHASE OF TEACHING / LEARNING AID EQUIPMENT,70912,PRIMARY EDUCATION,41111000,IZZI,05040223000600,Instructional and learning materials
Procurement of 60 Braille Mathematical Sets,1179000.0,1179000.0,0.0,0.0,0.0,0.0,477,0.12173,0.13971,051700100100,Ministry of Primary and Secondary Education,23010124,PURCHASE OF TEACHING / LEARNING AID EQUIPMENT,70912,PRIMARY EDUCATION,41111000,IZZI,05050223001000,Furnishing
Procurement Of 100 Reams Of Braille Paper,786000.0,786000.0,0.0,0.0,0.0,0.0,477,0.14542,0.1634,051700100100,Ministry of Primary and Secondary Education,23010124,PURCHASE OF TEACHING / LEARNING AID EQUIPMENT,70912,PRIMARY EDUCATION,41111000,IZZI,05050223001100,Furnishing
Provision Of 60 Pieces Of Tape Recorders for special Schools,1572000.0,1572000.0,0.0,4200000.0,4200000.0,0.0,477,0.16912,0.18709,051700100100,Ministry of Primary and Secondary Education,23010124,PURCHASE OF TEACHING / LEARNING AID EQUIPMENT,70912,PRIMARY EDUCATION,41111000,IZZI,05040223000700,Instructional and learning materials
Provision Of 10 Pieces Of Typewriting Machines for special Schools,2358000.0,2358000.0,0.0,3000000.0,3000000.0,0.0,477,0.19363,0.2116,051700100100,Ministry of Primary and Secondary Education,23010116,PURCHASE OF TYPEWRITERS,70912,PRIMARY EDUCATION,41130200,AFIKPO NORTH,05050223001200,Furnishing
Provision Of 2Nos. Photocopying Machines for Special Schools,6000000.0,6000000.0,0.0,2000000.0,2000000.0,0.0,477,0.21732,0.23529,051700100100,Ministry of Primary and Secondary Education,23010115,PURCHASE OF PHOTOCOPYING MACHINES,70912,PRIMARY EDUCATION,41130200,AFIKPO NORTH,05050223001300,Furnishing
"Provision Of 5Nos. Printers for Special Schools, Admin, Education services, Basic Education",786000.0,786000.0,0.0,2500000.0,2500000.0,0.0,477,0.24101,0.25899,051700100100,Ministry of Primary and Secondary Education,23010114,PURCHASE OF COMPUTER PRINTERS,70912,PRIMARY EDUCATION,41130200,AFIKPO NORTH,05050223001400,Furnishing
Provision of 4Nos. Scanners for 2no. Special Schools and Admin of the Ministry,900000.0,900000.0,0.0,1000000.0,1000000.0,0.0,477,0.26471,0.28268,051700100100,Ministry of Primary and Secondary Education,23010118,PURCHASE OF SCANNERS,70912,PRIMARY EDUCATION,41111000,IZZI,05020223000100,Advocacy and sensitization
NUT.1.EE. Procurement of equipment for Youths And Women In Agriculture,20000000.0,20000000.0,0.0,20000000.0,20000000.0,20000000.0,477,0.28922,0.30719,051700100100,Ministry of Primary and Secondary Education,23010127,PURCHASE OF AGRICULTURAL EQUIPMENT,70912,PRIMARY EDUCATION,41141400,State Wide,05040223000800,Instructional and learning materials
"Procurement of 4 No. Braille Embossers (for translating Soft Copy or Print into Braille) for State Special School for the Blind,Izzi & Dr. Uche Azikiwe Special Education Centre,Okposi, Ohaozara LGA",40000000.0,40000000.0,0.0,40000000.0,40000000.0,0.0,477,0.33088,0.34886,051700100100,Ministry of Primary and Secondary Education,23010124,PURCHASE OF TEACHING / LEARNING AID EQUIPMENT,70912,PRIMARY EDUCATION,41111000,IZZI,05040223000900,Instructional and learning materials
Procurement Of Textbooks And Reference Materials for distribution to School Libraries across the State.,13100000.0,13100000.0,0.0,15000000.0,15000000.0,0.0,477,0.37827,0.39624,051700100100,Ministry of Primary and Secondary Education,23010124,PURCHASE OF TEACHING / LEARNING AID EQUIPMENT,70912,PRIMARY EDUCATION,41141400,State Wide,05050123000200,Schools’ infrastructure construction and rehabilitation
Completion of 41 No. 22-Classroom blocks(3per LGA),3000000000.0,3000000000.0,1150025000.0,2000000000.0,2000000000.0,0.0,477,0.4085,0.42647,051700100100,Ministry of Primary and Secondary Education,23020107,CONSTRUCTION / PROVISION OF PUBLIC SCHOOLS,70912,PRIMARY EDUCATION,41141400,State Wide,05040323000100,Teaching and non- teaching staff capacity building
Establishment of Teachers and Education Management Unit in the Ministry,250000000.0,250000000.0,0.0,0.0,0.0,0.0,477,0.43219,0.45016,051700100100,Ministry of Primary and Secondary Education,23050101,RESEARCH AND DEVELOPMENT,70912,PRIMARY EDUCATION,41141400,State Wide,05010423000100,Integrated supportive supervision
"Monitoring and Evaluation of Education Policies ,Programmes,Projects, And Quality Assurance Assessment",26200000.0,26200000.0,0.0,10000000.0,10000000.0,0.0,477,0.46242,0.48039,051700100100,Ministry of Primary and Secondary Education,23050103,MONITORING AND EVALUATION,70912,PRIMARY EDUCATION,41141400,State Wide,05050123000300,Schools’ infrastructure construction and rehabilitation
"Furnishing/provision of desks ,chairs, Administrative tables, lab equipment etc. for 41 No. 22 classroom buildings",200000000.0,200000000.0,0.0,0.0,0.0,0.0,477,0.49837,0.51634,051700100100,Ministry of Primary and Secondary Education,23010112,PURCHASE OF OFFICE FURNITURE AND FITTINGS,70912,PRIMARY EDUCATION,41141400,State Wide,05050223001500,Furnishing
Establishment of CBT Digital Educational Website for SSS 3 students,0.0,0.0,0.0,30000000.0,30000000.0,0.0,477,0.52859,0.54657,051700100100,Ministry of Primary and Secondary Education,23050102,COMPUTER SOFTWARE ACQUISITION,70912,PRIMARY EDUCATION,41141400,State Wide,05040223000900,Instructional and learning materials
"Setting up of E-Learning Classes to connect 3 Secondary Schools (1 per zone) to E- learning platform of the Federal Ministry of Education, Abuja.",0.0,0.0,0.0,140000000.0,140000000.0,0.0,477,0.56373,0.5817,051700100100,Ministry of Primary and Secondary Education,23050102,COMPUTER SOFTWARE ACQUISITION,70912,PRIMARY EDUCATION,41141400,State Wide,05050123000200,Schools’ infrastructure construction and rehabilitation
Conduct of Annual Secondary Schools’ Sports,0.0,0.0,0.0,40000000.0,40000000.0,0.0,477,0.59967,0.61765,051700100100,Ministry of Primary and Secondary Education,23050104,ANNIVERSARIES/CELEBRATIONS,70861,"RECREATION, CULTURE AND RELIGION N.E.C.",41141400,State Wide,05040323000100,Teaching and non- teaching staff capacity building
"Purchase and distribution of Science, Technical and Arts laboratory equipment to Secondary Schools’ Laboratories in the 3 Senatorial Zones.( CCD)",0.0,0.0,0.0,300450000.0,300450000.0,0.0,477,0.63562,0.65359,051700100100,Ministry of Primary and Secondary Education,23010124,PURCHASE OF TEACHING / LEARNING AID EQUIPMENT,70912,PRIMARY EDUCATION,41141400,State Wide,05010423000100,Integrated supportive supervision
Purchase of 3No. Toyota Buses for monitoring and supervision,0.0,0.0,0.0,250000000.0,250000000.0,0.0,477,0.67729,0.69526,051700100100,Ministry of Primary and Secondary Education,23010106,PURCHASE OF VANS,70912,PRIMARY EDUCATION,41110100,ABAKALIKI,05050123000300,Schools’ infrastructure construction and rehabilitation
Reactivation of some School Libraries in the 3 Sen Zones.(CCD),0.0,0.0,0.0,300000000.0,300000000.0,0.0,477,0.70752,0.72549,051700100100,Ministry of Primary and Secondary Education,23030110,REHABILITATION / REPAIRS - LIBRARIES,70912,PRIMARY EDUCATION,41141400,State Wide,05050223001500,Furnishing
"Purchase of 3 Nos. Computer Desktop for offices of Admin, Account and PRS",12000000.0,12000000.0,0.0,3000000.0,3000000.0,0.0,477,0.79739,0.81536,051700300100,Ebonyi State Universal Basic Education Board,23010113,PURCHASE OF COMPUTERS,70971,R & D EDUCATION,41110100,ABAKALIKI,05010223000100,Human and institutional capacity performance management
Purchase of 3Nos. Printer for office of the F&A PRS and Admin.,1800000.0,1800000.0,0.0,1500000.0,1500000.0,0.0,477,0.83333,0.85131,051700300100,Ebonyi State Universal Basic Education Board,23010114,PURCHASE OF COMPUTER PRINTERS,70971,R & D EDUCATION,41110100,ABAKALIKI,05010223000200,Human and institutional capacity performance management
Purchase of 1No Photocopying Machine for office of Admin,6000000.0,6000000.0,0.0,1000000.0,1000000.0,0.0,477,0.86928,0.88725,051700300100,Ebonyi State Universal Basic Education Board,23010115,PURCHASE OF PHOTOCOPYING MACHINES,70971,R & D EDUCATION,41110100,ABAKALIKI 455,05010223000300,Human and institutional capacity performance management
Development of software (KOBOCollect/EMIS) for data collection,5000000.0,5000000.0,0.0,6000000.0,6000000.0,0.0,478,0.09722,0.1152,051700300100,Ebonyi State Universal Basic Education Board,23050101,RESEARCH AND DEVELOPMENT,70971,R & D EDUCATION,41141400,State Wide,05060323000200,Data and data management
Purchase of 6 Laptop Computers and its peripherals for SUBEB EMIS unit and AS Department,6000000.0,6000000.0,0.0,0.0,0.0,0.0,478,0.12745,0.14542,051700300100,Ebonyi State Universal Basic Education Board,23010113,PURCHASE OF COMPUTERS,70971,R & D EDUCATION,41110100,ABAKALIKI,05010223000400,Human and institutional capacity performance management
"School Again Projects - BESDA (Procurement of Education Support items like school uniform, Bags, Books & other writing material to out- of-school children brought back",0.0,0.0,0.0,0.0,0.0,0.0,478,0.16912,0.18709,051700300100,Ebonyi State Universal Basic Education Board,23010124,PURCHASE OF TEACHING / LEARNING t- AID EQUIPMENT,70951,EDUCATION NOT DEFINABLE BY LEVEL,41141400,State Wide,05010223000500,Human and institutional capacity performance management
Monitoring and Evaluation of Projects /programs and schools.,20000000.0,20000000.0,0.0,20000000.0,20000000.0,0.0,478,0.20507,0.22304,051700300100,Ebonyi State Universal Basic Education Board,23050103,MONITORING AND EVALUATION,70951,EDUCATION NOT DEFINABLE BY LEVEL,41141400,State Wide,05010423000200,Integrated supportive supervision
"Renovation of 3 SUBEB Zonal Offices at Onueke, Ezza South",60000000.0,60000000.0,0.0,0.0,0.0,0.0,478,0.23529,0.25327,051700300100,Ebonyi State Universal Basic Education Board,23030121,REHABILITATION / REPAIRS OF OFFICE BUILDINGS,70912,PRIMARY EDUCATION,41120600,EZZA SOUTH,05010223000600,Human and institutional capacity performance management
Renovation of SUBEB Headquarters,50000000.0,50000000.0,0.0,50000000.0,50000000.0,0.0,478,0.27124,0.28922,051700300100,Ebonyi State Universal Basic Education Board,23030121,REHABILITATION / REPAIRS OF OFFICE BUILDINGS,70912,PRIMARY EDUCATION,41110100,ABAKALIKI,05010223000700,Human and institutional capacity performance management
Development/Installation of EMIS Software,1500000.0,1500000.0,0.0,0.0,0.0,0.0,478,0.30065,0.31863,051700300100,Ebonyi State Universal Basic Education Board,23050102,COMPUTER SOFTWARE ACQUISITION,70912,PRIMARY EDUCATION,41110100,ABAKALIKI,05060123000400,"ICT equipment, software and expertise"
Procurement of wireless Public Address System,300000.0,300000.0,0.0,300000.0,300000.0,0.0,478,0.32516,0.34314,051700300100,Ebonyi State Universal Basic Education Board,23010139,PURCHASE OF OTHER FIXED ASSETS,70912,PRIMARY EDUCATION,41110100,ABAKALIKI,05060123000600,"ICT equipment, software and expertise"
"Development of Local Area Network for UBEB ICT Centre, at the UBEB HQTRS",1200000.0,1200000.0,0.0,1200000.0,1200000.0,0.0,478,0.34886,0.36683,051700300100,Ebonyi State Universal Basic Education Board,23050102,B 23050102 - COMPUTER SOFTWARE ACQUISITION,70912,PRIMARY EDUCATION,41110100,ABAKALIKI,05060123000700,"ICT equipment, software and expertise"
Procurement of 3no. UPS for office of the Chairman and PRS,960000.0,960000.0,0.0,600000.0,600000.0,0.0,478,0.37255,0.39052,051700300100,Ebonyi State Universal Basic Education Board,23010139,PURCHASE OF OTHER FIXED ASSETS,70912,PRIMARY EDUCATION,41110100,ABAKALIKI,05060123000800,"ICT equipment, software and expertise"
Procurement of Library Books for Primary and JSS for distribution to basic schools in the State,50000000.0,50000000.0,0.0,50000000.0,50000000.0,0.0,478,0.39624,0.41422,051700300100,Ebonyi State Universal Basic Education Board,23010125,PURCHASE OF LIBRARY BOOKS & EQUIPMENT,70912,PRIMARY EDUCATION,41141400,State Wide,05050323000200,Libraries and laboratories
Establishment of 300 Education Officers/Management Units for the zone in the State,45000000.0,45000000.0,0.0,45000000.0,45000000.0,0.0,478,0.42647,0.44444,051700300100,Ebonyi State Universal Basic Education Board,23050101,RESEARCH AND DEVELOPMENT,70912,PRIMARY EDUCATION,41141400,State Wide,05040323000200,Teaching and non- teaching staff capacity building
Procurement of 100No. Executive Tables with 200 of chairs for distribution to zones across the State.,100000000.0,100000000.0,0.0,60000000.0,60000000.0,0.0,478,0.46242,0.48039,051700300100,Ebonyi State Universal Basic Education Board,23010112,PURCHASE OF OFFICE FURNITURE AND FITTINGS,70912,PRIMARY EDUCATION,41141400,State Wide,05010223000800,Human and institutional capacity performance management
Procurement of 1 Steel Cabinet for use in the Accounts Department,240000.0,240000.0,0.0,200000.0,200000.0,0.0,478,0.49837,0.51634,051700300100,Ebonyi State Universal Basic Education Board,23010139,PURCHASE OF OTHER FIXED ASSETS,70912,PRIMARY EDUCATION,41110100,ABAKALIKI,05010223000900,Human and institutional capacity performance management
Renovation of 50NOs Basic schools across the State (CCD),562000000.0,562000000.0,0.0,100000000.0,100000000.0,0.0,478,0.53431,0.55229,051700300100,Ebonyi State Universal Basic Education Board,23020107,CONSTRUCTION / PROVISION OF PUBLIC SCHOOLS,70951,EDUCATION NOT DEFINABLE BY LEVEL,41141400,State Wide,05010223001000,Human and institutional capacity performance management
"Procurement of 1000watts 3 Stabilizers for use in the offices of the Admn, PRS and Acoountant",1200000.0,1200000.0,0.0,600000.0,600000.0,0.0,478,0.57026,0.58824,051700300100,Ebonyi State Universal Basic Education Board,23010139,PURCHASE OF OTHER FIXED ASSETS,70912,PRIMARY EDUCATION,41110100,ABAKALIKI,05010223001100,Human and institutional capacity performance management
"UBEC 2022 Interventions- Renovation, construction of classrooms, etc across the states (Inc. Counterpart fund)",2409000000.0,2409000000.0,0.0,0.0,0.0,0.0,478,0.60621,0.62418,051700300100,Ebonyi State Universal Basic Education Board,23020107,CONSTRUCTION / PROVISION OF PUBLIC SCHOOLS,70912,PRIMARY EDUCATION,41141400,State Wide,05050123000400,Schools’ infrastructure construction and rehabilitation
"UBEC 2023 Interventions- Renovation, construction of classrooms, etc across the states (Inc. Counterpart fund)",2790000000.0,2790000000.0,0.0,0.0,0.0,0.0,478,0.64134,0.65931,051700300100,Ebonyi State Universal Basic Education Board,23020107,CONSTRUCTION / PROVISION OF PUBLIC SCHOOLS,70912,PRIMARY EDUCATION,41141400,State Wide,05050123000500,Schools’ infrastructure construction and rehabilitation
"UBEC 2024 Interventions- Renovation, construction of classrooms, etc across the states (Inc. Counterpart fund)",5000000000.0,5000000000.0,359810543.08,0.0,0.0,0.0,478,0.67729,0.69526,051700300100,Ebonyi State Universal Basic Education Board,23020107,CONSTRUCTION / PROVISION OF PUBLIC SCHOOLS,70912,PRIMARY EDUCATION,41141400,State Wide,05050123000600,Schools’ infrastructure construction and rehabilitation
Provision of ICT Equipment with accessories and speech enhancers for special schools across the 3 zones of the State,15000000.0,15000000.0,0.0,15000000.0,15000000.0,0.0,478,0.71324,0.73121,051700300100,Ebonyi State Universal Basic Education Board,23010139,PURCHASE OF OTHER FIXED ASSETS,70912,PRIMARY EDUCATION,41141400,State Wide,05060123000900,"ICT equipment, software and expertise"
Provision of Braile Slates for special Basic schools at Opefia in Izzi LGA and Okposi in Ohaozara LGA,1800000.0,1800000.0,0.0,1800000.0,1800000.0,0.0,478,0.74918,0.76716,051700300100,Ebonyi State Universal Basic Education Board,23010139,PURCHASE OF OTHER FIXED ASSETS,70912,PRIMARY EDUCATION,41111000,IZZI,05040223001000,Instructional and learning materials
"Provision of Hearing aids for the Basic School of the deaf at MacGregor, Afikpo",3000000.0,3000000.0,0.0,3000000.0,3000000.0,0.0,478,0.77941,0.79739,051700300100,Ebonyi State Universal Basic Education Board,23010124,PURCHASE OF TEACHING / LEARNING AID EQUIPMENT,70912,PRIMARY EDUCATION,41130200,AFIKPO NORTH,05040223001100,Instructional and learning materials
Production and distribution of Syllabus for Junior Secondary Schools in the State,5000000.0,5000000.0,0.0,5000000.0,5000000.0,0.0,478,0.8031,0.82108,051700300100,Ebonyi State Universal Basic Education Board,23050101,RESEARCH AND DEVELOPMENT,70921,LOWER SECONDARY EDUCATION,41141400,State Wide,05040223001200,Instructional and learning materials
Provision of Collapsiable Guides care for the visually impaired in the special Basic schools in the State,3000000.0,3000000.0,0.0,3000000.0,3000000.0,0.0,478,0.83333,0.85131,051700300100,Ebonyi State Universal Basic Education Board,23010124,PURCHASE OF TEACHING / LEARNING AID EQUIPMENT,70912,PRIMARY EDUCATION,41141400,State Wide,05040223001300,Instructional and learning materials
"Production and distribution 250,000 copies of Early Grade Reading (EGR) P1 -P3 Pupils Textbooks in English and Igbo",360000000.0,360000000.0,0.0,75000000.0,75000000.0,0.0,478,0.86928,0.88725,051700300100,Ebonyi State Universal Basic Education Board,23010124,PURCHASE OF TEACHING / LEARNING AID EQUIPMENT,70912,PRIMARY EDUCATION,41141400,State Wide 456,05040223001400,Instructional and learning materials
Production and distribution of Early Grade Reading (EGR) P1 - P3 Teachers Guide in English and Igbo,14000000.0,14000000.0,0.0,14000000.0,14000000.0,0.0,479,0.10376,0.12173,051700300100,Ebonyi State Universal Basic Education Board,23010124,PURCHASE OF TEACHING / LEARNING AID EQUIPMENT,70912,PRIMARY EDUCATION,41141400,State Wide,05040223001500,Instructional and learning materials
"Purchase of 4,000 Early Grade Readers (EGR) Teaching Guide",150000000.0,150000000.0,0.0,120000000.0,120000000.0,0.0,479,0.13317,0.15114,051700300100,Ebonyi State Universal Basic Education Board,23010124,PURCHASE OF TEACHING / LEARNING AID EQUIPMENT,70912,PRIMARY EDUCATION,41141400,State Wide,05040323000300,Teaching and non- teaching staff capacity building
"Empowerment of 5,000 School Support Officers (SSOs)",5000000.0,5000000.0,0.0,5000000.0,5000000.0,0.0,479,0.15768,0.17565,051700300100,Ebonyi State Universal Basic Education Board,23050101,RESEARCH AND DEVELOPMENT,70912,PRIMARY EDUCATION,41141400,State Wide,05040323000400,Teaching and non- teaching staff capacity building
Coaching and Mentoring of Schools by Consultants 2026/2027,20000000.0,20000000.0,0.0,20000000.0,20000000.0,0.0,479,0.18137,0.19935,051700300100,Ebonyi State Universal Basic Education Board,23050101,RESEARCH AND DEVELOPMENT,70912,PRIMARY EDUCATION,41141400,State Wide,05040323000500,Teaching and non- teaching staff capacity building
Construction of Staff Canteen in EBS-UBEB Headquarters,50000000.0,50000000.0,0.0,50000000.0,50000000.0,0.0,479,0.21078,0.22876,051700300100,Ebonyi State Universal Basic Education Board,23020104,CONSTRUCTION / PROVISION OF HOUSING,70912,PRIMARY EDUCATION,41110100,ABAKALIKI,05010223001200,Human and institutional capacity performance management
Purchase of 5Nos. Double Cabin Pick up vehicles,250000000.0,250000000.0,0.0,0.0,0.0,0.0,479,0.24673,0.26471,051700300100,Ebonyi State Universal Basic Education Board,23010106,PURCHASE OF VANS,70912,PRIMARY EDUCATION,41110100,ABAKALIKI,05010224000100,Human and institutional capacity performance management
Purchase of 10KVA 1no. Power generating set,600000.0,600000.0,0.0,1000000.0,1000000.0,0.0,479,0.28268,0.30065,051700300100,Ebonyi State Universal Basic Education Board,23010119,PURCHASE OF POWER GENERATING SET,70912,PRIMARY EDUCATION,41110100,ABAKALIKI,05010225000100,Human and institutional capacity performance management
Purchase of 1No Refrigerator for the Admin Office.,400000.0,400000.0,0.0,1000000.0,1000000.0,0.0,479,0.31863,0.3366,051700300100,Ebonyi State Universal Basic Education Board,23010139,PURCHASE OF OTHER FIXED ASSETS,70912,PRIMARY EDUCATION,41110100,ABAKALIKI,05010225000200,Human and institutional capacity performance management
"Procurement of 200,000 Copies of Literacy (English) Textbooks for distribution to Basic Schools in the State.",0.0,0.0,0.0,700000000.0,700000000.0,0.0,479,0.35458,0.37255,051700300100,Ebonyi State Universal Basic Education Board,23020101,CONSTRUCTION / PROVISION OF OFFICE BUILDINGS,70912,PRIMARY EDUCATION,41141400,State Wide,05010223000400,Human and institutional capacity performance management
"Procurement of 200,000 Copies of Numeracy (Mathemetics) Textbooks for distribution to Basic Schools in the State.",0.0,0.0,0.0,700000000.0,700000000.0,0.0,479,0.39052,0.4085,051700300100,Ebonyi State Universal Basic Education Board,23010125,PURCHASE OF LIBRARY BOOKS & EQUIPMENT,70912,PRIMARY EDUCATION,41141400,State Wide,05010223000500,Human and institutional capacity performance management
"UBEC 2025 Interventions- Renovation, construction of classrooms, (Inc. Counterpart fund) in Abakaliki LGA",0.0,0.0,0.0,10000000000.0,10000000000.0,0.0,479,0.42647,0.44444,051700300100,Ebonyi State Universal Basic Education Board,23020107,CONSTRUCTION / PROVISION OF PUBLIC SCHOOLS,70951,EDUCATION NOT DEFINABLE BY LEVEL,41110100,ABAKALIKI,05010423000200,Integrated supportive supervision
"Development of 3,000 structured pedagogy package (SPP) for Basic Schools across the State",0.0,0.0,0.0,300000000.0,300000000.0,0.0,479,0.46242,0.48039,051700300100,Ebonyi State Universal Basic Education Board,23050101,RESEARCH AND DEVELOPMENT,70912,PRIMARY EDUCATION,41141400,State Wide,05010223000600,Human and institutional capacity performance management
Procurement of 10 Digital device (Tablets) for the 10 Department,0.0,0.0,0.0,2470000.0,2470000.0,0.0,479,0.49837,0.51634,051700300100,Ebonyi State Universal Basic Education Board,23010113,PURCHASE OF COMPUTERS,70912,PRIMARY EDUCATION,41110100,ABAKALIKI,05010223000700,Human and institutional capacity performance management
Renovation of SUBEB Zonal Offices at Onueke,0.0,0.0,0.0,20000000.0,20000000.0,0.0,479,0.52859,0.54657,051700300100,Ebonyi State Universal Basic Education Board,23020107,CONSTRUCTION / PROVISION OF PUBLIC SCHOOLS,70951,EDUCATION NOT DEFINABLE BY LEVEL,41120600,EZZA SOUTH,05060123000400,"ICT equipment, software and expertise"
Renovation of SUBEB Zonal Offices at Afikpo,0.0,0.0,0.0,20000000.0,20000000.0,0.0,479,0.55229,0.57026,051700300100,Ebonyi State Universal Basic Education Board,23020107,CONSTRUCTION / PROVISION OF PUBLIC SCHOOLS,70951,EDUCATION NOT DEFINABLE BY LEVEL,41130200,AFIKPO NORTH,05060123000500,"ICT equipment, software and expertise"
Renovation of SUBEB Zonal Offices at Ugwuacahara,0.0,0.0,0.0,20000000.0,20000000.0,0.0,479,0.57598,0.59395,051700300100,Ebonyi State Universal Basic Education Board,23020107,CONSTRUCTION / PROVISION OF PUBLIC SCHOOLS,70951,EDUCATION NOT DEFINABLE BY LEVEL,41110400,EBONYI,05060123000600,"ICT equipment, software and expertise"
"Procurement of 6No. Office Furniture's / fittings for Technical services, Admin, Accounts, PSD",0.0,0.0,0.0,200000000.0,200000000.0,0.0,479,0.66585,0.68382,051700800100,Ebonyi State Library Board,23010112,PURCHASE OF OFFICE FURNITURE AND FITTINGS,70951,EDUCATION NOT DEFINABLE BY LEVEL,41110100,ABAKALIKI,05050224000600,Furnishing
Purchase of books for the Library hqtrs,70000000.0,70000000.0,0.0,200000000.0,200000000.0,0.0,479,0.69526,0.71324,051700800100,Ebonyi State Library Board,23010125,PURCHASE OF LIBRARY BOOKS & EQUIPMENT,70951,EDUCATION NOT DEFINABLE BY LEVEL,41110100,ABAKALIKI,05050324000300,Libraries and laboratories
"Equiping 0f E-Library - purchase of 125 units of 4 in 1 study carrel chairs, 500 pieces of HP- 15 Intel Computers Celeron 256gb SSD 8gb memory, subscription of data and CISCO catalyst switch /server",0.0,0.0,0.0,18000000.0,18000000.0,0.0,479,0.73775,0.75572,051700800100,Ebonyi State Library Board,23010112,PURCHASE OF OFFICE FURNITURE AND FITTINGS,70951,EDUCATION NOT DEFINABLE BY LEVEL,41110100,ABAKALIKI,05050324000400,Libraries and laboratories
Landscaping and demarcation of the Library Headquarter premises,0.0,0.0,0.0,300000000.0,300000000.0,0.0,479,0.77941,0.79739,051700800100,Ebonyi State Library Board,23040101,TREE PLANTING,70951,EDUCATION NOT DEFINABLE BY LEVEL,41110100,ABAKALIKI,05050324000500,Libraries and laboratories
Rehabilitation and remodeling of the State Library to the International Standard,30000000.0,30000000.0,0.0,300000000.0,300000000.0,0.0,479,0.8031,0.82108,051700800100,Ebonyi State Library Board,23030110,REHABILITATION / REPAIRS - LIBRARIES,70951,EDUCATION NOT DEFINABLE BY LEVEL,41110100,ABAKALIKI,05050324000500,Libraries and laboratories
Connecting the Library Complex to National Grid (EEDC/Solar Energy) at headquarter,0.0,0.0,0.0,5000000.0,5000000.0,0.0,479,0.82761,0.84559,051700800100,Ebonyi State Library Board,23010139,) 23010139 - PURCHASE OF OTHER FIXED ASSETS,70951,EDUCATION NOT DEFINABLE BY LEVEL,41110100,ABAKALIKI,05050324000500,Libraries and laboratories
Purchase of 1No. Photocopying machine for office of the Admin,0.0,0.0,0.0,1000000.0,1000000.0,0.0,479,0.85131,0.86928,051700800100,Ebonyi State Library Board,23010115,PURCHASE OF PHOTOCOPYING MACHINES,70951,EDUCATION NOT DEFINABLE BY LEVEL,41110100,ABAKALIKI,05050324000500,Libraries and laboratories
Purchase of Office 2no executives tables and 3nos Chairs at Library Office Onueke,0.0,0.0,0.0,20000000.0,20000000.0,0.0,479,0.875,0.89297,051700800100,Ebonyi State Library Board,23010112,PURCHASE OF OFFICE FURNITURE AND FITTINGS,70951,EDUCATION NOT DEFINABLE BY LEVEL,41120600,EZZA SOUTH 457,05050324000500,Libraries and laboratories
"Rehabilitation of Office Building for Ebonyi Central Zone Library Office, Onueke, Ezza South",0.0,0.0,0.0,10000000.0,10000000.0,0.0,480,0.10376,0.12173,051700800100,Ebonyi State Library Board,23030110,REHABILITATION / REPAIRS - LIBRARIES,70951,EDUCATION NOT DEFINABLE BY LEVEL,41120600,EZZA SOUTH,05050324000500,Libraries and laboratories
Purchase of 1 No Printer for admin office,400000.0,400000.0,0.0,500000.0,500000.0,0.0,480,0.19363,0.2116,051700900100,Examinations Development Centre,23010114,PURCHASE OF COMPUTER PRINTERS,70411,GENERAL ECONOMIC AND COMMERCIALAFFAIRS,41110400,EBONYI,05010321000100,Education sector coordination mechanisms
"Purchase of 4 Desktop for ICT Unit,Accts Dept,Admin office and store unit",1800000.0,1800000.0,0.0,2000000.0,2000000.0,0.0,480,0.21732,0.23529,051700900100,Examinations Development Centre,23010113,PURCHASE OF COMPUTERS,70411,GENERAL ECONOMIC AND COMMERCIALAFFAIRS,41110400,EBONYI,05010321000200,Education sector coordination mechanisms
Purchase of 1 No Scanner for Admin office,500000.0,500000.0,0.0,500000.0,500000.0,0.0,480,0.24101,0.25899,051700900100,Examinations Development Centre,23010118,PURCHASE OF SCANNERS,70411,GENERAL ECONOMIC AND COMMERCIALAFFAIRS,41110400,EBONYI,05010321000300,Education sector coordination mechanisms
"Purchase of 6 No File Cupboard For Admin,ICT, Account,store office,Payroll Unit,BECE Unit",2800000.0,2800000.0,0.0,3000000.0,3000000.0,0.0,480,0.26471,0.28268,051700900100,Examinations Development Centre,23010112,PURCHASE OF OFFICE FURNITURE AND FITTINGS,70411,GENERAL ECONOMIC AND COMMERCIALAFFAIRS,41110400,EBONYI,05010321000400,Education sector coordination mechanisms
Purchase of 6 No Table and 12 Chairs for the General office,4000000.0,4000000.0,0.0,6000000.0,6000000.0,0.0,480,0.28922,0.30719,051700900100,Examinations Development Centre,23010112,PURCHASE OF OFFICE FURNITURE AND FITTINGS,70411,GENERAL ECONOMIC AND COMMERCIALAFFAIRS,41110400,EBONYI,05010321000500,Education sector coordination mechanisms
Purchase of 1 No grass cutting machine,500000.0,500000.0,0.0,500000.0,500000.0,0.0,480,0.31291,0.33088,051700900100,Examinations Development Centre,23010129,PURCHASE OF INDUSTRIAL EQUIPMENT,70411,GENERAL ECONOMIC AND COMMERCIALAFFAIRS,41110400,EBONYI,05010321000600,Education sector coordination mechanisms
Construction Of Conference Hall & Strong room,0.0,0.0,0.0,140000000.0,140000000.0,0.0,480,0.3366,0.35458,051700900100,Examinations Development Centre,23020101,CONSTRUCTION / PROVISION OF OFFICE BUILDINGS,70411,GENERAL ECONOMIC AND COMMERCIALAFFAIRS,41110400,EBONYI,05010321000700,Education sector coordination mechanisms
Renovation of delapidated office Blocks,0.0,0.0,0.0,130000000.0,130000000.0,0.0,480,0.36111,0.37908,051700900100,Examinations Development Centre,23030121,REHABILITATION / REPAIRS OF OFFICE BUILDINGS,70411,GENERAL ECONOMIC AND COMMERCIALAFFAIRS,41110400,EBONYI,05010321000900,Education sector coordination mechanisms
Installation of motorized water borehole with head tanks at Tahilla Adult School,2000000.0,2000000.0,0.0,0.0,0.0,0.0,480,0.44444,0.46242,051701000100,Agency for Mass Literacy,23020118,CONSTRUCTION / PROVISION OF INFRASTRUCTURE,70912,PRIMARY EDUCATION,41110100,ABAKALIKI,05050424000200,"Water, sanitation and hygiene"
Purchase of 5000 smallradio sets for literacy -by -radio Programme,0.0,0.0,0.0,2000000.0,2000000.0,0.0,480,0.46814,0.48611,051701000100,Agency for Mass Literacy,23010139,PURCHASE OF OTHER FIXED ASSETS,70912,PRIMARY EDUCATION,41110100,ABAKALIKI,05040224000200,Instructional and learning materials
"Purchase of office & school Furniture and Fittings, viz: 50sets of reading Desks & seats, 10Nos.office Tables, 10N0s. Chairs, etc.",2000000.0,2000000.0,0.0,10000000.0,10000000.0,0.0,480,0.49837,0.51634,051701000100,Agency for Mass Literacy,23010112,PURCHASE OF OFFICE FURNITURE AND FITTINGS,70912,PRIMARY EDUCATION,41110100,ABAKALIKI,05060124000300,"ICT equipment, software and expertise"
Purchase of 1No. 5KVA FIRMAN power- generating set.,5000000.0,5000000.0,0.0,0.0,0.0,0.0,480,0.52859,0.54657,051701000100,Agency for Mass Literacy,23010119,PURCHASE OF POWER GENERATING SET,70912,PRIMARY EDUCATION,41110100,ABAKALIKI,05050224000700,Furnishing
"Purchase of teaching / Learning Aids/Equipment, viz: 20Nos. White Boards; sundry Text books, Reading Lanterns, Notes and Exercise books",5000000.0,5000000.0,0.0,5000000.0,5000000.0,0.0,480,0.56373,0.5817,051701000100,Agency for Mass Literacy,23010124,PURCHASE OF TEACHING / LEARNING AID EQUIPMENT,70912,PRIMARY EDUCATION,41110100,ABAKALIKI,05100124000100,Education Not Elsewhere Classified
Purchase of 5Nos. Ceiling Fans,6000000.0,6000000.0,0.0,750000.0,750000.0,0.0,480,0.59967,0.61765,051701000100,Agency for Mass Literacy,23010139,PURCHASE OF OTHER FIXED ASSETS,70912,PRIMARY EDUCATION,41110100,ABAKALIKI,05040224000300,Instructional and learning materials
Procurement of Furniture for staff,0.0,0.0,0.0,0.0,0.0,0.0,480,0.68954,0.70752,051701100100,King David Gifted Children,23010112,PURCHASE OF OFFICE FURNITURE AND FITTINGS,70111,EXECUTIVE AND LEGISLATIVE ORGANS,41110100,ABAKALIKI,05050125000300,Schools’ infrastructure construction and rehabilitation
Construction of new school building,1000000000.0,1000000000.0,106451200.0,1000000000.0,1000000000.0,0.0,480,0.72549,0.74346,051701100100,King David Gifted Children,23020101,CONSTRUCTION / PROVISION OF OFFICE BUILDINGS,70111,EXECUTIVE AND LEGISLATIVE ORGANS,41110100,ABAKALIKI,05050125000300,Schools’ infrastructure construction and rehabilitation
Purchase of 2No. HP Desktop Computers for office of the Admin and Accountant,0.0,0.0,0.0,0.0,0.0,0.0,480,0.81536,0.83333,051705100100,Secondary Education Board,23010113,PURCHASE OF COMPUTERS,70922,UPPER-SECONDARY EDUCATION,41110100,ABAKALIKI,05060124000100,"ICT equipment, software and expertise"
Purchase of 1No. Photocopying Machine for use at Admin Office,0.0,0.0,0.0,0.0,0.0,0.0,480,0.83905,0.85703,051705100100,Secondary Education Board,23010115,PURCHASE OF PHOTOCOPYING MACHINES,70922,UPPER-SECONDARY EDUCATION,41110100,ABAKALIKI,05050224000100,Furnishing
"Purchase of 30 pieces of Teaching Aid Equipment e.g White Boards, Markers, Chalks, Diaries, Time Book etc, for distribution in the 271 Secondary schools in the State",10000000.0,10000000.0,0.0,20000000.0,20000000.0,0.0,480,0.875,0.89297,051705100100,Secondary Education Board,23010124,PURCHASE OF TEACHING / LEARNING AID EQUIPMENT,70922,UPPER-SECONDARY EDUCATION,41141400,State Wide 458,05040224000100,Instructional and learning materials
Purchase of Library Books for distribution for some selected schools in the State,20000000.0,20000000.0,0.0,10000000.0,10000000.0,0.0,481,0.09722,0.1152,051705100100,Secondary Education Board,23010125,PURCHASE OF LIBRARY BOOKS & EQUIPMENT,70922,UPPER-SECONDARY EDUCATION,41141400,State Wide,05050324000100,Libraries and laboratories
Purchase of 1No. Public Address System for use at the headquarter,2000000.0,2000000.0,2000000.0,0.0,0.0,0.0,481,0.12173,0.13971,051705100100,Secondary Education Board,23010139,PURCHASE OF OTHER FIXED ASSETS,70922,UPPER-SECONDARY EDUCATION,41110100,ABAKALIKI,05060124000200,"ICT equipment, software and expertise"
"Rehabilitation of Presco Sec. School, Community Sec. Nwofe, Kpakpaji Sec. Sch, Ikwo High Sch, Francis Ibiam Sec. Sch. Isi Okposi High Sch. Etc.",50000000.0,50000000.0,0.0,0.0,0.0,0.0,481,0.15768,0.17565,051705100100,Secondary Education Board,23030106,REHABILITATION / REPAIRS - PUBLIC SCHOOLS,70922,UPPER-SECONDARY EDUCATION,41141400,State Wide,05050125000100,Schools’ infrastructure construction and rehabilitation
Purchase of office 15Nos tables and 15Nos. Chairs for SEB office South Zone,0.0,0.0,0.0,7500000.0,7500000.0,0.0,481,0.19363,0.2116,051705100100,Secondary Education Board,23010112,PURCHASE OF OFFICE FURNITURE AND FITTINGS,70922,UPPER-SECONDARY EDUCATION,41131100,OHAOZARA,05050224000100,Furnishing
Purchase of 65Nos. Library shelves in the selected schools in the State,0.0,0.0,0.0,13000000.0,13000000.0,0.0,481,0.21732,0.23529,051705100100,Secondary Education Board,23010125,PURCHASE OF LIBRARY BOOKS & EQUIPMENT,70922,UPPER-SECONDARY EDUCATION,41141400,State Wide,05050224000100,Furnishing
Purchase of 5Nos. Hermes 3000 Electric Typewirter for use in the typing pool,0.0,0.0,0.0,5000000.0,5000000.0,0.0,481,0.24101,0.25899,051705100100,Secondary Education Board,23010116,PURCHASE OF TYPEWRITERS,70922,UPPER-SECONDARY EDUCATION,41110100,ABAKALIKI,05050224000200,Furnishing
Construction of 3No. New Specialist Hospital in the 3 senatorial zones,6000000000.0,6000000000.0,0.0,0.0,0.0,0.0,481,0.32516,0.34314,052100100100,Ministry of Health,23020106,CONSTRUCTION / PROVISION OF s HOSPITALS / HEALTH CENTRES,70761,HEALTH N.E.C.,41141400,State Wide,04050123000101,Functional health facilities
Establishment and construction of Pharmacutical drugs manufacturing company at Offerekpe Agbaja in Izzi LGA,4000000000.0,4000000000.0,0.0,0.0,0.0,0.0,481,0.35458,0.37255,052100100100,Ministry of Health,23020106,CONSTRUCTION / PROVISION OF HOSPITALS / HEALTH CENTRES,70761,HEALTH N.E.C.,41111000,IZZI,04050123000202,Functional health facilities
Construction of Ebonyi State Ultra-Model Diagnostic Center at Offerekpe Izzi LGA,2500000000.0,2500000000.0,0.0,0.0,0.0,0.0,481,0.3848,0.40278,052100100100,Ministry of Health,23020106,CONSTRUCTION / PROVISION OF HOSPITALS / HEALTH CENTRES,70761,HEALTH N.E.C.,41111000,IZZI,04050123000302,Functional health facilities
Renovation of 15 No.General Hospitals Main building,200000000.0,200000000.0,8915800.0,1000000000.0,1000000000.0,0.0,481,0.4085,0.42647,052100100100,Ministry of Health,23020106,CONSTRUCTION / PROVISION OF HOSPITALS / HEALTH CENTRES,70761,HEALTH N.E.C.,41141400,State Wide,04060123000102,Sustainable drug supply
"Procurement of PPLARC, MVA equipment and cosumables for Family Planning Services at General Hospitals/PHC",10000000.0,10000000.0,0.0,0.0,0.0,0.0,481,0.43873,0.4567,052100100100,Ministry of Health,23010122,PURCHASE OF HEALTH / MEDICAL EQUIPMENT,70741,PUBLIC HEALTH SERVICES,41141400,State Wide,04060123000201,Sustainable drug supply
"Procurement of Mama Kits, Basic Emergence Obstetrics and Neonatal Care for Reproductive Health services across the State",30000000.0,30000000.0,0.0,20000000.0,20000000.0,0.0,481,0.47467,0.49265,052100100100,Ministry of Health,23010122,PURCHASE OF HEALTH / MEDICAL EQUIPMENT,70741,PUBLIC HEALTH SERVICES,41141400,State Wide,04060123000304,Sustainable drug supply
Procurement of HIV Rapid Test Kits for HIV/AIDS/ Hepatitis Interventions across the State.,40000000.0,40000000.0,0.0,40000000.0,40000000.0,0.0,481,0.5098,0.52778,052100100100,Ministry of Health,23010122,PURCHASE OF HEALTH / MEDICAL EQUIPMENT,70741,PUBLIC HEALTH SERVICES,41141400,State Wide,04030523000102,Non-communicable diseases
Procurement of equipment for NIGEP Survelliance and Other emergency response to Epidemic Diseases Control,10000000.0,10000000.0,0.0,15000000.0,15000000.0,0.0,481,0.54575,0.56373,052100100100,Ministry of Health,23010122,PURCHASE OF HEALTH / MEDICAL EQUIPMENT,70741,PUBLIC HEALTH SERVICES,41141400,State Wide,04030123000101,"Reproductive, maternal and neonatal health"
Procurement of cancer screening equipment/kits for cancer screening across the 13 LGAs (Mobile),100000000.0,100000000.0,0.0,150000000.0,150000000.0,0.0,481,0.5817,0.59967,052100100100,Ministry of Health,23010122,PURCHASE OF HEALTH / MEDICAL EQUIPMENT,70741,PUBLIC HEALTH SERVICES,41141400,State Wide,04060223000101,Vaccines supply chain
Nigeria field epidemiology laboratory (NFELT) Programme,1000000.0,1000000.0,0.0,0.0,0.0,0.0,481,0.61193,0.6299,052100100100,Ministry of Health,23050101,RESEARCH AND DEVELOPMENT,70741,PUBLIC HEALTH SERVICES,41141400,State Wide,04040123001104,Pre-service training
"Procurement of Neglected Tropical Diseases (NTDs) kits for Bruli Ulcer,Onchocerciasis, schistosomiasis, soil transmiited helmithiasis",10000000.0,10000000.0,0.0,10000000.0,10000000.0,0.0,481,0.64134,0.65931,052100100100,Ministry of Health,23050101,RESEARCH AND DEVELOPMENT,70741,PUBLIC HEALTH SERVICES,41141400,State Wide,04040123001204,Pre-service training
Maternal and Perinatal Death Surveilance and Response (MPDSR) Activities,12000000.0,12000000.0,10000000.0,12000000.0,12000000.0,0.0,481,0.67157,0.68954,052100100100,Ministry of Health,23050101,RESEARCH AND DEVELOPMENT,70741,PUBLIC HEALTH SERVICES,41141400,State Wide,04050123000404,Functional health facilities
Upgrading/Upskilling on multiple stratagies for prevention and control malaria supported by a consultant.,3000000.0,3000000.0,0.0,3000000.0,3000000.0,0.0,481,0.7018,0.71977,052100100100,Ministry of Health,23050101,RESEARCH AND DEVELOPMENT,70741,PUBLIC HEALTH SERVICES,41141400,State Wide,04050323000104,"Facility electrification, water and sanitation"
Upgrading/Upskilling on larva source management by a consultant.,4000000.0,4000000.0,0.0,4000000.0,4000000.0,0.0,481,0.73121,0.74918,052100100100,Ministry of Health,23050101,RESEARCH AND DEVELOPMENT,70741,PUBLIC HEALTH SERVICES,41141400,State Wide,04050323000204,"Facility electrification, water and sanitation"
Procure 2 No. (4 Module) Gene xpert machine for diagnosis of Tuberculosis in the state,20000000.0,20000000.0,0.0,20000000.0,20000000.0,0.0,481,0.75572,0.77369,052100100100,Ministry of Health,23010122,PURCHASE OF HEALTH / MEDICAL EQUIPMENT,70741,PUBLIC HEALTH SERVICES,41141400,State Wide,04060123000404,Sustainable drug supply
Upgrading/Upskilling of Laboratory Personel on the use of GeneXpert machine for the diagnosis of TB,8000000.0,8000000.0,0.0,8000000.0,8000000.0,0.0,481,0.78513,0.8031,052100100100,Ministry of Health,23050101,t 23050101 - RESEARCH AND DEVELOPMENT,70741,PUBLIC HEALTH SERVICES,41141400,State Wide,04060123000504,Sustainable drug supply
Upgrading/Upskilling of health workers for care of the elderly in the 13 LGAs in the State.,32000000.0,32000000.0,0.0,10000000.0,10000000.0,0.0,481,0.81536,0.83333,052100100100,Ministry of Health,23050101,RESEARCH AND DEVELOPMENT,70741,PUBLIC HEALTH SERVICES,41141400,State Wide,04030123000304,"Reproductive, maternal and neonatal health"
Establishment/equiping of Care of the Elderly unit in all the 15 General Hospitals in the State.,6000000.0,6000000.0,0.0,15000000.0,15000000.0,0.0,481,0.83905,0.85703,052100100100,Ministry of Health,23050101,RESEARCH AND DEVELOPMENT,70741,PUBLIC HEALTH SERVICES,41141400,State Wide,04060123000604,Sustainable drug supply
Upgrading/Upskilling for health workers at the secondary and primary health care centres on mental health cases/management,6000000.0,6000000.0,0.0,6000000.0,6000000.0,0.0,481,0.86928,0.88725,052100100100,Ministry of Health,23050101,RESEARCH AND DEVELOPMENT,70741,PUBLIC HEALTH SERVICES,41141400,State Wide 459,04070123000104,Routine information system
Conduct of Free Mobile Clinic/ Health Care,5000000.0,5000000.0,0.0,100000000.0,100000000.0,0.0,482,0.09722,0.1152,052100100100,Ministry of Health,23050101,RESEARCH AND DEVELOPMENT,70761,HEALTH N.E.C.,41141400,State Wide,04070123000204,Routine information system
Procurement of 1no office equipment for mental health units office,1000000.0,1000000.0,0.0,1000000.0,1000000.0,0.0,482,0.12745,0.14542,052100100100,Ministry of Health,23050101,RESEARCH AND DEVELOPMENT,70761,HEALTH N.E.C.,41141400,State Wide,04010223000104,Human and institutional capacity performance management
Upgrading/Upskilling for improved Nursing care,10000000.0,10000000.0,0.0,10000000.0,10000000.0,0.0,482,0.15768,0.17565,052100100100,Ministry of Health,23050101,RESEARCH AND DEVELOPMENT,70722,SPECIALIZED MEDICAL SERVICES,41141400,State Wide,04030123000404,"Reproductive, maternal and neonatal health"
Procurements of Essential books for Health Education Services,6000000.0,6000000.0,0.0,0.0,0.0,0.0,482,0.18137,0.19935,052100100100,Ministry of Health,23010122,PURCHASE OF HEALTH / MEDICAL EQUIPMENT,70761,HEALTH N.E.C.,41141400,State Wide,04030723000104,Emergency services
Provision of 2nos School Health Services medical equipment for the screening and vaccination of students on Hepatise B virus,6000000.0,6000000.0,0.0,10000000.0,10000000.0,0.0,482,0.21078,0.22876,052100100100,Ministry of Health,23010122,PURCHASE OF HEALTH / MEDICAL EQUIPMENT,70731,GENERAL HOSPITAL SERVICES,41141400,State Wide,04030723000204,Emergency services
Procurement of 1No. Toyota Hilux for State Task Forces on Medical quackery,100000000.0,100000000.0,0.0,0.0,0.0,0.0,482,0.24101,0.25899,052100100100,Ministry of Health,23010106,PURCHASE OF VANS,70761,HEALTH N.E.C.,41141400,State Wide,04030723000304,Emergency services
Procurement of Office Furniture (Permanent Secretary's office),5000000.0,5000000.0,0.0,0.0,0.0,0.0,482,0.27124,0.28922,052100100100,Ministry of Health,23010112,PURCHASE OF OFFICE FURNITURE AND FITTINGS,70741,PUBLIC HEALTH SERVICES,41141400,State Wide,04070323000104,"Research and development (Institutional Review Board, Clinical Trials)"
Procurement of 1nos Pharmaceutical Manufacturing Equipment for the State,0.0,0.0,0.0,200000000.0,200000000.0,0.0,482,0.30065,0.31863,052100100100,Ministry of Health,23010129,PURCHASE OF INDUSTRIAL EQUIPMENT,70741,PUBLIC HEALTH SERVICES,41141400,State Wide,04050223000104,Planned Preventive Maintenance (PPM)
Establishment and construction of Pharmacutical drugs manufacturing company at Offerekpe Agbaja in Izzi LGA,2000000000.0,2000000000.0,0.0,5000000000.0,5000000000.0,0.0,482,0.33088,0.34886,052100100100,Ministry of Health,23020118,CONSTRUCTION / PROVISION OF INFRASTRUCTURE,70761,HEALTH N.E.C.,41141400,State Wide,04050123000604,Functional health facilities
"Construction of 3 major cold store in each senatorial zone of the state, to serve in distributions of both routine and non-routine drugs",250000000.0,250000000.0,0.0,400000000.0,400000000.0,0.0,482,0.37255,0.39052,052100100100,Ministry of Health,23020118,CONSTRUCTION / PROVISION OF INFRASTRUCTURE,70761,HEALTH N.E.C.,41141400,State Wide,04030723000404,Emergency services
Construction of 1 No. Parma Grade wharehouse Central Medical Store at the Centenary City for Drug Distribution.,300000000.0,300000000.0,0.0,700000000.0,700000000.0,0.0,482,0.41422,0.43219,052100100100,Ministry of Health,23020118,CONSTRUCTION / PROVISION OF INFRASTRUCTURE,70751,R & D HEALTH,41141400,State Wide,04060123000704,Sustainable drug supply
Renovation of 15 No.General Hospitals Main building,100000000.0,100000000.0,0.0,0.0,0.0,0.0,482,0.45016,0.46814,052100100100,Ministry of Health,23030105,REHABILITATION / REPAIRS - HOSPITAL / HEALTH CENTRES,70751,R & D HEALTH,41141400,State Wide,04070323000204,"Research and development (Institutional Review Board, Clinical Trials)"
Procurement of 15Nos Generator Sets for the 15 Gen. Hospitals in the State,10000000.0,10000000.0,0.0,600000000.0,600000000.0,0.0,482,0.48039,0.49837,052100100100,Ministry of Health,23010119,PURCHASE OF POWER GENERATING SET,70761,HEALTH N.E.C.,41141400,State Wide,04050123000704,Functional health facilities
Installation of alternative power source (Solar Power) in the 15 General Hospitals.,1000000000.0,1000000000.0,0.0,1500000000.0,1500000000.0,0.0,482,0.50408,0.52206,052100100100,Ministry of Health,23020125,CONSTRUCTION OF POWER GENERATING PLANTS,70761,HEALTH N.E.C.,41110100,ABAKALIKI,04050123000804,Functional health facilities
Establishment of Hepatitise Treatment Centre in the State at Abakaliki LGA,200000000.0,200000000.0,0.0,0.0,0.0,0.0,482,0.52859,0.54657,052100100100,Ministry of Health,23020106,CONSTRUCTION / PROVISION OF HOSPITALS / HEALTH CENTRES,70761,HEALTH N.E.C.,41110100,ABAKALIKI,04050123000904,Functional health facilities
Construction of 3Nos. CMS in the 3 geopolitical zones in the State.,150000000.0,150000000.0,0.0,0.0,0.0,0.0,482,0.55229,0.57026,052100100100,Ministry of Health,23020106,CONSTRUCTION / PROVISION OF HOSPITALS / HEALTH CENTRES,70761,HEALTH N.E.C.,41111000,IZZI,04050123001004,Functional health facilities
Construction and solarization of of 1No cold room at MCH Azuiyiokwu,250000000.0,250000000.0,157083486.0,0.0,0.0,0.0,482,0.57598,0.59395,052100100100,Ministry of Health,23030102,REHABILITATION / REPAIRS - ELECTRICITY,70761,HEALTH N.E.C.,41141400,State Wide,04050123001104,Functional health facilities
Construction/equiping of 1No Health Clinic for Abakaliki Mechanic Site and Abakaliki Rice Mill (CCD Project),100000000.0,100000000.0,0.0,0.0,0.0,0.0,482,0.60621,0.62418,052100100100,Ministry of Health,23020106,CONSTRUCTION / PROVISION OF HOSPITALS / HEALTH CENTRES,70761,HEALTH N.E.C.,41110100,ABAKALIKI,04030223000104,Child health
Construction of born and bury pit at MDG Ededeagu facility in Ebonyi LGA (CCD Project),200000.0,200000.0,0.0,200000.0,200000.0,0.0,482,0.63562,0.65359,052100100100,Ministry of Health,23020118,CONSTRUCTION / PROVISION OF INFRASTRUCTURE,70761,HEALTH N.E.C.,41141400,State Wide,04050123001204,Functional health facilities
Installation and equiping of 130 PHCs in the 10 per LGAs across the 3 zones with solar power (CCD Project),0.0,0.0,0.0,3000000000.0,3000000000.0,0.0,482,0.66585,0.68382,052100100100,Ministry of Health,23020103,CONSTRUCTION / PROVISION OF ELECTRICITY,70761,HEALTH N.E.C.,41141400,State Wide,04050123001302,Functional health facilities
Construction/equiping of 1No Health Clinic at Abakaliki International Market,150000000.0,150000000.0,0.0,300000000.0,300000000.0,0.0,482,0.69526,0.71324,052100100100,Ministry of Health,23020106,CONSTRUCTION / PROVISION OF HOSPITALS / HEALTH CENTRES,70761,HEALTH N.E.C.,41141400,State Wide,04050123001404,Functional health facilities
Construction of Ebonyi State Ultra-Model Diagnostic Center at Offerekpe Izzi LGA,345000000.0,345000000.0,0.0,1000000000.0,1000000000.0,0.0,482,0.71977,0.73775,052100100100,Ministry of Health,23020106,CONSTRUCTION / PROVISION OF HOSPITALS / HEALTH CENTRES,70761,HEALTH N.E.C.,41141400,State Wide,04050123001504,Functional health facilities
Construction of 3Nos. Newborn Centers in the State at the 3 senatorial zones,50000000.0,50000000.0,0.0,0.0,0.0,0.0,482,0.74346,0.76144,052100100100,Ministry of Health,23020106,CONSTRUCTION / PROVISION OF HOSPITALS / HEALTH CENTRES,70761,HEALTH N.E.C.,41110100,ABAKALIKI,04030623000104,Nutrition
Construction of 3 Nos Incinerator system in 3 GHs at the 3 senatorial zones for disposal of medical waste in the state,300000000.0,300000000.0,250000000.0,600000000.0,600000000.0,0.0,482,0.77369,0.79167,052100100100,Ministry of Health,23020106,CONSTRUCTION / PROVISION OF HOSPITALS / HEALTH CENTRES,70761,HEALTH N.E.C.,41110100,ABAKALIKI,04070423000104,Monitoring and Evaluation (M&E)
Construction of 6 No. 2 Bedroom flats for health workers accommodation in the 15 General Hospitals,1200000000.0,1200000000.0,0.0,3000000000.0,3000000000.0,0.0,482,0.80882,0.8268,052100100100,Ministry of Health,23020102,CONSTRUCTION / PROVISION OF RESIDENTIAL BUILDINGS,70761,HEALTH N.E.C.,41110400,EBONYI,04040223000104,HRH Performance management
Procurement of 2no Ambulances for Medical Emergency Response Services,100000000.0,100000000.0,0.0,0.0,0.0,0.0,482,0.83905,0.85703,052100100100,Ministry of Health,23010105,PURCHASE OF MOTOR VEHICLES,70761,HEALTH N.E.C.,41141400,State Wide,04050123001604,Functional health facilities
Procurement of 1no Executive table and 4nos chairs for Newly established SEMSAS office,0.0,0.0,0.0,5000000.0,5000000.0,0.0,482,0.86275,0.88072,052100100100,Ministry of Health,23010112,PURCHASE OF OFFICE FURNITURE AND FITTINGS,70761,HEALTH N.E.C.,41111000,IZZI 460,04050123001804,Functional health facilities
Procurement of a double-door standing medical fridge for use at the SEMSAS call centre,0.0,0.0,0.0,1000000.0,1000000.0,0.0,483,0.10376,0.12173,052100100100,Ministry of Health,23010139,PURCHASE OF OTHER FIXED ASSETS,70761,HEALTH N.E.C.,41141400,State Wide,04050123001904,Functional health facilities
Construction/equiping of Ebonyi State Emergency call centre at Abakaliki town,0.0,0.0,0.0,30000000.0,30000000.0,0.0,483,0.13317,0.15114,052100100100,Ministry of Health,23020118,CONSTRUCTION / PROVISION OF INFRASTRUCTURE,70761,HEALTH N.E.C.,41141400,State Wide,04100123000104,Health Not Elsewhere Classified
NUT.1.FNS. Provision and distribution of nutritional meals to school children and other vulnerable population.,0.0,0.0,0.0,120000000.0,120000000.0,120000000.0,483,0.1634,0.18137,052100100100,Ministry of Health,23050101,RESEARCH AND DEVELOPMENT,70761,HEALTH N.E.C.,41141400,State Wide,04050323000304,"Facility electrification, water and sanitation"
NUT.3.IDH. Procurement of delivery kits for Maternal New born and Child Health,60000000.0,60000000.0,0.0,100000000.0,100000000.0,100000000.0,483,0.19363,0.2116,052100100100,Ministry of Health,23010122,PURCHASE OF HEALTH / MEDICAL EQUIPMENT,70761,HEALTH N.E.C.,41141400,State Wide,04050323000404,"Facility electrification, water and sanitation"
NUT.2.MPD. Provision of Abendazole and Vit. A supplement for mass deworming/supplementation of children under 5 years,0.0,0.0,0.0,10000000.0,10000000.0,10000000.0,483,0.22958,0.24755,052100100100,Ministry of Health,23010122,PURCHASE OF HEALTH / MEDICAL EQUIPMENT,70761,HEALTH N.E.C.,41141400,State Wide,04050123002004,Functional health facilities
NUT.1.MS. Procurement of medical materials to combat acute malnutrition in the State,0.0,0.0,0.0,10000000.0,10000000.0,10000000.0,483,0.26471,0.28268,052100100100,Ministry of Health,23010122,PURCHASE OF HEALTH / MEDICAL EQUIPMENT,70761,HEALTH N.E.C.,41141400,State Wide,04060123000804,Sustainable drug supply
NUT.6.COORDINATION. Procurement of 2nos Executive Tables and 5nos Chiars for the newly established Nutrition development.,0.0,0.0,0.0,10000000.0,10000000.0,10000000.0,483,0.29493,0.31291,052100100100,Ministry of Health,23010112,PURCHASE OF OFFICE FURNITURE AND FITTINGS,70761,HEALTH N.E.C.,41141400,State Wide,04050123002104,Functional health facilities
"NUT.2.MS. Provision of Ready to use Therapeutic Food (RUTF), Micronutrient and MMS for children under 5 years",0.0,0.0,0.0,20000000.0,20000000.0,20000000.0,483,0.33088,0.34886,052100100100,Ministry of Health,23010122,PURCHASE OF HEALTH / MEDICAL EQUIPMENT,70761,HEALTH N.E.C.,41141400,State Wide,04010223000204,Human and institutional capacity performance management
Monitoring and Evaluation of National Council on Health programme implementation in the state.,5000000.0,5000000.0,0.0,20000000.0,20000000.0,0.0,483,0.36683,0.3848,052100100100,Ministry of Health,23050103,MONITORING AND EVALUATION,70761,HEALTH N.E.C.,41110100,ABAKALIKI,04010223000304,Human and institutional capacity performance management
conduct of Health workers day,0.0,0.0,0.0,20000000.0,20000000.0,0.0,483,0.39624,0.41422,052100100100,Ministry of Health,23050104,ANNIVERSARIES/CELEBRATIONS,70761,HEALTH N.E.C.,41141400,State Wide,04050123002204,Functional health facilities
Purchase of accounting software for State Health Account optimization of health financing,5000000.0,5000000.0,0.0,1000000.0,1000000.0,0.0,483,0.42647,0.44444,052100100100,Ministry of Health,23050102,COMPUTER SOFTWARE ACQUISITION,70722,SPECIALIZED MEDICAL SERVICES,41110100,ABAKALIKI,04030523000204,Non-communicable diseases
Establishment/equipping of HRH unit for ANNUAL HUMAN RESOURCE FOR Health PROFILE,2000000.0,2000000.0,0.0,3000000.0,3000000.0,0.0,483,0.46242,0.48039,052100100100,Ministry of Health,23050101,E 23050101 - RESEARCH AND DEVELOPMENT,70722,SPECIALIZED MEDICAL SERVICES,41141400,State Wide,04060123000904,Sustainable drug supply
Procurement of office ICT equipment for Health Operational Research,2000000.0,2000000.0,0.0,0.0,0.0,0.0,483,0.49265,0.51062,052100100100,Ministry of Health,23050102,COMPUTER SOFTWARE ACQUISITION,70722,SPECIALIZED MEDICAL SERVICES,41110100,ABAKALIKI,04040323000204,In service training (continuing education)
"Procurement of multi purpose (Printer, Photocopier, scanner) for the office of DPRS",5000000.0,5000000.0,0.0,0.0,0.0,0.0,483,0.51634,0.53431,052100100100,Ministry of Health,23010114,e 23010114 - PURCHASE OF COMPUTER PRINTERS,70761,HEALTH N.E.C.,41110100,ABAKALIKI,04040323000304,In service training (continuing education)
Procurement of 2No Projector and Projector Screen,800000.0,800000.0,0.0,800000.0,800000.0,0.0,483,0.54003,0.55801,052100100100,Ministry of Health,23010139,PURCHASE OF OTHER FIXED ASSETS,70722,SPECIALIZED MEDICAL SERVICES,41110100,ABAKALIKI,04050123002304,Functional health facilities
Production of Health Manangement Information System Data reporting Tools and other health data reporting tools for the state,50000000.0,50000000.0,0.0,70000000.0,70000000.0,0.0,483,0.57026,0.58824,052100100100,Ministry of Health,23050101,RESEARCH AND DEVELOPMENT,70761,HEALTH N.E.C.,41110100,ABAKALIKI,04010223000404,Human and institutional capacity performance management
"Monitoring and Evaluation of maternal, newborn and childhealth programmes in the state",5000000.0,5000000.0,0.0,8000000.0,8000000.0,0.0,483,0.60621,0.62418,052100100100,Ministry of Health,23050103,MONITORING AND EVALUATION,70761,HEALTH N.E.C.,41141400,State Wide,04010223000504,Human and institutional capacity performance management
Establishment/Equiping of DPRS Office for Integrated Supportive Supervission system of Ebonyi Health System,30000000.0,30000000.0,0.0,0.0,0.0,0.0,483,0.64134,0.65931,052100100100,Ministry of Health,23050101,RESEARCH AND DEVELOPMENT,70761,HEALTH N.E.C.,41141400,State Wide,04070323000304,"Research and development (Institutional Review Board, Clinical Trials)"
Development/Review of SMoH MTSS,100000000.0,100000000.0,0.0,10000000.0,10000000.0,0.0,483,0.67729,0.69526,052100100100,Ministry of Health,23050101,RESEARCH AND DEVELOPMENT,70761,HEALTH N.E.C.,41141400,State Wide,04070323000404,"Research and development (Institutional Review Board, Clinical Trials)"
Development of SMoH Annual Operational Plan,100000000.0,100000000.0,0.0,30000000.0,30000000.0,0.0,483,0.70752,0.72549,052100100100,Ministry of Health,23050101,RESEARCH AND DEVELOPMENT,70761,HEALTH N.E.C.,41141400,State Wide,04070123000304,Routine information system
Establishment of quarterly Data Quality Assessment (DQA) Unit,100000000.0,100000000.0,0.0,10000000.0,10000000.0,0.0,483,0.73121,0.74918,052100100100,Ministry of Health,23050101,RESEARCH AND DEVELOPMENT,70761,HEALTH N.E.C.,41141400,State Wide,04070123000404,Routine information system
Purchase of tablets for monthly data collection,105000000.0,105000000.0,0.0,20000000.0,20000000.0,0.0,483,0.75572,0.77369,052100100100,Ministry of Health,23010113,PURCHASE OF COMPUTERS,70761,HEALTH N.E.C.,41141400,State Wide,04050123002404,Functional health facilities
Purchase of public Addressing system for conduct of HDGC and HDCC,0.0,0.0,0.0,10000000.0,10000000.0,0.0,483,0.77941,0.79739,052100100100,Ministry of Health,23010139,PURCHASE OF OTHER FIXED ASSETS,70761,HEALTH N.E.C.,41141400,State Wide,04050123002504,Functional health facilities
"Construction of a Public Health Research Laboratory at Offerekpe, Izzi LGA",0.0,0.0,0.0,2000000000.0,2000000000.0,0.0,483,0.8031,0.82108,052100100100,Ministry of Health,23020118,CONSTRUCTION / PROVISION OF INFRASTRUCTURE,70761,HEALTH N.E.C.,41111000,IZZI,04060125000204,Sustainable drug supply
Provision of Digital tools for digitalization of all health facilities (PHCs and SHFs) in the state using the EMR,0.0,0.0,0.0,2000000.0,2000000.0,0.0,483,0.83333,0.85131,052100100100,Ministry of Health,23050102,COMPUTER SOFTWARE ACQUISITION,70761,HEALTH N.E.C.,41141400,State Wide,04030725000104,Emergency services
Upscaling/upskilling of the state and facilities M&Es on the EMR tools,0.0,0.0,0.0,5000000.0,5000000.0,0.0,483,0.86275,0.88072,052100100100,Ministry of Health,23050103,MONITORING AND EVALUATION,70761,HEALTH N.E.C.,41141400,State Wide,04030725000204,Emergency services
Establishment and equiping of 3nos Blood Banks one per senatorial Zone of the state.,0.0,0.0,0.0,15000000.0,15000000.0,0.0,483,0.88725,0.90523,052100100100,Ministry of Health,23020118,CONSTRUCTION / PROVISION OF INFRASTRUCTURE,70761,HEALTH N.E.C.,41141400,State Wide 461,04100125000104,Health Not Elsewhere Classified
Proviosion of Solar powered security light at the SMOH Complex and the 15 Gen. Hospital Facilities,0.0,0.0,0.0,3000000.0,3000000.0,0.0,484,0.10376,0.12173,052100100100,Ministry of Health,23020103,CONSTRUCTION / PROVISION OF ELECTRICITY,70761,HEALTH N.E.C.,41141400,State Wide,04050125001104,Functional health facilities
Construction/ Equipment of Government House Clinic at Govertnment House Centenary City,0.0,0.0,0.0,1200000000.0,1200000000.0,0.0,484,0.13971,0.15768,052100100100,Ministry of Health,23020106,CONSTRUCTION / PROVISION OF HOSPITALS / HEALTH CENTRES,70761,HEALTH N.E.C.,41110100,ABAKALIKI,04050125000804,Functional health facilities
"Construction of Hospital Block at Ezza Nort General Hospital Umuezekoaha, Ezza Noth LGA",0.0,0.0,0.0,237000000.0,237000000.0,0.0,484,0.16912,0.18709,052100100100,Ministry of Health,23020118,CONSTRUCTION / PROVISION OF INFRASTRUCTURE,70761,HEALTH N.E.C.,41120500,EZZA,04050125000804,Functional health facilities
Construction of Perimeter Fence at the General Hospitals,0.0,0.0,0.0,200000000.0,200000000.0,0.0,484,0.19363,0.2116,052100100100,Ministry of Health,23020118,CONSTRUCTION / PROVISION OF INFRASTRUCTURE,70761,HEALTH N.E.C.,41141400,State Wide,04050125000804,Functional health facilities
Procurement of books for Health Education Services,0.0,0.0,0.0,2000000.0,2000000.0,0.0,484,0.21732,0.23529,052100100100,Ministry of Health,23010139,PURCHASE OF OTHER FIXED ASSETS,70761,HEALTH N.E.C.,41141400,State Wide,04050125001004,Functional health facilities
Procurement of 1No of Cold Van for delivery of drugs/Logistics Management Coordinating Unit (LMCU) operational activities,0.0,0.0,0.0,120000000.0,120000000.0,0.0,484,0.24673,0.26471,052100100100,Ministry of Health,23020106,CONSTRUCTION / PROVISION OF HOSPITALS / HEALTH CENTRES,70761,HEALTH N.E.C.,41110100,ABAKALIKI,04050125001004,Functional health facilities
Procurement of oxygen cylinders/heads in the 171 PHCs and 171 nebulizers.,0.0,0.0,0.0,0.0,0.0,0.0,484,0.27696,0.29493,052100100100,Ministry of Health,23010129,PURCHASE OF INDUSTRIAL EQUIPMENT,70761,HEALTH N.E.C.,41141400,State Wide,04050125001004,Functional health facilities
Take-off fund for drugs and medical commodities management agency,0.0,0.0,0.0,0.0,0.0,0.0,484,0.30065,0.31863,052100100100,Ministry of Health,23050101,RESEARCH AND DEVELOPMENT,70761,HEALTH N.E.C.,41141400,State Wide,04060125000204,Sustainable drug supply
Evacuation of Abandoned Dead Bodies from the Ezzamgbo General Hospital Mortuary.,0.0,0.0,0.0,0.0,0.0,0.0,484,0.32516,0.34314,052100100100,Ministry of Health,23050101,RESEARCH AND DEVELOPMENT,70761,HEALTH N.E.C.,41111200,OHAUKWU,04100125000104,Health Not Elsewhere Classified
Completion of Izenyi Agbaja Health Center,0.0,0.0,0.0,0.0,0.0,0.0,484,0.34886,0.36683,052100100100,Ministry of Health,23020118,CONSTRUCTION / PROVISION OF INFRASTRUCTURE,70761,HEALTH N.E.C.,41111000,IZZI,04050125001104,Functional health facilities
Establishment of Gender Based Voilence/Human Right Unit,5000000.0,5000000.0,0.0,0.0,0.0,0.0,484,0.43219,0.45016,052103300100,Ebonyi State Agency for Control of AIDS,23050101,RESEARCH AND DEVELOPMENT,70721,GENERAL MEDICAL SERVICES,41110100,ABAKALIKI,07100123002800,Gender - General
"Procurement of Test kits, Condoms, Lubricates, Gloves and Consumables",30000000.0,30000000.0,0.0,0.0,0.0,0.0,484,0.4567,0.47467,052103300100,Ebonyi State Agency for Control of AIDS,23010122,PURCHASE OF HEALTH / MEDICAL EQUIPMENT,70721,GENERAL MEDICAL SERVICES,41141400,State Wide,07100123002800,Gender - General
Procurement Of Ready To Use Therapuetic Foods (Rutf) Micro Nutrient Foods etc.,15000000.0,15000000.0,0.0,0.0,0.0,0.0,484,0.48039,0.49837,052103300100,Ebonyi State Agency for Control of AIDS,23010122,PURCHASE OF HEALTH / MEDICAL EQUIPMENT,70721,GENERAL MEDICAL SERVICES,41141400,State Wide,07100123002800,Gender - General
Development plan On Resource Mobilization And Strategic Policy,5000000.0,5000000.0,0.0,0.0,0.0,0.0,484,0.50408,0.52206,052103300100,Ebonyi State Agency for Control of AIDS,23010122,PURCHASE OF HEALTH / MEDICAL EQUIPMENT,70721,GENERAL MEDICAL SERVICES,41110100,ABAKALIKI,07100123002800,Gender - General
Purchase of 2Nos. Tables and 2Nos. Chairs for Offices of Admin and Accounts,5000000.0,5000000.0,0.0,0.0,0.0,0.0,484,0.52859,0.54657,052103300100,Ebonyi State Agency for Control of AIDS,23010112,PURCHASE OF OFFICE FURNITURE AND FITTINGS,70721,GENERAL MEDICAL SERVICES,41110100,ABAKALIKI,07100123002800,Gender - General
"Purchase of 3No Hp Laptop computer for the office of Accountant, Monitoring and Evaluation and Programme lead",4000000.0,4000000.0,0.0,0.0,0.0,0.0,484,0.55801,0.57598,052103300100,Ebonyi State Agency for Control of AIDS,23010113,PURCHASE OF COMPUTERS,70721,GENERAL MEDICAL SERVICES,41110100,ABAKALIKI,07100123002800,Gender - General
"Purchase of 3Nos Laserjet Printer for use in the office of Accountant, Monitoring and Evaluation and Programme lead",3000000.0,3000000.0,0.0,0.0,0.0,0.0,484,0.59395,0.61193,052103300100,Ebonyi State Agency for Control of AIDS,23010114,PURCHASE OF COMPUTER PRINTERS,70721,GENERAL MEDICAL SERVICES,41110100,ABAKALIKI,07100123002800,Gender - General
Puchase of 1No 75kv Firman generating Set for office use,5000000.0,5000000.0,0.0,0.0,0.0,0.0,484,0.62418,0.64216,052103300100,Ebonyi State Agency for Control of AIDS,23010119,PURCHASE OF POWER GENERATING SET,70721,GENERAL MEDICAL SERVICES,41110100,ABAKALIKI,07100123002800,Gender - General
Procurement of HIV Testing Services Kits (HTS) For LACAS CBOS And Facilities Focal Persons,3000000.0,3000000.0,0.0,0.0,0.0,0.0,484,0.64788,0.66585,052103300100,Ebonyi State Agency for Control of AIDS,23010122,PURCHASE OF HEALTH / MEDICAL EQUIPMENT,70721,GENERAL MEDICAL SERVICES,41110100,ABAKALIKI,07100123002800,Gender - General
Procurement of Medical equipments such as HIV tests kits etc,0.0,0.0,0.0,150000000.0,150000000.0,0.0,484,0.67157,0.68954,052103300100,Ebonyi State Agency for Control of AIDS,23010122,PURCHASE OF HEALTH / MEDICAL EQUIPMENT,70721,GENERAL MEDICAL SERVICES,41141400,State Wide,07100123002800,Gender - General
Establishment of Prevention And Control Of HIV/TB Unit,2000000.0,2000000.0,0.0,0.0,0.0,0.0,484,0.69526,0.71324,052103300100,Ebonyi State Agency for Control of AIDS,23010122,PURCHASE OF HEALTH / MEDICAL EQUIPMENT,70721,GENERAL MEDICAL SERVICES,41110100,ABAKALIKI,07100123002800,Gender - General
Establishment of Family Life Education Program In Our Schools (Nursery & Secondary School For Effective HIV Education In The School System,15000000.0,15000000.0,0.0,0.0,0.0,0.0,484,0.73121,0.74918,052103300100,Ebonyi State Agency for Control of AIDS,23010122,PURCHASE OF HEALTH / MEDICAL EQUIPMENT,70721,GENERAL MEDICAL SERVICES,41110100,ABAKALIKI,07100123002800,Gender - General
"Development of Digital Quality Assessment Data Base For LACA, Health Facilities And CBOS",2000000.0,2000000.0,0.0,0.0,0.0,0.0,484,0.76716,0.78513,052103300100,Ebonyi State Agency for Control of AIDS,23050102,COMPUTER SOFTWARE ACQUISITION,70721,GENERAL MEDICAL SERVICES,41110100,ABAKALIKI,07100123002800,Gender - General
"Establishment of Improved Health Care Delivery Unit For LACA, Facilities And CBOS",6000000.0,6000000.0,0.0,0.0,0.0,0.0,484,0.79167,0.80964,052103300100,Ebonyi State Agency for Control of AIDS,23010122,PURCHASE OF HEALTH / MEDICAL EQUIPMENT,70721,GENERAL MEDICAL SERVICES,41110100,ABAKALIKI,07100123002800,Gender - General
Perimeter fencing and security gate of the College,25000000.0,25000000.0,0.0,20000000.0,20000000.0,0.0,484,0.875,0.89297,052110600100,"School of Health Technology, Ngbo",23020122,CONSTRUCTION OF BOUNDARY PILLARS/ RIGHT OF WAYS,70941,FIRST STAGE OF TERTIARY EDUCATION,41111200,OHAUKWU 462,04040124000404,Pre-service training
Construction Of ICT/Library Block and Equipment,50000000.0,50000000.0,0.0,0.0,0.0,0.0,485,0.09722,0.1152,052110600100,"School of Health Technology, Ngbo",23020127,CONSTRUCTION OF ICT INFRASTRUCTURES,70941,FIRST STAGE OF TERTIARY EDUCATION,41111200,OHAUKWU,04040124000504,Pre-service training
Purchase of 32 Seaters Coaster Bus for School use,25000000.0,25000000.0,0.0,0.0,0.0,0.0,485,0.12173,0.13971,052110600100,"School of Health Technology, Ngbo",23010108,PURCHASE OF BUSES,70941,FIRST STAGE OF TERTIARY EDUCATION,41111200,OHAUKWU,04040124000404,Pre-service training
Construction of a 500 capacity Multi-Purpose Auditorium,0.0,0.0,0.0,350000000.0,350000000.0,0.0,485,0.14542,0.1634,052110600100,"School of Health Technology, Ngbo",23020107,CONSTRUCTION / PROVISION OF PUBLIC SCHOOLS,70941,FIRST STAGE OF TERTIARY EDUCATION,41111200,OHAUKWU,04040124000504,Pre-service training
Construction of Community Health College Clinic,0.0,0.0,0.0,80000000.0,80000000.0,0.0,485,0.16912,0.18709,052110600100,"School of Health Technology, Ngbo",23020106,CONSTRUCTION / PROVISION OF HOSPITALS / HEALTH CENTRES,70941,FIRST STAGE OF TERTIARY EDUCATION,41111200,OHAUKWU,04040124000404,Pre-service training
Construction of Administrative Block,0.0,0.0,0.0,150000000.0,150000000.0,0.0,485,0.19363,0.2116,052110600100,"School of Health Technology, Ngbo",23020101,CONSTRUCTION / PROVISION OF OFFICE BUILDINGS,70941,FIRST STAGE OF TERTIARY EDUCATION,41111200,OHAUKWU,04040124000504,Pre-service training
Construction of 1 No ICT Library Complex,49500000.0,49500000.0,0.0,0.0,0.0,0.0,485,0.27696,0.29493,052110400100,"College of Nursing and Midwifery, Uburu",23020111,CONSTRUCTION / PROVISION OF LIBRARIES,70761,HEALTH N.E.C.,41131100,OHAOZARA,04040123000101,Pre-service training
Construction of 1 no cadaver building for Experimental Learning,20000000.0,20000000.0,0.0,20000000.0,20000000.0,0.0,485,0.30065,0.31863,052110400100,"College of Nursing and Midwifery, Uburu",23020104,CONSTRUCTION / PROVISION OF HOUSING,70761,HEALTH N.E.C.,41131100,OHAOZARA,04040123000201,Pre-service training
Construction of 1000No. capacity Auditorium,30000000.0,30000000.0,0.0,600000000.0,600000000.0,0.0,485,0.32516,0.34314,052110400100,"College of Nursing and Midwifery, Uburu",23020104,CONSTRUCTION / PROVISION OF HOUSING,70761,HEALTH N.E.C.,41131100,OHAOZARA,04040123000301,Pre-service training
Construction of 1 No Demonstration Room,20000000.0,20000000.0,0.0,0.0,0.0,0.0,485,0.34886,0.36683,052110400100,"College of Nursing and Midwifery, Uburu",23020104,CONSTRUCTION / PROVISION OF HOUSING,70761,HEALTH N.E.C.,41131100,OHAOZARA,04040123000401,Pre-service training
Construction of School Canteen,20000000.0,20000000.0,0.0,0.0,0.0,0.0,485,0.37255,0.39052,052110400100,"College of Nursing and Midwifery, Uburu",23020104,CONSTRUCTION / PROVISION OF HOUSING,70761,HEALTH N.E.C.,41131100,OHAOZARA,04040123000501,Pre-service training
Procurement of 20Nos. Desktop Computers for the ICT Center.,19500000.0,19500000.0,0.0,0.0,0.0,0.0,485,0.39624,0.41422,052110400100,"College of Nursing and Midwifery, Uburu",23010113,PURCHASE OF COMPUTERS,70761,HEALTH N.E.C.,41131100,OHAOZARA,04040123000601,Pre-service training
Purchase of 200Nos. Telescope Equip for student use.,15000000.0,15000000.0,0.0,6000000.0,6000000.0,0.0,485,0.42075,0.43873,052110400100,"College of Nursing and Midwifery, Uburu",23010124,PURCHASE OF TEACHING / LEARNING AID EQUIPMENT,70761,HEALTH N.E.C.,41131100,OHAOZARA,04040123000701,Pre-service training
"Purchase of Learning/Teaching Aid like Marker, board, Mr. Jones, human skeleton, etc.",15000000.0,15000000.0,0.0,3000000.0,3000000.0,0.0,485,0.44444,0.46242,052110400100,"College of Nursing and Midwifery, Uburu",23010124,PURCHASE OF TEACHING / LEARNING AID EQUIPMENT,70761,HEALTH N.E.C.,41131100,OHAOZARA,04040123000801,Pre-service training
Procurement of 5No air conditioners for Auditorium,6000000.0,6000000.0,0.0,0.0,0.0,0.0,485,0.46814,0.48611,052110400100,"College of Nursing and Midwifery, Uburu",23010139,PURCHASE OF OTHER FIXED ASSETS,70761,HEALTH N.E.C.,41131100,OHAOZARA,04040123000901,Pre-service training
Purchase of 1No multi-Purpose Photocopying Machine,5000000.0,5000000.0,0.0,0.0,0.0,0.0,485,0.49265,0.51062,052110400100,"College of Nursing and Midwifery, Uburu",23010115,PURCHASE OF PHOTOCOPYING MACHINES,70761,HEALTH N.E.C.,41131100,OHAOZARA,04040123001001,Pre-service training
Procurement of 35Nos. Ceiling fans,0.0,0.0,0.0,5000000.0,5000000.0,0.0,485,0.5098,0.52778,052110400100,"College of Nursing and Midwifery, Uburu",23010139,PURCHASE OF OTHER FIXED ASSETS,70761,HEALTH N.E.C.,41131100,OHAOZARA,04040125000201,Pre-service training
Renovation of collapsed perimeter fencing at General Hospital Ezzamgbo,0.0,0.0,0.0,3800000.0,3800000.0,0.0,485,0.58824,0.60621,052110200100,Ebonyi Hospital Management Board,23030122,REHABILITATION/REPAIRS OF BOUNDARIES,70741,PUBLIC HEALTH SERVICES,41111200,OHAUKWU,04050124000201,Functional health facilities
Provision/Installation of 4 number water pulps and water reticulation at General Hospital Elinwovu,0.0,0.0,0.0,4500000.0,4500000.0,0.0,485,0.61765,0.63562,052110200100,Ebonyi Hospital Management Board,23030104,REHABILITATION / REPAIRS - WATER FACILITIES,70741,PUBLIC HEALTH SERVICES,41110100,ABAKALIKI,04050124000201,Functional health facilities
replacement of damaged PvC ceiling board in Itimu Ukwu general Hospital ward,0.0,0.0,0.0,5200000.0,5200000.0,0.0,485,0.64788,0.66585,052110200100,Ebonyi Hospital Management Board,23010139,PURCHASE OF OTHER FIXED ASSETS,70741,PUBLIC HEALTH SERVICES,41130300,AFIKPO SOUTH EDDA,04050124000201,Functional health facilities
Renovation/ reconstruction of collapsed perimeter fence at General Hospital Ishiagu,0.0,0.0,0.0,10000000.0,10000000.0,0.0,485,0.67157,0.68954,052110200100,Ebonyi Hospital Management Board,23030122,REHABILITATION/REPAIRS OF BOUNDARIES,70741,PUBLIC HEALTH SERVICES,41130900,IVO,04050124000201,Functional health facilities
Repair of toilet and the leaking roof at General Hospital Nwofe,40000000.0,40000000.0,0.0,6000000.0,6000000.0,0.0,485,0.69526,0.71324,052110200100,Ebonyi Hospital Management Board,23010114,PURCHASE OF COMPUTER PRINTERS,70741,PUBLIC HEALTH SERVICES,41111000,IZZI,04050124000201,Functional health facilities
Repair of hospital toilet and soakpit at General Hospital Agba,0.0,0.0,0.0,5500000.0,5500000.0,0.0,485,0.71977,0.73775,052110200100,Ebonyi Hospital Management Board,23010139,PURCHASE OF OTHER FIXED ASSETS,70741,PUBLIC HEALTH SERVICES,41120800,ISHIELU,04050124000201,Functional health facilities
Repairing of pvc ceiling and toilet at General Hospital Onueke,5220000.0,5220000.0,0.0,4600000.0,4600000.0,0.0,485,0.74346,0.76144,052110200100,Ebonyi Hospital Management Board,23010113,PURCHASE OF COMPUTERS,70741,PUBLIC HEALTH SERVICES,41120600,EZZA SOUTH,04050124000201,Functional health facilities
Repair/ replacement of collapsed pvc ceiling at General Hospital Iboko,0.0,0.0,0.0,4800000.0,4800000.0,0.0,485,0.76716,0.78513,052110200100,Ebonyi Hospital Management Board,23010139,PURCHASE OF OTHER FIXED ASSETS,70741,PUBLIC HEALTH SERVICES,41111000,IZZI,04050124000201,Functional health facilities
Re-roofing of burnt solar house at General Hospital Onicha,0.0,0.0,0.0,6000000.0,6000000.0,0.0,485,0.79167,0.80964,052110200100,Ebonyi Hospital Management Board,23010139,PURCHASE OF OTHER FIXED ASSETS,70741,PUBLIC HEALTH SERVICES,41131300,ONICHA,04050124000201,Functional health facilities
Provision/Installation of solar system at General Hospital Umuezeoka,0.0,0.0,0.0,5000000.0,5000000.0,0.0,485,0.81536,0.83333,052110200100,Ebonyi Hospital Management Board,23020103,CONSTRUCTION / PROVISION OF ELECTRICITY,70741,PUBLIC HEALTH SERVICES,41120500,EZZA,04050125000602,Functional health facilities
provision/Installation of solar system at General Hospital Okposi,0.0,0.0,0.0,5000000.0,5000000.0,0.0,485,0.83905,0.85703,052110200100,Ebonyi Hospital Management Board,23020103,CONSTRUCTION / PROVISION OF ELECTRICITY,70741,PUBLIC HEALTH SERVICES,41131100,OHAOZARA,04050125000602,Functional health facilities
Replacement of damaged pvc ceiling in the hospital ward at General Hospital Odomoke,0.0,0.0,0.0,4600000.0,4600000.0,0.0,485,0.86275,0.88072,052110200100,Ebonyi Hospital Management Board,23010139,PURCHASE OF OTHER FIXED ASSETS,70741,PUBLIC HEALTH SERVICES,41111000,IZZI,04050125000602,Functional health facilities
Purchase of Binocular microscope @ 10 pcs,20000000.0,20000000.0,0.0,6000000.0,6000000.0,0.0,485,0.88725,0.90523,052110200100,Ebonyi Hospital Management Board,23010122,PURCHASE OF HEALTH / MEDICAL EQUIPMENT,70741,PUBLIC HEALTH SERVICES,41141400,State Wide 463,04050124000401,Functional health facilities
"Purchase of Hamotology Machine 10 pcs 1, 400,000",25000000.0,25000000.0,0.0,14000000.0,14000000.0,0.0,486,0.09722,0.1152,052110200100,Ebonyi Hospital Management Board,23010122,PURCHASE OF HEALTH / MEDICAL EQUIPMENT,70741,PUBLIC HEALTH SERVICES,41141400,State Wide,04050124000401,Functional health facilities
"Purchase of Hamotologist Machine 10 pcs @ 350,000",50700000.0,50700000.0,0.0,3500000.0,3500000.0,0.0,486,0.12173,0.13971,052110200100,Ebonyi Hospital Management Board,23010122,PURCHASE OF HEALTH / MEDICAL EQUIPMENT,70741,PUBLIC HEALTH SERVICES,41141400,State Wide,04050124000401,Functional health facilities
Purchase of Genotype machine/Tank @ 10 pcs X 40 000,16280000.0,16280000.0,0.0,400000.0,400000.0,0.0,486,0.14542,0.1634,052110200100,Ebonyi Hospital Management Board,23010122,PURCHASE OF HEALTH / MEDICAL EQUIPMENT,70741,PUBLIC HEALTH SERVICES,41141400,State Wide,04050124000401,Functional health facilities
"Purchase of Celular Accettate paper 4 pack @ 10,000",800000.0,800000.0,0.0,40000.0,40000.0,0.0,486,0.16912,0.18709,052110200100,Ebonyi Hospital Management Board,23010122,PURCHASE OF HEALTH / MEDICAL EQUIPMENT,70741,PUBLIC HEALTH SERVICES,41141400,State Wide,04050124000401,Functional health facilities
"Purchase of genotype buffer 40 liters @ 100,000",1000000.0,1000000.0,0.0,4000000.0,4000000.0,0.0,486,0.19363,0.2116,052110200100,Ebonyi Hospital Management Board,23010122,PURCHASE OF HEALTH / MEDICAL EQUIPMENT,70741,PUBLIC HEALTH SERVICES,41141400,State Wide,04050124000401,Functional health facilities
Purchase of chemistry analyzer @10pcs x 1.8m,500000.0,500000.0,0.0,18000000.0,18000000.0,0.0,486,0.21732,0.23529,052110200100,Ebonyi Hospital Management Board,23010122,PURCHASE OF HEALTH / MEDICAL EQUIPMENT,70741,PUBLIC HEALTH SERVICES,41141400,State Wide,04050124000401,Functional health facilities
"purchase of furnitures, Tables, Seats for board members",15000000.0,15000000.0,0.0,0.0,0.0,0.0,486,0.24101,0.25899,052110200100,Ebonyi Hospital Management Board,23010112,PURCHASE OF OFFICE FURNITURE AND FITTINGS,70741,PUBLIC HEALTH SERVICES,41110100,ABAKALIKI,04050124000401,Functional health facilities
"Purchase of 3 No Air Conditioner for Staff Clinic, Chief Executive's Office, and Chief Executive's Reception",1400000.0,1400000.0,0.0,1200000.0,1200000.0,0.0,486,0.27124,0.28922,052110200100,Ebonyi Hospital Management Board,23010112,PURCHASE OF OFFICE FURNITURE AND FITTINGS,70741,PUBLIC HEALTH SERVICES,41110100,ABAKALIKI,04050124000401,Functional health facilities
Purchase of 1No. Photocopying Machine,1200000.0,1200000.0,0.0,0.0,0.0,0.0,486,0.30065,0.31863,052110200100,Ebonyi Hospital Management Board,23010115,PURCHASE OF PHOTOCOPYING MACHINES,70741,PUBLIC HEALTH SERVICES,41110100,ABAKALIKI,04050124000401,Functional health facilities
purchase of 2 nos refrigerator shmb Hqtrs,900000.0,900000.0,0.0,0.0,0.0,0.0,486,0.32516,0.34314,052110200100,Ebonyi Hospital Management Board,23010112,PURCHASE OF OFFICE FURNITURE AND FITTINGS,70741,PUBLIC HEALTH SERVICES,41110100,ABAKALIKI,04050124000401,Functional health facilities
Renovations of Board members office at the Headquarter,2000000.0,2000000.0,0.0,5000000.0,5000000.0,0.0,486,0.34886,0.36683,052110200100,Ebonyi Hospital Management Board,23030121,REHABILITATION / REPAIRS OF OFFICE BUILDINGS,70741,PUBLIC HEALTH SERVICES,41110100,ABAKALIKI,04050124000201,Functional health facilities
Monitoring and Evaluation of PHC Facilities,20000000.0,20000000.0,0.0,4000000.0,4000000.0,0.0,486,0.37827,0.39624,052110200100,Ebonyi Hospital Management Board,23050103,MONITORING AND EVALUATION,70741,PUBLIC HEALTH SERVICES,41141400,State Wide,04070324000102,"Research and development (Institutional Review Board, Clinical Trials)"
Provision of essential Pharmaceuticals in 171 selected Health Facilities,13500000.0,13500000.0,0.0,0.0,0.0,0.0,486,0.48039,0.49837,052100300100,Ebonyi State Primary Health Care Development Agency,23010122,PURCHASE OF HEALTH / MEDICAL EQUIPMENT,70722,SPECIALIZED MEDICAL SERVICES,41141400,State Wide,04060123001001,Sustainable drug supply
NUT.3.IDH. Procurement of immunization equipments to strengthen routine immunization activities,17000000.0,17000000.0,16000000.0,50000000.0,50000000.0,50000000.0,486,0.5098,0.52778,052100300100,Ebonyi State Primary Health Care Development Agency,23010122,PURCHASE OF HEALTH / MEDICAL EQUIPMENT,70711,PHARMACEUTICAL PRODUCTS,41141400,State Wide,04030223000201,Child health
Conduct bi-annual LID in settlements with high unimmunized to forestall the risk of outbreak of vaccine preventable diseases,0.0,0.0,0.0,8000000.0,8000000.0,0.0,486,0.54575,0.56373,052100300100,Ebonyi State Primary Health Care Development Agency,23010122,PURCHASE OF HEALTH / MEDICAL EQUIPMENT,70741,PUBLIC HEALTH SERVICES,41141400,State Wide,04030223000301,Child health
"NUT.3.IDH. Procurement of Medical equipments to support the conduct of Biannual Maternal, newborn & child health weeks.",0.0,0.0,0.0,200000000.0,200000000.0,200000000.0,486,0.5817,0.59967,052100300100,Ebonyi State Primary Health Care Development Agency,23010122,PURCHASE OF HEALTH / MEDICAL EQUIPMENT,70741,PUBLIC HEALTH SERVICES,41141400,State Wide,04010223000601,Human and institutional capacity performance management
"NUT.3.IDH. Procurment of 1No. Van for vaccine security & cold chain, pushing vaccines from state to LGAs and to health facilities)",0.0,0.0,0.0,45000000.0,45000000.0,45000000.0,486,0.61765,0.63562,052100300100,Ebonyi State Primary Health Care Development Agency,23010106,", 23010106 - PURCHASE OF VANS",70741,PUBLIC HEALTH SERVICES,41141400,State Wide,04020123000201,Community interventions
"Provision of public address system for outreach services, advocacy, communication & social mobilization activities geared towards community sensitizatio, demand creation and service utilization",5000000.0,5000000.0,0.0,60000000.0,60000000.0,0.0,486,0.66585,0.68382,052100300100,Ebonyi State Primary Health Care Development Agency,23010139,PURCHASE OF OTHER FIXED ASSETS,70741,PUBLIC HEALTH SERVICES,41141400,State Wide,04030223000401,Child health
NUT.3. IDH. Procurement of equipment for Baby friendly Initiative services to promote exclusive breast feeding.,2000000.0,2000000.0,0.0,0.0,0.0,0.0,486,0.71324,0.73121,052100300100,Ebonyi State Primary Health Care Development Agency,23010122,PURCHASE OF HEALTH / MEDICAL EQUIPMENT,70741,PUBLIC HEALTH SERVICES,41141400,State Wide,04010223000701,Human and institutional capacity performance management
"Procurement of 10,000 Mama kits containing baby wears and LLINs",10000000.0,10000000.0,0.0,0.0,0.0,0.0,486,0.74918,0.76716,052100300100,Ebonyi State Primary Health Care Development Agency,23010122,PURCHASE OF HEALTH / MEDICAL EQUIPMENT,70741,PUBLIC HEALTH SERVICES,41141400,State Wide,04010223000801,Human and institutional capacity performance management
Procurement of 1000 copies of domesticated task shifting and task sharing policy documents,3000000.0,3000000.0,0.0,0.0,0.0,0.0,486,0.78513,0.8031,052100300100,Ebonyi State Primary Health Care Development Agency,23010122,PURCHASE OF HEALTH / MEDICAL EQUIPMENT,70741,PUBLIC HEALTH SERVICES,41141400,State Wide,04010223000901,Human and institutional capacity performance management
Procurement of medical waste bins in Health facilities.,20000000.0,20000000.0,0.0,0.0,0.0,0.0,486,0.82108,0.83905,052100300100,Ebonyi State Primary Health Care Development Agency,23010122,PURCHASE OF HEALTH / MEDICAL EQUIPMENT,70741,PUBLIC HEALTH SERVICES,41141400,State Wide,04010223001001,Human and institutional capacity performance management
Purchase of 1No. Tricycle for supervision,12000000.0,12000000.0,0.0,0.0,0.0,0.0,486,0.84477,0.86275,052100300100,Ebonyi State Primary Health Care Development Agency,23010139,PURCHASE OF OTHER FIXED ASSETS,70741,PUBLIC HEALTH SERVICES,41141400,State Wide,04030223000501,Child health
Provision of support for the conduct of SPHCDA and LGHA Annual Performance Review,0.0,0.0,0.0,17000000.0,17000000.0,0.0,486,0.86275,0.88072,052100300100,Ebonyi State Primary Health Care Development Agency,23050101,RESEARCH AND DEVELOPMENT,70741,PUBLIC HEALTH SERVICES,41141400,State Wide,04030223000601,Child health
Procurement of minimum Service Package (MSP) pictorial fliers,0.0,0.0,0.0,5000000.0,5000000.0,0.0,486,0.88725,0.90523,052100300100,Ebonyi State Primary Health Care Development Agency,23010124,PURCHASE OF TEACHING / LEARNING AID EQUIPMENT,70741,PUBLIC HEALTH SERVICES,41110100,ABAKALIKI 464,04010423000201,Integrated supportive supervision
Decentralized facility Funding (DFF to PHC),0.0,0.0,0.0,50000000.0,50000000.0,0.0,487,0.09722,0.1152,052100300100,Ebonyi State Primary Health Care Development Agency,23050101,RESEARCH AND DEVELOPMENT,70741,PUBLIC HEALTH SERVICES,41110100,ABAKALIKI,04020123000301,Community interventions
"NUT.3.IDH. Procurement of equipment for Supplemental Immunization (measles, yellow fever, dipheteria, oral polio)",20000000.0,20000000.0,5000000.0,22000000.0,22000000.0,22000000.0,487,0.12745,0.14542,052100300100,Ebonyi State Primary Health Care Development Agency,23010122,PURCHASE OF HEALTH / MEDICAL EQUIPMENT,70741,PUBLIC HEALTH SERVICES,41110100,ABAKALIKI,04070323000501,"Research and development (Institutional Review Board, Clinical Trials)"
Support the development of departmental and PHC level Annual Operational Plan (AOP),3000000.0,3000000.0,0.0,11000000.0,11000000.0,0.0,487,0.15768,0.17565,052100300100,Ebonyi State Primary Health Care Development Agency,23050101,RESEARCH AND DEVELOPMENT,70741,PUBLIC HEALTH SERVICES,41141400,State Wide,04030223000701,Child health
Strengthen commodities supply chain management system for FP,2800000.0,2800000.0,0.0,0.0,0.0,0.0,487,0.18709,0.20507,052100300100,Ebonyi State Primary Health Care Development Agency,23010122,PURCHASE OF HEALTH / MEDICAL EQUIPMENT,70741,PUBLIC HEALTH SERVICES,41110100,ABAKALIKI,04070323000601,"Research and development (Institutional Review Board, Clinical Trials)"
NUT.3. ADVOCACY. Support community Education and sensitization on breastfeeding and appropriate complementary feeding,240000000.0,240000000.0,0.0,0.0,0.0,0.0,487,0.22304,0.24101,052100300100,Ebonyi State Primary Health Care Development Agency,23010119,PURCHASE OF POWER GENERATING SET,70741,PUBLIC HEALTH SERVICES,41110100,ABAKALIKI,04030723000501,Emergency services
Construct waste Disposal Facilities in each of the selected Health facilities in the state,27000000.0,27000000.0,0.0,0.0,0.0,0.0,487,0.25327,0.27124,052100300100,Ebonyi State Primary Health Care Development Agency,23020106,CONSTRUCTION / PROVISION OF HOSPITALS / HEALTH CENTRES,70741,PUBLIC HEALTH SERVICES,41141400,State Wide,04030123000501,"Reproductive, maternal and neonatal health"
Conduct of Operational Research on PHC Leadership and System Strengthning by the Department of PRS,0.0,0.0,0.0,22000000.0,22000000.0,0.0,487,0.28268,0.30065,052100300100,Ebonyi State Primary Health Care Development Agency,23050101,RESEARCH AND DEVELOPMENT,70741,PUBLIC HEALTH SERVICES,41141400,State Wide,04030223000801,Child health
Procurement of ANC and PNC equipment and Commodities to primary health care facilities to provide safe Motherhood and essential ANC and PNC services,0.0,0.0,0.0,150000000.0,150000000.0,0.0,487,0.32516,0.34314,052100300100,Ebonyi State Primary Health Care Development Agency,23010122,PURCHASE OF HEALTH / MEDICAL EQUIPMENT,70741,PUBLIC HEALTH SERVICES,41110100,ABAKALIKI,04030223000901,Child health
"Procurement of 7 numbers of Multi-purpose Metal Bookshelf for SHE, CHIPS and PRS offices",900000.0,900000.0,0.0,6400000.0,6400000.0,0.0,487,0.36683,0.3848,052100300100,Ebonyi State Primary Health Care Development Agency,23010112,PURCHASE OF OFFICE FURNITURE AND FITTINGS,70741,PUBLIC HEALTH SERVICES,41110100,ABAKALIKI,04010423000301,Integrated supportive supervision
Procurement of 5 numbers of All-in-One Coloured Printer,2200000.0,2200000.0,0.0,7500000.0,7500000.0,0.0,487,0.40278,0.42075,052100300100,Ebonyi State Primary Health Care Development Agency,23010114,PURCHASE OF COMPUTER PRINTERS,70741,PUBLIC HEALTH SERVICES,41110100,ABAKALIKI,04070323000701,"Research and development (Institutional Review Board, Clinical Trials)"
"Procurement of 3 numbers of 62"" Ceiling fan for CHIPS and PRS Offices",210000.0,210000.0,0.0,0.0,0.0,0.0,487,0.43219,0.45016,052100300100,Ebonyi State Primary Health Care Development Agency,23010139,PURCHASE OF OTHER FIXED ASSETS,70741,PUBLIC HEALTH SERVICES,41110100,ABAKALIKI,04050323000501,"Facility electrification, water and sanitation"
"Procurement of 21 numbers of Core i7 Laptop Computers for LGA RIOs, and Agency Headquareters for Data Collection and Management",15616000.0,15616000.0,0.0,0.0,0.0,0.0,487,0.46814,0.48611,052100300100,Ebonyi State Primary Health Care Development Agency,23010113,PURCHASE OF COMPUTERS,70741,PUBLIC HEALTH SERVICES,41110100,ABAKALIKI,04030623000201,Nutrition
Purchase of 2 number of Universal 4G Router for Internet Access in the Agency Headquarters,55000.0,55000.0,0.0,2000000.0,2000000.0,0.0,487,0.5098,0.52778,052100300100,Ebonyi State Primary Health Care Development Agency,23050102,COMPUTER SOFTWARE ACQUISITION,70741,PUBLIC HEALTH SERVICES,41110100,ABAKALIKI,04070323000801,"Research and development (Institutional Review Board, Clinical Trials)"
Procurement of 1 number of All-in-One Desktop Computer for Data storage,1350000.0,1350000.0,0.0,0.0,0.0,0.0,487,0.54003,0.55801,052100300100,Ebonyi State Primary Health Care Development Agency,23010113,PURCHASE OF COMPUTERS,70741,PUBLIC HEALTH SERVICES,41110100,ABAKALIKI,04030123000601,"Reproductive, maternal and neonatal health"
Procuremnt of 5 numbers of Projector and Projector Screen,1450000.0,1450000.0,0.0,0.0,0.0,0.0,487,0.57026,0.58824,052100300100,Ebonyi State Primary Health Care Development Agency,23010139,PURCHASE OF OTHER FIXED ASSETS,70741,PUBLIC HEALTH SERVICES,41110100,ABAKALIKI,04010223001101,Human and institutional capacity performance management
Procurement of 15 numbers of CG125 Motorcycles for LGA and State Social Mobilization Officers.,22500000.0,22500000.0,0.0,22500000.0,22500000.0,0.0,487,0.60621,0.62418,052100300100,Ebonyi State Primary Health Care Development Agency,23010104,PURCHASE MOTOR CYCLES,70741,PUBLIC HEALTH SERVICES,41110100,ABAKALIKI,04010223001201,Human and institutional capacity performance management
Procurement of 13 numbers of CG125 Motocycles for LGA RIOs to Facilitate Quality RI Services and Data Generation,19500000.0,19500000.0,0.0,19500000.0,19500000.0,0.0,487,0.64134,0.65931,052100300100,Ebonyi State Primary Health Care Development Agency,23010104,PURCHASE MOTOR CYCLES,70741,PUBLIC HEALTH SERVICES,41141400,State Wide,04010223001301,Human and institutional capacity performance management
Procurement of 250 numbers of CHIPS Agents Bag Pack for CHIPS Activity in Ohaukwu LGA,3750000.0,3750000.0,0.0,0.0,0.0,0.0,487,0.67157,0.68954,052100300100,Ebonyi State Primary Health Care Development Agency,23050103,MONITORING AND EVALUATION,70741,PUBLIC HEALTH SERVICES,41111200,OHAUKWU,04070123000501,Routine information system
"Procurement of 250 numbers of Weather Protective Equipment (Boot, Rraincoat and Umbrella) for CHIPS Agents' Activity in Ohaukwu LGA",5795000.0,5795000.0,0.0,0.0,0.0,0.0,487,0.70752,0.72549,052100300100,Ebonyi State Primary Health Care Development Agency,23050103,MONITORING AND EVALUATION,70741,PUBLIC HEALTH SERVICES,41111200,OHAUKWU,04070123000601,Routine information system
"Production of 4,930 copies of CHIPS Data Tools for CHIPS Activity in Ohaukwu LGA",15445200.0,15445200.0,0.0,0.0,0.0,0.0,487,0.74346,0.76144,052100300100,Ebonyi State Primary Health Care Development Agency,23010122,PURCHASE OF HEALTH / MEDICAL EQUIPMENT,70741,PUBLIC HEALTH SERVICES,41111200,OHAUKWU,04070123000701,Routine information system
Procurement of Health Commodities for CHIPS Agents Service Delivery in Ohaukwu LGA,37435000.0,37435000.0,0.0,0.0,0.0,0.0,487,0.77369,0.79167,052100300100,Ebonyi State Primary Health Care Development Agency,23010122,PURCHASE OF HEALTH / MEDICAL EQUIPMENT,70741,PUBLIC HEALTH SERVICES,41111200,OHAUKWU,04010223001401,Human and institutional capacity performance management
"Procurement of 2,515 numbers of Mama (Delivery) Kits for Women and Child Health Intervention Across 503 PHCs",168750000.0,168750000.0,166000000.0,0.0,0.0,0.0,487,0.80882,0.8268,052100300100,Ebonyi State Primary Health Care Development Agency,23010122,PURCHASE OF HEALTH / MEDICAL EQUIPMENT,70741,PUBLIC HEALTH SERVICES,41141400,State Wide,04010223001501,Human and institutional capacity performance management
"Procurement of 1,300 number of Baby Shower Packs Containing Baby Lotion, Oil, and Soap for Baby Shower Activity Across Non Selected PHCs of the State",9643800.0,9643800.0,0.0,50000000.0,50000000.0,0.0,487,0.85131,0.86928,052100300100,Ebonyi State Primary Health Care Development Agency,23010122,y 23010122 - PURCHASE OF HEALTH / MEDICAL EQUIPMENT,70741,PUBLIC HEALTH SERVICES,41141400,State Wide 465,04010223001601,Human and institutional capacity performance management
"Procurement of Ante Natal Care and Delivery Equipment such as Blood Pressure Apparatus, Examination Couch and Litman Stethoscope (332 numbers for each Item)",43400000.0,43400000.0,0.0,200000000.0,200000000.0,0.0,488,0.10948,0.12745,052100300100,Ebonyi State Primary Health Care Development Agency,23050101,RESEARCH AND DEVELOPMENT,70741,PUBLIC HEALTH SERVICES,41141400,State Wide,04010323000101,Health sector coordination mechanisms
Construction of cold room for Primary Health Care Development Agency,160000000.0,160000000.0,0.0,0.0,0.0,0.0,488,0.14542,0.1634,052100300100,Ebonyi State Primary Health Care Development Agency,23010122,PURCHASE OF HEALTH / MEDICAL EQUIPMENT,70741,PUBLIC HEALTH SERVICES,41141400,State Wide,04010323000201,Health sector coordination mechanisms
"Provision of Alternative Power Source (Solar Power) in 9 selected PHCs, 3 per Senatoral Zone (CCD Project)",18000000.0,18000000.0,0.0,117000000.0,117000000.0,0.0,488,0.17565,0.19363,052100300100,Ebonyi State Primary Health Care Development Agency,23030103,REHABILITATION / REPAIRS - HOUSING,70741,PUBLIC HEALTH SERVICES,41141400,State Wide,04070323000901,"Research and development (Institutional Review Board, Clinical Trials)"
"Construction of Perimeter Fencing in 9 Primary Healthcare Centers, 3 per Senatoral Zone (CCD Project)",27000000.0,27000000.0,0.0,0.0,0.0,0.0,488,0.21078,0.22876,052100300100,Ebonyi State Primary Health Care Development Agency,23020122,CONSTRUCTION OF BOUNDARY PILLARS/ RIGHT OF WAYS,70741,/ 70741 - PUBLIC HEALTH SERVICES,41141400,State Wide,04010323000301,Health sector coordination mechanisms
Procurement of one number Cold Van to Facilitate Effective Vaccine Handling and Distribution,102000000.0,102000000.0,0.0,0.0,0.0,0.0,488,0.24673,0.26471,052100300100,Ebonyi State Primary Health Care Development Agency,23010106,PURCHASE OF VANS,70741,PUBLIC HEALTH SERVICES,41141400,State Wide,04030224000101,Child health
"Procurement of 650 Vials of Hepatitis Vaccines and other Commodities), for Hepatitis Campaign across the 13 LGAs",254000000.0,254000000.0,0.0,0.0,0.0,0.0,488,0.28268,0.30065,052100300100,Ebonyi State Primary Health Care Development Agency,23010122,PURCHASE OF HEALTH / MEDICAL EQUIPMENT,70741,PUBLIC HEALTH SERVICES,41141400,State Wide,04030224000201,Child health
"Rivatilization of 96 Primary Healthcare Centers (PHCs),(IMPACT PHC Revitalization Programme)",7685700000.0,7685700000.0,145995648.0,4000000000.0,4000000000.0,0.0,488,0.31863,0.3366,052100300100,Ebonyi State Primary Health Care Development Agency,23010122,PURCHASE OF HEALTH / MEDICAL EQUIPMENT,70741,PUBLIC HEALTH SERVICES,41141400,State Wide,04030124000101,"Reproductive, maternal and neonatal health"
"Construction of 13 nos Model PHCs (Hospital Buiding, Staff quarters and Security House), one per LGA to support PHC Revitalisation program",0.0,0.0,0.0,2600000000.0,2600000000.0,0.0,488,0.36111,0.37908,052100300100,Ebonyi State Primary Health Care Development Agency,23020106,CONSTRUCTION / PROVISION OF HOSPITALS / HEALTH CENTRES,70741,PUBLIC HEALTH SERVICES,41141400,State Wide,04060124000101,Sustainable drug supply
Procurement of Hospital equipment to 34 selected BEMoNC PHCs,0.0,0.0,0.0,340000000.0,340000000.0,0.0,488,0.39624,0.41422,052100300100,Ebonyi State Primary Health Care Development Agency,23010122,PURCHASE OF HEALTH / MEDICAL EQUIPMENT,70741,PUBLIC HEALTH SERVICES,41141400,State Wide,04050324000101,"Facility electrification, water and sanitation"
Procurement of health commodities for CBHWs program implementation,0.0,0.0,0.0,229000000.0,229000000.0,0.0,488,0.42075,0.43873,052100300100,Ebonyi State Primary Health Care Development Agency,23010122,PURCHASE OF HEALTH / MEDICAL EQUIPMENT,70741,PUBLIC HEALTH SERVICES,41141400,State Wide,04050124000901,Functional health facilities
Procurement of weather protective equipments for climatic resilience.,0.0,0.0,0.0,103000000.0,103000000.0,0.0,488,0.44444,0.46242,052100300100,Ebonyi State Primary Health Care Development Agency,23010128,PURCHASE OF SECURITY EQUIPMENT,70741,PUBLIC HEALTH SERVICES,41141400,State Wide,04060124000201,Sustainable drug supply
Support the conduct of Integrated Supportive Supervision at 171 PHCs,0.0,0.0,0.0,33000000.0,33000000.0,0.0,488,0.46814,0.48611,052100300100,Ebonyi State Primary Health Care Development Agency,23050101,RESEARCH AND DEVELOPMENT,70741,PUBLIC HEALTH SERVICES,41141400,State Wide,04060124000301,Sustainable drug supply
Procurement of 171 nos 8gb Tablets for PHC digital health program implementation,0.0,0.0,0.0,51300000.0,51300000.0,0.0,488,0.49265,0.51062,052100300100,Ebonyi State Primary Health Care Development Agency,23010113,PURCHASE OF COMPUTERS,70741,PUBLIC HEALTH SERVICES,41141400,State Wide,04050124001001,Functional health facilities
Construction of 2 nos Agency Sign post,0.0,0.0,0.0,1000000.0,1000000.0,0.0,488,0.51634,0.53431,052100300100,Ebonyi State Primary Health Care Development Agency,23020118,CONSTRUCTION / PROVISION OF INFRASTRUCTURE,70741,PUBLIC HEALTH SERVICES,41141400,State Wide,04050124001101,Functional health facilities
Purchase and installation of 4 MRI Machine,5700000000.0,5700000000.0,0.0,0.0,0.0,0.0,488,0.54003,0.55801,052100300100,Ebonyi State Primary Health Care Development Agency,23010122,PURCHASE OF HEALTH / MEDICAL EQUIPMENT,70741,PUBLIC HEALTH SERVICES,41141400,State Wide,04050124001201,Functional health facilities
Provision of Decentalized Facility Funding (DFF) to 171 PHCs for Facaility Upgrade and Maintainance (BHCPF Project),205713000.0,205713000.0,0.0,0.0,0.0,0.0,488,0.57026,0.58824,052100300100,Ebonyi State Primary Health Care Development Agency,23050102,COMPUTER SOFTWARE ACQUISITION,70741,PUBLIC HEALTH SERVICES,41110100,ABAKALIKI,04050125001201,Functional health facilities
Establishment of Hepatitis Screening Center in the State Ministry of Health Complex,200000000.0,200000000.0,0.0,0.0,0.0,0.0,488,0.60621,0.62418,052100300100,Ebonyi State Primary Health Care Development Agency,23020106,CONSTRUCTION / PROVISION OF HOSPITALS / HEALTH CENTRES,70741,PUBLIC HEALTH SERVICES,41110100,ABAKALIKI,04070325000501,"Research and development (Institutional Review Board, Clinical Trials)"
Capitation payment for PHCs,25000000.0,155000000.0,0.0,0.0,0.0,0.0,488,0.68954,0.70752,052100200100,Ebonyi State Health Insurance Agency,23050101,RESEARCH AND DEVELOPMENT,70724,PARAMEDICAL SERVICES,41141400,State Wide,07100124000500,Gender - General
Capacity Building for EBSHIA Board members,0.0,0.0,0.0,25000000.0,25000000.0,0.0,488,0.7018,0.71977,052100200100,Ebonyi State Health Insurance Agency,23050101,RESEARCH AND DEVELOPMENT,70724,PARAMEDICAL SERVICES,41141400,State Wide,07100124000600,Gender - General
"Purchase and installation of 1No, 100KVA perkins generator",25000000.0,25000000.0,0.0,0.0,0.0,0.0,488,0.71977,0.73775,052100200100,Ebonyi State Health Insurance Agency,23010119,PURCHASE OF POWER GENERATING SET,70133,OTHER GENERAL SERVICES,41141400,State Wide,07100124000700,Gender - General
Purchase/ installation of RFID card reader/writer,5000000.0,5000000.0,0.0,0.0,0.0,0.0,488,0.74918,0.76716,052100200100,Ebonyi State Health Insurance Agency,23010139,PURCHASE OF OTHER FIXED ASSETS,70133,OTHER GENERAL SERVICES,41141400,State Wide,04090224001104,Mobilising employers’ contributions to the State Social Health Insurance Scheme
Purchase of 2No. 240 litre waste bin,1000000.0,1000000.0,0.0,0.0,0.0,0.0,488,0.78513,0.8031,052100200100,Ebonyi State Health Insurance Agency,23010139,PURCHASE OF OTHER FIXED ASSETS,70133,OTHER GENERAL SERVICES,41110100,ABAKALIKI,04090224001204,Mobilising employers’ contributions to the State Social Health Insurance Scheme
State equity fund 0.5% of CRF (Primary Service and Secondary Service),50000000.0,50000000.0,103940166.17,400000000.0,400000000.0,0.0,488,0.82108,0.83905,052100200100,Ebonyi State Health Insurance Agency,23050101,RESEARCH AND DEVELOPMENT,70741,PUBLIC HEALTH SERVICES,41141400,State Wide,04090124000104,Mobilising equity contributions and vulnerable group funds
State Government Counterpart Fund (Primary and secondary service to BHCPF),50000000.0,50000000.0,147481218.0,400000000.0,400000000.0,0.0,488,0.85703,0.875,052100200100,Ebonyi State Health Insurance Agency,23050101,RESEARCH AND DEVELOPMENT,70722,SPECIALIZED MEDICAL SERVICES,41141400,State Wide 466,04090224000104,Mobilising employers’ contributions to the State Social Health Insurance Scheme
"Full automation of EBSHIA ICT (data bank internet facility and EQUIPMENT, ETC.)",24000000.0,24000000.0,0.0,30000000.0,30000000.0,0.0,489,0.10376,0.12173,052100200100,Ebonyi State Health Insurance Agency,23050101,RESEARCH AND DEVELOPMENT,70761,HEALTH N.E.C.,41141400,State Wide,04010224000104,Human and institutional capacity performance management
Establishment of enrollee's registration centres in the 13 LGAs,20000000.0,20000000.0,0.0,25000000.0,25000000.0,0.0,489,0.13971,0.15768,052100200100,Ebonyi State Health Insurance Agency,23050101,RESEARCH AND DEVELOPMENT,70721,GENERAL MEDICAL SERVICES,41141400,State Wide,04090224000204,Mobilising employers’ contributions to the State Social Health Insurance Scheme
Production and printing of NHIA - BHCPF Monitoring and Evaluation Data reporting tools,10000000.0,10000000.0,0.0,15000000.0,15000000.0,0.0,489,0.16912,0.18709,052100200100,Ebonyi State Health Insurance Agency,23050101,RESEARCH AND DEVELOPMENT,70724,PARAMEDICAL SERVICES,41141400,State Wide,04070424000104,Monitoring and Evaluation (M&E)
Monitoring and Evaluation/Quality Assurance Assessmentand Data collection tools,0.0,0.0,0.0,10000000.0,10000000.0,0.0,489,0.19363,0.2116,052100200100,Ebonyi State Health Insurance Agency,23050103,MONITORING AND EVALUATION,70724,PARAMEDICAL SERVICES,41141400,State Wide,04070424000204,Monitoring and Evaluation (M&E)
Procurement of health insurance documents,7000000.0,7000000.0,0.0,10000000.0,10000000.0,0.0,489,0.21732,0.23529,052100200100,Ebonyi State Health Insurance Agency,23010139,PURCHASE OF OTHER FIXED ASSETS,70724,PARAMEDICAL SERVICES,41141400,State Wide,04070424000304,Monitoring and Evaluation (M&E)
Procurement of equipment for enrolment Officers s,0.0,0.0,0.0,10000000.0,10000000.0,0.0,489,0.25327,0.27124,052100200100,Ebonyi State Health Insurance Agency,23010139,PURCHASE OF OTHER FIXED ASSETS,70724,PARAMEDICAL SERVICES,41141400,State Wide,04010124000104,"Legal, policy, regulations and standards, guidelines and protocols development and reviews"
Purchase of 4 Nos 1.5 Hisense Air Conditioners,2000000.0,2000000.0,0.0,3000000.0,3000000.0,0.0,489,0.29493,0.31291,052100200100,Ebonyi State Health Insurance Agency,23010139,PURCHASE OF OTHER FIXED ASSETS,70133,OTHER GENERAL SERVICES,41110100,ABAKALIKI,04090224000304,Mobilising employers’ contributions to the State Social Health Insurance Scheme
Production of plastic ID Cards,0.0,0.0,0.0,10000000.0,10000000.0,0.0,489,0.32516,0.34314,052100200100,Ebonyi State Health Insurance Agency,23050101,RESEARCH AND DEVELOPMENT,70741,PUBLIC HEALTH SERVICES,41141400,State Wide,04050124000104,Functional health facilities
Purchase of 10 printers and 2 Photocopies,10000000.0,10000000.0,2538000.0,0.0,0.0,0.0,489,0.35458,0.37255,052100200100,Ebonyi State Health Insurance Agency,23010114,PURCHASE OF COMPUTER PRINTERS,70133,OTHER GENERAL SERVICES,41110100,ABAKALIKI,04090224000404,Mobilising employers’ contributions to the State Social Health Insurance Scheme
Upgrading of Solar System,0.0,0.0,2538000.0,0.0,0.0,0.0,489,0.39052,0.4085,052100200100,Ebonyi State Health Insurance Agency,23020103,CONSTRUCTION / PROVISION OF ELECTRICITY,70761,HEALTH N.E.C.,41110100,ABAKALIKI,04090224000504,Mobilising employers’ contributions to the State Social Health Insurance Scheme
Review of guideline in line with sector wide approach of renewed hope initiative by consultants,25000000.0,25000000.0,0.0,10000000.0,10000000.0,0.0,489,0.42647,0.44444,052100200100,Ebonyi State Health Insurance Agency,23050101,RESEARCH AND DEVELOPMENT,70724,PARAMEDICAL SERVICES,41141400,State Wide,04090224000604,Mobilising employers’ contributions to the State Social Health Insurance Scheme
Ebonyi State Health Insurance 2 years strategic blue print,20000000.0,20000000.0,0.0,15000000.0,15000000.0,0.0,489,0.46242,0.48039,052100200100,Ebonyi State Health Insurance Agency,23050101,RESEARCH AND DEVELOPMENT,70761,HEALTH N.E.C.,41141400,State Wide,04090224000704,Mobilising employers’ contributions to the State Social Health Insurance Scheme
Research and Publication in BHCPF,20000000.0,20000000.0,0.0,15000000.0,15000000.0,0.0,489,0.49837,0.51634,052100200100,Ebonyi State Health Insurance Agency,23030121,REHABILITATION / REPAIRS OF OFFICE BUILDINGS,70751,R & D HEALTH,41141400,State Wide,04070325000204,"Research and development (Institutional Review Board, Clinical Trials)"
Purchase of 2No.Photocoying machines,5000000.0,5000000.0,0.0,0.0,0.0,0.0,489,0.53431,0.55229,052100200100,Ebonyi State Health Insurance Agency,23010115,PURCHASE OF PHOTOCOPYING MACHINES,70761,HEALTH N.E.C.,41110100,ABAKALIKI,04090225000204,Mobilising employers’ contributions to the State Social Health Insurance Scheme
Production of IEC Materials,15000000.0,15000000.0,700000.0,10000000.0,10000000.0,0.0,489,0.57026,0.58824,052100200100,Ebonyi State Health Insurance Agency,23050101,RESEARCH AND DEVELOPMENT,70741,PUBLIC HEALTH SERVICES,41141400,State Wide,04090225000304,Mobilising employers’ contributions to the State Social Health Insurance Scheme
Consultancy Services,20000000.0,20000000.0,1200000.0,0.0,0.0,0.0,489,0.60621,0.62418,052100200100,Ebonyi State Health Insurance Agency,23050101,RESEARCH AND DEVELOPMENT,70761,HEALTH N.E.C.,41141400,State Wide,04090225000404,Mobilising employers’ contributions to the State Social Health Insurance Scheme
purchase of AI engine model and customer service for EBSHIA operatioin,40000000.0,40000000.0,0.0,20000000.0,20000000.0,0.0,489,0.64134,0.65931,052100200100,Ebonyi State Health Insurance Agency,23010139,PURCHASE OF OTHER FIXED ASSETS,70761,HEALTH N.E.C.,41141400,State Wide,04070325000304,"Research and development (Institutional Review Board, Clinical Trials)"
Purchase of office furnitures and fittings,25000000.0,25000000.0,5440150.0,0.0,0.0,0.0,489,0.67729,0.69526,052100200100,Ebonyi State Health Insurance Agency,23010112,PURCHASE OF OFFICE FURNITURE AND FITTINGS,70761,HEALTH N.E.C.,41110100,ABAKALIKI,04010225000104,Human and institutional capacity performance management
Procurement of Accounts books,0.0,0.0,0.0,5000000.0,5000000.0,0.0,489,0.71324,0.73121,052100200100,Ebonyi State Health Insurance Agency,23010125,PURCHASE OF LIBRARY BOOKS & EQUIPMENT,70724,PARAMEDICAL SERVICES,41110100,ABAKALIKI,04010225000204,Human and institutional capacity performance management
Purchase of Data collection tools for BHCPF - NHIA gateway,11000000.0,11000000.0,0.0,30000000.0,30000000.0,0.0,489,0.74918,0.76716,052100200100,Ebonyi State Health Insurance Agency,23050102,COMPUTER SOFTWARE ACQUISITION,70761,HEALTH N.E.C.,41141400,State Wide,04010225000304,Human and institutional capacity performance management
Purchase of 1No. pick up van,15000000.0,15000000.0,0.0,0.0,0.0,0.0,489,0.78513,0.8031,052100200100,Ebonyi State Health Insurance Agency,23010106,PURCHASE OF VANS,70761,HEALTH N.E.C.,41110100,ABAKALIKI,04010225000404,Human and institutional capacity performance management
Purchase of 1No. official vehicle for the executive secretary,30000000.0,30000000.0,0.0,0.0,0.0,0.0,489,0.82108,0.83905,052100200100,Ebonyi State Health Insurance Agency,23010105,PURCHASE OF MOTOR VEHICLES,70761,HEALTH N.E.C.,41110100,ABAKALIKI,04090225000504,Mobilising employers’ contributions to the State Social Health Insurance Scheme
Development of customer service and Chatbot model,15000000.0,15000000.0,0.0,0.0,0.0,0.0,489,0.85703,0.875,052100200100,Ebonyi State Health Insurance Agency,23050102,COMPUTER SOFTWARE ACQUISITION,70724,PARAMEDICAL SERVICES,41141400,State Wide 467,04070325000404,"Research and development (Institutional Review Board, Clinical Trials)"
Acquisition of sage accounting software,5000000.0,5000000.0,0.0,0.0,0.0,0.0,490,0.10376,0.12173,052100200100,Ebonyi State Health Insurance Agency,23050102,COMPUTER SOFTWARE ACQUISITION,70724,PARAMEDICAL SERVICES,41141400,State Wide,04090225000604,Mobilising employers’ contributions to the State Social Health Insurance Scheme
Capitation payment for SHCs,25000000.0,125000000.0,0.0,0.0,0.0,0.0,490,0.13971,0.15768,052100200100,Ebonyi State Health Insurance Agency,23050101,RESEARCH AND DEVELOPMENT,70724,PARAMEDICAL SERVICES,41141400,State Wide,04090224000904,Mobilising employers’ contributions to the State Social Health Insurance Scheme
NUT.1.HRN. Establishment of Food and Nutrition units in line Ministries,0.0,0.0,0.0,20000000.0,20000000.0,20000000.0,490,0.24101,0.25899,052111500100,Ebonyi State Committee on Food and Nutrition,23050101,RESEARCH AND DEVELOPMENT,70761,HEALTH N.E.C.,41110100,ABAKALIKI,04030625000304,Nutrition
NUT.1.FNS. Purchase of IEC equipments for Food and Nutrition Information on avaliability of Local foods with high nutritional values,0.0,0.0,0.0,10000000.0,10000000.0,10000000.0,490,0.27124,0.28922,052111500100,Ebonyi State Committee on Food and Nutrition,23010139,PURCHASE OF OTHER FIXED ASSETS,70761,HEALTH N.E.C.,41141400,State Wide,04030625000304,Nutrition
NUT.5. RESEARCH. Establishment of State Committee on Food and Nutrition Secretariat (SCFN),0.0,0.0,0.0,10000000.0,10000000.0,10000000.0,490,0.30719,0.32516,052111500100,Ebonyi State Committee on Food and Nutrition,23010112,PURCHASE OF OFFICE FURNITURE AND FITTINGS,70761,HEALTH N.E.C.,41110100,ABAKALIKI,04030625000304,Nutrition
NUT.1.HRN. Establishment of SCFN and Community members on food fortification Unit,0.0,0.0,0.0,10000000.0,10000000.0,10000000.0,490,0.34232,0.36029,052111500100,Ebonyi State Committee on Food and Nutrition,23050101,d 23050101 - RESEARCH AND DEVELOPMENT,70761,HEALTH N.E.C.,41110100,ABAKALIKI,04030625000304,Nutrition
NUT.4.ME. Monitoring and Evaluation of Nutrition projects in the State,0.0,0.0,0.0,5000000.0,5000000.0,5000000.0,490,0.37255,0.39052,052111500100,Ebonyi State Committee on Food and Nutrition,23050103,MONITORING AND EVALUATION,70761,HEALTH N.E.C.,41141400,State Wide,04030625000304,Nutrition
NUT.1. MIYCN. Purchase of 1no Hiace Bus for distribution of Ready to Use Therapeautic Food (RUTF) and Micro-Nutrient Powder (MNP) in the state,200000000.0,200000000.0,0.0,50000000.0,50000000.0,50000000.0,490,0.4085,0.42647,052111500100,Ebonyi State Committee on Food and Nutrition,23010108,o 23010108 - PURCHASE OF BUSES,70761,HEALTH N.E.C.,41141400,State Wide,04030625000304,Nutrition
NUT.1.COORDINATION. Coordination of implemented Nutrition projects in the State,0.0,0.0,0.0,5000000.0,5000000.0,5000000.0,490,0.44444,0.46242,052111500100,Ebonyi State Committee on Food and Nutrition,23050101,RESEARCH AND DEVELOPMENT,70761,HEALTH N.E.C.,41141400,State Wide,04030625000304,Nutrition
Procurement of Medical Equipment to Strengthen Drug Revolving Fund (DRF) Scheme in Ebonyi State,250000000.0,250000000.0,0.0,250000000.0,250000000.0,0.0,490,0.54575,0.56373,052111800100,Ebonyi State Drugs and Medical Commodities Management Agency,23010122,PURCHASE OF HEALTH / MEDICAL EQUIPMENT,70741,PUBLIC HEALTH SERVICES,41141400,State Wide,04060125000104,Sustainable drug supply
procurment of 3Nos dispatch power Bike,0.0,0.0,0.0,15000000.0,15000000.0,0.0,490,0.57598,0.59395,052111800100,Ebonyi State Drugs and Medical Commodities Management Agency,23010104,PURCHASE MOTOR CYCLES,70741,PUBLIC HEALTH SERVICES,41110100,ABAKALIKI,04060125000104,Sustainable drug supply
"Direct labour for clearing of grasses, waste evacuation, trimming of flowers/clearing of road drains and verges in varous 18 environmental zones in Ebonyi State Capital",520000000.0,520000000.0,164800000.0,552000000.0,552000000.0,0.0,490,0.67157,0.68954,053500100100,Ministry of Environment,23040101,TREE PLANTING,70561,ENVIRONMENTAL PROTECTION N.E.C.,41141400,State Wide,09100123000200,Environmental Improvement - General
"Massive tree-planting across various strategic parts of Ebonyi state (Ishieke Forest reserve, Okpoto, Unwana)",15000000.0,15000000.0,0.0,40000000.0,40000000.0,0.0,490,0.71324,0.73121,053500100100,Ministry of Environment,23040104,INDUSTRIAL POLLUTION PREVENTION & CONTROL,70561,ENVIRONMENTAL PROTECTION N.E.C.,41110100,ABAKALIKI,09100123000300,Environmental Improvement - General
Special Intervention in waste dead body disposal/evacuation across various parts of the state,5000000.0,5000000.0,0.0,5000000.0,5000000.0,0.0,490,0.74918,0.76716,053500100100,Ministry of Environment,23040105,WATER POLLUTION PREVENTION & CONTROL,70561,ENVIRONMENTAL PROTECTION N.E.C.,41141400,State Wide,09100123000400,Environmental Improvement - General
Rehabilitation of Refuse final-dump site at Ezza Umuogharu-Ebonyi State,20000000.0,20000000.0,16796000.0,40000000.0,40000000.0,0.0,490,0.77941,0.79739,053500100100,Ministry of Environment,23040104,INDUSTRIAL POLLUTION PREVENTION & CONTROL,70561,ENVIRONMENTAL PROTECTION N.E.C.,41141400,State Wide,09100123000500,Environmental Improvement - General
Completion and running of waste to wealth pulverization plant,90000000.0,90000000.0,15000000.0,95000000.0,95000000.0,0.0,490,0.8031,0.82108,053500100100,Ministry of Environment,23040104,INDUSTRIAL POLLUTION PREVENTION & CONTROL,70561,ENVIRONMENTAL PROTECTION N.E.C.,41120500,EZZA,09100123000600,Environmental Improvement - General
"Ebonyi Green School Orchard Project in all the Modern Schools in Ebonyi state (Ugwu Achara Girls Sec. Sch, GTC, Govt. Grils Tec. College Agba)",5000000.0,5000000.0,0.0,60000000.0,60000000.0,0.0,490,0.83905,0.85703,053500100100,Ministry of Environment,23040101,TREE PLANTING,70561,ENVIRONMENTAL PROTECTION N.E.C.,41110100,ABAKALIKI 468,09100123000700,Environmental Improvement - General
Special environmental intervention on tropical environmental diseases in Ebonyi state through: (a) provision of 50 Nos body bags/chlorine bags for carcas fumigation (b) Purchase of 10Nos Motorized Knapsac Sprayers,3000000.0,3000000.0,0.0,5500000.0,5500000.0,0.0,491,0.12173,0.13971,053500100100,Ministry of Environment,23050101,RESEARCH AND DEVELOPMENT,70561,ENVIRONMENTAL PROTECTION N.E.C.,41110100,ABAKALIKI,09100123000800,Environmental Improvement - General
ecological base-line study of all erosion-prone sites across the three geo-political zones in Ebonyi state,2000000.0,2000000.0,0.0,5000000.0,5000000.0,0.0,491,0.17565,0.19363,053500100100,Ministry of Environment,23050101,RESEARCH AND DEVELOPMENT,70561,ENVIRONMENTAL PROTECTION N.E.C.,41110100,ABAKALIKI,09100123000900,Environmental Improvement - General
Purchase of 3nos equipment for Gas monitoring & water analysis,0.0,0.0,0.0,6000000.0,6000000.0,0.0,491,0.20507,0.22304,053500100100,Ministry of Environment,23010129,PURCHASE OF INDUSTRIAL EQUIPMENT,70561,ENVIRONMENTAL PROTECTION N.E.C.,41141400,State Wide,09100123001000,Environmental Improvement - General
"Rehabilitation of 11. Nos Forest Reseve Centres in Ebonyi State (Ishieke forest Reserve, Okpoto, Unwana ururo)",5000000.0,5000000.0,0.0,6000000.0,6000000.0,0.0,491,0.23529,0.25327,053500100100,Ministry of Environment,23040101,TREE PLANTING,70561,ENVIRONMENTAL PROTECTION N.E.C.,41110100,ABAKALIKI,09100124000100,Environmental Improvement - General
Procurement of Refuse Beam Box,0.0,0.0,0.0,700000000.0,700000000.0,0.0,491,0.26471,0.28268,053500100100,Ministry of Environment,23010119,PURCHASE OF POWER GENERATING SET,70561,ENVIRONMENTAL PROTECTION N.E.C.,41141400,State Wide,09100124000200,Environmental Improvement - General
"Procurement of 30Nos Biogas Plant and its accessories, 10 per each senotorial zone at the cost of N500,000.00 each for climate change adaptation",0.0,0.0,0.0,15000000.0,15000000.0,0.0,491,0.30065,0.31863,053500100100,Ministry of Environment,23010119,PURCHASE OF POWER GENERATING SET,70561,ENVIRONMENTAL PROTECTION N.E.C.,41110100,ABAKALIKI,09100125000100,Environmental Improvement - General
Procurement of Polyethylene terephthalate (PET Bottles) recycling machine,0.0,0.0,0.0,105000000.0,105000000.0,0.0,491,0.3366,0.35458,053500100100,Ministry of Environment,23010139,PURCHASE OF OTHER FIXED ASSETS,70561,ENVIRONMENTAL PROTECTION N.E.C.,41110100,ABAKALIKI,09100125000200,Environmental Improvement - General
"Construction/provision of 100 Nos Dumpstars in 18 environmental zones within Ebonyi State Capital (10 Dumpstars per Zone)., each Dumpstar @ N645,000.00",0.0,0.0,0.0,64500000.0,64500000.0,0.0,491,0.37255,0.39052,053500100100,Ministry of Environment,23020118,CONSTRUCTION / PROVISION OF INFRASTRUCTURE,70561,ENVIRONMENTAL PROTECTION N.E.C.,41141400,State Wide,09100125000300,Environmental Improvement - General
Procurement of 1No. Sweeper Truck,0.0,0.0,0.0,300000000.0,300000000.0,0.0,491,0.4085,0.42647,053500100100,Ministry of Environment,23010107,PURCHASE OF TRUCKS,70561,ENVIRONMENTAL PROTECTION N.E.C.,41110100,ABAKALIKI,09100125000400,Environmental Improvement - General
Purchase of 2 No Power Generators l,2500000.0,2500000.0,0.0,0.0,0.0,0.0,491,0.5098,0.52778,055100100100,Ministry of Local Government and Chieftaincy Matters,23010119,PURCHASE OF POWER GENERATING SET,70621,COMMUNITY DEVELOPMENT,41110100,ABAKALIKI,13100123013800,Reform of Government and Governance - General
Construction of Ebonyi State Traditional Rulers Council Hall l,7500000.0,7500000.0,5000000.0,2000000000.0,2000000000.0,0.0,491,0.54575,0.56373,055100100100,Ministry of Local Government and Chieftaincy Matters,23020101,CONSTRUCTION / PROVISION OF OFFICE BUILDINGS,70621,COMMUNITY DEVELOPMENT,41110100,ABAKALIKI,13100123013900,Reform of Government and Governance - General
Reconstruction of Collapsed Sucker away Pit l,0.0,0.0,0.0,1500000.0,1500000.0,0.0,491,0.5817,0.59967,055100100100,Ministry of Local Government and Chieftaincy Matters,23020118,CONSTRUCTION / PROVISION OF INFRASTRUCTURE,70621,COMMUNITY DEVELOPMENT,41110100,ABAKALIKI,13100123014000,Reform of Government and Governance - General
Construction of Senate Building in ICT University,0.0,0.0,0.0,5575000000.0,5575000000.0,0.0,491,0.67729,0.69526,057700100100,Ministry of Tertiary Education,23020107,CONSTRUCTION / PROVISION OF PUBLIC SCHOOLS,70942,SECOND STAGE OF TERTIARY EDUCATION,41111000,IZZI,05010224000200,Human and institutional capacity performance management
Completion of Buildings in ICT and Aeronautice Universities,0.0,0.0,0.0,28000000000.0,28000000000.0,0.0,491,0.71324,0.73121,057700100100,Ministry of Tertiary Education,23020107,CONSTRUCTION / PROVISION OF PUBLIC SCHOOLS,70942,SECOND STAGE OF TERTIARY EDUCATION,41111000,IZZI,05010224000300,Human and institutional capacity performance management
Furnishing of 500nos Students tables and chairs for the ICT University,0.0,0.0,0.0,3000000000.0,3000000000.0,0.0,491,0.74918,0.76716,057700100100,Ministry of Tertiary Education,23010112,PURCHASE OF OFFICE FURNITURE AND y FITTINGS,70942,SECOND STAGE OF TERTIARY EDUCATION,41111000,IZZI,05010224000600,Human and institutional capacity performance management
"Development of Basic (ICT), graphic design and digital content creation for Students",0.0,0.0,0.0,20000000.0,20000000.0,0.0,491,0.78513,0.8031,057700100100,Ministry of Tertiary Education,23050101,RESEARCH AND DEVELOPMENT,70942,SECOND STAGE OF TERTIARY EDUCATION,41110100,ABAKALIKI,05010224000700,Human and institutional capacity performance management
Landscaping and constrution of internal roads in ICT University,0.0,0.0,0.0,4000000000.0,4000000000.0,0.0,491,0.82108,0.83905,057700100100,Ministry of Tertiary Education,23020114,CONSTRUCTION / PROVISION OF ROADS,70942,SECOND STAGE OF TERTIARY EDUCATION,41111000,IZZI,05010224000800,Human and institutional capacity performance management
Purchase of 1No.10KVA FIRMAN Power Generating Set,2000000.0,2000000.0,0.0,0.0,0.0,0.0,491,0.85703,0.875,057700100100,Ministry of Tertiary Education,23010119,PURCHASE OF POWER GENERATING SET,70942,SECOND STAGE OF TERTIARY EDUCATION,41110100,ABAKALIKI 469,05010224000900,Human and institutional capacity performance management
Furnishing of 500nos students tables and chairs for the Aeronautic University,0.0,0.0,0.0,4000000000.0,4000000000.0,0.0,492,0.10376,0.12173,057700100100,Ministry of Tertiary Education,23010112,PURCHASE OF OFFICE FURNITURE AND FITTINGS,70942,SECOND STAGE OF TERTIARY EDUCATION,41120600,EZZA SOUTH,05010224001000,Human and institutional capacity performance management
Landscaping and constrution of internal roads in Aeronautic University,0.0,0.0,0.0,3000000000.0,3000000000.0,0.0,492,0.13971,0.15768,057700100100,Ministry of Tertiary Education,23020114,CONSTRUCTION / PROVISION OF ROADS,70942,SECOND STAGE OF TERTIARY EDUCATION,41120600,EZZA SOUTH,05010224001100,Human and institutional capacity performance management
"Purchase of 4Nos Ceiling Fans for office of the Admin, PRS, Accounts, Cashier and General Office",400000.0,400000.0,0.0,0.0,0.0,0.0,492,0.17565,0.19363,057700100100,Ministry of Tertiary Education,23010139,", 23010139 - PURCHASE OF OTHER FIXED ASSETS",70942,SECOND STAGE OF TERTIARY EDUCATION,41110100,ABAKALIKI,05010224001200,Human and institutional capacity performance management
Purchase of 1No. Fire Proof steel Safe for Accounts Department,0.0,0.0,0.0,1000000.0,1000000.0,0.0,492,0.20507,0.22304,057700100100,Ministry of Tertiary Education,23010139,PURCHASE OF OTHER FIXED ASSETS,70942,SECOND STAGE OF TERTIARY EDUCATION,41110100,ABAKALIKI,05010424000100,Integrated supportive supervision
"Purchase of 3No. Steel Cabinets for the offices of PRS, Admin, and Cashier",600000.0,600000.0,0.0,0.0,0.0,0.0,492,0.23529,0.25327,057700100100,Ministry of Tertiary Education,23010139,PURCHASE OF OTHER FIXED ASSETS,70942,SECOND STAGE OF TERTIARY EDUCATION,41110100,ABAKALIKI,05010224001300,Human and institutional capacity performance management
Construction of faculties in ICT University,0.0,0.0,0.0,17000000000.0,17000000000.0,0.0,492,0.26471,0.28268,057700100100,Ministry of Tertiary Education,23050101,RESEARCH AND DEVELOPMENT,70942,SECOND STAGE OF TERTIARY EDUCATION,41110100,ABAKALIKI,05010324000100,Education sector coordination mechanisms
Development of Ebonyi State Higher learning and Industries Collaboration,10000000.0,10000000.0,0.0,100000000.0,100000000.0,0.0,492,0.28922,0.30719,057700100100,Ministry of Tertiary Education,23050101,RESEARCH AND DEVELOPMENT,70942,SECOND STAGE OF TERTIARY EDUCATION,41110100,ABAKALIKI,05040424000100,Curriculum review and development
Development of Online Learning platform and digital skills,17500000.0,17500000.0,0.0,0.0,0.0,0.0,492,0.31863,0.3366,057700100100,Ministry of Tertiary Education,23050101,RESEARCH AND DEVELOPMENT,70942,SECOND STAGE OF TERTIARY EDUCATION,41110100,ABAKALIKI,05010224001400,Human and institutional capacity performance management
"Purchase of 5 No. UPS for the Offices of the Hon.Comm. PS, Admin ,PRS & Accts",750000.0,750000.0,0.0,0.0,0.0,0.0,492,0.35458,0.37255,057700100100,Ministry of Tertiary Education,23010139,PURCHASE OF OTHER FIXED ASSETS,70942,SECOND STAGE OF TERTIARY EDUCATION,41110100,ABAKALIKI,05010224001300,Human and institutional capacity performance management
Monitoring and Evaluation of Tertiary Institutions Projects,0.0,0.0,0.0,1000000000.0,1000000000.0,0.0,492,0.3848,0.40278,057700100100,Ministry of Tertiary Education,23050104,ANNIVERSARIES/CELEBRATIONS,70942,SECOND STAGE OF TERTIARY EDUCATION,41111000,IZZI,05010324000100,Education sector coordination mechanisms
Construction of Other Ancilary works,0.0,0.0,0.0,2000000000.0,2000000000.0,0.0,492,0.4085,0.42647,057700100100,Ministry of Tertiary Education,23020107,CONSTRUCTION / PROVISION OF PUBLIC SCHOOLS,70942,SECOND STAGE OF TERTIARY EDUCATION,41111000,IZZI,05040424000100,Curriculum review and development
Completion of the ICT University Buildings,0.0,0.0,0.0,11000000000.0,11000000000.0,0.0,492,0.43873,0.4567,057700100100,Ministry of Tertiary Education,23020107,CONSTRUCTION / PROVISION OF PUBLIC SCHOOLS,70942,SECOND STAGE OF TERTIARY EDUCATION,41120600,EZZA SOUTH,05010224001400,Human and institutional capacity performance management
Construction of Internal Roads within the college,55000000.0,55000000.0,0.0,1300000000.0,1300000000.0,0.0,492,0.53431,0.55229,057701900100,"Ebonyi State College of Education, Ikwo",23020114,CONSTRUCTION / PROVISION OF ROADS,70941,FIRST STAGE OF TERTIARY EDUCATION,41120700,IKWO,05050124000200,Schools’ infrastructure construction and rehabilitation
"Procurement of 2 no Hilux van,4 no Prado jeeps",32000000.0,32000000.0,0.0,0.0,0.0,0.0,492,0.57026,0.58824,057701900100,"Ebonyi State College of Education, Ikwo",23010105,PURCHASE OF MOTOR VEHICLES,70941,FIRST STAGE OF TERTIARY EDUCATION,41120700,IKWO,05050124000300,Schools’ infrastructure construction and rehabilitation
Construction of College Pavillion,13000000.0,13000000.0,0.0,0.0,0.0,0.0,492,0.59967,0.61765,057701900100,"Ebonyi State College of Education, Ikwo",23020104,CONSTRUCTION / PROVISION OF HOUSING,70941,FIRST STAGE OF TERTIARY EDUCATION,41120700,IKWO,05050224000300,Furnishing
Construction of Internal Roads,0.0,0.0,0.0,0.0,0.0,0.0,492,0.68954,0.70752,057702100100,Ebonyi State University,23020114,CONSTRUCTION / PROVISION OF ROADS,70941,FIRST STAGE OF TERTIARY EDUCATION,41110400,EBONYI,05050124001500,Schools’ infrastructure construction and rehabilitation
Construction of Sports Complex at Permanent site (TETFUND),1500000000.0,1500000000.0,0.0,5043400000.0,5043400000.0,0.0,492,0.72549,0.74346,057702100100,Ebonyi State University,23020112,CONSTRUCTION / PROVISION OF SPORTING FACILITIES,70941,FIRST STAGE OF TERTIARY EDUCATION,41110400,EBONYI,05050124000600,Schools’ infrastructure construction and rehabilitation
Purchase of Monetized vehicle for 6 No.s Principal Officers,0.0,0.0,0.0,374400000.0,374400000.0,0.0,492,0.75572,0.77369,057702100100,Ebonyi State University,23010105,PURCHASE OF MOTOR VEHICLES,70941,FIRST STAGE OF TERTIARY EDUCATION,41110400,EBONYI,05050224000500,Furnishing
Purchase of 4 No.s Coaster Buses for Students/Staff (TETFUND),0.0,0.0,0.0,480000000.0,480000000.0,0.0,492,0.78513,0.8031,057702100100,Ebonyi State University,23010108,PURCHASE OF BUSES,70941,FIRST STAGE OF TERTIARY EDUCATION,41110400,EBONYI,05050124000700,Schools’ infrastructure construction and rehabilitation
Construction of a Convocation Arena at Permanent site (TETFUND),300000000.0,300000000.0,0.0,400000000.0,400000000.0,0.0,492,0.82108,0.83905,057702100100,Ebonyi State University,23020119,CONSTRUCTION / PROVISION OF RECREATIONAL FACILITIES,70941,FIRST STAGE OF TERTIARY EDUCATION,41110400,EBONYI,05050124000800,Schools’ infrastructure construction and rehabilitation
Purchase of Labouratory/Teaching Equipment for the University,0.0,0.0,0.0,250000000.0,250000000.0,0.0,492,0.85131,0.86928,057702100100,Ebonyi State University,23010124,PURCHASE OF TEACHING / LEARNING AID EQUIPMENT,70941,FIRST STAGE OF TERTIARY EDUCATION,41110400,EBONYI,05050324000200,Libraries and laboratories
Construction of Faculty of Mgt. Block at Permanet Site,0.0,0.0,0.0,139000000.0,139000000.0,0.0,492,0.88072,0.89869,057702100100,Ebonyi State University,23020101,CONSTRUCTION / PROVISION OF OFFICE BUILDINGS,70941,FIRST STAGE OF TERTIARY EDUCATION,41110400,EBONYI 470,05050124001500,Schools’ infrastructure construction and rehabilitation
Construction of a Research Center at Permanent Site,0.0,0.0,0.0,600000000.0,600000000.0,0.0,493,0.10376,0.12173,057702100100,Ebonyi State University,23020118,CONSTRUCTION / PROVISION OF INFRASTRUCTURE,70941,FIRST STAGE OF TERTIARY EDUCATION,41110400,EBONYI,05050124001500,Schools’ infrastructure construction and rehabilitation
Library books/journal/equipment for the University,0.0,0.0,0.0,350000000.0,350000000.0,0.0,493,0.13971,0.15768,057702100100,Ebonyi State University,23010125,PURCHASE OF LIBRARY BOOKS & EQUIPMENT,70941,FIRST STAGE OF TERTIARY EDUCATION,41110400,EBONYI,05050124001500,Schools’ infrastructure construction and rehabilitation
Installation of Solar Street Light in the University,0.0,0.0,0.0,250000000.0,250000000.0,0.0,493,0.17565,0.19363,057702100100,Ebonyi State University,23020103,CONSTRUCTION / PROVISION OF ELECTRICITY,70941,FIRST STAGE OF TERTIARY EDUCATION,41110400,EBONYI,05050124001200,Schools’ infrastructure construction and rehabilitation
Campus walling/fencing,0.0,0.0,0.0,600000000.0,600000000.0,0.0,493,0.20507,0.22304,057702100100,Ebonyi State University,23020122,CONSTRUCTION OF BOUNDARY PILLARS/ RIGHT OF WAYS,70941,FIRST STAGE OF TERTIARY EDUCATION,41110400,EBONYI,05050524000100,School safety
Landscaping of faculty of sciences Pavilion,0.0,0.0,0.0,300000000.0,300000000.0,0.0,493,0.23529,0.25327,057702100100,Ebonyi State University,23030106,REHABILITATION / REPAIRS - PUBLIC SCHOOLS,70941,FIRST STAGE OF TERTIARY EDUCATION,41110400,EBONYI,05050124001300,Schools’ infrastructure construction and rehabilitation
Renovation of students Hostel,0.0,0.0,0.0,500000000.0,500000000.0,0.0,493,0.27124,0.28922,057702100100,Ebonyi State University,23030106,REHABILITATION / REPAIRS - PUBLIC SCHOOLS,70941,FIRST STAGE OF TERTIARY EDUCATION,41110400,EBONYI,05050124001400,Schools’ infrastructure construction and rehabilitation
Construction of 22 Nos. classrooms block at Permanite site,0.0,0.0,0.0,800000000.0,800000000.0,0.0,493,0.30719,0.32516,057702100100,Ebonyi State University,23020107,CONSTRUCTION / PROVISION OF PUBLIC SCHOOLS,70941,FIRST STAGE OF TERTIARY EDUCATION,41110400,EBONYI,05050124001500,Schools’ infrastructure construction and rehabilitation
Completion of ongoing Infrastructural projects and Furnishings,100000000.0,100000000.0,0.0,0.0,0.0,0.0,493,0.41422,0.43219,057702100200,"King David Umahi Federal University of Medical Sciences, Uburu",23020101,CONSTRUCTION / PROVISION OF OFFICE BUILDINGS,70942,SECOND STAGE OF TERTIARY EDUCATION,41131100,OHAOZARA,05050120000200,Schools’ infrastructure construction and rehabilitation
Completion of the Aeronautic University,10000000000.0,10000000000.0,3840839092.51,0.0,0.0,0.0,493,0.5098,0.52778,057702100300,"Aeronautic University, Ezza",23020107,CONSTRUCTION / PROVISION OF PUBLIC SCHOOLS,70942,SECOND STAGE OF TERTIARY EDUCATION,41120600,EZZA SOUTH,05050124001700,Schools’ infrastructure construction and rehabilitation
Completion of ICT University,13000000000.0,18000000000.0,11129479746.58,0.0,0.0,0.0,493,0.60621,0.62418,057702100400,"ICT University, Izzi",23020107,CONSTRUCTION / PROVISION OF PUBLIC SCHOOLS,70942,SECOND STAGE OF TERTIARY EDUCATION,41111000,IZZI,05050123000700,Schools’ infrastructure construction and rehabilitation
Establishment and Development of Scholarship Policy document,0.0,0.0,0.0,10000000.0,10000000.0,0.0,493,0.69526,0.71324,057705600100,Ebonyi State Scholarship Board,23050101,RESEARCH AND DEVELOPMENT,70942,SECOND STAGE OF TERTIARY EDUCATION,41110100,ABAKALIKI,05020524000500,Parental and community support
Establishment of Domestic Scholarship Scheme,1460000000.0,1460000000.0,140416000.0,5000000000.0,5000000000.0,0.0,493,0.71977,0.73775,057705600100,Ebonyi State Scholarship Board,23050101,RESEARCH AND DEVELOPMENT,70942,SECOND STAGE OF TERTIARY EDUCATION,41141400,State Wide,05020524000600,Parental and community support
Establishment of Foreign Scholarship Scheme,4500000000.0,7000000000.0,3853045085.0,15000000000.0,15000000000.0,0.0,493,0.74346,0.76144,057705600100,Ebonyi State Scholarship Board,23050101,RESEARCH AND DEVELOPMENT,70942,SECOND STAGE OF TERTIARY EDUCATION,41141400,State Wide,05020524000700,Parental and community support
Repair /Rehabilitation of Office Building,0.0,0.0,0.0,20000000.0,20000000.0,0.0,493,0.76716,0.78513,057705600100,Ebonyi State Scholarship Board,23030121,REHABILITATION / REPAIRS OF OFFICE BUILDINGS,70942,SECOND STAGE OF TERTIARY EDUCATION,41110100,ABAKALIKI,05020525000200,Parental and community support
Procurement of set of wireless public address system forus ESSB,0.0,0.0,0.0,500000.0,500000.0,0.0,493,0.79167,0.80964,057705600100,Ebonyi State Scholarship Board,23010139,PURCHASE OF OTHER FIXED ASSETS,70942,SECOND STAGE OF TERTIARY EDUCATION,41110100,ABAKALIKI,05020525000300,Parental and community support
Procurement of two (2) Nos Air conditioner to be instalted at Board Hall,0.0,0.0,0.0,1000000.0,1000000.0,0.0,493,0.81536,0.83333,057705600100,Ebonyi State Scholarship Board,23010139,PURCHASE OF OTHER FIXED ASSETS,70942,SECOND STAGE OF TERTIARY EDUCATION,41110100,ABAKALIKI,05020525000600,Parental and community support
Constructions of 1no file cupboards,0.0,0.0,0.0,500000.0,500000.0,0.0,493,0.83905,0.85703,057705600100,Ebonyi State Scholarship Board,23010112,PURCHASE OF OFFICE FURNITURE AND FITTINGS,70942,SECOND STAGE OF TERTIARY EDUCATION,41110100,ABAKALIKI,05020525000200,Parental and community support
construction of new scholarship complex,0.0,0.0,0.0,4000000000.0,4000000000.0,0.0,493,0.86275,0.88072,057705600100,Ebonyi State Scholarship Board,23020101,CONSTRUCTION / PROVISION OF OFFICE BUILDINGS,70942,SECOND STAGE OF TERTIARY EDUCATION,41141400,State Wide,05020525000300,Parental and community support
Purchase of 2no industrial binding machines.,0.0,0.0,0.0,5000000.0,5000000.0,0.0,493,0.88725,0.90523,057705600100,Ebonyi State Scholarship Board,23010139,PURCHASE OF OTHER FIXED ASSETS,70942,SECOND STAGE OF TERTIARY EDUCATION,41110100,ABAKALIKI 471,05020525000400,Parental and community support
Purchase of 24KVA Lister Generating Set,0.0,0.0,0.0,20000000.0,20000000.0,0.0,494,0.09722,0.1152,057705600100,Ebonyi State Scholarship Board,23010119,PURCHASE OF POWER GENERATING SET,70942,SECOND STAGE OF TERTIARY EDUCATION,41110100,ABAKALIKI,05020525000500,Parental and community support
Provision of Solar Street Light at Agabaja I Community (CCD Project),20000000.0,20000000.0,0.0,68000000.0,68000000.0,0.0,494,0.18137,0.19935,057900100100,Ministry of Rural Development,23020118,CONSTRUCTION / PROVISION OF INFRASTRUCTURE,70621,COMMUNITY DEVELOPMENT,41110100,ABAKALIKI,14100125000100,Power - General
Provision of Solar Street Light at Agabaja II Community (CCD Project),15000000.0,15000000.0,0.0,68000000.0,68000000.0,0.0,494,0.20507,0.22304,057900100100,Ministry of Rural Development,23030121,REHABILITATION / REPAIRS OF OFFICE ) BUILDINGS,70621,COMMUNITY DEVELOPMENT,41110100,ABAKALIKI,14100125000200,Power - General
Construction of 1 No Civic Centre at Oguji Mgba-Ekka (CCD Project) l,30000000.0,30000000.0,0.0,68000000.0,68000000.0,0.0,494,0.23529,0.25327,057900100100,Ministry of Rural Development,23010112,PURCHASE OF OFFICE FURNITURE AND FITTINGS,70621,COMMUNITY DEVELOPMENT,41110100,ABAKALIKI,13100125000100,Reform of Government and Governance - General
Rehabillitation/Refurbishing of Office Space at Centenary City l,7000000.0,7000000.0,0.0,0.0,0.0,0.0,494,0.27124,0.28922,057900100100,Ministry of Rural Development,23010119,PURCHASE OF POWER GENERATING SET,70621,COMMUNITY DEVELOPMENT,41110100,ABAKALIKI,13100125000200,Reform of Government and Governance - General
Purchase of 24 No Arm Chair Armless Chair for offices. l,3500000.0,3500000.0,0.0,0.0,0.0,0.0,494,0.30719,0.32516,057900100100,Ministry of Rural Development,23010113,PURCHASE OF COMPUTERS,70621,COMMUNITY DEVELOPMENT,41110100,ABAKALIKI,13100125000300,Reform of Government and Governance - General
Monitoring and Evaluation of Community Development Projects in the 65 Autonomous Communities in the State,5000000.0,5000000.0,0.0,0.0,0.0,0.0,494,0.34232,0.36029,057900100100,Ministry of Rural Development,23010114,PURCHASE OF COMPUTER PRINTERS,70621,COMMUNITY DEVELOPMENT,41110100,ABAKALIKI,13100125000400,Reform of Government and Governance - General
Purchase of 1 No 10KVA FIRMAN Generating set for the Ministry l,950000.0,950000.0,0.0,0.0,0.0,0.0,494,0.37827,0.39624,057900100100,Ministry of Rural Development,23010139,PURCHASE OF OTHER FIXED ASSETS,70621,COMMUNITY DEVELOPMENT,41110100,ABAKALIKI,13100125000500,Reform of Government and Governance - General
Purchase of 2 Nos. HP Desktop Computers for Admin and Accounts Office,1350000.0,1350000.0,0.0,0.0,0.0,0.0,494,0.41422,0.43219,057900100100,Ministry of Rural Development,23010139,PURCHASE OF OTHER FIXED ASSETS,70621,COMMUNITY DEVELOPMENT,41110100,ABAKALIKI,13100125000600,Reform of Government and Governance - General
Purchase of 2Nos HP Computer Printers for the Admin and Accounts Office,200000.0,200000.0,0.0,0.0,0.0,0.0,494,0.45016,0.46814,057900100100,Ministry of Rural Development,23010112,PURCHASE OF OFFICE FURNITURE AND FITTINGS,70621,COMMUNITY DEVELOPMENT,41110100,ABAKALIKI,13100125000700,Reform of Government and Governance - General
Grading/Laterating of Nwodugoru-Building Materials Road and reconstruction of One (1) Culvert,10000000.0,10000000.0,0.0,68000000.0,68000000.0,0.0,494,0.48611,0.50408,057900100100,Ministry of Rural Development,23010112,PURCHASE OF OFFICE FURNITURE AND FITTINGS,70621,COMMUNITY DEVELOPMENT,41110100,ABAKALIKI,13100125000800,Reform of Government and Governance - General
"Construction of One (1) No Mini Bridge at Ngele Okoro, Ndukabi/Oterufie Village (CCD Project)",10000000.0,10000000.0,0.0,68000000.0,68000000.0,0.0,494,0.52206,0.54003,057900100100,Ministry of Rural Development,23010139,PURCHASE OF OTHER FIXED ASSETS,70621,COMMUNITY DEVELOPMENT,41110100,ABAKALIKI,13100125000900,Reform of Government and Governance - General
"Provision of Solar Street Light at Iketanku-Ihenta, in Akaeze Community",10000000.0,10000000.0,0.0,68000000.0,68000000.0,0.0,494,0.55229,0.57026,057900100100,Ministry of Rural Development,23020103,CONSTRUCTION / PROVISION OF ELECTRICITY,70621,COMMUNITY DEVELOPMENT,41130900,IVO,14100125000300,Power - General
"Construction of One (1) Culvert at Ezzaofu, Ezzainyimagu Community l",10000000.0,10000000.0,0.0,68000000.0,68000000.0,0.0,494,0.5817,0.59967,057900100100,Ministry of Rural Development,23020114,CONSTRUCTION / PROVISION OF ROADS,70621,COMMUNITY DEVELOPMENT,41111000,IZZI,13100125001000,Reform of Government and Governance - General
"Provision of Solar Streetlight at Offiaonwe Nduofutu Agbaja , Ndiegu Agbaja Communty",10000000.0,10000000.0,0.0,68000000.0,68000000.0,0.0,494,0.61193,0.6299,057900100100,Ministry of Rural Development,23020103,CONSTRUCTION / PROVISION OF ELECTRICITY,70621,COMMUNITY DEVELOPMENT,41110100,ABAKALIKI,14100125000400,Power - General
"Provision of One (1) No Motorized Borehole at Ndiefia Village near Sunday Ewo Compound, Iboko Community (CCD Project)",10000000.0,10000000.0,0.0,68000000.0,68000000.0,0.0,494,0.64134,0.65931,057900100100,Ministry of Rural Development,23020105,CONSTRUCTION / PROVISION OF WATER FACILITIES,70621,COMMUNITY DEVELOPMENT,41111000,IZZI,10100123002100,Water Resources and Rural Deve - General
Construction of One (1)Culvert at Ameta in Ezzama Community l,10000000.0,10000000.0,0.0,68000000.0,68000000.0,0.0,494,0.67729,0.69526,057900100100,Ministry of Rural Development,23020114,CONSTRUCTION / PROVISION OF ROADS,70621,COMMUNITY DEVELOPMENT,41120600,EZZA SOUTH,13100125001200,Reform of Government and Governance - General
"Construction of one No Mini Bridge at Elindegazu, Amegu Community l",10000000.0,10000000.0,0.0,68000000.0,68000000.0,0.0,494,0.71324,0.73121,057900100100,Ministry of Rural Development,23020114,CONSTRUCTION / PROVISION OF ROADS,70621,COMMUNITY DEVELOPMENT,41110400,EBONYI,13100125001300,Reform of Government and Governance - General
Provision of One (1) No Motorized Borehole at Ugwuodida in Onicha Community (CCD Project),10000000.0,10000000.0,0.0,68000000.0,68000000.0,0.0,494,0.74918,0.76716,057900100100,Ministry of Rural Development,23020105,CONSTRUCTION / PROVISION OF WATER FACILITIES,70621,COMMUNITY DEVELOPMENT,41131300,ONICHA,10100123002100,Water Resources and Rural Deve - General
"Construction of Onunwakwa Mini Bridge, Umuonuoha-Amankpuma, Ukawu Community",10000000.0,10000000.0,0.0,68000000.0,68000000.0,0.0,494,0.78513,0.8031,057900100100,Ministry of Rural Development,23020114,CONSTRUCTION / PROVISION OF ROADS,70621,COMMUNITY DEVELOPMENT,41120500,EZZA,13100125001500,Reform of Government and Governance - General
"Construction of one Mini Bridge at Okpoto Village, Effium Community l",10000000.0,10000000.0,0.0,68000000.0,68000000.0,0.0,494,0.82108,0.83905,057900100100,Ministry of Rural Development,23020114,CONSTRUCTION / PROVISION OF ROADS,70621,COMMUNITY DEVELOPMENT,41120800,ISHIELU,13100125001600,Reform of Government and Governance - General
"Provision of One 1 Solar Powered Borehole at Umuijeta Amaogu, Amaeku Community (CCD Project)",10000000.0,10000000.0,0.0,68000000.0,68000000.0,0.0,494,0.85703,0.875,057900100100,Ministry of Rural Development,23020103,CONSTRUCTION / PROVISION OF ELECTRICITY,70621,COMMUNITY DEVELOPMENT,41120800,ISHIELU 472,10100123002100,Water Resources and Rural Deve - General
"Provision of One (1) No Solar Powered Borehole at NDEGU-Obu, Okposhi Eheku Community (CCD Project)",10000000.0,10000000.0,0.0,68000000.0,68000000.0,0.0,495,0.10376,0.12173,057900100100,Ministry of Rural Development,23020103,CONSTRUCTION / PROVISION OF ELECTRICITY,70621,COMMUNITY DEVELOPMENT,41131100,OHAOZARA,10100123002100,Water Resources and Rural Deve - General
Provision of Solar Streetlight at Azuzuru/Azuogbuagu in Umuhuali Communty,10000000.0,10000000.0,0.0,68000000.0,68000000.0,0.0,495,0.13317,0.15114,057900100100,Ministry of Rural Development,23020103,CONSTRUCTION / PROVISION OF ELECTRICITY,70621,COMMUNITY DEVELOPMENT,41120800,ISHIELU,14100125000700,Power - General
"Construction of one No Mini Bridge at Nduegu Agba, Agba Community",10000000.0,10000000.0,0.0,68000000.0,68000000.0,0.0,495,0.15768,0.17565,057900100100,Ministry of Rural Development,23020114,CONSTRUCTION / PROVISION OF ROADS,70621,COMMUNITY DEVELOPMENT,41120800,ISHIELU,17100121002500,Road - General
"Construction of 200 Metres Intervention Road at Ogbukwu, Ukpa in Ohaisu Community",10000000.0,10000000.0,0.0,68000000.0,68000000.0,0.0,495,0.18137,0.19935,057900100100,Ministry of Rural Development,23020114,CONSTRUCTION / PROVISION OF ROADS,70621,COMMUNITY DEVELOPMENT,41131100,OHAOZARA,17100121002600,Road - General
"Construction of Iyiakpu Mini Bridge, Agbakoro Village in Nkomoro Community",10000000.0,10000000.0,0.0,68000000.0,68000000.0,0.0,495,0.20507,0.22304,057900100100,Ministry of Rural Development,23020114,CONSTRUCTION / PROVISION OF ROADS,70621,COMMUNITY DEVELOPMENT,41120600,EZZA SOUTH,17100121002700,Road - General
"Grading and Laterating of AchiNwogali-Akadoro Road, in Ekka Community",10000000.0,10000000.0,0.0,68000000.0,68000000.0,0.0,495,0.22958,0.24755,057900100100,Ministry of Rural Development,23020114,CONSTRUCTION / PROVISION OF ROADS,70621,COMMUNITY DEVELOPMENT,41120600,EZZA SOUTH,17100121002700,Road - General
"Provision of Solar Street Light at Nweke Ishiofia Nwadebu/Evara, Omege Umuezekoha Community",10000000.0,10000000.0,0.0,68000000.0,68000000.0,0.0,495,0.25899,0.27696,057900100100,Ministry of Rural Development,23020103,CONSTRUCTION / PROVISION OF ELECTRICITY,70621,COMMUNITY DEVELOPMENT,41120500,EZZA,14100125000800,Power - General
"Construction of 1 No Exam Hall at Secondary Technical School, Ekoli Edda",10000000.0,10000000.0,0.0,68000000.0,68000000.0,0.0,495,0.29493,0.31291,057900100100,Ministry of Rural Development,23020107,CONSTRUCTION / PROVISION OF PUBLIC SCHOOLS,70621,COMMUNITY DEVELOPMENT,41130300,AFIKPO SOUTH EDDA,13100125002100,Reform of Government and Governance - General
Renovation of the Ebonyi State Office Secretariat of Persons with Disability at No 1 Democracy Estate,17000000.0,17000000.0,0.0,68000000.0,68000000.0,0.0,495,0.33088,0.34886,057900100100,Ministry of Rural Development,23030121,REHABILITATION / REPAIRS OF OFFICE BUILDINGS,70621,COMMUNITY DEVELOPMENT,41110100,ABAKALIKI,13100125002200,Reform of Government and Governance - General
Provision of Solar Street Light at Ikweator Idembia Community (CCD Project),20000000.0,20000000.0,0.0,68000000.0,68000000.0,0.0,495,0.36683,0.3848,057900100100,Ministry of Rural Development,23020103,CONSTRUCTION / PROVISION OF ELECTRICITY,70621,COMMUNITY DEVELOPMENT,41120500,EZZA,13100125002200,Reform of Government and Governance - General
Construction of One (1) No Mini Bridge at Ngele Mbam (Okpuru Eze) in Okaria Echi Edda Community (CCD Project),10000000.0,10000000.0,0.0,68000000.0,68000000.0,0.0,495,0.40278,0.42075,057900100100,Ministry of Rural Development,23020114,CONSTRUCTION / PROVISION OF ROADS,70621,COMMUNITY DEVELOPMENT,41110400,EBONYI,17100121002700,Road - General
Construction of One (1) No Mini Bridge at Agbee Nwalagba Ngele Achi in Okputimo Community,10000000.0,10000000.0,0.0,70000000.0,70000000.0,0.0,495,0.43873,0.4567,057900100100,Ministry of Rural Development,23020114,CONSTRUCTION / PROVISION OF ROADS,70621,COMMUNITY DEVELOPMENT,41110400,EBONYI,17100121002700,Road - General
"Construction of one No Ngele Ibi Mini Bridge, Ndioke Ndebor Ishieke Community",20000000.0,20000000.0,0.0,68000000.0,68000000.0,0.0,495,0.46814,0.48611,057900100100,Ministry of Rural Development,23020114,CONSTRUCTION / PROVISION OF ROADS,70621,COMMUNITY DEVELOPMENT,41110400,EBONYI,17100121002700,Road - General
"Construction of one No Mini Bridge at Azuoffia Ube, Nkaleke Echara Unuhu Community",10000000.0,10000000.0,0.0,68000000.0,68000000.0,0.0,495,0.49265,0.51062,057900100100,Ministry of Rural Development,23020114,CONSTRUCTION / PROVISION OF ROADS,70621,COMMUNITY DEVELOPMENT,41110100,ABAKALIKI,17100121002700,Road - General
"Provision of Solar Street Light at Ogwuazu Okue-Ishiagu Road, Okue Community (CCD Project)",10000000.0,10000000.0,0.0,68000000.0,68000000.0,0.0,495,0.52206,0.54003,057900100100,Ministry of Rural Development,23020103,CONSTRUCTION / PROVISION OF ELECTRICITY,70621,COMMUNITY DEVELOPMENT,41130900,IVO,14100125000700,Power - General
"Construction of one Mini Bridge each at Ngele Ozokpo Ndinweze Agbaja Village, Agbaja Community",20000000.0,20000000.0,0.0,68000000.0,68000000.0,0.0,495,0.55801,0.57598,057900100100,Ministry of Rural Development,23020114,CONSTRUCTION / PROVISION OF ROADS,70621,COMMUNITY DEVELOPMENT,41110100,ABAKALIKI,17100121002700,Road - General
"Construction of one No Mini Bridge at Elindegazu, Amegu Community",10000000.0,10000000.0,0.0,70000000.0,70000000.0,0.0,495,0.58824,0.60621,057900100100,Ministry of Rural Development,23020114,CONSTRUCTION / PROVISION OF ROADS,70621,COMMUNITY DEVELOPMENT,41110100,ABAKALIKI,17100121002700,Road - General
"Provision of Solar Street Light at Ezube-Ukaba Road, Ukawu- Ugwulangwu Express way, Enyaharigwe-Amofia Road in Ukawu Community (CCD Project)",10000000.0,10000000.0,0.0,68000000.0,68000000.0,0.0,495,0.62418,0.64216,057900100100,Ministry of Rural Development,23020103,CONSTRUCTION / PROVISION OF ELECTRICITY,70621,COMMUNITY DEVELOPMENT,41131300,ONICHA,14100125000700,Power - General
"Construction of One (1) No Culvert at Ngele azu school, Echemugo- Ndueguazu Road, Abaomege Community",20000000.0,20000000.0,0.0,68000000.0,68000000.0,0.0,495,0.66585,0.68382,057900100100,Ministry of Rural Development,23020114,CONSTRUCTION / PROVISION OF ROADS,70621,COMMUNITY DEVELOPMENT,41131300,ONICHA,13100125002200,Reform of Government and Governance - General
"Construction of 1 No. Garri Milling Plant at Ndiegu Oshisha Ngbo, Okposhi Eshi Community.",10000000.0,10000000.0,0.0,68000000.0,68000000.0,0.0,495,0.7018,0.71977,057900100100,Ministry of Rural Development,23020118,CONSTRUCTION / PROVISION OF INFRASTRUCTURE,70621,COMMUNITY DEVELOPMENT,41111200,OHAUKWU,13100125002200,Reform of Government and Governance - General
"Construction of One (1) No Mini Bridge at Ohabuenyi, Okposi-OKwu Community",20000000.0,20000000.0,0.0,68000000.0,68000000.0,0.0,495,0.73775,0.75572,057900100100,Ministry of Rural Development,23020114,CONSTRUCTION / PROVISION OF ROADS,70621,COMMUNITY DEVELOPMENT,41131100,OHAOZARA,13100125002200,Reform of Government and Governance - General
"Extension of Electricity Project to Isohumini III, Ezekuna Community",10000000.0,10000000.0,0.0,70000000.0,70000000.0,0.0,495,0.76716,0.78513,057900100100,Ministry of Rural Development,23020103,CONSTRUCTION / PROVISION OF ELECTRICITY,70621,COMMUNITY DEVELOPMENT,41120500,EZZA,14100125000700,Power - General
"Provision of Solar Streetlight from Onunwankwo to Egwudilegu Road, Ezza Umuhuali Communty",20000000.0,20000000.0,0.0,68000000.0,68000000.0,0.0,495,0.79739,0.81536,057900100100,Ministry of Rural Development,23020103,CONSTRUCTION / PROVISION OF ELECTRICITY,70621,COMMUNITY DEVELOPMENT,41120800,ISHIELU,14100125000700,Power - General
"Construction of 10 No Lock up Shops Onunworie Achiegu Rural Market, Ogboji Community",20000000.0,20000000.0,0.0,68000000.0,68000000.0,0.0,495,0.83333,0.85131,057900100100,Ministry of Rural Development,23020124,CONSTRUCTION OF MARKETS/PARKS,70621,COMMUNITY DEVELOPMENT,41120500,EZZA,13100125002200,Reform of Government and Governance - General
"Construction of Three (3) Rooms Medical Ward at Onuafor-izho Health Centre, Ohainya in Umuezeoka Conmmunity",20000000.0,20000000.0,0.0,68000000.0,68000000.0,0.0,495,0.86928,0.88725,057900100100,Ministry of Rural Development,23020106,CONSTRUCTION / PROVISION OF HOSPITALS / HEALTH CENTRES,70621,COMMUNITY DEVELOPMENT,41120500,EZZA 473,13100125002200,Reform of Government and Governance - General
Provision of Five (5) No Hand Pump Borehole each at Ndufu Alike Community,20000000.0,20000000.0,0.0,70000000.0,70000000.0,0.0,496,0.09722,0.1152,057900100100,Ministry of Rural Development,23020105,CONSTRUCTION / PROVISION OF WATER FACILITIES,70621,COMMUNITY DEVELOPMENT,41120700,IKWO,10100123002100,Water Resources and Rural Deve - General
"Construction of one Mini Bridge at Ofutu Echara, Omege Community",20000000.0,20000000.0,0.0,68000000.0,68000000.0,0.0,496,0.12173,0.13971,057900100100,Ministry of Rural Development,23020114,CONSTRUCTION / PROVISION OF ROADS,70621,COMMUNITY DEVELOPMENT,41120600,EZZA SOUTH,17100121002700,Road - General
"Construction of one No Mini Bridge at Amaozara Road, Amaozara Community",10000000.0,10000000.0,0.0,68000000.0,68000000.0,0.0,496,0.14542,0.1634,057900100100,Ministry of Rural Development,23020114,CONSTRUCTION / PROVISION OF ROADS,70621,COMMUNITY DEVELOPMENT,41120600,EZZA SOUTH,17100121002700,Road - General
"Construction of Mini Bridge at Alioma village, Ezzainyimegu Community",20000000.0,20000000.0,0.0,68000000.0,68000000.0,0.0,496,0.16912,0.18709,057900100100,Ministry of Rural Development,23020114,CONSTRUCTION / PROVISION OF ROADS,70621,COMMUNITY DEVELOPMENT,41120500,EZZA,17100121002700,Road - General
Funding of RAMP Projects (World Bank Assisted Project)(COUNTERPART FUNDING),500000000.0,500000000.0,500000000.0,500000000.0,500000000.0,0.0,496,0.19363,0.2116,057900100100,Ministry of Rural Development,23020114,CONSTRUCTION / PROVISION OF ROADS,70621,COMMUNITY DEVELOPMENT,41141400,State Wide,17100121002700,Road - General
"Construction of 2 Span 27 Meters Eke Imoha Pedestrian Bridge, Ezza South LGA",313708365.0,313708365.0,182149194.34,0.0,0.0,0.0,496,0.21732,0.23529,057900100100,Ministry of Rural Development,23020114,CONSTRUCTION / PROVISION OF ROADS,70621,COMMUNITY DEVELOPMENT,41120600,EZZA SOUTH,17100121002700,Road - General
"Construction of Ekka-Inyere Akadoro Road, Ezza North LGA",875658390.0,875658390.0,0.0,500000000.0,500000000.0,0.0,496,0.24101,0.25899,057900100100,Ministry of Rural Development,23020114,CONSTRUCTION / PROVISION OF ROADS,70621,COMMUNITY DEVELOPMENT,41120500,EZZA,17100121002700,Road - General
Rural road intervention in Ebonyi North Zone in Abakaliki LGA,0.0,0.0,0.0,1000000000.0,1000000000.0,0.0,496,0.32516,0.34314,057900100200,Ebonyi State Rural Access Road Agency,23020114,CONSTRUCTION / PROVISION OF ROADS,70443,CONSTRUCTION,41110100,ABAKALIKI,17100124000200,Road - General
Rural road intervention in Ebonyi Central Zone in Ezza South LGA,0.0,0.0,0.0,1000000000.0,1000000000.0,0.0,496,0.34886,0.36683,057900100200,Ebonyi State Rural Access Road Agency,23020114,CONSTRUCTION / PROVISION OF ROADS,70443,CONSTRUCTION,41120600,EZZA SOUTH,17100124000200,Road - General
Rural road intervention in Ebonyi South Zone in Afikpo LGA,0.0,0.0,0.0,1000000000.0,1000000000.0,0.0,496,0.37255,0.39052,057900100200,Ebonyi State Rural Access Road Agency,23020114,CONSTRUCTION / PROVISION OF ROADS,70443,CONSTRUCTION,41130200,AFIKPO NORTH,17100124000200,Road - General
Provision for Seed fund to EBSRRF,0.0,0.0,0.0,366400000.0,366400000.0,0.0,496,0.45016,0.46814,057900100300,Ebonyi State Rural Roads Fund Board,23050101,RESEARCH AND DEVELOPMENT,70443,CONSTRUCTION,41141400,State Wide,17100124000100,Road - General
Procurement of 11 nos. Executive Tables for office of Director General and 10 Board members,0.0,0.0,0.0,2750000.0,2750000.0,0.0,496,0.47467,0.49265,057900100300,Ebonyi State Rural Roads Fund Board,23010112,PURCHASE OF OFFICE FURNITURE AND FITTINGS,70443,CONSTRUCTION,41110100,ABAKALIKI,17100124000100,Road - General
Procurement of 11 Nos. Executive Chairs for offices of the Director General and 10 Members.,0.0,0.0,0.0,2200000.0,2200000.0,0.0,496,0.5098,0.52778,057900100300,Ebonyi State Rural Roads Fund Board,23010112,PURCHASE OF OFFICE FURNITURE AND FITTINGS,70443,CONSTRUCTION,41110100,ABAKALIKI,17100124000100,Road - General
Procurement of 1Nos. Sumec Fireman 10KVA Power Generating Set,0.0,0.0,0.0,1200000.0,1200000.0,0.0,496,0.54003,0.55801,057900100300,Ebonyi State Rural Roads Fund Board,23010119,PURCHASE OF POWER GENERATING SET,70443,CONSTRUCTION,41110100,ABAKALIKI,17100124000100,Road - General
Purchase of 11Nos. split unit 1.5Hp Hisense Air conditioner for the Office the Director General and 10 Board Members.,0.0,0.0,0.0,5000000.0,5000000.0,0.0,496,0.57026,0.58824,057900100300,Ebonyi State Rural Roads Fund Board,23010139,PURCHASE OF OTHER FIXED ASSETS,70443,CONSTRUCTION,41110100,ABAKALIKI,17100124000100,Road - General
Procurement of 1No. Laserjet pro photocoping machine,0.0,0.0,0.0,1000000.0,1000000.0,0.0,496,0.59967,0.61765,057900100300,Ebonyi State Rural Roads Fund Board,23010115,PURCHASE OF PHOTOCOPYING MACHINES,70443,CONSTRUCTION,41110100,ABAKALIKI,17100124000100,Road - General
Procurement of 1No. All-in-one Hp OfficeJet Pro 9013 Printer,0.0,0.0,0.0,400000.0,400000.0,0.0,496,0.62418,0.64216,057900100300,Ebonyi State Rural Roads Fund Board,23010114,PURCHASE OF COMPUTER PRINTERS,70443,CONSTRUCTION,41110100,ABAKALIKI,17100124000100,Road - General
Procurement of Nos. 13 sets big and 11 sets small window blind for the offices of the Director General and 10 Board memebers.,0.0,0.0,0.0,600000.0,600000.0,0.0,496,0.65359,0.67157,057900100300,Ebonyi State Rural Roads Fund Board,23010139,PURCHASE OF OTHER FIXED ASSETS,70443,CONSTRUCTION,41110100,ABAKALIKI,17100124000100,Road - General
Procurement of 10Nos. Hp Destop Computers for the Office of 10 Board Members.,0.0,0.0,0.0,4000000.0,4000000.0,0.0,496,0.68382,0.7018,057900100300,Ebonyi State Rural Roads Fund Board,23010113,PURCHASE OF COMPUTERS,70443,CONSTRUCTION,41110100,ABAKALIKI,17100124000100,Road - General
"Procurement of 1No. Elitebook 12th generation, touch screen, core i7 HP laptop for Office of the Director General",0.0,0.0,0.0,1000000.0,1000000.0,0.0,496,0.71324,0.73121,057900100300,Ebonyi State Rural Roads Fund Board,72301011,PURCHASE OF COMPUTERS,70443,CONSTRUCTION,41110100,ABAKALIKI,17100124000100,Road - General
Procurement of 1Nos. Hp Laserjet Scanner,0.0,0.0,0.0,250000.0,250000.0,0.0,496,0.73775,0.75572,057900100300,Ebonyi State Rural Roads Fund Board,23010118,PURCHASE OF SCANNERS,70443,CONSTRUCTION,41110100,ABAKALIKI,17100124000100,Road - General
Procurement of 10Nos. UPS for Office of the 10 Board Members.,0.0,0.0,0.0,1000000.0,1000000.0,0.0,496,0.75572,0.77369,057900100300,Ebonyi State Rural Roads Fund Board,23010139,PURCHASE OF OTHER FIXED ASSETS,70443,CONSTRUCTION,41110100,ABAKALIKI,17100124000100,Road - General
Collection and Digitalization of Rural Roads,0.0,0.0,0.0,40000000.0,40000000.0,0.0,496,0.77369,0.79167,057900100300,Ebonyi State Rural Roads Fund Board,23050101,RESEARCH AND DEVELOPMENT,70443,CONSTRUCTION,41141400,State Wide,17100124000100,Road - General
Procurement of 22Nos. Office Chairs for the offices of the Director General and 10 board members,0.0,0.0,0.0,1000000.0,1000000.0,0.0,496,0.79739,0.81536,057900100300,Ebonyi State Rural Roads Fund Board,23010112,PURCHASE OF OFFICE FURNITURE AND FITTINGS,70443,CONSTRUCTION,41110100,ABAKALIKI,17100124000100,Road - General
Procurement of 15 seater conference table,0.0,0.0,0.0,2500000.0,2500000.0,0.0,496,0.82761,0.84559,057900100300,Ebonyi State Rural Roads Fund Board,23010112,PURCHASE OF OFFICE FURNITURE AND FITTINGS,70443,CONSTRUCTION,41110100,ABAKALIKI,17100124000100,Road - General
Procurement of personal protective equipments,0.0,0.0,0.0,10000000.0,10000000.0,0.0,496,0.85131,0.86928,057900100300,Ebonyi State Rural Roads Fund Board,23010139,PURCHASE OF OTHER FIXED ASSETS,70443,CONSTRUCTION,41110100,ABAKALIKI,17100124000100,Road - General
Procurement of 1No. Tanspeed Magcubic HY450 900ANSI 2160 LED Lumen projector.,0.0,0.0,0.0,500000.0,500000.0,0.0,496,0.875,0.89297,057900100300,Ebonyi State Rural Roads Fund Board,23010139,PURCHASE OF OTHER FIXED ASSETS,70443,CONSTRUCTION,41110100,ABAKALIKI 474,17100124000100,Road - General
"Procurement of 1No. 19"" X 19"" Electric Projector Screen",0.0,0.0,0.0,200000.0,200000.0,0.0,497,0.09722,0.1152,057900100300,Ebonyi State Rural Roads Fund Board,23010139,PURCHASE OF OTHER FIXED ASSETS,70443,CONSTRUCTION,41110100,ABAKALIKI,17100124000100,Road - General
Construction of Drainages and Road wings on the 136km rural roads constructed by RAAMP in the State,0.0,0.0,0.0,60000000.0,60000000.0,0.0,497,0.12745,0.14542,057900100300,Ebonyi State Rural Roads Fund Board,23020114,CONSTRUCTION / PROVISION OF ROADS,70443,CONSTRUCTION,41141400,State Wide 475,17100124000100,Road - General
