project,mda_code,mda_name,lga_code,lga_name,econ_code,econ_name,func_code,func_name,amt_2024_actual,amt_2025_revised,amt_2025_perf_jan_sep,amt_2026_approved,source_page,page_y_top,page_y_bottom
Construction of Accommodation for Development partners,011100100100,Office of the Executive Governor,12621600,CHANCHAGA,23020101,CONSTRUCTION / PROVISION OF OFFICE BUILDINGS,70111,EXECUTIVE AND LEGISLATIVE ORGANS,8114476544.45,700000000.0,520000000.0,1000000000.0,68,0.1708,0.1856
Construction of 12no. Offices in Government House,011100100100,Office of the Executive Governor,12621600,CHANCHAGA,23020101,CONSTRUCTION / PROVISION OF OFFICE BUILDINGS,70111,EXECUTIVE AND LEGISLATIVE ORGANS,176035954.25,1200000000.0,1165345153.13,1400000000.0,68,0.1863,0.2009
"Construction of Additional 9.no Guest Houses, Minna",011100100100,Office of the Executive Governor,12621600,CHANCHAGA,23020104,CONSTRUCTION / PROVISION OF HOUSING,70111,EXECUTIVE AND LEGISLATIVE ORGANS,0.0,3900000000.0,3770000000.0,2100000000.0,68,0.2018,0.2162
Remodelling & renovation of Kaduna liason office,011100100100,Office of the Executive Governor,12621600,CHANCHAGA,23030121,REHABILITATION / REPAIRS OF OFFICE BUILDINGS,70111,EXECUTIVE AND LEGISLATIVE ORGANS,1000000000.0,200000000.0,180000000.0,400000000.0,68,0.2173,0.2315
"Renovation of Administrative block in Government House, Minna",011100100100,Office of the Executive Governor,12621600,CHANCHAGA,23030121,REHABILITATION / REPAIRS OF OFFICE BUILDINGS,70111,EXECUTIVE AND LEGISLATIVE ORGANS,380000000.0,450000000.0,367202659.92,100000000.0,68,0.232,0.2468
Provision of 28nos Executive Tables and Chairs for Additional 17no Guest Houses Behind Government House,011100100100,Office of the Executive Governor,12621600,CHANCHAGA,23010112,PURCHASE OF OFFICE FURNITURE AND FITTINGS,70111,EXECUTIVE AND LEGISLATIVE ORGANS,100000000.0,1700000000.0,1625581395.35,1500000000.0,68,0.2475,0.2621
Purchase of 2no. Mikano sound proof 500KVA generator,011100100100,Office of the Executive Governor,12621600,CHANCHAGA,23010119,PURCHASE OF POWER GENERATING SET,70111,EXECUTIVE AND LEGISLATIVE ORGANS,165700000.0,100000000.0,90000000.0,200000000.0,68,0.2631,0.2774
Purchase of 25nos Executive Tables and Chairs for the Accomodation of Development Partners,011100100100,Office of the Executive Governor,12621600,CHANCHAGA,23010112,PURCHASE OF OFFICE FURNITURE AND FITTINGS,70111,EXECUTIVE AND LEGISLATIVE ORGANS,0.0,600000000.0,450527838.45,0.0,68,0.2778,0.2927
Purchase of 20nos tables and chairs and 1no 25 seater round table for Offices in Government House,011100100100,Office of the Executive Governor,12621600,CHANCHAGA,23010112,PURCHASE OF OFFICE FURNITURE AND FITTINGS,70111,EXECUTIVE AND LEGISLATIVE ORGANS,0.0,300000000.0,275000000.0,500000000.0,68,0.2933,0.308
"Purchase of 10nos HP Laptops, 2nos Laserjet Printer, 2nos phopto copier Machines and 15nos seater round table for Strategic Communication",011100100100,Office of the Executive Governor,12621600,CHANCHAGA,23010113,PURCHASE OF COMPUTERS,70111,EXECUTIVE AND LEGISLATIVE ORGANS,0.0,850000000.0,801055676.09,300000000.0,68,0.3088,0.3313
Renovation of 8 no. Guest Houses behind Government House,011100100100,Office of the Executive Governor,12621600,CHANCHAGA,23030101,REHABILITATION / REPAIRS OF RESIDENTIAL BUILDING,70111,EXECUTIVE AND LEGISLATIVE ORGANS,0.0,0.0,0.0,1000000000.0,68,0.3317,0.3462
purchase of 1no of (maikano)standby generator,011100100200,Office of the Deputy Governor,12621600,CHANCHAGA,23010119,PURCHASE OF POWER GENERATING SET,70111,EXECUTIVE AND LEGISLATIVE ORGANS,20000000.0,50000000.0,25000000.0,0.0,68,0.3472,0.3615
Total renovation of the deputy governor's office.,011100100200,Office of the Deputy Governor,12621600,CHANCHAGA,23030121,REHABILITATION / REPAIRS OF OFFICE BUILDINGS,70111,EXECUTIVE AND LEGISLATIVE ORGANS,4000000.0,0.0,0.0,110000000.0,68,0.3619,0.3768
Procuring of two (3bedroom corpers lodge.,011100100200,Office of the Deputy Governor,12621600,CHANCHAGA,23010103,PURCHASE OF RESIDENTIAL BUILDINGS,70111,EXECUTIVE AND LEGISLATIVE ORGANS,10000000.0,0.0,0.0,20000000.0,68,0.3775,0.3921
Procuring of one (3bedroom) visitors lodge.,011100100200,Office of the Deputy Governor,12621600,CHANCHAGA,23010103,PURCHASE OF RESIDENTIAL BUILDINGS,70111,EXECUTIVE AND LEGISLATIVE ORGANS,0.0,0.0,0.0,50000000.0,68,0.393,0.4074
"purchase of 2nos of bed,1wheel chair,2drip stand,2stretcher,1scale,1digital sphymomanometer,1instrument box e.t.c.",011100100200,Office of the Deputy Governor,12621600,CHANCHAGA,23010121,PURCHASE OF RESIDENTIAL FURNITURE,70111,EXECUTIVE AND LEGISLATIVE ORGANS,0.0,0.0,0.0,20000000.0,68,0.4077,0.4307
"Renovation of SDGs Offices, Minna",011100500100,Sustainable Development Goal's (SDGs) Office,12621600,CHANCHAGA,23030121,REHABILITATION / REPAIRS OF OFFICE BUILDINGS,70131,GENERAL PERSONNEL SERVICES,78999636.0,10000000.0,0.0,50000000.0,68,0.4314,0.4456
"Computation and tracking of SDGs Direct Intervention in Health, Water and Education(FGN)",011100500100,Sustainable Development Goal's (SDGs) Office,12621600,CHANCHAGA,23050101,RESEARCH AND DEVELOPMENT,70131,GENERAL PERSONNEL SERVICES,500000000.0,2000000000.0,0.0,4000001223.74,68,0.4461,0.4609
"Procurement and Distribution of 300 tons of Assorted Grains, 5,000 Mattresses and Mats, 5,000 Plastic Buckets, 5,000 Blankets and Livelihood Support.",011100800100,Niger State Emergency Management Agency(NSEMA),12642600,STATE WIDE,23010127,PURCHASE OF AGRICULTURAL EQUIPMENT,70421,AGRICULTURE,10000000.0,1000000000.0,0.0,750000000.0,68,0.4616,0.4842
"Provision of Solar Powered Irrigation and Other Sustainable Livelihood in Jifu, Manta and Gungu",011100800100,Niger State Emergency Management Agency(NSEMA),12622200,SHIRORO,23020118,CONSTRUCTION / PROVISION OF INFRASTRUCTURE,70421,AGRICULTURE,15000000.0,140000000.0,0.0,150000000.0,68,0.4845,0.4991
Purchase of 2no emergency buses for distaster respond team in the State,011100800100,Niger State Emergency Management Agency(NSEMA),12642600,STATE WIDE,23010108,PURCHASE OF BUSES,70421,AGRICULTURE,15000000.0,210000000.0,0.0,35000000.0,68,0.5,0.5144
ii. Monitoring of Risk assessment for herdsmen/farmers clashesacross the state,011100800100,Niger State Emergency Management Agency(NSEMA),12642600,STATE WIDE,23020101,CONSTRUCTION / PROVISION OF OFFICE BUILDINGS,71091,SOCIAL PROTECTION N.E.C.,35000000.0,100000000.0,0.0,65000000.0,68,0.5155,0.5297
i. Completion of NSEMA office complex along Bida Road,011100800100,Niger State Emergency Management Agency(NSEMA),12642600,STATE WIDE,23020101,CONSTRUCTION / PROVISION OF OFFICE BUILDINGS,71091,SOCIAL PROTECTION N.E.C.,60000000.0,100000000.0,0.0,395000000.0,68,0.5302,0.545
"ii. Profilling of Boat Owners, Production and Distribution of Guide to Communities",011100800100,Niger State Emergency Management Agency(NSEMA),12642600,STATE WIDE,23020101,CONSTRUCTION / PROVISION OF OFFICE BUILDINGS,71091,SOCIAL PROTECTION N.E.C.,107300000.0,100000000.0,0.0,40000000.0,68,0.5458,0.5603
iii. Search & Rescue operations at disaster scenes across the State,011100800100,Niger State Emergency Management Agency(NSEMA),12642600,STATE WIDE,23020101,CONSTRUCTION / PROVISION OF OFFICE BUILDINGS,71091,SOCIAL PROTECTION N.E.C.,665000000.0,100000000.0,0.0,15000000.0,68,0.5613,0.5756
iii. Purchase of Food Items for the Mainstreaming of Nutrition in Feeding Programme of Vulnerable Groups in the State,011100800100,Niger State Emergency Management Agency(NSEMA),12642600,STATE WIDE,23020101,CONSTRUCTION / PROVISION OF OFFICE BUILDINGS,71091,SOCIAL PROTECTION N.E.C.,245900600.0,50000000.0,0.0,50000000.0,68,0.5768,0.5909
Conduct of monitoring & evaluation across the state,011101000100,Public Procurement Board,12642600,STATE WIDE,23050103,MONITORING AND EVALUATION,70133,OTHER GENERAL SERVICES,0.0,12000000.0,0.0,6650000.0,68,0.5923,0.5989
establishment of State Data procurement dashboard,011101000100,Public Procurement Board,12642600,STATE WIDE,23050102,COMPUTER SOFTWARE ACQUISITION,70133,OTHER GENERAL SERVICES,0.0,6000000.0,0.0,6900000.0,68,0.6054,0.6113
Market Survey of prices of tendered items at state rates,011101000100,Public Procurement Board,12642600,STATE WIDE,23050101,RESEARCH AND DEVELOPMENT,70133,OTHER GENERAL SERVICES,20000000.0,7000000.0,0.0,14350000.0,68,0.6168,0.6234
"Procurement of 6no. Executive Chairs, 3no. Visitors Chairs, 2no. Cabinet, 6no. Executive tables",011101000100,Public Procurement Board,12621600,CHANCHAGA,23010112,PURCHASE OF OFFICE FURNITURE AND FITTINGS,70131,GENERAL PERSONNEL SERVICES,0.0,5000000.0,0.0,8100000.0,68,0.6258,0.6399
Conduct of Procurement Audits of MDAs and LGAs,011101000100,Public Procurement Board,12621600,CHANCHAGA,23020101,CONSTRUCTION / PROVISION OF OFFICE BUILDINGS,70133,OTHER GENERAL SERVICES,0.0,0.0,0.0,29000000.0,68,0.6405,0.6552
"Purchase of 10no. Camera, and Public Address System at House of Assembly Complex",011200300100,State House of Assembly,12621600,CHANCHAGA,23010113,PURCHASE OF COMPUTERS,70111,EXECUTIVE AND LEGISLATIVE ORGANS,30000000.0,20000000.0,0.0,20000000.0,68,0.656,0.6705
Provision and Installation of 10no CCT Cameras and 30KVA Solar Panel at for first face at House of Assembly Complex,011200300100,State House of Assembly,12621600,CHANCHAGA,23010113,PURCHASE OF COMPUTERS,70111,EXECUTIVE AND LEGISLATIVE ORGANS,50000000.0,100000000.0,50000000.0,100000000.0,68,0.6716,0.6858
Drilling of 3no Borehole and Reticulation at House of Assembly,011200300100,State House of Assembly,12621600,CHANCHAGA,23020105,CONSTRUCTION / PROVISION OF WATER FACILITIES,70111,EXECUTIVE AND LEGISLATIVE ORGANS,9900000.0,10000000.0,0.0,10000000.0,68,0.6863,0.7011
"Renovation of Assembly Complex, Minna",011200300100,State House of Assembly,12621600,CHANCHAGA,23030121,REHABILITATION / REPAIRS OF OFFICE BUILDINGS,70111,EXECUTIVE AND LEGISLATIVE ORGANS,100000000.0,100000000.0,0.0,60000000.0,68,0.7018,0.7164
Provision of Recreational Areas at House of Assembly,011200300100,State House of Assembly,12621600,CHANCHAGA,23020119,CONSTRUCTION / PROVISION OF RECREATIONAL FACILITIES,70111,EXECUTIVE AND LEGISLATIVE ORGANS,50000000.0,50000000.0,0.0,50000000.0,68,0.7173,0.7317
Purchase of 2No. 500KVA Mikano Generator at House of Assembly Complex,011200300100,State House of Assembly,12621600,CHANCHAGA,23010119,PURCHASE OF POWER GENERATING SET,70111,EXECUTIVE AND LEGISLATIVE ORGANS,0.0,200000000.0,0.0,100000000.0,68,0.7328,0.747
Provision of Asphaltic Overlay of Car Park at New and Old Assembly Complex,011200300100,State House of Assembly,12621600,CHANCHAGA,23020114,CONSTRUCTION / PROVISION OF ROADS,70111,EXECUTIVE AND LEGISLATIVE ORGANS,0.0,500000000.0,0.0,150000000.0,68,0.7475,0.7623
Provision of additional Lifter to the New Assembly Complex,011200300100,State House of Assembly,12621600,CHANCHAGA,23020101,CONSTRUCTION / PROVISION OF OFFICE BUILDINGS,70111,EXECUTIVE AND LEGISLATIVE ORGANS,50000000.0,281669043.61,0.0,100000000.0,68,0.7631,0.7776
Construction of Clinic at House of Assembly Complex,011200300100,State House of Assembly,12621600,CHANCHAGA,23020106,CONSTRUCTION / PROVISION OF HOSPITALS / HEALTH CENTRES,70111,EXECUTIVE AND LEGISLATIVE ORGANS,190000000.0,250000000.0,0.0,50000000.0,68,0.7786,0.7929
Purchase of 30no. Desktop computers for E- Library at New Extension Complex,011200300100,State House of Assembly,12621600,CHANCHAGA,23010113,PURCHASE OF COMPUTERS,70111,EXECUTIVE AND LEGISLATIVE ORGANS,30000000.0,50000000.0,0.0,50000000.0,68,0.7933,0.8082
"Purchase of 1no of 2023 model coaster bus, 2nos of 2023 model Toyota Hummer Bus and 2no. of 2023 Toyota Hilux",011200300100,State House of Assembly,12621600,CHANCHAGA,23010108,PURCHASE OF BUSES,70111,EXECUTIVE AND LEGISLATIVE ORGANS,200000000.0,628330956.39,25000000.0,460000000.0,68,0.8088,0.8234
"Purchase of 50No. Laptop, 10no Modem and 20No. Routers for E- Parliament at House of Assembly",011200300100,State House of Assembly,12621600,CHANCHAGA,23010113,PURCHASE OF COMPUTERS,70111,EXECUTIVE AND LEGISLATIVE ORGANS,100000000.0,600000000.0,350000000.0,200000000.0,68,0.8243,0.8387
Construction of Legistlative Guest House,011200300100,State House of Assembly,12621600,CHANCHAGA,23020104,CONSTRUCTION / PROVISION OF HOUSING,70111,EXECUTIVE AND LEGISLATIVE ORGANS,0.0,326097380.0,200000000.0,150000000.0,69,0.1348,0.1489
Construction of Additional PHC at Dokotza in Bida,011200300100,State House of Assembly,12610300,BIDA,23020106,CONSTRUCTION / PROVISION OF HOSPITALS / HEALTH CENTRES,70741,PUBLIC HEALTH SERVICES,0.0,75000000.0,0.0,75000000.0,69,0.1495,0.1642
"Renovation of Basic Health Center, Masaga, Bida",011200300100,State House of Assembly,12610300,BIDA,23030105,REHABILITATION / REPAIRS - HOSPITAL / HEALTH CENTRES,70741,PUBLIC HEALTH SERVICES,0.0,25000000.0,0.0,25000000.0,69,0.165,0.1795
"Reconstruction of PHC at Shabafu, Lavun LGA",011200300100,State House of Assembly,12611200,LAVUN,23020106,CONSTRUCTION / PROVISION OF HOSPITALS / HEALTH CENTRES,70741,PUBLIC HEALTH SERVICES,0.0,69000000.0,0.0,69000000.0,69,0.1806,0.1948
"Purchase of 1no X-ray machine, 1no. Utral sound machine and 20no. Hospital beds for Danko and Kapagi PHC, Lavun",011200300100,State House of Assembly,12611200,LAVUN,23010122,PURCHASE OF HEALTH / MEDICAL EQUIPMENT,70741,PUBLIC HEALTH SERVICES,0.0,31000000.0,0.0,31000000.0,69,0.1953,0.2101
"Complete Rehabilitation of Edati-Kpata PHC, Edati LGA",011200300100,State House of Assembly,12610600,EDATI,23030105,REHABILITATION / REPAIRS - HOSPITAL / HEALTH CENTRES,70741,PUBLIC HEALTH SERVICES,0.0,58500000.0,0.0,58500000.0,69,0.2108,0.2254
"Rehabilitation of Rokota PHC, Edati LG",011200300100,State House of Assembly,12610600,EDATI,23030105,REHABILITATION / REPAIRS - HOSPITAL / HEALTH CENTRES,70741,PUBLIC HEALTH SERVICES,0.0,41500000.0,0.0,41500000.0,69,0.2263,0.2407
"Construction of PHC at Buka, Mokwa LGA",011200300100,State House of Assembly,12611700,MOKOWA,23020106,CONSTRUCTION / PROVISION OF HOSPITALS / HEALTH CENTRES,70741,PUBLIC HEALTH SERVICES,0.0,78000000.0,0.0,78000000.0,69,0.2418,0.256
"Rehabilitation of Kudu PHC, Mokwa",011200300100,State House of Assembly,12611700,MOKOWA,23030105,REHABILITATION / REPAIRS - HOSPITAL / HEALTH CENTRES,70741,PUBLIC HEALTH SERVICES,0.0,22000000.0,0.0,22000000.0,69,0.2565,0.2713
Construction of PHC at Ndagbachi in Gbako LGA,011200300100,State House of Assembly,12610700,GBAKO,23020106,CONSTRUCTION / PROVISION OF HOSPITALS / HEALTH CENTRES,70741,PUBLIC HEALTH SERVICES,0.0,65000000.0,0.0,65000000.0,69,0.2721,0.2866
"Furnishing and Equiping of Batagi PHC, Bgako LGA",011200300100,State House of Assembly,12610700,GBAKO,23010112,PURCHASE OF OFFICE FURNITURE AND FITTINGS,70741,PUBLIC HEALTH SERVICES,0.0,35000000.0,0.0,35000000.0,69,0.2876,0.3019
"Construction of Dangana PHC, Lapai LG",011200300100,State House of Assembly,12611100,LAPAI,23020106,CONSTRUCTION / PROVISION OF HOSPITALS / HEALTH CENTRES,70741,PUBLIC HEALTH SERVICES,0.0,100000000.0,50000000.0,100000000.0,69,0.3023,0.3172
"Reconstruction of Sudugi PHC, Agaie LGA",011200300100,State House of Assembly,12610100,AGAIE,23020106,CONSTRUCTION / PROVISION OF HOSPITALS / HEALTH CENTRES,70741,PUBLIC HEALTH SERVICES,0.0,56000000.0,0.0,56000000.0,69,0.3178,0.3325
"Renovation of Jipo PHC, Agaie LGA",011200300100,State House of Assembly,12610100,AGAIE,23030105,REHABILITATION / REPAIRS - HOSPITAL / HEALTH CENTRES,70741,PUBLIC HEALTH SERVICES,0.0,44000000.0,0.0,44000000.0,69,0.3333,0.3478
Construction of PHC at Sidi Saba in Katcha LGA,011200300100,State House of Assembly,12610900,KATCHA,23020106,CONSTRUCTION / PROVISION OF HOSPITALS / HEALTH CENTRES,70741,PUBLIC HEALTH SERVICES,0.0,69000000.0,0.0,69000000.0,69,0.3489,0.3631
"Renovation of Gbakogi PHC, Katcha LGA",011200300100,State House of Assembly,12610900,KATCHA,23020106,CONSTRUCTION / PROVISION OF HOSPITALS / HEALTH CENTRES,70741,PUBLIC HEALTH SERVICES,0.0,31000000.0,0.0,31000000.0,69,0.3636,0.3784
"Renovation of PHC at Izom, Gurara",011200300100,State House of Assembly,12620800,GURARA,23030105,REHABILITATION / REPAIRS - HOSPITAL / HEALTH CENTRES,70741,PUBLIC HEALTH SERVICES,0.0,65000003.0,0.0,65000000.0,69,0.3791,0.3936
"Rehabilitation of Bonu PHC centre, Gurara LGA",011200300100,State House of Assembly,12620800,GURARA,23030105,REHABILITATION / REPAIRS - HOSPITAL / HEALTH CENTRES,70741,PUBLIC HEALTH SERVICES,0.0,35000000.0,0.0,35000000.0,69,0.3946,0.4089
"Complete Rehabilitation of Chpo PHC, Tafa LGA",011200300100,State House of Assembly,12622400,TAFA,23030105,REHABILITATION / REPAIRS - HOSPITAL / HEALTH CENTRES,70741,PUBLIC HEALTH SERVICES,0.0,40000000.0,0.0,40000000.0,69,0.4101,0.4242
Reconstruction of Tudun Ladan PHC in Tafa LGA,011200300100,State House of Assembly,12622400,TAFA,23020106,CONSTRUCTION / PROVISION OF HOSPITALS / HEALTH CENTRES,70741,PUBLIC HEALTH SERVICES,0.0,60000000.0,0.0,60000000.0,69,0.4248,0.4395
Construction of Kwankwashe PHC in Suleja,011200300100,State House of Assembly,12622300,SULEJA,23020106,CONSTRUCTION / PROVISION OF HOSPITALS / HEALTH CENTRES,70741,PUBLIC HEALTH SERVICES,0.0,100000000.0,80000000.0,100000000.0,69,0.4404,0.4548
"Rehabilitation of Chanchaga PHC, Minna",011200300100,State House of Assembly,12621600,CHANCHAGA,23030105,REHABILITATION / REPAIRS - HOSPITAL / HEALTH CENTRES,70741,PUBLIC HEALTH SERVICES,0.0,100000000.0,70000000.0,100000000.0,69,0.4559,0.4701
Renovation of Adunu PHC in Paikoro LGA,011200300100,State House of Assembly,12621900,PAIKORO,23030105,REHABILITATION / REPAIRS - HOSPITAL / HEALTH CENTRES,70741,PUBLIC HEALTH SERVICES,0.0,65000000.0,0.0,65000000.0,69,0.4706,0.4854
"Rehabilitation of Kafinkoro PHC, Paikoro LGA",011200300100,State House of Assembly,12621900,PAIKORO,23030105,REHABILITATION / REPAIRS - HOSPITAL / HEALTH CENTRES,70741,PUBLIC HEALTH SERVICES,0.0,35000000.0,0.0,35000000.0,69,0.4861,0.5007
"Construction of PHC at Gurmana, Shiroro",011200300100,State House of Assembly,12622200,SHIRORO,23020106,CONSTRUCTION / PROVISION OF HOSPITALS / HEALTH CENTRES,70741,PUBLIC HEALTH SERVICES,0.0,100000000.0,0.0,100000000.0,69,0.5016,0.516
"Construction of PHC at Rafin Jatau, Munya LGA",011200300100,State House of Assembly,12621800,MUNYA,23020106,CONSTRUCTION / PROVISION OF HOSPITALS / HEALTH CENTRES,70741,PUBLIC HEALTH SERVICES,0.0,78000000.0,0.0,78000000.0,69,0.5172,0.5313
"Rehabilitation of Sarkin Pawa PHC, Munya",011200300100,State House of Assembly,12621800,MUNYA,23030105,REHABILITATION / REPAIRS - HOSPITAL / HEALTH CENTRES,70741,PUBLIC HEALTH SERVICES,0.0,22000000.0,0.0,22000000.0,69,0.5319,0.5466
"Rehabilitation of Beji PHC, Bosso LGA",011200300100,State House of Assembly,12620500,BOSSO,23030105,REHABILITATION / REPAIRS - HOSPITAL / HEALTH CENTRES,70741,PUBLIC HEALTH SERVICES,0.0,60000000.0,0.0,60000000.0,69,0.5474,0.5619
"Rehabilitation of Garatu PHC, Bosso LGA",011200300100,State House of Assembly,12620500,BOSSO,23030105,REHABILITATION / REPAIRS - HOSPITAL / HEALTH CENTRES,70741,PUBLIC HEALTH SERVICES,0.0,40000000.0,0.0,40000000.0,69,0.5629,0.5772
"Renovation of Pandogari PHC, Rafi LGA",011200300100,State House of Assembly,12622000,RAFI,23030105,REHABILITATION / REPAIRS - HOSPITAL / HEALTH CENTRES,70741,PUBLIC HEALTH SERVICES,0.0,55000000.0,0.0,55000000.0,69,0.5776,0.5925
Renovation of Tegina PHC Centre,011200300100,State House of Assembly,12622000,RAFI,23030105,REHABILITATION / REPAIRS - HOSPITAL / HEALTH CENTRES,70741,PUBLIC HEALTH SERVICES,0.0,45000000.0,0.0,45000000.0,69,0.5931,0.6078
"Construction of Fence and Security House at Kaboji PHC, Mashegu",011200300100,State House of Assembly,12631500,MASHEGU,23020106,CONSTRUCTION / PROVISION OF HOSPITALS / HEALTH CENTRES,70741,PUBLIC HEALTH SERVICES,0.0,85000000.0,0.0,85000000.0,69,0.6087,0.6231
"Supply of Beds and Stretcher to Daja PHC, Mashegu LGA",011200300100,State House of Assembly,12631500,MASHEGU,23010122,PURCHASE OF HEALTH / MEDICAL EQUIPMENT,70741,PUBLIC HEALTH SERVICES,0.0,15000000.0,0.0,15000000.0,69,0.6242,0.6384
"Reconstruction of Rafin gora PHC, Kontagora LGA",011200300100,State House of Assembly,12631000,KONTAGORA,23020106,CONSTRUCTION / PROVISION OF HOSPITALS / HEALTH CENTRES,70741,PUBLIC HEALTH SERVICES,0.0,60000000.0,0.0,60000000.0,69,0.6389,0.6536
"Renovation of PHC at Ibanga, Kontagora LGA",011200300100,State House of Assembly,12631000,KONTAGORA,23030105,REHABILITATION / REPAIRS - HOSPITAL / HEALTH CENTRES,70741,PUBLIC HEALTH SERVICES,0.0,40000000.0,0.0,40000000.0,69,0.6544,0.6689
"Rehabilitation of Basic Health Center, Genu in Rijau",011200300100,State House of Assembly,12632100,RIJAU,23030105,REHABILITATION / REPAIRS - HOSPITAL / HEALTH CENTRES,70741,PUBLIC HEALTH SERVICES,0.0,45000000.0,0.0,45000000.0,69,0.6699,0.6842
"Renovation of Farin Ruwa PHC, Rijau",011200300100,State House of Assembly,12632100,RIJAU,23030105,REHABILITATION / REPAIRS - HOSPITAL / HEALTH CENTRES,70741,PUBLIC HEALTH SERVICES,0.0,55000000.0,0.0,55000000.0,69,0.6846,0.6995
"Construction of BHC at Kokolo, Agwara LGA",011200300100,State House of Assembly,12630200,AGWARA,23020106,CONSTRUCTION / PROVISION OF HOSPITALS / HEALTH CENTRES,70741,PUBLIC HEALTH SERVICES,0.0,75000000.0,0.0,75000000.0,69,0.7002,0.7148
"Supply of Drugs and beddings to Busuru PHC, Agwara LGA",011200300100,State House of Assembly,12630200,AGWARA,23010122,PURCHASE OF HEALTH / MEDICAL EQUIPMENT,70741,PUBLIC HEALTH SERVICES,0.0,25000000.0,0.0,25000000.0,69,0.7157,0.7301
"Upgrading of Swashi Basic Health Center, Borgu LGA",011200300100,State House of Assembly,12630400,BORGU,23030105,REHABILITATION / REPAIRS - HOSPITAL / HEALTH CENTRES,70741,PUBLIC HEALTH SERVICES,0.0,100000000.0,0.0,100000000.0,69,0.7312,0.7454
"Construction of Fence at Yangalu BHC, Magama LGA",011200300100,State House of Assembly,12631300,MAGAMA,23020106,CONSTRUCTION / PROVISION OF HOSPITALS / HEALTH CENTRES,70741,PUBLIC HEALTH SERVICES,0.0,55000000.0,0.0,55000000.0,69,0.7459,0.7607
"Completion of Maigiwa BHC, Magama LGA",011200300100,State House of Assembly,12631300,MAGAMA,23020106,CONSTRUCTION / PROVISION OF HOSPITALS / HEALTH CENTRES,70741,PUBLIC HEALTH SERVICES,0.0,45000000.0,0.0,45000000.0,69,0.7614,0.776
"Upgrading of Gulbin Boka PHC, Mariga LGA",011200300100,State House of Assembly,12631400,MARIGA,23030105,REHABILITATION / REPAIRS - HOSPITAL / HEALTH CENTRES,70741,PUBLIC HEALTH SERVICES,0.0,40000000.0,0.0,40000000.0,69,0.777,0.7913
"Complete Rehabilitation of Shadadi PHC, Mariga LGA",011200300100,State House of Assembly,12631400,MARIGA,23030105,REHABILITATION / REPAIRS - HOSPITAL / HEALTH CENTRES,70741,PUBLIC HEALTH SERVICES,0.0,60000000.0,0.0,60000000.0,69,0.7925,0.8066
"Construction of PHC at Dukunsakun, Wushishi LGA",011200300100,State House of Assembly,12632500,WUSHISHI,23020106,CONSTRUCTION / PROVISION OF HOSPITALS / HEALTH CENTRES,70741,PUBLIC HEALTH SERVICES,0.0,100000000.0,0.0,100000000.0,69,0.8072,0.8219
Renovation of Makera PHC in Chanchaga (A),011200300100,State House of Assembly,12621600,CHANCHAGA,23030105,REHABILITATION / REPAIRS - HOSPITAL / HEALTH CENTRES,70741,PUBLIC HEALTH SERVICES,0.0,100000000.0,50000000.0,100000000.0,69,0.8227,0.8372
Construction of PHC at Masaga in Bida LGA,011200300100,State House of Assembly,12610300,BIDA,23020106,CONSTRUCTION / PROVISION OF HOSPITALS / HEALTH CENTRES,70741,PUBLIC HEALTH SERVICES,0.0,100000000.0,50000000.0,100000000.0,70,0.1348,0.1489
Purchase of 1no Toyota Hilux for Assembly Service Commission Minna,011200400100,State House Of Assembly Service Commission,12621600,CHANCHAGA,23010106,PURCHASE OF VANS,70111,EXECUTIVE AND LEGISLATIVE ORGANS,20000000.0,25000000.0,0.0,20000000.0,70,0.1495,0.1642
Provision of additional 4no. Lap top and accessories to assembly Service commission Minna,011200400100,State House Of Assembly Service Commission,12621600,CHANCHAGA,23010113,PURCHASE OF COMPUTERS,70111,EXECUTIVE AND LEGISLATIVE ORGANS,12000000.0,2000000.0,0.0,10000000.0,70,0.165,0.1795
Construction of approach road to Assembly Service Commision Commission Minna,011200400100,State House Of Assembly Service Commission,12621600,CHANCHAGA,23020114,CONSTRUCTION / PROVISION OF ROADS,70111,EXECUTIVE AND LEGISLATIVE ORGANS,10000000.0,27000000.0,0.0,10000000.0,70,0.1806,0.1948
Purchase and Installation of CCTV Camera,011200400100,State House Of Assembly Service Commission,12621600,CHANCHAGA,23010113,PURCHASE OF COMPUTERS,70111,EXECUTIVE AND LEGISLATIVE ORGANS,3000000.0,15000000.0,0.0,5000000.0,70,0.1953,0.2101
Purchase of 1no. 18 seater Bus for the Commission,011200400100,State House Of Assembly Service Commission,12621600,CHANCHAGA,23010108,PURCHASE OF BUSES,70111,EXECUTIVE AND LEGISLATIVE ORGANS,5000000.0,40000000.0,0.0,15000000.0,70,0.2108,0.2254
Construction of Additional Offices for the Commission Staff,011200400100,State House Of Assembly Service Commission,12621600,CHANCHAGA,23020101,CONSTRUCTION / PROVISION OF OFFICE BUILDINGS,70111,EXECUTIVE AND LEGISLATIVE ORGANS,0.0,20000000.0,0.0,15000000.0,70,0.2263,0.2407
Renovation of Assembly Service Commission Complex,011200400100,State House Of Assembly Service Commission,12621600,CHANCHAGA,23030121,REHABILITATION / REPAIRS OF OFFICE BUILDINGS,70111,EXECUTIVE AND LEGISLATIVE ORGANS,0.0,5000000.0,0.0,5000000.0,70,0.2418,0.256
Purchase of 4nos of plasma TV and 5nos of Refrigerators,011200400100,State House Of Assembly Service Commission,12621600,CHANCHAGA,23010112,PURCHASE OF OFFICE FURNITURE AND FITTINGS,70111,EXECUTIVE AND LEGISLATIVE ORGANS,0.0,8000000.0,0.0,10000000.0,70,0.2565,0.2713
Purchase of 8no. Hisense 1.5 Hp Copper Split Air Conditioner for Comissions Memmbers,011200400100,State House Of Assembly Service Commission,12621600,CHANCHAGA,23010112,PURCHASE OF OFFICE FURNITURE AND FITTINGS,70111,EXECUTIVE AND LEGISLATIVE ORGANS,0.0,8000000.0,0.0,5000000.0,70,0.2721,0.2866
Purchase of 1no. Sygnite Max with Battery And Solar,011200400100,State House Of Assembly Service Commission,12621600,CHANCHAGA,23010119,PURCHASE OF POWER GENERATING SET,70111,EXECUTIVE AND LEGISLATIVE ORGANS,0.0,10000000.0,0.0,5000000.0,70,0.2876,0.3019
Rehabilitation of Information Centre New Bussa,012300100100,Ministry of Information,12630400,BORGU,23030121,REHABILITATION / REPAIRS OF OFFICE BUILDINGS,70831,BROADCASTING AND PUBLISHING SERVICES,30000000.0,25000000.0,0.0,25000000.0,70,0.3023,0.3172
Rehabilitation of Information Centres: Bida,012300100100,Ministry of Information,12610300,BIDA,23030121,REHABILITATION / REPAIRS OF OFFICE BUILDINGS,70831,BROADCASTING AND PUBLISHING SERVICES,10000000.0,25000000.0,0.0,25000000.0,70,0.3178,0.3325
Establishment of Booster Station at Sarkin pawa,012300100100,Ministry of Information,12621800,MUNYA,23020101,CONSTRUCTION / PROVISION OF OFFICE BUILDINGS,70831,BROADCASTING AND PUBLISHING SERVICES,0.0,10000000.0,0.0,30000000.0,70,0.3333,0.3478
"Installation of Solar Energy at NSTV and Radio Complex, Minna",012300100100,Ministry of Information,12621600,CHANCHAGA,23020103,CONSTRUCTION / PROVISION OF ELECTRICITY,70831,BROADCASTING AND PUBLISHING SERVICES,270550000.0,100000000.0,29601105.6,100000000.0,70,0.3489,0.3631
Repairs and Renovation of Radio Niger Complex.,012300100100,Ministry of Information,12621600,CHANCHAGA,23030121,REHABILITATION / REPAIRS OF OFFICE BUILDINGS,70831,BROADCASTING AND PUBLISHING SERVICES,49450000.0,200000000.0,0.0,180000000.0,70,0.3636,0.3784
NUT.3.SBCC.Activity 1: Promote good dietary habits and healthy lifestyles for all age groups through appropriate social marketing and communication strategies,012300100100,Ministry of Information,12642600,STATE WIDE,23050101,RESEARCH AND DEVELOPMENT,70831,BROADCASTING AND PUBLISHING SERVICES,15000000.0,5000000.0,0.0,10000000.0,70,0.3791,0.4017
NUT.5.SBCC.Activity 2: Strengthen existing Television programs that demonstrate the preparation of meals to incorporate nutrition considerations,012300100100,Ministry of Information,12642600,STATE WIDE,23050101,RESEARCH AND DEVELOPMENT,70831,BROADCASTING AND PUBLISHING SERVICES,5000000.0,5000000.0,0.0,10000000.0,70,0.402,0.4246
Rehabilitation of Information Centre Kontagora,012300100100,Ministry of Information,12631000,KONTAGORA,23030121,REHABILITATION / REPAIRS OF OFFICE BUILDINGS,70831,BROADCASTING AND PUBLISHING SERVICES,0.0,25000000.0,0.0,25000000.0,70,0.4248,0.4395
"Rehabilitation of Information Centre,Mokwa",012300100100,Ministry of Information,12611700,MOKOWA,23030121,REHABILITATION / REPAIRS OF OFFICE BUILDINGS,70831,BROADCASTING AND PUBLISHING SERVICES,0.0,25000000.0,0.0,25000000.0,70,0.4404,0.4548
"i. Production of 10,000 copies of Calendars,and 10,000 copies of Dairies",012300100100,Ministry of Information,12621600,CHANCHAGA,23050102,COMPUTER SOFTWARE ACQUISITION,70831,BROADCASTING AND PUBLISHING SERVICES,0.0,0.0,0.0,50000000.0,70,0.4559,0.4701
i. Advocacy on the Implementation of Government Policy Across the State,012300100100,Ministry of Information,12621600,CHANCHAGA,23050102,COMPUTER SOFTWARE ACQUISITION,70831,BROADCASTING AND PUBLISHING SERVICES,0.0,0.0,0.0,10000000.0,70,0.4706,0.4854
ii. Implementation of State Government Policies in all the sectors,012300100100,Ministry of Information,12621600,CHANCHAGA,23050102,COMPUTER SOFTWARE ACQUISITION,70831,BROADCASTING AND PUBLISHING SERVICES,0.0,0.0,0.0,10000000.0,70,0.4861,0.5007
Renovation 10no. Offices at NSTV complex,012300200100,Media Corporation TV,12621600,CHANCHAGA,23030121,REHABILITATION / REPAIRS OF OFFICE BUILDINGS,70831,BROADCASTING AND PUBLISHING SERVICES,50000000.0,80000000.0,0.0,150000000.0,70,0.5016,0.516
Installation of Solar Energy Pannel at NSTV Complex,012300200100,Media Corporation TV,12621600,CHANCHAGA,23020103,CONSTRUCTION / PROVISION OF ELECTRICITY,70831,BROADCASTING AND PUBLISHING SERVICES,0.0,70000000.0,0.0,200000000.0,70,0.5172,0.5313
Purchase and Installation of Broadcasting satelite,012300200100,Media Corporation TV,12642600,STATE WIDE,23030113,REHABILITATION / REPAIRS - ROADS,70831,BROADCASTING AND PUBLISHING SERVICES,30000000.0,30000000.0,0.0,0.0,70,0.5319,0.5466
Purchase of Live Streaming and Production Solution,012300200100,Media Corporation TV,12642600,STATE WIDE,23010113,PURCHASE OF COMPUTERS,70831,BROADCASTING AND PUBLISHING SERVICES,0.0,70000000.0,0.0,0.0,70,0.5474,0.5619
Purshace of 4no. solar power Battery and 14no. Panel at crystal FM Maitumbi,012300300100,Media Corporation (Radio Division),12621600,CHANCHAGA,23010119,PURCHASE OF POWER GENERATING SET,70831,BROADCASTING AND PUBLISHING SERVICES,3320000.0,20000000.0,0.0,50000000.0,70,0.5629,0.5772
Purchase of 8no Air Conditioner and Installation of Buglary Proof,012300300100,Media Corporation (Radio Division),12621600,CHANCHAGA,23010112,PURCHASE OF OFFICE FURNITURE AND FITTINGS,70831,BROADCASTING AND PUBLISHING SERVICES,40000000.0,15000000.0,0.0,0.0,70,0.5776,0.5925
"Purchase of 4no Laptops, Computer System and Accessories",012300300100,Media Corporation (Radio Division),12621600,CHANCHAGA,23010113,PURCHASE OF COMPUTERS,70831,BROADCASTING AND PUBLISHING SERVICES,3480000.0,6923478.0,0.0,0.0,70,0.5931,0.6078
"Upgrading of FM Transmitter, Minna",012300300100,Media Corporation (Radio Division),12621600,CHANCHAGA,23010113,PURCHASE OF COMPUTERS,70831,BROADCASTING AND PUBLISHING SERVICES,600000.0,10076522.0,0.0,0.0,70,0.6087,0.6231
Purchase of 7.5KV BRUHM Generator for the Station Minna,012300300100,Media Corporation (Radio Division),12642600,STATE WIDE,23030119,REHABILITATION / REPAIRS - AIR NAVIGATIONAL EQUIPMENT,70831,BROADCASTING AND PUBLISHING SERVICES,7096127.69,20000000.0,0.0,100000000.0,70,0.6242,0.6384
Purchase of Live Streaming and Production Solution,012300300100,Media Corporation (Radio Division),12642600,STATE WIDE,23010113,PURCHASE OF COMPUTERS,70831,BROADCASTING AND PUBLISHING SERVICES,8087483.33,8000000.0,0.0,0.0,70,0.6389,0.6536
Purchase of 5no. Industrial Printing Machines and Servicing of the Existing Ones,012300400100,Government Printing Press,12621600,CHANCHAGA,23010114,PURCHASE OF COMPUTER PRINTERS,70411,GENERAL ECONOMIC AND COMMERCIALAFFAIRS,50000000.0,50000000.0,0.0,40000000.0,70,0.6544,0.6689
Purchase of 2no. Canon camera (350KV),012300500100,Media Corporation (Printing & Publication Division),12621600,CHANCHAGA,23010129,PURCHASE OF INDUSTRIAL EQUIPMENT,70831,BROADCASTING AND PUBLISHING SERVICES,3000000.0,3500000.0,0.0,7000000.0,70,0.6699,0.6842
Purchase of 2no. Digital recorders and 3no. Hp laptop computers,012300500100,Media Corporation (Printing & Publication Division),12621600,CHANCHAGA,23010113,PURCHASE OF COMPUTERS,70831,BROADCASTING AND PUBLISHING SERVICES,8500000.0,6500000.0,0.0,20000000.0,70,0.6846,0.6995
Purchase of additional 3no. A3 Canon Printer (3500),012300500100,Media Corporation (Printing & Publication Division),12621600,CHANCHAGA,23010129,PURCHASE OF INDUSTRIAL EQUIPMENT,70831,BROADCASTING AND PUBLISHING SERVICES,1500000.0,4000000.0,0.0,5000000.0,70,0.7002,0.7148
Purchase of 1no. Kord 64 Machine,012300500100,Media Corporation (Printing & Publication Division),12621600,CHANCHAGA,23010129,PURCHASE OF INDUSTRIAL EQUIPMENT,70831,BROADCASTING AND PUBLISHING SERVICES,10000000.0,25000000.0,0.0,0.0,70,0.7157,0.7301
Purchase of 1no. 500KVA Generator,012300500100,Media Corporation (Printing & Publication Division),12621600,CHANCHAGA,23010119,PURCHASE OF POWER GENERATING SET,70831,BROADCASTING AND PUBLISHING SERVICES,5000000.0,10000000.0,0.0,0.0,70,0.7312,0.7454
Purchase of 1no. Industrial Air conditioner,012300500100,Media Corporation (Printing & Publication Division),12621600,CHANCHAGA,23010112,PURCHASE OF OFFICE FURNITURE AND FITTINGS,70831,BROADCASTING AND PUBLISHING SERVICES,12000000.0,1000000.0,0.0,0.0,70,0.7459,0.7607
iv. Upgrading of Newsline Online Website,012300500100,Media Corporation (Printing & Publication Division),12621600,CHANCHAGA,23050102,COMPUTER SOFTWARE ACQUISITION,70831,BROADCASTING AND PUBLISHING SERVICES,0.0,0.0,0.0,30000000.0,70,0.7614,0.776
v. Renovation of Newsline Offices,012300500100,Media Corporation (Printing & Publication Division),12621600,CHANCHAGA,23030121,REHABILITATION / REPAIRS OF OFFICE BUILDINGS,70831,BROADCASTING AND PUBLISHING SERVICES,0.0,0.0,0.0,11000000.0,70,0.777,0.7913
vi. Completion of Perimeter Fence with Security Room,012300500100,Media Corporation (Printing & Publication Division),12621600,CHANCHAGA,23030121,REHABILITATION / REPAIRS OF OFFICE BUILDINGS,70831,BROADCASTING AND PUBLISHING SERVICES,0.0,0.0,0.0,17000000.0,70,0.7925,0.8066
"Purchase of 30,000 units of Caliber 12 Gauge Cartridges",012400100100,Ministry of Homeland Security,12642600,STATE WIDE,23010128,PURCHASE OF SECURITY EQUIPMENT,70361,PUBLIC ORDER AND SAFETY N.E.C.,0.0,150000000.0,0.0,80000000.0,70,0.8113,0.8178
Purchase of 65 units of Ballistic Jacket vest with one Plate,012400100100,Ministry of Homeland Security,12642600,STATE WIDE,23010128,PURCHASE OF SECURITY EQUIPMENT,70361,PUBLIC ORDER AND SAFETY N.E.C.,440000000.0,65000000.0,0.0,65000000.0,70,0.8268,0.8331
Purchase of 40 units of Ballistic Jacket vest with two Plate,012400100100,Ministry of Homeland Security,12642600,STATE WIDE,23010128,PURCHASE OF SECURITY EQUIPMENT,70361,PUBLIC ORDER AND SAFETY N.E.C.,40000000.0,80000000.0,0.0,80000000.0,71,0.1389,0.1448
Purchase of 95 units of Ballistic Helmet level NIJ,012400100100,Ministry of Homeland Security,12642600,STATE WIDE,23010128,PURCHASE OF SECURITY EQUIPMENT,70361,PUBLIC ORDER AND SAFETY N.E.C.,20000000.0,100000000.0,0.0,100000000.0,71,0.1536,0.1601
Purchase of 15 units of Stun Guns/Tasers,012400100100,Ministry of Homeland Security,12642600,STATE WIDE,23010128,PURCHASE OF SECURITY EQUIPMENT,70361,PUBLIC ORDER AND SAFETY N.E.C.,0.0,20000000.0,0.0,20000000.0,71,0.1691,0.1754
Purchase of 30 units of Radio Communication Gadgets,012400100100,Ministry of Homeland Security,12642600,STATE WIDE,23010128,PURCHASE OF SECURITY EQUIPMENT,70361,PUBLIC ORDER AND SAFETY N.E.C.,0.0,30000000.0,0.0,30000000.0,71,0.1846,0.1907
Purchase of 1 No. Armored Vehicle,012400100100,Ministry of Homeland Security,12642600,STATE WIDE,23010105,PURCHASE OF MOTOR VEHICLES,70361,PUBLIC ORDER AND SAFETY N.E.C.,0.0,1255000000.0,0.0,300000000.0,71,0.1993,0.206
Building of 1 No. Office Accomodation,012400100100,Ministry of Homeland Security,12642600,STATE WIDE,23020101,CONSTRUCTION / PROVISION OF OFFICE BUILDINGS,70361,PUBLIC ORDER AND SAFETY N.E.C.,0.0,300000000.0,0.0,0.0,71,0.2108,0.2254
"Purchase of 1no. 16 seater Confrence table and chairs, 8no. Hisense 1.5 Hp Copper Split Air Conditioner,3no. HP Printer, 2no. Photocopier Machine, 10no. HP Laptops and 5no. Desktop computers.",012400100100,Ministry of Homeland Security,12642600,STATE WIDE,23010112,PURCHASE OF OFFICE FURNITURE AND FITTINGS,70361,PUBLIC ORDER AND SAFETY N.E.C.,0.0,200000000.0,0.0,200000000.0,71,0.2296,0.2523
"ix. Purchase of 24no. PTZ long-range camera, 12no. Fixed wide-angle camera, 6no. Equipment monitoring camera",012400100100,Ministry of Homeland Security,12642600,STATE WIDE,23010128,PURCHASE OF SECURITY EQUIPMENT,70361,PUBLIC ORDER AND SAFETY N.E.C.,0.0,0.0,0.0,480000000.0,71,0.2565,0.2711
x. upgrading of Situation room and reinstallation of CCTV within Minna,012400100100,Ministry of Homeland Security,12621600,CHANCHAGA,23030121,REHABILITATION / REPAIRS OF OFFICE BUILDINGS,70361,PUBLIC ORDER AND SAFETY N.E.C.,0.0,0.0,0.0,145000000.0,71,0.2721,0.2864
"Installation of CCTV Cameras at the Abdulkareem Lafene Secretariat Complex, Minna",012500100100,Head of Civil Service,12621600,CHANCHAGA,23010128,PURCHASE OF SECURITY EQUIPMENT,70131,GENERAL PERSONNEL SERVICES,4250000000.0,80000000.0,0.0,100000000.0,71,0.2876,0.3017
"Construction of Perimeter Fence at Archives Premises, Minna",012500100100,Head of Civil Service,12621600,CHANCHAGA,23020101,CONSTRUCTION / PROVISION OF OFFICE BUILDINGS,70131,GENERAL PERSONNEL SERVICES,0.0,20000000.0,0.0,20000000.0,71,0.3023,0.317
Installation of Solar Light at the New Secretariate Complex,012500100100,Head of Civil Service,12621600,CHANCHAGA,23020123,CONSTRUCTION OF TRAFFIC /STREET LIGHTS,70131,GENERAL PERSONNEL SERVICES,10000000.0,200000000.0,0.0,30000000.0,71,0.3178,0.3323
Procurement of 1No. 2000KVA Generating Set (Mikano),012500100100,Head of Civil Service,12621600,CHANCHAGA,23010119,PURCHASE OF POWER GENERATING SET,70131,GENERAL PERSONNEL SERVICES,50000000.0,250000000.0,0.0,200000000.0,71,0.3333,0.3476
"Purchase of 16,000no Executive Chairs and Tables for Directors",012500100100,Head of Civil Service,12621600,CHANCHAGA,23010112,PURCHASE OF OFFICE FURNITURE AND FITTINGS,70131,GENERAL PERSONNEL SERVICES,20000000.0,560000000.0,0.0,500000000.0,71,0.348,0.3629
"Purchase of 13,000no Armless Chairs and Tables for Other Officers",012500100100,Head of Civil Service,12621600,CHANCHAGA,23010112,PURCHASE OF OFFICE FURNITURE AND FITTINGS,70131,GENERAL PERSONNEL SERVICES,20000000.0,390000000.0,0.0,500000000.0,71,0.3636,0.3782
Remodelling & renovation of state secretariate complex,012500100100,Head of Civil Service,12642600,STATE WIDE,23030121,REHABILITATION / REPAIRS OF OFFICE BUILDINGS,70131,GENERAL PERSONNEL SERVICES,0.0,0.0,0.0,4000000000.0,71,0.3791,0.3934
purchase of service Books,012500100100,Head of Civil Service,12642600,STATE WIDE,23010125,PURCHASE OF LIBRARY BOOKS & EQUIPMENT,70131,GENERAL PERSONNEL SERVICES,0.0,0.0,0.0,50000000.0,71,0.3946,0.4087
"Purchase of 4no. Hp laptop, 3no. Desktop Computers and installation of software interface for Pension Board",012500600100,Niger State Pension Board,12621600,CHANCHAGA,23010113,PURCHASE OF COMPUTERS,70133,OTHER GENERAL SERVICES,0.0,16000000.0,0.0,29400000.0,71,0.4093,0.424
Purchase of 10no. Security Solar streetlight at Pension Board,012500600100,Niger State Pension Board,12621600,CHANCHAGA,23010128,PURCHASE OF SECURITY EQUIPMENT,70131,GENERAL PERSONNEL SERVICES,0.0,18000000.0,0.0,0.0,71,0.4289,0.4352
Purchase of Security iron Barbwire,012500600100,Niger State Pension Board,12621600,CHANCHAGA,23010128,PURCHASE OF SECURITY EQUIPMENT,70131,GENERAL PERSONNEL SERVICES,0.0,6000000.0,0.0,0.0,71,0.4444,0.4505
"Purchase 14 executive chairs, 35 sitting chairs, 19 vistors chairs, and 28 office tables",012500600100,Niger State Pension Board,12642600,STATE WIDE,23010112,PURCHASE OF OFFICE FURNITURE AND FITTINGS,71021,OLD AGE,0.0,0.0,0.0,5000000.0,71,0.4551,0.4699
Purchase of 14no. Hiasence Air conditioner,012500600100,Niger State Pension Board,12642600,STATE WIDE,23010112,PURCHASE OF OFFICE FURNITURE AND FITTINGS,71021,OLD AGE,0.0,0.0,0.0,15600000.0,71,0.4706,0.4852
Renovation of Offices in Minna,014000100100,Office of the Auditor General State,12621600,CHANCHAGA,23030121,REHABILITATION / REPAIRS OF OFFICE BUILDINGS,70131,GENERAL PERSONNEL SERVICES,0.0,180000000.0,0.0,200000000.0,71,0.4861,0.5005
"Purchase of 2no. Executive tables and chairs, Ceiling fan, 5no. Air conditioner, 5no. Samsumg Television set and 4no. Office cabinet",014000100100,Office of the Auditor General State,12621600,CHANCHAGA,23010112,PURCHASE OF OFFICE FURNITURE AND FITTINGS,70131,GENERAL PERSONNEL SERVICES,15000000.0,70000000.0,0.0,40000000.0,71,0.5016,0.5158
Purchase of 50nos HP labtop computers,014000100100,Office of the Auditor General State,12621600,CHANCHAGA,23010113,PURCHASE OF COMPUTERS,70131,GENERAL PERSONNEL SERVICES,25000000.0,0.0,0.0,10000000.0,71,0.5204,0.527
Construction of Zonal Audit Office at Chanchaga,014000200100,Office of Auditor General Local Government,12621600,CHANCHAGA,23020101,CONSTRUCTION / PROVISION OF OFFICE BUILDINGS,70131,GENERAL PERSONNEL SERVICES,20000000.0,20000000.0,0.0,20000000.0,71,0.5319,0.5464
Renovation of Block of 5no Offices at Head quarter Minna,014700100100,Civil Service Commission,12642600,STATE WIDE,23030121,REHABILITATION / REPAIRS OF OFFICE BUILDINGS,70131,GENERAL PERSONNEL SERVICES,16432571.51,150000000.0,0.0,0.0,71,0.5474,0.5617
Purchase of 9nos Photocopier Machines for CSC,014700100100,Civil Service Commission,12642600,STATE WIDE,23010115,PURCHASE OF PHOTOCOPYING MACHINES,70131,GENERAL PERSONNEL SERVICES,14000000.0,0.0,0.0,18000000.0,71,0.5621,0.577
Purchase of 7no. Printers at CSC,014700100100,Civil Service Commission,12642600,STATE WIDE,23010114,PURCHASE OF COMPUTER PRINTERS,70131,GENERAL PERSONNEL SERVICES,10000000.0,0.0,0.0,12000000.0,71,0.5817,0.5882
Purchase of 10no. Desktop at CSC,014700100100,Civil Service Commission,12642600,STATE WIDE,23010113,PURCHASE OF COMPUTERS,70131,GENERAL PERSONNEL SERVICES,42000000.0,0.0,0.0,8000000.0,71,0.594,0.6003
"Purchase of 22no computers for CSC Provission of 30pieces of 550Watts Solar Panels, 2nos 15KWA Lithium",014700100100,Civil Service Commission,12642600,STATE WIDE,23010113,PURCHASE OF COMPUTERS,70131,GENERAL PERSONNEL SERVICES,10000000.0,0.0,0.0,26000000.0,71,0.6029,0.6176
"Batteries, 2nos MPPT Charge Controller, 2nos 10KVA Inverter for Power Back-up in the CBT Center",014700100100,Civil Service Commission,12642600,STATE WIDE,23020103,CONSTRUCTION / PROVISION OF ELECTRICITY,70131,GENERAL PERSONNEL SERVICES,4000000.0,0.0,0.0,106000000.0,71,0.6152,0.634
Construction of Area Offices at Bosso,014800100100,State Independent Electoral Commission,12620500,BOSSO,23020101,CONSTRUCTION / PROVISION OF OFFICE BUILDINGS,70131,GENERAL PERSONNEL SERVICES,52961546.68,250000000.0,0.0,0.0,71,0.6348,0.6489
Purchase of 12no. HP Laptop computer,014800100100,State Independent Electoral Commission,12642600,STATE WIDE,23010113,PURCHASE OF COMPUTERS,70133,OTHER GENERAL SERVICES,27000000.0,0.0,0.0,10000000.0,71,0.6495,0.6642
Renovation of 4no. Of Block of offices at the state INEC Headquaters,014800100100,State Independent Electoral Commission,12621600,CHANCHAGA,23030121,REHABILITATION / REPAIRS OF OFFICE BUILDINGS,70131,GENERAL PERSONNEL SERVICES,18000000.0,0.0,0.0,30000000.0,71,0.665,0.6795
Renovation of Area Offices across the state,014800100100,State Independent Electoral Commission,12642600,STATE WIDE,23030121,REHABILITATION / REPAIRS OF OFFICE BUILDINGS,70161,GENERAL PUBLIC SERVICES N.E.C.,0.0,0.0,0.0,32000000.0,71,0.6806,0.6948
Monitoring of Conduct of elections across the state,014800100100,State Independent Electoral Commission,12642600,STATE WIDE,23050103,MONITORING AND EVALUATION,70161,GENERAL PUBLIC SERVICES N.E.C.,0.0,0.0,0.0,108000000.0,71,0.6953,0.7101
"Renovation of the Newly Allocated Office at the Old Secretariat, Minna",014900100100,Local Government Service Commission,12621600,CHANCHAGA,23020101,CONSTRUCTION / PROVISION OF OFFICE BUILDINGS,70131,GENERAL PERSONNEL SERVICES,0.0,30000000.0,0.0,40000000.0,71,0.7108,0.7254
"Construction of Car Park at Local Government Commission, Minna",014900100100,Local Government Service Commission,12642600,STATE WIDE,23020101,CONSTRUCTION / PROVISION OF OFFICE BUILDINGS,70131,GENERAL PERSONNEL SERVICES,0.0,10000000.0,0.0,0.0,71,0.7263,0.7407
Purchase of Additional 15nos Desk top Computers,014900100100,Local Government Service Commission,12642600,STATE WIDE,23010113,PURCHASE OF COMPUTERS,70131,GENERAL PERSONNEL SERVICES,0.0,10000000.0,0.0,30000000.0,71,0.7418,0.756
Construction of 1no Guest House at Lemu,016100100100,Office of the Secretary to the State Government,12621600,CHANCHAGA,23020102,CONSTRUCTION / PROVISION OF RESIDENTIAL BUILDINGS,70133,OTHER GENERAL SERVICES,150000000.0,100000000.0,80000000.0,0.0,71,0.7565,0.7713
Renovation of Government Lodge at Agaie,016100100100,Office of the Secretary to the State Government,12621600,CHANCHAGA,23030101,REHABILITATION / REPAIRS OF RESIDENTIAL BUILDING,70133,OTHER GENERAL SERVICES,385000000.0,68000000.0,50000000.0,0.0,71,0.7721,0.7866
"Construction of Wall Fence at Government Lodge, Agaie",016100100100,Office of the Secretary to the State Government,12621600,CHANCHAGA,23020101,CONSTRUCTION / PROVISION OF OFFICE BUILDINGS,70131,GENERAL PERSONNEL SERVICES,50000000.0,32000000.0,30000000.0,0.0,71,0.7876,0.8019
Purchase of 10no Desktop Computers for the ICT Unit,016100100100,Office of the Secretary to the State Government,12621600,CHANCHAGA,23010113,PURCHASE OF COMPUTERS,70131,GENERAL PERSONNEL SERVICES,100000000.0,5000000.0,2500000.0,0.0,71,0.8023,0.8172
Purchase of 42no HP Laptop Computers for the ICT Unit,016100100100,Office of the Secretary to the State Government,12621600,CHANCHAGA,23010113,PURCHASE OF COMPUTERS,70131,GENERAL PERSONNEL SERVICES,0.0,50400000.0,40000000.0,0.0,71,0.8178,0.8325
"Provision of Internet Installation Accessories: 3TB Back-up Server, 10no set of Router, Internet Switch and 10no set of Tables and Chairs",016100100100,Office of the Secretary to the State Government,12621600,CHANCHAGA,23020127,CONSTRUCTION OF ICT INFRASTRUCTURES,70131,GENERAL PERSONNEL SERVICES,0.0,3800000.0,1753475.0,0.0,72,0.1381,0.1527
"Provision of 20nos executive chairs and tables, 5nos 10 seater conference tables and chairs, 10nos reception desks, 5nos dining table and chairs at the New SSG's Complex",016100100100,Office of the Secretary to the State Government,12621600,CHANCHAGA,23010112,PURCHASE OF OFFICE FURNITURE AND FITTINGS,70131,GENERAL PERSONNEL SERVICES,0.0,0.0,290000000.0,0.0,72,0.1569,0.1799
Construction of Political appointees' office Complex Minna,016100100100,Office of the Secretary to the State Government,12621600,CHANCHAGA,23020101,CONSTRUCTION / PROVISION OF OFFICE BUILDINGS,70131,GENERAL PERSONNEL SERVICES,0.0,400000000.0,0.0,20000000000.0,72,0.1806,0.1948
Construction of additional 14no. SSG staff offices,016100100100,Office of the Secretary to the State Government,12621600,CHANCHAGA,23020101,CONSTRUCTION / PROVISION OF OFFICE BUILDINGS,70133,OTHER GENERAL SERVICES,0.0,0.0,0.0,193450000.0,72,0.1953,0.2101
"Purchase of 60No Tables, 13no. confrenece table, 90no. Chairs for progress court 84 behind Zarumai college",016100100100,Office of the Secretary to the State Government,12621600,CHANCHAGA,23010112,PURCHASE OF OFFICE FURNITURE AND FITTINGS,70133,OTHER GENERAL SERVICES,0.0,0.0,0.0,56550000.0,72,0.2108,0.2254
Purchase of 2no Fire Fighting Trucks,016100200100,Niger State Fire Service,12642600,STATE WIDE,23010107,PURCHASE OF TRUCKS,70321,FIRE PROTECTION SERVICES,5000000.0,204000000.0,0.0,378000000.0,72,0.2271,0.2334
Purchase of 2No. Toyota Hilux,016100200100,Niger State Fire Service,12621600,CHANCHAGA,23010105,PURCHASE OF MOTOR VEHICLES,70133,OTHER GENERAL SERVICES,292102500.0,200000000.0,0.0,22000000.0,72,0.2361,0.2427
"Purchase of 150no. Fire fighting Hoses, 80No. Handgrech control, 50no. Standing Pipe and 100No. Rainboot",016100200100,Niger State Fire Service,12642600,STATE WIDE,23010123,PURCHASE OF FIRE FIGHTING EQUIPMENT,70321,FIRE PROTECTION SERVICES,2897500.0,30000000.0,0.0,30000000.0,72,0.2443,0.2591
Purchase of 250No. Personnel Uniform and Accoutrement,016100200100,Niger State Fire Service,12642600,STATE WIDE,23010123,PURCHASE OF FIRE FIGHTING EQUIPMENT,70321,FIRE PROTECTION SERVICES,0.0,16000000.0,0.0,10000000.0,72,0.2598,0.2744
iv. Renovation of Comptroller House,016100200100,Niger State Fire Service,12621600,CHANCHAGA,23030101,REHABILITATION / REPAIRS OF RESIDENTIAL BUILDING,70133,OTHER GENERAL SERVICES,0.0,0.0,0.0,30000000.0,72,0.2753,0.2897
vi. Purchase of 15no Hp Laptops with Printers,016100200100,Niger State Fire Service,12621600,CHANCHAGA,23010113,PURCHASE OF COMPUTERS,70133,OTHER GENERAL SERVICES,0.0,0.0,0.0,30000000.0,72,0.2917,0.2978
"Upgrading of Archieves at the Cabinet Office, Minna",016100700100,Cabinet Office,12621600,CHANCHAGA,23030121,REHABILITATION / REPAIRS OF OFFICE BUILDINGS,70131,GENERAL PERSONNEL SERVICES,30000000.0,30000000.0,0.0,30000000.0,72,0.2998,0.3142
"v. Purchase of 2no Digital Cameras, 1no Smart TV, GPS/Sat Nav, Input and Output Devices for Real time Data Tracking",016101300100,Social Investment Programme (SIP),12621600,CHANCHAGA,23010129,PURCHASE OF INDUSTRIAL EQUIPMENT,70133,OTHER GENERAL SERVICES,500000000.0,45000000.0,0.0,0.0,72,0.3154,0.3295
vi. Purchase of 10no Laptop Computers,016101300100,Social Investment Programme (SIP),12621600,CHANCHAGA,23010113,PURCHASE OF COMPUTERS,70133,OTHER GENERAL SERVICES,0.0,19000000.0,0.0,0.0,72,0.3301,0.3448
vii. Repair of Damaged Rooof/Ceillings and Other Renovation Work on the Offices,016101300100,Social Investment Programme (SIP),12621600,CHANCHAGA,23030121,REHABILITATION / REPAIRS OF OFFICE BUILDINGS,70133,OTHER GENERAL SERVICES,1500000000.0,22000000.0,0.0,0.0,72,0.3456,0.3601
purchase of 1000no. Tablets for Data capturing of poor & vulnerable households,016101300100,Social Investment Programme (SIP),12621600,CHANCHAGA,23010113,PURCHASE OF COMPUTERS,70133,OTHER GENERAL SERVICES,0.0,420000000.0,105398650.0,0.0,72,0.3611,0.3754
"ix. Social Investment Programme (N-POWER) . DD = 10,050,000,000.00 : CC = 213,165,089.00",016101300100,Social Investment Programme (SIP),12621600,CHANCHAGA,23050108,Skills Acquisition,70133,OTHER GENERAL SERVICES,0.0,3871419080.0,0.0,10263165089.0,72,0.3758,0.3907
x. Partnership for the Production of Beans - NGSFP,016101300100,Social Investment Programme (SIP),12621600,CHANCHAGA,23050101,RESEARCH AND DEVELOPMENT,70133,OTHER GENERAL SERVICES,0.0,301891200.0,0.0,0.0,72,0.3913,0.406
Purchase of 25no Tables and chairs,016101300100,Social Investment Programme (SIP),12621600,CHANCHAGA,23010112,PURCHASE OF OFFICE FURNITURE AND FITTINGS,70133,OTHER GENERAL SERVICES,0.0,6000000.0,0.0,0.0,72,0.4069,0.4213
Renovation of NGSACA office minna,016101400100,Niger State Agency for the Control of AIDS (NGSACA),12621600,CHANCHAGA,23030101,REHABILITATION / REPAIRS OF RESIDENTIAL BUILDING,70711,PHARMACEUTICAL PRODUCTS,430000000.0,50000000.0,0.0,120000000.0,72,0.4224,0.4366
Procurement of HIV/Syphillis dual combo Test kits (USAID/CCRN),016101400100,Niger State Agency for the Control of AIDS (NGSACA),12642600,STATE WIDE,23010122,PURCHASE OF HEALTH / MEDICAL EQUIPMENT,70711,PHARMACEUTICAL PRODUCTS,0.0,2100000000.0,0.0,0.0,72,0.4371,0.4519
Early infant diagnosis (EID) Sample Collection Kits (USAID/HIV&OVC- SFH),016101400100,Niger State Agency for the Control of AIDS (NGSACA),12642600,STATE WIDE,23010122,PURCHASE OF HEALTH / MEDICAL EQUIPMENT,70711,PHARMACEUTICAL PRODUCTS,320000000.0,412000000.0,0.0,0.0,72,0.4526,0.4672
"provision of 3M passport reader, colour printer, visa and printings link",016101500100,Pilgrims Welfare Commission,12621600,CHANCHAGA,23010114,PURCHASE OF COMPUTER PRINTERS,70131,GENERAL PERSONNEL SERVICES,0.0,10000000.0,0.0,0.0,72,0.4722,0.4784
extentension of Electricity to Hajj camp,016101500100,Pilgrims Welfare Commission,12620500,BOSSO,23020103,CONSTRUCTION / PROVISION OF ELECTRICITY,70435,ELECTRICITY,0.0,30000000.0,0.0,50000000.0,72,0.4837,0.4978
Renovation of 6nos office at pilgrims welfare Board Minna,016101500100,Pilgrims Welfare Commission,12642600,STATE WIDE,23020101,CONSTRUCTION / PROVISION OF OFFICE BUILDINGS,70131,GENERAL PERSONNEL SERVICES,280000000.0,20000000.0,0.0,150000000.0,72,0.4984,0.5131
Rehabilitation of Hajj Camp Minna,016101500100,Pilgrims Welfare Commission,12621600,CHANCHAGA,23030121,REHABILITATION / REPAIRS OF OFFICE BUILDINGS,70841,RELIGIOUS AND OTHER COMMUNITY SERVICES,0.0,40000000.0,0.0,0.0,72,0.5139,0.5284
Renovation of Religious Centers Across the State,016101600100,Bureau of Religious Affairs,12642600,STATE WIDE,23020118,CONSTRUCTION / PROVISION OF INFRASTRUCTURE,70841,RELIGIOUS AND OTHER COMMUNITY SERVICES,46000000.0,595834200.0,8000000.0,115000000.0,72,0.5294,0.5436
"Purchase of 10,000nos Holy Books for Quranic Recitation Competition as gift.",016101600100,Bureau of Religious Affairs,12642600,STATE WIDE,23010124,PURCHASE OF TEACHING / LEARNING AID EQUIPMENT,70841,RELIGIOUS AND OTHER COMMUNITY SERVICES,17000000.0,29140000.0,15000000.0,0.0,72,0.5441,0.5589
Monitoring and Evaluation of Government Interventions,016101600100,Bureau of Religious Affairs,12642600,STATE WIDE,23050103,MONITORING AND EVALUATION,70841,RELIGIOUS AND OTHER COMMUNITY SERVICES,10500000.0,30000000.0,0.0,10000000.0,72,0.5596,0.5742
Reconstruction of Shariah Commission Hall,016101600100,Bureau of Religious Affairs,12621600,CHANCHAGA,23030121,REHABILITATION / REPAIRS OF OFFICE BUILDINGS,70841,RELIGIOUS AND OTHER COMMUNITY SERVICES,13000000.0,50000000.0,10000000.0,0.0,72,0.5752,0.5895
purchase of 25no. Public address system for special Ramadan meeting and Tafseer,016101600100,Bureau of Religious Affairs,12642600,STATE WIDE,23030113,REHABILITATION / REPAIRS - ROADS,70841,RELIGIOUS AND OTHER COMMUNITY SERVICES,95000000.0,30860000.0,0.0,0.0,72,0.5907,0.6048
"Purchase of 1no. Executive table , 13n0 table and chairs, 50no. Confrence chairs",016101600100,Bureau of Religious Affairs,12621600,CHANCHAGA,23010112,PURCHASE OF OFFICE FURNITURE AND FITTINGS,70841,RELIGIOUS AND OTHER COMMUNITY SERVICES,1228500000.0,0.0,0.0,21840000.0,72,0.6054,0.6201
Purchase of 5no. Hp laptop computers,016101600100,Bureau of Religious Affairs,12621600,CHANCHAGA,23010113,PURCHASE OF COMPUTERS,70841,RELIGIOUS AND OTHER COMMUNITY SERVICES,0.0,0.0,0.0,1600000.0,72,0.6209,0.6354
purchase of 4no. Photocopier machines,016101600100,Bureau of Religious Affairs,12621600,CHANCHAGA,23010115,PURCHASE OF PHOTOCOPYING MACHINES,70841,RELIGIOUS AND OTHER COMMUNITY SERVICES,0.0,0.0,0.0,1560000.0,72,0.6364,0.6507
"Purchase of Executive Chairs, Visitors Chairs, Executive Tables and Split AC",016101700100,Niger State Liquor Board,12621600,CHANCHAGA,23010112,PURCHASE OF OFFICE FURNITURE AND FITTINGS,70841,RELIGIOUS AND OTHER COMMUNITY SERVICES,0.0,0.0,0.0,20000000.0,72,0.6511,0.666
Construction of Ultra Morden Head office for Niger state Internat Revenue Service,016102000100,Niger State Public Private Partnership Agency,12621600,CHANCHAGA,23020101,CONSTRUCTION / PROVISION OF OFFICE BUILDINGS,70411,GENERAL ECONOMIC AND COMMERCIALAFFAIRS,0.0,616224140.0,0.0,0.0,72,0.6667,0.6813
Development of Kontagora Market Face 11,016102000100,Niger State Public Private Partnership Agency,12631000,KONTAGORA,23020125,CONSTRUCTION OF POWER GENERATING PLANTS,70411,GENERAL ECONOMIC AND COMMERCIALAFFAIRS,0.0,1014580094.0,0.0,0.0,72,0.6822,0.6966
Construction of Mariga Livestock and Produce Market,016102000100,Niger State Public Private Partnership Agency,12631400,MARIGA,23020125,CONSTRUCTION OF POWER GENERATING PLANTS,70411,GENERAL ECONOMIC AND COMMERCIALAFFAIRS,0.0,9840000.0,0.0,0.0,72,0.6977,0.7119
Development of Old Garage to shopping complex at Suleja,016102000100,Niger State Public Private Partnership Agency,12622300,SULEJA,23020125,CONSTRUCTION OF POWER GENERATING PLANTS,70411,GENERAL ECONOMIC AND COMMERCIALAFFAIRS,0.0,1359880361.0,0.0,0.0,72,0.7124,0.7272
Coordination/monitoring of Public Private Partnaship projects of the State,016102000100,Niger State Public Private Partnership Agency,12621600,CHANCHAGA,23050103,MONITORING AND EVALUATION,70411,GENERAL ECONOMIC AND COMMERCIALAFFAIRS,0.0,90015737.85,0.0,0.0,72,0.7279,0.7425
i.Construction of BidaTrailer Park,016102000100,Niger State Public Private Partnership Agency,12610300,BIDA,23020124,CONSTRUCTION OF MARKETS/PARKS,70411,GENERAL ECONOMIC AND COMMERCIALAFFAIRS,0.0,0.0,0.0,1800000000.0,72,0.7435,0.7578
ii. Development of Trailer park at Sabon Wuse,016102000100,Niger State Public Private Partnership Agency,12622400,TAFA,23020124,CONSTRUCTION OF MARKETS/PARKS,70411,GENERAL ECONOMIC AND COMMERCIALAFFAIRS,0.0,0.0,0.0,1800000000.0,72,0.7582,0.7731
iii. Development of Garatu international Yam Market,016102000100,Niger State Public Private Partnership Agency,12620500,BOSSO,23020124,CONSTRUCTION OF MARKETS/PARKS,70411,GENERAL ECONOMIC AND COMMERCIALAFFAIRS,0.0,0.0,0.0,1123000000.0,72,0.7737,0.7884
iv. Development of Trailer Park Suleja,016102000100,Niger State Public Private Partnership Agency,12622300,SULEJA,23020124,CONSTRUCTION OF MARKETS/PARKS,70411,GENERAL ECONOMIC AND COMMERCIALAFFAIRS,0.0,0.0,0.0,1000000000.0,72,0.7892,0.8036
Coordination/monitoring of PPP Projects,016102000100,Niger State Public Private Partnership Agency,12642600,STATE WIDE,23050103,MONITORING AND EVALUATION,70411,GENERAL ECONOMIC AND COMMERCIALAFFAIRS,0.0,0.0,0.0,177000000.0,72,0.8047,0.8189
"Purchase of 10no. Laser jet printer, 10no. Ink jet printer, 50no. Encoders and 50no. RIFD smart cards.",016400100100,Ministry of special Duties and Intergovernmental Affairs,12621600,CHANCHAGA,23010114,PURCHASE OF COMPUTER PRINTERS,70131,GENERAL PERSONNEL SERVICES,0.0,100000000.0,0.0,0.0,72,0.8194,0.8342
Development of Unified cloud infrastructure for state wide application,016400100100,Ministry of special Duties and Intergovernmental Affairs,12642600,STATE WIDE,23050102,COMPUTER SOFTWARE ACQUISITION,70461,COMMUNICATION,0.0,50000000.0,0.0,100000000.0,73,0.1348,0.1489
Establishment of State Contact Center for Niger State Federal Coordinating Unit,016400100100,Ministry of special Duties and Intergovernmental Affairs,12642600,STATE WIDE,23050102,COMPUTER SOFTWARE ACQUISITION,70461,COMMUNICATION,0.0,200000000.0,0.0,200000000.0,73,0.1495,0.1642
Construction of Computer village at Borgu,016400100100,Ministry of special Duties and Intergovernmental Affairs,12630400,BORGU,23020127,CONSTRUCTION OF ICT INFRASTRUCTURES,70461,COMMUNICATION,0.0,100000000.0,0.0,100000000.0,73,0.165,0.1795
Digitization of State Library,016400100100,Ministry of special Duties and Intergovernmental Affairs,12621600,CHANCHAGA,23020127,CONSTRUCTION OF ICT INFRASTRUCTURES,70461,COMMUNICATION,0.0,70000000.0,0.0,0.0,73,0.1806,0.1948
Development of Computer softwares for State Library,016400100100,Ministry of special Duties and Intergovernmental Affairs,12621600,CHANCHAGA,23050102,COMPUTER SOFTWARE ACQUISITION,70461,COMMUNICATION,0.0,50000000.0,0.0,0.0,73,0.1953,0.2101
"Puchase of 10no. Executive tables and chairs, 20no for the state Library",016400100100,Ministry of special Duties and Intergovernmental Affairs,12621600,CHANCHAGA,23010112,PURCHASE OF OFFICE FURNITURE AND FITTINGS,70131,GENERAL PERSONNEL SERVICES,0.0,50000000.0,0.0,0.0,73,0.2108,0.2254
Provision of Local Area Network (LAN) Connectivity for MDAs,016400100100,Ministry of special Duties and Intergovernmental Affairs,12642600,STATE WIDE,23050102,COMPUTER SOFTWARE ACQUISITION,70461,COMMUNICATION,0.0,60000000.0,0.0,200000000.0,73,0.2263,0.2407
"Purchase of30no. Screen reader, 30no.Braille Keyboard and 30no.Screen Magnifiers for training of People Living with Disabilities",016400100100,Ministry of special Duties and Intergovernmental Affairs,12642600,STATE WIDE,23010113,PURCHASE OF COMPUTERS,70133,OTHER GENERAL SERVICES,0.0,100000000.0,0.0,92400000.0,73,0.2451,0.2597
Establishments of Electronic Documention Unit for Goverment House and Ministry of Finance,016400100100,Ministry of special Duties and Intergovernmental Affairs,12621600,CHANCHAGA,23050102,COMPUTER SOFTWARE ACQUISITION,70461,COMMUNICATION,0.0,100000000.0,0.0,100000000.0,73,0.2647,0.2789
Sectoral Training for Civil Servants on IT,016400100100,Ministry of special Duties and Intergovernmental Affairs,12642600,STATE WIDE,23050108,Skills Acquisition,70131,GENERAL PERSONNEL SERVICES,0.0,100000000.0,0.0,150000000.0,73,0.2794,0.2942
Development of Software for Hajj and pilgrims,016400100100,Ministry of special Duties and Intergovernmental Affairs,12642600,STATE WIDE,23050102,COMPUTER SOFTWARE ACQUISITION,70461,COMMUNICATION,0.0,150000000.0,0.0,0.0,73,0.2949,0.3095
"Purchase of 5no Chagam (SUV) Hybrid, 2025 Model: CS55/CS95(EV)",016400100100,Ministry of special Duties and Intergovernmental Affairs,12642600,STATE WIDE,23010106,PURCHASE OF VANS,70461,COMMUNICATION,0.0,0.0,0.0,340000000.0,73,0.3105,0.3248
Purchase of 2no BYD (18seater Bus) XIA-Summer (DM-i),016400100100,Ministry of special Duties and Intergovernmental Affairs,12642600,STATE WIDE,23010108,PURCHASE OF BUSES,70461,COMMUNICATION,0.0,0.0,0.0,132600000.0,73,0.326,0.3401
Purchase of 3no Hilux (Cargo Truck) 2025 Model,016400100100,Ministry of special Duties and Intergovernmental Affairs,12642600,STATE WIDE,23010106,PURCHASE OF VANS,70461,COMMUNICATION,0.0,0.0,0.0,195000000.0,73,0.3407,0.3554
Provision of alternative Power Backups for UNDP Maker-Space (Solar Power System),016400100100,Ministry of special Duties and Intergovernmental Affairs,12642600,STATE WIDE,23020103,CONSTRUCTION / PROVISION OF ELECTRICITY,70461,COMMUNICATION,0.0,0.0,0.0,490000000.0,73,0.3562,0.3707
Development of Software for MDAs,016400100100,Ministry of special Duties and Intergovernmental Affairs,12642600,STATE WIDE,23050102,COMPUTER SOFTWARE ACQUISITION,70461,COMMUNICATION,0.0,0.0,0.0,100000000.0,73,0.3717,0.386
Construction of 10km Rural Roads and Markets)World Bank at Katcha,021500100100,Ministry of Agriculture,12610900,KATCHA,23020114,CONSTRUCTION / PROVISION OF ROADS,70451,ROAD TRANSPORT,0.0,0.0,0.0,5400000000.0,73,0.3864,0.4013
Construction of 10km Rural Roads and Markets)World Bank at shiroro,021500100100,Ministry of Agriculture,12622200,SHIRORO,23020114,CONSTRUCTION / PROVISION OF ROADS,70451,ROAD TRANSPORT,0.0,14200000000.0,5398952324.3,5400000000.0,73,0.402,0.4166
Construction of 10km Rural Roads and Markets)World Bank) Agwara,021500100100,Ministry of Agriculture,12630200,AGWARA,23020114,CONSTRUCTION / PROVISION OF ROADS,70451,ROAD TRANSPORT,0.0,0.0,0.0,7343598443.0,73,0.4175,0.4319
construcion of 10no. Large Silos for storage of agricultural produce,021500100100,Ministry of Agriculture,12621600,CHANCHAGA,23020113,CONSTRUCTION / PROVISION OF AGRICULTURAL FACILITIES,70421,AGRICULTURE,359063772.8,135000000.0,0.0,1000000000.0,73,0.433,0.4472
"ii. Purchase/Production of 50kg and 25kg empty customized bag i. Proceurement of 200 liters Dichlorovous, 200 litres Cypermethrin,",021500100100,Ministry of Agriculture,12642600,STATE WIDE,23010127,PURCHASE OF AGRICULTURAL EQUIPMENT,70421,AGRICULTURE,0.0,15000000.0,0.0,0.0,73,0.4477,0.4689
"200 litres Dermothate, 100 liters Caterpillar force, 18 tins Alluminium phosphate tablet in tubes and container, 2000no. Neemsol (GA) and",021500100100,Ministry of Agriculture,12642600,STATE WIDE,23010127,PURCHASE OF AGRICULTURAL EQUIPMENT,70421,AGRICULTURE,0.0,33830000.0,0.0,0.0,73,0.4706,0.4854
40000no. Agriguard ii. Procurement of 10no sprayer unit of protective clothing,021500100100,Ministry of Agriculture,12642600,STATE WIDE,23010127,PURCHASE OF AGRICULTURAL EQUIPMENT,70421,AGRICULTURE,22548294925.8,1000000.0,0.0,0.0,73,0.4877,0.5082
iii. Take off on the operation of Taskforce on fake and adulterated Agrochemical,021500100100,Ministry of Agriculture,12642600,STATE WIDE,23050101,RESEARCH AND DEVELOPMENT,70482,"R & D AGRICULTURE, FORESTRY, FISHING AND HUNTING",50000000.0,25000000.0,0.0,0.0,73,0.509,0.5234
iv. World Food day celebration,021500100100,Ministry of Agriculture,12642600,STATE WIDE,23050104,ANNIVERSARIES/CELEBRATIONS,70482,"R & D AGRICULTURE, FORESTRY, FISHING AND HUNTING",0.0,100000000.0,0.0,0.0,73,0.5245,0.5387
i. Fencing and Equiping of Farm Institutes at Tegina,021500100100,Ministry of Agriculture,12622000,RAFI,23020113,CONSTRUCTION / PROVISION OF AGRICULTURAL FACILITIES,70443,CONSTRUCTION,98000000.0,150000000.0,0.0,100000000.0,73,0.5392,0.554
ii. Rehabilitation of Farm Institutes at Bida,021500100100,Ministry of Agriculture,12610300,BIDA,23030112,REHABILITATION / REPAIRS - AGRICICULTURAL FACILITIES,70421,AGRICULTURE,583500000.0,50000000.0,0.0,100000000.0,73,0.5547,0.5693
iii. Establishment of a centre for conservation and sustainable Agriculture at Bida farm institute,021500100100,Ministry of Agriculture,12610300,BIDA,23020113,CONSTRUCTION / PROVISION OF AGRICULTURAL FACILITIES,70443,CONSTRUCTION,15906767.0,200000000.0,0.0,0.0,73,0.5703,0.5846
iv. Provision of infrastructure for Niger Foods farm estate roads,021500100100,Ministry of Agriculture,12621600,CHANCHAGA,23020113,CONSTRUCTION / PROVISION OF AGRICULTURAL FACILITIES,70443,CONSTRUCTION,20000000.0,565000000.0,0.0,0.0,73,0.5858,0.5999
"i. Provision of 500 Tube Wells at Ndiga, Yandayi, Tufa, Zhitu and Gbogan.",021500100100,Ministry of Agriculture,12642600,STATE WIDE,23020105,CONSTRUCTION / PROVISION OF WATER FACILITIES,70631,WATER SUPPLY,0.0,915000000.0,200000000.0,136500000.0,73,0.6005,0.6152
ii. Rehabilitation of 2no. irrigation schemes at Chanchaga and Ja'agi in Mokwa,021500100100,Ministry of Agriculture,12621600,CHANCHAGA,23030112,REHABILITATION / REPAIRS - AGRICICULTURAL FACILITIES,70631,WATER SUPPLY,0.0,1161170000.0,170914472.01,0.0,73,0.616,0.6305
iii. Procurement of 5Nos HR3 7.5 Hp solar powered pumps,021500100100,Ministry of Agriculture,12621600,CHANCHAGA,23020105,CONSTRUCTION / PROVISION OF WATER FACILITIES,70631,WATER SUPPLY,0.0,1000000000.0,0.0,0.0,73,0.6315,0.6458
Purchase and distribution of 100no. Heavy tractor across the state,021500100100,Ministry of Agriculture,12642600,STATE WIDE,23010127,PURCHASE OF AGRICULTURAL EQUIPMENT,70421,AGRICULTURE,50800000.0,2000000000.0,0.0,3000000000.0,73,0.6462,0.6611
"ii. Purchase and distribution 10,000 bags of fertilizer to IDP camps across the State",021500100100,Ministry of Agriculture,12642600,STATE WIDE,23010127,PURCHASE OF AGRICULTURAL EQUIPMENT,70421,AGRICULTURE,0.0,500000000.0,0.0,0.0,73,0.6618,0.6764
procurement of 500no Bags of NPK fertilizer across the State,021500100100,Ministry of Agriculture,12642600,STATE WIDE,23010127,PURCHASE OF AGRICULTURAL EQUIPMENT,70421,AGRICULTURE,22500000.0,30000000.0,0.0,0.0,73,0.6773,0.6917
"NUT.1.MS.Activity 1: Promote production of nutrition reached varieties ( sweet potatoes, provitamin A, maize, cassava and cowpea) in the State.",021500100100,Ministry of Agriculture,12642600,STATE WIDE,23050108,Skills Acquisition,70421,AGRICULTURE,0.0,200000000.0,0.0,30000000.0,73,0.692,0.715
i. Consultancy and Agricultural Programme/Projects,021500100100,Ministry of Agriculture,12642600,STATE WIDE,23050101,RESEARCH AND DEVELOPMENT,70482,"R & D AGRICULTURE, FORESTRY, FISHING AND HUNTING",285000000.0,200000000.0,0.0,200000000.0,73,0.7157,0.7299
ii. Analysis of Tools on Food and Nutrition Insecurity,021500100100,Ministry of Agriculture,12642600,STATE WIDE,23050101,RESEARCH AND DEVELOPMENT,70482,"R & D AGRICULTURE, FORESTRY, FISHING AND HUNTING",3578196622.15,50000000.0,0.0,50000000.0,73,0.7304,0.7452
iii. Quarterly Monitoring and Evaluation of Agricultural Projects,021500100100,Ministry of Agriculture,12642600,STATE WIDE,23050103,MONITORING AND EVALUATION,70482,"R & D AGRICULTURE, FORESTRY, FISHING AND HUNTING",0.0,50000000.0,0.0,50000000.0,73,0.7459,0.7605
iv. Purchase of 200no. Ipads for farmers census and Survey across the state,021500100100,Ministry of Agriculture,12642600,STATE WIDE,23050101,RESEARCH AND DEVELOPMENT,70482,"R & D AGRICULTURE, FORESTRY, FISHING AND HUNTING",0.0,350000000.0,170914372.01,350000000.0,73,0.7614,0.7758
"i. Acquisition and Development of 250,000 Hectre of Land Across the 25 LGAs",021500100100,Ministry of Agriculture,12642600,STATE WIDE,23010101,PURCHASE / ACQUISITION OF LAND,70621,COMMUNITY DEVELOPMENT,0.0,390000000.0,0.0,0.0,73,0.777,0.7911
renovation of Green House Facilities Maikunkele,021500100100,Ministry of Agriculture,12620500,BOSSO,23030112,REHABILITATION / REPAIRS - AGRICICULTURAL FACILITIES,70421,AGRICULTURE,0.0,20000000.0,0.0,0.0,73,0.7917,0.8064
iii. Promoting carbon credit farming practices across the State,021500100100,Ministry of Agriculture,12642600,STATE WIDE,23050101,RESEARCH AND DEVELOPMENT,70421,AGRICULTURE,0.0,50000000.0,0.0,50000000.0,73,0.808,0.8144
"iv. Planting of 50,000no. Of shea butter trees across the state",021500100100,Ministry of Agriculture,12642600,STATE WIDE,23040101,TREE PLANTING,70422,FORESTRY,0.0,50000000.0,0.0,50000000.0,73,0.817,0.8236
"v. Establishment of Metrological Centres at Bida, Mokwa, Borgu, Lapai, Suleja, Kontagora and Kuta",021500100100,Ministry of Agriculture,12642600,STATE WIDE,23020118,CONSTRUCTION / PROVISION OF INFRASTRUCTURE,70482,"R & D AGRICULTURE, FORESTRY, FISHING AND HUNTING",0.0,84000000.0,0.0,100000000.0,73,0.826,0.8401
vi. Purchase 4no. of DJI Agras T40 agricultural Drone for Training of 75 youth across the state,021500100100,Ministry of Agriculture,12642600,STATE WIDE,23010131,PURCHASE OF AIR NAVIGATIONAL EQUIPMENT,70482,"R & D AGRICULTURE, FORESTRY, FISHING AND HUNTING",0.0,80000000.0,0.0,250000000.0,74,0.1348,0.1489
vii. Pre- season training of farmers across the State,021500100100,Ministry of Agriculture,12642600,STATE WIDE,23050101,RESEARCH AND DEVELOPMENT,70482,"R & D AGRICULTURE, FORESTRY, FISHING AND HUNTING",0.0,45000000.0,0.0,24000000.0,74,0.1495,0.1642
viii.Publicity on Agricultural projects and programmes across the State,021500100100,Ministry of Agriculture,12642600,STATE WIDE,23050101,RESEARCH AND DEVELOPMENT,70482,"R & D AGRICULTURE, FORESTRY, FISHING AND HUNTING",0.0,60000000.0,0.0,0.0,74,0.165,0.1795
i. Raising of Nursery at the State Secretariat,021500100100,Ministry of Agriculture,12621600,CHANCHAGA,23040101,TREE PLANTING,70422,FORESTRY,0.0,60000000.0,0.0,0.0,74,0.1814,0.1876
ii.Development of Coconut plantation at Agaie Irrigation Scheme,021500100100,Ministry of Agriculture,12610100,AGAIE,23040101,TREE PLANTING,70422,FORESTRY,0.0,50000000.0,0.0,60000000.0,74,0.1904,0.1968
iii. Establishment of Palm oil processing Plant at Labozhi,021500100100,Ministry of Agriculture,12611200,LAVUN,23020113,CONSTRUCTION / PROVISION OF AGRICULTURAL FACILITIES,70421,AGRICULTURE,0.0,70000000.0,0.0,0.0,74,0.1985,0.2133
"i. Purchase 500 Units of Rice Threshing Machine, 3000no. Seed Planters, 8HP Power Tiller and 1000 Units of Beans grading and Sorting Machines.",021500100100,Ministry of Agriculture,12642600,STATE WIDE,23010127,PURCHASE OF AGRICULTURAL EQUIPMENT,70421,AGRICULTURE,0.0,600000000.0,0.0,480000000.0,74,0.2141,0.2366
"ii.Purchase and distribution of 50,000kg each of improved seeds for Rice, Maize, Soya beans, cowpea and Sesame",021500100100,Ministry of Agriculture,12642600,STATE WIDE,23010127,PURCHASE OF AGRICULTURAL EQUIPMENT,70421,AGRICULTURE,0.0,100000000.0,0.0,0.0,74,0.2369,0.2515
iii. Training of Women and youth on income generating activities,021500100100,Ministry of Agriculture,12642600,STATE WIDE,23050108,Skills Acquisition,70421,AGRICULTURE,0.0,20000000.0,0.0,0.0,74,0.2533,0.2595
Training of Women and Youth on Good Agricultural Practices(GAPS) and Provision of Working Tools,021500100100,Ministry of Agriculture,12642600,STATE WIDE,23050108,Skills Acquisition,70421,AGRICULTURE,0.0,70000000.0,0.0,0.0,74,0.2614,0.276
ix. Alliance for Green Revolution in Africa)AGRA),021500100100,Ministry of Agriculture,12642600,STATE WIDE,23050101,RESEARCH AND DEVELOPMENT,70421,AGRICULTURE,0.0,327586400.0,0.0,177013400.0,74,0.2778,0.284
"Food and Agricultural Organisation (FAO) Support to sheyi grazing reserve on the cultivation of 5,000 hectre of Rapia grass",021500100100,Ministry of Agriculture,12642600,STATE WIDE,23050101,RESEARCH AND DEVELOPMENT,70421,AGRICULTURE,0.0,397800000.0,0.0,0.0,74,0.2859,0.3005
iii. NUT:Conduct awareness creation on the establishment of home garden to 1000 household in 6 LGA,021500100100,Ministry of Agriculture,12642600,STATE WIDE,23050101,RESEARCH AND DEVELOPMENT,70421,AGRICULTURE,0.0,1250000000.0,809176385.31,50000000.0,74,0.3015,0.3158
Procurement of 300 Units of MF 375 Power Steering Tractors.,021500100100,Ministry of Agriculture,12642600,STATE WIDE,23010127,PURCHASE OF AGRICULTURAL EQUIPMENT,70421,AGRICULTURE,0.0,12000000000.0,4553955972.32,5000000000.0,74,0.317,0.3311
v. Establishment of Special Agro-Processing Zone (AFDB),021500100100,Ministry of Agriculture,12642600,STATE WIDE,23020113,CONSTRUCTION / PROVISION OF AGRICULTURAL FACILITIES,70421,AGRICULTURE,0.0,19998900000.0,4018672638.0,42050000000.0,74,0.3317,0.3464
vi. Development/Construction of the Corridor of SAPZ (Chinese Consortium),021500100100,Ministry of Agriculture,12642600,STATE WIDE,23020113,CONSTRUCTION / PROVISION OF AGRICULTURAL FACILITIES,70421,AGRICULTURE,0.0,47595065053.0,0.0,0.0,74,0.3472,0.3617
i. Fencing of Farm Institutes at Kuta,021500100100,Ministry of Agriculture,12622200,SHIRORO,23020113,CONSTRUCTION / PROVISION OF AGRICULTURAL FACILITIES,70421,AGRICULTURE,0.0,0.0,0.0,100000000.0,74,0.3627,0.377
i. Fencing of Farm Institutes at Nasko,021500100100,Ministry of Agriculture,12631300,MAGAMA,23020113,CONSTRUCTION / PROVISION OF AGRICULTURAL FACILITIES,70421,AGRICULTURE,0.0,0.0,0.0,100000000.0,74,0.3775,0.3923
"Purchase of heavy duty work benches, 50no. Technicians stools and 10no. Office desk and chairs for Minna Zonal Mechanical Offices",021500100100,Ministry of Agriculture,12621600,CHANCHAGA,23010112,PURCHASE OF OFFICE FURNITURE AND FITTINGS,70421,AGRICULTURE,0.0,0.0,0.0,45000000.0,74,0.3971,0.4113
ii. Construction of gate and security house for Minna Zonal Mechanical Office,021500100100,Ministry of Agriculture,12621600,CHANCHAGA,23020101,CONSTRUCTION / PROVISION OF OFFICE BUILDINGS,70421,AGRICULTURE,0.0,0.0,0.0,55000000.0,74,0.4158,0.4305
iii.Completion of 31 nos of shops at Minna Agro-Mechanical Workshop premises,021500100100,Ministry of Agriculture,12621600,CHANCHAGA,23020118,CONSTRUCTION / PROVISION OF INFRASTRUCTURE,70421,AGRICULTURE,0.0,0.0,0.0,100000000.0,74,0.4314,0.4458
Rehabilitation of 2 no Home Economics Skills Acquisition Centres at Suleja,021500100100,Ministry of Agriculture,12622300,SULEJA,23030121,REHABILITATION / REPAIRS OF OFFICE BUILDINGS,70421,AGRICULTURE,0.0,0.0,0.0,63000000.0,74,0.4469,0.4611
Procurement of 334no Tube well pumps for 334 Tube wells,021500100100,Ministry of Agriculture,12642600,STATE WIDE,23010143,PURCHASE OF WATER PUMPING EQUIPMENTS,70421,AGRICULTURE,0.0,0.0,0.0,27500000.0,74,0.4616,0.4764
iv. Monitoring and Evaluation,021500100100,Ministry of Agriculture,12642600,STATE WIDE,23050103,MONITORING AND EVALUATION,70421,AGRICULTURE,0.0,0.0,0.0,18000000.0,74,0.4779,0.4844
v. Procurement and Installation of Drip Irrigation Systems for 15Hactare across the state,021500100100,Ministry of Agriculture,12642600,STATE WIDE,23020113,CONSTRUCTION / PROVISION OF AGRICULTURAL FACILITIES,70421,AGRICULTURE,0.0,0.0,0.0,18000000.0,74,0.4861,0.5009
vi. Special Skill Acquisition on 15Ha drip irrigation system across the State,021500100100,Ministry of Agriculture,12642600,STATE WIDE,23050108,Skills Acquisition,70421,AGRICULTURE,0.0,0.0,0.0,23000000.0,74,0.5016,0.5162
"i. Provision of starter packs( 1000nos garden hoe, 1000nos watering can for home garden",021500100100,Ministry of Agriculture,12642600,STATE WIDE,23010127,PURCHASE OF AGRICULTURAL EQUIPMENT,70421,AGRICULTURE,0.0,0.0,0.0,50000000.0,74,0.5172,0.5315
iv. NUT: 1 Research and survey on Food processing for improved nutritional value in the State,021500100100,Ministry of Agriculture,12642600,STATE WIDE,23050101,RESEARCH AND DEVELOPMENT,70421,AGRICULTURE,0.0,0.0,0.0,50000000.0,74,0.5327,0.5468
v. NUT: 4 Monitoring and Evaluation of Nitrition activities,021500100100,Ministry of Agriculture,12642600,STATE WIDE,23050103,MONITORING AND EVALUATION,70421,AGRICULTURE,0.0,0.0,0.0,50000000.0,74,0.5482,0.5548
i.Establishment of demo plots in communites of advocacy for improved crop production,021500100100,Ministry of Agriculture,12642600,STATE WIDE,23020113,CONSTRUCTION / PROVISION OF AGRICULTURAL FACILITIES,70421,AGRICULTURE,0.0,0.0,0.0,220000000.0,74,0.5572,0.5713
ii. Survey and Research on cultivation of biofortified crops,021500100100,Ministry of Agriculture,12642600,STATE WIDE,23050101,RESEARCH AND DEVELOPMENT,70421,AGRICULTURE,0.0,0.0,0.0,250000000.0,74,0.5727,0.5793
iii. Construction of Agri-preneural facilty for training of 300 Newly Recruited Staff,021500100100,Ministry of Agriculture,12621600,CHANCHAGA,23020113,CONSTRUCTION / PROVISION OF AGRICULTURAL FACILITIES,70421,AGRICULTURE,0.0,0.0,0.0,100000000.0,74,0.5817,0.5958
vii. Construction of Agriculture Transformation Office at Minna,021500100100,Ministry of Agriculture,12621600,CHANCHAGA,23020101,CONSTRUCTION / PROVISION OF OFFICE BUILDINGS,70421,AGRICULTURE,0.0,0.0,0.0,200000000.0,74,0.5964,0.6111
viii. Expansion of Ministry of Agriculture Farm at Mokwa,021500100100,Ministry of Agriculture,12611700,MOKOWA,23030112,REHABILITATION / REPAIRS - AGRICICULTURAL FACILITIES,70421,AGRICULTURE,0.0,0.0,0.0,50000000.0,74,0.6119,0.6264
Purchase of 10no. Automated soil analyzer at farm Institute Tegina,021500100100,Ministry of Agriculture,12622000,RAFI,23010127,PURCHASE OF AGRICULTURAL EQUIPMENT,70421,AGRICULTURE,0.0,0.0,0.0,100000000.0,74,0.6275,0.6417
xiii. Research on improved seedlings production/multiplication under African Agricultural Technology Foundation,021500100100,Ministry of Agriculture,12642600,STATE WIDE,23050101,RESEARCH AND DEVELOPMENT,70421,AGRICULTURE,0.0,0.0,0.0,200000000.0,74,0.6422,0.657
xiv. Construction of Agricultural cooperative agency office in Minna,021500100100,Ministry of Agriculture,12621600,CHANCHAGA,23020101,CONSTRUCTION / PROVISION OF OFFICE BUILDINGS,70421,AGRICULTURE,0.0,0.0,0.0,2100000000.0,74,0.6577,0.6723
Repairs of 66no. Aluminium windows,021500200100,Niger State College of Agriculture,12611700,MOKOWA,23030106,REHABILITATION / REPAIRS - PUBLIC SCHOOLS,70941,FIRST STAGE OF TERTIARY EDUCATION,0.0,9715000.0,0.0,9715000.0,74,0.6732,0.6876
Purchase of 107no. Tables,021500200100,Niger State College of Agriculture,12611700,MOKOWA,23010124,PURCHASE OF TEACHING / LEARNING AID EQUIPMENT,70941,FIRST STAGE OF TERTIARY EDUCATION,0.0,12297500.0,0.0,22297500.0,74,0.6887,0.7029
Procurement of 4No. MF Tractor,021500200100,Niger State College of Agriculture,12611700,MOKOWA,23010105,PURCHASE OF MOTOR VEHICLES,70941,FIRST STAGE OF TERTIARY EDUCATION,0.0,160000000.0,0.0,160000000.0,74,0.7034,0.7182
Renovation of 6no. Classroom,021500200100,Niger State College of Agriculture,12611700,MOKOWA,23030106,REHABILITATION / REPAIRS - PUBLIC SCHOOLS,70941,FIRST STAGE OF TERTIARY EDUCATION,0.0,32987500.0,0.0,52987500.0,74,0.719,0.7334
procurement of 1no. Corolla LE 2012 model for Provost,021500200100,Niger State College of Agriculture,12611700,MOKOWA,23010105,PURCHASE OF MOTOR VEHICLES,70951,EDUCATION NOT DEFINABLE BY LEVEL,0.0,35000000.0,0.0,55000000.0,74,0.7345,0.7487
"purchase of 2no. cassava graters, 1no. Rice De-stoners an Muwo (Agricultural Technology Transfer (Agric Extension Services)",021510300100,Niger Agricultural Mechanization Development Authority (NAMDA),12611700,MOKOWA,23010127,PURCHASE OF AGRICULTURAL EQUIPMENT,70482,"R & D AGRICULTURE, FORESTRY, FISHING AND HUNTING",0.0,45535094.02,0.0,25633174.17,74,0.7492,0.764
Conduct of research on modern Agricultural Technology (Research Services),021510300100,Niger Agricultural Mechanization Development Authority (NAMDA),12642600,STATE WIDE,23050101,RESEARCH AND DEVELOPMENT,70482,"R & D AGRICULTURE, FORESTRY, FISHING AND HUNTING",0.0,31205708.88,0.0,18476121.76,74,0.7647,0.7793
Reconstruction of Offices at Minna and Kontagora and Provision of Shades,021510300100,Niger Agricultural Mechanization Development Authority (NAMDA),12621600,CHANCHAGA,23030121,REHABILITATION / REPAIRS OF OFFICE BUILDINGS,70131,GENERAL PERSONNEL SERVICES,0.0,75207646.21,0.0,16287476.71,74,0.7802,0.7946
"Purchase of knapsack sprayer, rice seeds, Maize seeds, insecticides and pestecticides",021510300100,Niger Agricultural Mechanization Development Authority (NAMDA),12642600,STATE WIDE,23010127,PURCHASE OF AGRICULTURAL EQUIPMENT,70421,AGRICULTURE,0.0,18461780.2,0.0,8716652.81,74,0.7958,0.8099
Purchase of 3no. Hp Printers and 2no. Photocopier Machines,021510300100,Niger Agricultural Mechanization Development Authority (NAMDA),12621600,CHANCHAGA,23010114,PURCHASE OF COMPUTER PRINTERS,70131,GENERAL PERSONNEL SERVICES,0.0,5145079.77,0.0,3697951.52,74,0.8105,0.8252
Conduct of Monitoring and Evaluation on Agricultural extension services in the state,021510300100,Niger Agricultural Mechanization Development Authority (NAMDA),12642600,STATE WIDE,23050103,MONITORING AND EVALUATION,70482,"R & D AGRICULTURE, FORESTRY, FISHING AND HUNTING",0.0,19257991.28,0.0,15745476.78,74,0.826,0.8405
"Purchase of 3nos parboiling pots, 6nos de- stoners and 10nos winnowers for the Agency",021510300100,Niger Agricultural Mechanization Development Authority (NAMDA),12642600,STATE WIDE,23010127,PURCHASE OF AGRICULTURAL EQUIPMENT,70421,AGRICULTURE,0.0,5186699.65,0.0,3477701.6,75,0.1348,0.1489
Value Chain Development Programme (VCDP)- Procurement of Rice mills Machine and Cassava Processing Machines for trained women,021510300100,Niger Agricultural Mechanization Development Authority (NAMDA),12642600,STATE WIDE,23010127,PURCHASE OF AGRICULTURAL EQUIPMENT,70482,"R & D AGRICULTURE, FORESTRY, FISHING AND HUNTING",0.0,4808688275.18,170095987.18,2106000000.0,75,0.1536,0.168
Agricultural Transformation Agenda Support Program Phase 1 [ATASP 1] ( provision of Gari processing and Rice milling machine),021510300100,Niger Agricultural Mechanization Development Authority (NAMDA),12642600,STATE WIDE,23010127,PURCHASE OF AGRICULTURAL EQUIPMENT,70482,"R & D AGRICULTURE, FORESTRY, FISHING AND HUNTING",0.0,2022150938.0,105398650.0,570000000.0,75,0.1765,0.1909
Capacity training for extension Agent and farmer on Horticultural crops production Agriculture Extension Services (JICA),021510300100,Niger Agricultural Mechanization Development Authority (NAMDA),12642600,STATE WIDE,23050101,RESEARCH AND DEVELOPMENT,70482,"R & D AGRICULTURE, FORESTRY, FISHING AND HUNTING",0.0,40000000.0,0.0,40000000.0,75,0.1953,0.2101
"Conduct of Annual Agricultural Production Surveys (APS), Market Price Survey (MPS) and weather Data collection",021510300100,Niger Agricultural Mechanization Development Authority (NAMDA),12642600,STATE WIDE,23050101,RESEARCH AND DEVELOPMENT,70421,AGRICULTURE,0.0,0.0,0.0,6016301.76,75,0.2108,0.2254
x. Provision of 12no. Executive tables and chairs at the NAMDA Headquarters .,021510300100,Niger Agricultural Mechanization Development Authority (NAMDA),12642600,STATE WIDE,23010112,PURCHASE OF OFFICE FURNITURE AND FITTINGS,70421,AGRICULTURE,0.0,0.0,0.0,12617644.39,75,0.2263,0.2407
xi. Purchase of 3no. Core i5 HP laptop Computers for three directorates,021510300100,Niger Agricultural Mechanization Development Authority (NAMDA),12642600,STATE WIDE,23010113,PURCHASE OF COMPUTERS,70421,AGRICULTURE,0.0,0.0,0.0,4506301.57,75,0.2418,0.256
"xii. Purchase of Survey Equipments- 4no. Global Positioning System (GPS), 10no.Measuring Tubes, 5no.thermometer and 5no.weighing Scales",021510300100,Niger Agricultural Mechanization Development Authority (NAMDA),12642600,STATE WIDE,23010133,PURCHASES OF SURVEYING EQUIPMENT,70421,AGRICULTURE,0.0,0.0,0.0,5615225.55,75,0.2565,0.2793
"xiii. Support to Smart Irrigation Systems Automate Water delivery Based on Soil Moisture and Weather Data, Reducing Water Usage by up to 50%",021510300100,Niger Agricultural Mechanization Development Authority (NAMDA),12642600,STATE WIDE,23050101,RESEARCH AND DEVELOPMENT,70421,AGRICULTURE,0.0,0.0,0.0,2778539.86,75,0.2794,0.3023
"xiv. Conduct of Research and Field Trials on Crop Varieties of Maize, Rice, Sorghum, Cassava and Yam",021510300100,Niger Agricultural Mechanization Development Authority (NAMDA),12642600,STATE WIDE,23050101,RESEARCH AND DEVELOPMENT,70421,AGRICULTURE,0.0,0.0,0.0,3889125.15,75,0.3023,0.3172
xv. Establishment of NAMDA Legacy Farms to Practicalize and Exemplify New Farming Practices,021510300100,Niger Agricultural Mechanization Development Authority (NAMDA),12642600,STATE WIDE,23050101,RESEARCH AND DEVELOPMENT,70421,AGRICULTURE,0.0,0.0,0.0,3761204.33,75,0.3178,0.3325
"v. Establishment of 9no Computerized Meteorological Stations at NAMDA Headquarter, Zonal and Area Offices",021510300100,Niger Agricultural Mechanization Development Authority (NAMDA),12642600,STATE WIDE,23050102,COMPUTER SOFTWARE ACQUISITION,70421,AGRICULTURE,87830457.42,0.0,0.0,2584166.67,75,0.3333,0.3478
vi. Provision of extention services to Farmers for improved agricultural production Across the Niger State,021510300100,Niger Agricultural Mechanization Development Authority (NAMDA),12642600,STATE WIDE,23050101,RESEARCH AND DEVELOPMENT,70421,AGRICULTURE,222943207.18,0.0,0.0,4260427.79,75,0.3489,0.3631
"vii. Purchase of 10no Motor cycles for Field Work (Transportation for Field Supervision, Data Collection and Trials)",021510300100,Niger Agricultural Mechanization Development Authority (NAMDA),12642600,STATE WIDE,23010104,PURCHASE MOTOR CYCLES,70421,AGRICULTURE,0.0,0.0,0.0,11936507.58,75,0.3636,0.3784
Procurement of 42No. Changan Mikano 2019 Model and 40No. Maxus Mikano vehicles,022000100100,Ministry of Finance,12621600,CHANCHAGA,23010105,PURCHASE OF MOTOR VEHICLES,70131,GENERAL PERSONNEL SERVICES,9870409719.0,10000000000.0,9495907742.02,8000000000.0,75,0.3791,0.3936
Purchase of 20No Toyota Hillux 2019 model (Contractor Financing),022000100100,Ministry of Finance,12621600,CHANCHAGA,23010105,PURCHASE OF MOTOR VEHICLES,70131,GENERAL PERSONNEL SERVICES,15350000000.0,1300000000.0,1300000000.0,1600000000.0,75,0.3987,0.4048
Purchase of 100no. HP Laptop Computers to MDAs,022000100100,Ministry of Finance,12621600,CHANCHAGA,23010113,PURCHASE OF COMPUTERS,70133,OTHER GENERAL SERVICES,8307711000.0,200000000.0,100000000.0,150000000.0,75,0.4109,0.417
Purchase of 45no. Hp Printer and 50no. Photocopier Machines for MDAs,022000100100,Ministry of Finance,12621600,CHANCHAGA,23010115,PURCHASE OF PHOTOCOPYING MACHINES,70112,FINANCIAL AND FISCAL AFFAIRS,270000000.0,300000000.0,270000000.0,200000000.0,75,0.4191,0.4334
Consultancy on contractor financing projects in the State.,022000100100,Ministry of Finance,12621600,CHANCHAGA,23050101,RESEARCH AND DEVELOPMENT,70112,FINANCIAL AND FISCAL AFFAIRS,829677389.75,50000000.0,26279820.02,0.0,75,0.4355,0.4415
i. Renovation of Offices in Minna,022000200100,Debt Management Bureau (DMB),12621600,CHANCHAGA,23030121,REHABILITATION / REPAIRS OF OFFICE BUILDINGS,70133,OTHER GENERAL SERVICES,0.0,20000000.0,0.0,0.0,75,0.4436,0.458
ii. Purchase of office Building for officials of Debt Management Bureau,022000200100,Debt Management Bureau (DMB),12621600,CHANCHAGA,23010102,PURCHASE OF OFFICE BUILDINGS,70133,OTHER GENERAL SERVICES,0.0,106400000.0,0.0,150000000.0,75,0.4632,0.4691
"ii. Purchase of 2no. Fire Proof Safe, 2no. 2HP Air Conditioners and 3no. HP Laser Jet Colored Printers,",022000200100,Debt Management Bureau (DMB),12621600,CHANCHAGA,23010113,PURCHASE OF COMPUTERS,70133,OTHER GENERAL SERVICES,0.0,12600000.0,0.0,0.0,75,0.4739,0.4885
"iii. Purchase of Office Equipment: 1no Excecutive Table, 1no Executive Chair, 3no Semi executive chair & Tables and 10no confrence Hall table",022000200100,Debt Management Bureau (DMB),12621600,CHANCHAGA,23010112,PURCHASE OF OFFICE FURNITURE AND FITTINGS,70133,OTHER GENERAL SERVICES,0.0,11000000.0,0.0,0.0,75,0.4894,0.5119
i. Purchase of 20no. rugged tablets and 10no. GPS handheld device for Field Inspection .,022000500100,Asset Management Agency,12642600,STATE WIDE,23010133,PURCHASES OF SURVEYING EQUIPMENT,70112,FINANCIAL AND FISCAL AFFAIRS,0.0,0.0,0.0,30000000.0,75,0.5123,0.5268
ii. Special Skill Acquisition on Asset Management,022000500100,Asset Management Agency,12642600,STATE WIDE,23050108,Skills Acquisition,70112,FINANCIAL AND FISCAL AFFAIRS,0.0,0.0,0.0,30000000.0,75,0.5286,0.5348
iii. Monitoring Assets Across the State,022000500100,Asset Management Agency,12642600,STATE WIDE,23050103,MONITORING AND EVALUATION,70112,FINANCIAL AND FISCAL AFFAIRS,0.0,0.0,0.0,20000000.0,75,0.5376,0.544
iv. Development of Framework to Attract Private Sector Investment,022000500100,Asset Management Agency,12642600,STATE WIDE,23050101,RESEARCH AND DEVELOPMENT,70112,FINANCIAL AND FISCAL AFFAIRS,0.0,0.0,0.0,20000000.0,75,0.5498,0.5564
Investment Facilitation and State Equity Participation in Joint Venture,022200100100,Ministry of Investment and Private sector Development,12642600,STATE WIDE,23050101,RESEARCH AND DEVELOPMENT,70481,"R & D GENERAL ECONOMIC, COMMERCIAL AND LABOUR AFFAIRS",110000000.0,310000000.0,300000000.0,350000000.0,75,0.5613,0.5758
Establishment of Pilot/Modular Yam Market Projets in Minna,022200100100,Ministry of Investment and Private sector Development,12621600,CHANCHAGA,23050101,RESEARCH AND DEVELOPMENT,70481,"R & D GENERAL ECONOMIC, COMMERCIAL AND LABOUR AFFAIRS",8000000.0,80000000.0,70000000.0,100000000.0,75,0.5768,0.5911
Implementation of Ease of Doing Business (SABER) in the State,022200100100,Ministry of Investment and Private sector Development,12642600,STATE WIDE,23050101,RESEARCH AND DEVELOPMENT,70481,"R & D GENERAL ECONOMIC, COMMERCIAL AND LABOUR AFFAIRS",20000000.0,50000000.0,48000000.0,50000000.0,75,0.5915,0.6064
Establishment of Inland Container Terminal at Mokwa,022200100100,Ministry of Investment and Private sector Development,12611700,MOKOWA,23020118,CONSTRUCTION / PROVISION OF INFRASTRUCTURE,70411,GENERAL ECONOMIC AND COMMERCIALAFFAIRS,6000000.0,20000000.0,15000000.0,100000000.0,75,0.607,0.6217
Puchase Of 20no Tablets for Data Collection for Cooperative Data Analysis (CODA),022200100100,Ministry of Investment and Private sector Development,12642600,STATE WIDE,23010113,PURCHASE OF COMPUTERS,70481,"R & D GENERAL ECONOMIC, COMMERCIAL AND LABOUR AFFAIRS",5368000.0,30000000.0,10000000.0,40000000.0,75,0.6225,0.637
Purchase of 5no. Motorcycles for Monitoring of Cooperative Societies across the State,022200100100,Ministry of Investment and Private sector Development,12642600,STATE WIDE,23010104,PURCHASE MOTOR CYCLES,70481,"R & D GENERAL ECONOMIC, COMMERCIAL AND LABOUR AFFAIRS",249000000.0,10000000.0,0.0,30000000.0,75,0.6381,0.6523
Promotion/Participation in Domestic and International Trade Fairs,022200100100,Ministry of Investment and Private sector Development,12642600,STATE WIDE,23050104,ANNIVERSARIES/CELEBRATIONS,70411,GENERAL ECONOMIC AND COMMERCIALAFFAIRS,8000000.0,160000000.0,147000000.0,100000000.0,75,0.6528,0.6676
Purchase of 10no. Laptop computers at Suleja commercial area office,022200100100,Ministry of Investment and Private sector Development,12622300,SULEJA,23010113,PURCHASE OF COMPUTERS,70481,"R & D GENERAL ECONOMIC, COMMERCIAL AND LABOUR AFFAIRS",1200000.0,20000000.0,0.0,0.0,75,0.6683,0.6829
Sensitizationon and Workshop on Investment in Business for Empowerment,022200100100,Ministry of Investment and Private sector Development,12642600,STATE WIDE,23050101,RESEARCH AND DEVELOPMENT,70481,"R & D GENERAL ECONOMIC, COMMERCIAL AND LABOUR AFFAIRS",0.0,30000000.0,0.0,50000000.0,75,0.6838,0.6982
Renovation of Cooperative Storage Facilities at Edati,022200100100,Ministry of Investment and Private sector Development,12631000,KONTAGORA,23030121,REHABILITATION / REPAIRS OF OFFICE BUILDINGS,70411,GENERAL ECONOMIC AND COMMERCIALAFFAIRS,6391000.0,10000000.0,0.0,10000000.0,75,0.6993,0.7134
Renovation of Cooperative Storage Facilities at Edozhigi Gbako,022200100100,Ministry of Investment and Private sector Development,12610700,GBAKO,23030121,REHABILITATION / REPAIRS OF OFFICE BUILDINGS,70411,GENERAL ECONOMIC AND COMMERCIALAFFAIRS,40000000.0,5000000.0,0.0,5000000.0,75,0.7141,0.7287
Renovation of Cooperative Storage Facilities at Lapai,022200100100,Ministry of Investment and Private sector Development,12611100,LAPAI,23030121,REHABILITATION / REPAIRS OF OFFICE BUILDINGS,70411,GENERAL ECONOMIC AND COMMERCIALAFFAIRS,0.0,5000000.0,0.0,5000000.0,75,0.7296,0.744
"Purchase of 8no executive Tables and Chairs, at Suleja Commercial Area Offices",022200100100,Ministry of Investment and Private sector Development,12622300,SULEJA,23010112,PURCHASE OF OFFICE FURNITURE AND FITTINGS,70411,GENERAL ECONOMIC AND COMMERCIALAFFAIRS,14000000.0,20000000.0,0.0,20000000.0,75,0.7451,0.7593
Construction of road at the International Market Suleja,022200100100,Ministry of Investment and Private sector Development,12622300,SULEJA,23020114,CONSTRUCTION / PROVISION OF ROADS,70411,GENERAL ECONOMIC AND COMMERCIALAFFAIRS,1420058092.0,100000000.0,94390000.0,0.0,75,0.7598,0.7746
Completion of Suleja International Market and Motor Parks,022200100100,Ministry of Investment and Private sector Development,12622300,SULEJA,23020124,CONSTRUCTION OF MARKETS/PARKS,70411,GENERAL ECONOMIC AND COMMERCIALAFFAIRS,0.0,70000000.0,63610000.0,0.0,75,0.7753,0.7899
Construction of Madalla Modern Market,022200100100,Ministry of Investment and Private sector Development,12622300,SULEJA,23020124,CONSTRUCTION OF MARKETS/PARKS,70411,GENERAL ECONOMIC AND COMMERCIALAFFAIRS,0.0,50000000.0,30000000.0,100000000.0,75,0.7908,0.8052
Policy Reforms on Ease of Doing Business in the State,022200100100,Ministry of Investment and Private sector Development,12642600,STATE WIDE,23050101,RESEARCH AND DEVELOPMENT,70411,GENERAL ECONOMIC AND COMMERCIALAFFAIRS,0.0,10000000.0,0.0,0.0,75,0.8064,0.8205
Engagement of Consultants to access facilities (Grant / Loan) from Donor organization for Private Sector activities,022200100100,Ministry of Investment and Private sector Development,12642600,STATE WIDE,23050101,RESEARCH AND DEVELOPMENT,70411,GENERAL ECONOMIC AND COMMERCIALAFFAIRS,0.0,10000000.0,0.0,0.0,75,0.8211,0.8358
Engagement of private sector players and Sensitization,022200100100,Ministry of Investment and Private sector Development,12642600,STATE WIDE,23050101,RESEARCH AND DEVELOPMENT,70411,GENERAL ECONOMIC AND COMMERCIALAFFAIRS,0.0,10000000.0,0.0,0.0,76,0.1348,0.1489
Establishment of Niger State Artisan Multi pupose Centre,022200100100,Ministry of Investment and Private sector Development,12621600,CHANCHAGA,23020101,CONSTRUCTION / PROVISION OF OFFICE BUILDINGS,70411,GENERAL ECONOMIC AND COMMERCIALAFFAIRS,0.0,20000000.0,0.0,0.0,76,0.1495,0.1642
Construction of Madalla economic city ECOWAS Bank,022200100100,Ministry of Investment and Private sector Development,12622300,SULEJA,23020101,CONSTRUCTION / PROVISION OF OFFICE BUILDINGS,70411,GENERAL ECONOMIC AND COMMERCIALAFFAIRS,0.0,3000000000.0,145000000.0,0.0,76,0.165,0.1795
Consultancy on the Establishment of Special Agro-Processing Zone,022200100100,Ministry of Investment and Private sector Development,12642600,STATE WIDE,23050101,RESEARCH AND DEVELOPMENT,70411,GENERAL ECONOMIC AND COMMERCIALAFFAIRS,0.0,0.0,0.0,350000000.0,76,0.1806,0.1948
Purchase of start up materials(100nos refrigirators) across the State,022200100100,Ministry of Investment and Private sector Development,12642600,STATE WIDE,23010120,PURCHASE OFCANTEEN / KITCHEN EQUIPMENT,70411,GENERAL ECONOMIC AND COMMERCIALAFFAIRS,0.0,0.0,0.0,150000000.0,76,0.1953,0.2101
Construction of Office for Business Development Services in Minna,022200100100,Ministry of Investment and Private sector Development,12621600,CHANCHAGA,23020101,CONSTRUCTION / PROVISION OF OFFICE BUILDINGS,70411,GENERAL ECONOMIC AND COMMERCIALAFFAIRS,0.0,0.0,0.0,100000000.0,76,0.2108,0.2254
"Provision of Basic Infrastructures at Local and International Market, Borgu",022200100100,Ministry of Investment and Private sector Development,12630400,BORGU,23020124,CONSTRUCTION OF MARKETS/PARKS,70411,GENERAL ECONOMIC AND COMMERCIALAFFAIRS,0.0,0.0,0.0,100000000.0,76,0.2263,0.2407
Upgrading of Paikoro Yam Market,022200100100,Ministry of Investment and Private sector Development,12621900,PAIKORO,23020124,CONSTRUCTION OF MARKETS/PARKS,70411,GENERAL ECONOMIC AND COMMERCIALAFFAIRS,0.0,0.0,0.0,60000000.0,76,0.2418,0.256
Participation in Shea Conference/Alliance Beauty West Africa,022200200100,Export Promotion Board and Agency,12642600,STATE WIDE,23050101,RESEARCH AND DEVELOPMENT,70481,"R & D GENERAL ECONOMIC, COMMERCIAL AND LABOUR AFFAIRS",0.0,10000000.0,0.0,0.0,76,0.2565,0.2713
Establishment of 2no. Multi purpose commodity centre in Minna.,022200200100,Export Promotion Board and Agency,12621600,CHANCHAGA,23020101,CONSTRUCTION / PROVISION OF OFFICE BUILDINGS,70411,GENERAL ECONOMIC AND COMMERCIALAFFAIRS,0.0,15000000.0,0.0,15000000.0,76,0.2721,0.2866
Completion of Shea Butter Cooperative at wushishi,022200200100,Export Promotion Board and Agency,12632500,WUSHISHI,23020101,CONSTRUCTION / PROVISION OF OFFICE BUILDINGS,70411,GENERAL ECONOMIC AND COMMERCIALAFFAIRS,0.0,5000000.0,0.0,15000000.0,76,0.2876,0.3019
"Provision of 5no Split AC, 15 seater Confrence Table, 2no Printer and Phocopier Machine",022200400100,Niger State Industrial Park Agency,12621600,CHANCHAGA,23010112,PURCHASE OF OFFICE FURNITURE AND FITTINGS,70131,GENERAL PERSONNEL SERVICES,0.0,10000000.0,0.0,10000000.0,76,0.3023,0.3172
Provision of 3km Internal Access road at Minna Industrial Cluster,022200400100,Niger State Industrial Park Agency,12621600,CHANCHAGA,23020114,CONSTRUCTION / PROVISION OF ROADS,70451,ROAD TRANSPORT,0.0,20000000.0,0.0,20000000.0,76,0.3178,0.3325
Celebration of African Industrial day,022200400100,Niger State Industrial Park Agency,12642600,STATE WIDE,23050104,ANNIVERSARIES/CELEBRATIONS,70411,GENERAL ECONOMIC AND COMMERCIALAFFAIRS,0.0,20000000.0,0.0,0.0,76,0.3333,0.3478
iii. Establishment of Niger State Artisan Multi-purpose Center,022200400100,Niger State Industrial Park Agency,12621600,CHANCHAGA,23020119,CONSTRUCTION / PROVISION OF RECREATIONAL FACILITIES,70133,OTHER GENERAL SERVICES,0.0,0.0,0.0,100000000.0,76,0.3489,0.3631
iv. Construction of Modern Trailer Park at Mokwa,022200400100,Niger State Industrial Park Agency,12611700,MOKOWA,23020124,CONSTRUCTION OF MARKETS/PARKS,70133,OTHER GENERAL SERVICES,0.0,0.0,0.0,100000000.0,76,0.3676,0.3742
v. Construction of Trailer Park Along Lambata Lapai Road,022200400100,Niger State Industrial Park Agency,12611100,LAPAI,23020124,CONSTRUCTION OF MARKETS/PARKS,70133,OTHER GENERAL SERVICES,0.0,0.0,0.0,70000000.0,76,0.3832,0.3895
Participation in Business and Investment Forum (BIF),022200500100,Niger State One Stop Investment Agency,12642600,STATE WIDE,23050101,RESEARCH AND DEVELOPMENT,70481,"R & D GENERAL ECONOMIC, COMMERCIAL AND LABOUR AFFAIRS",0.0,40000000.0,0.0,0.0,76,0.3946,0.4089
Rehabilitation of Hall for Stakeholders Engagement.,022200500100,Niger State One Stop Investment Agency,12622300,SULEJA,23030121,REHABILITATION / REPAIRS OF OFFICE BUILDINGS,70481,"R & D GENERAL ECONOMIC, COMMERCIAL AND LABOUR AFFAIRS",0.0,20000000.0,0.0,0.0,76,0.4101,0.4242
Production of 1000 Copies of Single Incentive Policy Documents,022200500100,Niger State One Stop Investment Agency,12642600,STATE WIDE,23050101,RESEARCH AND DEVELOPMENT,70411,GENERAL ECONOMIC AND COMMERCIALAFFAIRS,0.0,20000000.0,0.0,20000000.0,76,0.4248,0.4395
Purcahse of 8no. computers for the implementation of SABER activities,022200500100,Niger State One Stop Investment Agency,12642600,STATE WIDE,23010114,PURCHASE OF COMPUTER PRINTERS,70481,"R & D GENERAL ECONOMIC, COMMERCIAL AND LABOUR AFFAIRS",0.0,15000000.0,0.0,20000000.0,76,0.4404,0.4548
Purcahse of 2no. printers for the implementation of SABER activities,022200500100,Niger State One Stop Investment Agency,12642600,STATE WIDE,23010114,PURCHASE OF COMPUTER PRINTERS,70481,"R & D GENERAL ECONOMIC, COMMERCIAL AND LABOUR AFFAIRS",0.0,5000000.0,0.0,0.0,76,0.4559,0.4701
i. Renovation of One Stop Offices for commercial activities in the state,022200500100,Niger State One Stop Investment Agency,12642600,STATE WIDE,23030121,REHABILITATION / REPAIRS OF OFFICE BUILDINGS,70411,GENERAL ECONOMIC AND COMMERCIALAFFAIRS,0.0,0.0,0.0,40000000.0,76,0.4706,0.4854
Provision of 5no Motorised Boreholes to Babanna Trans-border Market,022200600100,Babanna Transnational Border Market and Free Trade Zone Agency,12630400,BORGU,23020105,CONSTRUCTION / PROVISION OF WATER FACILITIES,70631,WATER SUPPLY,0.0,20000000.0,0.0,35000000.0,76,0.4861,0.5007
Renovation of Area office at Babanna,022200600100,Babanna Transnational Border Market and Free Trade Zone Agency,12630400,BORGU,23030121,REHABILITATION / REPAIRS OF OFFICE BUILDINGS,70411,GENERAL ECONOMIC AND COMMERCIALAFFAIRS,0.0,30000000.0,0.0,25000000.0,76,0.5016,0.516
Purchase of 2nos Executive Chairs and Tables for the Board Members,022200700100,Niger State Price Control And Monitoring Agency,12621600,CHANCHAGA,23010112,PURCHASE OF OFFICE FURNITURE AND FITTINGS,70131,GENERAL PERSONNEL SERVICES,0.0,3000000.0,0.0,0.0,76,0.5172,0.5313
Provision of Warehouse for Stocking of Grains and other Staple Food for the Establishment of Kanti Sauki Stores,022200700100,Niger State Price Control And Monitoring Agency,12621600,CHANCHAGA,23020113,CONSTRUCTION / PROVISION OF AGRICULTURAL FACILITIES,70411,GENERAL ECONOMIC AND COMMERCIALAFFAIRS,0.0,10000000.0,0.0,0.0,76,0.5319,0.5466
Monitoring of Compliance on the Use of Bago Mudu (Measurement),022200700100,Niger State Price Control And Monitoring Agency,12642600,STATE WIDE,23050103,MONITORING AND EVALUATION,70411,GENERAL ECONOMIC AND COMMERCIALAFFAIRS,0.0,2000000.0,0.0,0.0,76,0.5474,0.5619
"Construction of Gatehouse and gate at Bio-Tech Centre, Kakakpangi",022800100100,Ministry of Techical and Vocational Education,12610900,KATCHA,23020101,CONSTRUCTION / PROVISION OF OFFICE BUILDINGS,70131,GENERAL PERSONNEL SERVICES,0.0,15000000.0,0.0,20000000.0,76,0.5629,0.5772
Procurement of 1no. Jatropha plant Oil expeller machine,022800100100,Ministry of Techical and Vocational Education,12642600,STATE WIDE,23010127,PURCHASE OF AGRICULTURAL EQUIPMENT,70483,FUEL AND ENERGY,0.0,15000000.0,0.0,15000000.0,76,0.5776,0.5925
Construction of 2no. Laboratories at 2 (two) secondary schools in minna,022800100100,Ministry of Techical and Vocational Education,12621600,CHANCHAGA,23020118,CONSTRUCTION / PROVISION OF INFRASTRUCTURE,70922,UPPER-SECONDARY EDUCATION,0.0,10000000.0,0.0,13000000.0,76,0.5931,0.6078
construction of pilot techology incubation centre,022800100100,Ministry of Techical and Vocational Education,12642600,STATE WIDE,23020118,CONSTRUCTION / PROVISION OF INFRASTRUCTURE,70433,NUCLEAR FUEL,0.0,10000000.0,0.0,10000000.0,76,0.6087,0.6231
Training of 100no. Natural Medicine Practitioners on Value Vhain,022800100100,Ministry of Techical and Vocational Education,12642600,STATE WIDE,23050108,Skills Acquisition,70761,HEALTH N.E.C.,0.0,10000000.0,0.0,18000000.0,76,0.6242,0.6384
Research and Development on the Construction of Wood Stove at Boarding schools across the state,022800100100,Ministry of Techical and Vocational Education,12642600,STATE WIDE,23050101,RESEARCH AND DEVELOPMENT,70541,PROTECTION OF BIODIVERSITY AND LANDSCAPE,0.0,12000000.0,0.0,0.0,76,0.6389,0.6536
Renovation of 3no. Science schools laboratory in New Bussa,022800100100,Ministry of Techical and Vocational Education,12630400,BORGU,23030106,REHABILITATION / REPAIRS - PUBLIC SCHOOLS,70922,UPPER-SECONDARY EDUCATION,0.0,15000000.0,0.0,0.0,76,0.6544,0.6689
Purchase and installation of 150no. Of Microscopes across the state,022800100100,Ministry of Techical and Vocational Education,12642600,STATE WIDE,23010122,PURCHASE OF HEALTH / MEDICAL EQUIPMENT,70922,UPPER-SECONDARY EDUCATION,0.0,30000000.0,0.0,0.0,76,0.6699,0.6842
Acquisition of warehouse for the establishment of pilot community technology incubation centre at Suleja,022800100100,Ministry of Techical and Vocational Education,12622300,SULEJA,23010102,PURCHASE OF OFFICE BUILDINGS,70471,"DISTRIBUTIVE TRADE, STORAGE AND WAREHOUSING",0.0,25000000.0,0.0,0.0,76,0.6846,0.6995
"Training of 150 women and youths on packaging of dried tomatoes, onion and pepper",022800100100,Ministry of Techical and Vocational Education,12642600,STATE WIDE,23050108,Skills Acquisition,70141,BASIC RESEARCH,0.0,33000000.0,0.0,24000000.0,76,0.7002,0.7148
Public sensitization and awareness through media on promotion of complementary feeding,022800100100,Ministry of Techical and Vocational Education,12642600,STATE WIDE,23050101,RESEARCH AND DEVELOPMENT,70141,BASIC RESEARCH,0.0,25000000.0,0.0,0.0,76,0.7157,0.7301
"i. Purchase and Distribution of 600no Bunsen Burner, 900no Test Tubes, Cylinder, Conical Flask and Related Chemicals",022800100100,Ministry of Techical and Vocational Education,12642600,STATE WIDE,23010129,PURCHASE OF INDUSTRIAL EQUIPMENT,70133,OTHER GENERAL SERVICES,0.0,0.0,0.0,23000000.0,76,0.7312,0.7454
"ii. Purchase and disribution of 100nos each of Barometers, Hygrometers, Amometers, Windvanes and Rain Guarge across the state",022800100100,Ministry of Techical and Vocational Education,12642600,STATE WIDE,23010129,PURCHASE OF INDUSTRIAL EQUIPMENT,70133,OTHER GENERAL SERVICES,0.0,0.0,0.0,15000000.0,76,0.7459,0.7687
"iii. Upgrading of Community Technology Incubation Center, Suleja",022800100100,Ministry of Techical and Vocational Education,12622300,SULEJA,23030121,REHABILITATION / REPAIRS OF OFFICE BUILDINGS,70133,OTHER GENERAL SERVICES,0.0,0.0,0.0,62000000.0,76,0.7688,0.7836
vii. Purchase and installation of 2no. Chemical reactors,022800100100,Ministry of Techical and Vocational Education,12621600,CHANCHAGA,23010129,PURCHASE OF INDUSTRIAL EQUIPMENT,70133,OTHER GENERAL SERVICES,0.0,0.0,0.0,20000000.0,76,0.7843,0.7989
"Purchase of Life 5,000 Life Jackets for the Riverine Areas in the State",022900100100,Ministry for Transport,12642600,STATE WIDE,23010128,PURCHASE OF SECURITY EQUIPMENT,70452,WATER TRANSPORT,887478042.55,250000000.0,216250000.0,250000000.0,76,0.8039,0.8101
Construction of Ferry at Guzzan,022900100100,Ministry for Transport,12611700,MOKOWA,23020118,CONSTRUCTION / PROVISION OF INFRASTRUCTURE,70452,WATER TRANSPORT,0.0,150000000.0,0.0,94602451.0,76,0.8154,0.8295
Installation of 4no Directional Boards at Some Selected Locations Within Minna,022900100100,Ministry for Transport,12621600,CHANCHAGA,23020122,CONSTRUCTION OF BOUNDARY PILLARS/ RIGHT OF WAYS,70451,ROAD TRANSPORT,0.0,170000000.0,0.0,150000000.0,76,0.8301,0.8448
iv. Purchase of CNG Conversion Kits,022900100100,Ministry for Transport,12621600,CHANCHAGA,23020114,CONSTRUCTION / PROVISION OF ROADS,70451,ROAD TRANSPORT,0.0,4000000000.0,288062500.0,210000000.0,77,0.1348,0.1489
Installation of Traffic Light and Road Marking in Minna Metropolis,022900100100,Ministry for Transport,12621600,CHANCHAGA,23020123,CONSTRUCTION OF TRAFFIC /STREET LIGHTS,70435,ELECTRICITY,0.0,300000000.0,209250000.0,150000000.0,77,0.1495,0.1642
Construction of Trailer Park Minna,022900100100,Ministry for Transport,12621600,CHANCHAGA,23020124,CONSTRUCTION OF MARKETS/PARKS,70435,ELECTRICITY,0.0,3000000000.0,0.0,400000000.0,77,0.1691,0.1754
"v. Construction of Ferry at Murregi, Mokwa LGA - Ctz'",022900100100,Ministry for Transport,12611700,MOKOWA,23020116,CONSTRUCTION / PROVISION OF WATER-WAYS,70451,ROAD TRANSPORT,5155911068.91,0.0,0.0,120000000.0,77,0.1806,0.1948
i. Purchase of 3no Ambulance/ Survellance Boats and Life Jackets,022900100100,Ministry for Transport,12630200,AGWARA,23010109,PURCHASE OF SEA BOATS,70452,WATER TRANSPORT,504000000.0,0.0,0.0,415000000.0,77,0.1969,0.2029
"iii. Renovation of Fuel Storage Facility at the Airport, Minna",022900100100,Ministry for Transport,12621600,CHANCHAGA,23030116,REHABILITATION / REPAIRS - AIR-PORT / AERODROMES,70454,AIR TRANSPORT,448000000.0,0.0,0.0,39897549.0,77,0.2051,0.2193
iv. Provision of Runway Sweeper,022900100100,Ministry for Transport,12621600,CHANCHAGA,23030116,REHABILITATION / REPAIRS - AIR-PORT / AERODROMES,70454,AIR TRANSPORT,29000000.54,0.0,0.0,200500000.0,77,0.2198,0.2346
"v. Provision of Bus Commuter Shelter Along the Newly Constructed Roads, Minna",022900100100,Ministry for Transport,12621600,CHANCHAGA,23020118,CONSTRUCTION / PROVISION OF INFRASTRUCTURE,70451,ROAD TRANSPORT,750000000.0,0.0,0.0,40000000.0,77,0.2353,0.2499
"vii. Purchase of 6no. Toyota Hilux Engines, 24no.Tires and 6no.Windscreems",022900100100,Ministry for Transport,12621600,CHANCHAGA,23010108,PURCHASE OF BUSES,70451,ROAD TRANSPORT,0.0,0.0,0.0,50000000.0,77,0.2508,0.2652
xi. Purchase of 100 Units of Flash Lights and Reflective Jacketsfor Night Operations,022900100100,Ministry for Transport,12621600,CHANCHAGA,23020117,CONSTRUCTION / PROVISION OF AIR- PORT / AERODROMES,70451,ROAD TRANSPORT,0.0,0.0,0.0,25000000.0,77,0.2663,0.2805
"Purchase of 1,000 unit of electronic tricycles",022900100100,Ministry for Transport,12621600,CHANCHAGA,23010104,PURCHASE MOTOR CYCLES,70451,ROAD TRANSPORT,0.0,0.0,0.0,2400000000.0,77,0.2827,0.2885
Establishment of swapping stations,022900100100,Ministry for Transport,12621600,CHANCHAGA,23020124,CONSTRUCTION OF MARKETS/PARKS,70451,ROAD TRANSPORT,0.0,0.0,0.0,1500000000.0,77,0.2949,0.3009
Purchase of 2no. HP Laptop computer,022900300100,Niger State Traffic Management Agency,12621600,CHANCHAGA,23010113,PURCHASE OF COMPUTERS,70131,GENERAL PERSONNEL SERVICES,0.0,4000000.0,0.0,7000000.0,77,0.3056,0.3203
Purchase of 6no Bajaj Motorcycles for the Operation of NITMA Officials,022900300100,Niger State Traffic Management Agency,12621600,CHANCHAGA,23010104,PURCHASE MOTOR CYCLES,70451,ROAD TRANSPORT,0.0,9000000.0,0.0,15000000.0,77,0.3211,0.3356
Purchase of Chains and Locks for the Operation of NITMA Officials,022900300100,Niger State Traffic Management Agency,12621600,CHANCHAGA,23010128,PURCHASE OF SECURITY EQUIPMENT,70451,ROAD TRANSPORT,0.0,2000000.0,0.0,3000000.0,77,0.3366,0.3509
"Construction of Office at the Headquarter and Renovation of Zonal Offices at Kontagora, Bida, Mokwa, Suleja, Lapai, Kagara, Kuta and New-Bussa",022900400100,Niger State Motor Vehicle Administration Agency,12621600,CHANCHAGA,23020101,CONSTRUCTION / PROVISION OF OFFICE BUILDINGS,70131,GENERAL PERSONNEL SERVICES,0.0,62400000.0,0.0,22800000.0,77,0.3513,0.3742
Purchase of 8no. HP Laptop computers,022900400100,Niger State Motor Vehicle Administration Agency,12621600,CHANCHAGA,23010113,PURCHASE OF COMPUTERS,70131,GENERAL PERSONNEL SERVICES,0.0,14300000.0,0.0,19700000.0,77,0.375,0.3891
"Purchase of 100no Wheel lock, 100no Walking talkie and 50no Flash lights",022900400100,Niger State Motor Vehicle Administration Agency,12642600,STATE WIDE,23010128,PURCHASE OF SECURITY EQUIPMENT,70451,ROAD TRANSPORT,0.0,5300000.0,0.0,2200000.0,77,0.3897,0.4044
purchase of 2no computer Printers,022900400100,Niger State Motor Vehicle Administration Agency,12642600,STATE WIDE,23010114,PURCHASE OF COMPUTER PRINTERS,70451,ROAD TRANSPORT,0.0,3000000.0,0.0,0.0,77,0.4052,0.4197
ii. Construction of Fence for Safety Autopond,022900400100,Niger State Motor Vehicle Administration Agency,12621600,CHANCHAGA,23020104,CONSTRUCTION / PROVISION OF HOUSING,70451,ROAD TRANSPORT,0.0,0.0,0.0,5300000.0,77,0.4208,0.435
Construction of 1no office and 2no toilets at Abuja NSTA park,022900600100,Niger State Transport Authority,12621600,CHANCHAGA,23020101,CONSTRUCTION / PROVISION OF OFFICE BUILDINGS,70131,GENERAL PERSONNEL SERVICES,0.0,13750000.0,0.0,0.0,77,0.4355,0.4503
"Construction of Park, 2no office toilets and corner shops at KADUNA",022900600100,Niger State Transport Authority,12642700,OUTSIDE STATE,23020124,CONSTRUCTION OF MARKETS/PARKS,70451,ROAD TRANSPORT,0.0,11750000.0,0.0,0.0,77,0.4551,0.4615
Purchase of workshop equipment- 4no. Welding machines and 7no. drilling machines,022900600100,Niger State Transport Authority,12621600,CHANCHAGA,23010129,PURCHASE OF INDUSTRIAL EQUIPMENT,70451,ROAD TRANSPORT,0.0,6500000.0,0.0,13200000.0,77,0.4665,0.4809
"Construction of park, 2no office toilets and corner shops at mokwa",022900600100,Niger State Transport Authority,12611700,MOKOWA,23020124,CONSTRUCTION OF MARKETS/PARKS,70451,ROAD TRANSPORT,6839050000.0,7500000.0,0.0,21450000.0,77,0.4861,0.4921
Renovation of area office at Kontagora park,022900600100,Niger State Transport Authority,12631000,KONTAGORA,23030121,REHABILITATION / REPAIRS OF OFFICE BUILDINGS,70451,ROAD TRANSPORT,0.0,4750000.0,0.0,0.0,77,0.4967,0.5115
Renovation of area office at Bida park,022900600100,Niger State Transport Authority,12610300,BIDA,23030121,REHABILITATION / REPAIRS OF OFFICE BUILDINGS,70451,ROAD TRANSPORT,0.0,5250000.0,0.0,0.0,77,0.5123,0.5268
Refurbishing of ferry at Nupeko NSTA,022900600100,Niger State Transport Authority,12611200,LAVUN,23030115,REHABILITATION / REPAIRS - WATER-WAY,70452,WATER TRANSPORT,0.0,10500000.0,0.0,0.0,77,0.5278,0.5421
Purchase of 1000nos car magnetic GPS tracking devices,022900600100,Niger State Transport Authority,12642600,STATE WIDE,23020127,CONSTRUCTION OF ICT INFRASTRUCTURES,70451,ROAD TRANSPORT,0.0,0.0,0.0,15350000.0,77,0.5425,0.5574
"Electrification of Kanko Kpotun, Gusadin, ,Ndaji and Edojigi Lavun LGA",023100100100,Ministry of Power and Renewable Energy,12611200,LAVUN,23020123,CONSTRUCTION OF TRAFFIC /STREET LIGHTS,70435,ELECTRICITY,0.0,0.0,0.0,200000000.0,77,0.558,0.5727
Reconection and Electrification of Gogata Tsadu to Gamunu Village,023100100100,Ministry of Power and Renewable Energy,12610600,EDATI,23020103,CONSTRUCTION / PROVISION OF ELECTRICITY,70435,ELECTRICITY,0.0,0.0,0.0,200000000.0,77,0.5735,0.588
Provision of solar powered streetlight Kontagora(50 poles),023100100100,Ministry of Power and Renewable Energy,12631000,KONTAGORA,23020123,CONSTRUCTION OF TRAFFIC /STREET LIGHTS,70436,NON ELECTRIC ENERGY,850000.0,94000000.0,0.0,0.0,77,0.5891,0.6033
"Supply of Solar Powered Streetlight material(15nos Bateries. Panels and Cables each)for mainteneance of Minna Streetlight (Battery, Penels & Cables)",023100100100,Ministry of Power and Renewable Energy,12642600,STATE WIDE,23020123,CONSTRUCTION OF TRAFFIC /STREET LIGHTS,70436,NON ELECTRIC ENERGY,0.0,48051000.0,0.0,34466000.0,77,0.6038,0.6266
"Supply of Solar Powered Streetlight at Mechanical Workshop access road & Perimeter lighting, Minna (31 Poles)",023100100100,Ministry of Power and Renewable Energy,12621600,CHANCHAGA,23020123,CONSTRUCTION OF TRAFFIC /STREET LIGHTS,70436,NON ELECTRIC ENERGY,0.0,23497500.0,0.0,23497500.0,77,0.6266,0.6415
Supply & Installation of 7.5mva 33/11kv Injection Substation at Kontagora,023100100100,Ministry of Power and Renewable Energy,12631000,KONTAGORA,23020123,CONSTRUCTION OF TRAFFIC /STREET LIGHTS,70435,ELECTRICITY,0.0,17549575.0,0.0,17549575.0,77,0.6422,0.6568
"Supply & Installation of 54no Integrated Solar Powered Streetlight Stands at Tudun Wada, Kontagora",023100100100,Ministry of Power and Renewable Energy,12631000,KONTAGORA,23020123,CONSTRUCTION OF TRAFFIC /STREET LIGHTS,70436,NON ELECTRIC ENERGY,0.0,27685000.0,0.0,27685000.0,77,0.6577,0.6721
Replacemeent of vandalized Solar Powered Streetlight Power baanks & Accessories from Imurat Junction to Minna International Airport Maikunkele and Gwari Road,023100100100,Ministry of Power and Renewable Energy,12621600,CHANCHAGA,23030123,REHABILITATION/REPAIRS- TRAFFIC /STREET LIGHTS,70436,NON ELECTRIC ENERGY,0.0,16519670.9,0.0,16707431.7,77,0.6724,0.6954
"Completion of 11kv line (ITC, TDN) from Madara through Agadawa to Ibanga, Masaha, Tudun - Wada Ibanga to Ibanga villages with 4nos. 300kva/11kv and 2nos. 100kva 11/0.415volts substation in Konatagora",023100100100,Ministry of Power and Renewable Energy,12631000,KONTAGORA,23020123,CONSTRUCTION OF TRAFFIC /STREET LIGHTS,70436,NON ELECTRIC ENERGY,0.0,30863365.0,0.0,55932750.0,77,0.6993,0.7219
"Conversion of 11kva to 33kva power supply line to DSS head office and Police Headquarter, Dutsen Kura, Minna",023100100100,Ministry of Power and Renewable Energy,12621600,CHANCHAGA,23020123,CONSTRUCTION OF TRAFFIC /STREET LIGHTS,70435,ELECTRICITY,0.0,37081525.0,0.0,0.0,77,0.7263,0.7407
"Rehabilitation of Solar powered streetlight along major road, Lapai Township",023100100100,Ministry of Power and Renewable Energy,12611100,LAPAI,23030123,REHABILITATION/REPAIRS- TRAFFIC /STREET LIGHTS,70436,NON ELECTRIC ENERGY,0.0,24381000.0,0.0,0.0,77,0.7418,0.756
Construction of Electricity supply to Zhitsu villages in Katcha LGA,023100100100,Ministry of Power and Renewable Energy,12610900,KATCHA,23020123,CONSTRUCTION OF TRAFFIC /STREET LIGHTS,70435,ELECTRICITY,0.0,26784544.0,0.0,0.0,77,0.7565,0.7713
Installation of solar streetlight in some communities in Lavun local Government (60 poles),023100100100,Ministry of Power and Renewable Energy,12611200,LAVUN,23020123,CONSTRUCTION OF TRAFFIC /STREET LIGHTS,70436,NON ELECTRIC ENERGY,0.0,100000000.0,0.0,0.0,77,0.7721,0.7866
Installation of solar streetlight in some communities in Mokwa local Government (30 poles),023100100100,Ministry of Power and Renewable Energy,12611700,MOKOWA,23020123,CONSTRUCTION OF TRAFFIC /STREET LIGHTS,70436,NON ELECTRIC ENERGY,350000000.0,50000000.0,0.0,0.0,77,0.7876,0.8019
Provision of solar powered streetlight at Aisha Inaworo Babangida General Hospital Wushishi (30 poles),023100100100,Ministry of Power and Renewable Energy,12632500,WUSHISHI,23020123,CONSTRUCTION OF TRAFFIC /STREET LIGHTS,70436,NON ELECTRIC ENERGY,0.0,50000000.0,0.0,0.0,77,0.8023,0.8172
Provision of solar powered streetlight from Mypa Junction in Bosso to Okada Road (15 poles),023100100100,Ministry of Power and Renewable Energy,12621600,CHANCHAGA,23020123,CONSTRUCTION OF TRAFFIC /STREET LIGHTS,70436,NON ELECTRIC ENERGY,0.0,20000000.0,0.0,0.0,77,0.8178,0.8325
Provision & Installation of solar powered streetlight at Emir junction through Dokadza to GRA in Bida LGA (70 poles),023100100100,Ministry of Power and Renewable Energy,12610300,BIDA,23020123,CONSTRUCTION OF TRAFFIC /STREET LIGHTS,70436,NON ELECTRIC ENERGY,0.0,126482000.0,0.0,0.0,78,0.1348,0.1489
"Provision of Solar powered streetlight at Bala Shamaki road, (Deputy Governor) Minna",023100100100,Ministry of Power and Renewable Energy,12621600,CHANCHAGA,23020123,CONSTRUCTION OF TRAFFIC /STREET LIGHTS,70436,NON ELECTRIC ENERGY,0.0,9530000.0,0.0,0.0,78,0.1495,0.1642
"Provision of solar powered streetlight in Maitumbi, Chanchaga and Bosso (50 poles)",023100100100,Ministry of Power and Renewable Energy,12611700,MOKOWA,23020123,CONSTRUCTION OF TRAFFIC /STREET LIGHTS,70436,NON ELECTRIC ENERGY,0.0,1000000000.0,847634883.73,7962023.03,78,0.165,0.1795
"Provision of solar powered streetlight in Bida, (50 poles)",023100100100,Ministry of Power and Renewable Energy,12642600,STATE WIDE,23020123,CONSTRUCTION OF TRAFFIC /STREET LIGHTS,70436,NON ELECTRIC ENERGY,0.0,100000000.0,25755615.0,0.0,78,0.1806,0.1948
"Provision of solar mini Grid in Government House, House of Assembly, Presidential Lodge & Governor's Residence, Minna",023100100100,Ministry of Power and Renewable Energy,12642600,STATE WIDE,23020123,CONSTRUCTION OF TRAFFIC /STREET LIGHTS,70435,ELECTRICITY,0.0,700000000.0,469241404.94,2280598284.6,78,0.1953,0.2101
"Provision of Mini Grid in all the General Hospitals, across the State",023100100100,Ministry of Power and Renewable Energy,12642600,STATE WIDE,23020123,CONSTRUCTION OF TRAFFIC /STREET LIGHTS,70435,ELECTRICITY,425000.0,550000000.0,0.0,0.0,78,0.2108,0.2254
Provision of Solar Mini Grid to Water Works in Minna,023100100100,Ministry of Power and Renewable Energy,12621600,CHANCHAGA,23020123,CONSTRUCTION OF TRAFFIC /STREET LIGHTS,70436,NON ELECTRIC ENERGY,0.0,350000000.0,0.0,0.0,78,0.2263,0.2407
Feasibility Studies & Data collection for small Hydro power across the State,023100100100,Ministry of Power and Renewable Energy,12642600,STATE WIDE,23050101,RESEARCH AND DEVELOPMENT,70436,NON ELECTRIC ENERGY,0.0,50000000.0,0.0,0.0,78,0.2418,0.256
"Procurement of 1no. Payloder for Central Workshop, Minna",023100100100,Ministry of Power and Renewable Energy,12621600,CHANCHAGA,23010129,PURCHASE OF INDUSTRIAL EQUIPMENT,70133,OTHER GENERAL SERVICES,0.0,73162414.0,0.0,0.0,78,0.2565,0.2713
Supply and Installation of 500kva/33/0.415kv Transformer at Fuka,023100100100,Ministry of Power and Renewable Energy,12621800,MUNYA,23020125,CONSTRUCTION OF POWER GENERATING PLANTS,70435,ELECTRICITY,0.0,34112660.0,0.0,34112660.0,78,0.2721,0.2866
"Replacement and upgrading of Burnt 500kva distribution Transformer to 1.5mva at Government House, Minna",023100100100,Ministry of Power and Renewable Energy,12621600,CHANCHAGA,23020125,CONSTRUCTION OF POWER GENERATING PLANTS,70435,ELECTRICITY,0.0,14820325.0,0.0,0.0,78,0.2876,0.3019
"Supply of 500kva Transformers and installation material to Kontagora, Angwan Baushe and Dana Pharmaceutical, Maitumbi",023100100100,Ministry of Power and Renewable Energy,12621600,CHANCHAGA,23020125,CONSTRUCTION OF POWER GENERATING PLANTS,70435,ELECTRICITY,0.0,54820325.0,0.0,0.0,78,0.3023,0.3172
Supply of 12no 500/300kva/33/11kv/0.415 Transformer for Distribution Across the State,023100100100,Ministry of Power and Renewable Energy,12642600,STATE WIDE,23020125,CONSTRUCTION OF POWER GENERATING PLANTS,70435,ELECTRICITY,0.0,51450000.0,0.0,227685000.0,78,0.3178,0.3325
Supply & installation of 2nos. 500kva/33kv/0.415v Transformer in Anguwan Baushe & Dana Phermaceutical Maitumbi,023100100100,Ministry of Power and Renewable Energy,12621600,CHANCHAGA,23020125,CONSTRUCTION OF POWER GENERATING PLANTS,70435,ELECTRICITY,0.0,40000000.0,0.0,0.0,78,0.3333,0.3478
Supply & installation of 4no 500kva/33/0.415v in Rafin Yashi & Pyata,023100100100,Ministry of Power and Renewable Energy,12621600,CHANCHAGA,23020125,CONSTRUCTION OF POWER GENERATING PLANTS,70435,ELECTRICITY,0.0,40000000.0,0.0,400000000.0,78,0.3489,0.3631
"Upgrading of Radio Niger to 500kva/33/0.415v Shiroro road, Minna",023100100100,Ministry of Power and Renewable Energy,12642600,STATE WIDE,23020125,CONSTRUCTION OF POWER GENERATING PLANTS,70435,ELECTRICITY,0.0,23000000.0,0.0,0.0,78,0.3636,0.3784
Electrification of Popoi Village in Bosso LGA,023100100100,Ministry of Power and Renewable Energy,12620500,BOSSO,23020123,CONSTRUCTION OF TRAFFIC /STREET LIGHTS,70435,ELECTRICITY,14547000.0,20000000.0,0.0,0.0,78,0.3791,0.3936
"Replacement of high Tension line from Chimbi, Baidna and Farindoki in Kwakuti, Paikoro LGA",023100100100,Ministry of Power and Renewable Energy,12621900,PAIKORO,23030123,REHABILITATION/REPAIRS- TRAFFIC /STREET LIGHTS,70435,ELECTRICITY,981582247.0,35000000.0,0.0,0.0,78,0.3946,0.4089
Energizing of 7.5mva power Transformer at Zarumai sub-station,023100100100,Ministry of Power and Renewable Energy,12621600,CHANCHAGA,23010119,PURCHASE OF POWER GENERATING SET,70435,ELECTRICITY,0.0,55000000.0,0.0,54815675.56,78,0.4101,0.4242
"Construction of 33kv line & medium voltage from Paiko road Police Station to UK Bello to 5 Star Hotel complex, Minna",023100100100,Ministry of Power and Renewable Energy,12621600,CHANCHAGA,23020123,CONSTRUCTION OF TRAFFIC /STREET LIGHTS,70435,ELECTRICITY,0.0,40000000.0,0.0,0.0,78,0.4248,0.4395
Electrification of Ndace Mamman community in Wushishi LGA,023100100100,Ministry of Power and Renewable Energy,12632500,WUSHISHI,23020123,CONSTRUCTION OF TRAFFIC /STREET LIGHTS,70435,ELECTRICITY,0.0,55000000.0,0.0,0.0,78,0.4404,0.4548
Procurement of Maximum demand & Non-Maximum demand Meters (MD & NON MD) 5000 METERS,023100100100,Ministry of Power and Renewable Energy,12621600,CHANCHAGA,23010119,PURCHASE OF POWER GENERATING SET,70435,ELECTRICITY,0.0,161209093.43,0.0,0.0,78,0.4559,0.4701
"Construction of 33KV line from Egbanti to Charati and Environs, Lavun LGA",023100100100,Ministry of Power and Renewable Energy,12611200,LAVUN,23020123,CONSTRUCTION OF TRAFFIC /STREET LIGHTS,70435,ELECTRICITY,0.0,1000000000.0,820486064.67,1000000000.0,78,0.4706,0.4854
"Electrification of Maraban Kokoli to Kokoli Town, Agwara, LG",023100100100,Ministry of Power and Renewable Energy,12630200,AGWARA,23020123,CONSTRUCTION OF TRAFFIC /STREET LIGHTS,70435,ELECTRICITY,0.0,120000000.0,0.0,200000000.0,78,0.4861,0.5007
"Electrification of Bangi to Kotonkoro, Mariga LGA",023100100100,Ministry of Power and Renewable Energy,12631400,MARIGA,23020123,CONSTRUCTION OF TRAFFIC /STREET LIGHTS,70435,ELECTRICITY,0.0,500000000.0,0.0,400000000.0,78,0.5016,0.516
"Electrification of Bangi Shadadi, Mariga LGA",023100100100,Ministry of Power and Renewable Energy,12631400,MARIGA,23020123,CONSTRUCTION OF TRAFFIC /STREET LIGHTS,70435,ELECTRICITY,0.0,400000000.0,0.0,350000000.0,78,0.5172,0.5313
"Electrification of Ungwar Makama Cikin Gari Ward, Rafi LGA",023100100100,Ministry of Power and Renewable Energy,12622000,RAFI,23020123,CONSTRUCTION OF TRAFFIC /STREET LIGHTS,70435,ELECTRICITY,0.0,250000000.0,0.0,200000000.0,78,0.5319,0.5466
"Electrification of Zungeru to Tungan Almu, Wushishi LGA",023100100100,Ministry of Power and Renewable Energy,12632500,WUSHISHI,23020123,CONSTRUCTION OF TRAFFIC /STREET LIGHTS,70435,ELECTRICITY,0.0,250000000.0,0.0,300000000.0,78,0.5474,0.5619
"Electrification of Bida to Shaba Maliki, Lavun LGA",023100100100,Ministry of Power and Renewable Energy,12611200,LAVUN,23020123,CONSTRUCTION OF TRAFFIC /STREET LIGHTS,70435,ELECTRICITY,0.0,200000000.0,0.0,0.0,78,0.5629,0.5772
"Reconstruction of 33kv Line Ibbi to Daja and 6no Communities, Mashegu LG",023100100100,Ministry of Power and Renewable Energy,12631500,MASHEGU,23020123,CONSTRUCTION OF TRAFFIC /STREET LIGHTS,70435,ELECTRICITY,0.0,309000000.0,0.0,164680193.91,78,0.5776,0.5925
"Construction of 33kv Line From Kontagora to Ibeto Community, Magama LG",023100100100,Ministry of Power and Renewable Energy,12631300,MAGAMA,23020123,CONSTRUCTION OF TRAFFIC /STREET LIGHTS,70435,ELECTRICITY,0.0,480000000.0,100000000.0,375000000.0,78,0.5931,0.6078
Provision of solar powered streetlight in Suleja (50 poles),023100100100,Ministry of Power and Renewable Energy,12622300,SULEJA,23020123,CONSTRUCTION OF TRAFFIC /STREET LIGHTS,70436,NON ELECTRIC ENERGY,0.0,100000000.0,0.0,0.0,78,0.6087,0.6231
Installation of Inverter system in 25 primary health care centres in Niger State,023100100100,Ministry of Power and Renewable Energy,12642600,STATE WIDE,23020103,CONSTRUCTION / PROVISION OF ELECTRICITY,70435,ELECTRICITY,0.0,0.0,0.0,438250000.0,78,0.6242,0.6384
Supply of 7nos 500KVA Transformer Substation installation materials at Kontagora,023100100100,Ministry of Power and Renewable Energy,12631000,KONTAGORA,23020103,CONSTRUCTION / PROVISION OF ELECTRICITY,70435,ELECTRICITY,0.0,0.0,0.0,14820325.0,78,0.6389,0.6536
Supply and installation of 11KVA Perkins Generator for reactivation of Baro water scheme,023100100100,Ministry of Power and Renewable Energy,12610100,AGAIE,23020125,CONSTRUCTION OF POWER GENERATING PLANTS,70435,ELECTRICITY,0.0,0.0,0.0,2976000.0,78,0.6544,0.6689
Supply of 3no. 40kva soundproof perkins generator for Abdulkareem Lafene Secretariate Minna,023100100100,Ministry of Power and Renewable Energy,12621600,CHANCHAGA,23020125,CONSTRUCTION OF POWER GENERATING PLANTS,70435,ELECTRICITY,0.0,0.0,0.0,22477500.0,78,0.6699,0.6842
Maintenance of Deffective Distribution transformers in the newnetwork of Abuja Electricity distribution company (AEDC) in Niger State,023100100100,Ministry of Power and Renewable Energy,12621600,CHANCHAGA,23030102,REHABILITATION / REPAIRS - ELECTRICITY,70435,ELECTRICITY,0.0,0.0,0.0,489896863.0,78,0.6846,0.7076
Electrification of Kontagora to Rijau,023100100100,Ministry of Power and Renewable Energy,12632100,RIJAU,23030102,REHABILITATION / REPAIRS - ELECTRICITY,70435,ELECTRICITY,0.0,0.0,0.0,422982678.47,78,0.7083,0.7225
Supply of 11KV 8-Board switchgear and renovation of power house office Kontagora.,023100100100,Ministry of Power and Renewable Energy,12631000,KONTAGORA,23020101,CONSTRUCTION / PROVISION OF OFFICE BUILDINGS,70435,ELECTRICITY,0.0,0.0,0.0,577890975.0,78,0.723,0.7378
"Supply of 4no. 500kva/11kv/33kv/0.415v and its installation materials to Enagi, Kontagora, Rijau and Fuka",023100100100,Ministry of Power and Renewable Energy,12610600,EDATI,23020103,CONSTRUCTION / PROVISION OF ELECTRICITY,70435,ELECTRICITY,0.0,0.0,0.0,33234810.0,78,0.7386,0.7531
Installation of Integrated solar streetlight on Bosso Estate road network and newly constructed road at Aliyu Babadoko/Dangana Nupe close Minna,023100100100,Ministry of Power and Renewable Energy,12620500,BOSSO,23020123,CONSTRUCTION OF TRAFFIC /STREET LIGHTS,70435,ELECTRICITY,0.0,0.0,0.0,33230400.0,78,0.7533,0.7764
Supply and installation of 5NOS solar street stand at Pandogari and Zara,023100100100,Ministry of Power and Renewable Energy,12622000,RAFI,23020125,CONSTRUCTION OF POWER GENERATING PLANTS,70435,ELECTRICITY,0.0,0.0,0.0,40000000.0,78,0.777,0.7913
Construction of 33kv line From Shakwatu Community in Bosso LGA,023100100100,Ministry of Power and Renewable Energy,12620500,BOSSO,23020103,CONSTRUCTION / PROVISION OF ELECTRICITY,70435,ELECTRICITY,0.0,0.0,0.0,200000000.0,78,0.7925,0.8066
Purchase of 50nos solar panels with inbuilt batteries and led light for street lights in Minna,023100200100,Niger State Electrification Board,12621600,CHANCHAGA,23010128,PURCHASE OF SECURITY EQUIPMENT,70435,ELECTRICITY,300000000.0,100000000.0,10000000.0,0.0,78,0.8072,0.8219
Construction of 33kv line (ITC) from Chakwa chakwa to Ekangi Village in Wushishi LG,023100200100,Niger State Electrification Board,12632500,WUSHISHI,23020103,CONSTRUCTION / PROVISION OF ELECTRICITY,70435,ELECTRICITY,3746903.01,78029532.5,0.0,78029533.0,78,0.8227,0.8372
Construction of 33KV Line From Shagwa - Makwando Villages,023100200100,Niger State Electrification Board,12631300,MAGAMA,23020103,CONSTRUCTION / PROVISION OF ELECTRICITY,70435,ELECTRICITY,81281159.22,101501079.13,0.0,12525891.0,79,0.1348,0.1489
"provision of 1 No 500KVA,33V/415 volts transformer to Kunkele and Yabatagi Communities",023100200100,Niger State Electrification Board,12610700,GBAKO,23020125,CONSTRUCTION OF POWER GENERATING PLANTS,70435,ELECTRICITY,53841021.05,20000000.0,0.0,0.0,79,0.1495,0.1642
"Construction of 33kv Line (ITC/TDN) to Emitsara, Ndarunbu, Magoyi, Epan, Kupafu Communities",023100200100,Niger State Electrification Board,12610700,GBAKO,23020103,CONSTRUCTION / PROVISION OF ELECTRICITY,70435,ELECTRICITY,100000000.0,40000000.0,0.0,150000000.0,79,0.165,0.1795
Electrification of Kochikota to Ndakotsulla Communities,023100200100,Niger State Electrification Board,12610700,GBAKO,23020103,CONSTRUCTION / PROVISION OF ELECTRICITY,70435,ELECTRICITY,21863157.46,40000000.0,0.0,207538280.0,79,0.1806,0.1948
Electrification of Gamunu Village,023100200100,Niger State Electrification Board,12610600,EDATI,23020103,CONSTRUCTION / PROVISION OF ELECTRICITY,70435,ELECTRICITY,440375000.0,210381329.49,0.0,210381329.0,79,0.1953,0.2101
Construction of 33kv Line (ITC/TDN) from Ndaaba to Katambako Communities,023100200100,Niger State Electrification Board,12610700,GBAKO,23020103,CONSTRUCTION / PROVISION OF ELECTRICITY,70435,ELECTRICITY,14150730.29,30000000.0,0.0,0.0,79,0.2108,0.2254
"provision of 500KVA,33KV/415 volts transformer at Batagi Communities",023100200100,Niger State Electrification Board,12611200,LAVUN,23020125,CONSTRUCTION OF POWER GENERATING PLANTS,70435,ELECTRICITY,62594368.5,20000000.0,0.0,0.0,79,0.2263,0.2407
Electrication of Saganuwa Patchi Village,023100200100,Niger State Electrification Board,12610700,GBAKO,23020103,CONSTRUCTION / PROVISION OF ELECTRICITY,70435,ELECTRICITY,116708757.41,50496128.91,0.0,92815106.0,79,0.2418,0.256
"Purchase of 13no 500KVA/33KV, 5no 500KVA,11KV Transformers and Installation Materials",023100200100,Niger State Electrification Board,12642600,STATE WIDE,23010129,PURCHASE OF INDUSTRIAL EQUIPMENT,70435,ELECTRICITY,66762500.0,422925186.43,170914372.01,119543225.0,79,0.2565,0.2713
"Construction of 33KV Line From Gwarijiko - Chakwa - Ekangi Villages, Wushishi",023100200100,Niger State Electrification Board,12632500,WUSHISHI,23020103,CONSTRUCTION / PROVISION OF ELECTRICITY,70435,ELECTRICITY,116364850.0,138335317.5,0.0,138335318.0,79,0.2721,0.2866
"Construction of 33kv Line (ITC/TDN) to Dakpan, Kanko and Ndagi Ladan Communities",023100200100,Niger State Electrification Board,12632500,WUSHISHI,23020103,CONSTRUCTION / PROVISION OF ELECTRICITY,70435,ELECTRICITY,98148362.0,40000000.0,0.0,0.0,79,0.2876,0.3019
"Construction of 33KV Line From Gudugi to Tsaduko Village, Agaie",023100200100,Niger State Electrification Board,12610100,AGAIE,23020103,CONSTRUCTION / PROVISION OF ELECTRICITY,70435,ELECTRICITY,61676541.0,61676541.0,0.0,86500000.0,79,0.3023,0.3172
"Construction of 33kv Line (ITC/TDN) to Dassun, Jipan, Gbatamangi, Sabafu, Danko,Jima and Environs",023100200100,Niger State Electrification Board,12610700,GBAKO,23020103,CONSTRUCTION / PROVISION OF ELECTRICITY,70435,ELECTRICITY,211430742.06,80000000.0,0.0,250000000.0,79,0.3178,0.3325
"Extension of 33KV Line to Ba'arikichi Community, Bosso LGA",023100200100,Niger State Electrification Board,12620500,BOSSO,23020103,CONSTRUCTION / PROVISION OF ELECTRICITY,70435,ELECTRICITY,54597427.0,58698440.0,0.0,58698440.0,79,0.3333,0.3478
Electrification of Ekosa Nagya/ New Muregi Villages,023100200100,Niger State Electrification Board,12611700,MOKOWA,23020103,CONSTRUCTION / PROVISION OF ELECTRICITY,70435,ELECTRICITY,145000000.0,249380314.4,0.0,249380314.0,79,0.3489,0.3631
Electrification of Kaluko Village; Garun Gabbas to Beji,023100200100,Niger State Electrification Board,12620500,BOSSO,23020103,CONSTRUCTION / PROVISION OF ELECTRICITY,70435,ELECTRICITY,25000000.0,50496128.91,0.0,0.0,79,0.3636,0.3784
"Construction of 33kv Line (ITC/TDN) of Danko Emiworogi, Danko Pastishin and Kangi Village",023100200100,Niger State Electrification Board,12611200,LAVUN,23020103,CONSTRUCTION / PROVISION OF ELECTRICITY,70435,ELECTRICITY,20000000.0,78029532.5,0.0,71148362.0,79,0.3791,0.3936
Purchase and supply of 1 No 17 Tones Crane vehicle,023100200100,Niger State Electrification Board,12621600,CHANCHAGA,23010105,PURCHASE OF MOTOR VEHICLES,70435,ELECTRICITY,70000000.0,50000000.0,0.0,0.0,79,0.3954,0.4017
"Construction of 33KV line from Kontagora to Magama Through Makera with Installation of control panels , Breaker and MD Meters",023100200100,Niger State Electrification Board,12631300,MAGAMA,23020103,CONSTRUCTION / PROVISION OF ELECTRICITY,70435,ELECTRICITY,0.0,440956295.0,200000000.0,0.0,79,0.4077,0.4219
Construction of 33kv line(ITC/TDN) to Kukpa-Bafu Village,023100200100,Niger State Electrification Board,12611100,LAPAI,23020103,CONSTRUCTION / PROVISION OF ELECTRICITY,70435,ELECTRICITY,0.0,150000000.0,20000000.0,0.0,79,0.4265,0.4411
"Construction of 11KV line (ITC/TDN) to Land Basin inside Barikin Sale, Minna",023100200100,Niger State Electrification Board,12621600,CHANCHAGA,23020103,CONSTRUCTION / PROVISION OF ELECTRICITY,70435,ELECTRICITY,0.0,86760500.0,4278200.0,98980680.0,79,0.442,0.4564
Construction of 33kv line from Lemu to Emi Goyi Village,023100200100,Niger State Electrification Board,12610700,GBAKO,23020103,CONSTRUCTION / PROVISION OF ELECTRICITY,70435,ELECTRICITY,0.0,101185312.23,0.0,135600480.0,79,0.4575,0.4717
"Construction of 33kv Line (ITC/TDN) To Danko Emiworogi, Danko Pastishin and Kangi Village",023100200100,Niger State Electrification Board,12611200,LAVUN,23020103,CONSTRUCTION / PROVISION OF ELECTRICITY,70435,ELECTRICITY,0.0,71148362.0,0.0,0.0,79,0.4722,0.487
Construction of 33kv Line (ITC/TDN) of Anfani Communities,023100200100,Niger State Electrification Board,12631300,MAGAMA,23020103,CONSTRUCTION / PROVISION OF ELECTRICITY,70435,ELECTRICITY,0.0,30000000.0,0.0,0.0,79,0.4877,0.5023
"Replacement of Poles and Electrical Accessories at Government College, Bida",023100200100,Niger State Electrification Board,12610300,BIDA,23030102,REHABILITATION / REPAIRS - ELECTRICITY,70435,ELECTRICITY,0.0,0.0,0.0,22442463.0,79,0.5033,0.5176
"Relocation of 11kv Line with 500kv Transformer at MBGSC, Minna",023100200100,Niger State Electrification Board,12621600,CHANCHAGA,23030102,REHABILITATION / REPAIRS - ELECTRICITY,70435,ELECTRICITY,0.0,0.0,0.0,21733400.0,79,0.518,0.5329
"Extension of Dedicated Line From NSDC to Legbo Kutigi Jumuat, Kutigi",023100200100,Niger State Electrification Board,12611200,LAVUN,23020103,CONSTRUCTION / PROVISION OF ELECTRICITY,70435,ELECTRICITY,0.0,0.0,0.0,11725375.0,79,0.5335,0.5482
Construction of 33kv Line From Fisheries Institute to Dangbe I and II and Metering of Tagwai Communities,023100200100,Niger State Electrification Board,12620500,BOSSO,23020103,CONSTRUCTION / PROVISION OF ELECTRICITY,70435,ELECTRICITY,0.0,0.0,0.0,164546705.0,79,0.549,0.5634
"Installation of Solar Streetlight Along El-Amin to JAMB Office, Maitumbi, Minna",023100200100,Niger State Electrification Board,12620500,BOSSO,23020123,CONSTRUCTION OF TRAFFIC /STREET LIGHTS,70435,ELECTRICITY,0.0,0.0,0.0,7474500.0,79,0.5645,0.5787
"Installation of Solar Streetlight Along Stadium Road, Angwan Daji, Minna",023100200100,Niger State Electrification Board,12621600,CHANCHAGA,23020123,CONSTRUCTION OF TRAFFIC /STREET LIGHTS,70435,ELECTRICITY,0.0,0.0,0.0,6574700.0,79,0.5792,0.594
Installation of Solar Streetlight at Kpakungu and Gbeganu Burial Ground,023100200100,Niger State Electrification Board,12621600,CHANCHAGA,23020123,CONSTRUCTION OF TRAFFIC /STREET LIGHTS,70435,ELECTRICITY,0.0,0.0,0.0,5000000.0,79,0.5948,0.6093
Establishment of Relief substation at Suleja,023100200100,Niger State Electrification Board,12622300,SULEJA,23020103,CONSTRUCTION / PROVISION OF ELECTRICITY,70435,ELECTRICITY,0.0,0.0,0.0,100000000.0,79,0.6103,0.6246
Construction of 33kv line From Shakwatu to Gurusu Kuta and Sabon Gurusu,023100200100,Niger State Electrification Board,12620500,BOSSO,23020103,CONSTRUCTION / PROVISION OF ELECTRICITY,70435,ELECTRICITY,0.0,0.0,0.0,13004077.0,79,0.6258,0.6399
"Construction of 33kv From Jima Doko to Sa;aci and 11kv From Sa'aci, Egagi to Nupeko",023100200100,Niger State Electrification Board,12610600,EDATI,23020103,CONSTRUCTION / PROVISION OF ELECTRICITY,70435,ELECTRICITY,0.0,0.0,0.0,169776068.0,79,0.6405,0.6552
Construction of 33kv Line From Dzakagi to Tama Village in Edati LGA,023100200100,Niger State Electrification Board,12611200,LAVUN,23020103,CONSTRUCTION / PROVISION OF ELECTRICITY,70435,ELECTRICITY,0.0,0.0,0.0,80638288.0,79,0.656,0.6705
Construction of 33kv Line From New gate University to the Neighbouring Community,023100200100,Niger State Electrification Board,12620500,BOSSO,23020103,CONSTRUCTION / PROVISION OF ELECTRICITY,70435,ELECTRICITY,0.0,0.0,0.0,74900560.0,79,0.6716,0.6858
Upgrading of 11kv line to 33kv line and Distribution Materials to Badegi Community,023100200100,Niger State Electrification Board,12610900,KATCHA,23020103,CONSTRUCTION / PROVISION OF ELECTRICITY,70435,ELECTRICITY,0.0,0.0,0.0,170000000.0,79,0.6863,0.7011
Construction of 33kv Line to Etsugaie and Environs,023100200100,Niger State Electrification Board,12610100,AGAIE,23020103,CONSTRUCTION / PROVISION OF ELECTRICITY,70435,ELECTRICITY,0.0,0.0,0.0,239412750.0,79,0.7018,0.7164
"Electrification of Etsu Manma, Bankorogi and Kparaka Community",023100200100,Niger State Electrification Board,12610700,GBAKO,23020103,CONSTRUCTION / PROVISION OF ELECTRICITY,70435,ELECTRICITY,0.0,0.0,0.0,182753247.0,79,0.7173,0.7317
"Construction of 33kv Line to Gawa in Evuti, Lapai LG",023100200100,Niger State Electrification Board,12611100,LAPAI,23020103,CONSTRUCTION / PROVISION OF ELECTRICITY,70435,ELECTRICITY,0.0,0.0,0.0,143890460.0,79,0.7328,0.747
Construction of 33kv Line From Lemu to Sakiwa Magiworo,023100200100,Niger State Electrification Board,12610700,GBAKO,23020103,CONSTRUCTION / PROVISION OF ELECTRICITY,70435,ELECTRICITY,0.0,0.0,0.0,126650450.0,79,0.7475,0.7623
Electrification of Amude to Patishin Village in Katcha LGA,023100200100,Niger State Electrification Board,12610900,KATCHA,23010128,PURCHASE OF SECURITY EQUIPMENT,70435,ELECTRICITY,0.0,0.0,0.0,212000000.0,79,0.7672,0.7734
"Electrification of Tsaduko Village, Gbako LGA",023100200100,Niger State Electrification Board,12610700,GBAKO,23020103,CONSTRUCTION / PROVISION OF ELECTRICITY,70435,ELECTRICITY,0.0,0.0,0.0,211000000.0,79,0.7786,0.7929
"Electrification of Gulbinboka, Mariga LGA",023100200100,Niger State Electrification Board,12631400,MARIGA,23020103,CONSTRUCTION / PROVISION OF ELECTRICITY,70435,ELECTRICITY,0.0,0.0,0.0,150000000.0,79,0.7933,0.8082
"Electrification of Wonchin Gana to Ekangi to Evunti Communities, Gbako",023100200100,Niger State Electrification Board,12610700,GBAKO,23020125,CONSTRUCTION OF POWER GENERATING PLANTS,70435,ELECTRICITY,0.0,0.0,0.0,175000000.0,79,0.8088,0.8234
installation of 30MVA/132KV/33K injection substation at Maizube farm,023100300100,Niger State Electricity Regulatory Commission,12620500,BOSSO,23020103,CONSTRUCTION / PROVISION OF ELECTRICITY,70435,ELECTRICITY,0.0,700000000.0,0.0,0.0,79,0.8243,0.8387
"Provision of 10,000 Units of prepaid metre",023100300100,Niger State Electricity Regulatory Commission,12642600,STATE WIDE,23020103,CONSTRUCTION / PROVISION OF ELECTRICITY,70435,ELECTRICITY,0.0,400000000.0,0.0,500000000.0,80,0.1348,0.1489
purchase of 10no. 33KVA distribution transformer and installation materials,023100300100,Niger State Electricity Regulatory Commission,12621600,CHANCHAGA,23020103,CONSTRUCTION / PROVISION OF ELECTRICITY,70435,ELECTRICITY,0.0,0.0,0.0,500000000.0,80,0.1495,0.1642
Conduct of Survey and Analysis of Prospective Mineral Sites across the State,023300100100,Ministry of Mining & Mineral Resources,12642600,STATE WIDE,23050101,RESEARCH AND DEVELOPMENT,70484,"R & D MINING, MANUFACTURING AND CONSTRUCTION",0.0,100000000.0,0.0,100000000.0,80,0.165,0.1795
Acquisition of Land in Minna for the Construction of Office Accomodation,023300100100,Ministry of Mining & Mineral Resources,12621600,CHANCHAGA,23010101,PURCHASE / ACQUISITION OF LAND,70131,GENERAL PERSONNEL SERVICES,0.0,5000000.0,0.0,20000000.0,80,0.1806,0.1948
Provision of Solar Panel and Battery for Alternative Energy,023300100100,Ministry of Mining & Mineral Resources,12621600,CHANCHAGA,23020118,CONSTRUCTION / PROVISION OF INFRASTRUCTURE,70131,GENERAL PERSONNEL SERVICES,0.0,15000000.0,0.0,25000000.0,80,0.1953,0.2101
Purchase of 1no RTK GNSS Survey tools and Geological Equiptment,023300100100,Ministry of Mining & Mineral Resources,12642600,STATE WIDE,23010133,PURCHASES OF SURVEYING EQUIPMENT,70441,MINING OF MINERAL RESOURCES OTHER THAN MINERAL FUELS,0.0,10000000.0,0.0,180000000.0,80,0.2108,0.2254
Purchase of 2no. XRF Gold detector machines,023300100100,Ministry of Mining & Mineral Resources,12642600,STATE WIDE,23010133,PURCHASES OF SURVEYING EQUIPMENT,70441,MINING OF MINERAL RESOURCES OTHER THAN MINERAL FUELS,10500000.0,90000000.0,0.0,0.0,80,0.2263,0.2407
Establishment of Website for Mineral Data Bank,023300100100,Ministry of Mining & Mineral Resources,12642600,STATE WIDE,23050102,COMPUTER SOFTWARE ACQUISITION,70441,MINING OF MINERAL RESOURCES OTHER THAN MINERAL FUELS,0.0,3000000.0,0.0,45000000.0,80,0.2418,0.256
Intervention on child labour elimination and safe mining,023300100100,Ministry of Mining & Mineral Resources,12642600,STATE WIDE,23050101,RESEARCH AND DEVELOPMENT,70441,MINING OF MINERAL RESOURCES OTHER THAN MINERAL FUELS,0.0,5000000.0,0.0,20000000.0,80,0.2565,0.2713
Establishment of AKK/ Mudular Refineries and Gas Station at Bida Basin,023300100100,Ministry of Mining & Mineral Resources,12610300,BIDA,23020118,CONSTRUCTION / PROVISION OF INFRASTRUCTURE,70441,MINING OF MINERAL RESOURCES OTHER THAN MINERAL FUELS,0.0,60000000.0,0.0,0.0,80,0.2721,0.2866
procurement of 10no HP laptop computers,023300100100,Ministry of Mining & Mineral Resources,12621600,CHANCHAGA,23010113,PURCHASE OF COMPUTERS,70441,MINING OF MINERAL RESOURCES OTHER THAN MINERAL FUELS,0.0,17000000.0,0.0,0.0,80,0.2876,0.3019
"Acquisition of Office Building, Minna",023300200100,Zuma Mineral Development Ltd,12621600,CHANCHAGA,23020101,CONSTRUCTION / PROVISION OF OFFICE BUILDINGS,70131,GENERAL PERSONNEL SERVICES,0.0,11500000.0,0.0,0.0,80,0.3023,0.3172
Purchase of a set of 7no. Tables and chairs for Office Accomodation,023300200100,Zuma Mineral Development Ltd,12621600,CHANCHAGA,23010112,PURCHASE OF OFFICE FURNITURE AND FITTINGS,70131,GENERAL PERSONNEL SERVICES,0.0,3500000.0,0.0,0.0,80,0.3178,0.3325
Acquisition of Additional 10no. Mineral Titles,023300200100,Zuma Mineral Development Ltd,12642600,STATE WIDE,23010129,PURCHASE OF INDUSTRIAL EQUIPMENT,70431,COAL AND OTHER SOLID MINERAL FUEL,0.0,100000000.0,0.0,62300000.0,80,0.3333,0.3478
Gold Exploration in Acquired Mineral Titles,023300200100,Zuma Mineral Development Ltd,12642600,STATE WIDE,23010129,PURCHASE OF INDUSTRIAL EQUIPMENT,70431,COAL AND OTHER SOLID MINERAL FUEL,0.0,50000000.0,0.0,0.0,80,0.3489,0.3631
Development of AkutayiTourmaline mining Site,023300200100,Zuma Mineral Development Ltd,12642600,STATE WIDE,23020118,CONSTRUCTION / PROVISION OF INFRASTRUCTURE,70431,COAL AND OTHER SOLID MINERAL FUEL,0.0,50000000.0,0.0,0.0,80,0.3636,0.3784
"Establishment of Granite Quarry, Sarkin Pawa",023300200100,Zuma Mineral Development Ltd,12622300,SULEJA,23020118,CONSTRUCTION / PROVISION OF INFRASTRUCTURE,70431,COAL AND OTHER SOLID MINERAL FUEL,0.0,50000000.0,0.0,0.0,80,0.3791,0.3936
"Purchase of geological equipment 'X-Ray floricent machine, goal dictator, crusher, milling and other equipment",023300200100,Zuma Mineral Development Ltd,12622300,SULEJA,23020118,CONSTRUCTION / PROVISION OF INFRASTRUCTURE,70431,COAL AND OTHER SOLID MINERAL FUEL,0.0,2500000000.0,0.0,100000000.0,80,0.3946,0.4089
i. Research on Exploration of Mineral Resources Across the State,023300200100,Zuma Mineral Development Ltd,12642600,STATE WIDE,23050101,RESEARCH AND DEVELOPMENT,70441,MINING OF MINERAL RESOURCES OTHER THAN MINERAL FUELS,0.0,0.0,0.0,437700000.0,80,0.4101,0.4242
"Survey of Oil Marginal Field, Bida Basin",023300300100,Mid-land Petro Gas Ltd,12610300,BIDA,23050101,RESEARCH AND DEVELOPMENT,70432,PETROLUEM AND NATURAL GAS,0.0,100000000.0,0.0,40000000.0,80,0.4257,0.4323
Oil Exploration in Bida Basin,023300300100,Mid-land Petro Gas Ltd,12621600,CHANCHAGA,23050101,RESEARCH AND DEVELOPMENT,70432,PETROLUEM AND NATURAL GAS,0.0,280000000.0,0.0,289200000.0,80,0.4355,0.4415
Resuscitation of 10no Filling stations,023300300100,Mid-land Petro Gas Ltd,12610300,BIDA,23050101,RESEARCH AND DEVELOPMENT,70432,PETROLUEM AND NATURAL GAS,0.0,200000000.0,0.0,120000000.0,80,0.4444,0.4507
Acquisition of 1no Modular Refinery and 1no Gas plant at oil exploration site at Bida,023300300100,Mid-land Petro Gas Ltd,12610300,BIDA,23010129,PURCHASE OF INDUSTRIAL EQUIPMENT,70432,PETROLUEM AND NATURAL GAS,0.0,200000000.0,0.0,10000000.0,80,0.4526,0.4672
iii. Purchase of AKK Pipeline for extablishment Gas Station,023300300100,Mid-land Petro Gas Ltd,12610100,AGAIE,23010129,PURCHASE OF INDUSTRIAL EQUIPMENT,70441,MINING OF MINERAL RESOURCES OTHER THAN MINERAL FUELS,0.0,0.0,0.0,50800000.0,80,0.4681,0.4825
vi. Research on Petrolium Exploration,023300300100,Mid-land Petro Gas Ltd,12610100,AGAIE,23050101,RESEARCH AND DEVELOPMENT,70441,MINING OF MINERAL RESOURCES OTHER THAN MINERAL FUELS,0.0,0.0,0.0,300000000.0,80,0.4837,0.4978
Construction of 15m Concrete and Steel Bridge Along Guzan-Ketso Road,023400100100,Ministry of Works,12611700,MOKOWA,23020114,CONSTRUCTION / PROVISION OF ROADS,70451,ROAD TRANSPORT,194942095.09,56715329.0,19023645.65,56715329.25,80,0.4984,0.5131
Repair of Failed Section (Sink hole) along Tegina - Kagara Road,023400100100,Ministry of Works,12622000,RAFI,23030113,REHABILITATION / REPAIRS - ROADS,70451,ROAD TRANSPORT,83114652.62,14815446.0,0.0,200000000.0,80,0.518,0.5242
Construction of 3mX3m Failed Hydraulic Structures in Magama,023400100100,Ministry of Works,12631300,MAGAMA,23020114,CONSTRUCTION / PROVISION OF ROADS,70451,ROAD TRANSPORT,200000000.0,30000000.0,0.0,0.0,80,0.5294,0.5436
Construction of 50m Erosion Control at Gadan Mariga,023400100100,Ministry of Works,12631400,MARIGA,23020114,CONSTRUCTION / PROVISION OF ROADS,70451,ROAD TRANSPORT,4780559602.28,36285524.0,0.0,0.0,80,0.5441,0.5589
"Construction of 350m Drainages at Sabon Garin Kwana, Gangaren Kwana & Stone-Pitching Along Tegina Kontagora Road",023400100100,Ministry of Works,12631000,KONTAGORA,23020114,CONSTRUCTION / PROVISION OF ROADS,70451,ROAD TRANSPORT,19760854747.9,5150311.0,0.0,7791824.62,80,0.5596,0.5742
Construction of road from Lumma to Babanna.,023400100100,Ministry of Works,12630400,BORGU,23020114,CONSTRUCTION / PROVISION OF ROADS,70451,ROAD TRANSPORT,59400881727.17,2000000000.0,1972095906.63,0.0,80,0.5752,0.5895
Construction of 4mx4m Cell Bridge at Saganuwa Pachi Community,023400100100,Ministry of Works,12610700,GBAKO,23020114,CONSTRUCTION / PROVISION OF ROADS,70451,ROAD TRANSPORT,0.0,80000000.0,54157686.75,0.0,80,0.5907,0.6048
Construction of road from Lumma to New Bussa,023400100100,Ministry of Works,12630400,BORGU,23030113,REHABILITATION / REPAIRS - ROADS,70451,ROAD TRANSPORT,20713717731.01,1000000000.0,336246268.0,0.0,80,0.6095,0.616
Construction of 15m Span Ije Etsu Bridge at Edati,023400100100,Ministry of Works,12610600,EDATI,23020114,CONSTRUCTION / PROVISION OF ROADS,70451,ROAD TRANSPORT,8818886787.1,300000000.0,0.0,0.0,80,0.6209,0.6354
"Construction of 14km Road, Dikko - Rokota in Edati LGA",023400100100,Ministry of Works,12610600,EDATI,23020114,CONSTRUCTION / PROVISION OF ROADS,70451,ROAD TRANSPORT,1750000000.0,600000000.0,0.0,500000000.0,80,0.6364,0.6507
Construction of road from Igade to Mariga,023400100100,Ministry of Works,12631400,MARIGA,23020114,CONSTRUCTION / PROVISION OF ROADS,70451,ROAD TRANSPORT,179000000.0,1000000000.0,0.0,0.0,80,0.6511,0.666
Construction of road from Nagwamatse to Kontagora,023400100100,Ministry of Works,12631000,KONTAGORA,23020114,CONSTRUCTION / PROVISION OF ROADS,70451,ROAD TRANSPORT,269669029.78,400000000.0,0.0,0.0,80,0.6667,0.6813
Extension of road from Rijau to Kakita,023400100100,Ministry of Works,12632100,RIJAU,23020114,CONSTRUCTION / PROVISION OF ROADS,70451,ROAD TRANSPORT,0.0,1000000000.0,0.0,0.0,80,0.6822,0.6966
Construction of 26km road from Katcha to Badeggi,023400100100,Ministry of Works,12610900,KATCHA,23020114,CONSTRUCTION / PROVISION OF ROADS,70451,ROAD TRANSPORT,0.0,700000000.0,0.0,0.0,80,0.6977,0.7119
Extension of Ibbeto Road,023400100100,Ministry of Works,12631300,MAGAMA,23020114,CONSTRUCTION / PROVISION OF ROADS,70451,ROAD TRANSPORT,0.0,1000000000.0,0.0,0.0,80,0.7124,0.7272
Construction of 14.5km Sabon Wuse - Garam Road,023400100100,Ministry of Works,12622400,TAFA,23020114,CONSTRUCTION / PROVISION OF ROADS,70451,ROAD TRANSPORT,0.0,600000000.0,0.0,0.0,80,0.7279,0.7425
Rehabilitation of 103 km Lapai - Gulu - Ebbo & to Muye Road in Lapai,023400100100,Ministry of Works,12611100,LAPAI,23030113,REHABILITATION / REPAIRS - ROADS,70451,ROAD TRANSPORT,0.0,1000000000.0,0.0,0.0,80,0.7475,0.7536
Construction of Road From Mashegu to Mariga Market,023400100100,Ministry of Works,12631400,MARIGA,23030113,REHABILITATION / REPAIRS - ROADS,70451,ROAD TRANSPORT,0.0,1500000000.0,170914372.01,0.0,80,0.7631,0.7689
Consultancy on the Construction of Sarkin Pawa to Kaduna Road,023400100100,Ministry of Works,12621800,MUNYA,23030113,REHABILITATION / REPAIRS - ROADS,70451,ROAD TRANSPORT,0.0,500000000.0,0.0,0.0,80,0.7778,0.7842
"Rehabilitation 19km Kwakuti Market, Chimbi, Kafin koro, Kwagana - Adunu - Ishau - Market Road",023400100100,Ministry of Works,12621900,PAIKORO,23030113,REHABILITATION / REPAIRS - ROADS,70451,ROAD TRANSPORT,0.0,1200000000.0,0.0,0.0,80,0.7892,0.8036
Construction of Matachibu to Bangi Road (60.3km),023400100100,Ministry of Works,12631400,MARIGA,23020114,CONSTRUCTION / PROVISION OF ROADS,70451,ROAD TRANSPORT,0.0,15350000000.0,10350000000.0,0.0,80,0.8047,0.8189
Construction of Bangi to Kanfani Bobi Road (89km),023400100100,Ministry of Works,12630400,BORGU,23020114,CONSTRUCTION / PROVISION OF ROADS,70451,ROAD TRANSPORT,0.0,11959312941.54,4012067343.27,0.0,80,0.8194,0.8342
Construction of Kontagora to Rijau Road (90km),023400100100,Ministry of Works,12632100,RIJAU,23020114,CONSTRUCTION / PROVISION OF ROADS,70451,ROAD TRANSPORT,0.0,25680470254.49,25000000000.0,16000000000.0,81,0.1348,0.1489
"Construction/ Dualization of 2.2km Ndayako Dokodza - GRA Club Road, Bida (Retention)",023400100100,Ministry of Works,12610300,BIDA,23020114,CONSTRUCTION / PROVISION OF ROADS,70451,ROAD TRANSPORT,0.0,55664268.0,0.0,0.0,81,0.1495,0.1642
Construction of 2.08km Borgu Emirs Palace Road (Retention),023400100100,Ministry of Works,12630400,BORGU,23020114,CONSTRUCTION / PROVISION OF ROADS,70451,ROAD TRANSPORT,0.0,13852670.0,0.0,0.0,81,0.165,0.1795
"Construction of 1,800m Reinforced concrete U-Channel in Minna Metropolis",023400100100,Ministry of Works,12621600,CHANCHAGA,23020114,CONSTRUCTION / PROVISION OF ROADS,70451,ROAD TRANSPORT,0.0,500000000.0,0.0,500000000.0,81,0.1806,0.1948
Construction of 2mx2m Reinforced concrete Box culvert double cell at Gwada Town along Market Road,023400100100,Ministry of Works,12622200,SHIRORO,23020114,CONSTRUCTION / PROVISION OF ROADS,70451,ROAD TRANSPORT,0.0,67471362.0,0.0,67471362.72,81,0.1953,0.2101
Construction of Reinforced Concrete Drainage and Land Reclamation at Gadan Mariga LGA,023400100100,Ministry of Works,12631400,MARIGA,23020114,CONSTRUCTION / PROVISION OF ROADS,70451,ROAD TRANSPORT,0.0,73685016.0,0.0,80000000.0,81,0.2108,0.2254
"Construction of 2.7km Roads in Mokwa Township, Mokwa LGA",023400100100,Ministry of Works,12611700,MOKOWA,23020114,CONSTRUCTION / PROVISION OF ROADS,70451,ROAD TRANSPORT,0.0,1400000000.0,0.0,1000000000.0,81,0.2263,0.2407
Construction of 8.11km Township Roads in Kagara Town,023400100100,Ministry of Works,12622000,RAFI,23020114,CONSTRUCTION / PROVISION OF ROADS,70451,ROAD TRANSPORT,0.0,500000000.0,170914372.01,500000000.0,81,0.2418,0.256
Construction of 3mx3m Four cells Reinforced Concrete Box Culvert on River Kontagora and 350m Access Road to link Ubanana Primary School - Rigasa,023400100100,Ministry of Works,12631000,KONTAGORA,23020114,CONSTRUCTION / PROVISION OF ROADS,70451,ROAD TRANSPORT,0.0,96129466.0,0.0,96129466.0,81,0.2565,0.2793
"Rehabilitation of Selected Five (5no) Roads in Tunga Low Cost, Minna",023400100100,Ministry of Works,12621600,CHANCHAGA,23030113,REHABILITATION / REPAIRS - ROADS,70451,ROAD TRANSPORT,442883114.8,500000000.0,129974275.87,524183091.58,81,0.2835,0.2901
Construction of Drainages at Unguwan Mayanka Abbatoir & Unguwan Nasarawa (Phase II),023400100100,Ministry of Works,12631000,KONTAGORA,23020114,CONSTRUCTION / PROVISION OF ROADS,70451,ROAD TRANSPORT,22232230871.42,109084077.0,0.0,109084077.6,81,0.2949,0.3095
Construction of 3mx3m Tripple cell Box culverts at Rafin Kwakwa Unguwan Rigasa,023400100100,Ministry of Works,12631000,KONTAGORA,23020114,CONSTRUCTION / PROVISION OF ROADS,70451,ROAD TRANSPORT,16560427782.88,19178775.0,0.0,19178775.0,81,0.3105,0.3248
Rehabilitation of 2.08km Internal Roads at Abubakar Sani Bello Estate along Airport Road Maikunkele,023400100100,Ministry of Works,12620500,BOSSO,23030113,REHABILITATION / REPAIRS - ROADS,70451,ROAD TRANSPORT,9968515234.62,500000000.0,0.0,0.0,81,0.326,0.3401
Construction of 2no. Roads in Kontagora Township and Dadin Kowa First Bank Road,023400100100,Ministry of Works,12631000,KONTAGORA,23020114,CONSTRUCTION / PROVISION OF ROADS,70451,ROAD TRANSPORT,9681762103.8,300000000.0,0.0,250000000.0,81,0.3407,0.3554
Construction of 2mX2m Cells Box Culvert at Kuta & Gwada Market Township Road,023400100100,Ministry of Works,12622200,SHIRORO,23020114,CONSTRUCTION / PROVISION OF ROADS,70451,ROAD TRANSPORT,15913142930.2,150000000.0,0.0,0.0,81,0.3562,0.3707
Rehabilitation of 7km Zungeru Township Roads in Wushishi LGA,023400100100,Ministry of Works,12632500,WUSHISHI,23030113,REHABILITATION / REPAIRS - ROADS,70451,ROAD TRANSPORT,0.0,31123457.0,0.0,0.0,81,0.3758,0.3819
"Rehabilitation of 10km Tagwai Dam Road, Minna",023400100100,Ministry of Works,12620500,BOSSO,23030113,REHABILITATION / REPAIRS - ROADS,70451,ROAD TRANSPORT,0.0,209669506.0,0.0,209669506.35,81,0.3905,0.3972
Construction of 200m Emergency Works along Airport Road Maikunkele Junction - Minna,023400100100,Ministry of Works,12620500,BOSSO,23020114,CONSTRUCTION / PROVISION OF ROADS,70451,ROAD TRANSPORT,0.0,35257780.0,0.0,35257780.0,81,0.402,0.4166
"Upgrading of 1.3km Access Roads to Deputy Governor's Office, Minna",023400100100,Ministry of Works,12621600,CHANCHAGA,23030113,REHABILITATION / REPAIRS - ROADS,70451,ROAD TRANSPORT,0.0,200000000.0,0.0,0.0,81,0.4216,0.4278
"Construction of 700m Tunga Central Mosque road Connecting to Benjama'a Hotel Road, Minna",023400100100,Ministry of Works,12621600,CHANCHAGA,23020114,CONSTRUCTION / PROVISION OF ROADS,70451,ROAD TRANSPORT,0.0,550000000.0,0.0,0.0,81,0.433,0.4472
"Surface Dressing of 4.8km internal roads at Abubakar Sani Bello Estate along Airport road, Maikunkele",023400100100,Ministry of Works,12620500,BOSSO,23030113,REHABILITATION / REPAIRS - ROADS,70451,ROAD TRANSPORT,0.0,400000000.0,0.0,0.0,81,0.4477,0.4625
"Construction of 1.2km 5no Roads in Bosso Low Cost Senior Staff Quarters, Minna",023400100100,Ministry of Works,12620500,BOSSO,23020114,CONSTRUCTION / PROVISION OF ROADS,70451,ROAD TRANSPORT,0.0,500000000.0,0.0,0.0,81,0.4632,0.4778
Emergency repairs of 10km in some selected roads in Bida Township,023400100100,Ministry of Works,12621600,CHANCHAGA,23030113,REHABILITATION / REPAIRS - ROADS,70451,ROAD TRANSPORT,0.0,300000000.0,0.0,0.0,81,0.4828,0.4889
"Construction of 1000m Concrete Drainage Along Old NECO Office to Building Materials, Minna",023400100100,Ministry of Works,12621600,CHANCHAGA,23020114,CONSTRUCTION / PROVISION OF ROADS,70451,ROAD TRANSPORT,0.0,300000000.0,0.0,0.0,81,0.4935,0.5084
Construction of 450m Papi village to Tungan Goro Road,023400100100,Ministry of Works,12621600,CHANCHAGA,23020114,CONSTRUCTION / PROVISION OF ROADS,70451,ROAD TRANSPORT,0.0,300000000.0,0.0,0.0,81,0.509,0.5236
"Construction of Brighter Suit Road to INEC Computer Dogon Koli Connecting Custom Road, Minna",023400100100,Ministry of Works,12621600,CHANCHAGA,23020114,CONSTRUCTION / PROVISION OF ROADS,70451,ROAD TRANSPORT,0.0,300000000.0,0.0,0.0,81,0.5245,0.5389
Reconstruction/Expansion of Township Roads in Minna Phase I & II,023400100100,Ministry of Works,12621600,CHANCHAGA,23020114,CONSTRUCTION / PROVISION OF ROADS,70451,ROAD TRANSPORT,0.0,65446072327.2,35986785003.3,30158801190.0,81,0.54,0.5542
Construction of Roads in Minna Township (100km),023400100100,Ministry of Works,12621600,CHANCHAGA,23020114,CONSTRUCTION / PROVISION OF ROADS,70451,ROAD TRANSPORT,0.0,25979889394.62,12000000000.0,12841198810.0,81,0.5547,0.5695
Construction of Bida Township Road (50km),023400100100,Ministry of Works,12610300,BIDA,23020114,CONSTRUCTION / PROVISION OF ROADS,70451,ROAD TRANSPORT,0.0,22496684452.6,6425029188.0,9000000000.0,81,0.5703,0.5848
Construction of Roads in Kontagora Township (50km),023400100100,Ministry of Works,12631000,KONTAGORA,23020114,CONSTRUCTION / PROVISION OF ROADS,70451,ROAD TRANSPORT,0.0,13949624375.4,2135447943.27,8000000000.0,81,0.5858,0.6001
Construction of Roads in Suleja Township (50km),023400100100,Ministry of Works,12622300,SULEJA,23020114,CONSTRUCTION / PROVISION OF ROADS,70451,ROAD TRANSPORT,0.0,15490819366.08,2135447943.27,12000000000.0,81,0.6013,0.6154
"Construction of Roads in 17 LGAs: Agaie, Edati, Gbako, Gurara, Katcha, Lapai, Lavun, Magama, Mariga, Mashegu, Mokwa, Munya, Paikoro, Rafi, Rijau, Shiroro and Tafa, Borgu bond project",023400100100,Ministry of Works,12642600,STATE WIDE,23020114,CONSTRUCTION / PROVISION OF ROADS,70451,ROAD TRANSPORT,0.0,25461028688.29,1542843008.91,28500000000.0,81,0.616,0.6387
Consultancy Services onUrban Renewal Projects and 556km Roads,023400100100,Ministry of Works,12621600,CHANCHAGA,23050103,MONITORING AND EVALUATION,70451,ROAD TRANSPORT,0.0,4318637654.05,1567106382.45,2500000000.0,81,0.643,0.6495
Construction of Bida Ring Road (41km),023400100100,Ministry of Works,12610300,BIDA,23020114,CONSTRUCTION / PROVISION OF ROADS,70451,ROAD TRANSPORT,0.0,35271900789.6,4491057618.29,20000000000.0,81,0.6544,0.6689
Consultancy Services on the Construction of Bida Ring Road,023400100100,Ministry of Works,12610300,BIDA,23050103,MONITORING AND EVALUATION,70451,ROAD TRANSPORT,0.0,717410710.0,0.0,1500000000.0,81,0.6708,0.677
Construction of Doko Township Road FG Grant,023400100100,Ministry of Works,12611200,LAVUN,23020114,CONSTRUCTION / PROVISION OF ROADS,70451,ROAD TRANSPORT,0.0,2500000000.0,1772095906.63,0.0,81,0.6789,0.6934
Renovation of 4 Blocks of the State New Secretariate Complex,023400100100,Ministry of Works,12621600,CHANCHAGA,23030121,REHABILITATION / REPAIRS OF OFFICE BUILDINGS,70131,GENERAL PERSONNEL SERVICES,0.0,2563806290.0,0.0,0.0,81,0.6944,0.7087
Renovation of Ministry of Works Area Offices,023400100100,Ministry of Works,12621600,CHANCHAGA,23030121,REHABILITATION / REPAIRS OF OFFICE BUILDINGS,70131,GENERAL PERSONNEL SERVICES,0.0,550000000.0,0.0,0.0,81,0.7092,0.724
"Rehabilitation of Niger State Library Board, Minna",023400100100,Ministry of Works,12621600,CHANCHAGA,23030121,REHABILITATION / REPAIRS OF OFFICE BUILDINGS,70131,GENERAL PERSONNEL SERVICES,0.0,100000000.0,0.0,0.0,81,0.7247,0.7393
"Construction of Fire Service Station, New Bussa",023400100100,Ministry of Works,12630400,BORGU,23020110,CONSTRUCTION / PROVISION OF FIRE FIGHTING STATIONS,70321,FIRE PROTECTION SERVICES,0.0,100000000.0,0.0,22750688.29,81,0.7402,0.7546
"Construction of Fire Service Station, Sarkin Pawa",023400100100,Ministry of Works,12621800,MUNYA,23020110,CONSTRUCTION / PROVISION OF FIRE FIGHTING STATIONS,70321,FIRE PROTECTION SERVICES,2993734.26,80000000.0,0.0,53506024.41,81,0.7557,0.7699
"Construction of Securirty House, Block wall fence & Rehabilitation Centre at NDLEA office, Minna",023400100100,Ministry of Works,12621600,CHANCHAGA,23020101,CONSTRUCTION / PROVISION OF OFFICE BUILDINGS,70131,GENERAL PERSONNEL SERVICES,0.0,100000000.0,0.0,80000000.0,81,0.7704,0.7852
"Construction of New SSG;s Office Complex Phase I & II , Minna",023400100100,Ministry of Works,12621600,CHANCHAGA,23020101,CONSTRUCTION / PROVISION OF OFFICE BUILDINGS,70131,GENERAL PERSONNEL SERVICES,0.0,4650000000.0,1000000000.0,779796777.0,81,0.7859,0.8005
Construction of One Stop Shop at Bida,023400100100,Ministry of Works,12610300,BIDA,23020101,CONSTRUCTION / PROVISION OF OFFICE BUILDINGS,70411,GENERAL ECONOMIC AND COMMERCIALAFFAIRS,0.0,82961659.0,0.0,12961659.37,81,0.8015,0.8158
Construction of One Stop Shop at Minna,023400100100,Ministry of Works,12621600,CHANCHAGA,23020101,CONSTRUCTION / PROVISION OF OFFICE BUILDINGS,70411,GENERAL ECONOMIC AND COMMERCIALAFFAIRS,0.0,80369328.0,0.0,10369327.5,81,0.817,0.8311
Construction of One Stop Shop at Kontagora,023400100100,Ministry of Works,12631000,KONTAGORA,23020101,CONSTRUCTION / PROVISION OF OFFICE BUILDINGS,70411,GENERAL ECONOMIC AND COMMERCIALAFFAIRS,0.0,90493396.0,0.0,4493395.48,81,0.8317,0.8464
Remodeling and Construction of Additional Structures at Government Lodge Kontagora,023400100100,Ministry of Works,12631000,KONTAGORA,23020102,CONSTRUCTION / PROVISION OF RESIDENTIAL BUILDINGS,70611,HOUSING DEVELOPMENT,0.0,120000000.0,0.0,44620902.92,82,0.1348,0.1489
Construction of One Stop Shop at Kagara,023400100100,Ministry of Works,12622000,RAFI,23020101,CONSTRUCTION / PROVISION OF OFFICE BUILDINGS,70411,GENERAL ECONOMIC AND COMMERCIALAFFAIRS,0.0,76000000.0,0.0,43715928.69,82,0.1495,0.1642
Renovation of Mechanical Central Workshop Minna,023400100100,Ministry of Works,12621600,CHANCHAGA,23030121,REHABILITATION / REPAIRS OF OFFICE BUILDINGS,70131,GENERAL PERSONNEL SERVICES,0.0,78219606.0,0.0,0.0,82,0.165,0.1795
"Fencing of Area office, Kagara (VIO Section)",023400100100,Ministry of Works,12622000,RAFI,23020101,CONSTRUCTION / PROVISION OF OFFICE BUILDINGS,70131,GENERAL PERSONNEL SERVICES,0.0,84555953.0,0.0,49962463.16,82,0.1806,0.1948
Construction of Type II Police Station at Gulu,023400100100,Ministry of Works,12611100,LAPAI,23020101,CONSTRUCTION / PROVISION OF OFFICE BUILDINGS,70321,FIRE PROTECTION SERVICES,0.0,50000000.0,0.0,16885012.25,82,0.1953,0.2101
Construction of Fire Service Station Agaie,023400100100,Ministry of Works,12610100,AGAIE,23020101,CONSTRUCTION / PROVISION OF OFFICE BUILDINGS,70321,FIRE PROTECTION SERVICES,0.0,50000000.0,0.0,28927914.84,82,0.2108,0.2254
Construction of Fire Service Station Lapai,023400100100,Ministry of Works,12611100,LAPAI,23020101,CONSTRUCTION / PROVISION OF OFFICE BUILDINGS,70321,FIRE PROTECTION SERVICES,0.0,61386394.0,0.0,11262800.45,82,0.2263,0.2407
"Renovation of 3 Bedroons Judges Quarters with Court yard at Gulu, Lapai",023400100100,Ministry of Works,12611100,LAPAI,23020102,CONSTRUCTION / PROVISION OF RESIDENTIAL BUILDINGS,70611,HOUSING DEVELOPMENT,0.0,9500000.0,0.0,0.0,82,0.2418,0.256
"Reclamation & Reconstruction of Collapsed Fence at IBB Specialist Hospital, Minna",023400100100,Ministry of Works,12621600,CHANCHAGA,23020106,CONSTRUCTION / PROVISION OF HOSPITALS / HEALTH CENTRES,70722,SPECIALIZED MEDICAL SERVICES,0.0,300000000.0,0.0,173005186.5,82,0.2565,0.2713
Renovation of Bida Eid Praying Ground,023400100100,Ministry of Works,12610300,BIDA,23030118,REHABILITATION / REPAIRS - RECREATIONAL FACILITIES,70841,RELIGIOUS AND OTHER COMMUNITY SERVICES,0.0,100000000.0,0.0,0.0,82,0.2721,0.2866
Repairs/Modification of Government Lodge Bida,023400100100,Ministry of Works,12610300,BIDA,23030101,REHABILITATION / REPAIRS OF RESIDENTIAL BUILDING,70611,HOUSING DEVELOPMENT,0.0,194558441.0,0.0,0.0,82,0.2876,0.3019
Construction of Fire Service Station Paikoro,023400100100,Ministry of Works,12621900,PAIKORO,23020110,CONSTRUCTION / PROVISION OF FIRE FIGHTING STATIONS,70321,FIRE PROTECTION SERVICES,0.0,80000000.0,0.0,0.0,82,0.3023,0.3172
Construction of fire service Station Tegina,023400100100,Ministry of Works,12622000,RAFI,23020110,CONSTRUCTION / PROVISION OF FIRE FIGHTING STATIONS,70321,FIRE PROTECTION SERVICES,0.0,80000000.0,0.0,0.0,82,0.3178,0.3325
Construction of fire service Station Mokwa,023400100100,Ministry of Works,12611700,MOKOWA,23020110,CONSTRUCTION / PROVISION OF FIRE FIGHTING STATIONS,70321,FIRE PROTECTION SERVICES,0.0,80000000.0,0.0,0.0,82,0.3333,0.3478
Construction/ Renovation of Offices at Niger State House of Assembly & Assembly Sevice Commission and Clinic,023400100100,Ministry of Works,12621600,CHANCHAGA,23020101,CONSTRUCTION / PROVISION OF OFFICE BUILDINGS,70131,GENERAL PERSONNEL SERVICES,0.0,140000000.0,0.0,200000000.0,82,0.3489,0.3631
Construction of fire service Station Wushishi,023400100100,Ministry of Works,12632500,WUSHISHI,23020110,CONSTRUCTION / PROVISION OF FIRE FIGHTING STATIONS,70321,FIRE PROTECTION SERVICES,0.0,80000000.0,0.0,0.0,82,0.3636,0.3784
Construction of Perimeter Fence & Gate at Lapai Police Station & Police Barracks Niger State,023400100100,Ministry of Works,12621600,CHANCHAGA,23020101,CONSTRUCTION / PROVISION OF OFFICE BUILDINGS,70131,GENERAL PERSONNEL SERVICES,0.0,50000000.0,0.0,8925946.0,82,0.3791,0.3936
"Landscaping of NSEB & Car Porch, Minna",023400100100,Ministry of Works,12621600,CHANCHAGA,23020101,CONSTRUCTION / PROVISION OF OFFICE BUILDINGS,70131,GENERAL PERSONNEL SERVICES,0.0,6000000.0,0.0,0.0,82,0.3946,0.4089
Construction of fire service Station Edati,023400100100,Ministry of Works,12610600,EDATI,23020110,CONSTRUCTION / PROVISION OF FIRE FIGHTING STATIONS,70321,FIRE PROTECTION SERVICES,0.0,80000000.0,0.0,0.0,82,0.4101,0.4242
Construction of fire service Station in Maikunkele by Airport Junction,023400100100,Ministry of Works,12620500,BOSSO,23020110,CONSTRUCTION / PROVISION OF FIRE FIGHTING STATIONS,70321,FIRE PROTECTION SERVICES,0.0,80000000.0,0.0,0.0,82,0.4248,0.4395
"Renovation & Construction of Niger State fire Service Headquatres, Minna",023400100100,Ministry of Works,12621600,CHANCHAGA,23020110,CONSTRUCTION / PROVISION OF FIRE FIGHTING STATIONS,70321,FIRE PROTECTION SERVICES,0.0,150000000.0,0.0,0.0,82,0.4404,0.4548
"Renovation of Ministry of Youth & Sports, Minna",023400100100,Ministry of Works,12621600,CHANCHAGA,23030121,REHABILITATION / REPAIRS OF OFFICE BUILDINGS,70131,GENERAL PERSONNEL SERVICES,0.0,137979078.0,0.0,0.0,82,0.4559,0.4701
"Construction of Cafeteria at Abdulkareem Secretariat Complex, Minna",023400100100,Ministry of Works,12621600,CHANCHAGA,23020101,CONSTRUCTION / PROVISION OF OFFICE BUILDINGS,70131,GENERAL PERSONNEL SERVICES,0.0,1000000000.0,0.0,0.0,82,0.4706,0.4854
"Construction of Clinic at Abdulkareem Lafene Secretariat Complex, Minna",023400100100,Ministry of Works,12621600,CHANCHAGA,23020106,CONSTRUCTION / PROVISION OF HOSPITALS / HEALTH CENTRES,70731,GENERAL HOSPITAL SERVICES,0.0,180000000.0,0.0,0.0,82,0.4861,0.5007
Construction of Burnt Reverend Father Appartment at Kaffin Koro,023400100100,Ministry of Works,12621900,PAIKORO,23020102,CONSTRUCTION / PROVISION OF RESIDENTIAL BUILDINGS,70611,HOUSING DEVELOPMENT,0.0,100000000.0,0.0,0.0,82,0.5016,0.516
Reconstruction of Minna - Bida Road( IsDB/ADFD),023400100100,Ministry of Works,12621600,CHANCHAGA,23020114,CONSTRUCTION / PROVISION OF ROADS,70451,ROAD TRANSPORT,0.0,51000000000.0,15240864832.06,44900000000.0,82,0.5172,0.5313
Construction of Rofia to Borgu Road (90km):,023400100100,Ministry of Works,12630400,BORGU,23020114,CONSTRUCTION / PROVISION OF ROADS,70451,ROAD TRANSPORT,0.0,25014167596.65,14545419181.26,16000000000.0,82,0.5319,0.5466
Dualization of Minna to Jazu (41km)- CDF,023400100100,Ministry of Works,12621600,CHANCHAGA,23020114,CONSTRUCTION / PROVISION OF ROADS,70451,ROAD TRANSPORT,0.0,6972800000.0,1556423410.36,7500000000.0,82,0.5474,0.5619
"Construction of 2no Concrete Surfacing Carriage and Drains with Solar Street Lights in Kongoma Central Ward, Rafi LGA",023400100100,Ministry of Works,12622000,RAFI,23020123,CONSTRUCTION OF TRAFFIC /STREET LIGHTS,70436,NON ELECTRIC ENERGY,0.0,250000000.0,0.0,0.0,82,0.5629,0.5772
"Construction of Nigeria Airforce by-pass Road, New-Bussa",023400100100,Ministry of Works,12630400,BORGU,23020114,CONSTRUCTION / PROVISION OF ROADS,70451,ROAD TRANSPORT,0.0,1000000000.0,0.0,0.0,82,0.5776,0.5925
Construction of 2km Kutigi Township Road,023400100100,Ministry of Works,12610700,GBAKO,23020114,CONSTRUCTION / PROVISION OF ROADS,70451,ROAD TRANSPORT,0.0,1000000000.0,0.0,0.0,82,0.5931,0.6078
v. Contruction of 3mx2m Triple Cell & 3mx3m Double Box Culvert along Takuti-Tutiriko-Estu Gaie Road,023400100100,Ministry of Works,12610100,AGAIE,23020116,CONSTRUCTION / PROVISION OF WATER-WAYS,70451,ROAD TRANSPORT,0.0,0.0,0.0,40607786.74,82,0.6087,0.6231
vii. Construction of Kushaka village Road from Tegina - Kaduna Federa Highway,023400100100,Ministry of Works,12622000,RAFI,23020114,CONSTRUCTION / PROVISION OF ROADS,70451,ROAD TRANSPORT,0.0,0.0,0.0,200000000.0,82,0.6242,0.6384
Construction of Mararaban Dandaudu - Gwada - kuta Road on Shiroro LGA,023400100100,Ministry of Works,12622200,SHIRORO,23020114,CONSTRUCTION / PROVISION OF ROADS,70451,ROAD TRANSPORT,0.0,0.0,0.0,5000000000.0,82,0.6389,0.6536
Construction of 2mx2m reinforced concrete box culvert along Idah village in Nikuchi Road in Paiko LGA,023400100100,Ministry of Works,12621900,PAIKORO,23020116,CONSTRUCTION / PROVISION OF WATER-WAYS,70451,ROAD TRANSPORT,0.0,0.0,0.0,180000000.0,82,0.6544,0.6689
i. Construction of 16.5km Erena road and Erena township road (2.2km),023400100100,Ministry of Works,12622200,SHIRORO,23020114,CONSTRUCTION / PROVISION OF ROADS,70451,ROAD TRANSPORT,0.0,0.0,0.0,712921571.27,82,0.6699,0.6842
ii. Construction of Mokwa Raba Road,023400100100,Ministry of Works,12611700,MOKOWA,23020114,CONSTRUCTION / PROVISION OF ROADS,70451,ROAD TRANSPORT,0.0,0.0,0.0,2000000000.0,82,0.6846,0.6995
iii.Construction of Six [6] cells 3.0 mx 3.5 box culvert across River Ukuru line drains and access road in Mariga LGA of Niger State,023400100100,Ministry of Works,12631400,MARIGA,23020116,CONSTRUCTION / PROVISION OF WATER-WAYS,70451,ROAD TRANSPORT,0.0,0.0,0.0,21312827.92,82,0.7002,0.7148
Construction of Multiple ring culvert at Muregi Ward Kede Mokwa LGA,023400100100,Ministry of Works,12611700,MOKOWA,23020116,CONSTRUCTION / PROVISION OF WATER-WAYS,70451,ROAD TRANSPORT,0.0,0.0,0.0,9967364.84,82,0.7157,0.7301
Construction of Two-lane single carriage off Imani Clinic-industrial layout Road Minna (2.25KM),023400100100,Ministry of Works,12621600,CHANCHAGA,23020114,CONSTRUCTION / PROVISION OF ROADS,70451,ROAD TRANSPORT,0.0,0.0,0.0,20908118.11,82,0.7312,0.7454
"xvii.Expansion of Emir Palace, Minna",023400100100,Ministry of Works,12621600,CHANCHAGA,23030101,REHABILITATION / REPAIRS OF RESIDENTIAL BUILDING,70451,ROAD TRANSPORT,0.0,0.0,0.0,1449683833.0,82,0.7459,0.7607
"xviii. Rehabilitation of Central Mosque, Minna",023400100100,Ministry of Works,12621600,CHANCHAGA,23030103,REHABILITATION / REPAIRS - HOUSING,70841,RELIGIOUS AND OTHER COMMUNITY SERVICES,0.0,0.0,0.0,1000382807.0,82,0.7614,0.776
"xixProvision of Additional Shops at the Central Mosque, Minna",023400100100,Ministry of Works,12621600,CHANCHAGA,23020124,CONSTRUCTION OF MARKETS/PARKS,70841,RELIGIOUS AND OTHER COMMUNITY SERVICES,0.0,0.0,0.0,53000000.0,82,0.777,0.7913
"xxRehabilitation of a Block of Police Quarter, Agaie",023400100100,Ministry of Works,12610100,AGAIE,23030121,REHABILITATION / REPAIRS OF OFFICE BUILDINGS,70451,ROAD TRANSPORT,0.0,0.0,0.0,72567898.0,82,0.7925,0.8066
"xxiFencing and Landscaping of Eid Praying Grand, Agaie",023400100100,Ministry of Works,12610100,AGAIE,23020104,CONSTRUCTION / PROVISION OF HOUSING,70451,ROAD TRANSPORT,0.0,0.0,0.0,103896770.0,82,0.8072,0.8219
"xxii. Fencing of Grave yard, Agaie",023400100100,Ministry of Works,12610100,AGAIE,23020126,CONSTRUCTION/PROVISION OF CEMETERIES,70451,ROAD TRANSPORT,0.0,0.0,0.0,145875561.0,82,0.8227,0.8372
xxiii. Construction of Offices as New Ministries Behind Zenith Bank,023400100100,Ministry of Works,12621600,CHANCHAGA,23020101,CONSTRUCTION / PROVISION OF OFFICE BUILDINGS,70451,ROAD TRANSPORT,0.0,0.0,0.0,2633409104.14,83,0.1348,0.1489
Emergency rehabilitation of damaged roads in the State.,023400400100,Niger State Road Maintenance Agency (NGROMA),12642600,STATE WIDE,23030113,REHABILITATION / REPAIRS - ROADS,70451,ROAD TRANSPORT,0.0,800000000.0,15704000.0,500000000.0,83,0.1495,0.1642
"Reconstruction of B"" Division through Gwazunu road, Suleja",023400400100,Niger State Road Maintenance Agency (NGROMA),12621600,CHANCHAGA,23020114,CONSTRUCTION / PROVISION OF ROADS,70451,ROAD TRANSPORT,45000000.0,300000000.0,0.0,160000000.0,83,0.165,0.1795
Purchase of 1no Payloader and 1no Grader,023400400100,Niger State Road Maintenance Agency (NGROMA),12621600,CHANCHAGA,23010129,PURCHASE OF INDUSTRIAL EQUIPMENT,70451,ROAD TRANSPORT,50000000.0,150000000.0,0.0,150000000.0,83,0.1806,0.1948
"Purchase of Generating Set (Mikano, 10KVA)",023400400100,Niger State Road Maintenance Agency (NGROMA),12621600,CHANCHAGA,23010119,PURCHASE OF POWER GENERATING SET,70131,GENERAL PERSONNEL SERVICES,115000000.0,15000000.0,0.0,15000000.0,83,0.1953,0.2101
"Repair of Wheelloaders, Roller Machine and Mixing Plant",023400400100,Niger State Road Maintenance Agency (NGROMA),12621600,CHANCHAGA,23030113,REHABILITATION / REPAIRS - ROADS,70451,ROAD TRANSPORT,50000000.0,35000000.0,0.0,10000000.0,83,0.2108,0.2254
"i. Renovation of NIGROMA Office Opposite Old Secretariat, Minna",023400400100,Niger State Road Maintenance Agency (NGROMA),12621600,CHANCHAGA,23030121,REHABILITATION / REPAIRS OF OFFICE BUILDINGS,70451,ROAD TRANSPORT,0.0,0.0,0.0,10000000.0,83,0.2263,0.2407
"ii, Purchase of 3no. Executive Chairs and Tables for Officials and Visitors",023400400100,Niger State Road Maintenance Agency (NGROMA),12621600,CHANCHAGA,23010112,PURCHASE OF OFFICE FURNITURE AND FITTINGS,70451,ROAD TRANSPORT,0.0,0.0,0.0,5000000.0,83,0.2418,0.256
"iv. Completion of Ekowuna Road (19km), Agaie LGA",023400400100,Niger State Road Maintenance Agency (NGROMA),12610100,AGAIE,23020114,CONSTRUCTION / PROVISION OF ROADS,70451,ROAD TRANSPORT,5000000.0,0.0,0.0,150000000.0,83,0.2565,0.2713
v. Reclamation of Washout Area at Efuturu Bida,023400400100,Niger State Road Maintenance Agency (NGROMA),12610300,BIDA,23020116,CONSTRUCTION / PROVISION OF WATER-WAYS,70451,ROAD TRANSPORT,15000000.0,0.0,0.0,200000000.0,83,0.2721,0.2866
"vii. Rehabilitation of Central Mosque to Benda Road, Paiko",023400400100,Niger State Road Maintenance Agency (NGROMA),12621900,PAIKORO,23030118,REHABILITATION / REPAIRS - RECREATIONAL FACILITIES,70451,ROAD TRANSPORT,0.0,0.0,0.0,100000000.0,83,0.2876,0.3019
"viii. Rehabilitation of Lokogoma to Zungeru , Wushishi",023400400100,Niger State Road Maintenance Agency (NGROMA),12632500,WUSHISHI,23030113,REHABILITATION / REPAIRS - ROADS,70451,ROAD TRANSPORT,0.0,0.0,0.0,100000000.0,83,0.3023,0.3172
ix. Rehabilitation of Rijau - Dukku Road,023400400100,Niger State Road Maintenance Agency (NGROMA),12632100,RIJAU,23030113,REHABILITATION / REPAIRS - ROADS,70451,ROAD TRANSPORT,0.0,0.0,0.0,100000000.0,83,0.3178,0.3325
x. Rehabilitation of Ibeto - Auna Road,023400400100,Niger State Road Maintenance Agency (NGROMA),12631300,MAGAMA,23030113,REHABILITATION / REPAIRS - ROADS,70451,ROAD TRANSPORT,0.0,0.0,0.0,150000000.0,83,0.3333,0.3478
xii. Procurement of 2no Hillux Van Project Vehicle,023400400100,Niger State Road Maintenance Agency (NGROMA),12621600,CHANCHAGA,23010106,PURCHASE OF VANS,70451,ROAD TRANSPORT,0.0,0.0,0.0,50000000.0,83,0.3489,0.3631
Construction of Administrative block of 4 offices at Zoological Garden Minna,023600100100,Ministry of Tourism and Culture,12621600,CHANCHAGA,23020101,CONSTRUCTION / PROVISION OF OFFICE BUILDINGS,70811,RECREATIONAL AND SPORTING SERVICES,6000000.0,150000000.0,0.0,0.0,83,0.3636,0.3784
Purchase of production Materials to Ladi Kwali Pottery Center Suleja.,023600100100,Ministry of Tourism and Culture,12621600,CHANCHAGA,23010130,PURCHASE OF RECREATIONAL FACILITIES,70821,CULTURAL SERVICES,4792176000.0,100000000.0,0.0,150000000.0,83,0.3791,0.3936
Development of Baro Empire Hills,023600100100,Ministry of Tourism and Culture,12610900,KATCHA,23020119,CONSTRUCTION / PROVISION OF RECREATIONAL FACILITIES,70811,RECREATIONAL AND SPORTING SERVICES,6000000.0,200000000.0,0.0,70000000.0,83,0.3946,0.4089
"Completion of Five (5) Star Hotel, Minna",023600100100,Ministry of Tourism and Culture,12621600,CHANCHAGA,23020102,CONSTRUCTION / PROVISION OF RESIDENTIAL BUILDINGS,70811,RECREATIONAL AND SPORTING SERVICES,0.0,1500000000.0,425581395.35,1400000000.0,83,0.4101,0.4242
Take-off of the Zungeru ZIK centre,023600100100,Ministry of Tourism and Culture,12632500,WUSHISHI,23020119,CONSTRUCTION / PROVISION OF RECREATIONAL FACILITIES,70811,RECREATIONAL AND SPORTING SERVICES,5368000.0,595000000.0,11270000.0,150000000.0,83,0.4248,0.4395
Establishment of Museum & Archeology centre at Kutigi,023600100100,Ministry of Tourism and Culture,12611200,LAVUN,23020119,CONSTRUCTION / PROVISION OF RECREATIONAL FACILITIES,70851,"R & D RECREATION, CULTURE AND RELIGION",121000000.0,170000000.0,0.0,30000000.0,83,0.4404,0.4548
Development of Gurara Waterfall phase and Construction of Entrance Gate,023600100100,Ministry of Tourism and Culture,12620800,GURARA,23020119,CONSTRUCTION / PROVISION OF RECREATIONAL FACILITIES,70811,RECREATIONAL AND SPORTING SERVICES,0.0,195000000.0,0.0,120000000.0,83,0.4559,0.4701
Revitalization of Murtala Park Minna,023600100100,Ministry of Tourism and Culture,12621600,CHANCHAGA,23020119,CONSTRUCTION / PROVISION OF RECREATIONAL FACILITIES,70811,RECREATIONAL AND SPORTING SERVICES,0.0,1500000000.0,0.0,1000000000.0,83,0.4706,0.4854
"v. Upgrading of Niger State Arewa Gallery House, Kaduna",023600100100,Ministry of Tourism and Culture,12642600,STATE WIDE,23030118,REHABILITATION / REPAIRS - RECREATIONAL FACILITIES,70821,CULTURAL SERVICES,0.0,0.0,0.0,30000000.0,83,0.4861,0.5007
Renovation of Tourism Corporation Headquarter,023600200100,Niger State Tourism Corporation,12621600,CHANCHAGA,23030121,REHABILITATION / REPAIRS OF OFFICE BUILDINGS,70131,GENERAL PERSONNEL SERVICES,0.0,40000000.0,0.0,0.0,83,0.5016,0.516
"Establishment of Gani Cultural Festival centre, Kutigi",023600200100,Niger State Tourism Corporation,12611200,LAVUN,23020119,CONSTRUCTION / PROVISION OF RECREATIONAL FACILITIES,70821,CULTURAL SERVICES,0.0,15000000.0,0.0,0.0,83,0.5172,0.5313
Rehabilitation of tourist site in zungeru,023600200100,Niger State Tourism Corporation,12642600,STATE WIDE,23030126,REHABILITATION/REPAIRS OF CEMETERIES,70473,TOURISM,0.0,30000000.0,0.0,12000000.0,83,0.5319,0.5466
Renovation of Bida Motel,023600200100,Niger State Tourism Corporation,12610300,BIDA,23030101,REHABILITATION / REPAIRS OF RESIDENTIAL BUILDING,70131,GENERAL PERSONNEL SERVICES,0.0,10000000.0,0.0,0.0,83,0.5474,0.5619
"Purchase of 20nos drums, 1000nos beads, Customised wraps for the Promotion of Tourism Club in Schools",023600200100,Niger State Tourism Corporation,12621600,CHANCHAGA,23020107,CONSTRUCTION / PROVISION OF PUBLIC SCHOOLS,70131,GENERAL PERSONNEL SERVICES,0.0,5000000.0,0.0,0.0,83,0.5629,0.5772
Purchase of 1no 18 Seater Bus and Hilux Van,023600200100,Niger State Tourism Corporation,12621600,CHANCHAGA,23010108,PURCHASE OF BUSES,70131,GENERAL PERSONNEL SERVICES,0.0,115000000.0,0.0,0.0,83,0.5817,0.5884
Purchase of Laptops and Development of Website,023600200100,Niger State Tourism Corporation,12621600,CHANCHAGA,23010113,PURCHASE OF COMPUTERS,70133,OTHER GENERAL SERVICES,0.0,5000000.0,0.0,0.0,83,0.5972,0.6036
"Purchase of 20no. Packs of Masqurerade mask set, suit 8172 carnival costume for participation at Abuja International Canival",023600200100,Niger State Tourism Corporation,12642600,STATE WIDE,23010130,PURCHASE OF RECREATIONAL FACILITIES,70473,TOURISM,0.0,10000000.0,0.0,0.0,83,0.6087,0.6231
ii. Take-off Grant for Ladi Kwali Poltery Center,023600200100,Niger State Tourism Corporation,12622300,SULEJA,23020119,CONSTRUCTION / PROVISION OF RECREATIONAL FACILITIES,70473,TOURISM,0.0,0.0,0.0,10000000.0,83,0.6242,0.6384
iii. Establishment of Tourism Information Center at Minna Airport,023600200100,Niger State Tourism Corporation,12621600,CHANCHAGA,23020101,CONSTRUCTION / PROVISION OF OFFICE BUILDINGS,70473,TOURISM,0.0,0.0,0.0,10000000.0,83,0.6389,0.6536
iv. Establishment of Bida Heritage Craft Center,023600200100,Niger State Tourism Corporation,12621600,CHANCHAGA,23020119,CONSTRUCTION / PROVISION OF RECREATIONAL FACILITIES,70473,TOURISM,0.0,0.0,0.0,18000000.0,83,0.6544,0.6689
"Purchase of 2000nos oil paints, 1500no,watercolor,1000nos painting palenttes, for distribution to schools in Minna",023600300100,Niger State Council for Arts and Culture,12621600,CHANCHAGA,23010124,PURCHASE OF TEACHING / LEARNING AID EQUIPMENT,70922,UPPER-SECONDARY EDUCATION,0.0,7000000.0,0.0,0.0,83,0.6699,0.6842
"Acquisition of 10no. Statues, 10n0. display cabinet and 5no storage shelves for State Museum",023600300100,Niger State Council for Arts and Culture,12642600,STATE WIDE,23010130,PURCHASE OF RECREATIONAL FACILITIES,70821,CULTURAL SERVICES,0.0,19000000.0,0.0,10000000.0,83,0.6846,0.6995
Participation in the International Museum Day Celebration.,023600300100,Niger State Council for Arts and Culture,12642600,STATE WIDE,23050104,ANNIVERSARIES/CELEBRATIONS,70821,CULTURAL SERVICES,0.0,9000000.0,0.0,0.0,83,0.7002,0.7148
Conduct of Drama/Dancing Competition for Schools,023600300100,Niger State Council for Arts and Culture,12642600,STATE WIDE,23050104,ANNIVERSARIES/CELEBRATIONS,70821,CULTURAL SERVICES,0.0,7000000.0,0.0,0.0,83,0.7157,0.7301
"Purchase of 50nos violine, 60s clarinet, 20no bassoonand 20nos flutes for Gwape International Minna",023600300100,Niger State Council for Arts and Culture,12621600,CHANCHAGA,23010130,PURCHASE OF RECREATIONAL FACILITIES,70821,CULTURAL SERVICES,0.0,10000000.0,0.0,0.0,83,0.7312,0.7454
Purchase of 10no Knitting machine and 10no Embroidery machine and research materials,023600300100,Niger State Council for Arts and Culture,12621600,CHANCHAGA,23010124,PURCHASE OF TEACHING / LEARNING AID EQUIPMENT,70821,CULTURAL SERVICES,0.0,15000000.0,0.0,10000000.0,83,0.7459,0.7607
Construction of Ceramic unit at Council of Arts and Culture Minna,023600300100,Niger State Council for Arts and Culture,12621600,CHANCHAGA,23020119,CONSTRUCTION / PROVISION OF RECREATIONAL FACILITIES,70811,RECREATIONAL AND SPORTING SERVICES,0.0,30000000.0,0.0,55000000.0,83,0.7614,0.776
Construction of Arts and Craft shop at UK Bello Arts Theatre.,023600300100,Niger State Council for Arts and Culture,12621600,CHANCHAGA,23020119,CONSTRUCTION / PROVISION OF RECREATIONAL FACILITIES,70811,RECREATIONAL AND SPORTING SERVICES,0.0,20000000.0,0.0,20000000.0,83,0.777,0.7913
Construction of Wood and Carpentry Workshop at UK Bello Arts Theatre complex.,023600300100,Niger State Council for Arts and Culture,12621600,CHANCHAGA,23020119,CONSTRUCTION / PROVISION OF RECREATIONAL FACILITIES,70811,RECREATIONAL AND SPORTING SERVICES,0.0,39000000.0,0.0,0.0,83,0.7925,0.8066
Organization of Annual Langa Traditional Sport Competition for Secondary Schools.,023600300100,Niger State Council for Arts and Culture,12642600,STATE WIDE,23050104,ANNIVERSARIES/CELEBRATIONS,70821,CULTURAL SERVICES,0.0,10000000.0,0.0,0.0,83,0.8072,0.8219
Participation at annual Quiz Competition (State & National),023600300100,Niger State Council for Arts and Culture,12642600,STATE WIDE,23050101,RESEARCH AND DEVELOPMENT,70811,RECREATIONAL AND SPORTING SERVICES,0.0,12000000.0,0.0,0.0,83,0.8227,0.8372
Fencing of Dambe (local Boxing) and Kokwa (local wresting erena.,023600300100,Niger State Council for Arts and Culture,12621600,CHANCHAGA,23020119,CONSTRUCTION / PROVISION OF RECREATIONAL FACILITIES,70811,RECREATIONAL AND SPORTING SERVICES,0.0,10000000.0,0.0,0.0,84,0.1348,0.1489
"Traditional marriage research, Documentation among the Nupe's and Ghbagy's in the State",023600300100,Niger State Council for Arts and Culture,12642600,STATE WIDE,23050101,RESEARCH AND DEVELOPMENT,70851,"R & D RECREATION, CULTURE AND RELIGION",0.0,5000000.0,0.0,0.0,84,0.1495,0.1642
Traditional tittle research and Documentation of Emirates in Niger State.,023600300100,Niger State Council for Arts and Culture,12642600,STATE WIDE,23050101,RESEARCH AND DEVELOPMENT,70851,"R & D RECREATION, CULTURE AND RELIGION",0.0,7000000.0,0.0,5000000.0,84,0.165,0.1795
ii. NUT.6.Coordination.Activity 1: Quarterly Nutrition Coordination Meeting (SCFN) - UNICEF/BMGF,023800100100,Niger State Planning Commission,12621600,CHANCHAGA,23050101,RESEARCH AND DEVELOPMENT,70132,OVERALL PLANNING AND STATISTICAL SERVICES,17000000000.0,584829921.0,97276500.0,1500000000.0,84,0.1806,0.1948
iii.Construction of modern skill aqusition centre to Support SMEs Affected by COVID-19 Pandemic (NCARES),023800100100,Niger State Planning Commission,12621600,CHANCHAGA,23020101,CONSTRUCTION / PROVISION OF OFFICE BUILDINGS,70132,OVERALL PLANNING AND STATISTICAL SERVICES,0.0,41551897568.0,800000000.0,18620000000.0,84,0.1953,0.2101
At Risk Children Programme (ARC-P)- to States for Improving Literacy and Skills Among Vulnerable Children,023800100100,Niger State Planning Commission,12621600,CHANCHAGA,23050101,RESEARCH AND DEVELOPMENT,70132,OVERALL PLANNING AND STATISTICAL SERVICES,7635723881.36,6553745500.0,104761900.0,509400000.0,84,0.2108,0.2254
Streghtening finacial and Human resource management in Basic Education in Primary Health Care Sectors(HOPE-GOV)(WORLD BANK),023800100100,Niger State Planning Commission,12621600,CHANCHAGA,23050101,RESEARCH AND DEVELOPMENT,70132,OVERALL PLANNING AND STATISTICAL SERVICES,220500000.0,435550000.0,0.0,435550000.0,84,0.2296,0.2444
"i. Preparation and Production of Medium Term Development Plan (MTDP), Medium TermExpenditure Framework (MTEF), Medium Term Sector Strategy (MTSS) and and Long Term Development Plan",023800100100,Niger State Planning Commission,12621600,CHANCHAGA,23050108,Skills Acquisition,70132,OVERALL PLANNING AND STATISTICAL SERVICES,0.0,250000000.0,13361750.0,250000000.0,84,0.2525,0.2752
ii. Preparation and Production of 2026/2027 Budget,023800100100,Niger State Planning Commission,12621600,CHANCHAGA,23050101,RESEARCH AND DEVELOPMENT,70132,OVERALL PLANNING AND STATISTICAL SERVICES,120000000.0,300000000.0,128980049.0,250000000.0,84,0.2794,0.294
Construction of New Planning Commission Building,023800100100,Niger State Planning Commission,12621600,CHANCHAGA,23020101,CONSTRUCTION / PROVISION OF OFFICE BUILDINGS,70132,OVERALL PLANNING AND STATISTICAL SERVICES,1181500.0,1300000000.0,0.0,1500000000.0,84,0.2949,0.3093
v. Development of Special Technical Skills for the Future Initiative Across Critical Sectors,023800100100,Niger State Planning Commission,12621600,CHANCHAGA,23050108,Skills Acquisition,70132,OVERALL PLANNING AND STATISTICAL SERVICES,129717500.0,300000000.0,0.0,0.0,84,0.3105,0.3246
vi. Conduct of Vision Summit,023800100100,Niger State Planning Commission,12621600,CHANCHAGA,23050101,RESEARCH AND DEVELOPMENT,70132,OVERALL PLANNING AND STATISTICAL SERVICES,1000000000.0,300000000.0,0.0,0.0,84,0.3252,0.3399
Conduct of Baseline Survey,023800100100,Niger State Planning Commission,12621600,CHANCHAGA,23050101,RESEARCH AND DEVELOPMENT,70132,OVERALL PLANNING AND STATISTICAL SERVICES,0.0,2000000000.0,300000000.0,300000000.0,84,0.3407,0.3552
Purchase of 25no HP Laptop Computers,023800100100,Niger State Planning Commission,12621600,CHANCHAGA,23010105,PURCHASE OF MOTOR VEHICLES,70132,OVERALL PLANNING AND STATISTICAL SERVICES,975435671.72,50000000.0,30000000.0,0.0,84,0.3562,0.3705
State Rebranding and Advocacy inline with State Development Planning,023800100100,Niger State Planning Commission,12621600,CHANCHAGA,23050101,RESEARCH AND DEVELOPMENT,70132,OVERALL PLANNING AND STATISTICAL SERVICES,400000000.0,50000000.0,0.0,0.0,84,0.3709,0.3858
Purchase /Construction of Office Building for Development Project,023800100100,Niger State Planning Commission,12621600,CHANCHAGA,23010102,PURCHASE OF OFFICE BUILDINGS,70132,OVERALL PLANNING AND STATISTICAL SERVICES,250000000.0,1500000000.0,70000000.0,0.0,84,0.3864,0.4011
Establishment / partnership with Kent State University Centre,023800100100,Niger State Planning Commission,12621600,CHANCHAGA,23050101,RESEARCH AND DEVELOPMENT,70132,OVERALL PLANNING AND STATISTICAL SERVICES,0.0,200000000.0,0.0,500000000.0,84,0.402,0.4164
Evaluation of State Implemented Capital Projects,023800100100,Niger State Planning Commission,12621600,CHANCHAGA,23050101,RESEARCH AND DEVELOPMENT,70132,OVERALL PLANNING AND STATISTICAL SERVICES,0.0,100000000.0,0.0,0.0,84,0.4175,0.4317
Digitization and Archiving of State Development Plans and Budget,023800100100,Niger State Planning Commission,12621600,CHANCHAGA,23010113,PURCHASE OF COMPUTERS,70132,OVERALL PLANNING AND STATISTICAL SERVICES,90000000.0,10000000.0,0.0,25000000.0,84,0.4322,0.447
Development of planning commission website,023800100100,Niger State Planning Commission,12621600,CHANCHAGA,23050102,COMPUTER SOFTWARE ACQUISITION,70132,OVERALL PLANNING AND STATISTICAL SERVICES,100000000.0,80000000.0,0.0,0.0,84,0.4477,0.4623
"Establishment of Delivery Units at NSPC, Offices of SSG and Mr. Governor",023800100100,Niger State Planning Commission,12621600,CHANCHAGA,23020101,CONSTRUCTION / PROVISION OF OFFICE BUILDINGS,70132,OVERALL PLANNING AND STATISTICAL SERVICES,100000000.0,400000000.0,200000000.0,700000000.0,84,0.4632,0.4776
Monitoring of State and Donor Supported projects,023800100100,Niger State Planning Commission,12621600,CHANCHAGA,23050103,MONITORING AND EVALUATION,70132,OVERALL PLANNING AND STATISTICAL SERVICES,0.0,100000000.0,99265000.0,100000000.0,84,0.4788,0.4929
Review and Production of M&E Policy,023800100100,Niger State Planning Commission,12621600,CHANCHAGA,23050101,RESEARCH AND DEVELOPMENT,70132,OVERALL PLANNING AND STATISTICAL SERVICES,30000000.0,10000000.0,7309500.0,0.0,84,0.4935,0.5082
Contigency fund,023800100100,Niger State Planning Commission,12621600,CHANCHAGA,23050109,Capital Contigency,70132,OVERALL PLANNING AND STATISTICAL SERVICES,1500000000.0,10122979553.39,0.0,7709569763.24,84,0.509,0.5234
Monitoring of State Cash Transfer Payment to 180 Beneficiaries across the State,023800100100,Niger State Planning Commission,12642600,STATE WIDE,23050103,MONITORING AND EVALUATION,70112,FINANCIAL AND FISCAL AFFAIRS,216000000.0,0.0,0.0,12600000.0,84,0.5245,0.5387
"i. Support to Governance, Environmental Issues and Youth Empowerment Activities (UNDP)",023800200100,UNDP State Programme Monitoring Agency Office,12621600,CHANCHAGA,23050101,RESEARCH AND DEVELOPMENT,70133,OTHER GENERAL SERVICES,251000000.0,390780000.0,0.0,3083315480.0,84,0.5392,0.554
ii. UNDP Resettlement Center (Construction of 200no. Houses for IDPs) -CDF,023800200100,UNDP State Programme Monitoring Agency Office,12621600,CHANCHAGA,23020102,CONSTRUCTION / PROVISION OF RESIDENTIAL BUILDINGS,70133,OTHER GENERAL SERVICES,0.0,3000000000.0,0.0,2000000000.0,84,0.5547,0.5693
Review of State Action Plan and Implentation of SABER Activities,023800300100,Public Sector Governance Reform and Development Project,12642600,STATE WIDE,23050101,RESEARCH AND DEVELOPMENT,70411,GENERAL ECONOMIC AND COMMERCIALAFFAIRS,2000000.0,20000000.0,0.0,50000000.0,84,0.5703,0.5846
SFTAS-Sustainability activities for MDAs,023800300100,Public Sector Governance Reform and Development Project,12642600,STATE WIDE,23050108,Skills Acquisition,70481,"R & D GENERAL ECONOMIC, COMMERCIAL AND LABOUR AFFAIRS",19000000.0,100000000.0,0.0,0.0,84,0.5858,0.5999
Participation at National OGP Meetings,023800300100,Public Sector Governance Reform and Development Project,12642600,STATE WIDE,23050108,Skills Acquisition,70132,OVERALL PLANNING AND STATISTICAL SERVICES,0.0,30000000.0,0.0,0.0,84,0.6005,0.6152
Purchase of 1000nos of computers Budget for Support for Ease of Doing Business (SABER),023800300100,Public Sector Governance Reform and Development Project,12642600,STATE WIDE,23010113,PURCHASE OF COMPUTERS,70132,OVERALL PLANNING AND STATISTICAL SERVICES,0.0,3055400000.0,116880000.0,5120000000.0,84,0.616,0.6305
i. Purchase of Flatbed Scanner and 25 Digital Converters for Digitilization of CBT Conduct,023800400100,Niger State Operation Coordinating Unit (SOCU),12621600,CHANCHAGA,23010113,PURCHASE OF COMPUTERS,70133,OTHER GENERAL SERVICES,0.0,15000000.0,0.0,10000000.0,84,0.6315,0.6458
"ii. Conduct of Monitoring/Visit to 1,695 Unsaturated Communities in across the state",023800400100,Niger State Operation Coordinating Unit (SOCU),12621600,CHANCHAGA,23050103,MONITORING AND EVALUATION,70133,OTHER GENERAL SERVICES,10031406.25,20000000.0,0.0,12000000.0,84,0.6462,0.6611
iii. Monitoring Activities to Safeguared GRM and Gender Officers Across the State,023800400100,Niger State Operation Coordinating Unit (SOCU),12621600,CHANCHAGA,23050103,MONITORING AND EVALUATION,70133,OTHER GENERAL SERVICES,0.0,20000000.0,0.0,12000000.0,84,0.6618,0.6764
"iv. Purchase and Installation of 5kva Inverter (4.5 watt Max),",023800400100,Niger State Operation Coordinating Unit (SOCU),12621600,CHANCHAGA,23010130,PURCHASE OF RECREATIONAL FACILITIES,70133,OTHER GENERAL SERVICES,819968593.75,3000000.0,0.0,10000000.0,84,0.6773,0.6917
"Purchase of 2no Digital Cameras, 1no Smart TV, GPS/Sat Nav, Input and Output Devices for Real time Data Tracking",023800400100,Niger State Operation Coordinating Unit (SOCU),12642600,STATE WIDE,23010113,PURCHASE OF COMPUTERS,71071,SOCIAL EXCLUSION N.E.C.,0.0,0.0,0.0,19000000.0,84,0.6928,0.707
Purchase of 10no Laptop Computers,023800400100,Niger State Operation Coordinating Unit (SOCU),12642600,STATE WIDE,23010113,PURCHASE OF COMPUTERS,71071,SOCIAL EXCLUSION N.E.C.,0.0,0.0,0.0,19000000.0,84,0.7075,0.7223
Repair of Damaged Rooof/Ceillings and Other Renovation Work on the Offices,023800400100,Niger State Operation Coordinating Unit (SOCU),12642600,STATE WIDE,23030121,REHABILITATION / REPAIRS OF OFFICE BUILDINGS,71071,SOCIAL EXCLUSION N.E.C.,0.0,0.0,0.0,18000000.0,84,0.723,0.7376
viii. Survey of poor and vulnerable household across the State,023800400100,Niger State Operation Coordinating Unit (SOCU),12642600,STATE WIDE,23050101,RESEARCH AND DEVELOPMENT,71071,SOCIAL EXCLUSION N.E.C.,0.0,0.0,0.0,1833283500.0,84,0.7386,0.7529
"Renovation of 3no Block of 3 classroom at Birnin Maza, Guni and Ija koro wards",023800500100,Community and Social Development Agency (CSDA),12622400,TAFA,23030106,REHABILITATION / REPAIRS - PUBLIC SCHOOLS,70922,UPPER-SECONDARY EDUCATION,0.0,46500000.0,0.0,0.0,84,0.7533,0.7682
Renovation of 3no Basic Health centre at Salka and SJaagi wards,023800500100,Community and Social Development Agency (CSDA),12631300,MAGAMA,23030105,REHABILITATION / REPAIRS - HOSPITAL / HEALTH CENTRES,70741,PUBLIC HEALTH SERVICES,50000000.0,46500000.0,0.0,0.0,84,0.7688,0.7834
Construction on 6no Boreholes at Guni,023800500100,Community and Social Development Agency (CSDA),12622200,SHIRORO,23020105,CONSTRUCTION / PROVISION OF WATER FACILITIES,70631,WATER SUPPLY,0.0,57000000.0,0.0,0.0,84,0.7843,0.7987
Construction of Feeder roads across the State,023800500100,Community and Social Development Agency (CSDA),12642600,STATE WIDE,23020114,CONSTRUCTION / PROVISION OF ROADS,70451,ROAD TRANSPORT,0.0,1000000000.0,0.0,974498000.0,84,0.7998,0.814
"ii. Purchase of 15no Laptops, 3no desktop Computers",023800500100,Community and Social Development Agency (CSDA),12621600,CHANCHAGA,23010113,PURCHASE OF COMPUTERS,70133,OTHER GENERAL SERVICES,0.0,0.0,0.0,25502000.0,84,0.8145,0.8293
Conduct of Gross Domestic Product Survey/ CWIQ,023800600100,Bureau of Statistics,12642600,STATE WIDE,23050101,RESEARCH AND DEVELOPMENT,70132,OVERALL PLANNING AND STATISTICAL SERVICES,0.0,60000000.0,0.0,100000000.0,84,0.8301,0.8446
Purchases of 143no. Techno iPad statistical survey,023800600100,Bureau of Statistics,12621600,CHANCHAGA,23010113,PURCHASE OF COMPUTERS,70132,OVERALL PLANNING AND STATISTICAL SERVICES,70000000.0,15000000.0,0.0,50000000.0,85,0.1348,0.1489
Upgrading of Data website for monitoring systems,023800600100,Bureau of Statistics,12642600,STATE WIDE,23050102,COMPUTER SOFTWARE ACQUISITION,70131,GENERAL PERSONNEL SERVICES,30000000.0,5000000.0,0.0,0.0,85,0.1536,0.1601
"Construction/Furnishing of Statistical Offices at Bosso, Mokwa & Borgu",023800600100,Bureau of Statistics,12642600,STATE WIDE,23020101,CONSTRUCTION / PROVISION OF OFFICE BUILDINGS,70132,OVERALL PLANNING AND STATISTICAL SERVICES,20000000.0,90000000.0,0.0,120000000.0,85,0.165,0.1795
Purchase of 50no. Scientific Data Loggers,023800600100,Bureau of Statistics,12621600,CHANCHAGA,23010113,PURCHASE OF COMPUTERS,70132,OVERALL PLANNING AND STATISTICAL SERVICES,0.0,25000000.0,0.0,30000000.0,85,0.1806,0.1948
Coordination of Statistical Systems,023800600100,Bureau of Statistics,12642600,STATE WIDE,23050102,COMPUTER SOFTWARE ACQUISITION,70132,OVERALL PLANNING AND STATISTICAL SERVICES,0.0,5000000.0,0.0,0.0,85,0.1953,0.2101
"Purchase of 50 no. Tecno Ipad, Modem and routers",023800600100,Bureau of Statistics,12621600,CHANCHAGA,23010113,PURCHASE OF COMPUTERS,70132,OVERALL PLANNING AND STATISTICAL SERVICES,0.0,25000000.0,0.0,0.0,85,0.2108,0.2254
Provision of 4no. Executive table and chairs each,025000100100,Fiscal Responsibility Commission,12621600,CHANCHAGA,23010112,PURCHASE OF OFFICE FURNITURE AND FITTINGS,70131,GENERAL PERSONNEL SERVICES,18000000.0,15000000.0,0.0,30000000.0,85,0.2263,0.2407
"Purchase of 25no. Executive Airport chairs, 1no. Conference table and 20no. Customised wireless adress system",025000100100,Fiscal Responsibility Commission,12621600,CHANCHAGA,23010112,PURCHASE OF OFFICE FURNITURE AND FITTINGS,70131,GENERAL PERSONNEL SERVICES,2000000.0,10000000.0,0.0,0.0,85,0.2418,0.256
Purchase of 5no. Thermocool solar refrigerator at the commision,025000100100,Fiscal Responsibility Commission,12621600,CHANCHAGA,23010112,PURCHASE OF OFFICE FURNITURE AND FITTINGS,70131,GENERAL PERSONNEL SERVICES,20000000.0,5000000.0,0.0,6000000.0,85,0.2565,0.2713
Monitoring and evaluation of local government and state capital projects,025000100100,Fiscal Responsibility Commission,12642600,STATE WIDE,23050103,MONITORING AND EVALUATION,70151,R&D GENERAL PUBLIC SERVICES,0.0,20000000.0,0.0,0.0,85,0.2721,0.2866
ii. Purchase of 10no. Laptop computer HP core i5,025000100100,Fiscal Responsibility Commission,12621600,CHANCHAGA,23010113,PURCHASE OF COMPUTERS,70112,FINANCIAL AND FISCAL AFFAIRS,0.0,0.0,0.0,14000000.0,85,0.2917,0.2978
Control of Aquatic Weeds at Kontagora and Dams,025200100100,Ministry of Water Resources,12631000,KONTAGORA,23040105,WATER POLLUTION PREVENTION & CONTROL,70133,OTHER GENERAL SERVICES,248000000.0,8000000.0,2000000.0,0.0,85,0.3023,0.3172
"Extension of pipeline network in areas around Himma and Brigther Schools, 3-Arm zone and Bosso Estate extension",025200100100,Ministry of Water Resources,12642600,STATE WIDE,23020105,CONSTRUCTION / PROVISION OF WATER FACILITIES,70133,OTHER GENERAL SERVICES,0.0,1747583396.47,5000000.0,747583396.41,85,0.3178,0.3325
"Completion of Agaie/Katcha Water Supply Project, Lmbata-Izom, Lapai and Mokwa",025200100100,Ministry of Water Resources,12642600,STATE WIDE,23020105,CONSTRUCTION / PROVISION OF WATER FACILITIES,70133,OTHER GENERAL SERVICES,0.0,4794403446.09,40000000.0,1772570959.3,85,0.3333,0.3478
"Extention of distribution pipeline network in Minna,kotangora,suleja,Bida .",025200100100,Ministry of Water Resources,12642600,STATE WIDE,23020105,CONSTRUCTION / PROVISION OF WATER FACILITIES,70133,OTHER GENERAL SERVICES,229455857.53,260500000.0,0.0,630000000.0,85,0.3489,0.3631
Restoration of New Bussa Water Supply Scheme.,025200100100,Ministry of Water Resources,12642600,STATE WIDE,23030104,REHABILITATION / REPAIRS - WATER FACILITIES,70133,OTHER GENERAL SERVICES,0.0,479086731.0,0.0,479086731.0,85,0.3636,0.3784
"Procurement of 10no Motorcyles and safety gadgets for staff of Minna, Bida, suleja, Kontagora & New-Bussa",025200100100,Ministry of Water Resources,12642600,STATE WIDE,23010143,PURCHASE OF WATER PUMPING EQUIPMENTS,70133,OTHER GENERAL SERVICES,125000000.0,30000000.0,0.0,0.0,85,0.3791,0.3936
Rehabilitation of water works across the state,025200100100,Ministry of Water Resources,12642600,STATE WIDE,23030104,REHABILITATION / REPAIRS - WATER FACILITIES,70133,OTHER GENERAL SERVICES,0.0,1450230132.0,301823041.0,1000230132.0,85,0.3946,0.4089
Rehabilitation of Mana Water Works in Bida,025200100100,Ministry of Water Resources,12642600,STATE WIDE,23030104,REHABILITATION / REPAIRS - WATER FACILITIES,70133,OTHER GENERAL SERVICES,26000000.0,400870474.03,0.0,400870474.0,85,0.4101,0.4242
Support for water users association,025200100100,Ministry of Water Resources,12642600,STATE WIDE,23020116,CONSTRUCTION / PROVISION OF WATER-WAYS,70133,OTHER GENERAL SERVICES,0.0,46000000.0,947935.0,46000000.0,85,0.4248,0.4395
Control of Aquatic Weeds at Suleja Dams,025200100100,Ministry of Water Resources,12622300,SULEJA,23040105,WATER POLLUTION PREVENTION & CONTROL,70133,OTHER GENERAL SERVICES,0.0,9000000.0,0.0,0.0,85,0.4404,0.4548
Establisment of 1 No Meteorological station at Chanchaga Water Works.,025200100100,Ministry of Water Resources,12621600,CHANCHAGA,23020105,CONSTRUCTION / PROVISION OF WATER FACILITIES,70133,OTHER GENERAL SERVICES,0.0,25000000.0,0.0,25000000.0,85,0.4559,0.4701
Revival of 10 no of Guage stations across the State,025200100100,Ministry of Water Resources,12642600,STATE WIDE,23030104,REHABILITATION / REPAIRS - WATER FACILITIES,70133,OTHER GENERAL SERVICES,3748186188.0,23432337.2,0.0,23432337.2,85,0.4706,0.4854
Siltation control and construction of Dams' structures in the State,025200100100,Ministry of Water Resources,12642600,STATE WIDE,23020105,CONSTRUCTION / PROVISION OF WATER FACILITIES,70133,OTHER GENERAL SERVICES,48000000.0,1611124632.0,3000000.0,1000000000.0,85,0.4861,0.5007
Engagement of an Advisory Consultant on Sustainable Power for irrigation in Nigeria,025200100100,Ministry of Water Resources,12642600,STATE WIDE,23020116,CONSTRUCTION / PROVISION OF WATER-WAYS,70133,OTHER GENERAL SERVICES,0.0,84976500.0,0.0,84976500.0,85,0.5016,0.516
Consultancy on P-WASH,025200100100,Ministry of Water Resources,12642600,STATE WIDE,23020116,CONSTRUCTION / PROVISION OF WATER-WAYS,70133,OTHER GENERAL SERVICES,0.0,50000000.0,0.0,76000000.0,85,0.5172,0.5313
Engagement of consultant on SURWASH,025200100100,Ministry of Water Resources,12642600,STATE WIDE,23020116,CONSTRUCTION / PROVISION OF WATER-WAYS,70133,OTHER GENERAL SERVICES,0.0,60000000.0,0.0,0.0,85,0.5319,0.5466
"NUT.3. WASH Activity2:Construction of 20no public Toilets in IDP Camps, public places (Markets and Parks)",025200100100,Ministry of Water Resources,12642600,STATE WIDE,23020116,CONSTRUCTION / PROVISION OF WATER-WAYS,70133,OTHER GENERAL SERVICES,292080500.0,7000000.0,0.0,7000000.0,85,0.5474,0.5619
NUT.3.WASH.Activity 1: Provision of Hygiene Kits to support implementation of OMNCHW,025200100100,Ministry of Water Resources,12642600,STATE WIDE,23020105,CONSTRUCTION / PROVISION OF WATER FACILITIES,70133,OTHER GENERAL SERVICES,0.0,5000000.0,0.0,5000000.0,85,0.5629,0.5772
NUT.3.WASH.Activity 2: Provide portable water supply in Health facilities and Public Places to enhance sanitation and hygiene.,025200100100,Ministry of Water Resources,12642600,STATE WIDE,23020116,CONSTRUCTION / PROVISION OF WATER-WAYS,70133,OTHER GENERAL SERVICES,0.0,6350000.0,0.0,6350000.0,85,0.5776,0.5925
"NUT.3.HRN.Activity 3: Establishment, Training and retraining of WASHCOMs and VHPs on sustainable and affordable water supply and hygiene promotion in communities across the 25 LGAs.",025200100100,Ministry of Water Resources,12642600,STATE WIDE,23050108,Skills Acquisition,70133,OTHER GENERAL SERVICES,0.0,21000000.0,0.0,21000000.0,85,0.5931,0.6158
NUT.3.SBCC.Activity 4: Sensitization of Household/communities on safe water management,025200100100,Ministry of Water Resources,12642600,STATE WIDE,23050108,Skills Acquisition,70133,OTHER GENERAL SERVICES,0.0,4340876.98,0.0,4340876.98,85,0.616,0.6307
Establishment of Data baseline on WASH facilities for Urban Water supply,025200100100,Ministry of Water Resources,12642600,STATE WIDE,23050101,RESEARCH AND DEVELOPMENT,70133,OTHER GENERAL SERVICES,0.0,275000000.0,0.0,7849550134.89,85,0.6315,0.646
Extension of pipeline to new settlements and rehabilitation of existing ones within chanchaga (SURWASH),025200100100,Ministry of Water Resources,12621600,CHANCHAGA,23020116,CONSTRUCTION / PROVISION OF WATER-WAYS,70133,OTHER GENERAL SERVICES,0.0,4429000000.0,0.0,36282664000.0,85,0.6471,0.6613
Compensation of land acquired from the indigenes of Lenfa community,025200100100,Ministry of Water Resources,12642600,STATE WIDE,23050101,RESEARCH AND DEVELOPMENT,70133,OTHER GENERAL SERVICES,0.0,1257407563.32,0.0,0.0,85,0.6618,0.6766
Construction of new package treatment plant in Kontagora,025200100100,Ministry of Water Resources,12631000,KONTAGORA,23020105,CONSTRUCTION / PROVISION OF WATER FACILITIES,70133,OTHER GENERAL SERVICES,0.0,2168191068.28,0.0,0.0,85,0.6773,0.6919
Re-modelling of Gidan Ruwa Complex (NISSWASEC),025210200100,Niger State Water and Sewage Corporation,12642600,STATE WIDE,23030104,REHABILITATION / REPAIRS - WATER FACILITIES,70133,OTHER GENERAL SERVICES,0.0,287980000.0,0.0,398675000.0,85,0.6928,0.7072
Renovation of staff quarters,025210200100,Niger State Water and Sewage Corporation,12642600,STATE WIDE,23030121,REHABILITATION / REPAIRS OF OFFICE BUILDINGS,70133,OTHER GENERAL SERVICES,0.0,50000000.0,0.0,434000000.0,85,0.7083,0.7225
i. Rehabilitation of 9No Bi-Water schemes across the State- phase I.,025210300100,Niger State Small Town Water Supply and Sanitation Agency,12642600,STATE WIDE,23020116,CONSTRUCTION / PROVISION OF WATER-WAYS,70133,OTHER GENERAL SERVICES,0.0,1440113044.68,0.0,739105703.11,85,0.723,0.7378
ii. Provision of working tools for Bi-water schemes across the State,025210300100,Niger State Small Town Water Supply and Sanitation Agency,12642600,STATE WIDE,23020116,CONSTRUCTION / PROVISION OF WATER-WAYS,70133,OTHER GENERAL SERVICES,0.0,125000000.0,0.0,125000000.0,85,0.7386,0.7531
Rehabilitation of 5no Small Town Water Supply Schemes at across the state.,025210300100,Niger State Small Town Water Supply and Sanitation Agency,12642600,STATE WIDE,23030104,REHABILITATION / REPAIRS - WATER FACILITIES,70151,R&D GENERAL PUBLIC SERVICES,0.0,240000000.0,0.0,370000000.0,85,0.7541,0.7684
iii.Resustation of Badegi Water Works - Ctz',025210300100,Niger State Small Town Water Supply and Sanitation Agency,12610900,KATCHA,23020105,CONSTRUCTION / PROVISION OF WATER FACILITIES,70631,WATER SUPPLY,0.0,0.0,0.0,200000000.0,85,0.7688,0.7836
"iv.Resustation of Bi-water, Agwara - Ctz'",025210300100,Niger State Small Town Water Supply and Sanitation Agency,12630200,AGWARA,23020105,CONSTRUCTION / PROVISION OF WATER FACILITIES,70631,WATER SUPPLY,0.0,0.0,0.0,200000000.0,85,0.7843,0.7989
Construction of 6no public Toilets with water facilities in Markets and Motor parks for State-Wide Open Defication Facility (ODF) Programme & Sanitation Safety Plan (SSP),025210400100,RURAL WATER AND SANITATION AGENCY (RUWATSAN),12642600,STATE WIDE,23030104,REHABILITATION / REPAIRS - WATER FACILITIES,70133,OTHER GENERAL SERVICES,0.0,160039999.98,0.0,135000000.0,85,0.7998,0.8223
Establishment of Data Base and Reporting System on WASH Facilities,025210400100,RURAL WATER AND SANITATION AGENCY (RUWATSAN),12642600,STATE WIDE,23020116,CONSTRUCTION / PROVISION OF WATER-WAYS,70133,OTHER GENERAL SERVICES,0.0,64500364.0,0.0,100000000.0,85,0.8227,0.8372
Procurement of 2no Drilling Rigs,025210400100,RURAL WATER AND SANITATION AGENCY (RUWATSAN),12642600,STATE WIDE,23020105,CONSTRUCTION / PROVISION OF WATER FACILITIES,70133,OTHER GENERAL SERVICES,0.0,1957341070.28,0.0,970000000.0,86,0.1348,0.1489
Construction of 90no handpump boreholes in 25LGAs,025210400100,RURAL WATER AND SANITATION AGENCY (RUWATSAN),12642600,STATE WIDE,23020105,CONSTRUCTION / PROVISION OF WATER FACILITIES,70161,GENERAL PUBLIC SERVICES N.E.C.,0.0,135000000.0,0.0,215000000.0,86,0.1495,0.1642
"Purchase of 5no. Spectrometer, 10no. PH metre and 5no. Conductive metre for water Quality analysis at Chanchaga water works",025210400100,RURAL WATER AND SANITATION AGENCY (RUWATSAN),12621600,CHANCHAGA,23010143,PURCHASE OF WATER PUMPING EQUIPMENTS,70161,GENERAL PUBLIC SERVICES N.E.C.,0.0,35000000.0,0.0,36500000.0,86,0.1691,0.1833
Rehabilitation of 200no Handpumps boreholes in 25 LGAs,025210400100,RURAL WATER AND SANITATION AGENCY (RUWATSAN),12642600,STATE WIDE,23030104,REHABILITATION / REPAIRS - WATER FACILITIES,70161,GENERAL PUBLIC SERVICES N.E.C.,0.0,50000000.0,0.0,56000000.0,86,0.1879,0.2025
Construction of 50no Solar powered boreholes across the State.,025210400100,RURAL WATER AND SANITATION AGENCY (RUWATSAN),12642600,STATE WIDE,23020105,CONSTRUCTION / PROVISION OF WATER FACILITIES,70161,GENERAL PUBLIC SERVICES N.E.C.,0.0,85000000.0,0.0,157500000.0,86,0.2034,0.2178
Construction of dam for Urban Water Supply (FGN),025210400100,RURAL WATER AND SANITATION AGENCY (RUWATSAN),12642600,STATE WIDE,23020105,CONSTRUCTION / PROVISION OF WATER FACILITIES,70161,GENERAL PUBLIC SERVICES N.E.C.,0.0,1750355250.38,0.0,1782612000.0,86,0.219,0.2331
Provision of 10no Public Toilets Against Open Defication (P-WASH),025210400100,RURAL WATER AND SANITATION AGENCY (RUWATSAN),12642600,STATE WIDE,23020116,CONSTRUCTION / PROVISION OF WATER-WAYS,70161,GENERAL PUBLIC SERVICES N.E.C.,0.0,236000000.0,0.0,30000000.0,86,0.2337,0.2484
Provision of 9Nos Water facilities for improvement of Water Supply and Expanding ODF Framework (UNICEF),025210400100,RURAL WATER AND SANITATION AGENCY (RUWATSAN),12642600,STATE WIDE,23020116,CONSTRUCTION / PROVISION OF WATER-WAYS,70161,GENERAL PUBLIC SERVICES N.E.C.,0.0,433780000.0,0.0,300000000.0,86,0.2492,0.2636
viiii. Construction of 4no Solar powered boreholes for Green economy,025210400100,RURAL WATER AND SANITATION AGENCY (RUWATSAN),12642600,STATE WIDE,23020116,CONSTRUCTION / PROVISION OF WATER-WAYS,70161,GENERAL PUBLIC SERVICES N.E.C.,0.0,200286157.99,0.0,69777890.0,86,0.2647,0.2789
Construction of new dam and upgrading of water works in Minna,025210400100,RURAL WATER AND SANITATION AGENCY (RUWATSAN),12642600,STATE WIDE,23020105,CONSTRUCTION / PROVISION OF WATER FACILITIES,70161,GENERAL PUBLIC SERVICES N.E.C.,0.0,375919500.0,0.0,0.0,86,0.2794,0.2942
"xi. Sustainable Power and Irrigation in Nigeria (SPIN-World Bank) Construction and Maintenance of Dams Across the State DD=N1,500,000,000, CCN1,500,000,000.00",025210400100,RURAL WATER AND SANITATION AGENCY (RUWATSAN),12642600,STATE WIDE,23020105,CONSTRUCTION / PROVISION OF WATER FACILITIES,70631,WATER SUPPLY,0.0,0.0,0.0,3000000000.0,86,0.2949,0.3176
"xii. Water sanitation and hygiene (WASH)-UNICEF: DD=N739,300,590.00, CC=N316,843,110.00",025210400100,RURAL WATER AND SANITATION AGENCY (RUWATSAN),12642600,STATE WIDE,23020105,CONSTRUCTION / PROVISION OF WATER FACILITIES,70631,WATER SUPPLY,0.0,0.0,0.0,1056143700.0,86,0.3178,0.3325
ii. Rehabilitation of Existing Drilling Rig and Equipment.,025210400100,RURAL WATER AND SANITATION AGENCY (RUWATSAN),12642600,STATE WIDE,23020105,CONSTRUCTION / PROVISION OF WATER FACILITIES,70631,WATER SUPPLY,0.0,0.0,0.0,55000000.0,86,0.3333,0.3478
"ii. Hygiene promotion and Establishment of WASHCOMS in Communities, Health Care Centres and Schools across the state",025210400100,RURAL WATER AND SANITATION AGENCY (RUWATSAN),12642600,STATE WIDE,23020105,CONSTRUCTION / PROVISION OF WATER FACILITIES,70631,WATER SUPPLY,0.0,0.0,0.0,45000000.0,86,0.3489,0.3631
"iii. Drilling of 5noBoreholes at Ijagbagi wards, Suleja LGA- Ctz'",025210400100,RURAL WATER AND SANITATION AGENCY (RUWATSAN),12622300,SULEJA,23020105,CONSTRUCTION / PROVISION OF WATER FACILITIES,70631,WATER SUPPLY,0.0,0.0,0.0,100000000.0,86,0.3636,0.3784
vi. Rehabilitation of Bosso Treatment Plant in Minna.,025210400100,RURAL WATER AND SANITATION AGENCY (RUWATSAN),12621600,CHANCHAGA,23020105,CONSTRUCTION / PROVISION OF WATER FACILITIES,70631,WATER SUPPLY,0.0,0.0,0.0,450000000.0,86,0.3791,0.3936
i. Maintenance and Environmental audit of Dams across the state,025210400100,RURAL WATER AND SANITATION AGENCY (RUWATSAN),12642600,STATE WIDE,23020105,CONSTRUCTION / PROVISION OF WATER FACILITIES,70631,WATER SUPPLY,0.0,0.0,0.0,47000000.0,86,0.3946,0.4089
vi. NUT.2.WASH Activity1: Improvement of Maternal Adolescent and Child Nutrion(UNICEF),025210400100,RURAL WATER AND SANITATION AGENCY (RUWATSAN),12642600,STATE WIDE,23020105,CONSTRUCTION / PROVISION OF WATER FACILITIES,70631,WATER SUPPLY,0.0,0.0,0.0,37000000.0,86,0.4101,0.4242
vi. Completion and reticulation of water project in Zungeru/Wushishi(FGN);,025210400100,RURAL WATER AND SANITATION AGENCY (RUWATSAN),12632500,WUSHISHI,23020105,CONSTRUCTION / PROVISION OF WATER FACILITIES,70631,WATER SUPPLY,0.0,0.0,0.0,9486176688.8,86,0.4248,0.4395
"Provision of solar power Boleholes at Maikunjere, kwana and kwangwama, Rafi LGA",025210400100,RURAL WATER AND SANITATION AGENCY (RUWATSAN),12622000,RAFI,23020105,CONSTRUCTION / PROVISION OF WATER FACILITIES,70631,WATER SUPPLY,0.0,0.0,0.0,51750000.0,86,0.4404,0.4548
Acquisition and Development of Lands for Urban centres Centres,025300100100,Ministry of Housing and Urban Renewal,12642600,STATE WIDE,23050101,RESEARCH AND DEVELOPMENT,70621,COMMUNITY DEVELOPMENT,36000000.0,100000000.0,0.0,118204205.58,86,0.4559,0.4701
Design and Production of Proto-type Corner Shops and Demarcation of Green Araes Within Minna Metropolis,025300100100,Ministry of Housing and Urban Renewal,12621600,CHANCHAGA,23050101,RESEARCH AND DEVELOPMENT,70621,COMMUNITY DEVELOPMENT,40000000.0,25000000.0,0.0,0.0,86,0.4706,0.4854
Identification and Upgrading of Slum Areas in Minna,025300100100,Ministry of Housing and Urban Renewal,12621600,CHANCHAGA,23050101,RESEARCH AND DEVELOPMENT,70621,COMMUNITY DEVELOPMENT,30000000.0,100000000.0,0.0,10000000.0,86,0.4861,0.5007
Design of Layout for Ressetlement of Less Privileged in the state,025300100100,Ministry of Housing and Urban Renewal,12642600,STATE WIDE,23050101,RESEARCH AND DEVELOPMENT,70621,COMMUNITY DEVELOPMENT,0.0,25000000.0,0.0,805000000.0,86,0.5016,0.516
Renovation and Furnishing of Offices at the Headquarter,025300100100,Ministry of Housing and Urban Renewal,12621600,CHANCHAGA,23030121,REHABILITATION / REPAIRS OF OFFICE BUILDINGS,70131,GENERAL PERSONNEL SERVICES,12000000.0,50000000.0,0.0,0.0,86,0.5172,0.5313
"ii. Construction of Amusement Parks, Gardens and Other Recreational Facilities in Bosso and Shango",025300100100,Ministry of Housing and Urban Renewal,12620500,BOSSO,23020119,CONSTRUCTION / PROVISION OF RECREATIONAL FACILITIES,70611,HOUSING DEVELOPMENT,10000000.0,0.0,0.0,100000000.0,86,0.5319,0.5466
iv. Construction of Farmers Market Along Road Corridors at Trade Fair Complex and Moris Junction,025300100100,Ministry of Housing and Urban Renewal,12621600,CHANCHAGA,23020124,CONSTRUCTION OF MARKETS/PARKS,70611,HOUSING DEVELOPMENT,10000000.0,0.0,0.0,50000000.0,86,0.5474,0.5619
"v. Installation of sanitation facilities(Construction of Modern Toilet, Septic System, and Waste)",025300100100,Ministry of Housing and Urban Renewal,12621600,CHANCHAGA,23020104,CONSTRUCTION / PROVISION OF HOUSING,70611,HOUSING DEVELOPMENT,0.0,0.0,0.0,135000000.0,86,0.5629,0.5772
"vii. Construction of 65 Housing Unit of 3 bedroom for retiring principa and teachers, Chanchaga LG",025300100100,Ministry of Housing and Urban Renewal,12621600,CHANCHAGA,23020104,CONSTRUCTION / PROVISION OF HOUSING,70611,HOUSING DEVELOPMENT,0.0,0.0,0.0,1950000000.0,86,0.5776,0.5925
viii. Purchase of 148 Units of Federal Housing Estate abandoned properties along Bida road,025300100100,Ministry of Housing and Urban Renewal,12621600,CHANCHAGA,23010103,PURCHASE OF RESIDENTIAL BUILDINGS,70611,HOUSING DEVELOPMENT,0.0,0.0,0.0,2331795794.42,86,0.5931,0.6078
"Construction of 100no. 3 duplex for Executive, legistlative and judiciary Arms of the Government at 3 - Arm Zone-Phase I",025300200100,Housing Corporation,12621600,CHANCHAGA,23030121,REHABILITATION / REPAIRS OF OFFICE BUILDINGS,70131,GENERAL PERSONNEL SERVICES,0.0,4767638658.8,4700000000.0,5000000000.0,86,0.6087,0.6231
"i. Provision of 1,000 Housing Units Along Paiko-Suleja Road",025300200100,Housing Corporation,12621900,PAIKORO,23020104,CONSTRUCTION / PROVISION OF HOUSING,70451,ROAD TRANSPORT,0.0,1000000000.0,938900000.0,1250000000.0,86,0.6242,0.6384
"ii. Construction of 10 Housing Units at Tunga, Minna",025300200100,Housing Corporation,12621600,CHANCHAGA,23020104,CONSTRUCTION / PROVISION OF HOUSING,70412,GENERAL LABOUR AFFAIRS,6385522236.43,80000000.0,70000000.0,100000000.0,86,0.6389,0.6536
iii. Renovation of 1no Government Lodges at Agaie,025300200100,Housing Corporation,12610100,AGAIE,23030103,REHABILITATION / REPAIRS - HOUSING,70133,OTHER GENERAL SERVICES,0.0,300000000.0,250000000.0,0.0,86,0.6544,0.6689
"iv Renovation and Furnishing of Offices at the Headquarter, Minna",025300200100,Housing Corporation,12642600,STATE WIDE,23030121,REHABILITATION / REPAIRS OF OFFICE BUILDINGS,70621,COMMUNITY DEVELOPMENT,6059382375.32,120000000.0,110000000.0,200000000.0,86,0.6699,0.6842
"v. Acquisition of 1,000 Hecter of Land for the Development of 200 Housing Units at Eastern Byepass, Minna",025300200100,Housing Corporation,12621600,CHANCHAGA,23010101,PURCHASE / ACQUISITION OF LAND,70611,HOUSING DEVELOPMENT,0.0,1180000000.0,1161828598.0,1250000000.0,86,0.6846,0.6995
iii. Renovation of 1no Government Lodges at Bida,025300200100,Housing Corporation,12610300,BIDA,23030103,REHABILITATION / REPAIRS - HOUSING,70133,OTHER GENERAL SERVICES,0.0,400000000.0,383321673.99,0.0,86,0.7002,0.7148
iii. Renovation of 1no Government Lodges at Borgu,025300200100,Housing Corporation,12630400,BORGU,23030103,REHABILITATION / REPAIRS - HOUSING,70133,OTHER GENERAL SERVICES,0.0,400000000.0,383321673.99,0.0,86,0.7157,0.7301
Opening of Access Road Within Urban Areas in Bida,026000100100,Ministry of Lands and Survey,12610300,BIDA,23020114,CONSTRUCTION / PROVISION OF ROADS,70451,ROAD TRANSPORT,0.0,30000000.0,0.0,25000000.0,86,0.7312,0.7454
Opening of Access Road Within Urban Areas in Suleja,026000100100,Ministry of Lands and Survey,12622300,SULEJA,23020114,CONSTRUCTION / PROVISION OF ROADS,70451,ROAD TRANSPORT,173594500.0,40000000.0,0.0,25000000.0,86,0.7459,0.7607
Opening of Access Road Within Urban Areas in Minna,026000100100,Ministry of Lands and Survey,12642600,STATE WIDE,23020114,CONSTRUCTION / PROVISION OF ROADS,70451,ROAD TRANSPORT,0.0,50000000.0,0.0,25000000.0,86,0.7614,0.776
Review of Master Plan for Minna and Suleja,026000100100,Ministry of Lands and Survey,12642600,STATE WIDE,23050101,RESEARCH AND DEVELOPMENT,70412,GENERAL LABOUR AFFAIRS,0.0,100000000.0,57953488.37,200000000.0,86,0.7778,0.784
Production of Rural Master Plan in the state,026000100100,Ministry of Lands and Survey,12642600,STATE WIDE,23050101,RESEARCH AND DEVELOPMENT,70133,OTHER GENERAL SERVICES,999594500.0,50000000.0,0.0,0.0,86,0.7868,0.7933
"Suleja, Chanchaga Model Cities Masterplan; Pilot projects in Water and Sanitation, Forestry Regeneration (UN-HABITA)",026000100100,Ministry of Lands and Survey,12642600,STATE WIDE,23050101,RESEARCH AND DEVELOPMENT,70621,COMMUNITY DEVELOPMENT,0.0,745000000.0,0.0,745000000.0,86,0.7949,0.8097
Payment of Compensation for New Areas in Minna and Affected by Urban Renewal Projects,026000100100,Ministry of Lands and Survey,12621600,CHANCHAGA,23010101,PURCHASE / ACQUISITION OF LAND,70611,HOUSING DEVELOPMENT,0.0,700000000.0,0.0,1409000000.0,86,0.8105,0.825
"Consultancy services for upgrading, standardization and digitisation of Land administration",026000100100,Ministry of Lands and Survey,12621600,CHANCHAGA,23050101,RESEARCH AND DEVELOPMENT,70611,HOUSING DEVELOPMENT,0.0,1500000000.0,277800000.0,1000000000.0,86,0.826,0.8403
Opening of Access Road Within Urban Areas in New-Bussa,026000100100,Ministry of Lands and Survey,12630400,BORGU,23020114,CONSTRUCTION / PROVISION OF ROADS,70451,ROAD TRANSPORT,0.0,30000000.0,0.0,25000000.0,87,0.1348,0.1489
ii. Provision of Layout and Master Plan for Suleja,026000100100,Ministry of Lands and Survey,12622300,SULEJA,23020122,CONSTRUCTION OF BOUNDARY PILLARS/ RIGHT OF WAYS,70611,HOUSING DEVELOPMENT,0.0,0.0,0.0,291000000.0,87,0.1495,0.1642
Purchase of 5nos Servers for GIS Operations,026000200100,Niger State Geographical Information System,12621600,CHANCHAGA,23050102,COMPUTER SOFTWARE ACQUISITION,70611,HOUSING DEVELOPMENT,0.0,100000000.0,0.0,0.0,87,0.165,0.1795
Purchase of 10nos HP Laptop Computers for GIS Operations,026000200100,Niger State Geographical Information System,12621600,CHANCHAGA,23010113,PURCHASE OF COMPUTERS,70661,HOUSING AND COMMUNITY AMENITIES N.E.C.,0.0,15000000.0,0.0,20590000.0,87,0.1806,0.1948
"Purchase and Installation of GIS Software, Database Management System and Land Information Systems",026000200100,Niger State Geographical Information System,12621600,CHANCHAGA,23010133,PURCHASES OF SURVEYING EQUIPMENT,70611,HOUSING DEVELOPMENT,0.0,55000000.0,0.0,65888000.0,87,0.1953,0.2101
Digitalization of Land Records in the state,026000200100,Niger State Geographical Information System,12642600,STATE WIDE,23050101,RESEARCH AND DEVELOPMENT,70651,R & D HOUSING AND COMMUNITY AMENITIES,0.0,60000000.0,0.0,26765000.0,87,0.2108,0.2254
Monitoring and Evaluation of the Digitalized records,026000200100,Niger State Geographical Information System,12642600,STATE WIDE,23050103,MONITORING AND EVALUATION,70651,R & D HOUSING AND COMMUNITY AMENITIES,0.0,20000000.0,0.0,18531000.0,87,0.2263,0.2407
i. Renovation of 10no Standard NIGIS Service Offices in Minna,026000200100,Niger State Geographical Information System,12621600,CHANCHAGA,23030121,REHABILITATION / REPAIRS OF OFFICE BUILDINGS,70611,HOUSING DEVELOPMENT,0.0,0.0,0.0,123512000.0,87,0.2418,0.256
v. Procurement of 10no Utility Vehicles for field verification across the state,026000200100,Niger State Geographical Information System,12642600,STATE WIDE,23010105,PURCHASE OF MOTOR VEHICLES,70611,HOUSING DEVELOPMENT,0.0,0.0,0.0,94714000.0,87,0.2565,0.2713
i. Beautification of Urban Cities and Recreational Areas,026000300100,Urban Development Board,12631000,KONTAGORA,23030103,REHABILITATION / REPAIRS - HOUSING,70611,HOUSING DEVELOPMENT,0.0,40000000.0,0.0,80000000.0,87,0.2721,0.2866
ii. Development Control and Monitoring of Physical Development across the State,026000300100,Urban Development Board,12642600,STATE WIDE,23050103,MONITORING AND EVALUATION,70611,HOUSING DEVELOPMENT,0.0,50000000.0,0.0,150000000.0,87,0.2876,0.3019
"iii. Monitoring of Movement to Building Materials Market, Minna",026000300100,Urban Development Board,12621600,CHANCHAGA,23050103,MONITORING AND EVALUATION,70611,HOUSING DEVELOPMENT,0.0,25000000.0,0.0,50000000.0,87,0.3039,0.3099
iv. Continuation of Street Naming and House Numbering in Minna and Environs,026000300100,Urban Development Board,12621600,CHANCHAGA,23050108,Skills Acquisition,70611,HOUSING DEVELOPMENT,0.0,35000000.0,0.0,120000000.0,87,0.3121,0.3264
Construction of a block of 3 office accomdation at Suleja Area office,026000300100,Urban Development Board,12622300,SULEJA,23020101,CONSTRUCTION / PROVISION OF OFFICE BUILDINGS,70611,HOUSING DEVELOPMENT,0.0,0.0,0.0,150000000.0,87,0.3268,0.3417
"i.Purchase of of 1no executive table and chair, 6nos tables and chairs for the Offices at Headquarter Minna",026000400100,Office of The Surveyor General,12621600,CHANCHAGA,23010112,PURCHASE OF OFFICE FURNITURE AND FITTINGS,70621,COMMUNITY DEVELOPMENT,0.0,179750000.0,0.0,95000000.0,87,0.3423,0.357
ii. Purchase of 3no High Target DGPS instrument,026000400100,Office of The Surveyor General,12642600,STATE WIDE,23010133,PURCHASES OF SURVEYING EQUIPMENT,70621,COMMUNITY DEVELOPMENT,0.0,20000000.0,0.0,15000000.0,87,0.3578,0.3723
iii. Purchase of 3no Coloured Leser Jet Printers,026000400100,Office of The Surveyor General,12642600,STATE WIDE,23010133,PURCHASES OF SURVEYING EQUIPMENT,70621,COMMUNITY DEVELOPMENT,0.0,2000000.0,0.0,3000000.0,87,0.3734,0.3876
iii. Purchase of 5no Total Stations,026000400100,Office of The Surveyor General,12642600,STATE WIDE,23010133,PURCHASES OF SURVEYING EQUIPMENT,70621,COMMUNITY DEVELOPMENT,0.0,3000000.0,0.0,4000000.0,87,0.3881,0.4029
iv. Purchase of 3no Digital Leveling Instrument,026000400100,Office of The Surveyor General,12642600,STATE WIDE,23010133,PURCHASES OF SURVEYING EQUIPMENT,70621,COMMUNITY DEVELOPMENT,124842058.4,3000000.0,0.0,4000000.0,87,0.4036,0.4182
Demacation and Survey of Resolved Bandry Dispute Araes,026000400100,Office of The Surveyor General,12642600,STATE WIDE,23050101,RESEARCH AND DEVELOPMENT,70621,COMMUNITY DEVELOPMENT,0.0,6000000.0,0.0,10000000.0,87,0.4199,0.4262
i. Extention of Horizontal and Vertical Ground Control in Minna and Environs,026000400100,Office of The Surveyor General,12621600,CHANCHAGA,23050101,RESEARCH AND DEVELOPMENT,70621,COMMUNITY DEVELOPMENT,0.0,2000000.0,0.0,2000000.0,87,0.4281,0.4427
"ii. Demacation and Survey of Other Parts of Industrial Cluster, Minna",026000400100,Office of The Surveyor General,12621600,CHANCHAGA,23050101,RESEARCH AND DEVELOPMENT,70621,COMMUNITY DEVELOPMENT,0.0,2000000.0,0.0,2500000.0,87,0.4477,0.4538
iii. Survey of Disposed Climate of Individual Land Persel,026000400100,Office of The Surveyor General,12642600,STATE WIDE,23050101,RESEARCH AND DEVELOPMENT,70621,COMMUNITY DEVELOPMENT,0.0,3000000.0,0.0,2500000.0,87,0.46,0.466
Demacation and Survey of Layouts in some Selected Araes in Minna,026000400100,Office of The Surveyor General,12621600,CHANCHAGA,23050101,RESEARCH AND DEVELOPMENT,70621,COMMUNITY DEVELOPMENT,0.0,8750000.0,0.0,6000000.0,87,0.4722,0.4784
i. Densification of Different Levels/Order of Controls,026000400100,Office of The Surveyor General,12642600,STATE WIDE,23050101,RESEARCH AND DEVELOPMENT,70621,COMMUNITY DEVELOPMENT,0.0,11500000.0,0.0,3000000.0,87,0.4845,0.4905
ii. Upgrading of State and Local Government Administrative Maps,026000400100,Office of The Surveyor General,12642600,STATE WIDE,23050101,RESEARCH AND DEVELOPMENT,70621,COMMUNITY DEVELOPMENT,0.0,5500000.0,0.0,1000000.0,87,0.4935,0.4997
iii. Upgrading of Topographic Maps of Various Skills,026000400100,Office of The Surveyor General,12642600,STATE WIDE,23050101,RESEARCH AND DEVELOPMENT,70621,COMMUNITY DEVELOPMENT,0.0,2000000.0,0.0,1000000.0,87,0.5025,0.5089
iv. Provision of Thematic Maps for Different Purposes,026000400100,Office of The Surveyor General,12642600,STATE WIDE,23050101,RESEARCH AND DEVELOPMENT,70621,COMMUNITY DEVELOPMENT,0.0,1500000.0,0.0,1000000.0,87,0.5123,0.5182
Construction of Grade 'C' Abattoir at Mokwa,026500100100,Ministry of Livestock & Fisheries Development,12611700,MOKOWA,23020113,CONSTRUCTION / PROVISION OF AGRICULTURAL FACILITIES,70421,AGRICULTURE,0.0,100000000.0,0.0,400000000.0,87,0.5204,0.5346
Drilling of solar borehole and reticulation of fish ponds at Lapai gwara,026500100100,Ministry of Livestock & Fisheries Development,12620500,BOSSO,23020105,CONSTRUCTION / PROVISION OF WATER FACILITIES,70421,AGRICULTURE,0.0,50000000.0,0.0,0.0,87,0.5351,0.5499
Construction of Vetrinary Clinics and side stalls at Cattle Market Mokwa,026500100100,Ministry of Livestock & Fisheries Development,12611700,MOKOWA,23020106,CONSTRUCTION / PROVISION OF HOSPITALS / HEALTH CENTRES,70761,HEALTH N.E.C.,0.0,180000000.0,0.0,0.0,87,0.5507,0.5652
Construction of Grade 'C' Abattoir at Lapai,026500100100,Ministry of Livestock & Fisheries Development,12611100,LAPAI,23020113,CONSTRUCTION / PROVISION OF AGRICULTURAL FACILITIES,70421,AGRICULTURE,156000000.0,100000000.0,0.0,400000000.0,87,0.5662,0.5805
"Provision of Hygenic Materials Such as Disinfectants, Hand Gloves and Walking Boots to Abattoir Workers/Butchers across the state",026500100100,Ministry of Livestock & Fisheries Development,12642600,STATE WIDE,23010127,PURCHASE OF AGRICULTURAL EQUIPMENT,70421,AGRICULTURE,66000000.0,20000000.0,0.0,0.0,87,0.5817,0.5958
Monitoring of Illegal Slaughter Slabs and Veterinary Practices,026500100100,Ministry of Livestock & Fisheries Development,12642600,STATE WIDE,23050103,MONITORING AND EVALUATION,70421,AGRICULTURE,0.0,5000000.0,0.0,0.0,87,0.5964,0.6111
Renovation of Government owned Veterinary Hospitals and Area offices across the State,026500100100,Ministry of Livestock & Fisheries Development,12642600,STATE WIDE,23030105,REHABILITATION / REPAIRS - HOSPITAL / HEALTH CENTRES,70761,HEALTH N.E.C.,0.0,410000000.0,0.0,0.0,87,0.6119,0.6264
Construction of Hay Bans at Gazzeted Grazing Reserves at Sheyi,026500100100,Ministry of Livestock & Fisheries Development,12622000,RAFI,23020113,CONSTRUCTION / PROVISION OF AGRICULTURAL FACILITIES,70421,AGRICULTURE,10000000.0,17000000.0,0.0,20000000.0,87,0.6275,0.6417
Clearing of 30 Hectres of Land for Pasture and Provision of Rapia Grasses for Farmers and Pastoralist in the the State,026500100100,Ministry of Livestock & Fisheries Development,12642600,STATE WIDE,23020113,CONSTRUCTION / PROVISION OF AGRICULTURAL FACILITIES,70421,AGRICULTURE,10000000.0,20000000.0,0.0,0.0,87,0.6422,0.657
Rehabilitation of 3no. Earth Dams at Garun Gabas,026500100100,Ministry of Livestock & Fisheries Development,12622000,RAFI,23030104,REHABILITATION / REPAIRS - WATER FACILITIES,70421,AGRICULTURE,5000000.0,30000000.0,0.0,30000000.0,87,0.6577,0.6723
Gazzeting of 5 additional Grazing Reserves at Tsohon Garun Gabas,026500100100,Ministry of Livestock & Fisheries Development,12622000,RAFI,23020113,CONSTRUCTION / PROVISION OF AGRICULTURAL FACILITIES,70421,AGRICULTURE,40756250.0,68000000.0,0.0,145000000.0,87,0.6732,0.6876
Development 10 Hectre of Pasture Super Napier & Macuna at LIBC Tagwai & Sheyi Grazing Reserves,026500100100,Ministry of Livestock & Fisheries Development,12621600,CHANCHAGA,23020113,CONSTRUCTION / PROVISION OF AGRICULTURAL FACILITIES,70421,AGRICULTURE,5000000.0,10000000.0,0.0,27000000.0,87,0.6887,0.7029
Rehabilitation of Primary and Secondary Stock routes across the state,026500100100,Ministry of Livestock & Fisheries Development,12642600,STATE WIDE,23030112,REHABILITATION / REPAIRS - AGRICICULTURAL FACILITIES,70421,AGRICULTURE,50000000.0,20000000.0,0.0,35000000.0,87,0.7034,0.7182
Rehabilitation of livestock service center at Sheyi and Garun gabas,026500100100,Ministry of Livestock & Fisheries Development,12621600,CHANCHAGA,23030112,REHABILITATION / REPAIRS - AGRICICULTURAL FACILITIES,70421,AGRICULTURE,100000000.0,34000000.0,0.0,40000000.0,87,0.719,0.7334
Constructiion of 10no. Poultry production Units across the State,026500100100,Ministry of Livestock & Fisheries Development,12642600,STATE WIDE,23020113,CONSTRUCTION / PROVISION OF AGRICULTURAL FACILITIES,70421,AGRICULTURE,0.0,300000000.0,0.0,300000000.0,87,0.7345,0.7487
"Purchase of 7no. Thermo scientific 150i Incubator production pultry at Poultry unit, Bosso",026500100100,Ministry of Livestock & Fisheries Development,12620500,BOSSO,23020113,CONSTRUCTION / PROVISION OF AGRICULTURAL FACILITIES,70421,AGRICULTURE,0.0,50000000.0,0.0,0.0,87,0.7492,0.764
Traning and empowerment of 200 selected youth/women on Livestocks production across the State,026500100100,Ministry of Livestock & Fisheries Development,12620500,BOSSO,23010127,PURCHASE OF AGRICULTURAL EQUIPMENT,70421,AGRICULTURE,30000000.0,100000000.0,0.0,0.0,87,0.7647,0.7793
Rehabilitation of Rabbitary centre Bosso,026500100100,Ministry of Livestock & Fisheries Development,12620500,BOSSO,23030112,REHABILITATION / REPAIRS - AGRICICULTURAL FACILITIES,70421,AGRICULTURE,20000000.0,5000000.0,0.0,100000000.0,87,0.7802,0.7946
Re-construction of Rabbitry house at Tagwai.,026500100100,Ministry of Livestock & Fisheries Development,12620500,BOSSO,23030112,REHABILITATION / REPAIRS - AGRICICULTURAL FACILITIES,70421,AGRICULTURE,10000000.0,25000000.0,0.0,0.0,87,0.7958,0.8099
Renovation of Existing Structures at LIBCTagwai,026500100100,Ministry of Livestock & Fisheries Development,12620500,BOSSO,23030112,REHABILITATION / REPAIRS - AGRICICULTURAL FACILITIES,70421,AGRICULTURE,10000000.0,28000000.0,0.0,0.0,87,0.8105,0.8252
Upgrading of Breeding Units for small and Large Ruminants at Tagwai,026500100100,Ministry of Livestock & Fisheries Development,12620500,BOSSO,23030112,REHABILITATION / REPAIRS - AGRICICULTURAL FACILITIES,70421,AGRICULTURE,10000000.0,25000000.0,0.0,0.0,87,0.826,0.8405
Installation of 1 No. Solar borehole and 1 no. motorized bore-hole at Fish Hatchery and LIBC Tagwai.,026500100100,Ministry of Livestock & Fisheries Development,12620500,BOSSO,23020105,CONSTRUCTION / PROVISION OF WATER FACILITIES,70631,WATER SUPPLY,30000000.0,10000000.0,0.0,15000000.0,88,0.1348,0.1489
Construction of 3 Units Cattle Fattening Pens at LIBC Tagwai,026500100100,Ministry of Livestock & Fisheries Development,12620500,BOSSO,23020113,CONSTRUCTION / PROVISION OF AGRICULTURAL FACILITIES,70421,AGRICULTURE,10000000.0,30000000.0,0.0,120000000.0,88,0.1495,0.1642
Concrete Flooring of 2 Existing pen houses of 216sqm and 198sqm at LIBC Tagwai.,026500100100,Ministry of Livestock & Fisheries Development,12620500,BOSSO,23020113,CONSTRUCTION / PROVISION OF AGRICULTURAL FACILITIES,70421,AGRICULTURE,10000000.0,20000000.0,0.0,30000000.0,88,0.165,0.1795
"Rehabilitation of Sheep and Goat multiplication Centre at Edotsu, Gbako LGA",026500100100,Ministry of Livestock & Fisheries Development,12620500,BOSSO,23030112,REHABILITATION / REPAIRS - AGRICICULTURAL FACILITIES,70421,AGRICULTURE,1753225128.34,86000000.0,0.0,100000000.0,88,0.1806,0.1948
Expansion of Indoor Hatchery at Tagwai Fish Hatchery,026500100100,Ministry of Livestock & Fisheries Development,12620500,BOSSO,23030112,REHABILITATION / REPAIRS - AGRICICULTURAL FACILITIES,70421,AGRICULTURE,23836460.96,30000000.0,0.0,500000000.0,88,0.1953,0.2101
Construction of 10 no. concrete ponds and 10no outdoor Nursery ponds at Tagwai Fish hatchery.,026500100100,Ministry of Livestock & Fisheries Development,12620500,BOSSO,23020113,CONSTRUCTION / PROVISION OF AGRICULTURAL FACILITIES,70423,FISHING AND HUNTING,10000000.0,55000000.0,0.0,0.0,88,0.2108,0.2254
"Production of 500,000 Fingerlings at Tagwai Fish Hatchery",026500100100,Ministry of Livestock & Fisheries Development,12620500,BOSSO,23020113,CONSTRUCTION / PROVISION OF AGRICULTURAL FACILITIES,70423,FISHING AND HUNTING,18000000.0,20000000.0,0.0,50000000.0,88,0.2263,0.2407
Data collection on water bodies and fish farms at state-wide,026500100100,Ministry of Livestock & Fisheries Development,12642600,STATE WIDE,23050101,RESEARCH AND DEVELOPMENT,70482,"R & D AGRICULTURE, FORESTRY, FISHING AND HUNTING",5000000.0,17500000.0,0.0,50000000.0,88,0.2418,0.256
"Purchase of 1,000 Fishing hooks, 1,000 Bundle of Fishing nets and 1,000 Bags of Fish Feeds to support farmers across the state",026500100100,Ministry of Livestock & Fisheries Development,12642600,STATE WIDE,23010127,PURCHASE OF AGRICULTURAL EQUIPMENT,70423,FISHING AND HUNTING,0.0,60000000.0,0.0,0.0,88,0.2565,0.2713
purchase of 150no Fish smoking kiln for Fish processing centres across the State,026500100100,Ministry of Livestock & Fisheries Development,12642600,STATE WIDE,23010127,PURCHASE OF AGRICULTURAL EQUIPMENT,70423,FISHING AND HUNTING,0.0,52500000.0,0.0,800000000.0,88,0.2721,0.2866
Training of 200 selected youths and Retirees on fish farming across the State,026500100100,Ministry of Livestock & Fisheries Development,12642600,STATE WIDE,23050108,Skills Acquisition,70482,"R & D AGRICULTURE, FORESTRY, FISHING AND HUNTING",0.0,65000000.0,0.0,0.0,88,0.2876,0.3019
"Procurement of 3no Boats, Boats Engine and 3no Thermoregulator at Tagwai",026500100100,Ministry of Livestock & Fisheries Development,12620500,BOSSO,23050101,RESEARCH AND DEVELOPMENT,70423,FISHING AND HUNTING,0.0,25000000.0,0.0,48000000.0,88,0.3023,0.3172
"Procurement of 1000no multi-filament Nylon, 500 Netting Hooks and Twine floats at Tagwai.",026500100100,Ministry of Livestock & Fisheries Development,12620500,BOSSO,23010127,PURCHASE OF AGRICULTURAL EQUIPMENT,70423,FISHING AND HUNTING,0.0,52000000.0,0.0,0.0,88,0.3178,0.3325
Renovation of 36no ponds at Tagwai Fish Hatchery,026500100100,Ministry of Livestock & Fisheries Development,12620500,BOSSO,23030112,REHABILITATION / REPAIRS - AGRICICULTURAL FACILITIES,70423,FISHING AND HUNTING,0.0,20000000.0,0.0,0.0,88,0.3333,0.3478
Consultancy services on fish production in the state in collaboration with National institute for Freshwater Fisheries Research New-Bussa (NIFFR),026500100100,Ministry of Livestock & Fisheries Development,12630400,BORGU,23020113,CONSTRUCTION / PROVISION OF AGRICULTURAL FACILITIES,70423,FISHING AND HUNTING,0.0,50000000.0,0.0,0.0,88,0.348,0.3711
Fencing and Total Renovation of Wuya Fish Farm,026500100100,Ministry of Livestock & Fisheries Development,12611200,LAVUN,23030112,REHABILITATION / REPAIRS - AGRICICULTURAL FACILITIES,70423,FISHING AND HUNTING,0.0,92000000.0,0.0,300000000.0,88,0.3717,0.386
Consultancy Services for Livestock and Fisheries projects.,026500100100,Ministry of Livestock & Fisheries Development,12642600,STATE WIDE,23050101,RESEARCH AND DEVELOPMENT,70423,FISHING AND HUNTING,0.0,3000000.0,0.0,50000000.0,88,0.3864,0.4013
Quarterly Monitoring & Evaluation of Livestock and fisheries projects.,026500100100,Ministry of Livestock & Fisheries Development,12642600,STATE WIDE,23050103,MONITORING AND EVALUATION,70423,FISHING AND HUNTING,0.0,15000000.0,0.0,20000000.0,88,0.402,0.4166
"Enhancement of beef, cattle and sheep range (ELPRES) at Bosso",026500100100,Ministry of Livestock & Fisheries Development,12620500,BOSSO,23030112,REHABILITATION / REPAIRS - AGRICICULTURAL FACILITIES,70421,AGRICULTURE,0.0,7550000000.0,312023184.02,8077500000.0,88,0.4175,0.4319
Construction of Grade 'C' Abattoir at Zungeru,026500100100,Ministry of Livestock & Fisheries Development,12632500,WUSHISHI,23020113,CONSTRUCTION / PROVISION OF AGRICULTURAL FACILITIES,70421,AGRICULTURE,0.0,100000000.0,0.0,400000000.0,88,0.433,0.4472
Construction of Grade 'C' Abattoir at Tafa,026500100100,Ministry of Livestock & Fisheries Development,12610100,AGAIE,23020113,CONSTRUCTION / PROVISION OF AGRICULTURAL FACILITIES,70421,AGRICULTURE,0.0,100000000.0,0.0,400000000.0,88,0.4477,0.4625
Development of ranging at sheyi grazing reserve,026500100100,Ministry of Livestock & Fisheries Development,12622200,SHIRORO,23020113,CONSTRUCTION / PROVISION OF AGRICULTURAL FACILITIES,70422,FORESTRY,0.0,0.0,0.0,200000000.0,88,0.4632,0.4778
Upgrade of feed mill project at Tagwai,026500100100,Ministry of Livestock & Fisheries Development,12620500,BOSSO,23030112,REHABILITATION / REPAIRS - AGRICICULTURAL FACILITIES,70422,FORESTRY,0.0,0.0,0.0,720000000.0,88,0.4788,0.4931
Renovation of training institute and staff headquaters at Tagwai,026500100100,Ministry of Livestock & Fisheries Development,12620500,BOSSO,23030121,REHABILITATION / REPAIRS OF OFFICE BUILDINGS,70422,FORESTRY,0.0,0.0,0.0,100000000.0,88,0.4935,0.5084
Construction of Grade 'C' Abattoir at Tafa,026500100100,Ministry of Livestock & Fisheries Development,12622400,TAFA,23020113,CONSTRUCTION / PROVISION OF AGRICULTURAL FACILITIES,70422,FORESTRY,0.0,0.0,0.0,400000000.0,88,0.509,0.5236
"Enhancement of beef, cattle and sheep range (ELPRES) at Bobi",026500100100,Ministry of Livestock & Fisheries Development,12631400,MARIGA,23030112,REHABILITATION / REPAIRS - AGRICICULTURAL FACILITIES,70421,AGRICULTURE,0.0,0.0,0.0,8077500000.0,88,0.5245,0.5389
Raising of Nurseries trees,027000100100,Ministry of Rural Development,12642600,STATE WIDE,23040101,TREE PLANTING,70422,FORESTRY,0.0,12500000.0,0.0,0.0,88,0.5408,0.547
Development of Rural Infrastructure Master Plan,027000100100,Ministry of Rural Development,12642600,STATE WIDE,23050101,RESEARCH AND DEVELOPMENT,70621,COMMUNITY DEVELOPMENT,0.0,84000000.0,0.0,0.0,88,0.5498,0.5562
Construction of 25no. Solar powered Boreholes across the State,027000100100,Ministry of Rural Development,12642600,STATE WIDE,23020105,CONSTRUCTION / PROVISION OF WATER FACILITIES,70631,WATER SUPPLY,0.0,300000000.0,0.0,0.0,88,0.558,0.5727
Construction of Self Contained Houses at mariga,027000100100,Ministry of Rural Development,12631400,MARIGA,23020102,CONSTRUCTION / PROVISION OF RESIDENTIAL BUILDINGS,70611,HOUSING DEVELOPMENT,0.0,69000000.0,0.0,0.0,88,0.5735,0.588
"Training of Women and Youth on Livestock Agro Forestry Such as Goat, Pigs, Bees and Other Animals across the State",027000100100,Ministry of Rural Development,12642600,STATE WIDE,23050108,Skills Acquisition,70482,"R & D AGRICULTURE, FORESTRY, FISHING AND HUNTING",0.0,134500000.0,0.0,0.0,88,0.5891,0.6033
"Ward development project: boreholes, electrifications and rural roads across the State",027000100100,Ministry of Rural Development,12642600,STATE WIDE,23020114,CONSTRUCTION / PROVISION OF ROADS,70451,ROAD TRANSPORT,0.0,2840000000.0,0.0,9864000000.0,88,0.6038,0.6185
Conduct of Rural infrastructure Data Survey/ Census across the state,027000100100,Ministry of Rural Development,12642600,STATE WIDE,23050101,RESEARCH AND DEVELOPMENT,70621,COMMUNITY DEVELOPMENT,0.0,0.0,0.0,20000000.0,88,0.6234,0.6297
Construction of SMEs Commodity Facility Centres at New-Bussa,027100100100,"Ministry of Commerce, Industry and Cooperative",12630400,BORGU,23020118,CONSTRUCTION / PROVISION OF INFRASTRUCTURE,70442,MANUFACTURING,0.0,50000000.0,40000000.0,20000000.0,88,0.6348,0.6491
Development of MSMEs Data Bank and IT Platform at Minna,027100100100,"Ministry of Commerce, Industry and Cooperative",12621600,CHANCHAGA,23050102,COMPUTER SOFTWARE ACQUISITION,70481,"R & D GENERAL ECONOMIC, COMMERCIAL AND LABOUR AFFAIRS",0.0,80000000.0,75000000.0,20000000.0,88,0.6503,0.6644
Facelift of Entreprenuership and Skill Development centre at Kagara,027100100100,"Ministry of Commerce, Industry and Cooperative",12622000,RAFI,23030121,REHABILITATION / REPAIRS OF OFFICE BUILDINGS,70481,"R & D GENERAL ECONOMIC, COMMERCIAL AND LABOUR AFFAIRS",0.0,60000000.0,45000000.0,40000000.0,88,0.665,0.6797
"Procurement of Starter Packs ( Sewing Machine, Freezers and Ovens) for 1,500 Women/Youth withAcross the State",027100100100,"Ministry of Commerce, Industry and Cooperative",12642600,STATE WIDE,23010115,PURCHASE OF PHOTOCOPYING MACHINES,70481,"R & D GENERAL ECONOMIC, COMMERCIAL AND LABOUR AFFAIRS",0.0,70000000.0,50000000.0,40000000.0,88,0.6806,0.695
"Provision of 5no. Split Ac, 22 Seater Confrence Table and Printer",027100100100,"Ministry of Commerce, Industry and Cooperative",12621600,CHANCHAGA,23010112,PURCHASE OF OFFICE FURNITURE AND FITTINGS,70411,GENERAL ECONOMIC AND COMMERCIALAFFAIRS,0.0,10000000.0,5000000.0,10000000.0,88,0.6961,0.7103
purchase of 50. work benches and stools for people with special needs at Blind centre minna.,027100100100,"Ministry of Commerce, Industry and Cooperative",12620500,BOSSO,23010124,PURCHASE OF TEACHING / LEARNING AID EQUIPMENT,70481,"R & D GENERAL ECONOMIC, COMMERCIAL AND LABOUR AFFAIRS",0.0,70000000.0,30000000.0,10000000.0,88,0.7108,0.7256
Monitoring and evaluation of MSMEs in the state,027100100100,"Ministry of Commerce, Industry and Cooperative",12642600,STATE WIDE,23050103,MONITORING AND EVALUATION,70481,"R & D GENERAL ECONOMIC, COMMERCIAL AND LABOUR AFFAIRS",0.0,10000000.0,5000000.0,10000000.0,88,0.7263,0.7409
Promotion of Business Education in all the 25 LGAs,027100200100,Small Medium Enterprise and Micro Finance Agency,12642600,STATE WIDE,23050108,Skills Acquisition,70411,GENERAL ECONOMIC AND COMMERCIALAFFAIRS,0.0,50000000.0,0.0,0.0,88,0.7418,0.7562
Purchase of 200no. Industrial sewing machine for Women and Youth in Tailoring,027100200100,Small Medium Enterprise and Micro Finance Agency,12642600,STATE WIDE,23050108,Skills Acquisition,70411,GENERAL ECONOMIC AND COMMERCIALAFFAIRS,0.0,100000000.0,0.0,80000000.0,88,0.7574,0.7715
Purchase of 50no.Refrigerators for women in petty bussiness in Minna,027100200100,Small Medium Enterprise and Micro Finance Agency,12642600,STATE WIDE,23010120,PURCHASE OFCANTEEN / KITCHEN EQUIPMENT,70411,GENERAL ECONOMIC AND COMMERCIALAFFAIRS,0.0,100000000.0,0.0,15000000.0,88,0.7721,0.7868
Monitoring and Evaluation of SME Activities in the State,027100200100,Small Medium Enterprise and Micro Finance Agency,12642600,STATE WIDE,23050103,MONITORING AND EVALUATION,70411,GENERAL ECONOMIC AND COMMERCIALAFFAIRS,0.0,20000000.0,0.0,10000000.0,88,0.7876,0.8021
Data Collection on SMEs and Business Support Centres,027100200100,Small Medium Enterprise and Micro Finance Agency,12642600,STATE WIDE,23050101,RESEARCH AND DEVELOPMENT,70481,"R & D GENERAL ECONOMIC, COMMERCIAL AND LABOUR AFFAIRS",0.0,20000000.0,0.0,20000000.0,88,0.8031,0.8174
"Provision of 5no Air Conditioners, 5no Filling Cabinet and 10no set of Tables and Chairs",027100200100,Small Medium Enterprise and Micro Finance Agency,12621600,CHANCHAGA,23010112,PURCHASE OF OFFICE FURNITURE AND FITTINGS,70411,GENERAL ECONOMIC AND COMMERCIALAFFAIRS,0.0,10000000.0,0.0,25000000.0,88,0.8178,0.8327
Purchase of 4No. Desktop and 4No. Laptop Computers,031800100100,Judicial Service Commission,12621600,CHANCHAGA,23010113,PURCHASE OF COMPUTERS,70331,LAW COURTS,2040071.0,4000000.0,0.0,10000000.0,88,0.8342,0.8407
Creation of Website and Upgrading of of I.C.T Facility for Judicial Service Commission,031800100100,Judicial Service Commission,12621600,CHANCHAGA,23050101,RESEARCH AND DEVELOPMENT,70331,LAW COURTS,3000000.0,4000000.0,0.0,10000000.0,89,0.1348,0.1489
Drilling of 1No. Motorized Borehole at Judicial Service Commission,031800100100,Judicial Service Commission,12621600,CHANCHAGA,23020105,CONSTRUCTION / PROVISION OF WATER FACILITIES,70331,LAW COURTS,3500000.0,5000000.0,0.0,10000000.0,89,0.1495,0.1642
Building of One Wing of Additional Complex with 5no Offices,031800100100,Judicial Service Commission,12621600,CHANCHAGA,23020101,CONSTRUCTION / PROVISION OF OFFICE BUILDINGS,70331,LAW COURTS,16500000.0,17000000.0,0.0,0.0,89,0.165,0.1795
Purchase of Facilities for Virtual Proceedings & E-filling in the State,031800200100,High Court Headquarters,12642600,STATE WIDE,23010112,PURCHASE OF OFFICE FURNITURE AND FITTINGS,70331,LAW COURTS,0.0,166600000.0,0.0,150000000.0,89,0.1806,0.1948
Fencing of High Court Suleja,031800200100,High Court Headquarters,12622300,SULEJA,23030121,REHABILITATION / REPAIRS OF OFFICE BUILDINGS,70331,LAW COURTS,0.0,100000000.0,0.0,0.0,89,0.1953,0.2101
"Construction of High Court Conference Hall, Minna",031800200100,High Court Headquarters,12621600,CHANCHAGA,23020101,CONSTRUCTION / PROVISION OF OFFICE BUILDINGS,70331,LAW COURTS,0.0,184000000.0,0.0,370000000.0,89,0.2108,0.2254
Furnishing of High Court New-Bussa,031800200100,High Court Headquarters,12630400,BORGU,23020101,CONSTRUCTION / PROVISION OF OFFICE BUILDINGS,70331,LAW COURTS,100000000.0,133300000.0,0.0,100000000.0,89,0.2263,0.2407
Provision of Solar Power and CCTV Camera for all the High Court Divisions in the State,031800200100,High Court Headquarters,12642600,STATE WIDE,23020127,CONSTRUCTION OF ICT INFRASTRUCTURES,70331,LAW COURTS,69253419.92,100000000.0,0.0,300000000.0,89,0.2418,0.256
"Purchase of 20no. Civil litigation law book, 20no. Criminal law books and 20no. Laws of the Federation",031800200100,High Court Headquarters,12642600,STATE WIDE,23010125,PURCHASE OF LIBRARY BOOKS & EQUIPMENT,70331,LAW COURTS,100000000.0,20000000.0,0.0,50000000.0,89,0.2565,0.2713
Renovation of Chief Magistrate Residence at Minna,031800200100,High Court Headquarters,12621600,CHANCHAGA,23030121,REHABILITATION / REPAIRS OF OFFICE BUILDINGS,70331,LAW COURTS,0.0,50000000.0,0.0,160000000.0,89,0.2721,0.2866
Construction of Judges Residence at New Bussa,031800200100,High Court Headquarters,12630400,BORGU,23020102,CONSTRUCTION / PROVISION OF RESIDENTIAL BUILDINGS,70331,LAW COURTS,0.0,33300000.0,0.0,100000000.0,89,0.2876,0.3019
Construction of Fences and Magistrate Courts at across the state,031800200100,High Court Headquarters,12642600,STATE WIDE,23020101,CONSTRUCTION / PROVISION OF OFFICE BUILDINGS,70331,LAW COURTS,0.0,166600000.0,45913235.0,0.0,89,0.3023,0.3172
Construction of Judges Quarters at Bida,031800200100,High Court Headquarters,12610300,BIDA,23020101,CONSTRUCTION / PROVISION OF OFFICE BUILDINGS,70331,LAW COURTS,0.0,60000000.0,0.0,100000000.0,89,0.3178,0.3325
Provision of 300KVA Generator to High Court Minna,031800200100,High Court Headquarters,12621600,CHANCHAGA,23020125,CONSTRUCTION OF POWER GENERATING PLANTS,70331,LAW COURTS,0.0,60000000.0,0.0,80000000.0,89,0.3333,0.3478
Purchase of 2no 18 Seater Buses for High Courts in Minna,031800200100,High Court Headquarters,12621600,CHANCHAGA,23010108,PURCHASE OF BUSES,70331,LAW COURTS,0.0,70000000.0,0.0,80000000.0,89,0.3497,0.3558
Purchase of 2no Toyota Hilux Vans for Judges,031800200100,High Court Headquarters,12621600,CHANCHAGA,23010105,PURCHASE OF MOTOR VEHICLES,70331,LAW COURTS,0.0,170000000.0,0.0,0.0,89,0.3587,0.365
Purchase of 18no Court Recording Systems for Court Proceedings,031800200100,High Court Headquarters,12621600,CHANCHAGA,23010112,PURCHASE OF OFFICE FURNITURE AND FITTINGS,70331,LAW COURTS,0.0,376200000.0,0.0,720000000.0,89,0.3668,0.3815
Construction of Houses for the 3 Retired Chief Judges,031800200100,High Court Headquarters,12621600,CHANCHAGA,23020102,CONSTRUCTION / PROVISION OF RESIDENTIAL BUILDINGS,70331,LAW COURTS,0.0,200000000.0,0.0,450000000.0,89,0.3824,0.3968
Fencing of 90no Magistrate Courts Across the State,031800200100,High Court Headquarters,12642600,STATE WIDE,23030121,REHABILITATION / REPAIRS OF OFFICE BUILDINGS,70331,LAW COURTS,0.0,90000000.0,0.0,180000000.0,89,0.3979,0.4121
Provision of Books for Judges Chamber for High Courts across the State,031800200100,High Court Headquarters,12642600,STATE WIDE,23020127,CONSTRUCTION OF ICT INFRASTRUCTURES,70331,LAW COURTS,0.0,20000000.0,0.0,0.0,89,0.4126,0.4274
"xiv. Renovation of High Court Head Quarter, Minna",031800200100,High Court Headquarters,12621600,CHANCHAGA,23030121,REHABILITATION / REPAIRS OF OFFICE BUILDINGS,70331,LAW COURTS,0.0,0.0,0.0,400000000.0,89,0.4281,0.4427
iv. Re-roofing of High Court Complex Minna,031800200100,High Court Headquarters,12621600,CHANCHAGA,23030121,REHABILITATION / REPAIRS OF OFFICE BUILDINGS,70331,LAW COURTS,0.0,0.0,0.0,400000000.0,89,0.4436,0.458
ii. Purchase of 7no Official Vehicles for the Judges,031800200100,High Court Headquarters,12621600,CHANCHAGA,23010105,PURCHASE OF MOTOR VEHICLES,70331,LAW COURTS,0.0,0.0,0.0,1040000000.0,89,0.46,0.466
xi. Provision of Solar Powered Energy Facilities for all the Magistrate Courts in the State,031800200100,High Court Headquarters,12642600,STATE WIDE,23020105,CONSTRUCTION / PROVISION OF WATER FACILITIES,70331,LAW COURTS,0.0,0.0,0.0,280000000.0,89,0.4681,0.4825
v. Provision of Bore Holes to High/Magistrate Courts New-Bussa,031800200100,High Court Headquarters,12630400,BORGU,23020105,CONSTRUCTION / PROVISION OF WATER FACILITIES,70331,LAW COURTS,0.0,0.0,0.0,40000000.0,89,0.4837,0.4978
"Construction of New Sharia Court of Appeal Complex at 3 Arm Zone, Maitumbi, Minna.",031800300100,Sharia Court of Appeal,12621600,CHANCHAGA,23020101,CONSTRUCTION / PROVISION OF OFFICE BUILDINGS,70331,LAW COURTS,25000000.0,50000000.0,0.0,80000000.0,89,0.4984,0.5131
Construction of 6no offices and a court room at Zonal Office Bida.,031800300100,Sharia Court of Appeal,12610300,BIDA,23020101,CONSTRUCTION / PROVISION OF OFFICE BUILDINGS,70331,LAW COURTS,151000000.0,50000000.0,0.0,53633000.0,89,0.5139,0.5284
Purchase of 1no Toyota 18 seater seater Bus for head quarter Minna,031800300100,Sharia Court of Appeal,12621600,CHANCHAGA,23010108,PURCHASE OF BUSES,70331,LAW COURTS,25000000.0,150000000.0,0.0,125000000.0,89,0.5335,0.5395
Purchase of 1no Toyota Hilux for Honourable Grand Khadi,031800300100,Sharia Court of Appeal,12621600,CHANCHAGA,23010105,PURCHASE OF MOTOR VEHICLES,70331,LAW COURTS,85000000.0,30000000.0,0.0,73000000.0,89,0.5458,0.5517
Landscaping and additional car spot at Sharia Court of Appeal Headquarters,031800300100,Sharia Court of Appeal,12621600,CHANCHAGA,23020124,CONSTRUCTION OF MARKETS/PARKS,70331,LAW COURTS,0.0,10000000.0,0.0,12789319.0,89,0.5539,0.5682
Construction of Court room and 6no offices at Zonal Office Kontagora,031800300100,Sharia Court of Appeal,12631000,KONTAGORA,23020101,CONSTRUCTION / PROVISION OF OFFICE BUILDINGS,70331,LAW COURTS,0.0,50000000.0,0.0,71560000.0,89,0.5686,0.5834
Purchase of Houses for Grand Khadi and Kadis (Rent),031800300100,Sharia Court of Appeal,12621600,CHANCHAGA,23010103,PURCHASE OF RESIDENTIAL BUILDINGS,70331,LAW COURTS,85000000.0,58500000.0,0.0,107266001.0,89,0.5842,0.5987
Installation of 50no Solar Street Light at Sharia Court of Appeal Complex and Zonal Office Minna.,031800300100,Sharia Court of Appeal,12621600,CHANCHAGA,23020125,CONSTRUCTION OF POWER GENERATING PLANTS,70331,LAW COURTS,20000000.0,11500000.0,0.0,12500000.0,89,0.5997,0.614
"Purchase of 10no HP Laptop Computers for Sharia Court of Appeal Complex, Minna.",031800300100,Sharia Court of Appeal,12621600,CHANCHAGA,23010113,PURCHASE OF COMPUTERS,70331,LAW COURTS,0.0,20000000.0,0.0,22500000.0,89,0.6152,0.6293
Purchase of 8no Landcruiser jeep for DCR and Directors,031800300100,Sharia Court of Appeal,12610300,BIDA,23010105,PURCHASE OF MOTOR VEHICLES,70331,LAW COURTS,40071.0,70000000.0,0.0,84000000.0,89,0.6307,0.6374
Purchase of 1no Toyota Hilux for the Office of the CR,031800300100,Sharia Court of Appeal,12610300,BIDA,23010105,PURCHASE OF MOTOR VEHICLES,70331,LAW COURTS,0.0,50000000.0,0.0,57751680.0,89,0.6405,0.6466
Construction of Zonal office Bida,031800300100,Sharia Court of Appeal,12610300,BIDA,23020101,CONSTRUCTION / PROVISION OF OFFICE BUILDINGS,70331,LAW COURTS,0.0,50000000.0,0.0,0.0,89,0.6487,0.6631
Renovation of Sharia Court Wawa,031800400100,Upper Sharia Courts,12630400,BORGU,23030121,REHABILITATION / REPAIRS OF OFFICE BUILDINGS,70331,LAW COURTS,0.0,12500000.0,0.0,0.0,89,0.6642,0.6784
"Renovation of Sharia Court Ibbi,",031800400100,Upper Sharia Courts,12631500,MASHEGU,23030121,REHABILITATION / REPAIRS OF OFFICE BUILDINGS,70331,LAW COURTS,5000000.0,12500000.0,0.0,0.0,89,0.6789,0.6936
"Provision of 15 seater confrence Table, Executive Tables and Chairs for the Administrative Block",031800400100,Upper Sharia Courts,12621600,CHANCHAGA,23010112,PURCHASE OF OFFICE FURNITURE AND FITTINGS,70331,LAW COURTS,85000000.0,100000000.0,0.0,125000000.0,89,0.6944,0.7089
Renovation of Upper Sharia Court Minna,031800400100,Upper Sharia Courts,12621600,CHANCHAGA,23030121,REHABILITATION / REPAIRS OF OFFICE BUILDINGS,70331,LAW COURTS,80000000.0,150000000.0,0.0,85000000.0,89,0.71,0.7242
"Renovation of Upper Shariah Court Kagara,",031800400100,Upper Sharia Courts,12622000,RAFI,23030121,REHABILITATION / REPAIRS OF OFFICE BUILDINGS,70331,LAW COURTS,0.0,50000000.0,0.0,55000000.0,89,0.7247,0.7395
Renovation of Upper Sharia Court Katcha,031800400100,Upper Sharia Courts,12610900,KATCHA,23030121,REHABILITATION / REPAIRS OF OFFICE BUILDINGS,70331,LAW COURTS,0.0,50000000.0,0.0,55000000.0,89,0.7402,0.7548
Renovation of Sharia Court Mariga,031800400100,Upper Sharia Courts,12631400,MARIGA,23030121,REHABILITATION / REPAIRS OF OFFICE BUILDINGS,70331,LAW COURTS,0.0,12500000.0,0.0,62500000.0,89,0.7557,0.7701
Purchase of 22no Toyota peugeot (406) for Directors and judges,031800400100,Upper Sharia Courts,12642600,STATE WIDE,23010105,PURCHASE OF MOTOR VEHICLES,70331,LAW COURTS,0.0,100000000.0,0.0,115500000.0,89,0.7721,0.7782
Renovation of Upper Sharia Court Wushishi,031800400100,Upper Sharia Courts,12642600,STATE WIDE,23030121,REHABILITATION / REPAIRS OF OFFICE BUILDINGS,70331,LAW COURTS,0.0,10000000.0,0.0,100894894.0,89,0.7802,0.7946
Renovation of Sharia Court Suleja & Bida,031800400100,Upper Sharia Courts,12642600,STATE WIDE,23030121,REHABILITATION / REPAIRS OF OFFICE BUILDINGS,70331,LAW COURTS,0.0,20000000.0,0.0,36105106.0,89,0.7958,0.8099
Renovation and fencing of Judges Quarters across the state,031800400100,Upper Sharia Courts,12642600,STATE WIDE,23030121,REHABILITATION / REPAIRS OF OFFICE BUILDINGS,70331,LAW COURTS,0.0,60000000.0,0.0,65000000.0,89,0.8105,0.8252
Fencing of sharia Courts premises across the state,031800400100,Upper Sharia Courts,12642600,STATE WIDE,23030121,REHABILITATION / REPAIRS OF OFFICE BUILDINGS,70331,LAW COURTS,0.0,10000000.0,0.0,0.0,89,0.826,0.8405
Renovation of Sharia Court Rijau,031800400100,Upper Sharia Courts,12632100,RIJAU,23030121,REHABILITATION / REPAIRS OF OFFICE BUILDINGS,70331,LAW COURTS,0.0,12500000.0,0.0,0.0,90,0.1348,0.1489
Purchase of 3no.Laptop computers,031800800100,Multi Door Courts,12621600,CHANCHAGA,23010113,PURCHASE OF COMPUTERS,70331,LAW COURTS,0.0,6071000.0,0.0,10000000.0,90,0.1503,0.157
"Construction of 2no Toilets for the Offices, Minna",031800800100,Multi Door Courts,12621600,CHANCHAGA,23020118,CONSTRUCTION / PROVISION OF INFRASTRUCTURE,70331,LAW COURTS,0.0,2000000.0,0.0,2000000.0,90,0.1593,0.1734
"Purchase of 4no. Cabinet, 4no. Set of table & chairs, 4no. Executive table & chairs at Bida, Suleja & Kontagora",031800800100,Multi Door Courts,12642600,STATE WIDE,23010112,PURCHASE OF OFFICE FURNITURE AND FITTINGS,70331,LAW COURTS,0.0,20429000.0,0.0,10000000.0,90,0.174,0.1887
Purchase of 2no sharp computer Printers,031800800100,Multi Door Courts,12621600,CHANCHAGA,23010114,PURCHASE OF COMPUTER PRINTERS,70331,LAW COURTS,0.0,3000000.0,0.0,0.0,90,0.1936,0.1999
"purchase 3no executive Tables,6no Executive Chairs and 10no. Arm chairs",031800800100,Multi Door Courts,12621600,CHANCHAGA,23010112,PURCHASE OF OFFICE FURNITURE AND FITTINGS,70331,LAW COURTS,0.0,17000000.0,0.0,8000000.0,90,0.2051,0.2193
i. Construction and Fencing of Multi-Door Courts at Bida and Kontagora,031800800100,Multi Door Courts,12631000,KONTAGORA,23020101,CONSTRUCTION / PROVISION OF OFFICE BUILDINGS,70331,LAW COURTS,0.0,0.0,0.0,10000000.0,90,0.2198,0.2346
"vi. Renovation of Arbitration Hall, Minna",031800800100,Multi Door Courts,12621600,CHANCHAGA,23030121,REHABILITATION / REPAIRS OF OFFICE BUILDINGS,70331,LAW COURTS,0.0,0.0,0.0,10000000.0,90,0.2353,0.2499
"Completion of Attorney General's Office and Rent Tribunal, Kontagora",032600100100,Ministry of Justice,12631000,KONTAGORA,23020101,CONSTRUCTION / PROVISION OF OFFICE BUILDINGS,70331,LAW COURTS,10706508.2,50000000.0,50000000.0,102000000.0,90,0.2508,0.2652
Fencing/Building of Security and Generator House at Kontagora,032600100100,Ministry of Justice,12631000,KONTAGORA,23030125,REHABILITATION/REPAIRS- POWER GENERATING PLANTS,70331,LAW COURTS,80706509.08,50000000.0,50000000.0,98000000.0,90,0.2663,0.2805
Completion of Renovation work at Minna and Suleja Rent Tribunal Offices,032600100100,Ministry of Justice,12622300,SULEJA,23030121,REHABILITATION / REPAIRS OF OFFICE BUILDINGS,70331,LAW COURTS,99253420.0,40000000.0,40000000.0,60000000.0,90,0.281,0.2958
Renovation work at Bida Rent Tribunal Area Office.,032600100100,Ministry of Justice,12610300,BIDA,23030121,REHABILITATION / REPAIRS OF OFFICE BUILDINGS,70331,LAW COURTS,0.0,30000000.0,30000000.0,40000000.0,90,0.2966,0.3111
Renovation work at New-Busa Rent Tribunal Area Office.,032600100100,Ministry of Justice,12630400,BORGU,23030121,REHABILITATION / REPAIRS OF OFFICE BUILDINGS,70331,LAW COURTS,0.0,30000000.0,30000000.0,0.0,90,0.3121,0.3264
Review of State Laws and Publications,032600200100,Law Reform Commission,12621600,CHANCHAGA,23050101,RESEARCH AND DEVELOPMENT,70331,LAW COURTS,5000000.0,20000000.0,0.0,25000000.0,90,0.3284,0.3344
"Purchase of 15no. Table, 20no Chairs and 5no HP Laptop cpmputers for the office",032600200100,Law Reform Commission,12621600,CHANCHAGA,23010101,PURCHASE / ACQUISITION OF LAND,70331,LAW COURTS,3000000.0,10000000.0,0.0,10000000.0,90,0.3366,0.3509
ii. Establishment of Law Library,032600200100,Law Reform Commission,12621600,CHANCHAGA,23020101,CONSTRUCTION / PROVISION OF OFFICE BUILDINGS,70331,LAW COURTS,2000000.0,0.0,0.0,15000000.0,90,0.3513,0.3662
Accreditation of Additional 4no Courses at College of Legal Studies Minna,032600600100,Fatima Lami College of Legal and General Studies,12642600,STATE WIDE,23050108,Skills Acquisition,70941,FIRST STAGE OF TERTIARY EDUCATION,0.0,49000000.0,0.0,25200000.0,90,0.3668,0.3815
Construction of 10no Of offices,032600600100,Fatima Lami College of Legal and General Studies,12642600,STATE WIDE,23020101,CONSTRUCTION / PROVISION OF OFFICE BUILDINGS,70941,FIRST STAGE OF TERTIARY EDUCATION,0.0,24000000.0,0.0,0.0,90,0.3824,0.3968
Upgrading of Mass Communication Studio & Provision of Antena At the College of Legal Studies,032600600100,Fatima Lami College of Legal and General Studies,12642600,STATE WIDE,23020118,CONSTRUCTION / PROVISION OF INFRASTRUCTURE,70941,FIRST STAGE OF TERTIARY EDUCATION,0.0,50000000.0,0.0,52500000.0,90,0.3979,0.4121
Expansion of Library complex and creation of Catalog centre,032600600100,Fatima Lami College of Legal and General Studies,12642600,STATE WIDE,23020111,CONSTRUCTION / PROVISION OF LIBRARIES,70941,FIRST STAGE OF TERTIARY EDUCATION,0.0,75000000.0,0.0,100000000.0,90,0.4126,0.4274
Purchase of 4no Toyota Corolla car 2013 model for the school,032600600100,Fatima Lami College of Legal and General Studies,12642600,STATE WIDE,23010105,PURCHASE OF MOTOR VEHICLES,70941,FIRST STAGE OF TERTIARY EDUCATION,0.0,52000000.0,0.0,72300000.0,90,0.4281,0.4427
construction of New Minna sports centre,051300100100,Ministry of Youth and Social Development,12621600,CHANCHAGA,23020112,CONSTRUCTION / PROVISION OF SPORTING FACILITIES,70811,RECREATIONAL AND SPORTING SERVICES,100000000.0,4462627009.58,100000000.0,0.0,90,0.4436,0.458
"Construction of 25,000 Seats Capacity Stadium at Rafin Yashi, Maikunkele Minna",051300100100,Ministry of Youth and Social Development,12621600,CHANCHAGA,23020112,CONSTRUCTION / PROVISION OF SPORTING FACILITIES,70811,RECREATIONAL AND SPORTING SERVICES,0.0,3500000000.0,49987426.0,0.0,90,0.4592,0.4733
"Purchase of 2no. Executive table and chairs, 10no. Tables 10no. Chairs and 2no. 20 seater confrence table and chair at Abdulsalam Youth Center",051300100100,Ministry of Youth and Social Development,12621600,CHANCHAGA,23010112,PURCHASE OF OFFICE FURNITURE AND FITTINGS,70131,GENERAL PERSONNEL SERVICES,0.0,200000000.0,200000000.0,100000000.0,90,0.4739,0.4966
"Training of 1000 youths on software engineering, web design, online blogging and virtual assistance",051300100100,Ministry of Youth and Social Development,12642600,STATE WIDE,23050108,Skills Acquisition,71051,UNEMPLOYMENT,0.0,200000000.0,0.0,200000000.0,90,0.4967,0.5115
"Training of 180no Youth on Tailoring, Vulcanizing, Sewing, baking. Knitting and Barbing saloon in 3 Senatorial Zones",051300100100,Ministry of Youth and Social Development,12642600,STATE WIDE,23050108,Skills Acquisition,71051,UNEMPLOYMENT,0.0,225000000.0,0.0,225000000.0,90,0.5123,0.5268
Construction of New NYSC Permanent Orientation Camp Paiko,051300100100,Ministry of Youth and Social Development,12621900,PAIKORO,23020112,CONSTRUCTION / PROVISION OF SPORTING FACILITIES,70811,RECREATIONAL AND SPORTING SERVICES,0.0,1282372990.42,0.0,1675000000.0,90,0.5278,0.5421
Construction of Skill Acquisition Center at Lapai,051300100100,Ministry of Youth and Social Development,12611100,LAPAI,23020118,CONSTRUCTION / PROVISION OF INFRASTRUCTURE,71051,UNEMPLOYMENT,200000000.0,0.0,0.0,250000000.0,90,0.5425,0.5574
"Construction of Women Development Center, Gurara",051300100100,Ministry of Youth and Social Development,12620800,GURARA,23020118,CONSTRUCTION / PROVISION OF INFRASTRUCTURE,71051,UNEMPLOYMENT,1725121815.01,0.0,0.0,250000000.0,90,0.558,0.5727
Construction of Skill Acquisition Center at New-Bussa,051300100100,Ministry of Youth and Social Development,12630400,BORGU,23020118,CONSTRUCTION / PROVISION OF INFRASTRUCTURE,71051,UNEMPLOYMENT,0.0,0.0,0.0,250000000.0,90,0.5735,0.588
"Repairs of Women Multi-Purpose Centre, Minna",051400100100,Ministry of Gender Affairs,12621600,CHANCHAGA,23030118,REHABILITATION / REPAIRS - RECREATIONAL FACILITIES,70474,MULTIPURPOSE DEVELOPMENT PROJECTS,250000000.0,12000000.0,0.0,10000000.0,90,0.5891,0.6033
"Construction of corner shops at Women Multi-purpose centre, minna",051400100100,Ministry of Gender Affairs,12621600,CHANCHAGA,23020124,CONSTRUCTION OF MARKETS/PARKS,70411,GENERAL ECONOMIC AND COMMERCIALAFFAIRS,250000000.0,20000000.0,0.0,0.0,90,0.6038,0.6185
Renovation and Equiping of 6no Women Skill Centres across the State,051400100100,Ministry of Gender Affairs,12642600,STATE WIDE,23030118,REHABILITATION / REPAIRS - RECREATIONAL FACILITIES,70861,"RECREATION, CULTURE AND RELIGION N.E.C.",0.0,50000000.0,0.0,10000000.0,90,0.6193,0.6338
Collection and Collation of Primary and Secondary Data on Women and Social Protection Issues in the State,051400100100,Ministry of Gender Affairs,12642600,STATE WIDE,23050101,RESEARCH AND DEVELOPMENT,71041,FAMILY AND CHILDREN,0.0,1000000.0,0.0,5000000.0,90,0.6348,0.6491
Fencing and Construction of Gate House at Women's Garden at Korokpma,051400100100,Ministry of Gender Affairs,12621900,PAIKORO,23020119,CONSTRUCTION / PROVISION OF RECREATIONAL FACILITIES,71041,FAMILY AND CHILDREN,0.0,10000000.0,0.0,8000000.0,90,0.6503,0.6644
"Purchase of Rice processing machine, g/nut processing machine, melon peeling machine, and shea- butter butter processing machine",051400100100,Ministry of Gender Affairs,12642600,STATE WIDE,23010129,PURCHASE OF INDUSTRIAL EQUIPMENT,70411,GENERAL ECONOMIC AND COMMERCIALAFFAIRS,0.0,10000000.0,0.0,0.0,90,0.6691,0.6834
Development/ Domestication of national Action plan on United Nations Security Council Resolution 1325,051400100100,Ministry of Gender Affairs,12642600,STATE WIDE,23050101,RESEARCH AND DEVELOPMENT,70132,OVERALL PLANNING AND STATISTICAL SERVICES,0.0,10000000.0,0.0,0.0,90,0.6879,0.7027
"Training of 10,000 women, widows and youth in skill acquisition in the across the State",051400100100,Ministry of Gender Affairs,12642600,STATE WIDE,23050108,Skills Acquisition,71051,UNEMPLOYMENT,0.0,50000000.0,0.0,0.0,90,0.7034,0.718
Activism Against Gender Based violence,051400100100,Ministry of Gender Affairs,12642600,STATE WIDE,23050101,RESEARCH AND DEVELOPMENT,71041,FAMILY AND CHILDREN,0.0,6000000.0,0.0,0.0,90,0.7198,0.726
Acquisition and modification of safe Home for stranded people and victims of Gender Based Violence,051400100100,Ministry of Gender Affairs,12642600,STATE WIDE,23010103,PURCHASE OF RESIDENTIAL BUILDINGS,70661,HOUSING AND COMMUNITY AMENITIES N.E.C.,0.0,15000000.0,0.0,5000000.0,90,0.7279,0.7425
Construction of women skill acquisition centre at Karbonde,051400100100,Ministry of Gender Affairs,12630400,BORGU,23020118,CONSTRUCTION / PROVISION OF INFRASTRUCTURE,71041,FAMILY AND CHILDREN,0.0,200000000.0,20000.0,200000000.0,90,0.7435,0.7578
"purchase of 10no. Mechanical crushers, 10no. Ovens, and 10no.Hydraulic pressers for Women in Shea Butter bussiness at Kaliko",051400100100,Ministry of Gender Affairs,12632500,WUSHISHI,23010129,PURCHASE OF INDUSTRIAL EQUIPMENT,71051,UNEMPLOYMENT,0.0,3070000000.0,41076310.0,150000000.0,90,0.7623,0.7768
"i. NUT.5. SBCC Conduct sensitization visit to 8 Emirate Council on the inportance of Girl Child Education, Adolesent nutrition and end Child Marriage",051400100100,Ministry of Gender Affairs,12642600,STATE WIDE,23050101,RESEARCH AND DEVELOPMENT,71041,FAMILY AND CHILDREN,5000000.0,1000000.0,0.0,4000000.0,90,0.781,0.804
"ii. NUT.5.5 SBCC Production and airing of Radio jingles in four Languages (English, Hausa, Nupe, Gbagyi)in 6 radio stations on the inportance of Girl Child Education, AdolesentProduction and airing of Radio jingles in four Languages (English, Hausa, Nupe, Gbagyi)in 6",051400100100,Ministry of Gender Affairs,12642600,STATE WIDE,23050101,RESEARCH AND DEVELOPMENT,71041,FAMILY AND CHILDREN,0.0,1000000.0,0.0,2000000.0,91,0.1373,0.168
"radio stations on the inportance of Girl Child Education, Adolesent Completion of Fencing of Permanent Remand Home Land, Kontagora",051400100100,Ministry of Gender Affairs,12631000,KONTAGORA,23020102,CONSTRUCTION / PROVISION OF RESIDENTIAL BUILDINGS,71041,FAMILY AND CHILDREN,0.0,15000000.0,0.0,0.0,91,0.1699,0.1942
"Construction of Permanent Remand Home, Kontagora (Phase 1)",051400100100,Ministry of Gender Affairs,12631000,KONTAGORA,23020102,CONSTRUCTION / PROVISION OF RESIDENTIAL BUILDINGS,71041,FAMILY AND CHILDREN,0.0,300000000.0,0.0,200000000.0,91,0.1953,0.2095
Purchase of Land for Permanent Remand Home Minna,051400100100,Ministry of Gender Affairs,12621600,CHANCHAGA,23010101,PURCHASE / ACQUISITION OF LAND,71041,FAMILY AND CHILDREN,15000000.0,60000000.0,0.0,40000000.0,91,0.2116,0.2176
Purchase of Land for Permanent Remand Home Suleja,051400100100,Ministry of Gender Affairs,12622300,SULEJA,23010101,PURCHASE / ACQUISITION OF LAND,71041,FAMILY AND CHILDREN,0.0,100000000.0,0.0,20000000.0,91,0.2206,0.2268
"Purchase of 4no. Designer machines for Bida, Minna and Kontagora remand homes",051400100100,Ministry of Gender Affairs,12642600,STATE WIDE,23010130,PURCHASE OF RECREATIONAL FACILITIES,71041,FAMILY AND CHILDREN,713483002.26,2000000.0,0.0,3000000.0,91,0.2288,0.2433
Fencing of Permanent remand home land Bida,051400100100,Ministry of Gender Affairs,12642600,STATE WIDE,23020102,CONSTRUCTION / PROVISION OF RESIDENTIAL BUILDINGS,71041,FAMILY AND CHILDREN,0.0,80000000.0,0.0,10000000.0,91,0.2443,0.2585
Equiping and furnishing of Area Social Walfare Office Minna,051400100100,Ministry of Gender Affairs,12621600,CHANCHAGA,23010112,PURCHASE OF OFFICE FURNITURE AND FITTINGS,71091,SOCIAL PROTECTION N.E.C.,0.0,8000000.0,0.0,7000000.0,91,0.259,0.2738
Fencing and Renovation of Area Office Bida,051400100100,Ministry of Gender Affairs,12642600,STATE WIDE,23030121,REHABILITATION / REPAIRS OF OFFICE BUILDINGS,70131,GENERAL PERSONNEL SERVICES,0.0,50000000.0,0.0,30000000.0,91,0.2745,0.2891
Renovation of area social welfare centre Suleja,051400100100,Ministry of Gender Affairs,12622300,SULEJA,23030121,REHABILITATION / REPAIRS OF OFFICE BUILDINGS,71041,FAMILY AND CHILDREN,0.0,20000000.0,0.0,20000000.0,91,0.29,0.3044
Repairs of New Orphanage Home At Chanchaga Minna,051400100100,Ministry of Gender Affairs,12621600,CHANCHAGA,23030101,REHABILITATION / REPAIRS OF RESIDENTIAL BUILDING,71041,FAMILY AND CHILDREN,0.0,6000000.0,0.0,10000000.0,91,0.3056,0.3197
Acquisition and Fencing of Orphanage Land at Suleja (Phase 1),051400100100,Ministry of Gender Affairs,12622300,SULEJA,23010101,PURCHASE / ACQUISITION OF LAND,71041,FAMILY AND CHILDREN,0.0,30000000.0,0.0,10000000.0,91,0.3219,0.3278
Equipping of the existing Day Care centers at the New secretariate & Family Support Programme FSP Minna,051400100100,Ministry of Gender Affairs,12621600,CHANCHAGA,23010112,PURCHASE OF OFFICE FURNITURE AND FITTINGS,70161,GENERAL PUBLIC SERVICES N.E.C.,0.0,5000000.0,0.0,8000000.0,91,0.3301,0.3442
Establishment of 2 additional Day care centres at New & old secretariate,051400100100,Ministry of Gender Affairs,12642600,STATE WIDE,23020101,CONSTRUCTION / PROVISION OF OFFICE BUILDINGS,71041,FAMILY AND CHILDREN,0.0,5000000.0,0.0,0.0,91,0.3448,0.3595
Construction of detarchable Children's Paliament Chamber At Chanchaga,051400100100,Ministry of Gender Affairs,12621600,CHANCHAGA,23020101,CONSTRUCTION / PROVISION OF OFFICE BUILDINGS,71041,FAMILY AND CHILDREN,0.0,8000000.0,0.0,8000000.0,91,0.3603,0.3748
Renovation of existing classrooms and completion of 5no. Blocks of 4 classrooms at Family Support Programme,051400100100,Ministry of Gender Affairs,12642600,STATE WIDE,23030106,REHABILITATION / REPAIRS - PUBLIC SCHOOLS,71041,FAMILY AND CHILDREN,0.0,60000000.0,0.0,20000000.0,91,0.3758,0.3901
Establishment of sexual assault Referral centres in 8 LGAs,051400100100,Ministry of Gender Affairs,12642600,STATE WIDE,23020101,CONSTRUCTION / PROVISION OF OFFICE BUILDINGS,71041,FAMILY AND CHILDREN,0.0,45000000.0,0.0,30000000.0,91,0.3905,0.4054
Nutri:25 - Nutrition Activities for Women Across the State,051400100100,Ministry of Gender Affairs,12642600,STATE WIDE,23050101,RESEARCH AND DEVELOPMENT,71041,FAMILY AND CHILDREN,0.0,500000000.0,0.0,0.0,91,0.4069,0.4134
Construction of Old Orphanage to Old People's Home Phase 1,051400100100,Ministry of Gender Affairs,12642600,STATE WIDE,23020102,CONSTRUCTION / PROVISION OF RESIDENTIAL BUILDINGS,71021,OLD AGE,0.0,100000000.0,0.0,30000000.0,91,0.415,0.4299
"Acquisition of land, fencing and building of national senior citizen centre minna",051400100100,Ministry of Gender Affairs,12642600,STATE WIDE,23010101,PURCHASE / ACQUISITION OF LAND,71021,OLD AGE,0.0,20000000.0,0.0,10000000.0,91,0.4306,0.4452
iii. Provision of 80nos Mini Sewing and 50nos.knitting Machines for female graduates from correctional homes in Niger State,051400100100,Ministry of Gender Affairs,12642600,STATE WIDE,23010129,PURCHASE OF INDUSTRIAL EQUIPMENT,71041,FAMILY AND CHILDREN,0.0,0.0,0.0,10000000.0,91,0.4461,0.4605
iii.NUT.2. CP.Establish 3 new creches I (1 in each block at Abdulkarim Lafene Secretariat) and upgrading of existing 1 creches to promote exclusive breast feeding and complementary feeding,051400100100,Ministry of Gender Affairs,12642600,STATE WIDE,23030118,REHABILITATION / REPAIRS - RECREATIONAL FACILITIES,71041,FAMILY AND CHILDREN,0.0,0.0,0.0,10000000.0,91,0.4649,0.4874
"iii. Fencing and Renovation of Area Offices, Kontagora",051400100100,Ministry of Gender Affairs,12642600,STATE WIDE,23030121,REHABILITATION / REPAIRS OF OFFICE BUILDINGS,71041,FAMILY AND CHILDREN,0.0,0.0,0.0,30000000.0,91,0.4918,0.5062
Renovation of Temporarily Acquired Shelter for Abused Children in the State.,051400400100,Child Right Agency,12642600,STATE WIDE,23030101,REHABILITATION / REPAIRS OF RESIDENTIAL BUILDING,71041,FAMILY AND CHILDREN,3000000.0,4000000.0,0.0,13000000.0,91,0.5074,0.5215
Provision of Costumes and Support to abused Children during festivities in the State,051400400100,Child Right Agency,12642600,STATE WIDE,23010130,PURCHASE OF RECREATIONAL FACILITIES,71041,FAMILY AND CHILDREN,3000000.0,4000000.0,0.0,2000000.0,91,0.5221,0.5368
"Provision and distribution of 250nos text books, 1000nos exercise books to Support Abused Children in the state",051400400100,Child Right Agency,12642600,STATE WIDE,23010124,PURCHASE OF TEACHING / LEARNING AID EQUIPMENT,71041,FAMILY AND CHILDREN,4500000.0,5000000.0,0.0,2000000.0,91,0.5376,0.5521
Purchase of 4no Motorcycles for Field Workers of the Agency,051400400100,Child Right Agency,12621600,CHANCHAGA,23010104,PURCHASE MOTOR CYCLES,70131,GENERAL PERSONNEL SERVICES,3000000.0,6000000.0,0.0,4000000.0,91,0.5539,0.5601
Purchase of 2no. Laptop and 2 No. Desktop Computers,051400400100,Child Right Agency,12621600,CHANCHAGA,23010113,PURCHASE OF COMPUTERS,70131,GENERAL PERSONNEL SERVICES,1500000.0,6000000.0,0.0,2000000.0,91,0.5629,0.5693
Renovation of 10no. Offices at Child Right Agency,051400400100,Child Right Agency,12621600,CHANCHAGA,23030121,REHABILITATION / REPAIRS OF OFFICE BUILDINGS,70131,GENERAL PERSONNEL SERVICES,10000000.0,5000000.0,0.0,7000000.0,91,0.5711,0.5858
"Completion of Government Science College (GSC), Baro",051700100100,Ministry of Basic & Secondary Education,12610900,KATCHA,23020107,CONSTRUCTION / PROVISION OF PUBLIC SCHOOLS,70922,UPPER-SECONDARY EDUCATION,200000000.0,352879067.88,0.0,352879068.0,91,0.5866,0.6011
"Completion of Government Secondary School (GSS), Tegina",051700100100,Ministry of Basic & Secondary Education,12622000,RAFI,23020107,CONSTRUCTION / PROVISION OF PUBLIC SCHOOLS,70922,UPPER-SECONDARY EDUCATION,0.0,412414005.42,0.0,412414005.42,91,0.6021,0.6164
"Completion of Muazu Ibrahim Commercial Sec. Sch. (MICSS), Kontagora",051700100100,Ministry of Basic & Secondary Education,12631000,KONTAGORA,23020107,CONSTRUCTION / PROVISION OF PUBLIC SCHOOLS,70922,UPPER-SECONDARY EDUCATION,0.0,83146875.23,0.0,83146875.23,91,0.6168,0.6317
"Construction of Sick Bay and Mosque at GSS,Baro",051700100100,Ministry of Basic & Secondary Education,12610900,KATCHA,23020107,CONSTRUCTION / PROVISION OF PUBLIC SCHOOLS,70922,UPPER-SECONDARY EDUCATION,0.0,18850500.0,0.0,18850500.0,91,0.6324,0.647
"Construction of Library and Additional Work at GSS,Baro",051700100100,Ministry of Basic & Secondary Education,12610900,KATCHA,23030106,REHABILITATION / REPAIRS - PUBLIC SCHOOLS,70922,UPPER-SECONDARY EDUCATION,0.0,77605053.0,0.0,77605053.0,91,0.6479,0.6623
"Completion of Whole SchoolApproach: Renovation at ABSS, Minna",051700100100,Ministry of Basic & Secondary Education,12621600,CHANCHAGA,23030106,REHABILITATION / REPAIRS - PUBLIC SCHOOLS,70922,UPPER-SECONDARY EDUCATION,0.0,352262614.0,0.0,500666666.0,91,0.6634,0.6776
"Water Reticulation at MBGSC, Minna, GSC, Izom, MICSS, Kontagora,",051700100100,Ministry of Basic & Secondary Education,12631000,KONTAGORA,23030106,REHABILITATION / REPAIRS - PUBLIC SCHOOLS,70922,UPPER-SECONDARY EDUCATION,100000000.0,79000000.0,0.0,79000000.0,91,0.6781,0.6929
Remodeling of an existing structure as Ware house beside Father O- Conell Science College Minna.,051700100100,Ministry of Basic & Secondary Education,12621600,CHANCHAGA,23020107,CONSTRUCTION / PROVISION OF PUBLIC SCHOOLS,70131,GENERAL PERSONNEL SERVICES,0.0,218377615.0,0.0,218377615.0,91,0.6936,0.7082
"Supply of Enterprenueship items and equipment: Sewing Machines, Tiling/Catering Equipment, Phones repairs/ Satelite Equipment Welding/ Fabrication tools and other Mechanical Tools",051700100100,Ministry of Basic & Secondary Education,12621600,CHANCHAGA,23050108,Skills Acquisition,70471,"DISTRIBUTIVE TRADE, STORAGE AND WAREHOUSING",400000000.0,1000000000.0,0.0,518717110.97,91,0.7124,0.735
Support to safe Schools Programme,051700100100,Ministry of Basic & Secondary Education,12642600,STATE WIDE,23050101,RESEARCH AND DEVELOPMENT,70131,GENERAL PERSONNEL SERVICES,0.0,80000000.0,0.0,200000000.0,91,0.7394,0.7538
Provision of digital register for Teaching and non teaching staff,051700100100,Ministry of Basic & Secondary Education,12642600,STATE WIDE,23010124,PURCHASE OF TEACHING / LEARNING AID EQUIPMENT,70131,GENERAL PERSONNEL SERVICES,4186066.7,150000000.0,0.0,150000000.0,91,0.7549,0.7691
"Provision of 8,000 students double seater",051700100100,Ministry of Basic & Secondary Education,12642600,STATE WIDE,23010112,PURCHASE OF OFFICE FURNITURE AND FITTINGS,70131,GENERAL PERSONNEL SERVICES,150000000.0,1320000000.0,272142722.93,820000000.0,91,0.7696,0.7844
"Provision of School records books register, drawing board, sets of drawing instrument and diaries, Maps, Globes, Bell, Charts, Bulleting Boards e.t.c",051700100100,Ministry of Basic & Secondary Education,12642600,STATE WIDE,23010124,PURCHASE OF TEACHING / LEARNING AID EQUIPMENT,70922,UPPER-SECONDARY EDUCATION,150000000.0,350000000.0,0.0,350000000.0,91,0.7851,0.8078
"Provision of 3,000 unit of whilte board size 170 x180 and accessories",051700100100,Ministry of Basic & Secondary Education,12642600,STATE WIDE,23010124,PURCHASE OF TEACHING / LEARNING AID EQUIPMENT,70922,UPPER-SECONDARY EDUCATION,100000000.0,440535000.0,0.0,440535000.0,91,0.808,0.8227
"Provision of 65,000 copies of Textbooks for 13no. Subjects",051700100100,Ministry of Basic & Secondary Education,12642600,STATE WIDE,23010124,PURCHASE OF TEACHING / LEARNING AID EQUIPMENT,70141,BASIC RESEARCH,0.0,250475000.0,0.0,250475000.0,91,0.8235,0.838
Support improvement to Basic & secondary education opportunities for the girl child. (AGILE) (World Bank Loan),051700100100,Ministry of Basic & Secondary Education,12621600,CHANCHAGA,23050108,Skills Acquisition,70141,BASIC RESEARCH,0.0,16752012694.44,7552196400.0,50337168767.65,92,0.1348,0.1489
"Complete Renovation of GSS, Ibbi",051700100100,Ministry of Basic & Secondary Education,12611700,MOKOWA,23030106,REHABILITATION / REPAIRS - PUBLIC SCHOOLS,70922,UPPER-SECONDARY EDUCATION,100000000.0,485229108.5,0.0,485229108.5,92,0.1495,0.1642
"Complete Renovation of GSC, Kagara",051700100100,Ministry of Basic & Secondary Education,12622000,RAFI,23030106,REHABILITATION / REPAIRS - PUBLIC SCHOOLS,70922,UPPER-SECONDARY EDUCATION,10832104466.35,472875397.86,0.0,0.0,92,0.165,0.1795
"Complete Renovation of GSS, Doko",051700100100,Ministry of Basic & Secondary Education,12611200,LAVUN,23030106,REHABILITATION / REPAIRS - PUBLIC SCHOOLS,70922,UPPER-SECONDARY EDUCATION,141123600.0,850000000.01,0.0,550000000.01,92,0.1806,0.1948
"Complete Renovation of GSS, Suleja",051700100100,Ministry of Basic & Secondary Education,12622300,SULEJA,23030106,REHABILITATION / REPAIRS - PUBLIC SCHOOLS,70922,UPPER-SECONDARY EDUCATION,200000000.0,889778965.32,0.0,689778965.32,92,0.1953,0.2101
Complete Renovation of GSC Wushishi,051700100100,Ministry of Basic & Secondary Education,12632500,WUSHISHI,23030106,REHABILITATION / REPAIRS - PUBLIC SCHOOLS,70922,UPPER-SECONDARY EDUCATION,400000000.0,529663785.32,0.0,491580011.32,92,0.2108,0.2254
"Complete Renovation of GDSS, Eyagi-Bida",051700100100,Ministry of Basic & Secondary Education,12610300,BIDA,23030106,REHABILITATION / REPAIRS - PUBLIC SCHOOLS,70922,UPPER-SECONDARY EDUCATION,0.0,356414223.23,0.0,356414223.23,92,0.2263,0.2407
"Supply of 6,000 mattresses and pillows",051700100100,Ministry of Basic & Secondary Education,12642600,STATE WIDE,23010130,PURCHASE OF RECREATIONAL FACILITIES,70131,GENERAL PERSONNEL SERVICES,0.0,291600000.0,0.0,291600000.0,92,0.2418,0.256
"Procurement and distribution of 5,000 tablets to public Schools",051700100100,Ministry of Basic & Secondary Education,12642600,STATE WIDE,23010124,PURCHASE OF TEACHING / LEARNING AID EQUIPMENT,70461,COMMUNICATION,0.0,750000000.0,0.0,550000000.0,92,0.2565,0.2713
"Provision of 100,000 Uniform to Public School Students",051700100100,Ministry of Basic & Secondary Education,12642600,STATE WIDE,23010124,PURCHASE OF TEACHING / LEARNING AID EQUIPMENT,70131,GENERAL PERSONNEL SERVICES,127930518.8,1000000000.0,618937841.3,500000000.0,92,0.2721,0.2866
Renovation and furnishing of area Offices of NSQASASs,051700100100,Ministry of Basic & Secondary Education,12642600,STATE WIDE,23030121,REHABILITATION / REPAIRS OF OFFICE BUILDINGS,70133,OTHER GENERAL SERVICES,0.0,475000000.0,0.0,475000000.0,92,0.2876,0.3019
Documentation and tittle deed survey of Public Secondary School in Niger State,051700100100,Ministry of Basic & Secondary Education,12642600,STATE WIDE,23050101,RESEARCH AND DEVELOPMENT,70133,OTHER GENERAL SERVICES,0.0,120000000.0,0.0,120000000.0,92,0.3023,0.3172
"Supply of 10,000 carton of chalk to Public Secondary Schools in the State",051700100100,Ministry of Basic & Secondary Education,12642600,STATE WIDE,23010124,PURCHASE OF TEACHING / LEARNING AID EQUIPMENT,70133,OTHER GENERAL SERVICES,0.0,80000000.0,0.0,80000000.0,92,0.3178,0.3325
Furmigation of 57 Public boarding Schools,051700100100,Ministry of Basic & Secondary Education,12642600,STATE WIDE,23020107,CONSTRUCTION / PROVISION OF PUBLIC SCHOOLS,70922,UPPER-SECONDARY EDUCATION,0.0,85000000.0,0.0,85000000.0,92,0.3333,0.3478
"Phase 1:Construction of fields,Track Volleyball and Basket Ball court in 6 secondary schools and supply of other sporting facilities",051700100100,Ministry of Basic & Secondary Education,12642600,STATE WIDE,23020112,CONSTRUCTION / PROVISION OF SPORTING FACILITIES,70133,OTHER GENERAL SERVICES,0.0,250813676.0,0.0,0.0,92,0.3489,0.3631
Repairs of storm damaged structure in 50 Schools,051700100100,Ministry of Basic & Secondary Education,12642600,STATE WIDE,23030106,REHABILITATION / REPAIRS - PUBLIC SCHOOLS,70133,OTHER GENERAL SERVICES,0.0,100000000.0,0.0,150000000.0,92,0.3636,0.3784
Rehabilitation 3 Blocks of classroom at Government Science secondary school Gidan Kwanu,051700100100,Ministry of Basic & Secondary Education,12621600,CHANCHAGA,23030106,REHABILITATION / REPAIRS - PUBLIC SCHOOLS,70133,OTHER GENERAL SERVICES,0.0,56000000.0,0.0,56000000.0,92,0.3791,0.3936
Procurement of Mobile Science Kits to 200 Science Schools across the state,051700100100,Ministry of Basic & Secondary Education,12642600,STATE WIDE,23010124,PURCHASE OF TEACHING / LEARNING AID EQUIPMENT,70133,OTHER GENERAL SERVICES,0.0,156200000.0,0.0,182750000.0,92,0.3946,0.4089
"Supply of Science equipment and reagents for Physics, Chemistry and",051700100100,Ministry of Basic & Secondary Education,12642600,STATE WIDE,23010125,PURCHASE OF LIBRARY BOOKS & EQUIPMENT,70133,OTHER GENERAL SERVICES,0.0,300000000.0,0.0,300000000.0,92,0.4101,0.4242
Engagement of 300 Public Secondary Schools in STEAM Agro- Education,051700100100,Ministry of Basic & Secondary Education,12642600,STATE WIDE,23050101,RESEARCH AND DEVELOPMENT,70133,OTHER GENERAL SERVICES,0.0,58027550.0,0.0,200000000.0,92,0.4248,0.4395
"Whole School Development Approach: Renovation of Government Technical & Vocational College, Minna",051700100100,Ministry of Basic & Secondary Education,12621600,CHANCHAGA,23030106,REHABILITATION / REPAIRS - PUBLIC SCHOOLS,70922,UPPER-SECONDARY EDUCATION,0.0,500000000.0,0.0,500000000.0,92,0.4404,0.4548
"Whole School Development Approach: Renovation of Government Technical & Vocational College, Eyagi, Bida",051700100100,Ministry of Basic & Secondary Education,12610300,BIDA,23030106,REHABILITATION / REPAIRS - PUBLIC SCHOOLS,70922,UPPER-SECONDARY EDUCATION,0.0,760453486.58,0.0,760453486.0,92,0.4559,0.4701
"Whole School Development Approach: Renovation of Government Technical & Vocational College,Jebba North",051700100100,Ministry of Basic & Secondary Education,12630400,BORGU,23030106,REHABILITATION / REPAIRS - PUBLIC SCHOOLS,70922,UPPER-SECONDARY EDUCATION,0.0,450000000.0,0.0,450000000.0,92,0.4706,0.4854
"Whole School Development Approach: Renovation of Government Technical & Vocational College, Sabon Bwari",051700100100,Ministry of Basic & Secondary Education,12622400,TAFA,23030106,REHABILITATION / REPAIRS - PUBLIC SCHOOLS,70922,UPPER-SECONDARY EDUCATION,0.0,600000000.0,0.0,600000000.0,92,0.4861,0.5007
"Whole School Development Approach: Renovation of Suleman Barau Technical & Vocational College, Suleja",051700100100,Ministry of Basic & Secondary Education,12622300,SULEJA,23030106,REHABILITATION / REPAIRS - PUBLIC SCHOOLS,70922,UPPER-SECONDARY EDUCATION,0.0,750000000.0,0.0,750000000.0,92,0.5016,0.516
"Whole School Development Approach: Renovation of Government Technical & Vocational College, Kontagora",051700100100,Ministry of Basic & Secondary Education,12631000,KONTAGORA,23030106,REHABILITATION / REPAIRS - PUBLIC SCHOOLS,70922,UPPER-SECONDARY EDUCATION,0.0,600000000.0,0.0,600000000.0,92,0.5172,0.5313
"Whole School Development Approach: Renovation of Government Technical & Vocational College, Rijau",051700100100,Ministry of Basic & Secondary Education,12632100,RIJAU,23030106,REHABILITATION / REPAIRS - PUBLIC SCHOOLS,70922,UPPER-SECONDARY EDUCATION,0.0,500000000.0,0.0,500000000.0,92,0.5319,0.5466
"Whole School Development Approach: enovation of Government Technical College, New-Bussa",051700100100,Ministry of Basic & Secondary Education,12630400,BORGU,23030106,REHABILITATION / REPAIRS - PUBLIC SCHOOLS,70922,UPPER-SECONDARY EDUCATION,0.0,500000000.0,0.0,500000000.0,92,0.5474,0.5619
Accreditation of courses of Technical & Vocational Colleges,051700100100,Ministry of Basic & Secondary Education,12642600,STATE WIDE,23050101,RESEARCH AND DEVELOPMENT,70131,GENERAL PERSONNEL SERVICES,0.0,125875780.0,0.0,125875780.0,92,0.5629,0.5772
Supply of tools and Equipments for workshops,051700100100,Ministry of Basic & Secondary Education,12642600,STATE WIDE,23010124,PURCHASE OF TEACHING / LEARNING AID EQUIPMENT,70133,OTHER GENERAL SERVICES,0.0,1580000000.0,0.0,0.0,92,0.5776,0.5925
"Whole School Development Approach: Renovation of Government Technical and Vocational College, Pandogari",051700100100,Ministry of Basic & Secondary Education,12622000,RAFI,23030106,REHABILITATION / REPAIRS - PUBLIC SCHOOLS,70922,UPPER-SECONDARY EDUCATION,0.0,400000000.0,0.0,400000000.0,92,0.5931,0.6078
Construction of perimeter fence at Education Resource Centre,051700100100,Ministry of Basic & Secondary Education,12621600,CHANCHAGA,23020118,CONSTRUCTION / PROVISION OF INFRASTRUCTURE,70133,OTHER GENERAL SERVICES,0.0,87093681.88,0.0,97093682.0,92,0.6087,0.6231
Renovation of Examination centre at ERC,051700100100,Ministry of Basic & Secondary Education,12621600,CHANCHAGA,23030106,REHABILITATION / REPAIRS - PUBLIC SCHOOLS,70131,GENERAL PERSONNEL SERVICES,0.0,79625000.0,0.0,0.0,92,0.6242,0.6384
Renovation of 10no. offices and 2 halls,051700100100,Ministry of Basic & Secondary Education,12621600,CHANCHAGA,23030121,REHABILITATION / REPAIRS OF OFFICE BUILDINGS,70131,GENERAL PERSONNEL SERVICES,0.0,77682452.0,0.0,87682452.0,92,0.6389,0.6536
Sensitization and Promotion of Girl child education (UNICEF),051700100100,Ministry of Basic & Secondary Education,12621600,CHANCHAGA,23050101,RESEARCH AND DEVELOPMENT,70131,GENERAL PERSONNEL SERVICES,0.0,305407527.0,0.0,0.0,92,0.6544,0.6689
Complete Renovation of GGSS Old Airport Minna,051700100100,Ministry of Basic & Secondary Education,12621600,CHANCHAGA,23030106,REHABILITATION / REPAIRS - PUBLIC SCHOOLS,70922,UPPER-SECONDARY EDUCATION,0.0,0.0,0.0,872875398.0,92,0.6699,0.6842
Construction of CBT Centres in the 3 Senatorial Zones,051700100100,Ministry of Basic & Secondary Education,12642600,STATE WIDE,23020127,CONSTRUCTION OF ICT INFRASTRUCTURES,70922,UPPER-SECONDARY EDUCATION,0.0,0.0,0.0,320000000.0,92,0.6846,0.6995
"Provision of 50no. Adaptive computers, 20no. Braille machines and 50no. Hearing aids for Special Schools",051700100100,Ministry of Basic & Secondary Education,12621600,CHANCHAGA,23010124,PURCHASE OF TEACHING / LEARNING AID EQUIPMENT,70922,UPPER-SECONDARY EDUCATION,0.0,0.0,0.0,150000000.0,92,0.7002,0.7148
"Provision of 20no. Adaptive swings, 20no wheel chairs and 10no sensory toys for Special Schools",051700100100,Ministry of Basic & Secondary Education,12621600,CHANCHAGA,23030118,REHABILITATION / REPAIRS - RECREATIONAL FACILITIES,70922,UPPER-SECONDARY EDUCATION,0.0,0.0,0.0,100000000.0,92,0.7157,0.7301
Renovation of 2 Schools Per Zone With Accessibility Features,051700100100,Ministry of Basic & Secondary Education,12642600,STATE WIDE,23030106,REHABILITATION / REPAIRS - PUBLIC SCHOOLS,70922,UPPER-SECONDARY EDUCATION,0.0,0.0,0.0,150000000.0,92,0.7312,0.7454
ii.Nigeria Learning Passport and Safe School Initiative (UNICEF) installation of routers to 50 selected schools across the state,051700100100,Ministry of Basic & Secondary Education,12642600,STATE WIDE,23020127,CONSTRUCTION OF ICT INFRASTRUCTURES,70922,UPPER-SECONDARY EDUCATION,0.0,0.0,0.0,105000000.0,92,0.7459,0.7607
i. UBEC Intervention on Construction/Rehabilitation of Schools,051700300100,State Universal Education Board-SUBEB,12621600,CHANCHAGA,23050101,RESEARCH AND DEVELOPMENT,70133,OTHER GENERAL SERVICES,1750000000.0,20000000.0,16428389.61,18500000.0,92,0.7614,0.776
ii. Renovation and Furnishing of Offices at SUBEB Office Minna,051700300100,State Universal Education Board-SUBEB,12621600,CHANCHAGA,23020102,CONSTRUCTION / PROVISION OF RESIDENTIAL BUILDINGS,70133,OTHER GENERAL SERVICES,0.0,15000000.0,16428389.61,20000000.0,92,0.777,0.7913
iii. Emergency Renovation of Some Selected Schools in the State in the 3 Senatorial Zones in the State,051700300100,State Universal Education Board-SUBEB,12621600,CHANCHAGA,23030106,REHABILITATION / REPAIRS - PUBLIC SCHOOLS,70133,OTHER GENERAL SERVICES,0.0,15000000.0,16428389.61,10500000.0,92,0.7925,0.8066
"iv. Construction of Classrooms, Laboratories, Mosque and Domitories at Bida, Kagara, Maikunkele and Kontagora (IDB)",051700300100,State Universal Education Board-SUBEB,12621600,CHANCHAGA,23020107,CONSTRUCTION / PROVISION OF PUBLIC SCHOOLS,70133,OTHER GENERAL SERVICES,1150000000.0,1329190000.0,1306818626.0,11000000.0,92,0.8072,0.8219
"Renovation of Junior Secondary School Doko, Lavun LGA",051700300100,State Universal Education Board-SUBEB,12611200,LAVUN,23030106,REHABILITATION / REPAIRS - PUBLIC SCHOOLS,70921,LOWER SECONDARY EDUCATION,0.0,435000000.0,100000000.0,870000000.0,92,0.8227,0.8372
Construction of Block of Three Classroom With Office at Enagi Primary School,051700300100,State Universal Education Board-SUBEB,12610600,EDATI,23020107,CONSTRUCTION / PROVISION OF PUBLIC SCHOOLS,70912,PRIMARY EDUCATION,0.0,300000000.0,200000000.0,600000000.0,93,0.1348,0.1489
"Renovation of a Block of Four Classroam Eppa Primary School, Makwa LGA.",051700300100,State Universal Education Board-SUBEB,12611700,MOKOWA,23030106,REHABILITATION / REPAIRS - PUBLIC SCHOOLS,70912,PRIMARY EDUCATION,0.0,330000000.0,300000000.0,660000000.0,93,0.1495,0.1642
"Rehabilition of junior schondary school batati, Gbako LGA",051700300100,State Universal Education Board-SUBEB,12610700,GBAKO,23030106,REHABILITATION / REPAIRS - PUBLIC SCHOOLS,70921,LOWER SECONDARY EDUCATION,0.0,560789000.0,500000000.0,1121578000.0,93,0.165,0.1795
Provision of 7000no. Desk and Chairs in Primary Schools at wushishi,051700300100,State Universal Education Board-SUBEB,12632500,WUSHISHI,23020107,CONSTRUCTION / PROVISION OF PUBLIC SCHOOLS,70912,PRIMARY EDUCATION,0.0,441279000.0,410000000.0,882558000.0,93,0.1806,0.1948
"Construction of 2Block of 3Classroams at Jipo Primary School, Agaie LGA",051700300100,State Universal Education Board-SUBEB,12610100,AGAIE,23020107,CONSTRUCTION / PROVISION OF PUBLIC SCHOOLS,70912,PRIMARY EDUCATION,0.0,670000000.0,560000000.0,740000000.0,93,0.1953,0.2101
"Renovation of Junior Secondary School Diko, Gurara LGA",051700300100,State Universal Education Board-SUBEB,12620800,GURARA,23030106,REHABILITATION / REPAIRS - PUBLIC SCHOOLS,70921,LOWER SECONDARY EDUCATION,0.0,457600000.0,400000000.0,915200000.0,93,0.2108,0.2254
"Renovation of Azhi -Bisa Junior secondary School, Tafa LGA",051700300100,State Universal Education Board-SUBEB,12622400,TAFA,23030106,REHABILITATION / REPAIRS - PUBLIC SCHOOLS,70921,LOWER SECONDARY EDUCATION,0.0,411000000.0,400000000.0,1300000000.0,93,0.2263,0.2407
"Construction of 2no. Classroam and 1no. Office at JSS Dogon Kurmi, Tafa LGA",051700300100,State Universal Education Board-SUBEB,12622400,TAFA,23020107,CONSTRUCTION / PROVISION OF PUBLIC SCHOOLS,70921,LOWER SECONDARY EDUCATION,0.0,650000000.0,500000000.0,822000000.0,93,0.2418,0.256
"Renovation of Junior Secondary School Erena, Shiroro LGA",051700300100,State Universal Education Board-SUBEB,12622200,SHIRORO,23030106,REHABILITATION / REPAIRS - PUBLIC SCHOOLS,70921,LOWER SECONDARY EDUCATION,0.0,450000000.0,390000000.0,900000000.0,93,0.2565,0.2713
"Construction of Additional 3no. Classroam at Pandogari Primary Schoo , Rafi LGA",051700300100,State Universal Education Board-SUBEB,12622000,RAFI,23020107,CONSTRUCTION / PROVISION OF PUBLIC SCHOOLS,70912,PRIMARY EDUCATION,0.0,430000000.0,400000000.0,860000000.0,93,0.2721,0.2866
"Renovation and Fancing of Junior Secondary School Igade, Mashegu LGA",051700300100,State Universal Education Board-SUBEB,12631500,MASHEGU,23030106,REHABILITATION / REPAIRS - PUBLIC SCHOOLS,70921,LOWER SECONDARY EDUCATION,0.0,405000000.0,390000000.0,1120000000.0,93,0.2876,0.3019
"Construction of 2Block of Classroam at Sabongarin Ushe, Rijau LGA",051700300100,State Universal Education Board-SUBEB,12632100,RIJAU,23020107,CONSTRUCTION / PROVISION OF PUBLIC SCHOOLS,70912,PRIMARY EDUCATION,0.0,560000000.0,500000000.0,810000000.0,93,0.3023,0.3172
"Renovation of Busuru primary school, Agwara LGA",051700300100,State Universal Education Board-SUBEB,12630200,AGWARA,23030106,REHABILITATION / REPAIRS - PUBLIC SCHOOLS,70912,PRIMARY EDUCATION,0.0,370000000.0,310000000.0,1340000000.0,93,0.3178,0.3325
"Rehabilition of junior schondary school Gufanti, Borgu LGA",051700300100,State Universal Education Board-SUBEB,12630400,BORGU,23030106,REHABILITATION / REPAIRS - PUBLIC SCHOOLS,70921,LOWER SECONDARY EDUCATION,0.0,450000000.0,400000000.0,900000000.0,93,0.3333,0.3478
"Renovation and Furnishing of a Block of Class at JSS Yangalu, Magama LGA",051700300100,State Universal Education Board-SUBEB,12631300,MAGAMA,23030106,REHABILITATION / REPAIRS - PUBLIC SCHOOLS,70921,LOWER SECONDARY EDUCATION,0.0,380000000.0,300000000.0,929649670.22,93,0.3489,0.3631
"Purchase of Title 2no. Book Shelves,50 Reading Tables and Chairs",051700400100,Niger State Library Board,12642600,STATE WIDE,23010125,PURCHASE OF LIBRARY BOOKS & EQUIPMENT,70961,SUBSIDIARY SERVICES TO EDUCATION,0.0,15000000.0,0.0,50000000.0,93,0.3636,0.3784
Purchase of 5000no. Text Books and 1000no. Journals for the State Library,051700400100,Niger State Library Board,12642600,STATE WIDE,23010125,PURCHASE OF LIBRARY BOOKS & EQUIPMENT,70961,SUBSIDIARY SERVICES TO EDUCATION,0.0,35000000.0,0.0,0.0,93,0.3791,0.3936
Renovation of dr. Imam Library complex Minna,051700400100,Niger State Library Board,12642600,STATE WIDE,23030121,REHABILITATION / REPAIRS OF OFFICE BUILDINGS,70971,R & D EDUCATION,0.0,0.0,0.0,750000000.0,93,0.3946,0.4089
Ugrading of Vocational Training Centres in Bida,051700500100,State Agency for Mass Education,12610300,BIDA,23030106,REHABILITATION / REPAIRS - PUBLIC SCHOOLS,70922,UPPER-SECONDARY EDUCATION,0.0,150798000.0,0.0,60000000.0,93,0.4101,0.4242
Ugrading of Vocational Training Centres in Suleja,051700500100,State Agency for Mass Education,12631000,KONTAGORA,23030106,REHABILITATION / REPAIRS - PUBLIC SCHOOLS,70922,UPPER-SECONDARY EDUCATION,0.0,75000000.0,0.0,90000000.0,93,0.4248,0.4395
"Supply of 2nos executive table and chairs, 20nos tables and chairs at Agaie Wings of the Institute",051700700100,Teachers Professional Development Institute,12610100,AGAIE,23010112,PURCHASE OF OFFICE FURNITURE AND FITTINGS,70941,FIRST STAGE OF TERTIARY EDUCATION,0.0,125000000.0,0.0,200000000.0,93,0.4404,0.4548
"Supply of 2nos executive table and chairs, 20nos tables and chairs at Nassarawa Kainji Wings of the Institute",051700700100,Teachers Professional Development Institute,12631300,MAGAMA,23010112,PURCHASE OF OFFICE FURNITURE AND FITTINGS,70941,FIRST STAGE OF TERTIARY EDUCATION,150000000.0,125000000.0,0.0,0.0,93,0.4559,0.4701
i. Purchase of 3no. Core i7 HP Laptops,051705800100,Book Development Agency,12642600,STATE WIDE,23010113,PURCHASE OF COMPUTERS,70133,OTHER GENERAL SERVICES,0.0,4000000.0,0.0,5000000.0,93,0.4722,0.4782
ii. Purchase of 3no motor cycles and Books for Hawker Scheme,051705800100,Book Development Agency,12642600,STATE WIDE,23010104,PURCHASE MOTOR CYCLES,70133,OTHER GENERAL SERVICES,0.0,6000000.0,0.0,10000000.0,93,0.4812,0.4874
"Improvement of Maternal, Adolecent and Child Nutrition",052100100100,Ministry of Primary Health Care,12642600,STATE WIDE,23020116,CONSTRUCTION / PROVISION OF WATER-WAYS,70133,OTHER GENERAL SERVICES,0.0,260000000.0,0.0,0.0,93,0.4894,0.5038
"Digital Health: Procurement of 50no Laptops and Tablets, Installation of Digital EMR for 25 General Hospitals and Digital Diagonistic Equipment",052100100100,Ministry of Primary Health Care,12642600,STATE WIDE,23010106,PURCHASE OF VANS,70741,PUBLIC HEALTH SERVICES,0.0,499776000.0,0.0,0.0,93,0.5041,0.5272
Construction/Provision of new Office Building for Health Insurance Agency,052100200100,Niger State Contributory Health Scheme Agency,12642600,STATE WIDE,23020106,CONSTRUCTION / PROVISION OF HOSPITALS / HEALTH CENTRES,70722,SPECIALIZED MEDICAL SERVICES,0.0,300000000.0,0.0,40000000.0,93,0.5278,0.5421
Purchase of 15 SeaterConfrence table and executive tables and Chairs for the Agency,052100200100,Niger State Contributory Health Scheme Agency,12642600,STATE WIDE,23010112,PURCHASE OF OFFICE FURNITURE AND FITTINGS,70722,SPECIALIZED MEDICAL SERVICES,0.0,150000000.0,0.0,30000000.0,93,0.5425,0.5574
Design/Construction/Deployment of ICT Infrastructure,052100200100,Niger State Contributory Health Scheme Agency,12642600,STATE WIDE,23020127,CONSTRUCTION OF ICT INFRASTRUCTURES,70722,SPECIALIZED MEDICAL SERVICES,0.0,50000000.0,0.0,30000000.0,93,0.558,0.5727
Development of Data base/ Web page for health Insurance scheme,052100200100,Niger State Contributory Health Scheme Agency,12642600,STATE WIDE,23020127,CONSTRUCTION OF ICT INFRASTRUCTURES,70722,SPECIALIZED MEDICAL SERVICES,0.0,120000000.0,0.0,0.0,93,0.5735,0.588
Nutri- 25 Enrolment into State Health Insurance for Women and Children Across the 25 LGAs,052100200100,Niger State Contributory Health Scheme Agency,12642600,STATE WIDE,23050101,RESEARCH AND DEVELOPMENT,70722,SPECIALIZED MEDICAL SERVICES,0.0,500000000.0,0.0,0.0,93,0.5891,0.6033
Construction of 2no Zonal Vaccine Cold Store at Bida and Kontagora,052100300100,Primary Health Care Development Agency,12642600,STATE WIDE,23020106,CONSTRUCTION / PROVISION OF HOSPITALS / HEALTH CENTRES,70721,GENERAL MEDICAL SERVICES,3500000000.0,310000000.0,300000000.0,0.0,93,0.6038,0.6185
"puchade of 10no. stryker hospital bed,6no. Avastonic bladder scanner forMinna PHC's Emergency Operation Centre",052100300100,Primary Health Care Development Agency,12642600,STATE WIDE,23010112,PURCHASE OF OFFICE FURNITURE AND FITTINGS,70721,GENERAL MEDICAL SERVICES,6165000000.0,92000000.0,80000000.0,0.0,93,0.6193,0.6338
Purchase of 3no Normadic Health Vehicles,052100300100,Primary Health Care Development Agency,12642600,STATE WIDE,23010105,PURCHASE OF MOTOR VEHICLES,70721,GENERAL MEDICAL SERVICES,0.0,750000000.0,700000000.0,0.0,93,0.6348,0.6491
Purchase of Vaccines for Epidemic Emergency Response,052100300100,Primary Health Care Development Agency,12642600,STATE WIDE,23010122,PURCHASE OF HEALTH / MEDICAL EQUIPMENT,70721,GENERAL MEDICAL SERVICES,350000000.0,238000000.0,200000000.0,0.0,93,0.6503,0.6644
Purchase of Vaccines for the Coverage of 5 Round Immunization Campaign,052100300100,Primary Health Care Development Agency,12642600,STATE WIDE,23010122,PURCHASE OF HEALTH / MEDICAL EQUIPMENT,70711,PHARMACEUTICAL PRODUCTS,0.0,325000000.0,300000000.0,854000000.0,93,0.665,0.6797
Nomadic Mobile Health Services Across the State,052100300100,Primary Health Care Development Agency,12642600,STATE WIDE,23010105,PURCHASE OF MOTOR VEHICLES,70721,GENERAL MEDICAL SERVICES,24000000.0,375000000.0,320000000.0,0.0,93,0.6806,0.695
"purchase of strilised gloves, clamp, gauze pads and delivery mat for Safe Motherhood",052100300100,Primary Health Care Development Agency,12642600,STATE WIDE,23010122,PURCHASE OF HEALTH / MEDICAL EQUIPMENT,70761,HEALTH N.E.C.,0.0,180000000.0,150000000.0,0.0,93,0.6961,0.7103
"Purchase of 100no. Oral contraceptive pill, 50. implants, 80 no. injectable, 100no. Patches and uterine devices for Family Planning",052100300100,Primary Health Care Development Agency,12642600,STATE WIDE,23010122,PURCHASE OF HEALTH / MEDICAL EQUIPMENT,70711,PHARMACEUTICAL PRODUCTS,500000000.0,120000000.0,96226829.73,0.0,93,0.7149,0.7293
sensitization on Adolesent Health,052100300100,Primary Health Care Development Agency,12642600,STATE WIDE,23050101,RESEARCH AND DEVELOPMENT,70722,SPECIALIZED MEDICAL SERVICES,400000000.0,120000000.0,100000000.0,0.0,93,0.7337,0.7485
"purchase of 2000no. BCG vaccine, 1000no. HEPB vaccine and 5000NO RV vaccine Immunization",052100300100,Primary Health Care Development Agency,12642600,STATE WIDE,23010122,PURCHASE OF HEALTH / MEDICAL EQUIPMENT,70711,PHARMACEUTICAL PRODUCTS,400000000.0,240000000.0,220000000.0,0.0,93,0.7492,0.7638
Maternal Neonatal Child Health Week,052100300100,Primary Health Care Development Agency,12642600,STATE WIDE,23050101,RESEARCH AND DEVELOPMENT,70722,SPECIALIZED MEDICAL SERVICES,0.0,180000000.0,160000000.0,0.0,93,0.7647,0.7791
Drug Revolving: Conduct of Monitoring and Supervision on the Activities of Drug Revolving Committees Across the State,052100300100,Primary Health Care Development Agency,12642600,STATE WIDE,23050103,MONITORING AND EVALUATION,70711,PHARMACEUTICAL PRODUCTS,0.0,100000000.0,80000000.0,0.0,93,0.7802,0.7944
Sensitization on Environmental Health,052100300100,Primary Health Care Development Agency,12642600,STATE WIDE,23040105,WATER POLLUTION PREVENTION & CONTROL,70761,HEALTH N.E.C.,0.0,90000000.0,70000000.0,0.0,93,0.7949,0.8097
Integrated Management of Child Illness,052100300100,Primary Health Care Development Agency,12642600,STATE WIDE,23050101,RESEARCH AND DEVELOPMENT,70721,GENERAL MEDICAL SERVICES,0.0,120000000.0,110000000.0,0.0,93,0.8105,0.825
"Support to health promotion (UNICEF):Water, Sanitation & Hygiene (WASH) Promotion",052100300100,Primary Health Care Development Agency,12642600,STATE WIDE,23050101,RESEARCH AND DEVELOPMENT,70721,GENERAL MEDICAL SERVICES,0.0,120000000.0,110000000.0,215898000.0,93,0.826,0.8403
Community HIV and OVC Programme,052100300100,Primary Health Care Development Agency,12642600,STATE WIDE,23050101,RESEARCH AND DEVELOPMENT,70721,GENERAL MEDICAL SERVICES,0.0,80000000.0,70000000.0,0.0,94,0.1348,0.1489
Community Health Influenzer Promoters and Services,052100300100,Primary Health Care Development Agency,12642600,STATE WIDE,23050101,RESEARCH AND DEVELOPMENT,70721,GENERAL MEDICAL SERVICES,0.0,100000000.0,90000000.0,0.0,94,0.1495,0.1642
Purchase of 30no Samsung Galaxy Phones for Ward Health Promotion Officers Across the State,052100300100,Primary Health Care Development Agency,12642600,STATE WIDE,23010122,PURCHASE OF HEALTH / MEDICAL EQUIPMENT,70721,GENERAL MEDICAL SERVICES,0.0,60000000.0,10000000.0,0.0,94,0.165,0.1795
Basic Health Provision Fund (BHCPF): FGN Grant for Provisoin of minimum package of Health Service & Fiscal Space for PHCs,052100300100,Primary Health Care Development Agency,12642600,STATE WIDE,23050101,RESEARCH AND DEVELOPMENT,70721,GENERAL MEDICAL SERVICES,0.0,1937217707.81,1500000000.0,1346360928.02,94,0.1806,0.1948
Puchase of 3no. dedicated cold chain fridge bundle 80litre capacity for Routine Immunization and Governance (UNICEF),052100300100,Primary Health Care Development Agency,12642600,STATE WIDE,23010122,PURCHASE OF HEALTH / MEDICAL EQUIPMENT,70721,GENERAL MEDICAL SERVICES,0.0,551510500.0,450000000.0,5756096700.0,94,0.1953,0.2101
Control of Malaria through Immunization (Malaria Consortium),052100300100,Primary Health Care Development Agency,12642600,STATE WIDE,23050103,MONITORING AND EVALUATION,70721,GENERAL MEDICAL SERVICES,0.0,860000000.0,800000000.0,0.0,94,0.2108,0.2254
"NUT: 3 Provision of Basic Nutrition to Children, Pregnant and Lactating Mothers ANRiN",052100300100,Primary Health Care Development Agency,12642600,STATE WIDE,23050103,MONITORING AND EVALUATION,70711,PHARMACEUTICAL PRODUCTS,0.0,876888039.0,582442026.0,1190238050.0,94,0.2263,0.2407
Routine Immunization and Governance (UNICEF),052100300100,Primary Health Care Development Agency,12642600,STATE WIDE,23050103,MONITORING AND EVALUATION,70711,PHARMACEUTICAL PRODUCTS,0.0,114500000.0,0.0,0.0,94,0.2418,0.256
Improvement on the Provision of Health Services and Good Governance (GAVI/UNICEF),052100300100,Primary Health Care Development Agency,12642600,STATE WIDE,23050101,RESEARCH AND DEVELOPMENT,70711,PHARMACEUTICAL PRODUCTS,0.0,1167000000.0,1139886446.56,0.0,94,0.2565,0.2713
Support to Nutrition (USAID) Maternal and Newborn Child and health services,052100300100,Primary Health Care Development Agency,12642600,STATE WIDE,23050101,RESEARCH AND DEVELOPMENT,70711,PHARMACEUTICAL PRODUCTS,0.0,1250000000.0,349600000.0,600000000.0,94,0.2721,0.2866
i. Remodelling of Makwalla Primary Health Care Center,052100300100,Primary Health Care Development Agency,12610300,BIDA,23030105,REHABILITATION / REPAIRS - HOSPITAL / HEALTH CENTRES,70741,PUBLIC HEALTH SERVICES,0.0,0.0,0.0,380000000.0,94,0.2876,0.3019
i. Remodelling of Ebo Primary Health Care Center,052100300100,Primary Health Care Development Agency,12611100,LAPAI,23030105,REHABILITATION / REPAIRS - HOSPITAL / HEALTH CENTRES,70741,PUBLIC HEALTH SERVICES,0.0,0.0,0.0,380000000.0,94,0.3023,0.3172
iii. Remodelling of Baddegi Primary Health Care Center,052100300100,Primary Health Care Development Agency,12610300,BIDA,23030105,REHABILITATION / REPAIRS - HOSPITAL / HEALTH CENTRES,70741,PUBLIC HEALTH SERVICES,0.0,0.0,0.0,380000000.0,94,0.3178,0.3325
iv. Remodelling of Sabon Wuse Primary Health Care Center,052100300100,Primary Health Care Development Agency,12622400,TAFA,23030105,REHABILITATION / REPAIRS - HOSPITAL / HEALTH CENTRES,70741,PUBLIC HEALTH SERVICES,0.0,0.0,0.0,380000000.0,94,0.3333,0.3478
v. Remodelling of Muregi Primary Health Care Center,052100300100,Primary Health Care Development Agency,12611700,MOKOWA,23030105,REHABILITATION / REPAIRS - HOSPITAL / HEALTH CENTRES,70741,PUBLIC HEALTH SERVICES,0.0,0.0,0.0,380000000.0,94,0.3489,0.3631
vi. Remodelling of Edokota Primary Health Care Center,052100300100,Primary Health Care Development Agency,12610700,GBAKO,23030105,REHABILITATION / REPAIRS - HOSPITAL / HEALTH CENTRES,70741,PUBLIC HEALTH SERVICES,0.0,0.0,0.0,380000000.0,94,0.3636,0.3784
vii. Remodelling of Maitumbi Primary Health Care Center,052100300100,Primary Health Care Development Agency,12620500,BOSSO,23030105,REHABILITATION / REPAIRS - HOSPITAL / HEALTH CENTRES,70741,PUBLIC HEALTH SERVICES,0.0,0.0,0.0,380000000.0,94,0.3791,0.3936
viii. Remodelling of Galla Primary Health Care Center,052100300100,Primary Health Care Development Agency,12611100,LAPAI,23030105,REHABILITATION / REPAIRS - HOSPITAL / HEALTH CENTRES,70741,PUBLIC HEALTH SERVICES,0.0,0.0,0.0,380000000.0,94,0.3946,0.4089
ix. Remodelling of Ija Gbagi Primary Health Care Center,052100300100,Primary Health Care Development Agency,12622400,TAFA,23030105,REHABILITATION / REPAIRS - HOSPITAL / HEALTH CENTRES,70741,PUBLIC HEALTH SERVICES,0.0,0.0,0.0,380000000.0,94,0.4101,0.4242
x. Remodelling of Kuchi Primary Health Care Center,052100300100,Primary Health Care Development Agency,12611200,LAVUN,23030105,REHABILITATION / REPAIRS - HOSPITAL / HEALTH CENTRES,70741,PUBLIC HEALTH SERVICES,0.0,0.0,0.0,380000000.0,94,0.4248,0.4395
xi. Remodelling of S/Gari Ushe Primary Health Care Center,052100300100,Primary Health Care Development Agency,12632100,RIJAU,23030105,REHABILITATION / REPAIRS - HOSPITAL / HEALTH CENTRES,70741,PUBLIC HEALTH SERVICES,0.0,0.0,0.0,380000000.0,94,0.4404,0.4548
xii. Remodelling of Nassarawa Primary Health Care Center,052100300100,Primary Health Care Development Agency,12631300,MAGAMA,23030105,REHABILITATION / REPAIRS - HOSPITAL / HEALTH CENTRES,70741,PUBLIC HEALTH SERVICES,0.0,0.0,0.0,380000000.0,94,0.4559,0.4701
xiii. Remodelling of WambaPrimary Health Care Center,052100300100,Primary Health Care Development Agency,12631400,MARIGA,23030105,REHABILITATION / REPAIRS - HOSPITAL / HEALTH CENTRES,70741,PUBLIC HEALTH SERVICES,0.0,0.0,0.0,380000000.0,94,0.4706,0.4854
xiv. Remodelling of Kaboji Comprehensive Primary Health Care Center,052100300100,Primary Health Care Development Agency,12631500,MASHEGU,23030105,REHABILITATION / REPAIRS - HOSPITAL / HEALTH CENTRES,70741,PUBLIC HEALTH SERVICES,0.0,0.0,0.0,380000000.0,94,0.4861,0.5007
xv. Remodelling of Konkoso Primary Health Care Center,052100300100,Primary Health Care Development Agency,12630400,BORGU,23030105,REHABILITATION / REPAIRS - HOSPITAL / HEALTH CENTRES,70741,PUBLIC HEALTH SERVICES,0.0,0.0,0.0,380000000.0,94,0.5016,0.516
xvi. Remodelling of Lokogoma Primary Health Care Center,052100300100,Primary Health Care Development Agency,12632500,WUSHISHI,23030105,REHABILITATION / REPAIRS - HOSPITAL / HEALTH CENTRES,70741,PUBLIC HEALTH SERVICES,0.0,0.0,0.0,380000000.0,94,0.5172,0.5313
xvii. Remodelling of Gbadafu Primary Health Care Center,052100300100,Primary Health Care Development Agency,12610700,GBAKO,23030105,REHABILITATION / REPAIRS - HOSPITAL / HEALTH CENTRES,70741,PUBLIC HEALTH SERVICES,0.0,0.0,0.0,380000000.0,94,0.5319,0.5466
"xviii. Purchase of 20nos digital autra sound machines, 5no. Advanced digital X-ray machine for the centres",052100300100,Primary Health Care Development Agency,12642600,STATE WIDE,23010122,PURCHASE OF HEALTH / MEDICAL EQUIPMENT,70741,PUBLIC HEALTH SERVICES,0.0,0.0,0.0,1160000000.0,94,0.5474,0.5619
xix. Construction of First Floor of PHC Emergency Operation Center (EOC),052100300100,Primary Health Care Development Agency,12642600,STATE WIDE,23020106,CONSTRUCTION / PROVISION OF HOSPITALS / HEALTH CENTRES,70741,PUBLIC HEALTH SERVICES,0.0,0.0,0.0,198000000.0,94,0.5629,0.5772
"xx. Purchase of Executive Tables and Chairs, Conference Chairs and Tables, Visitors Chairs and Cabinets for EOC",052100300100,Primary Health Care Development Agency,12621600,CHANCHAGA,23010112,PURCHASE OF OFFICE FURNITURE AND FITTINGS,70741,PUBLIC HEALTH SERVICES,0.0,0.0,0.0,44000000.0,94,0.5776,0.5925
"xxi. Purchase of 4n0s HP Desktop Computers, and 10nos Laptops",052100300100,Primary Health Care Development Agency,12621600,CHANCHAGA,23010113,PURCHASE OF COMPUTERS,70741,PUBLIC HEALTH SERVICES,0.0,0.0,0.0,31000000.0,94,0.5931,0.6078
xxii. Procurement of 3no 4 Wheel Drive Toyota Hilux,052100300100,Primary Health Care Development Agency,12621600,CHANCHAGA,23010105,PURCHASE OF MOTOR VEHICLES,70741,PUBLIC HEALTH SERVICES,0.0,0.0,0.0,256000000.0,94,0.6087,0.6231
"xxiii. Purchase of Electronic Medical Records Equipment, Data Analysis Platforms and Digital Tools for Survelance",052100300100,Primary Health Care Development Agency,12621600,CHANCHAGA,23010122,PURCHASE OF HEALTH / MEDICAL EQUIPMENT,70741,PUBLIC HEALTH SERVICES,0.0,0.0,0.0,51000000.0,94,0.6242,0.6384
Construction of PHC at Bororoko in Agaie LGA,052100300100,Primary Health Care Development Agency,12610100,AGAIE,23020106,CONSTRUCTION / PROVISION OF HOSPITALS / HEALTH CENTRES,70741,PUBLIC HEALTH SERVICES,0.0,200000000.0,0.0,0.0,94,0.6389,0.6536
Construction of PHC at Busuru in Agwara LGA,052100300100,Primary Health Care Development Agency,12630200,AGWARA,23020106,CONSTRUCTION / PROVISION OF HOSPITALS / HEALTH CENTRES,70741,PUBLIC HEALTH SERVICES,0.0,200000000.0,0.0,0.0,94,0.6544,0.6689
"Construction of PHC at Kabe, Borgu LG",052100300100,Primary Health Care Development Agency,12630400,BORGU,23020106,CONSTRUCTION / PROVISION OF HOSPITALS / HEALTH CENTRES,70741,PUBLIC HEALTH SERVICES,0.0,200000000.0,0.0,0.0,94,0.6699,0.6842
"Construction of PHC at Kampala, Bosso LG",052100300100,Primary Health Care Development Agency,12620500,BOSSO,23020106,CONSTRUCTION / PROVISION OF HOSPITALS / HEALTH CENTRES,70741,PUBLIC HEALTH SERVICES,0.0,200000000.0,0.0,0.0,94,0.6846,0.6995
"Construction of PHC Center at 123 Quarters, Chanchaga",052100300100,Primary Health Care Development Agency,12621600,CHANCHAGA,23020106,CONSTRUCTION / PROVISION OF HOSPITALS / HEALTH CENTRES,70741,PUBLIC HEALTH SERVICES,0.0,200000000.0,0.0,0.0,94,0.7002,0.7148
"Construction of PHC at Lambata, Gurara LGA",052100300100,Primary Health Care Development Agency,12620800,GURARA,23020106,CONSTRUCTION / PROVISION OF HOSPITALS / HEALTH CENTRES,70741,PUBLIC HEALTH SERVICES,0.0,200000000.0,0.0,0.0,94,0.7157,0.7301
"Construction of PHC at Dzwafu, Katcha LGA",052100300100,Primary Health Care Development Agency,12610900,KATCHA,23020106,CONSTRUCTION / PROVISION OF HOSPITALS / HEALTH CENTRES,70741,PUBLIC HEALTH SERVICES,0.0,200000000.0,0.0,0.0,94,0.7312,0.7454
"Construction of PHC Center at Nagwamatse, Kontagora LG",052100300100,Primary Health Care Development Agency,12631000,KONTAGORA,23020106,CONSTRUCTION / PROVISION OF HOSPITALS / HEALTH CENTRES,70741,PUBLIC HEALTH SERVICES,0.0,200000000.0,0.0,0.0,94,0.7459,0.7607
"Construction of PHC Center at Lioji, Kontagora LG",052100300100,Primary Health Care Development Agency,12631000,KONTAGORA,23020106,CONSTRUCTION / PROVISION OF HOSPITALS / HEALTH CENTRES,70741,PUBLIC HEALTH SERVICES,0.0,200000000.0,0.0,0.0,94,0.7614,0.776
"Construction of PHC at Gupa, Lapai LGA",052100300100,Primary Health Care Development Agency,12611100,LAPAI,23020106,CONSTRUCTION / PROVISION OF HOSPITALS / HEALTH CENTRES,70741,PUBLIC HEALTH SERVICES,0.0,200000000.0,0.0,0.0,94,0.777,0.7913
"Construction of PHC at Ndaruka, Lavun LGA",052100300100,Primary Health Care Development Agency,12611200,LAVUN,23020106,CONSTRUCTION / PROVISION OF HOSPITALS / HEALTH CENTRES,70741,PUBLIC HEALTH SERVICES,0.0,200000000.0,0.0,0.0,94,0.7925,0.8066
"Construction of PHC at Sabon Madina, Lavun LGA",052100300100,Primary Health Care Development Agency,12611200,LAVUN,23020106,CONSTRUCTION / PROVISION OF HOSPITALS / HEALTH CENTRES,70741,PUBLIC HEALTH SERVICES,0.0,200000000.0,0.0,0.0,94,0.8072,0.8219
"Construction of PHC at Magamam Daji, Magama LGA",052100300100,Primary Health Care Development Agency,12631300,MAGAMA,23020106,CONSTRUCTION / PROVISION OF HOSPITALS / HEALTH CENTRES,70741,PUBLIC HEALTH SERVICES,0.0,200000000.0,0.0,0.0,94,0.8227,0.8372
"Construction of PHC at Maburiya Daji, Mariga LGA",052100300100,Primary Health Care Development Agency,12631400,MARIGA,23020106,CONSTRUCTION / PROVISION OF HOSPITALS / HEALTH CENTRES,70741,PUBLIC HEALTH SERVICES,0.0,200000000.0,0.0,0.0,95,0.1348,0.1489
"Construction of Kasanga PHC , Mashegu LGA",052100300100,Primary Health Care Development Agency,12631500,MASHEGU,23020106,CONSTRUCTION / PROVISION OF HOSPITALS / HEALTH CENTRES,70741,PUBLIC HEALTH SERVICES,0.0,200000000.0,0.0,0.0,95,0.1495,0.1642
"Construction of BHC at Muregi, Mokwa LGA",052100300100,Primary Health Care Development Agency,12611700,MOKOWA,23020106,CONSTRUCTION / PROVISION OF HOSPITALS / HEALTH CENTRES,70741,PUBLIC HEALTH SERVICES,0.0,200000000.0,0.0,0.0,95,0.165,0.1795
"Construction of PHC at Dandaudu, Munya LGA",052100300100,Primary Health Care Development Agency,12621800,MUNYA,23020106,CONSTRUCTION / PROVISION OF HOSPITALS / HEALTH CENTRES,70741,PUBLIC HEALTH SERVICES,0.0,200000000.0,0.0,0.0,95,0.1806,0.1948
"Construction of PHC Center at Ishau, Paikoro LGA",052100300100,Primary Health Care Development Agency,12621900,PAIKORO,23020106,CONSTRUCTION / PROVISION OF HOSPITALS / HEALTH CENTRES,70741,PUBLIC HEALTH SERVICES,0.0,200000000.0,0.0,0.0,95,0.1953,0.2101
"Construction of PHC Center at Chimbi, Paikoro LGA",052100300100,Primary Health Care Development Agency,12621900,PAIKORO,23020106,CONSTRUCTION / PROVISION OF HOSPITALS / HEALTH CENTRES,70741,PUBLIC HEALTH SERVICES,0.0,200000000.0,0.0,0.0,95,0.2108,0.2254
"Construction of PHC Center at Madaka, Rafi LGA",052100300100,Primary Health Care Development Agency,12622000,RAFI,23020106,CONSTRUCTION / PROVISION OF HOSPITALS / HEALTH CENTRES,70741,PUBLIC HEALTH SERVICES,0.0,200000000.0,0.0,0.0,95,0.2263,0.2407
Construction of Kwana PHC Center in Rafi LGA,052100300100,Primary Health Care Development Agency,12622000,RAFI,23020106,CONSTRUCTION / PROVISION OF HOSPITALS / HEALTH CENTRES,70741,PUBLIC HEALTH SERVICES,0.0,200000000.0,0.0,0.0,95,0.2418,0.256
Construction of Benu BHC in Rijau LGA,052100300100,Primary Health Care Development Agency,12632100,RIJAU,23020106,CONSTRUCTION / PROVISION OF HOSPITALS / HEALTH CENTRES,70741,PUBLIC HEALTH SERVICES,0.0,200000000.0,0.0,0.0,95,0.2565,0.2713
Construction of PHC at Hadari Mamman in Rijau LGA,052100300100,Primary Health Care Development Agency,12632100,RIJAU,23020106,CONSTRUCTION / PROVISION OF HOSPITALS / HEALTH CENTRES,70741,PUBLIC HEALTH SERVICES,0.0,200000000.0,0.0,0.0,95,0.2721,0.2866
Construction of PHC at Emog in Rijau LGA,052100300100,Primary Health Care Development Agency,12632100,RIJAU,23020106,CONSTRUCTION / PROVISION OF HOSPITALS / HEALTH CENTRES,70741,PUBLIC HEALTH SERVICES,0.0,200000000.0,0.0,0.0,95,0.2876,0.3019
"Construction of Erena PHC Center, Shiroro LGA",052100300100,Primary Health Care Development Agency,12622200,SHIRORO,23020106,CONSTRUCTION / PROVISION OF HOSPITALS / HEALTH CENTRES,70741,PUBLIC HEALTH SERVICES,0.0,200000000.0,0.0,0.0,95,0.3023,0.3172
"Construction of Gusoro PHC Center, Shiroro LGA",052100300100,Primary Health Care Development Agency,12622200,SHIRORO,23020106,CONSTRUCTION / PROVISION OF HOSPITALS / HEALTH CENTRES,70741,PUBLIC HEALTH SERVICES,0.0,200000000.0,0.0,0.0,95,0.3178,0.3325
"Construction of Kwaki PHC Center, Shiroro LGA",052100300100,Primary Health Care Development Agency,12622200,SHIRORO,23020106,CONSTRUCTION / PROVISION OF HOSPITALS / HEALTH CENTRES,70741,PUBLIC HEALTH SERVICES,0.0,200000000.0,0.0,0.0,95,0.3333,0.3478
"Construction of PHC at Angwa Tudu, Suleja LGA",052100300100,Primary Health Care Development Agency,12622300,SULEJA,23020106,CONSTRUCTION / PROVISION OF HOSPITALS / HEALTH CENTRES,70741,PUBLIC HEALTH SERVICES,0.0,200000000.0,0.0,0.0,95,0.3489,0.3631
"Construction of Tungan Sayadi PHC Center, Wushishi LGA",052100300100,Primary Health Care Development Agency,12632500,WUSHISHI,23020106,CONSTRUCTION / PROVISION OF HOSPITALS / HEALTH CENTRES,70741,PUBLIC HEALTH SERVICES,0.0,200000000.0,0.0,0.0,95,0.3636,0.3784
"Construction of PHC Center at Chiji, Mokwa LGA",052100300100,Primary Health Care Development Agency,12611700,MOKOWA,23020106,CONSTRUCTION / PROVISION OF HOSPITALS / HEALTH CENTRES,70741,PUBLIC HEALTH SERVICES,0.0,200000000.0,0.0,0.0,95,0.3791,0.3936
"Upgrading of Ekosa PHC, Agaie LG",052100300100,Primary Health Care Development Agency,12610100,AGAIE,23030105,REHABILITATION / REPAIRS - HOSPITAL / HEALTH CENTRES,70741,PUBLIC HEALTH SERVICES,0.0,100000000.0,0.0,0.0,95,0.3946,0.4089
"Renovation of N/Abubakar PHC Center, Bida",052100300100,Primary Health Care Development Agency,12610300,BIDA,23030105,REHABILITATION / REPAIRS - HOSPITAL / HEALTH CENTRES,70741,PUBLIC HEALTH SERVICES,0.0,100000000.0,0.0,0.0,95,0.4101,0.4242
"Renovation of Laruta PHC Center, Bida",052100300100,Primary Health Care Development Agency,12610300,BIDA,23030105,REHABILITATION / REPAIRS - HOSPITAL / HEALTH CENTRES,70741,PUBLIC HEALTH SERVICES,0.0,100000000.0,0.0,0.0,95,0.4248,0.4395
"Renovation of Malale PHC Center, Borgu",052100300100,Primary Health Care Development Agency,12630400,BORGU,23030105,REHABILITATION / REPAIRS - HOSPITAL / HEALTH CENTRES,70741,PUBLIC HEALTH SERVICES,0.0,100000000.0,0.0,0.0,95,0.4404,0.4548
"Renovation of PHC Center at Dutsen Kura Gwari, Chanchaga LG",052100300100,Primary Health Care Development Agency,12621600,CHANCHAGA,23030105,REHABILITATION / REPAIRS - HOSPITAL / HEALTH CENTRES,70741,PUBLIC HEALTH SERVICES,0.0,100000000.0,0.0,0.0,95,0.4559,0.4701
"Renovation of Kafintela PHC Center, Chanchaga LG",052100300100,Primary Health Care Development Agency,12621600,CHANCHAGA,23030105,REHABILITATION / REPAIRS - HOSPITAL / HEALTH CENTRES,70741,PUBLIC HEALTH SERVICES,0.0,100000000.0,0.0,0.0,95,0.4706,0.4854
"Renovation of Bongi PHC Center, Edati LGA",052100300100,Primary Health Care Development Agency,12610600,EDATI,23030105,REHABILITATION / REPAIRS - HOSPITAL / HEALTH CENTRES,70741,PUBLIC HEALTH SERVICES,0.0,100000000.0,0.0,0.0,95,0.4861,0.5007
"Renovation of Etsu Audu PHC Center, Gbako LGA",052100300100,Primary Health Care Development Agency,12610700,GBAKO,23030105,REHABILITATION / REPAIRS - HOSPITAL / HEALTH CENTRES,70741,PUBLIC HEALTH SERVICES,0.0,100000000.0,0.0,0.0,95,0.5016,0.516
"Renovation of Somazhiko PHC Center, Gbako LGA",052100300100,Primary Health Care Development Agency,12610700,GBAKO,23030105,REHABILITATION / REPAIRS - HOSPITAL / HEALTH CENTRES,70741,PUBLIC HEALTH SERVICES,0.0,100000000.0,0.0,0.0,95,0.5172,0.5313
"Renovation of PHC Center at Bisanti, Katcha LGA",052100300100,Primary Health Care Development Agency,12610900,KATCHA,23030105,REHABILITATION / REPAIRS - HOSPITAL / HEALTH CENTRES,70741,PUBLIC HEALTH SERVICES,0.0,100000000.0,0.0,0.0,95,0.5319,0.5466
"Renovation of Tukura PHC Center, Kontagora LGA",052100300100,Primary Health Care Development Agency,12631000,KONTAGORA,23030105,REHABILITATION / REPAIRS - HOSPITAL / HEALTH CENTRES,70741,PUBLIC HEALTH SERVICES,0.0,100000000.0,0.0,0.0,95,0.5474,0.5619
"Renovation of Masha PHC Center, Kontagora LGA",052100300100,Primary Health Care Development Agency,12631000,KONTAGORA,23030105,REHABILITATION / REPAIRS - HOSPITAL / HEALTH CENTRES,70741,PUBLIC HEALTH SERVICES,0.0,100000000.0,0.0,0.0,95,0.5629,0.5772
"Renovation of Tungan Wawa PHC Center, Kontagora LGA",052100300100,Primary Health Care Development Agency,12631000,KONTAGORA,23030105,REHABILITATION / REPAIRS - HOSPITAL / HEALTH CENTRES,70741,PUBLIC HEALTH SERVICES,0.0,100000000.0,0.0,0.0,95,0.5776,0.5925
"Renovation of Evuti PHC Center, Lapai LG",052100300100,Primary Health Care Development Agency,12611100,LAPAI,23030105,REHABILITATION / REPAIRS - HOSPITAL / HEALTH CENTRES,70741,PUBLIC HEALTH SERVICES,0.0,100000000.0,0.0,0.0,95,0.5931,0.6078
"Renovation of Ma'Ali PHC Center, Lavun LG",052100300100,Primary Health Care Development Agency,12611200,LAVUN,23030105,REHABILITATION / REPAIRS - HOSPITAL / HEALTH CENTRES,70741,PUBLIC HEALTH SERVICES,0.0,100000000.0,0.0,0.0,95,0.6087,0.6231
"Renovation of Auna PHC Center, Magama LG",052100300100,Primary Health Care Development Agency,12631300,MAGAMA,23030105,REHABILITATION / REPAIRS - HOSPITAL / HEALTH CENTRES,70741,PUBLIC HEALTH SERVICES,0.0,100000000.0,0.0,0.0,95,0.6242,0.6384
"Renovation of T/Jika PHC Center, Magama LG",052100300100,Primary Health Care Development Agency,12631300,MAGAMA,23030105,REHABILITATION / REPAIRS - HOSPITAL / HEALTH CENTRES,70741,PUBLIC HEALTH SERVICES,0.0,100000000.0,0.0,0.0,95,0.6389,0.6536
"Renovation of K/Garba PHC Center, Mariga LG",052100300100,Primary Health Care Development Agency,12631400,MARIGA,23030105,REHABILITATION / REPAIRS - HOSPITAL / HEALTH CENTRES,70741,PUBLIC HEALTH SERVICES,0.0,100000000.0,0.0,0.0,95,0.6544,0.6689
"Renovation of Sabon Gari K/Koro PHC Center, Mariga LG",052100300100,Primary Health Care Development Agency,12631400,MARIGA,23030105,REHABILITATION / REPAIRS - HOSPITAL / HEALTH CENTRES,70741,PUBLIC HEALTH SERVICES,0.0,100000000.0,0.0,0.0,95,0.6699,0.6842
"Renovation of Kaboji PHC, Mashegu LG",052100300100,Primary Health Care Development Agency,12631500,MASHEGU,23030105,REHABILITATION / REPAIRS - HOSPITAL / HEALTH CENTRES,70741,PUBLIC HEALTH SERVICES,0.0,100000000.0,0.0,0.0,95,0.6846,0.6995
"Renovation of Kwatachi PHC, Mashegu LG",052100300100,Primary Health Care Development Agency,12631500,MASHEGU,23030105,REHABILITATION / REPAIRS - HOSPITAL / HEALTH CENTRES,70741,PUBLIC HEALTH SERVICES,0.0,100000000.0,0.0,0.0,95,0.7002,0.7148
"Renovation of FSP, Jebba in Mokwa LGA",052100300100,Primary Health Care Development Agency,12611700,MOKOWA,23030105,REHABILITATION / REPAIRS - HOSPITAL / HEALTH CENTRES,70741,PUBLIC HEALTH SERVICES,0.0,100000000.0,0.0,0.0,95,0.7157,0.7301
"Renovation of BHC, Kudu in Mokwa LGA",052100300100,Primary Health Care Development Agency,12611700,MOKOWA,23030105,REHABILITATION / REPAIRS - HOSPITAL / HEALTH CENTRES,70741,PUBLIC HEALTH SERVICES,0.0,100000000.0,0.0,0.0,95,0.7312,0.7454
"Renovation of Beni PHC Center, Munya LGA",052100300100,Primary Health Care Development Agency,12621800,MUNYA,23030105,REHABILITATION / REPAIRS - HOSPITAL / HEALTH CENTRES,70741,PUBLIC HEALTH SERVICES,0.0,100000000.0,0.0,0.0,95,0.7459,0.7607
"Renovation of Zazaga PHC Center, Munya LGA",052100300100,Primary Health Care Development Agency,12621800,MUNYA,23030105,REHABILITATION / REPAIRS - HOSPITAL / HEALTH CENTRES,70741,PUBLIC HEALTH SERVICES,0.0,100000000.0,0.0,0.0,95,0.7614,0.776
"Renovation of K/Koro PHC Center, Paikoro LGA",052100300100,Primary Health Care Development Agency,12621900,PAIKORO,23030105,REHABILITATION / REPAIRS - HOSPITAL / HEALTH CENTRES,70741,PUBLIC HEALTH SERVICES,0.0,100000000.0,0.0,0.0,95,0.777,0.7913
"Renovation of Tutungo PHC Center, Paikoro LGA",052100300100,Primary Health Care Development Agency,12621900,PAIKORO,23030105,REHABILITATION / REPAIRS - HOSPITAL / HEALTH CENTRES,70741,PUBLIC HEALTH SERVICES,0.0,100000000.0,0.0,0.0,95,0.7925,0.8066
"Renovation of Maikujeri PHC, Rafi LGA",052100300100,Primary Health Care Development Agency,12622000,RAFI,23030105,REHABILITATION / REPAIRS - HOSPITAL / HEALTH CENTRES,70741,PUBLIC HEALTH SERVICES,0.0,100000000.0,0.0,0.0,95,0.8072,0.8219
"Renovation of Kundu PHC, Rafi LGA",052100300100,Primary Health Care Development Agency,12622000,RAFI,23030105,REHABILITATION / REPAIRS - HOSPITAL / HEALTH CENTRES,70741,PUBLIC HEALTH SERVICES,0.0,100000000.0,0.0,0.0,95,0.8227,0.8372
"Renovation of PHC Tegina, Rafi LGA",052100300100,Primary Health Care Development Agency,12622000,RAFI,23030105,REHABILITATION / REPAIRS - HOSPITAL / HEALTH CENTRES,70741,PUBLIC HEALTH SERVICES,0.0,100000000.0,0.0,0.0,96,0.1348,0.1489
"Renovation of Yekila PHC Tegina, Rafi LGA",052100300100,Primary Health Care Development Agency,12622000,RAFI,23030105,REHABILITATION / REPAIRS - HOSPITAL / HEALTH CENTRES,70741,PUBLIC HEALTH SERVICES,0.0,100000000.0,0.0,0.0,96,0.1495,0.1642
"Renovation of MCH, Kuta in Shiroro LGA",052100300100,Primary Health Care Development Agency,12622200,SHIRORO,23030105,REHABILITATION / REPAIRS - HOSPITAL / HEALTH CENTRES,70741,PUBLIC HEALTH SERVICES,0.0,100000000.0,0.0,0.0,96,0.165,0.1795
Renovation of BCH Kalkogo in Shiroro LGA,052100300100,Primary Health Care Development Agency,12622200,SHIRORO,23030105,REHABILITATION / REPAIRS - HOSPITAL / HEALTH CENTRES,70741,PUBLIC HEALTH SERVICES,0.0,100000000.0,0.0,0.0,96,0.1806,0.1948
Renovation of PCH Kunu in Shiroro LGA,052100300100,Primary Health Care Development Agency,12622200,SHIRORO,23030105,REHABILITATION / REPAIRS - HOSPITAL / HEALTH CENTRES,70741,PUBLIC HEALTH SERVICES,0.0,100000000.0,0.0,0.0,96,0.1953,0.2101
Renovation of PCH Maikakaki in Shiroro LGA,052100300100,Primary Health Care Development Agency,12622200,SHIRORO,23030105,REHABILITATION / REPAIRS - HOSPITAL / HEALTH CENTRES,70741,PUBLIC HEALTH SERVICES,0.0,100000000.0,0.0,0.0,96,0.2108,0.2254
Renovation of PCH Pina in Shiroro LGA,052100300100,Primary Health Care Development Agency,12622200,SHIRORO,23030105,REHABILITATION / REPAIRS - HOSPITAL / HEALTH CENTRES,70741,PUBLIC HEALTH SERVICES,0.0,100000000.0,0.0,0.0,96,0.2263,0.2407
"Renovation of Kata Sarki PHC, Tafa LGA",052100300100,Primary Health Care Development Agency,12622400,TAFA,23030105,REHABILITATION / REPAIRS - HOSPITAL / HEALTH CENTRES,70741,PUBLIC HEALTH SERVICES,0.0,100000000.0,0.0,0.0,96,0.2418,0.256
"Renovation of Gauraka Model PHC, Tafa LGA",052100300100,Primary Health Care Development Agency,12622400,TAFA,23030105,REHABILITATION / REPAIRS - HOSPITAL / HEALTH CENTRES,70741,PUBLIC HEALTH SERVICES,0.0,100000000.0,0.0,0.0,96,0.2565,0.2713
"Renovation of Kanwuri PHC Center, Wushishi LGA",052100300100,Primary Health Care Development Agency,12632500,WUSHISHI,23030105,REHABILITATION / REPAIRS - HOSPITAL / HEALTH CENTRES,70741,PUBLIC HEALTH SERVICES,0.0,100000000.0,0.0,0.0,96,0.2721,0.2866
"Renovation of Kaliko Model PHC Center, Wushishi LGA",052100300100,Primary Health Care Development Agency,12632500,WUSHISHI,23030105,REHABILITATION / REPAIRS - HOSPITAL / HEALTH CENTRES,70741,PUBLIC HEALTH SERVICES,0.0,100000000.0,0.0,0.0,96,0.2876,0.3019
"Fencing of Basic Health Centre Pandogari i. Purchase of stainless steel mixing tankx3 unit,300kg electronic",052100300100,Primary Health Care Development Agency,12622000,RAFI,23020106,CONSTRUCTION / PROVISION OF HOSPITALS / HEALTH CENTRES,70741,PUBLIC HEALTH SERVICES,0.0,0.0,0.0,30000000.0,96,0.3023,0.3236
"flatform scalex2 unit,Analytical balancex2 unit, Digital weighing scalex2 unit, 33L Liquid Dispenser(viscous)x3 unit,Rblet testing machinex1 unit",052100400100,Drug & Hospital Consumable Management Agency,12642600,STATE WIDE,23010122,PURCHASE OF HEALTH / MEDICAL EQUIPMENT,70711,PHARMACEUTICAL PRODUCTS,0.0,0.0,0.0,210000000.0,96,0.3252,0.3484
"ii. Quality control lab equipment: Mixing Machine Blender, Spectrophotometer calibration kit, and Gas chromatography calibration kit",052100400100,Drug & Hospital Consumable Management Agency,12642600,STATE WIDE,23010122,PURCHASE OF HEALTH / MEDICAL EQUIPMENT,70711,PHARMACEUTICAL PRODUCTS,0.0,0.0,0.0,130000000.0,96,0.348,0.3709
"iii. Procurement of Raw and Packaging Materials: Methanol x1, Drumx, 100ml, spirit, 200ml Dimto Bottles, 1Litre Dishwash bootles and Others",052100400100,Drug & Hospital Consumable Management Agency,12642600,STATE WIDE,23010122,PURCHASE OF HEALTH / MEDICAL EQUIPMENT,70711,PHARMACEUTICAL PRODUCTS,0.0,0.0,0.0,110000000.0,96,0.3709,0.3938
"Planting and Two year Maintenance of 1,500,000 Ornamental Trees in Minna and metropolis",053500100100,Ministry of Environment,12642600,STATE WIDE,23040101,TREE PLANTING,70551,R & D ENVIRONMENTAL PROTECTION,0.0,510000000.0,0.0,900000000.0,96,0.3946,0.4087
"Re-Demarcation and Re-Beaconing of Bonu,Bosso, Kaliko Forest Reserves",053500100100,Ministry of Environment,12620500,BOSSO,23040103,WILDLIFE CONSERVATION,70422,FORESTRY,0.0,60000000.0,0.0,0.0,96,0.4093,0.424
Provision of office accomodation at Alawa game reserve,053500100100,Ministry of Environment,12611200,LAVUN,23040101,TREE PLANTING,70411,GENERAL ECONOMIC AND COMMERCIALAFFAIRS,0.0,60000000.0,0.0,0.0,96,0.4248,0.4393
Reforestation project of 100 Hectres of land in Udara Hill forest,053500100100,Ministry of Environment,12642600,STATE WIDE,23040101,TREE PLANTING,70551,R & D ENVIRONMENTAL PROTECTION,0.0,90000000.0,0.0,0.0,96,0.4404,0.4546
"Disiltation of Mega Drainage Systems and Waterways at Kontagora, Bida, Suleja and New-Bussa",053500100100,Ministry of Environment,12642600,STATE WIDE,23040102,EROSION & FLOOD CONTROL,70451,ROAD TRANSPORT,0.0,190000000.0,0.0,100000000.0,96,0.4551,0.4699
Ecological Survey of Erosion Sites Across the State,053500100100,Ministry of Environment,12642600,STATE WIDE,23040102,EROSION & FLOOD CONTROL,70451,ROAD TRANSPORT,0.0,50000000.0,0.0,100000000.0,96,0.4714,0.478
Erosion Control and Agro Climatic Activities (ACReSAL) at Mokwa,053500100100,Ministry of Environment,12611700,MOKOWA,23040102,EROSION & FLOOD CONTROL,70451,ROAD TRANSPORT,0.0,26820000000.0,3983200000.0,6667425000.0,96,0.4812,0.4872
"Erosion Control and Management Work Behind FUT, Minna(World Bank Loan)",053500100100,Ministry of Environment,12621600,CHANCHAGA,23040102,EROSION & FLOOD CONTROL,70451,ROAD TRANSPORT,0.0,6600000000.0,0.0,2225390000.0,96,0.4894,0.5036
Procurement and installation of 1no Automated flood early warning system,053500100100,Ministry of Environment,12621600,CHANCHAGA,23020116,CONSTRUCTION / PROVISION OF WATER-WAYS,70451,ROAD TRANSPORT,0.0,130000000.0,0.0,200000000.0,96,0.5041,0.5189
Procurement and installation of Automated Weather station,053500100100,Ministry of Environment,12621600,CHANCHAGA,23010133,PURCHASES OF SURVEYING EQUIPMENT,70451,ROAD TRANSPORT,0.0,120000000.0,0.0,0.0,96,0.5196,0.5342
Construction of 2no Blocks of 4no Public toilet in Minna,053500100100,Ministry of Environment,12621600,CHANCHAGA,23020102,CONSTRUCTION / PROVISION OF RESIDENTIAL BUILDINGS,70451,ROAD TRANSPORT,2200000000.0,160000000.0,0.0,200000000.0,96,0.5351,0.5495
"Edification of Roundabout in Minna, Bida, Suleja and Kontagora",053500100100,Ministry of Environment,12642600,STATE WIDE,23030113,REHABILITATION / REPAIRS - ROADS,70451,ROAD TRANSPORT,0.0,90000000.0,0.0,0.0,96,0.5547,0.5607
NUT:25: Raising of Nursery and planting of trees across the State,053500100100,Ministry of Environment,12642600,STATE WIDE,23040101,TREE PLANTING,70451,ROAD TRANSPORT,0.0,5500000000.0,0.0,0.0,96,0.567,0.5729
Development of tree planting monitoring tool and Construction 40 - 60KW REMU Renewable Energy Micro Utility in across the 25 LGAs,053500100100,Ministry of Environment,12642600,STATE WIDE,23040101,TREE PLANTING,70451,ROAD TRANSPORT,0.0,3040000000.0,0.0,0.0,96,0.5784,0.5931
Procurement and Installation of Clean cook stoves for commercial food vendors and eatries,053500100100,Ministry of Environment,12642600,STATE WIDE,23010120,PURCHASE OFCANTEEN / KITCHEN EQUIPMENT,70451,ROAD TRANSPORT,0.0,500000000.0,0.0,0.0,96,0.598,0.6123
Procurement and Installation of 500nos Stand alone solar street lights across the state,053500100100,Ministry of Environment,12642600,STATE WIDE,23020123,CONSTRUCTION OF TRAFFIC /STREET LIGHTS,70451,ROAD TRANSPORT,0.0,500000000.0,0.0,0.0,96,0.6127,0.6276
Development of 100 hectres of land and planting of assorted seedlings across the state,053500100100,Ministry of Environment,12642600,STATE WIDE,23040101,TREE PLANTING,70451,ROAD TRANSPORT,0.0,500000000.0,0.0,0.0,96,0.6283,0.6429
ii.World Bank intervention for New Map(Establishment of Geographical information system platform across the state,053500100100,Ministry of Environment,12642600,STATE WIDE,23020127,CONSTRUCTION OF ICT INFRASTRUCTURES,70561,ENVIRONMENTAL PROTECTION N.E.C.,0.0,0.0,0.0,500000000.0,96,0.6438,0.6582
Erosion Control and Agro Climatic Activities (ACReSAL) at Suleja,053500100100,Ministry of Environment,12622300,SULEJA,23040102,EROSION & FLOOD CONTROL,70451,ROAD TRANSPORT,0.0,0.0,0.0,7000000000.0,96,0.6601,0.6662
i. Purchase of 2no Gabbage Compactor Trucks,053500200100,Niger State Environmental Protection Agency,12642600,STATE WIDE,23010107,PURCHASE OF TRUCKS,70511,WASTE MANAGEMENT,0.0,150000000.0,0.0,1464000000.0,96,0.6683,0.6827
"ii. Purchase and Distribution of 35,000 Packs of Household of Waste Bags",053500200100,Niger State Environmental Protection Agency,12642600,STATE WIDE,23010130,PURCHASE OF RECREATIONAL FACILITIES,70511,WASTE MANAGEMENT,0.0,878000000.0,0.0,620000000.0,96,0.6838,0.698
"iii. Purchase of 2no Gully Emptier Trucks, 5no Open Trucks, 2no Backloaders and 30no Tipping Tricycles",053500200100,Niger State Environmental Protection Agency,12642600,STATE WIDE,23010107,PURCHASE OF TRUCKS,70511,WASTE MANAGEMENT,0.0,100000000.0,0.0,1325000000.0,96,0.6985,0.7133
iv. Establishment of Green Laboratory,053500200100,Niger State Environmental Protection Agency,12642600,STATE WIDE,23050101,RESEARCH AND DEVELOPMENT,70511,WASTE MANAGEMENT,0.0,72000000.0,0.0,0.0,96,0.7141,0.7285
"puchase of 50,000 waste bin",053500200100,Niger State Environmental Protection Agency,12642600,STATE WIDE,23040104,INDUSTRIAL POLLUTION PREVENTION & CONTROL,70511,WASTE MANAGEMENT,0.0,1800000000.0,0.0,591000000.0,96,0.7296,0.7438
i. Deployment of digital technologies for tree planting and tagging,053500300100,Niger State Agency for Green Initiatives,12642600,STATE WIDE,23050102,COMPUTER SOFTWARE ACQUISITION,70561,ENVIRONMENTAL PROTECTION N.E.C.,0.0,0.0,0.0,200000000.0,96,0.7443,0.7591
"ii. Procurement, distribution and monitoring of two (1m) million clean cookstoves to women and low income families",053500300100,Niger State Agency for Green Initiatives,12642600,STATE WIDE,23010119,PURCHASE OF POWER GENERATING SET,70561,ENVIRONMENTAL PROTECTION N.E.C.,0.0,0.0,0.0,200000000.0,96,0.7598,0.7744
iii. Production of tree plant seedlings,053500300100,Niger State Agency for Green Initiatives,12642600,STATE WIDE,23040101,TREE PLANTING,70561,ENVIRONMENTAL PROTECTION N.E.C.,0.0,0.0,0.0,27000000.0,96,0.7753,0.7897
iv. Establishment of Green Industrial Parks in across the state,053500300100,Niger State Agency for Green Initiatives,12642600,STATE WIDE,23040104,INDUSTRIAL POLLUTION PREVENTION & CONTROL,70561,ENVIRONMENTAL PROTECTION N.E.C.,0.0,0.0,0.0,473000000.0,96,0.7908,0.805
v. Development and installation of solar mini grids in various communities across the25 LGAs,053500300100,Niger State Agency for Green Initiatives,12642600,STATE WIDE,23020103,CONSTRUCTION / PROVISION OF ELECTRICITY,70561,ENVIRONMENTAL PROTECTION N.E.C.,0.0,0.0,0.0,700000000.0,96,0.8056,0.8203
"Laying of Synthetic Grass at Bako Kontagora Stadium, Minna.",053900200100,Niger State Sport Commission,12621600,CHANCHAGA,23020112,CONSTRUCTION / PROVISION OF SPORTING FACILITIES,70811,RECREATIONAL AND SPORTING SERVICES,0.0,0.0,0.0,50000000.0,96,0.8211,0.8356
"Construction of 25,000 Seats Capacity Stadium at Rafin Yashi, Maikunkele Minna",053900200100,Niger State Sport Commission,12621600,CHANCHAGA,23020112,CONSTRUCTION / PROVISION OF SPORTING FACILITIES,70811,RECREATIONAL AND SPORTING SERVICES,0.0,0.0,0.0,2500000000.0,97,0.1348,0.1489
Construction of a Block of Office at The Commission,053900200100,Niger State Sport Commission,12621600,CHANCHAGA,23020101,CONSTRUCTION / PROVISION OF OFFICE BUILDINGS,70811,RECREATIONAL AND SPORTING SERVICES,0.0,0.0,0.0,150000000.0,97,0.1495,0.1642
Renovation of the Handball Complex,053900200100,Niger State Sport Commission,12621600,CHANCHAGA,23020112,CONSTRUCTION / PROVISION OF SPORTING FACILITIES,70811,RECREATIONAL AND SPORTING SERVICES,0.0,0.0,0.0,50000000.0,97,0.165,0.1795
"Rehabilitation of 123 Township Stadium, Minna",053900200100,Niger State Sport Commission,12621600,CHANCHAGA,23020112,CONSTRUCTION / PROVISION OF SPORTING FACILITIES,70811,RECREATIONAL AND SPORTING SERVICES,0.0,0.0,0.0,200000000.0,97,0.1806,0.1948
Rehabilitation of Habib Shuaibu Hockey Complex,053900200100,Niger State Sport Commission,12621600,CHANCHAGA,23020112,CONSTRUCTION / PROVISION OF SPORTING FACILITIES,70811,RECREATIONAL AND SPORTING SERVICES,0.0,0.0,0.0,50000000.0,97,0.1953,0.2101
Renovation of Emir Palace in Lapai,055100100100,Ministry for Local Government and Chieftaincy Affairs,12611100,LAPAI,23030101,REHABILITATION / REPAIRS OF RESIDENTIAL BUILDING,70621,COMMUNITY DEVELOPMENT,0.0,20000000.0,0.0,30000000.0,97,0.2108,0.2254
Renovation and Equiping of Women Development Centre at Agaie,055100100100,Ministry for Local Government and Chieftaincy Affairs,12610100,AGAIE,23030121,REHABILITATION / REPAIRS OF OFFICE BUILDINGS,70481,"R & D GENERAL ECONOMIC, COMMERCIAL AND LABOUR AFFAIRS",0.0,10000000.0,0.0,10000000.0,97,0.2263,0.2407
NUT.6.COORDINATION.Activity 1: Establish joint LGA resource mobilization committee and conduct annual working sessions,055100100100,Ministry for Local Government and Chieftaincy Affairs,12642600,STATE WIDE,23050101,RESEARCH AND DEVELOPMENT,70761,HEALTH N.E.C.,0.0,10000000.0,0.0,10000000.0,97,0.2418,0.256
Purchase 500units Sewing Machine for Human empowerment,055400100100,Ministry of Humanitarian Affairs & Disaster Management,12642600,STATE WIDE,23010129,PURCHASE OF INDUSTRIAL EQUIPMENT,71051,UNEMPLOYMENT,0.0,317750000.0,0.0,241500000.0,97,0.2565,0.2713
Purchase of 30n. GIS Data Collector and Hummanitriant Application Software,055400100100,Ministry of Humanitarian Affairs & Disaster Management,12642600,STATE WIDE,23050102,COMPUTER SOFTWARE ACQUISITION,71081,R & D SOCIAL PROTECTION,0.0,20680000.0,0.0,30600000.0,97,0.2721,0.2866
Construction of Permanent Camps for Internally Displaced Persons at S/Pawa,055400100100,Ministry of Humanitarian Affairs & Disaster Management,12621800,MUNYA,23020102,CONSTRUCTION / PROVISION OF RESIDENTIAL BUILDINGS,71061,HOUSING,0.0,150000000.0,0.0,0.0,97,0.2876,0.3019
Purchase of 150no. Mobility Aid and 150no. Assistive Aid for 300 People with special needs across the state,055400100100,Ministry of Humanitarian Affairs & Disaster Management,12642600,STATE WIDE,23010126,PURCHASE OF SPORTING / GAMING EQUIPMENT,71012,DISABILITY,0.0,121661450.0,0.0,53500000.0,97,0.3023,0.3172
"NUT.5.SBCC.Activity 2: Promote awareness on Nutrition and Personal Hygiene for internally Displaces Person (IDPs) at Gwada, Sarkin Power, Kuta, Booso Mokwa, IDPs and host communities.",055400100100,Ministry of Humanitarian Affairs & Disaster Management,12642600,STATE WIDE,23050108,Skills Acquisition,71041,FAMILY AND CHILDREN,0.0,131464498.0,0.0,0.0,97,0.3178,0.3405
"NUT.5.SBCC.Activity 1: Promote the use of available local varieties of Nutritious food during food demonstrations by local communities, Schools and facilities",055400100100,Ministry of Humanitarian Affairs & Disaster Management,12642600,STATE WIDE,23050108,Skills Acquisition,71041,FAMILY AND CHILDREN,0.0,21476152.0,0.0,0.0,97,0.3407,0.3634
"Provision of 2000no. Blankets, 2000no. Buckets, and Cooking Utensils",055400100100,Ministry of Humanitarian Affairs & Disaster Management,12642600,STATE WIDE,23010120,PURCHASE OFCANTEEN / KITCHEN EQUIPMENT,71031,SURVIVORS,0.0,345037900.0,0.0,0.0,97,0.3636,0.3784
Provision of 2000 Units of Knapsack Sprayers for Resettled IDPs,055400100100,Ministry of Humanitarian Affairs & Disaster Management,12642600,STATE WIDE,23010127,PURCHASE OF AGRICULTURAL EQUIPMENT,71031,SURVIVORS,0.0,330530000.0,0.0,0.0,97,0.3791,0.3936
Procurement of 6no. Laptop and 5no. Desktop computers,055400100100,Ministry of Humanitarian Affairs & Disaster Management,12621600,CHANCHAGA,23010113,PURCHASE OF COMPUTERS,70131,GENERAL PERSONNEL SERVICES,0.0,17500000.0,0.0,23000000.0,97,0.3946,0.4089
Engagement of Consultant on Analysis of Humanitarian Activities in the State,055400100100,Ministry of Humanitarian Affairs & Disaster Management,12642600,STATE WIDE,23050101,RESEARCH AND DEVELOPMENT,71081,R & D SOCIAL PROTECTION,0.0,33900000.0,0.0,0.0,97,0.4101,0.4242
NUT.5.Advocacy.Activity 3: Advocacy to 25 LGAs to compliment implementation of home grown School feeding program,055400100100,Ministry of Humanitarian Affairs & Disaster Management,12642600,STATE WIDE,23050101,RESEARCH AND DEVELOPMENT,71081,R & D SOCIAL PROTECTION,0.0,10000000.0,0.0,0.0,97,0.4248,0.4395
"Construction of Parameter Fence and Renovation of Existing Hostel at Blind Center, Bida",055400100100,Ministry of Humanitarian Affairs & Disaster Management,12610300,BIDA,23020107,CONSTRUCTION / PROVISION OF PUBLIC SCHOOLS,71091,SOCIAL PROTECTION N.E.C.,0.0,0.0,0.0,320000000.0,97,0.4404,0.4548
"Repairs and Renovation of Hostels, Toilet, Kitchen and Store at mentally retarded Home, Bida",055400100100,Ministry of Humanitarian Affairs & Disaster Management,12610300,BIDA,23020107,CONSTRUCTION / PROVISION OF PUBLIC SCHOOLS,71091,SOCIAL PROTECTION N.E.C.,0.0,0.0,0.0,265000000.0,97,0.4559,0.4701
Monitoring of capital activities of Humanitarian in the State,055400100100,Ministry of Humanitarian Affairs & Disaster Management,12642600,STATE WIDE,23050103,MONITORING AND EVALUATION,71091,SOCIAL PROTECTION N.E.C.,0.0,0.0,0.0,40900000.0,97,0.4706,0.4854
"Procurement and Installation of 10no. Solar Panel Monobrand, 5no. Htech 12KVa Solarbatteries",055400100100,Ministry of Humanitarian Affairs & Disaster Management,12642600,STATE WIDE,23020103,CONSTRUCTION / PROVISION OF ELECTRICITY,71091,SOCIAL PROTECTION N.E.C.,0.0,0.0,0.0,42000000.0,97,0.4861,0.5007
Survey of Persons With Disability and Vulnerable Groups,055400100100,Ministry of Humanitarian Affairs & Disaster Management,12642600,STATE WIDE,23050101,RESEARCH AND DEVELOPMENT,71091,SOCIAL PROTECTION N.E.C.,0.0,0.0,0.0,34000000.0,97,0.5016,0.516
Provision of 15No. Solar Powered Light stand to the Ministry,056600100100,Ministry of Tertiary Education,12642600,STATE WIDE,23020123,CONSTRUCTION OF TRAFFIC /STREET LIGHTS,70942,SECOND STAGE OF TERTIARY EDUCATION,0.0,65000000.0,0.0,60000000.0,97,0.5172,0.5313
Purchase of Toyota 18 seater Bus,056600100100,Ministry of Tertiary Education,12642600,STATE WIDE,23010108,PURCHASE OF BUSES,70942,SECOND STAGE OF TERTIARY EDUCATION,0.0,50000000.0,0.0,0.0,97,0.5319,0.5466
"Procurement of 2no. Public Address System, 5no. Digital Camera and 2no. Video Camera",056600100100,Ministry of Tertiary Education,12642600,STATE WIDE,23010113,PURCHASE OF COMPUTERS,70942,SECOND STAGE OF TERTIARY EDUCATION,0.0,17000000.0,0.0,17850000.0,97,0.5474,0.5619
"Purchase of 20no. Of Hp laptops, and 3no. Hp Desktop",056600100100,Ministry of Tertiary Education,12642600,STATE WIDE,23010113,PURCHASE OF COMPUTERS,70942,SECOND STAGE OF TERTIARY EDUCATION,0.0,32000000.0,0.0,40000000.0,97,0.5629,0.5772
"NUT.1.SBP.Activity 1: Institute/strengthen mechanism for regular review of nutrition curricula in primary, secondary, tertiary and vocational institutions",056600100100,Ministry of Tertiary Education,12642600,STATE WIDE,23050101,RESEARCH AND DEVELOPMENT,70942,SECOND STAGE OF TERTIARY EDUCATION,0.0,8000000.0,0.0,20150000.0,97,0.5776,0.6005
NUT.1.NP.Activity 2: Conduct food and Nutrition Education at Two higher institutions ( College of Agriculture mokwa and School of Health Education),056600100100,Ministry of Tertiary Education,12642600,STATE WIDE,23050101,RESEARCH AND DEVELOPMENT,70942,SECOND STAGE OF TERTIARY EDUCATION,0.0,7000000.0,0.0,112000000.0,97,0.6005,0.6234
Deployment of Local Area network for Ministry of Tertiary institution,056600100100,Ministry of Tertiary Education,12642600,STATE WIDE,23020127,CONSTRUCTION OF ICT INFRASTRUCTURES,70942,SECOND STAGE OF TERTIARY EDUCATION,0.0,43000000.0,0.0,0.0,97,0.6242,0.6384
Purchase of 1no. Toyota Hilux Van.,056600100100,Ministry of Tertiary Education,12642600,STATE WIDE,23010105,PURCHASE OF MOTOR VEHICLES,70942,SECOND STAGE OF TERTIARY EDUCATION,0.0,128000000.0,0.0,0.0,97,0.6389,0.6536
Inspection/Approval of ND Mechatronics,056600200100,Niger State Innovation Institute,12621600,CHANCHAGA,23050103,MONITORING AND EVALUATION,70941,FIRST STAGE OF TERTIARY EDUCATION,8500000.0,7185441.2,0.0,59536752.0,97,0.6544,0.6689
"Provision of 10no. Workbenches and Tables, 10no. storage cabinets, 8no. microscope, 10no. spectrophotomeeters, 16no. Balances and scales,3no. fumehood and10no. fire extinguishers",056600200100,Niger State Innovation Institute,12621600,CHANCHAGA,23010112,PURCHASE OF OFFICE FURNITURE AND FITTINGS,70941,FIRST STAGE OF TERTIARY EDUCATION,6500000.0,26646580.0,0.0,10384000.0,97,0.6699,0.6923
Extention of auditorium Hall for Accreditation of 7nos. Courses,056600200100,Niger State Innovation Institute,12621600,CHANCHAGA,23020118,CONSTRUCTION / PROVISION OF INFRASTRUCTURE,70941,FIRST STAGE OF TERTIARY EDUCATION,8000000.0,30313452.0,0.0,15578650.0,97,0.6928,0.7072
Renovation of 8no. Classrooms and 4no Workshop,056600200100,Niger State Innovation Institute,12621600,CHANCHAGA,23030106,REHABILITATION / REPAIRS - PUBLIC SCHOOLS,70941,FIRST STAGE OF TERTIARY EDUCATION,14000000.0,56300085.0,0.0,47300085.0,97,0.7083,0.7225
Completion of Physics and Chemistry Laboratory Building,056600200100,Niger State Innovation Institute,12621600,CHANCHAGA,23020118,CONSTRUCTION / PROVISION OF INFRASTRUCTURE,70941,FIRST STAGE OF TERTIARY EDUCATION,54000000.0,29554441.8,0.0,29346494.72,97,0.723,0.7378
Provision of Boreholes and Overhead Tank,056600200100,Niger State Innovation Institute,12621600,CHANCHAGA,23020105,CONSTRUCTION / PROVISION OF WATER FACILITIES,70941,FIRST STAGE OF TERTIARY EDUCATION,17000000.0,0.0,0.0,20732665.28,97,0.7386,0.7531
"Purchase of Chairs and Tables for 1,200 Capacity Hall",056600200100,Niger State Innovation Institute,12621600,CHANCHAGA,23010124,PURCHASE OF TEACHING / LEARNING AID EQUIPMENT,70941,FIRST STAGE OF TERTIARY EDUCATION,30199969.4,0.0,0.0,37121353.0,97,0.7541,0.7684
"Purchase of 10no Total station, 10no GPS Receiver, 3no Universal testing Machine, 10no Plate compactor Machine , 7no Ashphalt penetrator machine and 5no.Soil Stabilzer",056600400100,Niger State Polytechnic,12642600,STATE WIDE,23010124,PURCHASE OF TEACHING / LEARNING AID EQUIPMENT,70941,FIRST STAGE OF TERTIARY EDUCATION,0.0,250000000.0,39348000.0,150000000.0,97,0.7688,0.7917
2022/2023 TETFUND Normal Intervention on Infrastructural Development at Niger poly Zungeru,056600400100,Niger State Polytechnic,12642600,STATE WIDE,23020101,CONSTRUCTION / PROVISION OF OFFICE BUILDINGS,70941,FIRST STAGE OF TERTIARY EDUCATION,763371687.0,496205855.99,0.0,1835175507.58,97,0.7925,0.8066
"ii. Purchase of 5no. Atomic Absorbtion Sectrophonemeter 3no. Bomb Galorimeter,5no.Visible Sectrophonemeter, 10no. Rotary Vaccum Evaporator and 5no. Interferometer",056600400100,Niger State Polytechnic,12632500,WUSHISHI,23010124,PURCHASE OF TEACHING / LEARNING AID EQUIPMENT,70942,SECOND STAGE OF TERTIARY EDUCATION,0.0,0.0,0.0,150000000.0,97,0.8072,0.8299
Provision of 3no Solar powered motorised bolehole at female hostel,056600500100,College of Education Minna,12642600,STATE WIDE,23020105,CONSTRUCTION / PROVISION OF WATER FACILITIES,70941,FIRST STAGE OF TERTIARY EDUCATION,0.0,172074904.0,20000000.0,65000000.0,97,0.8301,0.8448
"Purchase of 1no Toyota prado jeep 2020 model, 2no Toyota Corolla car 2013 model, 2no. Toyota car 2015 model",056600500100,College of Education Minna,12642600,STATE WIDE,23010105,PURCHASE OF MOTOR VEHICLES,70941,FIRST STAGE OF TERTIARY EDUCATION,2549994458.0,180000000.0,30000000.0,220000000.0,98,0.1348,0.1489
Construction of a Block of 3 classroom at COE Model secondary schoo,056600500100,College of Education Minna,12642600,STATE WIDE,23020101,CONSTRUCTION / PROVISION OF OFFICE BUILDINGS,70941,FIRST STAGE OF TERTIARY EDUCATION,0.0,47925095.85,0.0,65000000.0,98,0.1495,0.1642
TETFUND Normal Intervention on Provision of Infrastructure,056600500100,College of Education Minna,12642600,STATE WIDE,23020101,CONSTRUCTION / PROVISION OF OFFICE BUILDINGS,70941,FIRST STAGE OF TERTIARY EDUCATION,0.0,3862000000.0,3365100859.0,750000000.0,98,0.165,0.1795
Completion of Road Network within the Campus & Ext. of ICT Rd,056600600100,IBB University,12642600,STATE WIDE,23020114,CONSTRUCTION / PROVISION OF ROADS,70942,SECOND STAGE OF TERTIARY EDUCATION,187744382.1,254641395.94,0.0,103129765.36,98,0.1806,0.1948
Purchase of 2no Tractors and Equipment for Faculty of Agricuture,056600600100,IBB University,12642600,STATE WIDE,23010127,PURCHASE OF AGRICULTURAL EQUIPMENT,70942,SECOND STAGE OF TERTIARY EDUCATION,100000000.0,47304392.85,0.0,19158279.1,98,0.1953,0.2101
Purchase of 1no Septic Tank Emptier,056600600100,IBB University,12642600,STATE WIDE,23010143,PURCHASE OF WATER PUMPING EQUIPMENTS,70942,SECOND STAGE OF TERTIARY EDUCATION,100000000.0,36447802.05,0.0,14761359.83,98,0.2108,0.2254
Purchase of 100no Of HP Pavillion x360 laptop computera,056600600100,IBB University,12642600,STATE WIDE,23010113,PURCHASE OF COMPUTERS,70942,SECOND STAGE OF TERTIARY EDUCATION,270696864.04,155596292.28,0.0,63016498.37,98,0.2263,0.2407
Reticulation of Pipes for Efficient Water Supply,056600600100,IBB University,12642600,STATE WIDE,23030104,REHABILITATION / REPAIRS - WATER FACILITIES,70942,SECOND STAGE OF TERTIARY EDUCATION,100000000.0,81215476.23,0.0,58984569.47,98,0.2418,0.256
Provision of water supply master plan,056600600100,IBB University,12642600,STATE WIDE,23020105,CONSTRUCTION / PROVISION OF WATER FACILITIES,70942,SECOND STAGE OF TERTIARY EDUCATION,106318000.0,7233744.38,0.0,2929666.47,98,0.2565,0.2713
Purchase of 5no. 2024 Changan CS55 for Principal Officer,056600600100,IBB University,12642600,STATE WIDE,23010105,PURCHASE OF MOTOR VEHICLES,70942,SECOND STAGE OF TERTIARY EDUCATION,59027323.33,565314202.03,0.0,7875000.0,98,0.2721,0.2866
construction of 2no 3 Bedroom Bungalow at Main Campus,056600600100,IBB University,12642600,STATE WIDE,23020101,CONSTRUCTION / PROVISION OF OFFICE BUILDINGS,70942,SECOND STAGE OF TERTIARY EDUCATION,0.0,107713245.78,0.0,6000000.0,98,0.2876,0.3019
construction of 2no 2 Bedroom Bungalow at Main Campus,056600600100,IBB University,12642600,STATE WIDE,23020101,CONSTRUCTION / PROVISION OF OFFICE BUILDINGS,70942,SECOND STAGE OF TERTIARY EDUCATION,0.0,113316544.5,0.0,105000000.0,98,0.3023,0.3172
construction of 5no Single Bedroom Flat at Main Campus,056600600100,IBB University,12642600,STATE WIDE,23020101,CONSTRUCTION / PROVISION OF OFFICE BUILDINGS,70942,SECOND STAGE OF TERTIARY EDUCATION,34000000.0,130000000.0,0.0,231000000.0,98,0.3178,0.3325
construction of One Block of 10no Self-contain rooms at Main Campus,056600600100,IBB University,12642600,STATE WIDE,23020101,CONSTRUCTION / PROVISION OF OFFICE BUILDINGS,70942,SECOND STAGE OF TERTIARY EDUCATION,0.0,36000000.0,0.0,45000000.0,98,0.3333,0.3478
Construction of additional water reservoir,056600600100,IBB University,12642600,STATE WIDE,23020105,CONSTRUCTION / PROVISION OF WATER FACILITIES,70942,SECOND STAGE OF TERTIARY EDUCATION,0.0,14814576.56,0.0,229624851.0,98,0.3489,0.3631
Construction shallow drainage from clinic to ICT centre,056600600100,IBB University,12642600,STATE WIDE,23040102,EROSION & FLOOD CONTROL,70942,SECOND STAGE OF TERTIARY EDUCATION,55000000.0,68130562.5,0.0,0.0,98,0.3636,0.3784
Supply and installation of office furniture for staff,056600600100,IBB University,12642600,STATE WIDE,23020127,CONSTRUCTION OF ICT INFRASTRUCTURES,70942,SECOND STAGE OF TERTIARY EDUCATION,50000000.0,34388780.98,0.0,1035000.0,98,0.3791,0.3936
Provision of map printer and scanner for Geography,056600600100,IBB University,12642600,STATE WIDE,23020127,CONSTRUCTION OF ICT INFRASTRUCTURES,70942,SECOND STAGE OF TERTIARY EDUCATION,55000000.0,19573661.26,0.0,20124883.35,98,0.3946,0.4089
Construction box culvet from Admin. Round About to Academic area,056600600100,IBB University,12642600,STATE WIDE,23020118,CONSTRUCTION / PROVISION OF INFRASTRUCTURE,70942,SECOND STAGE OF TERTIARY EDUCATION,1929342543.89,29480343.76,0.0,35317659.12,98,0.4101,0.4242
Renovation of block of hostel at SPS Ibeto,056600600100,IBB University,12642600,STATE WIDE,23030121,REHABILITATION / REPAIRS OF OFFICE BUILDINGS,70942,SECOND STAGE OF TERTIARY EDUCATION,0.0,26750677.88,0.0,47369694.92,98,0.4248,0.4395
Planting of ornamental tree within the main campus,056600600100,IBB University,12642600,STATE WIDE,23040101,TREE PLANTING,70942,SECOND STAGE OF TERTIARY EDUCATION,0.0,8848125.0,0.0,3352145.3,98,0.4404,0.4548
Provision of 60no solar streetlight to staff Quarters,056600600100,IBB University,12642600,STATE WIDE,23020103,CONSTRUCTION / PROVISION OF ELECTRICITY,70942,SECOND STAGE OF TERTIARY EDUCATION,0.0,16140180.0,0.0,3600000.0,98,0.4559,0.4701
"Provision of 60no solar power streetlight at Student Hostel, Main campus",056600600100,IBB University,12642600,STATE WIDE,23020103,CONSTRUCTION / PROVISION OF ELECTRICITY,70942,SECOND STAGE OF TERTIARY EDUCATION,0.0,12201800.0,0.0,13011797.24,98,0.4706,0.4854
Provision of 60no solar power streetlight at Admin Block.,056600600100,IBB University,12642600,STATE WIDE,23020103,CONSTRUCTION / PROVISION OF ELECTRICITY,70942,SECOND STAGE OF TERTIARY EDUCATION,0.0,14100112.0,0.0,7148015.0,98,0.4861,0.5007
"Puchase of 25no. Chairs and tables, 2no. Executive Table and chairs for historical research centre Minna",056600600100,IBB University,12642600,STATE WIDE,23030110,REHABILITATION / REPAIRS - LIBRARIES,70942,SECOND STAGE OF TERTIARY EDUCATION,0.0,17194462.98,0.0,631843658.34,98,0.5016,0.516
Provision of 60 solar power street lights at kobo campus,056600600100,IBB University,12642600,STATE WIDE,23020103,CONSTRUCTION / PROVISION OF ELECTRICITY,70942,SECOND STAGE OF TERTIARY EDUCATION,0.0,14100800.0,0.0,4440000.0,98,0.5172,0.5313
Renovation of Student's Hostel at Kobo and Main Campus,056600600100,IBB University,12642600,STATE WIDE,23030121,REHABILITATION / REPAIRS OF OFFICE BUILDINGS,70942,SECOND STAGE OF TERTIARY EDUCATION,0.0,80000000.0,0.0,151755000.0,98,0.5319,0.5466
Completion of Surgical Trainning Centre (CADAVER),056600600100,IBB University,12642600,STATE WIDE,23020106,CONSTRUCTION / PROVISION OF HOSPITALS / HEALTH CENTRES,70942,SECOND STAGE OF TERTIARY EDUCATION,0.0,49134648.1,0.0,290130148.0,98,0.5474,0.5619
Completion of access road and culvet from ICT centre to lecture hall (SIWES OFFICE) JUNCTION,056600600100,IBB University,12642600,STATE WIDE,23020127,CONSTRUCTION OF ICT INFRASTRUCTURES,70942,SECOND STAGE OF TERTIARY EDUCATION,0.0,72584246.3,0.0,358037055.0,98,0.5629,0.5772
Furnishing of Professorial Offices,056600600100,IBB University,12642600,STATE WIDE,23030121,REHABILITATION / REPAIRS OF OFFICE BUILDINGS,70942,SECOND STAGE OF TERTIARY EDUCATION,0.0,425123474.49,0.0,358037055.0,98,0.5776,0.5925
Fabrication of special steel tank for cashew nut shell liquid development,056600600100,IBB University,12642600,STATE WIDE,23010127,PURCHASE OF AGRICULTURAL EQUIPMENT,70942,SECOND STAGE OF TERTIARY EDUCATION,0.0,41394038.4,0.0,3563008.32,98,0.5931,0.6078
Construction of dental surgery unit at clinic,056600600100,IBB University,12642600,STATE WIDE,23020106,CONSTRUCTION / PROVISION OF HOSPITALS / HEALTH CENTRES,70942,SECOND STAGE OF TERTIARY EDUCATION,0.0,21256413.76,0.0,1208741962.25,98,0.6087,0.6231
"provision of 2nos Lecture theatre rooms in the school premises, (TETFUND Grant)",056600600100,IBB University,12642600,STATE WIDE,23020107,CONSTRUCTION / PROVISION OF PUBLIC SCHOOLS,70942,SECOND STAGE OF TERTIARY EDUCATION,0.0,2373703631.11,0.0,9221550206.2,98,0.6242,0.6384
"xxvi. Construction of 2,000 Capacity CBT Centre",056600600100,IBB University,12611100,LAPAI,23020118,CONSTRUCTION / PROVISION OF INFRASTRUCTURE,70942,SECOND STAGE OF TERTIARY EDUCATION,0.0,0.0,0.0,476012928.0,98,0.6389,0.6536
"Construction of 1block of 10nos offices and 5nos lecture theatre hall at Abdulkadir Kure University, Minna",056600700100,Abdulkadir Kure University Minna,12621600,CHANCHAGA,23020107,CONSTRUCTION / PROVISION OF PUBLIC SCHOOLS,70942,SECOND STAGE OF TERTIARY EDUCATION,7695000000.0,6000000000.0,0.0,5000000000.0,98,0.6544,0.6689
Construction of 2 block of student Hostels (TETFUND Intervention for Infrastural Development),056600700100,Abdulkadir Kure University Minna,12621600,CHANCHAGA,23020107,CONSTRUCTION / PROVISION OF PUBLIC SCHOOLS,70942,SECOND STAGE OF TERTIARY EDUCATION,0.0,0.0,0.0,2860562362.66,98,0.6699,0.6842
Purchase of 15no HP Laptop for Desk officers,056600800100,Niger State Scholarship Board,12642600,STATE WIDE,23010113,PURCHASE OF COMPUTERS,70961,SUBSIDIARY SERVICES TO EDUCATION,1076123600.0,11250000.0,0.0,12000000.0,98,0.6846,0.6995
Purchase of 1no Toyota Hilux and 1no. Toyota 18 SeaterBus,056600800100,Niger State Scholarship Board,12642600,STATE WIDE,23010105,PURCHASE OF MOTOR VEHICLES,70961,SUBSIDIARY SERVICES TO EDUCATION,0.0,178000000.0,0.0,0.0,98,0.7002,0.7148
Collection of Baseline Data of Nomads and Pastoralist,056700100100,Ministry of Nomadic and Pastoral Affairs,12621600,CHANCHAGA,23050101,RESEARCH AND DEVELOPMENT,70133,OTHER GENERAL SERVICES,50000000.0,30000000.0,0.0,0.0,98,0.7157,0.7301
Acquisition of 300m X 200m of Land at Tudun Fulani for the Establishment of Milk Collection Center,056700100100,Ministry of Nomadic and Pastoral Affairs,12620500,BOSSO,23010133,PURCHASES OF SURVEYING EQUIPMENT,70141,BASIC RESEARCH,9000000.0,37000000.0,0.0,37000000.0,98,0.7312,0.7454
Establishment of 3no Milk Marketing Centres in Minna,056700100100,Ministry of Nomadic and Pastoral Affairs,12621600,CHANCHAGA,23020113,CONSTRUCTION / PROVISION OF AGRICULTURAL FACILITIES,70471,"DISTRIBUTIVE TRADE, STORAGE AND WAREHOUSING",50000000.0,12000000.0,0.0,20000000.0,98,0.7459,0.7607
Production of Pasture Feeds,056700100100,Ministry of Nomadic and Pastoral Affairs,12621600,CHANCHAGA,23020113,CONSTRUCTION / PROVISION OF AGRICULTURAL FACILITIES,70421,AGRICULTURE,0.0,18000000.0,0.0,0.0,98,0.7614,0.776
Resettlement of Nomads Communities from the Crisis Areas of Shiroro,056700100100,Ministry of Nomadic and Pastoral Affairs,12622200,SHIRORO,23050101,RESEARCH AND DEVELOPMENT,70621,COMMUNITY DEVELOPMENT,30000000.0,80000000.0,0.0,40000000.0,98,0.777,0.7913
Purchase of 20no Motor Cycles for the Coordinators in the State,056700100100,Ministry of Nomadic and Pastoral Affairs,12621600,CHANCHAGA,23010104,PURCHASE MOTOR CYCLES,70131,GENERAL PERSONNEL SERVICES,11000000.0,16000000.0,0.0,8000000.0,98,0.7925,0.8066
"Establishment of Community Ranch at Hamdallah Lapai, Kungu Fulani",056700100100,Ministry of Nomadic and Pastoral Affairs,12611100,LAPAI,23020119,CONSTRUCTION / PROVISION OF RECREATIONAL FACILITIES,70661,HOUSING AND COMMUNITY AMENITIES N.E.C.,0.0,27000000.0,0.0,60000000.0,98,0.8072,0.8219
Installation of 15no Solar Boreholes Across the State,056700100100,Ministry of Nomadic and Pastoral Affairs,12621600,CHANCHAGA,23020116,CONSTRUCTION / PROVISION OF WATER-WAYS,70133,OTHER GENERAL SERVICES,0.0,115000000.0,0.0,40000000.0,98,0.8227,0.8372
"Purchase of 3no. HP Printer, 2no. Photocopier Machine, 2no. Laptops, 2no. Desktop, Tables and Chairs for the Head Quarter.",056700100100,Ministry of Nomadic and Pastoral Affairs,12621600,CHANCHAGA,23010115,PURCHASE OF PHOTOCOPYING MACHINES,70133,OTHER GENERAL SERVICES,0.0,20000000.0,0.0,0.0,99,0.1348,0.1489
Conduct of Skill Acquisition Programme for Some Selected Fulani Youth in the State,056700100100,Ministry of Nomadic and Pastoral Affairs,12621600,CHANCHAGA,23050108,Skills Acquisition,70131,GENERAL PERSONNEL SERVICES,0.0,45000000.0,0.0,45000000.0,99,0.1495,0.1642
"Purchase of 3no HP Printer, 2no. Photocopier Machine, 2no. Laptops, 2no. Desktop, Tables and Chairs for the Agency",056700100100,Ministry of Nomadic and Pastoral Affairs,12621600,CHANCHAGA,23010115,PURCHASE OF PHOTOCOPYING MACHINES,70133,OTHER GENERAL SERVICES,0.0,20000000.0,0.0,0.0,99,0.165,0.1795
Renovation and Furnishing of General Hospitals Agaie,056900100100,Ministry of Health,12610100,AGAIE,23030105,REHABILITATION / REPAIRS - HOSPITAL / HEALTH CENTRES,70731,GENERAL HOSPITAL SERVICES,120000000.0,100000000.0,0.0,0.0,99,0.1806,0.1948
Upgrading of katcha primary Health care to rural hospital,056900100100,Ministry of Health,12610900,KATCHA,23030105,REHABILITATION / REPAIRS - HOSPITAL / HEALTH CENTRES,70732,SPECIALIZED HOSPITAL SERVICES,130000000.0,100000000.0,0.0,0.0,99,0.1953,0.2101
Upgrading of Enagi primary Health care to rural hospital,056900100100,Ministry of Health,12610700,GBAKO,23030105,REHABILITATION / REPAIRS - HOSPITAL / HEALTH CENTRES,70732,SPECIALIZED HOSPITAL SERVICES,450000000.0,100000000.0,0.0,250000000.0,99,0.2108,0.2254
Upgrading of Munya primary Health care to rural hospital,056900100100,Ministry of Health,12621800,MUNYA,23030105,REHABILITATION / REPAIRS - HOSPITAL / HEALTH CENTRES,70732,SPECIALIZED HOSPITAL SERVICES,50000000.0,100000000.0,0.0,50000000.0,99,0.2263,0.2407
Upgrading of Agwara primary Health care to rural hospital,056900100100,Ministry of Health,12630200,AGWARA,23030105,REHABILITATION / REPAIRS - HOSPITAL / HEALTH CENTRES,70732,SPECIALIZED HOSPITAL SERVICES,50000000.0,500000000.0,250000000.0,50000000.0,99,0.2418,0.256
Upgrading of Lemu primary Health care to rural hospital,056900100100,Ministry of Health,12610700,GBAKO,23030105,REHABILITATION / REPAIRS - HOSPITAL / HEALTH CENTRES,70732,SPECIALIZED HOSPITAL SERVICES,50000000.0,100000000.0,0.0,0.0,99,0.2565,0.2713
"Remodelling of Bangi Rural Hospital, Mariga LGA",056900100100,Ministry of Health,12631400,MARIGA,23030105,REHABILITATION / REPAIRS - HOSPITAL / HEALTH CENTRES,70732,SPECIALIZED HOSPITAL SERVICES,0.0,50000000.0,0.0,450425375.0,99,0.2721,0.2866
Renovation of Rural Hospital Kafin koro,056900100100,Ministry of Health,12621900,PAIKORO,23030105,REHABILITATION / REPAIRS - HOSPITAL / HEALTH CENTRES,70732,SPECIALIZED HOSPITAL SERVICES,0.0,100000000.0,0.0,0.0,99,0.2876,0.3019
Upgrading of PHC Paiko to General Hospital,056900100100,Ministry of Health,12621900,PAIKORO,23030105,REHABILITATION / REPAIRS - HOSPITAL / HEALTH CENTRES,70732,SPECIALIZED HOSPITAL SERVICES,0.0,100000000.0,0.0,100000000.0,99,0.3023,0.3172
Renovation and Furnishing of General Hospitals Lapai,056900100100,Ministry of Health,12611100,LAPAI,23030105,REHABILITATION / REPAIRS - HOSPITAL / HEALTH CENTRES,70731,GENERAL HOSPITAL SERVICES,550000000.0,100000000.0,0.0,200000000.0,99,0.3178,0.3325
"Renovation/Furnishing of General Hospital, Mokwa",056900100100,Ministry of Health,12611700,MOKOWA,23030105,REHABILITATION / REPAIRS - HOSPITAL / HEALTH CENTRES,70731,GENERAL HOSPITAL SERVICES,550000000.0,200000000.0,0.0,0.0,99,0.3333,0.3478
"Completion of Neonatal hospital, Minna",056900100100,Ministry of Health,12621600,CHANCHAGA,23020106,CONSTRUCTION / PROVISION OF HOSPITALS / HEALTH CENTRES,70731,GENERAL HOSPITAL SERVICES,50000000.0,100000000.0,0.0,300000000.0,99,0.3489,0.3631
Reconstruction/Renovation of general hospital Bida,056900100100,Ministry of Health,12610300,BIDA,23020106,CONSTRUCTION / PROVISION OF HOSPITALS / HEALTH CENTRES,70731,GENERAL HOSPITAL SERVICES,50000000.0,200000000.0,0.0,1245243181.0,99,0.3636,0.3784
Rehabilitation of General Hospital Kutigi,056900100100,Ministry of Health,12611200,LAVUN,23030105,REHABILITATION / REPAIRS - HOSPITAL / HEALTH CENTRES,70731,GENERAL HOSPITAL SERVICES,73233605.08,450000000.0,0.0,0.0,99,0.3791,0.3936
Purchase of 12no Ambulances for General Hospitals,056900100100,Ministry of Health,12642600,STATE WIDE,23010106,PURCHASE OF VANS,70731,GENERAL HOSPITAL SERVICES,50000000.0,1000000000.0,987385627.28,276000000.0,99,0.3954,0.4017
"Construction of Additional Two Wards and Fencing of General Hospital, Wushishi",056900100100,Ministry of Health,12632500,WUSHISHI,23020106,CONSTRUCTION / PROVISION OF HOSPITALS / HEALTH CENTRES,70731,GENERAL HOSPITAL SERVICES,50000000.0,100000000.0,0.0,50000000.0,99,0.4036,0.4182
"Renovation of Tunga Yakubu General Hospital, Tafa",056900100100,Ministry of Health,12622400,TAFA,23030105,REHABILITATION / REPAIRS - HOSPITAL / HEALTH CENTRES,70731,GENERAL HOSPITAL SERVICES,50000000.0,100000000.0,0.0,0.0,99,0.4191,0.4334
Renovation of Umaru Musa Yar'adua General Hospital Sabon Wuse,056900100100,Ministry of Health,12622400,TAFA,23030105,REHABILITATION / REPAIRS - HOSPITAL / HEALTH CENTRES,70731,GENERAL HOSPITAL SERVICES,91500000.0,200000000.0,0.0,300000000.0,99,0.4346,0.4487
Construction of General Hospital New Bussa,056900100100,Ministry of Health,12630400,BORGU,23020106,CONSTRUCTION / PROVISION OF HOSPITALS / HEALTH CENTRES,70731,GENERAL HOSPITAL SERVICES,526461525.0,100000000.0,0.0,0.0,99,0.4493,0.464
"Renovation of Nursing Council Office, Minna",056900100100,Ministry of Health,12642600,STATE WIDE,23030105,REHABILITATION / REPAIRS - HOSPITAL / HEALTH CENTRES,70731,GENERAL HOSPITAL SERVICES,6942138347.81,50000000.0,0.0,20000000.0,99,0.4649,0.4793
"Reconstruction of General Hospital, Tunga Magajiya",056900100100,Ministry of Health,12632100,RIJAU,23020106,CONSTRUCTION / PROVISION OF HOSPITALS / HEALTH CENTRES,70731,GENERAL HOSPITAL SERVICES,2024501339.27,1000000000.0,0.0,500000000.0,99,0.4804,0.4946
Remodelling of Suleja General Hospital,056900100100,Ministry of Health,12622300,SULEJA,23030105,REHABILITATION / REPAIRS - HOSPITAL / HEALTH CENTRES,70731,GENERAL HOSPITAL SERVICES,4020000000.0,200000000.0,0.0,100000000.0,99,0.4951,0.5099
Remodelling of Minna General Hospital,056900100100,Ministry of Health,12610600,EDATI,23030105,REHABILITATION / REPAIRS - HOSPITAL / HEALTH CENTRES,70731,GENERAL HOSPITAL SERVICES,0.0,400000000.0,0.0,4784072004.0,99,0.5106,0.5252
Remodelling of Kontagora General Hospital,056900100100,Ministry of Health,12631000,KONTAGORA,23030105,REHABILITATION / REPAIRS - HOSPITAL / HEALTH CENTRES,70731,GENERAL HOSPITAL SERVICES,0.0,200000000.0,0.0,400000000.0,99,0.5261,0.5405
"Construction of Fence, Gate House, Roads and Drainages at IBBTH",056900100100,Ministry of Health,12642600,STATE WIDE,23020114,CONSTRUCTION / PROVISION OF ROADS,70732,SPECIALIZED HOSPITAL SERVICES,1320206800.0,701948700.0,0.0,805841716.21,99,0.5417,0.5558
"Expansion of the Existing Structures and Construction of Additional Buildings including Electrical and Fire Protection System at IBBTH (FG Grant =N1,103,610,943.50 & CDF=N2,150,199,691.50)",056900100100,Ministry of Health,12642600,STATE WIDE,23020103,CONSTRUCTION / PROVISION OF ELECTRICITY,70732,SPECIALIZED HOSPITAL SERVICES,2111417511.37,5206097016.0,1000000000.0,5343417724.06,99,0.5596,0.5827
"Procurement of 100no. Stryker hospital bed, 10no. Cadiac vascula machine, 2no. Anesthesia Machine, 5n0. Ultrasound scanning machine,and 2no. Topcon 3D OCT machine at IBBTH",056900100100,Ministry of Health,12642600,STATE WIDE,23020127,CONSTRUCTION OF ICT INFRASTRUCTURES,70732,SPECIALIZED HOSPITAL SERVICES,0.0,1550001784.8,1523803135.75,0.0,99,0.5866,0.6095
Consultancy Services on the Conversion of Shiroro to IBBTH,056900100100,Ministry of Health,12642600,STATE WIDE,23020106,CONSTRUCTION / PROVISION OF HOSPITALS / HEALTH CENTRES,70732,SPECIALIZED HOSPITAL SERVICES,20760000.0,114906138.0,0.0,200000000.0,99,0.6103,0.6244
"Procurement of Ultrasound Scan, Sickbay, Stretcher, X-Ray machine, Anesthesia Machine and other Equiptments",056900100100,Ministry of Health,12642600,STATE WIDE,23010122,PURCHASE OF HEALTH / MEDICAL EQUIPMENT,70712,OTHER MEDICAL PRODUCTS,0.0,2000000000.0,206465116.28,5000000000.0,99,0.625,0.6397
Procurement of Drones for Last Mile Distribution of Drugs,056900100100,Ministry of Health,12642600,STATE WIDE,23010122,PURCHASE OF HEALTH / MEDICAL EQUIPMENT,70712,OTHER MEDICAL PRODUCTS,0.0,300000000.0,136705389.03,0.0,99,0.6405,0.655
"Conversion of Old Secretariat to School of Medical and Health Sciences, Minna (ECOWAS BANK)",056900100100,Ministry of Health,12642600,STATE WIDE,23020106,CONSTRUCTION / PROVISION OF HOSPITALS / HEALTH CENTRES,70732,SPECIALIZED HOSPITAL SERVICES,0.0,4000000000.0,1556423410.36,3000000000.0,99,0.656,0.6703
"Health Commodities: Amoxil cap 500mg, Tabs Augmentine 625mg, Modiretic tabs and Amlodipine tabs",056900100100,Ministry of Health,12642600,STATE WIDE,23010122,PURCHASE OF HEALTH / MEDICAL EQUIPMENT,70711,PHARMACEUTICAL PRODUCTS,0.0,100000000.0,0.0,0.0,99,0.6708,0.6856
"Hospital comsumables:Canular, Iv giving set, Blood giving set, Surgical gloves, Catheters and Larex gloves.",056900100100,Ministry of Health,12642600,STATE WIDE,23010122,PURCHASE OF HEALTH / MEDICAL EQUIPMENT,70711,PHARMACEUTICAL PRODUCTS,0.0,55000000.0,0.0,0.0,99,0.6863,0.7009
"Quality control lab reagent: Hydrochloric acid (Con), Sulphuric acid, Phenol Red Solution, Ethanol 96%, Acid Ammonium Iron and Acetone",056900100100,Ministry of Health,12642600,STATE WIDE,23010122,PURCHASE OF HEALTH / MEDICAL EQUIPMENT,70711,PHARMACEUTICAL PRODUCTS,0.0,10000000.0,0.0,0.0,99,0.7051,0.7199
"Quality control lap equipment: Mixing Machine Blender, Spectrophotometer calibration kit, and Gas chromatography calibration kit",056900100100,Ministry of Health,12642600,STATE WIDE,23010122,PURCHASE OF HEALTH / MEDICAL EQUIPMENT,70711,PHARMACEUTICAL PRODUCTS,0.0,50000000.0,0.0,0.0,99,0.7247,0.7472
"Procurement of Raw and Packaging Materials: Methanol x1, Drumx, 100ml, spirit, 200ml Dimto Bottles, 1Litre Dishwash bootles and Others",056900100100,Ministry of Health,12642600,STATE WIDE,23010122,PURCHASE OF HEALTH / MEDICAL EQUIPMENT,70711,PHARMACEUTICAL PRODUCTS,0.0,20000000.0,0.0,0.0,99,0.7475,0.7701
purchase of 2no. SharpAR 5731 Printer and UPS,056900100100,Ministry of Health,12642600,STATE WIDE,23010114,PURCHASE OF COMPUTER PRINTERS,70721,GENERAL MEDICAL SERVICES,0.0,5000000.0,0.0,0.0,99,0.7745,0.7809
Monitoring Supervision of Data Collecting Centre,056900100100,Ministry of Health,12642600,STATE WIDE,23020106,CONSTRUCTION / PROVISION OF HOSPITALS / HEALTH CENTRES,70722,SPECIALIZED MEDICAL SERVICES,0.0,5000000.0,0.0,5000000.0,99,0.7859,0.8003
Purchase of Book of Record for all the General Hospitals in The State,056900100100,Ministry of Health,12642600,STATE WIDE,23010122,PURCHASE OF HEALTH / MEDICAL EQUIPMENT,70722,SPECIALIZED MEDICAL SERVICES,0.0,5000000.0,0.0,0.0,99,0.8015,0.8156
Purchase of 20no. Desktop Computers for Health Information System,056900100100,Ministry of Health,12642600,STATE WIDE,23010113,PURCHASE OF COMPUTERS,70722,SPECIALIZED MEDICAL SERVICES,0.0,10000000.0,0.0,10000000.0,99,0.8203,0.8268
Development of Electronic medical Record (EMR) software,056900100100,Ministry of Health,12642600,STATE WIDE,23050102,COMPUTER SOFTWARE ACQUISITION,70722,SPECIALIZED MEDICAL SERVICES,0.0,20000000.0,0.0,20000000.0,99,0.8358,0.8421
"Purchase of Digital thermometer, stethoscope, telemedicine carts with battery supply",056900100100,Ministry of Health,12642600,STATE WIDE,23010122,PURCHASE OF HEALTH / MEDICAL EQUIPMENT,70722,SPECIALIZED MEDICAL SERVICES,0.0,10000000.0,0.0,10000000.0,100,0.1348,0.1489
"Construction and Equipping of 4no Science Laboratories at Social Rehabilitation Centre, Minna",056900100100,Ministry of Health,12642600,STATE WIDE,23020106,CONSTRUCTION / PROVISION OF HOSPITALS / HEALTH CENTRES,70721,GENERAL MEDICAL SERVICES,0.0,25000000.0,0.0,50000000.0,100,0.1495,0.1642
Conversion of Social Rehabilitation Centre to Neuro Psychiatric,056900100100,Ministry of Health,12642600,STATE WIDE,23030105,REHABILITATION / REPAIRS - HOSPITAL / HEALTH CENTRES,70721,GENERAL MEDICAL SERVICES,0.0,500000000.0,300000000.0,300000000.0,100,0.165,0.1795
Purchase of 5no. GeneXpert machineTuberclosis and Leprosy diagnosis (TLMIN ) at Lecprocy centre Bosso,056900100100,Ministry of Health,12620500,BOSSO,23010122,PURCHASE OF HEALTH / MEDICAL EQUIPMENT,70721,GENERAL MEDICAL SERVICES,0.0,99517326.0,0.0,50000000.0,100,0.1806,0.1948
Renovation/ Equipping of Chanchaga Leprosium,056900100100,Ministry of Health,12642600,STATE WIDE,23030105,REHABILITATION / REPAIRS - HOSPITAL / HEALTH CENTRES,70721,GENERAL MEDICAL SERVICES,0.0,200000000.0,0.0,100000000.0,100,0.1953,0.2101
"Purchase of 10,000 carton of artermether Drugs for reduction of Malaria (Malaria Consortium).",056900100100,Ministry of Health,12642600,STATE WIDE,23010122,PURCHASE OF HEALTH / MEDICAL EQUIPMENT,70741,PUBLIC HEALTH SERVICES,0.0,150000000.0,0.0,150000000.0,100,0.2108,0.2254
NCDs Activity 1: Procurement of commodities for cervical cancer prevention services in 20 facilities across the state and Scale up,056900100100,Ministry of Health,12642600,STATE WIDE,23010122,PURCHASE OF HEALTH / MEDICAL EQUIPMENT,70741,PUBLIC HEALTH SERVICES,0.0,100000000.0,0.0,100000000.0,100,0.2263,0.2444
cervical cancer prevention services in 6 HCFs across the state Sesitization on Public Health Programme on Covid-19,056900100100,Ministry of Health,12642600,STATE WIDE,23050101,RESEARCH AND DEVELOPMENT,70741,PUBLIC HEALTH SERVICES,0.0,454183400.0,245000000.0,0.0,100,0.2426,0.2564
Management Science for Health - MALARIA ELIMINATION PROGRAMME,056900100100,Ministry of Health,12642600,STATE WIDE,23050101,RESEARCH AND DEVELOPMENT,70741,PUBLIC HEALTH SERVICES,0.0,889579883.0,500000000.0,350000000.0,100,0.2582,0.2729
Conduct State Level Train of Trainers on WASH /NTDs Approach,056900100100,Ministry of Health,12642600,STATE WIDE,23050101,RESEARCH AND DEVELOPMENT,70741,PUBLIC HEALTH SERVICES,0.0,50000000.0,0.0,50000000.0,100,0.2745,0.2809
"Purchase of 10no. Microscope, 10no. Rapid Diagnostic Test Reader and 10.no Bio safety Cabinet for malaria control",056900100100,Ministry of Health,12631000,KONTAGORA,23010122,PURCHASE OF HEALTH / MEDICAL EQUIPMENT,70741,PUBLIC HEALTH SERVICES,0.0,30000000.0,0.0,30000000.0,100,0.2827,0.2974
Procurement of TB Medical & Laboratory Equiptments,056900100100,Ministry of Health,12642600,STATE WIDE,23010122,PURCHASE OF HEALTH / MEDICAL EQUIPMENT,70741,PUBLIC HEALTH SERVICES,0.0,30000000.0,0.0,30000000.0,100,0.2982,0.3127
Training of M&E Malaria Programme Officers on accountability and Data Management Across the State,056900100100,Ministry of Health,12642600,STATE WIDE,23050108,Skills Acquisition,70741,PUBLIC HEALTH SERVICES,0.0,20000000.0,0.0,20000000.0,100,0.3137,0.328
Procurement of 5no. Retinoscope machine for Eye Health,056900100100,Ministry of Health,12642600,STATE WIDE,23010122,PURCHASE OF HEALTH / MEDICAL EQUIPMENT,70741,PUBLIC HEALTH SERVICES,0.0,20000000.0,0.0,150000000.0,100,0.3284,0.3433
"Purchase of First Aid Kits, flashlights,sleeping bags and blankets for Public Health Emergences",056900100100,Ministry of Health,12642600,STATE WIDE,23050101,RESEARCH AND DEVELOPMENT,70741,PUBLIC HEALTH SERVICES,0.0,150000000.0,0.0,0.0,100,0.344,0.3585
"Sensitization on Hepatitis (Control Programe) Procurement of 20no. Portable massager, 20no. Sit up abdorminal",056900100100,Ministry of Health,12642600,STATE WIDE,23050101,RESEARCH AND DEVELOPMENT,70741,PUBLIC HEALTH SERVICES,0.0,100000000.0,0.0,200000000.0,100,0.3603,0.3742
"exercise machine, 20no. Automatic rebound abdorminal machine and 20no. Smart wireless food purification for Health System",056900100100,Ministry of Health,12642600,STATE WIDE,23010122,PURCHASE OF HEALTH / MEDICAL EQUIPMENT,70741,PUBLIC HEALTH SERVICES,0.0,100000000.0,0.0,0.0,100,0.3758,0.3907
Strenghtening construction of a block of 5no. Offices for Strenthening Health System in minna,056900100100,Ministry of Health,12642600,STATE WIDE,23020106,CONSTRUCTION / PROVISION OF HOSPITALS / HEALTH CENTRES,70741,PUBLIC HEALTH SERVICES,0.0,100000000.0,0.0,0.0,100,0.393,0.4134
Purchase of 5no Ambulances,056900100100,Ministry of Health,12642600,STATE WIDE,23020106,CONSTRUCTION / PROVISION OF HOSPITALS / HEALTH CENTRES,70741,PUBLIC HEALTH SERVICES,0.0,500000000.0,0.0,0.0,100,0.4142,0.4287
Rehabilitation of drugs and Hospitable consumable centre Minna,056900100100,Ministry of Health,12621600,CHANCHAGA,23030121,REHABILITATION / REPAIRS OF OFFICE BUILDINGS,70741,PUBLIC HEALTH SERVICES,0.0,362644980.0,0.0,100000000.0,100,0.4297,0.444
Health Promotion Activities (JHPIEGO),056900100100,Ministry of Health,12642600,STATE WIDE,23020106,CONSTRUCTION / PROVISION OF HOSPITALS / HEALTH CENTRES,70741,PUBLIC HEALTH SERVICES,0.0,250000000.0,0.0,100000000.0,100,0.4444,0.4593
"xvi. Remodelling of General Hospital, Kagara",056900100100,Ministry of Health,12622000,RAFI,23030105,REHABILITATION / REPAIRS - HOSPITAL / HEALTH CENTRES,70741,PUBLIC HEALTH SERVICES,0.0,600000000.0,0.0,0.0,100,0.46,0.4746
"xvii. Renovation/Rehabilitation of Amina Isa General Hospital, Mariga",056900100100,Ministry of Health,12631400,MARIGA,23030105,REHABILITATION / REPAIRS - HOSPITAL / HEALTH CENTRES,70741,PUBLIC HEALTH SERVICES,0.0,500000000.0,0.0,0.0,100,0.4755,0.4899
Renovation and Furnishing of General Hospitals Kagara,056900100100,Ministry of Health,12622000,RAFI,23030105,REHABILITATION / REPAIRS - HOSPITAL / HEALTH CENTRES,70731,GENERAL HOSPITAL SERVICES,0.0,100000000.0,0.0,500000000.0,100,0.491,0.5052
i. Procurement of 25nos HP Printers,056900100100,Ministry of Health,12621600,CHANCHAGA,23010114,PURCHASE OF COMPUTER PRINTERS,70761,HEALTH N.E.C.,0.0,0.0,0.0,22000000.0,100,0.5098,0.5164
ii. Conducting State Health Accounts Survey for Health Expendidure Tracking,056900100100,Ministry of Health,12621600,CHANCHAGA,23050101,RESEARCH AND DEVELOPMENT,70761,HEALTH N.E.C.,0.0,0.0,0.0,22500000.0,100,0.5212,0.5358
iii. procurement of office chairs and tables 50 nos,056900100100,Ministry of Health,12621600,CHANCHAGA,23010112,PURCHASE OF OFFICE FURNITURE AND FITTINGS,70761,HEALTH N.E.C.,0.0,0.0,0.0,70000000.0,100,0.5368,0.5511
iv. Purchase of 60nos Strechers and 40nos wheel chairs for State Emergency Medical service,056900100100,Ministry of Health,12621600,CHANCHAGA,23010122,PURCHASE OF HEALTH / MEDICAL EQUIPMENT,70761,HEALTH N.E.C.,0.0,0.0,0.0,50000000.0,100,0.5523,0.5664
"v. Procuremnt of 50 laptops, 50 tablets and installation of digital EMR for the 25 General hospitals,",056900100100,Ministry of Health,12621600,CHANCHAGA,23010113,PURCHASE OF COMPUTERS,70761,HEALTH N.E.C.,0.0,0.0,0.0,125000000.0,100,0.567,0.5817
vi. Procurement of 12 Hiluxs Vehicles,056900100100,Ministry of Health,12621600,CHANCHAGA,23010105,PURCHASE OF MOTOR VEHICLES,70761,HEALTH N.E.C.,0.0,0.0,0.0,909809348.0,100,0.5833,0.5897
xi. Renovation Of General hospital Kuta And Completion Of Perimeter Fence,056900100100,Ministry of Health,12622200,SHIRORO,23030105,REHABILITATION / REPAIRS - HOSPITAL / HEALTH CENTRES,70761,HEALTH N.E.C.,0.0,0.0,0.0,200000000.0,100,0.5915,0.6062
xii Renovation Of General Hospital- Gulu,056900100100,Ministry of Health,12611100,LAPAI,23030105,REHABILITATION / REPAIRS - HOSPITAL / HEALTH CENTRES,70761,HEALTH N.E.C.,0.0,0.0,0.0,100000000.0,100,0.607,0.6215
Provision/Installation of Ethnomet vitual machine designated facility,056900100100,Ministry of Health,12621600,CHANCHAGA,23010122,PURCHASE OF HEALTH / MEDICAL EQUIPMENT,70761,HEALTH N.E.C.,0.0,0.0,0.0,300000000.0,100,0.6225,0.6368
Consultancy on shipment of medical equipment,056900100100,Ministry of Health,12621600,CHANCHAGA,23050103,MONITORING AND EVALUATION,70761,HEALTH N.E.C.,0.0,0.0,0.0,500000000.0,100,0.6389,0.6448
Shipment of medical equipment under Project CARE,056900100100,Ministry of Health,12621600,CHANCHAGA,23010122,PURCHASE OF HEALTH / MEDICAL EQUIPMENT,70761,HEALTH N.E.C.,0.0,0.0,0.0,1700000000.0,100,0.6471,0.6613
Construction of Doctor's Quarter (3no 3 bedroom) at IBB Specialist Hospital Minna,056900200100,IBB Specialist Hospital,12621600,CHANCHAGA,23020102,CONSTRUCTION / PROVISION OF RESIDENTIAL BUILDINGS,70722,SPECIALIZED MEDICAL SERVICES,250000000.0,250000000.0,0.0,0.0,100,0.6618,0.6766
Construction of Cafeterial,056900200100,IBB Specialist Hospital,12621600,CHANCHAGA,23020106,CONSTRUCTION / PROVISION OF HOSPITALS / HEALTH CENTRES,70722,SPECIALIZED MEDICAL SERVICES,0.0,80000000.0,0.0,150000000.0,100,0.6773,0.6919
Construction of Trauma/Surgical Complex,056900200100,IBB Specialist Hospital,12621600,CHANCHAGA,23020106,CONSTRUCTION / PROVISION OF HOSPITALS / HEALTH CENTRES,70722,SPECIALIZED MEDICAL SERVICES,0.0,500000000.0,0.0,700000000.0,100,0.6928,0.7072
Construction of GOPD Patient Waiting Area,056900200100,IBB Specialist Hospital,12621600,CHANCHAGA,23020106,CONSTRUCTION / PROVISION OF HOSPITALS / HEALTH CENTRES,70722,SPECIALIZED MEDICAL SERVICES,0.0,70000000.0,0.0,150000000.0,100,0.7083,0.7225
Construction of Isolation Center,056900200100,IBB Specialist Hospital,12621600,CHANCHAGA,23020106,CONSTRUCTION / PROVISION OF HOSPITALS / HEALTH CENTRES,70722,SPECIALIZED MEDICAL SERVICES,250000000.0,70000000.0,0.0,150000000.0,100,0.723,0.7378
Construction of Patient Relative Waiting Area,056900200100,IBB Specialist Hospital,12621600,CHANCHAGA,23020106,CONSTRUCTION / PROVISION OF HOSPITALS / HEALTH CENTRES,70732,SPECIALIZED HOSPITAL SERVICES,41715094.26,70000000.0,0.0,200000000.0,100,0.7386,0.7531
Completion of Remodelling of IBBSH,056900200100,IBB Specialist Hospital,12621600,CHANCHAGA,23030105,REHABILITATION / REPAIRS - HOSPITAL / HEALTH CENTRES,70722,SPECIALIZED MEDICAL SERVICES,0.0,700000000.0,0.0,1000000000.0,100,0.7541,0.7684
"Procurement of Upper Endoscopy, ECG Machine, 3no Dialysis Machine MRI, Blood Bank and Other Medical Equipment for IBBSH",056900200100,IBB Specialist Hospital,12621600,CHANCHAGA,23010122,PURCHASE OF HEALTH / MEDICAL EQUIPMENT,70713,THERAPEUTIC APPLIANCES AND EQUIPTMENT,0.0,2500000000.0,0.0,2500000000.0,100,0.7688,0.7836
Purchase of 1no Hiace Staff Bus and 1no Ambulance,056900200100,IBB Specialist Hospital,12621600,CHANCHAGA,23010108,PURCHASE OF BUSES,70732,SPECIALIZED HOSPITAL SERVICES,0.0,40000000.0,0.0,100000000.0,100,0.7884,0.7948
"Drilling of 2no Motorized Bore hole and Installation of 4,000 Liters Tank At IBBSH",056900200100,IBB Specialist Hospital,12621600,CHANCHAGA,23020105,CONSTRUCTION / PROVISION OF WATER FACILITIES,70732,SPECIALIZED HOSPITAL SERVICES,0.0,20000000.0,0.0,50000000.0,100,0.7998,0.8142
Procurement of 32 seater coaster Bus,056910400100,College of Nursing and Mid Wifery kontagora,12631000,KONTAGORA,23010105,PURCHASE OF MOTOR VEHICLES,70941,FIRST STAGE OF TERTIARY EDUCATION,0.0,32000000.0,0.0,32000000.0,100,0.8154,0.8295
Completion of 55no Female Hostel,056910400100,College of Nursing and Mid Wifery kontagora,12631000,KONTAGORA,23020107,CONSTRUCTION / PROVISION OF PUBLIC SCHOOLS,70941,FIRST STAGE OF TERTIARY EDUCATION,0.0,166000000.0,0.0,216000000.0,100,0.8301,0.8448
Construction of 3no Bungalow Self contained Bedrooms for Directors,056910400100,College of Nursing and Mid Wifery kontagora,12631000,KONTAGORA,23020102,CONSTRUCTION / PROVISION OF RESIDENTIAL BUILDINGS,70941,FIRST STAGE OF TERTIARY EDUCATION,0.0,37000000.0,0.0,37000000.0,101,0.1348,0.1489
Construction of store at the college,056910400100,College of Nursing and Mid Wifery kontagora,12631000,KONTAGORA,23020118,CONSTRUCTION / PROVISION OF INFRASTRUCTURE,70941,FIRST STAGE OF TERTIARY EDUCATION,0.0,15000000.0,0.0,15000000.0,101,0.1495,0.1642
Accreditation of Midwifery Department school of Nursing Bida,056910400200,College of Nursing Sciences Bida,12631000,KONTAGORA,23050101,RESEARCH AND DEVELOPMENT,70941,FIRST STAGE OF TERTIARY EDUCATION,42476524.46,50000000.0,0.0,100000000.0,101,0.165,0.1795
Purchase of 272 no. of Hand Paded Chairs,056910400200,College of Nursing Sciences Bida,12631000,KONTAGORA,23010112,PURCHASE OF OFFICE FURNITURE AND FITTINGS,70941,FIRST STAGE OF TERTIARY EDUCATION,80000000.0,15000000.0,0.0,15000000.0,101,0.1806,0.1948
Construction of 250 capacity lecture theatre,056910400200,College of Nursing Sciences Bida,12631000,KONTAGORA,23030106,REHABILITATION / REPAIRS - PUBLIC SCHOOLS,70941,FIRST STAGE OF TERTIARY EDUCATION,65000000.0,185000000.0,0.0,185000000.0,101,0.1953,0.2101
purchase of 1no. Toyota Camry. 1no.Toyota Hilux and 2no. Toyota corrolla saloon,056910400300,College of Midwifery Minna,12631000,KONTAGORA,23010105,PURCHASE OF MOTOR VEHICLES,70941,FIRST STAGE OF TERTIARY EDUCATION,0.0,150000000.0,0.0,150000000.0,101,0.2108,0.2254
Renovation of Midwifery Laboratory Models,056910400300,College of Midwifery Minna,12631000,KONTAGORA,23030106,REHABILITATION / REPAIRS - PUBLIC SCHOOLS,70941,FIRST STAGE OF TERTIARY EDUCATION,0.0,100000000.0,0.0,100000000.0,101,0.2263,0.2407
Renovation of female Hostel,056910600100,School of Health Technology Minna,12621600,CHANCHAGA,23030106,REHABILITATION / REPAIRS - PUBLIC SCHOOLS,70941,FIRST STAGE OF TERTIARY EDUCATION,0.0,70000000.0,0.0,70000000.0,101,0.2418,0.256
"Purchase of 2,000no Tables and Chairs",056910600100,School of Health Technology Minna,12621600,CHANCHAGA,23010112,PURCHASE OF OFFICE FURNITURE AND FITTINGS,70941,FIRST STAGE OF TERTIARY EDUCATION,100000000.0,100000000.0,0.0,100000000.0,101,0.2565,0.2713
Renovation of 6no Classroom,056910600100,School of Health Technology Minna,12621600,CHANCHAGA,23030106,REHABILITATION / REPAIRS - PUBLIC SCHOOLS,70941,FIRST STAGE OF TERTIARY EDUCATION,0.0,80000000.0,0.0,80000000.0,101,0.2721,0.2866
"Construction of School Auditorium, Administrative Block and general rehabilitaion of the School",056910600200,School of Health Technology Tungan Magajiya,12632100,RIJAU,23020107,CONSTRUCTION / PROVISION OF PUBLIC SCHOOLS,70941,FIRST STAGE OF TERTIARY EDUCATION,0.0,1000000000.0,0.0,500000000.0,101,0.2876,0.3019
Purchase of 2nos olympus BX51 up right microscope,056910600200,School of Health Technology Tungan Magajiya,12632100,RIJAU,23010122,PURCHASE OF HEALTH / MEDICAL EQUIPMENT,70941,FIRST STAGE OF TERTIARY EDUCATION,0.0,0.0,0.0,10000000.0,101,0.3023,0.3172
iii. Purchase of 88no HP Core i7 Laptops,056910600200,School of Health Technology Tungan Magajiya,12632100,RIJAU,23010113,PURCHASE OF COMPUTERS,70941,FIRST STAGE OF TERTIARY EDUCATION,0.0,0.0,0.0,27000000.0,101,0.3178,0.3325
iv. Construction of 15no Classrooms in the school,056910600200,School of Health Technology Tungan Magajiya,12632100,RIJAU,23020106,CONSTRUCTION / PROVISION OF HOSPITALS / HEALTH CENTRES,70941,FIRST STAGE OF TERTIARY EDUCATION,0.0,0.0,0.0,260000000.0,101,0.3333,0.3478
v. Renovation of Male and Female Hostels,056910600200,School of Health Technology Tungan Magajiya,12632100,RIJAU,23030106,REHABILITATION / REPAIRS - PUBLIC SCHOOLS,70941,FIRST STAGE OF TERTIARY EDUCATION,0.0,0.0,0.0,40000000.0,101,0.3489,0.3631
vii. Purchase of 1no 36 Seater Coaster Bus,056910600200,School of Health Technology Tungan Magajiya,12632100,RIJAU,23010105,PURCHASE OF MOTOR VEHICLES,70941,FIRST STAGE OF TERTIARY EDUCATION,0.0,0.0,0.0,120000000.0,101,0.3636,0.3784
viii. Purchase of 2no Official Cars and 1no Toyota Hilux Van,056910600200,School of Health Technology Tungan Magajiya,12632100,RIJAU,23010105,PURCHASE OF MOTOR VEHICLES,70941,FIRST STAGE OF TERTIARY EDUCATION,0.0,0.0,0.0,43000000.0,101,0.3791,0.3936
