project,amt_2024_actual,amt_2025_revised,amt_2025_perf,amt_2026_approved,amt_2027_estimate,amt_2028_estimate,amt_2026_tag_nutrition,source_page,page_y_top,page_y_bottom,mda_code,mda_name,economic_code,economic_name,function_code,function_name,location_code,location_name,program_code,program_name
Rapid responses Financial Support to fire victims and other disasters across the State,0.0,322500000.0,322500000.0,100000000.0,2500000000.0,2500000000.0,0.0,210,0.1152,0.13317,011100800100,State Emergency Management Agency (SEMA),23010139,PURCHASE OF POVERTY AND EMERGENCY RELIEF MATERIALS,71091,SOCIAL PROTECTION N.E.C.,33342400,State Wide,23070224000300,Emergency Response and Relief Services
Construction of SEMA office and warehouses in Sokoto,0.0,0.0,0.0,500000000.0,500000000.0,500000000.0,0.0,210,0.12337,0.14134,011100800100,State Emergency Management Agency (SEMA),23020101,CONSTRUCTION / PROVISION OF OFFICE BUILDINGS,71091,SOCIAL PROTECTION N.E.C.,33342400,State Wide,23070224000400,Emergency Response and Relief Services
"Relocation of flood victims in Sakkwai, Kwallasa, Kutufare, Illela Dabore and Lokoko in Tangaza, Gudu and Shagari consequtively",0.0,0.0,0.0,300000000.0,300000000.0,300000000.0,0.0,210,0.13154,0.14951,011100800100,State Emergency Management Agency (SEMA),23020118,CONSTRUCTION / PROVISION OF INFRASTRUCTURE,71091,SOCIAL PROTECTION N.E.C.,33342400,State Wide,23070224000500,Emergency Response and Relief Services
Establishment of Temporary IDP's Camps in the State,0.0,0.0,0.0,50000000.0,350000000.0,350000000.0,0.0,210,0.13971,0.15768,011100800100,State Emergency Management Agency (SEMA),23020118,CONSTRUCTION / PROVISION OF INFRASTRUCTURE,71091,SOCIAL PROTECTION N.E.C.,33342400,State Wide,23070224000600,Emergency Response and Relief Services
"Purchase of emergency relief materials such as matresses, blankets, buckets, food stuffs, utensils for Quick response assistance to victims of communal crises, Banditry, IDP's, Refugees and returnees.",0.0,0.0,0.0,200000000.0,150000000.0,150000000.0,0.0,210,0.14788,0.16585,011100800100,State Emergency Management Agency (SEMA),23010139,PURCHASE OF POVERTY AND EMERGENCY RELIEF MATERIALS,71091,SOCIAL PROTECTION N.E.C.,33342400,State Wide,23070224000700,Emergency Response and Relief Services
Provision of Reliief Materials to IDPs under UNSDPS (Delivery as One),0.0,0.0,0.0,50000000.0,50000000.0,50000000.0,0.0,210,0.15605,0.17402,011100800100,State Emergency Management Agency (SEMA),23010139,PURCHASE OF POVERTY AND EMERGENCY RELIEF MATERIALS,71091,SOCIAL PROTECTION N.E.C.,33342400,State Wide,23070224000800,Emergency Response and Relief Services
Purchase of 10no. HP Desktop and 7no of HP Laptops,0.0,40000000.0,0.0,0.0,0.0,0.0,0.0,210,0.19771,0.21569,011101000100,Bureau for Public Procurement and Price Intelligence,23010113,PURCHASE OF COMPUTERS,70133,OTHER GENERAL SERVICES,33312100,WAMAKKO,13100125000100,Reform of Government and Governance - General
Purchase of 60KVA Micano ST40 Generator,0.0,30000000.0,0.0,0.0,0.0,0.0,0.0,210,0.20588,0.22386,011101000100,Bureau for Public Procurement and Price Intelligence,23010119,PURCHASE OF POWER GENERATING SET,70133,OTHER GENERAL SERVICES,33312100,WAMAKKO,13100125000200,Reform of Government and Governance - General
Procurement of 1 No Toyota Hilux 2024 Model,0.0,0.0,0.0,0.0,200000000.0,200000000.0,0.0,210,0.21405,0.23203,011101000100,Bureau for Public Procurement and Price Intelligence,23010105,PURCHASE OF MOTOR VEHICLES,70133,OTHER GENERAL SERVICES,33312100,WAMAKKO,13100125000300,Reform of Government and Governance - General
"Construction of New office building at Sama Road, Area Sokoto",0.0,100000000.0,28500000.0,0.0,300000000.0,300000000.0,0.0,210,0.22222,0.2402,011101000100,Bureau for Public Procurement and Price Intelligence,23020101,CONSTRUCTION / PROVISION OF OFFICE BUILDINGS,70133,OTHER GENERAL SERVICES,33312100,WAMAKKO,13100125000400,Reform of Government and Governance - General
Procurement of Solar System in the Office Head quarter,0.0,0.0,0.0,20000000.0,20000000.0,20000000.0,0.0,210,0.23039,0.24837,011101000100,Bureau for Public Procurement and Price Intelligence,23020123,CONSTRUCTION OF TRAFFIC /STREET LIGHTS,70133,OTHER GENERAL SERVICES,33312100,WAMAKKO,13100126000100,Reform of Government and Governance - General
"Purchase of 600 No. Each of Knitting, Tailoring, Sewing Machines and tabs for Youth and Women Emp",0.0,400000000.0,0.0,350000000.0,400000000.0,400000000.0,0.0,210,0.27124,0.28922,011102000100,POVERTY REDUCTION PROGRAMME,23010129,PURCHASE OF INDUSTRIAL EQUIPMENT 71051 - UNEMPLOYMENT,,owerment,33342400,State Wide,03100125000100,Poverty Alleviation - General
Purchase and Distribution of 4000 Nos. Yamaha Pumping Machines,0.0,650000000.0,0.0,350000000.0,650000000.0,650000000.0,0.0,210,0.28023,0.2982,011102000100,POVERTY REDUCTION PROGRAMME,23010127,PURCHASE OF AGRICULTURAL EQUIPMENT,71051,UNEMPLOYMENT,33342400,State Wide,03100126000100,Poverty Alleviation - General
Procurement and Installation of 1000 no. Solar Inverter for Women empowerment,0.0,200000000.0,0.0,200000000.0,200000000.0,200000000.0,0.0,210,0.2884,0.30637,011102000100,POVERTY REDUCTION PROGRAMME,23020123,CONSTRUCTION OF TRAFFIC /STREET LIGHTS,71051,UNEMPLOYMENT,33342400,State Wide,03100126000200,Poverty Alleviation - General
Construction of SPORA Cottage Industries at Kasarawa,0.0,200000000.0,0.0,200000000.0,200000000.0,200000000.0,0.0,210,0.29657,0.31454,011102000100,POVERTY REDUCTION PROGRAMME,23020118,CONSTRUCTION / PROVISION OF INFRASTRUCTURE,71051,UNEMPLOYMENT,33312100,WAMAKKO,03100126000300,Poverty Alleviation - General
Purchase of 5 No. HP Computer laptop (high capacity/ speed for the Agency,0.0,3500000.0,0.0,3500000.0,0.0,0.0,0.0,210,0.30474,0.32271,011102000100,POVERTY REDUCTION PROGRAMME,23010113,PURCHASE OF COMPUTERS,70161,GENERAL PUBLIC SERVICES N.E.C.,33342400,State Wide,13100126000300,Reform of Government and Governance - General
"Purchase and distribution of textile design, Hairdressing, Barbing, cosmetology, and Photography Equip",0.0,700000000.0,0.0,400000000.0,700000000.0,700000000.0,0.0,210,0.31291,0.33088,011102000100,POVERTY REDUCTION PROGRAMME,23010129,PURCHASE OF INDUSTRIAL EQUIPMENT 71051 - UNEMPLOYMENT,,ment to 350 vulnerable graduate and non graduates in the state,33342400,State Wide,03100125000200,Poverty Alleviation - General
Purchase of 500 No. Keke Napep for Transportation Empowerment across the State,0.0,200000000.0,0.0,200000000.0,200000000.0,200000000.0,0.0,210,0.32108,0.33905,011102000100,POVERTY REDUCTION PROGRAMME,23010104,PURCHASE MOTOR CYCLES,71051,UNEMPLOYMENT,33342400,State Wide,03100126000400,Poverty Alleviation - General
"Purchase of 1No, 2022model Toyota hilux",0.0,70000000.0,0.0,0.0,0.0,0.0,0.0,210,0.36193,0.3799,011103500200,Primary School Staff Pension Board,23010105,PURCHASE OF MOTOR VEHICLES,70133,OTHER GENERAL SERVICES,33342400,State Wide,03100124001100,Poverty Alleviation - General
Renovation of Hajj Camp at Kasarawa and Aliyu Magatakarda Hajj terminal,0.0,50000000.0,0.0,229000000.0,0.0,0.0,0.0,210,0.40359,0.42157,011103700100,Pilgrims Welfare Agency,23030128,REHABILITATION/REPAIRS OF RELIGIOUS BUILDING,70841,RELIGIOUS AND OTHER COMMUNITY SERVICES,33312100,WAMAKKO,13100125000100,Reform of Government and Governance - General
Reconstruction of Pilgrims Welfare Agency at Ibrahim dasuki road,0.0,110000000.0,0.0,169140622.34,0.0,0.0,0.0,210,0.41176,0.42974,011103700100,Pilgrims Welfare Agency,23020101,CONSTRUCTION / PROVISION OF OFFICE BUILDINGS,70841,RELIGIOUS AND OTHER COMMUNITY SERVICES,33311700,SOKOTO SOUTH,13100125000200,Reform of Government and Governance - General
Construction of 300 capacity Hall at Pilgrims welfare Agency,0.0,180000000.0,0.0,0.0,0.0,0.0,0.0,210,0.41993,0.43791,011103700100,Pilgrims Welfare Agency,23020101,CONSTRUCTION / PROVISION OF OFFICE BUILDINGS,70841,RELIGIOUS AND OTHER COMMUNITY SERVICES,33311700,SOKOTO SOUTH,13100125000300,Reform of Government and Governance - General
"Purchase of executive tables, chairs, conference tables, desks, shelves, filing cabinets for New Pilgrims Welfere Agency",0.0,10000000.0,0.0,150000000.0,0.0,0.0,0.0,210,0.4281,0.44608,011103700100,Pilgrims Welfare Agency,23010112,PURCHASE OF OFFICE FURNITURE AND FITTINGS,70841,RELIGIOUS AND OTHER COMMUNITY SERVICES,33311700,SOKOTO SOUTH,13100125000400,Reform of Government and Governance - General
Purchase of 2no GMC and 30 seater Coaster bus for Pilgrims at Saudi Arabia,0.0,75000000.0,0.0,575000000.0,0.0,0.0,0.0,210,0.43627,0.45425,011103700100,Pilgrims Welfare Agency,23010108,PURCHASE OF BUSES,70841,RELIGIOUS AND OTHER COMMUNITY SERVICES,33342400,State Wide,13100125000500,Reform of Government and Governance - General
"Purchase of 5no 18 seater Busses and 2no Official Vehicle , one Land Cruiser Prado 2024 model and One Toyota Hillux 2024 model",0.0,75000000.0,0.0,0.0,0.0,0.0,0.0,210,0.44444,0.46242,011103700100,Pilgrims Welfare Agency,23010105,PURCHASE OF MOTOR VEHICLES,70841,RELIGIOUS AND OTHER COMMUNITY SERVICES,33342400,State Wide,13100125000600,Reform of Government and Governance - General
Construction of pathways in Sokoto metropolis (Malale),0.0,0.0,0.0,2500000000.0,300000000.0,250000000.0,0.0,210,0.48611,0.50408,011103800100,Department for Special Projects,23020114,CONSTRUCTION / PROVISION OF ROADS,70621,COMMUNITY DEVELOPMENT,33342400,State Wide,13100126000400,Reform of Government and Governance - General
Construction of 46No of Boreholes for 26 wards in the State,0.0,0.0,0.0,20000000.0,20000000.0,20000000.0,0.0,210,0.49428,0.51225,011103800100,Department for Special Projects,23020105,CONSTRUCTION / PROVISION OF WATER FACILITIES,70631,WATER SUPPLY,33342400,State Wide,13100126000500,Reform of Government and Governance - General
Renovation of Boreholes across 40 wards in the State,0.0,0.0,0.0,50000000.0,50000000.0,50000000.0,0.0,210,0.50245,0.52042,011103800100,Department for Special Projects,23030104,REHABILITATION / REPAIRS - WATER FACILITIES,70631,WATER SUPPLY,33342400,State Wide,13100126000600,Reform of Government and Governance - General
Construction of Small earth dam in each of the 3 Senatorial zones of the State,0.0,0.0,0.0,25000000.0,25000000.0,25000000.0,0.0,210,0.51062,0.52859,011103800100,Department for Special Projects,23020116,CONSTRUCTION / PROVISION OF WATER-WAYS,70621,COMMUNITY DEVELOPMENT,33342400,State Wide,13100126000700,Reform of Government and Governance - General
"Purchase of 10,000 units reflective Jackets for Kabu-Kabu as empowerment",11755000.0,45000000.0,0.0,522000000.0,22000000.0,22000000.0,0.0,210,0.55147,0.56944,016700100100,Ministry for Special Duties,23010129,PURCHASE OF INDUSTRIAL EQUIPMENT,70133,OTHER GENERAL SERVICES,33342400,State Wide,13100125000100,Reform of Government and Governance - General
Procurement of 50 no Bajaj and Kasea motorcycles as Empowerment,0.0,45000000.0,0.0,0.0,0.0,0.0,0.0,210,0.55964,0.57761,016700100100,Ministry for Special Duties,23010104,PURCHASE MOTOR CYCLES,70133,OTHER GENERAL SERVICES,33342400,State Wide,13100126000800,Reform of Government and Governance - General
Construction of Solar Powered Boreholes and Earth dams to communities across the State,0.0,70000000.0,4550000.0,70000000.0,70000000.0,70000000.0,0.0,210,0.56781,0.58578,016700100100,Ministry for Special Duties,23020105,CONSTRUCTION / PROVISION OF WATER FACILITIES,70133,OTHER GENERAL SERVICES,33342400,State Wide,13100125000200,Reform of Government and Governance - General
Special Donations and Gifts on behalf of Government,0.0,0.0,0.0,30000000.0,30000000.0,30000000.0,0.0,210,0.5768,0.59477,016700100100,Ministry for Special Duties,23050104,ANNIVERSARIES/CELEBRATIONS,70133,OTHER GENERAL SERVICES,33342400,State Wide,13100126000900,Reform of Government and Governance - General
Renovation of super quarters at Sama road,0.0,100000000.0,0.0,0.0,0.0,0.0,0.0,210,0.61765,0.63562,016100100100,SSG'S Office,23030101,REHABILITATION / REPAIRS OF RESIDENTIAL BUILDING,70133,OTHER GENERAL SERVICES,33312100,WAMAKKO,13100126001000,Reform of Government and Governance - General
Construcion of Dilapidated Governor' lodges at Lamido road kaduna,0.0,200000000.0,0.0,0.0,0.0,0.0,0.0,210,0.62582,0.64379,016100100100,SSG'S Office,23030101,REHABILITATION / REPAIRS OF RESIDENTIAL BUILDING,70111,EXECUTIVE AND LEGISLATIVE ORGANS,33342400,State Wide,13100125000100,Reform of Government and Governance - General
Rehabilitation of5 units VIP Villas in Sokoto,0.0,150400000.0,57684799.5,100000000.0,0.0,0.0,0.0,210,0.63399,0.65196,016100100100,SSG'S Office,23030101,REHABILITATION / REPAIRS OF RESIDENTIAL BUILDING,70133,OTHER GENERAL SERVICES,33312100,WAMAKKO,13100125000200,Reform of Government and Governance - General
Renovation of Presidential Lodge and VIP villas in Sokoto,0.0,470000000.0,369063596.54,1400000000.0,0.0,0.0,0.0,210,0.64216,0.66013,016100100100,SSG'S Office,23030101,REHABILITATION / REPAIRS OF RESIDENTIAL BUILDING,70111,EXECUTIVE AND LEGISLATIVE ORGANS,33312100,WAMAKKO,13100125000300,Reform of Government and Governance - General
Purchase of 30no. Parado 2023 model vehicles for members of the state Executive council,0.0,100000000.0,0.0,0.0,0.0,0.0,0.0,210,0.65033,0.6683,016100100100,SSG'S Office,23010105,PURCHASE OF MOTOR VEHICLES,70111,EXECUTIVE AND LEGISLATIVE ORGANS,33342400,State Wide,13100125000400,Reform of Government and Governance - General
Purchase of 40no. Changan vehicles for Special Advisers,0.0,100000000.0,0.0,0.0,0.0,0.0,0.0,210,0.6585,0.67647,016100100100,SSG'S Office,23010105,PURCHASE OF MOTOR VEHICLES,70111,EXECUTIVE AND LEGISLATIVE ORGANS,33342400,State Wide,13100125000500,Reform of Government and Governance - General
Rehabilitation of Governor's Lodge Abuja,0.0,300000000.0,0.0,1300000000.0,0.0,0.0,0.0,210,0.66667,0.68464,016100100100,SSG'S Office,23030103,REHABILITATION / REPAIRS - HOUSING,70111,EXECUTIVE AND LEGISLATIVE ORGANS,33342400,State Wide,13100125000600,Reform of Government and Governance - General
Maintenance of street lights within Sokoto metropolis,0.0,50000000.0,0.0,0.0,0.0,0.0,0.0,210,0.67484,0.69281,016100100100,SSG'S Office,23030123,REHABILITATION/REPAIRS- TRAFFIC /STREET LIGHTS,70133,OTHER GENERAL SERVICES,33342400,State Wide,13100125000700,Reform of Government and Governance - General
Construction of Guest House for Deputy Governor,0.0,0.0,0.0,100000000.0,0.0,0.0,0.0,210,0.68382,0.7018,016100100100,SSG'S Office,23020102,CONSTRUCTION / PROVISION OF RESIDENTIAL BUILDINGS,70111,EXECUTIVE AND LEGISLATIVE ORGANS,33342400,State Wide,13100126001100,Reform of Government and Governance - General
Renovation of Deputy Governors Official Residence,0.0,300000000.0,0.0,200000000.0,0.0,0.0,0.0,210,0.69199,0.70997,016100100100,SSG'S Office,23030101,REHABILITATION / REPAIRS OF RESIDENTIAL BUILDING,70111,EXECUTIVE AND LEGISLATIVE ORGANS,33312100,WAMAKKO,13100125000800,Reform of Government and Governance - General
Construction of ultra modern Villa at Government House Sokoto,0.0,0.0,0.0,7300000000.0,0.0,0.0,0.0,210,0.70016,0.71814,016100100100,SSG'S Office,23020101,CONSTRUCTION / PROVISION OF OFFICE BUILDINGS,70111,EXECUTIVE AND LEGISLATIVE ORGANS,33312100,WAMAKKO,05050126000100,Schools’ infrastructure construction and rehabilitation
Support for Human right and Donor Agencies,0.0,2324000000.0,2323864755.38,0.0,0.0,0.0,0.0,210,0.70833,0.72631,016100100100,SSG'S Office,23010119,PURCHASE OF POWER GENERATING SET,70133,OTHER GENERAL SERVICES,33342400,State Wide,13100125000900,Reform of Government and Governance - General
Construction of students Hostel at Usman Danfodio University Sokoto,0.0,0.0,0.0,350000000.0,0.0,0.0,0.0,210,0.7165,0.73448,016100100100,SSG'S Office,23020107,CONSTRUCTION / PROVISION OF PUBLIC SCHOOLS,70941,FIRST STAGE OF TERTIARY EDUCATION,33312100,WAMAKKO,05050126000200,Schools’ infrastructure construction and rehabilitation
"Procurement of 10 no each of Toyota Hilux, Buffalo and Toyota Avensis as assistance to security agencies in the state",0.0,550000000.0,0.0,550000000.0,0.0,0.0,0.0,210,0.72467,0.74265,016100100100,SSG'S Office,23010105,PURCHASE OF MOTOR VEHICLES,70361,PUBLIC ORDER AND SAFETY N.E.C.,33342400,State Wide,13100124000100,Reform of Government and Governance - General
"Made in the North Expo, Exhibition and Economic Summit",0.0,0.0,0.0,200000000.0,5000000000.0,7000000000.0,0.0,210,0.73284,0.75082,016100100100,SSG'S Office,23050108,CAPACITY DEVELOPMENT,70111,EXECUTIVE AND LEGISLATIVE ORGANS,33342400,State Wide,13100126001200,Reform of Government and Governance - General
"Support for the conduct of Surveys, Research and development in the state",0.0,100000000.0,10000000.0,0.0,0.0,0.0,0.0,210,0.74101,0.75899,016100100100,SSG'S Office,23050101,RESEARCH AND DEVELOPMENT,70971,R & D EDUCATION,33342400,State Wide,13100126001300,Reform of Government and Governance - General
Renovation of Sultan Residence in Abuja,0.0,100000000.0,0.0,0.0,0.0,0.0,0.0,210,0.74918,0.76716,016100100100,SSG'S Office,23030101,REHABILITATION / REPAIRS OF RESIDENTIAL BUILDING,70111,EXECUTIVE AND LEGISLATIVE ORGANS,33342400,State Wide,13100126001400,Reform of Government and Governance - General
Renovation of Government House sokoto,0.0,250000000.0,84614359.42,450000000.0,0.0,0.0,0.0,210,0.75735,0.77533,016100100100,SSG'S Office,23030121,REHABILITATION / REPAIRS OF OFFICE BUILDINGS,70111,EXECUTIVE AND LEGISLATIVE ORGANS,33342400,State Wide,13100126001500,Reform of Government and Governance - General
Renovation of Government House Clinic sokoto,0.0,50000000.0,0.0,50000000.0,0.0,0.0,0.0,210,0.76552,0.7835,016100100100,SSG'S Office,23030105,REHABILITATION / REPAIRS - HOSPITAL / HEALTH CENTRES,70731,GENERAL HOSPITAL SERVICES,33342400,State Wide,04050326000102,"Facility electrification, water and sanitation"
Support for project and programmes under UN delivery as one DAO,0.0,200000000.0,0.0,200000000.0,0.0,0.0,0.0,210,0.77369,0.79167,016100100100,SSG'S Office,23050101,RESEARCH AND DEVELOPMENT,70111,EXECUTIVE AND LEGISLATIVE ORGANS,33342400,State Wide,13100126001600,Reform of Government and Governance - General
"Procurement of 50 no vehicles comprising of Peogeot 406, Toyota Hilux, Hyundai, Toyota Avensis, Toyota Corolla, Parado jeep for Judiciary and other MDAs (General Pool)",0.0,3512997500.0,3512997500.0,5048500000.0,5000000000.0,5500000000.0,0.0,210,0.78268,0.80065,016100100100,SSG'S Office,23010105,PURCHASE OF MOTOR VEHICLES,70111,EXECUTIVE AND LEGISLATIVE ORGANS,33342400,State Wide,13100126001700,Reform of Government and Governance - General
Construction and completion of Jumuat mosque Farfaru,0.0,100000000.0,0.0,0.0,0.0,0.0,0.0,210,0.79085,0.80882,016100100100,SSG'S Office,23020128,CONSTUCTION/PROVISION OF RELIGIOUS BUILDING,70841,RELIGIOUS AND OTHER COMMUNITY SERVICES,33342400,State Wide,13100126001800,Reform of Government and Governance - General
"Purchase office chairs, cushions and varieties of household tables for Deputy Governor's Official Residence",0.0,50000000.0,13752000.0,50000000.0,0.0,0.0,0.0,210,0.79902,0.81699,016100100100,SSG'S Office,23010112,PURCHASE OF OFFICE FURNITURE AND FITTINGS,70111,EXECUTIVE AND LEGISLATIVE ORGANS,33342400,State Wide,13100126001900,Reform of Government and Governance - General
Purchase of 13 Additional Vehicles for Special Advisers,0.0,800000000.0,300364000.0,500000000.0,0.0,0.0,0.0,210,0.80719,0.82516,016100100100,SSG'S Office,23010105,PURCHASE OF MOTOR VEHICLES,70111,EXECUTIVE AND LEGISLATIVE ORGANS,33342400,State Wide,13100126002000,Reform of Government and Governance - General
Construction of additional Court complex at High Court of Justice Sokoto,0.0,630000000.0,307518331.19,1760000000.0,0.0,0.0,0.0,210,0.81536,0.83333,016100100100,SSG'S Office,23020101,CONSTRUCTION / PROVISION OF OFFICE BUILDINGS,70331,LAW COURTS,33342400,State Wide,13100125001000,Reform of Government and Governance - General
"Procurement and Installation Solar Inverter, Pannels and Lithium Batteries",0.0,0.0,0.0,2200000000.0,0.0,0.0,0.0,210,0.82353,0.8415,016100100100,SSG'S Office,23010119,PURCHASE OF POWER GENERATING SET,70331,LAW COURTS,33342400,State Wide,13100126002100,Reform of Government and Governance - General
Renovation of Governor's Lodge Kaduna,0.0,0.0,0.0,800000000.0,0.0,0.0,0.0,210,0.8317,0.84967,016100100100,SSG'S Office,23030121,REHABILITATION / REPAIRS OF OFFICE BUILDINGS,70331,LAW COURTS,33342400,State Wide,13100126002200,Reform of Government and Governance - General
Purchase of 1 no of Toyota Hilux 2022 model,0.0,40000000.0,0.0,0.0,0.0,0.0,0.0,210,0.87255,0.89052,016102100400,NGOs and Donors Agency,23010105,PURCHASE OF MOTOR VEHICLES,70133,OTHER GENERAL SERVICES,33342400,State Wide,13100125000100,Reform of Government and Governance - General
Purchase of 3 no of Daylong motor cycle,0.0,4500000.0,0.0,4500000.0,4500000.0,600000.0,0.0,210,0.88154,0.89951,016102100400,NGOs and Donors Agency,23010104,PURCHASE MOTOR CYCLES,70133,OTHER GENERAL SERVICES,33342400,State Wide,13100125000200,Reform of Government and Governance - General
"Purchase of 6 set of tables, chairs and 2 book shelves",0.0,0.0,0.0,7000000.0,7000000.0,7000000.0,0.0,210,0.88971,0.90768,016102100400,NGOs and Donors Agency,23010112,PURCHASE OF OFFICE FURNITURE AND FITTINGS,70133,OTHER GENERAL SERVICES,33342400,State Wide,13100126002300,Reform of Government and Governance - General
Purchase of 2 no laptops HP core i5,0.0,0.0,0.0,1500000.0,1500000.0,1500000.0,0.0,210,0.89788,0.91585,016102100400,NGOs and Donors Agency,23010113,PURCHASE OF COMPUTERS,70133,OTHER GENERAL SERVICES,33342400,State Wide,13100126002400,Reform of Government and Governance - General
Purchase of 2 no kyocera photocopiers,0.0,0.0,0.0,1500000.0,1500000.0,1500000.0,0.0,211,0.09069,0.10866,016102100400,NGOs and Donors Agency,23010115,PURCHASE OF PHOTOCOPYING MACHINES,70133,OTHER GENERAL SERVICES,33342400,State Wide,13100126002500,Reform of Government and Governance - General
Purchase of 1 No of Toyota Hilux 2022 model,0.0,75000000.0,0.0,0.0,0.0,0.0,0.0,211,0.13154,0.14951,016102100500,Department for Human Rights,23010105,PURCHASE OF MOTOR VEHICLES,70133,OTHER GENERAL SERVICES,33342400,State Wide,13100125000100,Reform of Government and Governance - General
Purchase of 3 No of Daylong Motor cycle,0.0,5000000.0,0.0,5000000.0,0.0,0.0,0.0,211,0.13971,0.15768,016102100500,Department for Human Rights,23010104,PURCHASE MOTOR CYCLES,70133,OTHER GENERAL SERVICES,33342400,State Wide,13100125000200,Reform of Government and Governance - General
Purchase of 2 No of Laptop (HP 8Gb 2.5GHZ),0.0,1200000.0,0.0,0.0,0.0,0.0,0.0,211,0.14788,0.16585,016102100500,Department for Human Rights,23010113,PURCHASE OF COMPUTERS,70133,OTHER GENERAL SERVICES,33342400,State Wide,13100125000300,Reform of Government and Governance - General
Purchace of 2 No of Printer (HP Laserjet Latest Model),0.0,1200000.0,0.0,1000000.0,0.0,0.0,0.0,211,0.15605,0.17402,016102100500,Department for Human Rights,23010114,PURCHASE OF COMPUTER PRINTERS,70133,OTHER GENERAL SERVICES,33342400,State Wide,13100125000400,Reform of Government and Governance - General
Purchase of 1 No Kyocera Photocopying Machine,0.0,700000.0,0.0,700000.0,0.0,0.0,0.0,211,0.16422,0.18219,016102100500,Department for Human Rights,23010115,PURCHASE OF PHOTOCOPYING MACHINES,70133,OTHER GENERAL SERVICES,33342400,State Wide,13100125000500,Reform of Government and Governance - General
Purchase of 20 no office chairs and tables for Human Rights offices,0.0,3000000.0,0.0,3000000.0,0.0,0.0,0.0,211,0.17239,0.19036,016102100500,Department for Human Rights,23010112,PURCHASE OF OFFICE FURNITURE AND FITTINGS,70133,OTHER GENERAL SERVICES,33342400,State Wide,13100125000600,Reform of Government and Governance - General
"Construction of Community micro projects in Health, Education, Environment, Water and Sanitation across the State",0.0,500000000.0,0.0,0.0,0.0,0.0,0.0,211,0.21405,0.23203,016102100600,Community and Social Development Agency,23020118,CONSTRUCTION / PROVISION OF INFRASTRUCTURE,70561,ENVIRONMENTAL PROTECTION N.E.C.,33342400,State Wide,09100125000100,Environmental Improvement - General
Construction of 30 beds capacity ward in 5 selected Healths facilities across the state,0.0,0.0,0.0,227500000.0,0.0,0.0,0.0,211,0.22222,0.2402,016102100600,Community and Social Development Agency,23020106,CONSTRUCTION / PROVISION OF HOSPITALS / HEALTH CENTRES,70561,ENVIRONMENTAL PROTECTION N.E.C.,33342400,State Wide,09100126000700,Environmental Improvement - General
Construction of 1 block of 3 class rooms each in 5 selected secondary schools acroos the state,0.0,0.0,0.0,175000000.0,0.0,0.0,0.0,211,0.23039,0.24837,016102100600,Community and Social Development Agency,23020107,CONSTRUCTION / PROVISION OF PUBLIC SCHOOLS,70561,ENVIRONMENTAL PROTECTION N.E.C.,33342400,State Wide,09100126000800,Environmental Improvement - General
"Constuction of 10 solar powered borehole reticulation with10,000ltr overhead tanks in 2oselected communitirsacross the state",0.0,0.0,0.0,252252000.0,0.0,0.0,0.0,211,0.23856,0.25654,016102100600,Community and Social Development Agency,23020105,CONSTRUCTION / PROVISION OF WATER FACILITIES,70561,ENVIRONMENTAL PROTECTION N.E.C.,33342400,State Wide,09100126000900,Environmental Improvement - General
Renovation of 10 wards in 10 selected Health facility acroos the state,0.0,0.0,0.0,342751452.5,0.0,0.0,0.0,211,0.24673,0.26471,016102100600,Community and Social Development Agency,23030105,REHABILITATION / REPAIRS - HOSPITAL / HEALTH CENTRES,70561,ENVIRONMENTAL PROTECTION N.E.C.,33342400,State Wide,09100126001000,Environmental Improvement - General
Renovation of 1 block of three classrooms each in 5 selected primary schools across the state,0.0,0.0,0.0,49158140.0,0.0,0.0,0.0,211,0.2549,0.27288,016102100600,Community and Social Development Agency,23030106,REHABILITATION / REPAIRS - PUBLIC SCHOOLS,70561,ENVIRONMENTAL PROTECTION N.E.C.,33342400,State Wide,09100126001100,Environmental Improvement - General
Renovation of 10 solar powered boreholes in 10 selected communities across the state,0.0,0.0,0.0,123338407.5,0.0,0.0,0.0,211,0.26307,0.28105,016102100600,Community and Social Development Agency,23030104,REHABILITATION / REPAIRS - WATER FACILITIES,70561,ENVIRONMENTAL PROTECTION N.E.C.,33342400,State Wide,09100126001200,Environmental Improvement - General
"Construction of IDP Camps at Isa, Sabon Birni and Rabah",0.0,164911200.0,0.0,800000000.0,1164911200.0,1164911200.0,0.0,211,0.30474,0.32271,016102100800,Department for IDPs Matters,23020104,CONSTRUCTION / PROVISION OF HOUSING,71071,SOCIAL EXCLUSION N.E.C.,33342400,State Wide,23070525000100,Refugee and Internally Displaced Persons (IDP) Assistance
Renovation of Houses for Internally Displaced Persons across the State,0.0,1000000000.0,0.0,1300000000.0,500000000.0,500000000.0,0.0,211,0.31291,0.33088,016102100800,Department for IDPs Matters,23030103,REHABILITATION / REPAIRS - HOUSING,71071,SOCIAL EXCLUSION N.E.C.,33342400,State Wide,23070525000200,Refugee and Internally Displaced Persons (IDP) Assistance
0,0.0,0.0,0.0,505000000.0,1000000000.0,1000000000.0,0.0,211,0.32108,0.33905,016102100800,Department for IDPs Matters,23030103,REHABILITATION / REPAIRS - HOUSING,71071,SOCIAL EXCLUSION N.E.C.,33342400,State Wide,23070525000300,Refugee and Internally Displaced Persons (IDP) Assistance
Purchase of 30 no Prado Jeep motor vehicles for Hon. Members,3682850000.0,1183408806.0,1000000000.0,183000000.0,192150000.0,201757500.0,0.0,211,0.36193,0.3799,011200300100,Sokoto State House of Assembly,23010105,PURCHASE OF MOTOR VEHICLES,70111,EXECUTIVE AND LEGISLATIVE ORGANS,33342400,State Wide,13100125000100,Reform of Government and Governance - General
Purchase of 1000 no office chairs. 36 no. executive chairs and 100 no. office tables for House of Assembly offices,0.0,67500000.0,0.0,300000000.0,31500000.0,33075000.0,0.0,211,0.3701,0.38807,011200300100,Sokoto State House of Assembly,23010112,PURCHASE OF OFFICE FURNITURE AND FITTINGS,70111,EXECUTIVE AND LEGISLATIVE ORGANS,33342400,State Wide,13100126002600,Reform of Government and Governance - General
Purchase of 50 Units of Core i7 HP Computers(Lap Top) For Management Staff and Committee Secretariat,0.0,7500000.0,0.0,40400000.0,31920000.0,33516000.0,0.0,211,0.37908,0.39706,011200300100,Sokoto State House of Assembly,23010113,PURCHASE OF COMPUTERS,70111,EXECUTIVE AND LEGISLATIVE ORGANS,33342400,State Wide,13100126002700,Reform of Government and Governance - General
"Purchase of 12no Portable Photocopying Machines: 4no.HP Laser Jet pro MFP M126aplus, 4no. HP LASER JET pro MFP 4104dw, 4no. HP LASER JET pro MFP 3101dw",0.0,10000000.0,0.0,12000000.0,10500000.0,11025000.0,0.0,211,0.38725,0.40523,011200300100,Sokoto State House of Assembly,23010115,PURCHASE OF PHOTOCOPYING MACHINES,70111,EXECUTIVE AND LEGISLATIVE ORGANS,33342400,State Wide,13100126002800,Reform of Government and Governance - General
"Purchase of 4 no of HD Scanners: 2no EPSON DS 770 11, 2no. BROTHER ADS-4700W",0.0,7000000.0,0.0,4000000.0,4200000.0,4410000.0,0.0,211,0.39542,0.4134,011200300100,Sokoto State House of Assembly,23010118,PURCHASE OF SCANNERS,70111,EXECUTIVE AND LEGISLATIVE ORGANS,33342400,State Wide,13100126002900,Reform of Government and Governance - General
Procurement of 2no Scanning machine for Mini Clinic at the State House of Assembly Complex,0.0,22500000.0,0.0,3500000.0,3675000.0,3858750.0,0.0,211,0.40359,0.42157,011200300100,Sokoto State House of Assembly,23010122,PURCHASE OF HEALTH / MEDICAL EQUIPMENT,70111,EXECUTIVE AND LEGISLATIVE ORGANS,33342400,State Wide,13100126003000,Reform of Government and Governance - General
"Purchase of Fire fighting Equipments which include 3no ABC Dry Chemical Extinguisher and 2 Water Mist Extinguisher,4no Sirens,4no Solar Powered CCTV,Security Observation Tower and Solar Powered Street Light for the House Complex",0.0,75000000.0,0.0,70000000.0,73500000.0,77175000.0,0.0,211,0.41176,0.42974,011200300100,Sokoto State House of Assembly,23010123,PURCHASE OF FIRE FIGHTING EQUIPMENT,70111,EXECUTIVE AND LEGISLATIVE ORGANS,33342400,State Wide,13100126003100,Reform of Government and Governance - General
Provision of E-Library with Library Management Soft ware (General and Law Library),0.0,45000000.0,0.0,50000000.0,52500000.0,55125000.0,0.0,211,0.41993,0.43791,011200300100,Sokoto State House of Assembly,23010125,PURCHASE OF LIBRARY BOOKS & EQUIPMENT,70971,R & D EDUCATION,33342400,State Wide,05050326000100,Libraries and laboratories
"Purchase of Security Equipments such as walking talkie, flashlight, garret super scanner, V metal detector, Solar Surveillance camera( CCTV) and others",0.0,16500000.0,0.0,30000000.0,18900000.0,19845000.0,0.0,211,0.4281,0.44608,011200300100,Sokoto State House of Assembly,23010128,PURCHASE OF SECURITY EQUIPMENT,70111,EXECUTIVE AND LEGISLATIVE ORGANS,33342400,State Wide,13100126003200,Reform of Government and Governance - General
"provision of Patient care equipments which include 20no. Hospital Beds, 2no Wheel Chair, 1no. Patient Monitor for Assembly Mini Clinic",0.0,105000000.0,0.0,2500000.0,2625000.0,2756250.0,0.0,211,0.43627,0.45425,011200300100,Sokoto State House of Assembly,23020106,CONSTRUCTION / PROVISION OF HOSPITALS / HEALTH CENTRES,70111,EXECUTIVE AND LEGISLATIVE ORGANS,33342400,State Wide,13100126003300,Reform of Government and Governance - General
"Provision of Water Equipments Such as 3no. Submersible Pumps, 2 no Pump Motors, 20 no. 2-inch Pipe and 4no. Over Head Tanks",0.0,30000000.0,0.0,4000000.0,2100000.0,2205000.0,0.0,211,0.44444,0.46242,011200300100,Sokoto State House of Assembly,23030104,REHABILITATION / REPAIRS - WATER FACILITIES,70111,EXECUTIVE AND LEGISLATIVE ORGANS,33342400,State Wide,13100126003400,Reform of Government and Governance - General
Rehablitation of libraries ( Law and Gen. Libraries),0.0,6250000.0,0.0,7000000.0,7350000.0,7717500.0,0.0,211,0.45261,0.47059,011200300100,Sokoto State House of Assembly,23030110,REHABILITATION / REPAIRS - LIBRARIES,70111,EXECUTIVE AND LEGISLATIVE ORGANS,33342400,State Wide,05050326000200,Libraries and laboratories
"Rehablitation of office Building which include offices of Rt Hon. Speaker, Deputy speaker 28 Hon. Members, Clerk to the House, members louge and others",0.0,700000000.0,0.0,2500000000.0,3150000000.0,3307500000.0,0.0,211,0.46078,0.47876,011200300100,Sokoto State House of Assembly,23030121,REHABILITATION / REPAIRS OF OFFICE BUILDINGS,70111,EXECUTIVE AND LEGISLATIVE ORGANS,33342400,State Wide,13100125000200,Reform of Government and Governance - General
"Provision of ICT Facilities such as 3 5G Star link, GEN4 Server and Soft and Hard Ware equipment",0.0,10000000.0,0.0,10000000.0,10500000.0,11025000.0,0.0,211,0.46895,0.48693,011200300100,Sokoto State House of Assembly,23030127,REHABILITATION/REPAIRS- ICT INFRASTRUCTURES,70111,EXECUTIVE AND LEGISLATIVE ORGANS,33342400,State Wide,13100126003500,Reform of Government and Governance - General
Purchase of 2units of 18 seater Toyota Bus,0.0,200000000.0,0.0,300000000.0,315000000.0,330750000.0,0.0,211,0.47712,0.4951,011200300100,Sokoto State House of Assembly,23010108,PURCHASE OF BUSES,70111,EXECUTIVE AND LEGISLATIVE ORGANS,33342400,State Wide,13100126003600,Reform of Government and Governance - General
purchase of 2no Hilux 2024 Model,0.0,118000000.0,0.0,200000000.0,210000000.0,220500000.0,0.0,211,0.48611,0.50408,011200300100,Sokoto State House of Assembly,23010105,PURCHASE OF MOTOR VEHICLES,70111,EXECUTIVE AND LEGISLATIVE ORGANS,33342400,State Wide,13100126003700,Reform of Government and Governance - General
Construction of Guest House for the Hon. Members,137000000.0,100000000.0,0.0,100000000.0,105000000.0,110250000.0,0.0,211,0.49428,0.51225,011200300100,Sokoto State House of Assembly,23020104,CONSTRUCTION / PROVISION OF HOUSING,70111,EXECUTIVE AND LEGISLATIVE ORGANS,33342400,State Wide,13100126003800,Reform of Government and Governance - General
Provision of Land Scaping and acces Road in the House of Assembly Complex,0.0,5000000.0,0.0,10000000.0,5250000.0,5512500.0,0.0,211,0.50245,0.52042,011200300100,Sokoto State House of Assembly,23020118,CONSTRUCTION / PROVISION OF INFRASTRUCTURE,70111,EXECUTIVE AND LEGISLATIVE ORGANS,33342400,State Wide,13100126003900,Reform of Government and Governance - General
Provision of Parking space and garden,0.0,5000000.0,0.0,5000000.0,5250000.0,5512500.0,0.0,211,0.51062,0.52859,011200300100,Sokoto State House of Assembly,23020118,CONSTRUCTION / PROVISION OF INFRASTRUCTURE,70111,EXECUTIVE AND LEGISLATIVE ORGANS,33342400,State Wide,13100126004000,Reform of Government and Governance - General
Provision of Restaurant at the House Complex,0.0,7000000.0,0.0,0.0,0.0,0.0,0.0,211,0.51879,0.53676,011200300100,Sokoto State House of Assembly,23020118,CONSTRUCTION / PROVISION OF INFRASTRUCTURE,70111,EXECUTIVE AND LEGISLATIVE ORGANS,33342400,State Wide,13100126004100,Reform of Government and Governance - General
Purchase of 12 no of Printers: 7no. HP Laser Jet Pro and 5 no. HP Laser Jet Enterprise,0.0,5000000.0,0.0,5000000.0,3150000.0,3307500.0,0.0,211,0.52696,0.54493,011200300100,Sokoto State House of Assembly,23010114,PURCHASE OF COMPUTER PRINTERS,70111,EXECUTIVE AND LEGISLATIVE ORGANS,33342400,State Wide,13100126004200,Reform of Government and Governance - General
"Purchase of Motor Vehicles for Speaker and Deputy Speaker Fleet(1no Land Cruser Lexus, 2no Parado, 1no Camry, 2no Hilux and 1no Corolla.)",0.0,460000000.0,0.0,50000000.0,52500000.0,55125000.0,0.0,211,0.53513,0.5531,011200300100,Sokoto State House of Assembly,23010104,PURCHASE MOTOR CYCLES,70111,EXECUTIVE AND LEGISLATIVE ORGANS,33342400,State Wide,13100125000300,Reform of Government and Governance - General
Purchase of Plant and Generator (200kVA Mikano),0.0,100000000.0,0.0,0.0,26250000.0,27562500.0,0.0,211,0.5433,0.56127,011200300100,Sokoto State House of Assembly,23010119,PURCHASE OF POWER GENERATING SET,70111,EXECUTIVE AND LEGISLATIVE ORGANS,33342400,State Wide,13100126004300,Reform of Government and Governance - General
"Provision of Solar system to the Chamber and key offices in the Assembly such as Roof Top Solar Installation, Roof mounted Solar Panels, EV Charging Stations and Battery Energy Storage System",0.0,100000000.0,0.0,250000000.0,47250000.0,49612500.0,0.0,211,0.55147,0.56944,011200300100,Sokoto State House of Assembly,23020103,CONSTRUCTION / PROVISION OF ELECTRICITY,70111,EXECUTIVE AND LEGISLATIVE ORGANS,33342400,State Wide,13100126004400,Reform of Government and Governance - General
Purchase of 15 no tables and chairs for House of Assembly Service Commission offices,0.0,1400000.0,0.0,10000000.0,0.0,0.0,0.0,211,0.59314,0.61111,011200400100,House of Assembly Service Commission,23010112,PURCHASE OF OFFICE FURNITURE AND FITTINGS,70133,OTHER GENERAL SERVICES,33342400,State Wide,13100125000100,Reform of Government and Governance - General
Purchase of 1 no 18 Seater Toyota Bus 2019 model,0.0,0.0,0.0,0.0,50000000.0,50000000.0,0.0,211,0.60131,0.61928,011200400100,House of Assembly Service Commission,23010105,PURCHASE OF MOTOR VEHICLES,70133,OTHER GENERAL SERVICES,33342400,State Wide,13100125000200,Reform of Government and Governance - General
"Purchase of 5 HP laptops, Core i5 8Gen 256ssd 8gb Ram",0.0,5000000.0,0.0,3000000.0,0.0,0.0,0.0,211,0.60948,0.62745,011200400100,House of Assembly Service Commission,23010113,PURCHASE OF COMPUTERS,70133,OTHER GENERAL SERVICES,33342400,State Wide,13100125000400,Reform of Government and Governance - General
"Purchase of 5 no books shelves, book trolleys, for the Commission's Library",0.0,1000000.0,0.0,0.0,2000000.0,2000000.0,0.0,211,0.61765,0.63562,011200400100,House of Assembly Service Commission,23010125,PURCHASE OF LIBRARY BOOKS & EQUIPMENT,70971,R & D EDUCATION,33342400,State Wide,05050326000300,Libraries and laboratories
Renovation of existing block of the House Service Commission,0.0,5000000.0,0.0,500000000.0,0.0,0.0,0.0,211,0.62582,0.64379,011200400100,House of Assembly Service Commission,23020101,CONSTRUCTION / PROVISION OF OFFICE BUILDINGS,70133,OTHER GENERAL SERVICES,33342400,State Wide,13100125000600,Reform of Government and Governance - General
Purchase of 1 no of Toyota HILUX 2019 model,0.0,7000000.0,0.0,0.0,0.0,0.0,0.0,211,0.63399,0.65196,011200400100,House of Assembly Service Commission,23010105,PURCHASE OF MOTOR VEHICLES,70133,OTHER GENERAL SERVICES,33342400,State Wide,13100125000700,Reform of Government and Governance - General
Procurement of Solar equipment for the House of Assembly Service Commission Building,0.0,0.0,0.0,10000000.0,0.0,0.0,0.0,211,0.64216,0.66013,011200400100,House of Assembly Service Commission,23010119,PURCHASE OF POWER GENERATING SET,70133,OTHER GENERAL SERVICES,33342400,State Wide,13100126004500,Reform of Government and Governance - General
Purchase of 5 no photocopiers kyocera M4125idn,0.0,0.0,0.0,2500000.0,0.0,0.0,0.0,211,0.65033,0.6683,011200400100,House of Assembly Service Commission,23010115,PURCHASE OF PHOTOCOPYING MACHINES,70133,OTHER GENERAL SERVICES,33342400,State Wide,13100126004600,Reform of Government and Governance - General
Procurement of NAUTEL transmitter for digitalisation of RTV to meet the NBC standard,0.0,73462236.53,73462236.53,0.0,0.0,0.0,0.0,211,0.69199,0.70997,012300100100,Ministry of Information,23010129,PURCHASE OF INDUSTRIAL EQUIPMENT,70831,BROADCASTING AND PUBLISHING SERVICES,33342400,State Wide,11100125000500,Information Communication and Technology - General
Purchase of 1. N0s Toyota Hilux & 1 no Toyota 18 seaters Bus for the Ministry and it's Parastatals,0.0,100000000.0,0.0,0.0,0.0,0.0,0.0,211,0.70016,0.71814,012300100100,Ministry of Information,23010105,PURCHASE OF MOTOR VEHICLES,70831,BROADCASTING AND PUBLISHING SERVICES,33342400,State Wide,11100125000700,Information Communication and Technology - General
"Procurement of 60KVA inverter, 20 600Wt panels and 30kwt lithium battery for the Ministry",0.0,30000000.0,0.0,60000000.0,60000000.0,60000000.0,0.0,211,0.70833,0.72631,012300100100,Ministry of Information,23010119,PURCHASE OF POWER GENERATING SET,70831,BROADCASTING AND PUBLISHING SERVICES,33342400,State Wide,11100125001000,Information Communication and Technology - General
Purchase of 50 no tables and chairs for the Ministry Headquater offices,0.0,40000000.0,0.0,100000000.0,100000000.0,100000000.0,0.0,211,0.7165,0.73448,012300100100,Ministry of Information,23010112,PURCHASE OF OFFICE FURNITURE AND FITTINGS,70831,BROADCASTING AND PUBLISHING SERVICES,33342400,State Wide,11100125001100,Information Communication and Technology - General
"Purchase of 20 no multipurpose tables, chairs, cabinet, booths and benches for the State Media Corporation",0.0,51350306.0,19824589.87,0.0,0.0,0.0,0.0,211,0.72467,0.74265,012300100100,Ministry of Information,23010112,PURCHASE OF OFFICE FURNITURE AND FITTINGS,70831,BROADCASTING AND PUBLISHING SERVICES,33342400,State Wide,11100125001200,Information Communication and Technology - General
Renewal of Broadcast license from NBC for 2 Media Houses,0.0,6537763.47,0.0,0.0,0.0,0.0,0.0,211,0.73284,0.75082,012300100100,Ministry of Information,23030127,REHABILITATION/REPAIRS- ICT INFRASTRUCTURES,70831,BROADCASTING AND PUBLISHING SERVICES,33342400,State Wide,11100125001400,Information Communication and Technology - General
Repairs of Ronald web-offset Kord Printing and Cutting Machines,0.0,30000000.0,0.0,30000000.0,30000000.0,30000000.0,0.0,211,0.74101,0.75899,012300100100,Ministry of Information,23030127,REHABILITATION/REPAIRS- ICT INFRASTRUCTURES,70831,BROADCASTING AND PUBLISHING SERVICES,33342400,State Wide,11100125001500,Information Communication and Technology - General
Procurement of Studio Equipment for the Ministry,0.0,15000000.0,0.0,0.0,0.0,0.0,0.0,211,0.74918,0.76716,012300100100,Ministry of Information,23010129,PURCHASE OF INDUSTRIAL EQUIPMENT,70831,BROADCASTING AND PUBLISHING SERVICES,33342400,State Wide,11100125001700,Information Communication and Technology - General
Procurement of 2No of 10Kilowart FM Transmitters at Media Cooperation Sokoto,0.0,520000000.0,390000000.0,89446000.0,0.0,0.0,0.0,211,0.75735,0.77533,012300100100,Ministry of Information,23010129,PURCHASE OF INDUSTRIAL EQUIPMENT,70831,BROADCASTING AND PUBLISHING SERVICES,33342400,State Wide,11100125001800,Information Communication and Technology - General
Procurement of 2NO Cinema Vans for the Ministry,0.0,0.0,0.0,300000000.0,0.0,0.0,0.0,211,0.76552,0.7835,012300100100,Ministry of Information,23010106,PURCHASE OF VANS,70831,BROADCASTING AND PUBLISHING SERVICES,33342400,State Wide,11100126000100,Information Communication and Technology - General
Purchase of 30 set of executive tables and chairs for state Media Cooperation,0.0,0.0,0.0,100000000.0,100000000.0,100000000.0,0.0,211,0.77369,0.79167,012300100100,Ministry of Information,23010112,PURCHASE OF OFFICE FURNITURE AND FITTINGS,70831,BROADCASTING AND PUBLISHING SERVICES,33342400,State Wide,11100126000200,Information Communication and Technology - General
Renovation of Sokoto State Newspaper the path office Complex,0.0,0.0,0.0,181306266.0,181306266.0,181306266.0,0.0,211,0.78268,0.80065,012300100100,Ministry of Information,23030121,REHABILITATION / REPAIRS OF OFFICE BUILDINGS,70831,BROADCASTING AND PUBLISHING SERVICES,33342400,State Wide,11100126000300,Information Communication and Technology - General
"Procurement of industrial equipment for the ministry such as Video/photograph Camara,Digital Midget",0.0,0.0,0.0,89500000.0,99500000.0,99500000.0,0.0,211,0.79085,0.80882,012300100100,Ministry of Information,23010129,PURCHASE OF INDUSTRIAL EQUIPMENT 70831 - BROADCASTING AND PUBLISHING SERVICES,,"Decorder,Mobil Public Address system etc",33342400,State Wide,11100126000400,Information Communication and Technology - General
Purchase of Public Address System and Cinema Equipment for Gwadabawa,0.0,900233.0,0.0,0.0,0.0,0.0,0.0,211,0.79902,0.81699,012300100100,Ministry of Information,23010129,PURCHASE OF INDUSTRIAL EQUIPMENT,70831,BROADCASTING AND PUBLISHING SERVICES,33342400,State Wide,11100125003000,Information Communication and Technology - General
Procurement of 1 no. Decorder and Incorder Digital Microwave link for RTV,0.0,10000000.0,0.0,0.0,0.0,0.0,0.0,211,0.83987,0.85784,012300300100,Sokoto State Rima Televiosn (Rtv),23010129,PURCHASE OF INDUSTRIAL EQUIPMENT,70831,BROADCASTING AND PUBLISHING SERVICES,33342400,State Wide,11100125000100,Information Communication and Technology - General
Procurement of central air conditioners to cool the transmitters of RTV,0.0,10000000.0,0.0,0.0,0.0,0.0,0.0,211,0.84804,0.86601,012300300100,Sokoto State Rima Televiosn (Rtv),23010129,PURCHASE OF INDUSTRIAL EQUIPMENT,70831,BROADCASTING AND PUBLISHING SERVICES,33342400,State Wide,11100125000200,Information Communication and Technology - General
Purchase of Declink Mini recorder (magic) and Declink Mini monitor (magic) transmitter for live coverag,0.0,24000000.0,0.0,0.0,0.0,0.0,0.0,211,0.85621,0.87418,012300300100,Sokoto State Rima Televiosn (Rtv),23010129,PURCHASE OF INDUSTRIAL EQUIPMENT 70831 - BROADCASTING AND PUBLISHING SERVICES,,es for Rima Television,33342400,State Wide,11100125000300,Information Communication and Technology - General
Provision of Solar panel inverters and batteries for RTV Media House,0.0,65000000.0,0.0,0.0,0.0,0.0,0.0,211,0.86438,0.88235,012300300100,Sokoto State Rima Televiosn (Rtv),23020103,CONSTRUCTION / PROVISION OF ELECTRICITY,70831,BROADCASTING AND PUBLISHING SERVICES,33342400,State Wide,11100125000400,Information Communication and Technology - General
Renovation of roofing and painting of Rtv complex,0.0,0.0,0.0,0.0,79446000.0,79446000.0,0.0,211,0.87255,0.89052,012300300100,Sokoto State Rima Televiosn (Rtv),23030101,REHABILITATION / REPAIRS OF RESIDENTIAL BUILDING,70831,BROADCASTING AND PUBLISHING SERVICES,33342400,State Wide,11100126000500,Information Communication and Technology - General
Procuement of furnitures and equiping for Media Offices at Rtv complex,0.0,0.0,0.0,30000000.0,30000000.0,30000000.0,0.0,211,0.88154,0.89951,012300300100,Sokoto State Rima Televiosn (Rtv),23010102,PURCHASE OF OFFICE BUILDINGS,70831,BROADCASTING AND PUBLISHING SERVICES,33342400,State Wide,11100126000600,Information Communication and Technology - General
Purchase of NAUTEL transmitter for Rima Radio upgrade to meet the NBC standard and deadline,0.0,110000000.0,0.0,0.0,0.0,0.0,0.0,212,0.10703,0.125,012300400100,Rima Radio,23010129,PURCHASE OF INDUSTRIAL EQUIPMENT,70831,BROADCASTING AND PUBLISHING SERVICES,33342400,State Wide,11100125000200,Information Communication and Technology - General
"Rehabilitation of Transmission building, Perimeter fence and Generator House at Gidan Dare and Tudun Wada",0.0,100000000.0,0.0,0.0,0.0,0.0,0.0,212,0.1152,0.13317,012300400100,Rima Radio,23030121,REHABILITATION / REPAIRS OF OFFICE BUILDINGS,70831,BROADCASTING AND PUBLISHING SERVICES,33342400,State Wide,11100125000300,Information Communication and Technology - General
Renovation of 2 Nos Staff Quarters for Technical and Engineering staff at Gidan Dare,0.0,5000000.0,0.0,0.0,0.0,0.0,0.0,212,0.12337,0.14134,012300400100,Rima Radio,23030101,REHABILITATION / REPAIRS OF RESIDENTIAL BUILDING,70831,BROADCASTING AND PUBLISHING SERVICES,33342400,State Wide,11100125000400,Information Communication and Technology - General
"Procurement of Casettes for 10 no Digital Format, 10 no Power Mics, 10 no Midgets, 10 no Audio Recor",0.0,20000000.0,0.0,0.0,0.0,0.0,0.0,212,0.13154,0.14951,012300400100,Rima Radio,23010129,PURCHASE OF INDUSTRIAL EQUIPMENT 70831 - BROADCASTING AND PUBLISHING SERVICES33342400 - State Wide,,"ders, 10 Nos HP Computers, 10 Nos Tablets Phones",,and 10 Nos Motorised Tripods,11100125000500,Information Communication and Technology - General
"Procurement of computers, audio mixer, microphones, mini set loud speakers and professional radio s",0.0,70000000.0,0.0,0.0,0.0,0.0,0.0,212,0.13971,0.15768,012300400100,Rima Radio,23010129,PURCHASE OF INDUSTRIAL EQUIPMENT 70831 - BROADCASTING AND PUBLISHING SERVICES,,peakers for the upgrade of Rima FM station,33342400,State Wide,11100125000600,Information Communication and Technology - General
contruction of 6 unit of 2 bedroom houses for Technical and other Engineering staff at Gidan Dare,0.0,0.0,0.0,150000000.0,70000000.0,70000000.0,0.0,212,0.14788,0.16585,012300400100,Rima Radio,23020101,CONSTRUCTION / PROVISION OF OFFICE BUILDINGS,70831,BROADCASTING AND PUBLISHING SERVICES,33342400,State Wide,11100125000800,Information Communication and Technology - General
Procurement of 2unit 200KVA mekano genarators for gidan dare Trasnmeeting stattion,0.0,0.0,0.0,0.0,80000000.0,80000000.0,0.0,212,0.15605,0.17402,012300400100,Rima Radio,23010119,PURCHASE OF POWER GENERATING SET,70831,BROADCASTING AND PUBLISHING SERVICES,33342400,State Wide,11100126000700,Information Communication and Technology - General
carving of transmitter with security ware for protection of properties at Gidan Dare Radio Station,0.0,0.0,0.0,110000000.0,110000000.0,110000000.0,0.0,212,0.16422,0.18219,012300400100,Rima Radio,23020102,CONSTRUCTION / PROVISION OF RESIDENTIAL BUILDINGS,70831,BROADCASTING AND PUBLISHING SERVICES,33342400,State Wide,11100126000800,Information Communication and Technology - General
Construction of 1 generator house at gidan dare,0.0,0.0,0.0,15000000.0,0.0,0.0,0.0,212,0.17239,0.19036,012300400100,Rima Radio,23020125,CONSTRUCTION OF POWER GENERATING PLANTS,70831,BROADCASTING AND PUBLISHING SERVICES,33342400,State Wide,11100126000900,Information Communication and Technology - General
Renovation of 2unit Bedroom for Engineering staff at Gidan Dare,0.0,0.0,0.0,0.0,40000000.0,40000000.0,0.0,212,0.18137,0.19935,012300400100,Rima Radio,23020102,CONSTRUCTION / PROVISION OF RESIDENTIAL BUILDINGS,70831,BROADCASTING AND PUBLISHING SERVICES,33342400,State Wide,11100126001000,Information Communication and Technology - General
Renovation of offices at State Newspaper Company,0.0,50000000.0,11051645.0,50000000.0,50000000.0,50000000.0,0.0,212,0.22222,0.2402,012305500100,State Newspaper Comp.(The PATH),23030121,REHABILITATION / REPAIRS OF OFFICE BUILDINGS,70831,BROADCASTING AND PUBLISHING SERVICES,33342400,State Wide,11100125000100,Information Communication and Technology - General
Purchase of computer to plate machine (CTP) and Direct Image Machine (D.I),0.0,84000000.0,0.0,84000000.0,84000000.0,84000000.0,0.0,212,0.23039,0.24837,012305500100,State Newspaper Comp.(The PATH),23010129,PURCHASE OF INDUSTRIAL EQUIPMENT,70831,BROADCASTING AND PUBLISHING SERVICES,33342400,State Wide,11100125000200,Information Communication and Technology - General
Development and Placement of The path Newspaper online,0.0,50000000.0,0.0,50000000.0,50000000.0,50000000.0,0.0,212,0.23856,0.25654,012305500100,State Newspaper Comp.(The PATH),23050101,RESEARCH AND DEVELOPMENT,70831,BROADCASTING AND PUBLISHING SERVICES,33342400,State Wide,11100125000300,Information Communication and Technology - General
"Procurement of Newsreels, plates, leather Films, 22 Techno IPAD and other accessories for production",0.0,25000000.0,0.0,25000000.0,25000000.0,25000000.0,0.0,212,0.24673,0.26471,012305500100,State Newspaper Comp.(The PATH),23010129,PURCHASE OF INDUSTRIAL EQUIPMENT 70831 - BROADCASTING AND PUBLISHING SERVICES,,of Newspapers,33342400,State Wide,11100125000400,Information Communication and Technology - General
"Purchase of 100 no executive tables and chairs, drawers for Government offices at Usman Faruk Secreatariat and Shehu Kangiwa Secretariat",0.0,100000000.0,0.0,100000000.0,0.0,0.0,0.0,212,0.2884,0.30637,012500100100,Office of Head of Service,23010112,PURCHASE OF OFFICE FURNITURE AND FITTINGS,70133,OTHER GENERAL SERVICES,33342400,State Wide,13100126004700,Reform of Government and Governance - General
"Rehabilitation of Secretariat Usman Faruk and Shehu Kangiwa e.g. Electrical, Plumbing and Sewage Works",0.0,150000000.0,32588000.0,150000000.0,2000000000.0,2000000000.0,0.0,212,0.29657,0.31454,012500100100,Office of Head of Service,23030121,REHABILITATION / REPAIRS OF OFFICE BUILDINGS,70133,OTHER GENERAL SERVICES,33342400,State Wide,13100125000100,Reform of Government and Governance - General
Procurement of 50 no vehicles for Permanent Secretaries,0.0,2900000000.0,1604448258.0,1500000000.0,4500000000.0,4500000000.0,0.0,212,0.30474,0.32271,012500100100,Office of Head of Service,23010105,PURCHASE OF MOTOR VEHICLES,70133,OTHER GENERAL SERVICES,33342400,State Wide,13100126004800,Reform of Government and Governance - General
Renovation of Government Offices at Usman Faruk Secreatariat and Shehu Kangiwa Secretariat,0.0,200000000.0,0.0,580000000.0,0.0,0.0,0.0,212,0.31291,0.33088,012500100100,Office of Head of Service,23030121,REHABILITATION / REPAIRS OF OFFICE BUILDINGS,70133,OTHER GENERAL SERVICES,33342400,State Wide,13100126004900,Reform of Government and Governance - General
"Procurement of Plate Numbers for Perm. Sec, DGS and General Pool Vehicles.",0.0,30000000.0,0.0,50000000.0,0.0,0.0,0.0,212,0.32108,0.33905,012500100100,Office of Head of Service,23010141,PURCHASE OF PLATE NUMBER,70133,OTHER GENERAL SERVICES,33342400,State Wide,13100126005000,Reform of Government and Governance - General
"Procurment of 1,500 doors and 10,000 no. windows for ministries and departments",0.0,140000000.0,0.0,200000000.0,0.0,0.0,0.0,212,0.32925,0.34722,012500100100,Office of Head of Service,23010112,PURCHASE OF OFFICE FURNITURE AND FITTINGS,70133,OTHER GENERAL SERVICES,33342400,State Wide,13100126005100,Reform of Government and Governance - General
Networking of Manpower data base for the office of the Head of Civil Service,0.0,10000000.0,0.0,40000000.0,0.0,0.0,0.0,212,0.33742,0.35539,012500100100,Office of Head of Service,23050102,COMPUTER SOFTWARE ACQUISITION,70133,OTHER GENERAL SERVICES,33342400,State Wide,13100126005200,Reform of Government and Governance - General
Renovation of CSC office complex,0.0,32000000.0,0.0,0.0,1000000000.0,1000000000.0,0.0,212,0.34559,0.36356,012500100100,Office of Head of Service,23030121,REHABILITATION / REPAIRS OF OFFICE BUILDINGS,70133,OTHER GENERAL SERVICES,33342400,State Wide,13100126005300,Reform of Government and Governance - General
Renovation of civil service club,0.0,50000000.0,0.0,50000000.0,560000000.0,500000000.0,0.0,212,0.35376,0.37173,012500100100,Office of Head of Service,23030121,REHABILITATION / REPAIRS OF OFFICE BUILDINGS,70133,OTHER GENERAL SERVICES,33342400,State Wide,13100126005400,Reform of Government and Governance - General
"Construction of 3 Zonal Offices, 1 in each 3 Senatorial zones for State Auditor General Office.",0.0,30000000.0,0.0,30000000.0,1200000000.0,890000000.0,0.0,212,0.36193,0.3799,012500100100,Office of Head of Service,23020101,CONSTRUCTION / PROVISION OF OFFICE BUILDINGS,70133,OTHER GENERAL SERVICES,33342400,State Wide,13100126005500,Reform of Government and Governance - General
Construction of 1 no block of offices for LGSC,0.0,55000000.0,0.0,55000000.0,1000000000.0,250000000.0,0.0,212,0.3701,0.38807,012500100100,Office of Head of Service,23020101,CONSTRUCTION / PROVISION OF OFFICE BUILDINGS,70133,OTHER GENERAL SERVICES,33342400,State Wide,13100126005600,Reform of Government and Governance - General
Networking & connecting of Data base with Pension Department.,0.0,20000000.0,0.0,20000000.0,0.0,0.0,0.0,212,0.37908,0.39706,012500100100,Office of Head of Service,23050102,COMPUTER SOFTWARE ACQUISITION,70133,OTHER GENERAL SERVICES,33342400,State Wide,13100126005700,Reform of Government and Governance - General
Construction for the completion of Additional Office Blocks at Usman Faruku Secretariat,0.0,0.0,0.0,2200000000.0,0.0,0.0,0.0,212,0.38725,0.40523,012500100100,Office of Head of Service,23020101,CONSTRUCTION / PROVISION OF OFFICE BUILDINGS,70133,OTHER GENERAL SERVICES,33342400,State Wide,13100126005800,Reform of Government and Governance - General
Renovation of Offices at Shehu Kangiwa Secretariat,0.0,23000000.0,0.0,0.0,0.0,0.0,0.0,212,0.39542,0.4134,012500100100,Office of Head of Service,23030121,REHABILITATION / REPAIRS OF OFFICE BUILDINGS,70133,OTHER GENERAL SERVICES,33342400,State Wide,13100126005900,Reform of Government and Governance - General
Purchase of 1000 Kasea and Bajaj Motor Cycles to State Civil Servants,0.0,0.0,0.0,1695860756.0,0.0,0.0,0.0,212,0.40359,0.42157,012500100100,Office of Head of Service,23010104,PURCHASE MOTOR CYCLES,70133,OTHER GENERAL SERVICES,33342400,State Wide,13100126006000,Reform of Government and Governance - General
General renovation of Shehu Kangiwa and Usman Faruk Secretariats,0.0,0.0,0.0,1000000000.0,0.0,0.0,0.0,212,0.41176,0.42974,012500100100,Office of Head of Service,23030121,REHABILITATION / REPAIRS OF OFFICE BUILDINGS,70133,OTHER GENERAL SERVICES,33342400,State Wide,13100126006100,Reform of Government and Governance - General
Procurement of 2no Toyota Hilux 2020 model for SSPSI,0.0,10000000.0,0.0,0.0,0.0,0.0,0.0,212,0.45261,0.47059,012500100200,Sokoto State Public Service Institute,23010105,PURCHASE OF MOTOR VEHICLES,70131,GENERAL PERSONNEL SERVICES,33342400,State Wide,13100123003600,Reform of Government and Governance - General
Procurment of executive tables and chairs for SSPSI,0.0,5000000.0,0.0,0.0,0.0,0.0,0.0,212,0.46078,0.47876,012500100200,Sokoto State Public Service Institute,23010112,PURCHASE OF OFFICE FURNITURE AND FITTINGS,70131,GENERAL PERSONNEL SERVICES,33342400,State Wide,13100123003800,Reform of Government and Governance - General
Purchase of 2 No. Toyota Hillux 2018 model,0.0,50000000.0,0.0,0.0,0.0,0.0,0.0,212,0.50245,0.52042,014800100100,Sokoto State Independent Electoral Commission,23010105,PURCHASE OF MOTOR VEHICLES,70161,GENERAL PUBLIC SERVICES N.E.C.,33342400,State Wide,13100124000200,Reform of Government and Governance - General
Purchase of 400 no tables and chairs for distribution to 23 LG Electoral Offices & Others,48247167.2,50000000.0,0.0,50000000.0,0.0,0.0,0.0,212,0.51062,0.52859,014800100100,Sokoto State Independent Electoral Commission,23010112,PURCHASE OF OFFICE FURNITURE AND FITTINGS,70161,GENERAL PUBLIC SERVICES N.E.C.,33342400,State Wide,13100124000300,Reform of Government and Governance - General
"Production of Voters Cards, Voters Register / Hiring of Card Readers",0.0,0.0,0.0,10000000.0,0.0,0.0,0.0,212,0.51879,0.53676,014800100100,Sokoto State Independent Electoral Commission,23050102,COMPUTER SOFTWARE ACQUISITION,70161,GENERAL PUBLIC SERVICES N.E.C.,33342400,State Wide,13100124000400,Reform of Government and Governance - General
Construction of Permanent Secretariate for State Independent Electoral Commission within Sokoto Metropolis,0.0,10000000.0,0.0,115000000.0,0.0,0.0,0.0,212,0.52696,0.54493,014800100100,Sokoto State Independent Electoral Commission,23020101,CONSTRUCTION / PROVISION OF OFFICE BUILDINGS,70161,GENERAL PUBLIC SERVICES N.E.C.,33342400,State Wide,13100124000500,Reform of Government and Governance - General
Support for State INEC for the conduct of Bye-Election,0.0,50711564.0,0.0,50711564.0,0.0,0.0,0.0,212,0.53513,0.5531,014800100100,Sokoto State Independent Electoral Commission,23050101,RESEARCH AND DEVELOPMENT,70161,GENERAL PUBLIC SERVICES N.E.C.,33342400,State Wide,13100124000600,Reform of Government and Governance - General
"Purchase of 12 Solar panel, inverter and lithium battery for Ministry for Home Affairs",0.0,10000000.0,0.0,30000000.0,0.0,0.0,0.0,212,0.5768,0.59477,012400100100,Ministry for Home Affairs,23010119,PURCHASE OF POWER GENERATING SET,70133,OTHER GENERAL SERVICES,33342400,State Wide,13100125000200,Reform of Government and Governance - General
"Purchase of 2nos. Toying Vehicles, 2no. Toyota Hilux 2021 model for Ministry for Home Affairs",0.0,0.0,0.0,600000000.0,0.0,0.0,0.0,212,0.58497,0.60294,012400100100,Ministry for Home Affairs,23010105,PURCHASE OF MOTOR VEHICLES,70133,OTHER GENERAL SERVICES,33342400,State Wide,13100125000300,Reform of Government and Governance - General
Purchase of office CCTV Equipment for Ministry for Home Affairs,0.0,0.0,0.0,20000000.0,0.0,0.0,0.0,212,0.59314,0.61111,012400100100,Ministry for Home Affairs,23010128,PURCHASE OF SECURITY EQUIPMENT,70133,OTHER GENERAL SERVICES,33342400,State Wide,13100125000400,Reform of Government and Governance - General
Construction of kabu-kabu stop point for Ministry for Home Affairs,0.0,0.0,0.0,10000000.0,0.0,0.0,0.0,212,0.60131,0.61928,012400100100,Ministry for Home Affairs,23020124,CONSTRUCTION OF MARKETS/PARKS,70133,OTHER GENERAL SERVICES,33342400,State Wide,13100125000500,Reform of Government and Governance - General
Purchase of motor vehicles Spare Parts for Ministry for Home Affairs,18496000.0,0.0,0.0,58000000.0,0.0,0.0,0.0,212,0.60948,0.62745,012400100100,Ministry for Home Affairs,23010105,PURCHASE OF MOTOR VEHICLES,70133,OTHER GENERAL SERVICES,33342400,State Wide,13100125000700,Reform of Government and Governance - General
"Purchase of Fire Fighting Vehicles, Water Tankers and Motorize boats for Ministry for Home Affairs",0.0,0.0,0.0,1051167340.0,0.0,0.0,0.0,212,0.61765,0.63562,012400100100,Ministry for Home Affairs,23010105,PURCHASE OF MOTOR VEHICLES,70133,OTHER GENERAL SERVICES,33342400,State Wide,13100125000800,Reform of Government and Governance - General
Procurement of 510 no. 9kg 5b Fire Extinguishers for Government Offices for Ministry for Home Affairs,15000000.0,0.0,0.0,50000000.0,0.0,0.0,0.0,212,0.62582,0.64379,012400100100,Ministry for Home Affairs,23010123,PURCHASE OF FIRE FIGHTING EQUIPMENT,70133,OTHER GENERAL SERVICES,33342400,State Wide,13100125001000,Reform of Government and Governance - General
Procurement of 150 sets of Fire Fighting Protection Clothes,0.0,0.0,0.0,45000000.0,0.0,0.0,0.0,212,0.63399,0.65196,012400100100,Ministry for Home Affairs,23010123,PURCHASE OF FIRE FIGHTING EQUIPMENT,70133,OTHER GENERAL SERVICES,33342400,State Wide,13100125001100,Reform of Government and Governance - General
Renovation Kofar Taramniya fire service station,0.0,0.0,0.0,50000000.0,0.0,0.0,0.0,212,0.64216,0.66013,012400100100,Ministry for Home Affairs,23030121,REHABILITATION / REPAIRS OF OFFICE BUILDINGS,70133,OTHER GENERAL SERVICES,33342400,State Wide,13100125001200,Reform of Government and Governance - General
Repairs of 4 no fire fighting vehicles for Ministry for Home Affairs,36400000.0,0.0,0.0,0.0,0.0,0.0,0.0,212,0.65033,0.6683,012400100100,Ministry for Home Affairs,23030109,REHABILITATION / REPAIRS - FIRE FIGHTING STATIONS,70133,OTHER GENERAL SERVICES,33342400,State Wide,13100125001300,Reform of Government and Governance - General
Renovation of Govt. Printing Press Offices and Fence for Ministry for Home Affairs,29500000.0,0.0,0.0,30000000.0,0.0,0.0,0.0,212,0.6585,0.67647,012400100100,Ministry for Home Affairs,23030121,REHABILITATION / REPAIRS OF OFFICE BUILDINGS,70133,OTHER GENERAL SERVICES,33342400,State Wide,13100125001400,Reform of Government and Governance - General
Procurement of Ecosystem M3O4 Kyocera Printer and Scanning machine,0.0,0.0,0.0,15000000.0,0.0,0.0,0.0,212,0.66667,0.68464,012400100100,Ministry for Home Affairs,23010113,PURCHASE OF COMPUTERS,70133,OTHER GENERAL SERVICES,33342400,State Wide,13100125001500,Reform of Government and Governance - General
Procurement of Digital Colour Sepration Machine for Ministry for Home Affairs,0.0,0.0,0.0,15000000.0,0.0,0.0,0.0,212,0.67484,0.69281,012400100100,Ministry for Home Affairs,23010129,PURCHASE OF INDUSTRIAL EQUIPMENT,70133,OTHER GENERAL SERVICES,33342400,State Wide,13100125001600,Reform of Government and Governance - General
Repairs and services of Existing Printing Machines for Ministry for Home Affairs,3900000.0,0.0,0.0,0.0,0.0,0.0,0.0,212,0.68382,0.7018,012400100100,Ministry for Home Affairs,23030127,REHABILITATION/REPAIRS- ICT INFRASTRUCTURES,70133,OTHER GENERAL SERVICES,33342400,State Wide,13100125001700,Reform of Government and Governance - General
Procurement of Electrical Perforation Machine 2no. Units for Ministry for Home Affairs,0.0,0.0,0.0,5000000.0,0.0,0.0,0.0,212,0.69199,0.70997,012400100100,Ministry for Home Affairs,23010117,PURCHASE OF SHREDDING MACHINES,70133,OTHER GENERAL SERVICES,33342400,State Wide,13100125001800,Reform of Government and Governance - General
"Procurement of new printing machine, large format printing machine and ID printing machine (2 units) for Ministry for Home Affairs",0.0,0.0,0.0,15000000.0,0.0,0.0,0.0,212,0.70016,0.71814,012400100100,Ministry for Home Affairs,23010114,PURCHASE OF COMPUTER PRINTERS,70133,OTHER GENERAL SERVICES,33342400,State Wide,13100125001900,Reform of Government and Governance - General
Renovation of Fire Station for Ministry for Home Affairs,0.0,0.0,0.0,60000000.0,0.0,0.0,0.0,212,0.70833,0.72631,012400100100,Ministry for Home Affairs,23030121,REHABILITATION / REPAIRS OF OFFICE BUILDINGS,70133,OTHER GENERAL SERVICES,33342400,State Wide,13100126006200,Reform of Government and Governance - General
Procument of 3 no Kasea Motorcyles for Monitoring and Inspection,0.0,0.0,0.0,5000000.0,0.0,0.0,0.0,212,0.7165,0.73448,012400100100,Ministry for Home Affairs,23010104,PURCHASE MOTOR CYCLES,70133,OTHER GENERAL SERVICES,33342400,State Wide,13100126006300,Reform of Government and Governance - General
Procement of 4 no wireles public address system,0.0,0.0,0.0,10000000.0,0.0,0.0,0.0,212,0.72467,0.74265,012400100100,Ministry for Home Affairs,23010128,PURCHASE OF SECURITY EQUIPMENT,70133,OTHER GENERAL SERVICES,33342400,State Wide,13100126006400,Reform of Government and Governance - General
Purchase of Office Funiture and fittings for Ministry for Home Affairs,0.0,0.0,0.0,15000000.0,0.0,0.0,0.0,212,0.73284,0.75082,012400100100,Ministry for Home Affairs,23010112,PURCHASE OF OFFICE FURNITURE AND FITTINGS,70133,OTHER GENERAL SERVICES,33342400,State Wide,13100126006500,Reform of Government and Governance - General
Procurement of Emblem for Armed Forces Remembrance Day Celebration,0.0,0.0,0.0,15000000.0,0.0,0.0,0.0,212,0.74101,0.75899,012400100100,Ministry for Home Affairs,23050104,ANNIVERSARIES/CELEBRATIONS,70133,OTHER GENERAL SERVICES,33342400,State Wide,13100126006600,Reform of Government and Governance - General
Purchase of 2nos. Toying Vehicles for Sokoto Marshal,0.0,60000000.0,0.0,60000000.0,0.0,0.0,0.0,212,0.78268,0.80065,012400700100,Sokoto Marshal Corps,23010104,PURCHASE MOTOR CYCLES,70361,PUBLIC ORDER AND SAFETY N.E.C.,33342400,State Wide,13100125000100,Reform of Government and Governance - General
Purchase of office CCTV Equipment for Sokoto Marshal,0.0,20000000.0,0.0,20000000.0,0.0,0.0,0.0,212,0.79085,0.80882,012400700100,Sokoto Marshal Corps,23010128,PURCHASE OF SECURITY EQUIPMENT,70361,PUBLIC ORDER AND SAFETY N.E.C.,33342400,State Wide,13100125000200,Reform of Government and Governance - General
Construction of kabu-kabu stop point for Sokoto Marshal,0.0,10000000.0,0.0,10000000.0,0.0,0.0,0.0,212,0.79902,0.81699,012400700100,Sokoto Marshal Corps,23020101,CONSTRUCTION / PROVISION OF OFFICE BUILDINGS,70361,PUBLIC ORDER AND SAFETY N.E.C.,33342400,State Wide,13100125000300,Reform of Government and Governance - General
Purchase of Spare Parts for Fire Service,0.0,38000000.0,37755000.0,68000000.0,0.0,0.0,0.0,212,0.83987,0.85784,012400800100,Fire Service,23010105,PURCHASE OF MOTOR VEHICLES,70133,OTHER GENERAL SERVICES,33342400,State Wide,13100125000100,Reform of Government and Governance - General
Construction of New Fire service Stations,0.0,400864054.4,0.0,75000000.0,0.0,0.0,0.0,212,0.84804,0.86601,012400800100,Fire Service,23020110,CONSTRUCTION / PROVISION OF FIRE FIGHTING STATIONS,70133,OTHER GENERAL SERVICES,33342400,State Wide,13100125000200,Reform of Government and Governance - General
Annual Intervention for Fire Service,0.0,10000000.0,9760000.0,70000000.0,0.0,0.0,0.0,212,0.85621,0.87418,012400800100,Fire Service,23040104,INDUSTRIAL POLLUTION PREVENTION & CONTROL,70133,OTHER GENERAL SERVICES,33342400,State Wide,13100125000300,Reform of Government and Governance - General
Procurement of Fire Esterngueshers for Fire Service,0.0,20000000.0,20000000.0,30000000.0,0.0,0.0,0.0,212,0.86438,0.88235,012400800100,Fire Service,23010123,PURCHASE OF FIRE FIGHTING EQUIPMENT,70133,OTHER GENERAL SERVICES,33342400,State Wide,13100125000400,Reform of Government and Governance - General
Procurement of Protection Clothing for Fire Fighters,0.0,20000000.0,17782000.0,30000000.0,0.0,0.0,0.0,212,0.87255,0.89052,012400800100,Fire Service,23010123,PURCHASE OF FIRE FIGHTING EQUIPMENT,70133,OTHER GENERAL SERVICES,33342400,State Wide,13100125000500,Reform of Government and Governance - General
Renovation of Fire figting Stations,0.0,0.0,0.0,70000000.0,0.0,0.0,0.0,212,0.88154,0.89951,012400800100,Fire Service,23030101,REHABILITATION / REPAIRS OF RESIDENTIAL BUILDING,70133,OTHER GENERAL SERVICES,33342400,State Wide,13100125000600,Reform of Government and Governance - General
Renovation of Govt. Printing Press Offices and Fence,0.0,15000000.0,0.0,15000000.0,0.0,0.0,0.0,213,0.10703,0.125,012400900100,Government Printing Press,23030101,REHABILITATION / REPAIRS OF RESIDENTIAL BUILDING,70133,OTHER GENERAL SERVICES,33342400,State Wide,13100125000100,Reform of Government and Governance - General
Procurement of Printing Equipments and Materials for Government Printing Press,0.0,15000000.0,0.0,15000000.0,0.0,0.0,0.0,213,0.1152,0.13317,012400900100,Government Printing Press,23010114,PURCHASE OF COMPUTER PRINTERS,70133,OTHER GENERAL SERVICES,33342400,State Wide,13100125000200,Reform of Government and Governance - General
Procurement of Digital Colour Seperation Machine for Government Printing Press,0.0,15000000.0,0.0,15000000.0,0.0,0.0,0.0,213,0.12337,0.14134,012400900100,Government Printing Press,23010129,PURCHASE OF INDUSTRIAL EQUIPMENT,70133,OTHER GENERAL SERVICES,33342400,State Wide,13100125000300,Reform of Government and Governance - General
Procurement of Electrical Perforation Machine 2no. Units for Government Printing Press,0.0,5000000.0,0.0,5000000.0,0.0,0.0,0.0,213,0.13154,0.14951,012400900100,Government Printing Press,23010114,PURCHASE OF COMPUTER PRINTERS,70133,OTHER GENERAL SERVICES,33342400,State Wide,13100125000500,Reform of Government and Governance - General
Purchase of 250 No Bajaj Motor cycle for Security Guards,0.0,286000000.0,263887500.0,405000000.0,0.0,0.0,0.0,213,0.17239,0.19036,017000100200,Department for Security Matters,23010104,PURCHASE MOTOR CYCLES,70361,PUBLIC ORDER AND SAFETY N.E.C.,33342400,State Wide,13100125000200,Reform of Government and Governance - General
"Purchase of Security Equipment & Gadgets such as walkie talkie system, GPS trackers, defence equipment, alarm siren, CCTV cameras",0.0,120000000.0,19350000.0,1000000000.0,600000000.0,600000000.0,0.0,213,0.18137,0.19935,017000100200,Department for Security Matters,23010128,PURCHASE OF SECURITY EQUIPMENT,70361,PUBLIC ORDER AND SAFETY N.E.C.,33342400,State Wide,13100125000300,Reform of Government and Governance - General
Procurement and Installations of Street Security Surveillance Cameras and drones within Sokoto Metropolis and adjacent areas,0.0,15000000.0,0.0,1000000000.0,0.0,0.0,0.0,213,0.18954,0.20752,017000100200,Department for Security Matters,23010128,PURCHASE OF SECURITY EQUIPMENT,70361,PUBLIC ORDER AND SAFETY N.E.C.,33342400,State Wide,13100125000400,Reform of Government and Governance - General
Purchase of Solar Inverter and panels to power 31 Police stations across the state,0.0,60000000.0,0.0,400000000.0,0.0,0.0,0.0,213,0.19771,0.21569,017000100200,Department for Security Matters,23010119,PURCHASE OF POWER GENERATING SET,70361,PUBLIC ORDER AND SAFETY N.E.C.,33342400,State Wide,13100125000500,Reform of Government and Governance - General
Purchase of 50 Nos. Toyota Hilux 2020 model,0.0,0.0,0.0,2500000000.0,4000000000.0,3000000000.0,0.0,213,0.20588,0.22386,017000100200,Department for Security Matters,23010105,PURCHASE OF MOTOR VEHICLES,70361,PUBLIC ORDER AND SAFETY N.E.C.,33342400,State Wide,13100125000600,Reform of Government and Governance - General
Procurement of 50 No Toyota Buffalo for Sokoto State Community Guards,0.0,0.0,0.0,3000000000.0,2400000000.0,2300000000.0,0.0,213,0.21405,0.23203,017000100200,Department for Security Matters,23010105,PURCHASE OF MOTOR VEHICLES,70361,PUBLIC ORDER AND SAFETY N.E.C.,33342400,State Wide,13100125000700,Reform of Government and Governance - General
Renovation of Sheikh Usmanu Bin Fodiyo Jumuat Mosque Hubbare Sokoto,0.0,1500000000.0,0.0,750000000.0,0.0,0.0,0.0,213,0.2549,0.27288,017200100100,Ministry for Religious Affairs,23030128,REHABILITATION/REPAIRS OF RELIGIOUS BUILDING,70841,RELIGIOUS AND OTHER COMMUNITY SERVICES,33342400,State Wide,13100125000100,Reform of Government and Governance - General
Renovation of Sultan Muhammadu Bello Jumuat Mosque Kanwuri Sokoto,0.0,0.0,0.0,1400000000.0,0.0,0.0,0.0,213,0.26307,0.28105,017200100100,Ministry for Religious Affairs,23030128,REHABILITATION/REPAIRS OF RELIGIOUS BUILDING,70841,RELIGIOUS AND OTHER COMMUNITY SERVICES,33342400,State Wide,13100126006800,Reform of Government and Governance - General
"Renovation Sultan Abubakar III Jumuat Mosque Salame area, Sokoto",0.0,600000000.0,0.0,2400000000.0,0.0,0.0,0.0,213,0.27124,0.28922,017200100100,Ministry for Religious Affairs,23030128,REHABILITATION/REPAIRS OF RELIGIOUS BUILDING,70841,RELIGIOUS AND OTHER COMMUNITY SERVICES,33342400,State Wide,13100126006900,Reform of Government and Governance - General
Construction of 5 no of type 'A' mosques and 5 no daily prayer mosques & Islamiyya schools across the State,0.0,1000000000.0,865823447.98,0.0,0.0,0.0,0.0,213,0.28023,0.2982,017200100100,Ministry for Religious Affairs,23020128,CONSTUCTION/PROVISION OF RELIGIOUS BUILDING,70841,RELIGIOUS AND OTHER COMMUNITY SERVICES,33342400,State Wide,13100126007000,Reform of Government and Governance - General
Purchase of 299 no Kasea motorcycles for distribution to Islamic preachers across the State,0.0,238200000.0,0.0,200200000.0,0.0,0.0,0.0,213,0.2884,0.30637,017200100100,Ministry for Religious Affairs,23010104,PURCHASE MOTOR CYCLES,70161,GENERAL PUBLIC SERVICES N.E.C.,33342400,State Wide,13100126007100,Reform of Government and Governance - General
Purchase of Islamic Books For Islamic Preachers.,0.0,50000000.0,8500000.0,0.0,0.0,0.0,0.0,213,0.29657,0.31454,017200100100,Ministry for Religious Affairs,23050101,RESEARCH AND DEVELOPMENT,70971,R & D EDUCATION,33342400,State Wide,05050326000400,Libraries and laboratories
Procurements of Carpets for distribution to Jumu'at Mosques across the 23 LGAs,0.0,300000000.0,92660000.0,250000000.0,500000000.0,560000000.0,0.0,213,0.30474,0.32271,017200100100,Ministry for Religious Affairs,23010112,PURCHASE OF OFFICE FURNITURE AND FITTINGS,70861,"RECREATION, CULTURE AND RELIGION N.E.C.",33342400,State Wide,13100126007200,Reform of Government and Governance - General
"Construction of 5 Labs, Kitchen/Dining hall, Library, and admin block at AIMS Shuni.",0.0,150000000.0,0.0,150000000.0,0.0,0.0,0.0,213,0.31291,0.33088,017200100100,Ministry for Religious Affairs,23020101,CONSTRUCTION / PROVISION OF OFFICE BUILDINGS,70841,RELIGIOUS AND OTHER COMMUNITY SERVICES,33342400,State Wide,13100126007300,Reform of Government and Governance - General
Renovation of Jumu'at Mosques across the 23 Local Governments Areas of the state,0.0,3472462612.85,3472462612.85,1800000000.0,1500000000.0,1500000000.0,0.0,213,0.32108,0.33905,017200100100,Ministry for Religious Affairs,23030128,REHABILITATION/REPAIRS OF RELIGIOUS BUILDING,70841,RELIGIOUS AND OTHER COMMUNITY SERVICES,33342400,State Wide,13100124000100,Reform of Government and Governance - General
"Purchase of grains for distribution to Jumuat mosques, Imams, Na'ibs, Mu'azzims and Senior Islamic Scholars across the State",0.0,100000000.0,0.0,0.0,0.0,0.0,0.0,213,0.32925,0.34722,017200100100,Ministry for Religious Affairs,23010140,PURCHASE OF AGRICULTURAL INPUTS,70161,GENERAL PUBLIC SERVICES N.E.C.,33342400,State Wide,13100126007400,Reform of Government and Governance - General
"Purchase of 10,000 copies of Published and developed Intellectual legacies of Sokoto Caliphate",0.0,100000000.0,0.0,0.0,0.0,0.0,0.0,213,0.33742,0.35539,017200100100,Ministry for Religious Affairs,23050101,RESEARCH AND DEVELOPMENT,70161,GENERAL PUBLIC SERVICES N.E.C.,33342400,State Wide,05050326000500,Libraries and laboratories
Rehabilitatation of Cemetries and Eid Praying grounds across the 23 local Gov't.,0.0,100000000.0,0.0,200000000.0,450000000.0,1000000000.0,0.0,213,0.34559,0.36356,017200100100,Ministry for Religious Affairs,23030126,REHABILITATION/REPAIRS OF CEMETERIES,70841,RELIGIOUS AND OTHER COMMUNITY SERVICES,33342400,State Wide,13100124000200,Reform of Government and Governance - General
Construction of 20 No Islamiyya schools across the State,0.0,0.0,0.0,2300000000.0,0.0,0.0,0.0,213,0.35376,0.37173,017200100100,Ministry for Religious Affairs,23020107,CONSTRUCTION / PROVISION OF PUBLIC SCHOOLS,70161,GENERAL PUBLIC SERVICES N.E.C.,33342400,State Wide,05100126000100,Education Not Elsewhere Classified
Construction of 5 No new jumuat mosques across the State,0.0,0.0,0.0,0.0,700000000.0,300000000.0,0.0,213,0.36193,0.3799,017200100100,Ministry for Religious Affairs,23020128,CONSTUCTION/PROVISION OF RELIGIOUS BUILDING,70841,RELIGIOUS AND OTHER COMMUNITY SERVICES,33342400,State Wide,05100126000200,Education Not Elsewhere Classified
Renovation of Sokoto Conference Centre Kasarawa,0.0,0.0,0.0,400000000.0,0.0,0.0,0.0,213,0.3701,0.38807,017200100100,Ministry for Religious Affairs,23030121,REHABILITATION / REPAIRS OF OFFICE BUILDINGS,70841,RELIGIOUS AND OTHER COMMUNITY SERVICES,33342400,State Wide,13100126007500,Reform of Government and Governance - General
"Purchase of preaching gadgets such as loud speakers, recording devices and portable mega phones for distribution to Islamic preachers",0.0,0.0,0.0,38000000.0,0.0,0.0,0.0,213,0.37908,0.39706,017200100100,Ministry for Religious Affairs,23010124,PURCHASE OF TEACHING / LEARNING AID EQUIPMENT,70861,"RECREATION, CULTURE AND RELIGION N.E.C.",33342400,State Wide,02100126000100,Societal Re-orientation - General
"Purchase of 50,000 scales and 50,000 mudus (measuring bowls) for distribution to food vendors such as Rice, Millet and Guinea Corn sellers across the State",0.0,0.0,0.0,50000000.0,0.0,0.0,0.0,213,0.38725,0.40523,017200100100,Ministry for Religious Affairs,23010127,PURCHASE OF AGRICULTURAL EQUIPMENT,70161,GENERAL PUBLIC SERVICES N.E.C.,33342400,State Wide,13100126007600,Reform of Government and Governance - General
Construction of Additional office Block for Zakkat Agency at Tudun Wada area,0.0,76200000.0,0.0,76000000.0,76000000.0,76000000.0,0.0,213,0.4281,0.44608,017200700100,ZAKAT and Endowment Agency (WAQF),23020101,CONSTRUCTION / PROVISION OF OFFICE BUILDINGS,70133,OTHER GENERAL SERVICES,33342400,State Wide,13100125000100,Reform of Government and Governance - General
To Construct 45Nos of Stores for storing products (items) contributed by individual at 45 districts,0.0,50000000.0,0.0,51000000.0,51000000.0,51000000.0,0.0,213,0.43627,0.45425,017200700100,ZAKAT and Endowment Agency (WAQF),23020113,CONSTRUCTION / PROVISION OF AGRICULTURAL FACILITIES,70133,OTHER GENERAL SERVICES,33342400,State Wide,13100125000200,Reform of Government and Governance - General
"Purchase of 50 no office furnitures such as Tables, Executive Chairs, Cabinets, Conference tables, Bookshelves, Benches for Zakkat and (Waqaf) Endowment Agency for effective service delivery.",0.0,110000000.0,0.0,78000000.0,78000000.0,78000000.0,0.0,213,0.44444,0.46242,017200700100,ZAKAT and Endowment Agency (WAQF),23010112,PURCHASE OF OFFICE FURNITURE AND FITTINGS,70133,OTHER GENERAL SERVICES,33342400,State Wide,13100125000300,Reform of Government and Governance - General
Purchase of NICON Estate at Bado Quarters Sokoto,0.0,0.0,0.0,0.0,250000000.0,250000000.0,0.0,213,0.45261,0.47059,017200700100,ZAKAT and Endowment Agency (WAQF),23010101,PURCHASE / ACQUISITION OF LAND,70411,GENERAL ECONOMIC AND COMMERCIALAFFAIRS,33342400,State Wide,13100125000400,Reform of Government and Governance - General
"Establishment of Awqaf farms containing Dates, Mango, Cashew and Moringa in some selected LGAs i.e. (Tureta, Tangaza, Tambuwal, Bodinga, and Isa), Post Primary Schools and Higher Institutions across the state.",0.0,0.0,0.0,130000000.0,130000000.0,130000000.0,0.0,213,0.46078,0.47876,017200700100,ZAKAT and Endowment Agency (WAQF),23040101,TREE PLANTING,70421,AGRICULTURE,33342400,State Wide,09100125000500,Environmental Improvement - General
Provision of 2 millions Economic Trees seedlings for AWQAF for 87 districts.,0.0,67000000.0,0.0,60000000.0,60000000.0,60000000.0,0.0,213,0.46895,0.48693,017200700100,ZAKAT and Endowment Agency (WAQF),23040101,TREE PLANTING,70841,RELIGIOUS AND OTHER COMMUNITY SERVICES,33342400,State Wide,09100125000600,Environmental Improvement - General
"Purchase of informal education tools such as Video Player, Loudspeakers, Radio, Television, Smart Android phones and projector to enhance a life build on principles of Barakah, Ahsanu amala , Salam through Waqf model.",0.0,77000000.0,0.0,89000000.0,89000000.0,89000000.0,0.0,213,0.47712,0.4951,017200700100,ZAKAT and Endowment Agency (WAQF),23010124,PURCHASE OF TEACHING / LEARNING AID EQUIPMENT,70411,GENERAL ECONOMIC AND COMMERCIALAFFAIRS,33342400,State Wide,05030425000700,Second chance education
Community Development Projects (to establish micro business through granting intrest free loan) Qardun Hassan,0.0,70000000.0,0.0,0.0,0.0,0.0,0.0,213,0.48611,0.50408,017200700100,ZAKAT and Endowment Agency (WAQF),23050103,MONITORING AND EVALUATION,70411,GENERAL ECONOMIC AND COMMERCIALAFFAIRS,33342400,State Wide,13100125000800,Reform of Government and Governance - General
Renovation of Hospital at Farfaru,0.0,55000000.0,0.0,95000000.0,95000000.0,95000000.0,0.0,213,0.49428,0.51225,017200700100,ZAKAT and Endowment Agency (WAQF),23030105,REHABILITATION / REPAIRS - HOSPITAL / HEALTH CENTRES,70721,GENERAL MEDICAL SERVICES,33342400,State Wide,04050125000901,Functional health facilities
Graduating of Mustahiq to Muzakki Project (BMT),0.0,0.0,0.0,100000000.0,100000000.0,100000000.0,0.0,213,0.50245,0.52042,017200700100,ZAKAT and Endowment Agency (WAQF),23050109,POVERTY REDUCTION PROGRAMME AND PROJECTS,70411,GENERAL ECONOMIC AND COMMERCIALAFFAIRS,33342400,State Wide,13100125001000,Reform of Government and Governance - General
Construction of 500 seat capacity conference center for Zakkat Agency at Ummaru Ali Shinkafi Poly Technic Sokoto,0.0,0.0,0.0,300000000.0,500000000.0,500000000.0,0.0,213,0.51062,0.52859,017200700100,ZAKAT and Endowment Agency (WAQF),23020101,CONSTRUCTION / PROVISION OF OFFICE BUILDINGS,70133,OTHER GENERAL SERVICES,33342400,State Wide,13100125001100,Reform of Government and Governance - General
Construction of Waqf Lodges one in each 23 Local Govenrment in the state.,0.0,0.0,0.0,0.0,220000000.0,220000000.0,0.0,213,0.51879,0.53676,017200700100,ZAKAT and Endowment Agency (WAQF),23020102,CONSTRUCTION / PROVISION OF RESIDENTIAL BUILDINGS,70621,COMMUNITY DEVELOPMENT,33342400,State Wide,13100125001200,Reform of Government and Governance - General
Establishment of Waqf Green City Garden (Tree Planning) in Sokoto,0.0,40000000.0,0.0,40000000.0,40000000.0,40000000.0,0.0,213,0.52696,0.54493,017200700100,ZAKAT and Endowment Agency (WAQF),23040101,TREE PLANTING,70561,ENVIRONMENTAL PROTECTION N.E.C.,33342400,State Wide,09100125001300,Environmental Improvement - General
Construction of ZEYVOC Comphrehensive Center in 87 District,0.0,0.0,0.0,45000000.0,45000000.0,45000000.0,0.0,213,0.53513,0.5531,017200700100,ZAKAT and Endowment Agency (WAQF),23050109,POVERTY REDUCTION PROGRAMME AND PROJECTS,70411,GENERAL ECONOMIC AND COMMERCIALAFFAIRS,33342400,State Wide,09100125001400,Environmental Improvement - General
"Purchase and distribution of relief materials such as matresses, blankets, buckets, food stuffs, utensils to Poor and Vulnerable children under at Risk Children Programme in the State (ARC-P)",0.0,0.0,0.0,30000000.0,30000000.0,30000000.0,0.0,213,0.5433,0.56127,017200700100,ZAKAT and Endowment Agency (WAQF),23010139,PURCHASE OF POVERTY AND EMERGENCY RELIEF MATERIALS,71051,UNEMPLOYMENT,33342400,State Wide,13100125001500,Reform of Government and Governance - General
"Purchase of land for the establishment of Waqf Agric Oriented Project (Agro Waqf for Castor oil Project and Waqf Diaryproject, etc)",0.0,65000000.0,0.0,65000000.0,65000000.0,65000000.0,0.0,213,0.55147,0.56944,017200700100,ZAKAT and Endowment Agency (WAQF),23010101,PURCHASE / ACQUISITION OF LAND,70411,GENERAL ECONOMIC AND COMMERCIALAFFAIRS,33342400,State Wide,01020425001600,Dairy development
"Construction of wall fence & fencing wire of 300 hecters of Waqf Land at Daai, Marnona and Kalalawa eacch N500,000,000.",0.0,0.0,0.0,300000000.0,500000000.0,500000000.0,0.0,213,0.55964,0.57761,017200700100,ZAKAT and Endowment Agency (WAQF),23020122,CONSTRUCTION OF BOUNDARY PILLARS/ RIGHT OF WAYS,70133,OTHER GENERAL SERVICES,33342400,State Wide,13100126007700,Reform of Government and Governance - General
Construction of bricks wall fence of 16 hectres of land for date palm Plantation in Tsamiya town of Tureta LGA,0.0,0.0,0.0,150000000.0,150000000.0,150000000.0,0.0,213,0.56781,0.58578,017200700100,ZAKAT and Endowment Agency (WAQF),23020122,CONSTRUCTION OF BOUNDARY PILLARS/ RIGHT OF WAYS,70133,OTHER GENERAL SERVICES,33342400,State Wide,13100126007800,Reform of Government and Governance - General
Construction of perimeter wall fence for demacation of over 150 Waqf lands across the state,0.0,0.0,0.0,150000000.0,150000000.0,150000000.0,0.0,213,0.5768,0.59477,017200700100,ZAKAT and Endowment Agency (WAQF),23020122,CONSTRUCTION OF BOUNDARY PILLARS/ RIGHT OF WAYS,70133,OTHER GENERAL SERVICES,33342400,State Wide,13100126007900,Reform of Government and Governance - General
Provsion of 5 no Bajaj motorcycles for Zakat field officers,0.0,0.0,0.0,8000000.0,8000000.0,8000000.0,0.0,213,0.58497,0.60294,017200700100,ZAKAT and Endowment Agency (WAQF),23010104,PURCHASE MOTOR CYCLES,70133,OTHER GENERAL SERVICES,33342400,State Wide,13100126008000,Reform of Government and Governance - General
"Provision and Installation of 10 no Solar boreholes at Dabagi, Tsamiya, Kalalawa and Marnona Agro Waqf farms each 5000 liters.",0.0,0.0,0.0,120000000.0,120000000.0,120000000.0,0.0,213,0.59314,0.61111,017200700100,ZAKAT and Endowment Agency (WAQF),23020105,CONSTRUCTION / PROVISION OF WATER FACILITIES,70131,GENERAL PERSONNEL SERVICES,33342400,State Wide,10100126000100,Water Resources and Rural Deve - General
Construction of Dual Carriage way 0.5km and ring road at Tsamiya agro waqf farm (4 km) in Tureta LGA.,0.0,0.0,0.0,150000000.0,350000000.0,350000000.0,0.0,213,0.60131,0.61928,017200700100,ZAKAT and Endowment Agency (WAQF),23020114,CONSTRUCTION / PROVISION OF ROADS,70133,OTHER GENERAL SERVICES,33342400,State Wide,17100126000100,Road - General
Construction of 80 Hamsu Salawati and 50 Jumuat Mosque by Qatar Charity Organization,0.0,0.0,0.0,300000000.0,300000000.0,300000000.0,0.0,213,0.60948,0.62745,017200700100,ZAKAT and Endowment Agency (WAQF),23020128,CONSTUCTION/PROVISION OF RELIGIOUS BUILDING,70621,COMMUNITY DEVELOPMENT,33342400,State Wide,06100126000100,Housing and Urban Development - General
"Construction of 120 Water facilities such as Solar powered borehole, Motorized borehole, Hand pump borehole and Dugwell by Qatar Charity and other donors as Wqaf donation to the State.",0.0,0.0,0.0,400000000.0,400000000.0,400000000.0,0.0,213,0.61765,0.63562,017200700100,ZAKAT and Endowment Agency (WAQF),23020105,CONSTRUCTION / PROVISION OF WATER FACILITIES,70133,OTHER GENERAL SERVICES,33342400,State Wide,10100126000200,Water Resources and Rural Deve - General
"Provision of 5 no Hajj seat to poor Islamic Teachers, old Age and less-privilege provided by individuals donors as Waqf donatios,",0.0,0.0,0.0,50200000.0,50200000.0,50200000.0,0.0,213,0.62582,0.64379,017200700100,ZAKAT and Endowment Agency (WAQF),23050101,RESEARCH AND DEVELOPMENT,70841,RELIGIOUS AND OTHER COMMUNITY SERVICES,33342400,State Wide,05010326000100,Education sector coordination mechanisms
Construction of New Convertees Home at Arkilla Wamakko LGA.,0.0,50000000.0,0.0,0.0,0.0,0.0,0.0,213,0.66667,0.68464,017200700200,Hisbah Board Sokoto,23020104,CONSTRUCTION / PROVISION OF HOUSING,70361,PUBLIC ORDER AND SAFETY N.E.C.,33342400,State Wide,13100126008100,Reform of Government and Governance - General
ConstructIion of Hisbah Head Office within Sokoto metropolis,0.0,100000000.0,0.0,120000000.0,120000000.0,120000000.0,0.0,213,0.67484,0.69281,017200700200,Hisbah Board Sokoto,23020101,CONSTRUCTION / PROVISION OF OFFICE BUILDINGS,70361,PUBLIC ORDER AND SAFETY N.E.C.,33342400,State Wide,13100126008200,Reform of Government and Governance - General
Procurement and Installation of Solar Power for Hisbah Head Office,0.0,10000000.0,0.0,20000000.0,20000000.0,20000000.0,0.0,213,0.68382,0.7018,017200700200,Hisbah Board Sokoto,23010119,PURCHASE OF POWER GENERATING SET,70361,PUBLIC ORDER AND SAFETY N.E.C.,33342400,State Wide,13100126008300,Reform of Government and Governance - General
Purchase of 46 nos Bajaj motorcycles for distribution to 23 LGAs,0.0,100000000.0,0.0,69000000.0,69000000.0,69000000.0,0.0,213,0.69199,0.70997,017200700200,Hisbah Board Sokoto,23010104,PURCHASE MOTOR CYCLES,70361,PUBLIC ORDER AND SAFETY N.E.C.,33342400,State Wide,13100126008400,Reform of Government and Governance - General
Procurement of 75 no tables and chairs for Head office and 23 Offices across he 23 LGAs,0.0,20000000.0,0.0,0.0,0.0,0.0,0.0,213,0.70016,0.71814,017200700200,Hisbah Board Sokoto,23010112,PURCHASE OF OFFICE FURNITURE AND FITTINGS,70361,PUBLIC ORDER AND SAFETY N.E.C.,33342400,State Wide,13100126008500,Reform of Government and Governance - General
Construction of rehabilitation centre within Sokoto metropolis for Drugs addicts and other persons with related issues,0.0,20000000.0,0.0,0.0,0.0,0.0,0.0,213,0.70833,0.72631,017200700200,Hisbah Board Sokoto,23020101,CONSTRUCTION / PROVISION OF OFFICE BUILDINGS,70361,PUBLIC ORDER AND SAFETY N.E.C.,33342400,State Wide,13100126008600,Reform of Government and Governance - General
Purchase of 25 no Core i5 Hp laptop computers and 25 no hp laserjet dual printer with photocopier,0.0,0.0,0.0,15000000.0,15000000.0,15000000.0,0.0,213,0.7165,0.73448,017200700200,Hisbah Board Sokoto,23010113,PURCHASE OF COMPUTERS,70361,PUBLIC ORDER AND SAFETY N.E.C.,33342400,State Wide,13100126008700,Reform of Government and Governance - General
"Purchase of Security Equipment & Gadgets such as walkie talkie system, bullet proof jacket, helmet, GPS trackers, defence equipment, alarm siren, CCTV cameras",0.0,0.0,0.0,70000000.0,70000000.0,70000000.0,0.0,213,0.72467,0.74265,017200700200,Hisbah Board Sokoto,23010128,PURCHASE OF SECURITY EQUIPMENT,70361,PUBLIC ORDER AND SAFETY N.E.C.,33342400,State Wide,13100126008800,Reform of Government and Governance - General
Construction of 2 block of 5 classes for Almajiri Nizzamiyyah in Sokoto South LGA,0.0,0.0,0.0,160000000.0,80000000.0,80000000.0,0.0,213,0.76552,0.7835,017200700300,Agency for Almajiri Matters,23020107,CONSTRUCTION / PROVISION OF PUBLIC SCHOOLS,70951,EDUCATION NOT DEFINABLE BY LEVEL,33342400,State Wide,05100125000100,Education Not Elsewhere Classified
Construction of 2 block of 5 classes for Almajiri Nizzamiyyah in Goronyo LGA,0.0,0.0,0.0,0.0,80000000.0,80000000.0,0.0,213,0.77369,0.79167,017200700300,Agency for Almajiri Matters,23020107,CONSTRUCTION / PROVISION OF PUBLIC SCHOOLS,70951,EDUCATION NOT DEFINABLE BY LEVEL,33342400,State Wide,05100125000200,Education Not Elsewhere Classified
Construction of 2 block of 5 classes for Almajiri Nizzamiyyah in Dange shuni L/G.,0.0,0.0,0.0,100000000.0,100000000.0,100000000.0,0.0,213,0.78268,0.80065,017200700300,Agency for Almajiri Matters,23020107,CONSTRUCTION / PROVISION OF PUBLIC SCHOOLS,70951,EDUCATION NOT DEFINABLE BY LEVEL,33342400,State Wide,05100125000300,Education Not Elsewhere Classified
"Purchase of 400 no of assorted vocational machines such as barbing machines, welding machines, plum",0.0,0.0,0.0,100000000.0,200000000.0,200000000.0,0.0,213,0.79085,0.80882,017200700300,Agency for Almajiri Matters,23010129,PURCHASE OF INDUSTRIAL EQUIPMENT 70951 - EDUCATION NOT DEFINABLE BY LEVEL,,"bing machines, knitting machines, tailoring machines, automative repairs machines and other vocational tools.",33342400,State Wide,05100126000300,Education Not Elsewhere Classified
Purchase of 10 no office furnitures such as tables and chairs for Almajiri school Head office,0.0,0.0,0.0,10000000.0,10000000.0,10000000.0,0.0,213,0.79902,0.81699,017200700300,Agency for Almajiri Matters,23010112,PURCHASE OF OFFICE FURNITURE AND FITTINGS,70951,EDUCATION NOT DEFINABLE BY LEVEL,33342400,State Wide,05010326000200,Education sector coordination mechanisms
"Conduction of reconnaissance survey and agricultural census in Sokoto, Gwadabawa, Isa and Tambuwal zones.",0.0,10000000.0,0.0,0.0,0.0,0.0,0.0,213,0.83987,0.85784,021500100100,Ministry of Agriculture & Natural Resource,23030121,REHABILITATION / REPAIRS OF OFFICE BUILDINGS,70421,AGRICULTURE,33342400,State Wide,01040425000300,Agricultural produce and quality control
"Rehabilitation of main and 4 zonal mechanical Workshops at Gwadabawa,Isa,sokoto and Tambuwal",0.0,100000000.0,0.0,200000000.0,200000000.0,200000000.0,0.0,213,0.84804,0.86601,021500100100,Ministry of Agriculture & Natural Resource,23030112,REHABILITATION / REPAIRS - AGRICICULTURAL FACILITIES,70421,AGRICULTURE,33342400,State Wide,01040425000400,Agricultural produce and quality control
Harmonization of Agric Data in partnership with FGN and Agric shows at State and Federal Gov't.,0.0,50000000.0,0.0,0.0,0.0,0.0,0.0,213,0.85621,0.87418,021500100100,Ministry of Agriculture & Natural Resource,23010140,PURCHASE OF AGRICULTURAL INPUTS,70421,AGRICULTURE,33342400,State Wide,01040424000100,Agricultural produce and quality control
"Purchase of Improved seeds of millet, sorghum, rice, herbicides and insecticides",0.0,100000000.0,100000000.0,250000000.0,250000000.0,250000000.0,0.0,213,0.86438,0.88235,021500100100,Ministry of Agriculture & Natural Resource,23010140,PURCHASE OF AGRICULTURAL INPUTS,70421,AGRICULTURE,33342400,State Wide,01040425000500,Agricultural produce and quality control
"Rehabilitation of 4 zonal Agric offices at gwadabawa, isa, Kasarawa and tambuwal",0.0,50000000.0,42081800.0,165000000.0,200000000.0,200000000.0,0.0,213,0.87255,0.89052,021500100100,Ministry of Agriculture & Natural Resource,23030121,REHABILITATION / REPAIRS OF OFFICE BUILDINGS,70421,AGRICULTURE,33342400,State Wide,01040425000600,Agricultural produce and quality control
Procurement of 250 units of Furgeson Tractors for distribution to farmers across 23 local government in the state,12044812.5,9450000000.0,4950000000.0,4500000000.0,0.0,0.0,0.0,213,0.88154,0.89951,021500100100,Ministry of Agriculture & Natural Resource,23010105,PURCHASE OF MOTOR VEHICLES,70421,AGRICULTURE,33342400,State Wide,01040424000200,Agricultural produce and quality control
"Procurement of processing machines ( milling, thrasher, oil extractor etc)",0.0,100000000.0,0.0,50000000.0,50000000.0,50000000.0,0.0,213,0.88971,0.90768,021500100100,Ministry of Agriculture & Natural Resource,23010127,PURCHASE OF AGRICULTURAL EQUIPMENT,70421,AGRICULTURE,33342400,State Wide,01040125000700,Modern technology for post-harvest storage and value addition
Programmes and Projects on Agriicultural activities under UNSDF delivery as One,0.0,5000000.0,0.0,0.0,0.0,0.0,0.0,213,0.89788,0.91585,021500100100,Ministry of Agriculture & Natural Resource,23010127,PURCHASE OF AGRICULTURAL EQUIPMENT,70421,AGRICULTURE,33342400,State Wide,01010225000900,Agriculture sector coordination mechanisms
"Purchase of 160 Trucks of Assorted Fertilizers, Urea 90 Trucks and NPK 70 Trucks",0.0,2000000000.0,1878000000.0,2000000000.0,5000000000.0,5000000000.0,0.0,214,0.09069,0.10866,021500100100,Ministry of Agriculture & Natural Resource,23010140,PURCHASE OF AGRICULTURAL INPUTS,70421,AGRICULTURE,33342400,State Wide,01030325001000,"Farm inputs supply and service delivery system (improved seeds, fertilizer, agro-chemicals etc.)"
"Purchase of 150 trucks of millet, 100 trucks of sorghum, 50 trucks of maize and 50 trucks of rice for state Buffer Stock.",244148343.25,0.0,0.0,2000000000.0,0.0,0.0,0.0,214,0.09886,0.11683,021500100100,Ministry of Agriculture & Natural Resource,23010139,PURCHASE OF POVERTY AND EMERGENCY RELIEF MATERIALS,70421,AGRICULTURE,33342400,State Wide,01030325001100,"Farm inputs supply and service delivery system (improved seeds, fertilizer, agro-chemicals etc.)"
"Purchase of pest control chemicals, Spray equipments, Agro-chemicals and Quelea Birds Aerial Control",0.0,150000000.0,43548790.46,190000000.0,190000000.0,190000000.0,0.0,214,0.10703,0.125,021500100100,Ministry of Agriculture & Natural Resource,23010140,PURCHASE OF AGRICULTURAL INPUTS,70421,AGRICULTURE,33342400,State Wide,01030325001200,"Farm inputs supply and service delivery system (improved seeds, fertilizer, agro-chemicals etc.)"
Purchase of 25no of Canoes and 25no of Boats for flood prone areas in the state,0.0,150000000.0,6050000.0,50000000.0,50000000.0,50000000.0,0.0,214,0.1152,0.13317,021500100100,Ministry of Agriculture & Natural Resource,23010109,PURCHASE OF SEA BOATS,70421,AGRICULTURE,33342400,State Wide,01100125001300,Agriculture Programme Not Elsewhere Classified
"Rehabilitation of Irrigation Schemes at wurno, Kware,Tungar Tudu, Kalmalo, Taloka, Kwakwazo and Muza",0.0,100000000.0,0.0,350000000.0,400000000.0,400000000.0,0.0,214,0.12337,0.14134,021500100100,Ministry of Agriculture & Natural Resource,23030112,REHABILITATION / REPAIRS - AGRICICULTURAL FACILITIES,70421,AGRICULTURE,33342400,State Wide,01010225001400,Agriculture sector coordination mechanisms
"Construction of Irrigation Scheme at Kebbe,Silame,rabah, Tambuwal and Wamakko",0.0,0.0,0.0,350000000.0,400000000.0,400000000.0,0.0,214,0.13154,0.14951,021500100100,Ministry of Agriculture & Natural Resource,23020113,CONSTRUCTION / PROVISION OF AGRICULTURAL FACILITIES,70421,AGRICULTURE,33342400,State Wide,01010225001500,Agriculture sector coordination mechanisms
"Irrigation Scheme Youth empowerment,(NEMI NA KANKA)",0.0,200000000.0,0.0,200000000.0,200000000.0,200000000.0,0.0,214,0.13971,0.15768,021500100100,Ministry of Agriculture & Natural Resource,23050101,RESEARCH AND DEVELOPMENT,70421,AGRICULTURE,33342400,State Wide,01010225001700,Agriculture sector coordination mechanisms
"Counterpart Funds forAafrican Development Bank (AFDB) and World Bank for Irrigation support programme under ATASP-2 at Wamakko,Tungar Tudu and Muza",0.0,500000000.0,0.0,0.0,500000000.0,500000000.0,0.0,214,0.14788,0.16585,021500100100,Ministry of Agriculture & Natural Resource,23050101,RESEARCH AND DEVELOPMENT,70421,AGRICULTURE,33342400,State Wide,01010225001800,Agriculture sector coordination mechanisms
Construction for the expansion dams and irrigation infrastructures for Kware irrigation scheme (SPIN Project),0.0,200000000.0,35000000.0,800000000.0,300000000.0,300000000.0,0.0,214,0.15605,0.17402,021500100100,Ministry of Agriculture & Natural Resource,23050101,RESEARCH AND DEVELOPMENT,70421,AGRICULTURE,33342400,State Wide,01010225001900,Agriculture sector coordination mechanisms
Sustainable Power and Irrigation in Nigeria Project,0.0,300000000.0,0.0,0.0,0.0,0.0,0.0,214,0.16422,0.18219,021500100100,Ministry of Agriculture & Natural Resource,23050101,RESEARCH AND DEVELOPMENT,70421,AGRICULTURE,33342400,State Wide,01010226000100,Agriculture sector coordination mechanisms
Procurement of Solar powered Water Pumps for Irrigation purpose,0.0,0.0,0.0,350000000.0,400000000.0,400000000.0,0.0,214,0.17239,0.19036,021500100100,Ministry of Agriculture & Natural Resource,23010142,PURCHASE OF WATER EQUIPMENT,70421,AGRICULTURE,33342400,State Wide,01010225002200,Agriculture sector coordination mechanisms
Construction of 500 Capacity Auditorium Hall in the College,0.0,323000000.0,0.0,225000000.0,725000000.0,725000000.0,0.0,214,0.21405,0.23203,021502100100,College of Agriculture Wurno,23020118,CONSTRUCTION / PROVISION OF INFRASTRUCTURE,70951,EDUCATION NOT DEFINABLE BY LEVEL,33342400,State Wide,01070625000100,Capacity building for stakeholders and professional human resources development
"Upgrading of College of Agriculture Wurno, Perimeter wall fence",0.0,0.0,0.0,336000000.0,336000000.0,336000000.0,0.0,214,0.22222,0.2402,021502100100,College of Agriculture Wurno,23030122,REHABILITATION/REPAIRS OF BOUNDARIES,70951,EDUCATION NOT DEFINABLE BY LEVEL,33342400,State Wide,01070625000200,Capacity building for stakeholders and professional human resources development
Annual Convocation Ceremony and Printing of Certificate,0.0,26000000.0,0.0,0.0,0.0,0.0,0.0,214,0.23039,0.24837,021502100100,College of Agriculture Wurno,23050101,RESEARCH AND DEVELOPMENT,70951,EDUCATION NOT DEFINABLE BY LEVEL,33342400,State Wide,01070625000300,Capacity building for stakeholders and professional human resources development
Purchase of Instructional facilities for college of Agric wurno,0.0,90000000.0,0.0,0.0,0.0,0.0,0.0,214,0.23856,0.25654,021502100100,College of Agriculture Wurno,23010124,PURCHASE OF TEACHING / LEARNING AID EQUIPMENT,70951,EDUCATION NOT DEFINABLE BY LEVEL,33342400,State Wide,01070625000400,Capacity building for stakeholders and professional human resources development
Construction of E-Labrary Facilities and Equipment for college of Agric wurno,0.0,45000000.0,0.0,117600000.0,117600000.0,117600000.0,0.0,214,0.24673,0.26471,021502100100,College of Agriculture Wurno,23020111,CONSTRUCTION / PROVISION OF LIBRARIES,70951,EDUCATION NOT DEFINABLE BY LEVEL,33342400,State Wide,01070625000500,Capacity building for stakeholders and professional human resources development
Procurement of 500kva Transformer and ther equipments for connection of College light,0.0,0.0,0.0,82320000.0,82320000.0,82320000.0,0.0,214,0.2549,0.27288,021502100100,College of Agriculture Wurno,23010119,PURCHASE OF POWER GENERATING SET,70421,AGRICULTURE,33342400,State Wide,01070625001100,Capacity building for stakeholders and professional human resources development
Conversion of water supply into solar system and Reticulation,0.0,32000000.0,0.0,78780000.0,78780000.0,78780000.0,0.0,214,0.26307,0.28105,021502100100,College of Agriculture Wurno,23030104,REHABILITATION / REPAIRS - WATER FACILITIES,70421,AGRICULTURE,33342400,State Wide,01070625001200,Capacity building for stakeholders and professional human resources development
Support for accreditation exercises for College of Agriculture Wurno,0.0,50000000.0,0.0,90000000.0,90000000.0,90000000.0,0.0,214,0.27124,0.28922,021502100100,College of Agriculture Wurno,23050101,RESEARCH AND DEVELOPMENT,70951,EDUCATION NOT DEFINABLE BY LEVEL,33342400,State Wide,01070625001300,Capacity building for stakeholders and professional human resources development
"Purchase of Improved foundation and certified seeds early maturing for Demonstration and Trails across the 23 local governments such as Millet (super sosat), Sorghum (samsorg14) and others",0.0,40000000.0,0.0,50000000.0,50000000.0,50000000.0,0.0,214,0.31291,0.33088,021510200100,State Agricultural Development Project,23010140,PURCHASE OF AGRICULTURAL INPUTS,70421,AGRICULTURE,33342400,State Wide,01030225000100,"Intensive crop and vegetable production (irrigation, crop diversification etc.)"
Purchase of learning field material for 40 farmers field school (FFBS) across the state,0.0,50000000.0,0.0,50000000.0,50000000.0,50000000.0,0.0,214,0.32108,0.33905,021510200100,State Agricultural Development Project,23010124,PURCHASE OF TEACHING / LEARNING AID EQUIPMENT,70421,AGRICULTURE,33342400,State Wide,05040226000100,Instructional and learning materials
Rehabilitation of metrological stations at isa and wurno LGAs,0.0,40000000.0,0.0,0.0,0.0,0.0,0.0,214,0.32925,0.34722,021510200100,State Agricultural Development Project,23030112,REHABILITATION / REPAIRS - AGRICICULTURAL FACILITIES,70421,AGRICULTURE,33342400,State Wide,05060226000100,Research and development
"Purchase of 2 no. each of Samsung Galaxy Tabs, GPS, Laptops, weghting scale and measuring tapes",0.0,0.0,0.0,15000000.0,15000000.0,15000000.0,0.0,214,0.33742,0.35539,021510200100,State Agricultural Development Project,23010127,PURCHASE OF AGRICULTURAL EQUIPMENT,70421,AGRICULTURE,33342400,State Wide,05060226000200,Research and development
Purchase of 50 Nos Motocycle for EA's,0.0,0.0,0.0,50000000.0,50000000.0,50000000.0,0.0,214,0.34559,0.36356,021510200100,State Agricultural Development Project,23010104,PURCHASE MOTOR CYCLES,70421,AGRICULTURE,33342400,State Wide,01030225000800,"Intensive crop and vegetable production (irrigation, crop diversification etc.)"
Procurement and installation of 12 Nos laptop Computers and ICT farcilities,0.0,5000000.0,0.0,5000000.0,5000000.0,5000000.0,0.0,214,0.35376,0.37173,021510200100,State Agricultural Development Project,23010113,PURCHASE OF COMPUTERS,70421,AGRICULTURE,33342400,State Wide,01030225001000,"Intensive crop and vegetable production (irrigation, crop diversification etc.)"
Development of farmers associations and cooperatives,0.0,0.0,0.0,10000000.0,10000000.0,10000000.0,0.0,214,0.36193,0.3799,021510200100,State Agricultural Development Project,23050101,RESEARCH AND DEVELOPMENT,70421,AGRICULTURE,33342400,State Wide,01030225001100,"Intensive crop and vegetable production (irrigation, crop diversification etc.)"
Renovation of 2 zonal offices and training center at wurno and Tambuwal LGA,0.0,0.0,0.0,50000000.0,50000000.0,50000000.0,0.0,214,0.3701,0.38807,021510200100,State Agricultural Development Project,23030121,REHABILITATION / REPAIRS OF OFFICE BUILDINGS,70421,AGRICULTURE,33342400,State Wide,01030226000100,"Intensive crop and vegetable production (irrigation, crop diversification etc.)"
Rehabilitation of women multi-purpose center at kasarawa,0.0,0.0,0.0,40000000.0,40000000.0,40000000.0,0.0,214,0.37908,0.39706,021510200100,State Agricultural Development Project,23030121,REHABILITATION / REPAIRS OF OFFICE BUILDINGS,70421,AGRICULTURE,33342400,State Wide,01030226000200,"Intensive crop and vegetable production (irrigation, crop diversification etc.)"
Ronavation of ADP state headquater,0.0,0.0,0.0,80000000.0,80000000.0,80000000.0,0.0,214,0.38725,0.40523,021510200100,State Agricultural Development Project,23030121,REHABILITATION / REPAIRS OF OFFICE BUILDINGS,70421,AGRICULTURE,33342400,State Wide,01030226000300,"Intensive crop and vegetable production (irrigation, crop diversification etc.)"
"Purchase of fertilizer, insecticides, herbicides, pumping machines and seeds",0.0,150000000.0,0.0,150000000.0,0.0,0.0,0.0,214,0.4281,0.44608,021510200200,International Fund for Agriculture,23010140,PURCHASE OF AGRICULTURAL INPUTS,70421,AGRICULTURE,33342400,State Wide,01030322000100,"Farm inputs supply and service delivery system (improved seeds, fertilizer, agro-chemicals etc.)"
Rehabilitation of offices in 23 LGAs and sustainance of former programme (CBARDP),0.0,20000000.0,0.0,20000000.0,0.0,0.0,0.0,214,0.43627,0.45425,021510200200,International Fund for Agriculture,23030112,REHABILITATION / REPAIRS - AGRICICULTURAL FACILITIES,70421,AGRICULTURE,33342400,State Wide,01030322000200,"Farm inputs supply and service delivery system (improved seeds, fertilizer, agro-chemicals etc.)"
Procurement of Assorted fertilizer and pesticides and herbicides for distribution to Farmers (NG-Cares Program),0.0,1000000000.0,0.0,2000000000.0,2000000000.0,2000000000.0,0.0,214,0.47712,0.4951,021510200300,Nigeria CARES- Fadama Programme,23010140,PURCHASE OF AGRICULTURAL INPUTS,70421,AGRICULTURE,33342400,State Wide,01030326000100,"Farm inputs supply and service delivery system (improved seeds, fertilizer, agro-chemicals etc.)"
Rehabilitation of existing farm access roads and drilling of tube-wells (NG-Cares Program),0.0,501300000.0,0.0,0.0,1000000.0,1000000.0,0.0,214,0.48611,0.50408,021510200300,Nigeria CARES- Fadama Programme,23030112,REHABILITATION / REPAIRS - AGRICICULTURAL FACILITIES,70421,AGRICULTURE,33342400,State Wide,01040326000100,Market linkage
Procurement of productive and Processing Assets and Auxiliary support services to poor vulnerable farmers(NG-Cares),0.0,0.0,0.0,0.0,1000000.0,1000000.0,0.0,214,0.49428,0.51225,021510200300,Nigeria CARES- Fadama Programme,23030112,REHABILITATION / REPAIRS - AGRICICULTURAL FACILITIES,70421,AGRICULTURE,33342400,State Wide,01070126000100,"Integrated rural development (agricultural land development, farm mechanization, & rural infrastructures"
Construction of Tube Wells across the State,0.0,531960500.0,0.0,0.0,0.0,0.0,0.0,214,0.50245,0.52042,021510200300,Nigeria CARES- Fadama Programme,23020105,CONSTRUCTION / PROVISION OF WATER FACILITIES,70421,AGRICULTURE,33342400,State Wide,01040126000100,Modern technology for post-harvest storage and value addition
Rihabilatation of FASCO Warehouse with 15 Nos Stores at FASCO headquater,0.0,10000000.0,0.0,10000000.0,0.0,0.0,0.0,214,0.5433,0.56127,021511000100,Fertilizer and Agricultral Supplies Company,23030112,REHABILITATION / REPAIRS - AGRICICULTURAL FACILITIES,70421,AGRICULTURE,33312100,WAMAKKO,01030223000600,"Intensive crop and vegetable production (irrigation, crop diversification etc.)"
Construction of mosque at FASCO headquarter,0.0,5000000.0,0.0,5000000.0,0.0,0.0,0.0,214,0.55147,0.56944,021511000100,Fertilizer and Agricultral Supplies Company,23020128,CONSTUCTION/PROVISION OF RELIGIOUS BUILDING,70421,AGRICULTURE,33312100,WAMAKKO,01030223000700,"Intensive crop and vegetable production (irrigation, crop diversification etc.)"
Purchase of 5no motor cycles (Daylong),0.0,8000000.0,0.0,8000000.0,0.0,0.0,0.0,214,0.55964,0.57761,021511000100,Fertilizer and Agricultral Supplies Company,23010104,PURCHASE MOTOR CYCLES,70421,AGRICULTURE,33312100,WAMAKKO,01030223000800,"Intensive crop and vegetable production (irrigation, crop diversification etc.)"
Purchase of 1no of Toyota Hilux 2022 model,0.0,75000000.0,0.0,0.0,0.0,0.0,0.0,214,0.56781,0.58578,021511000100,Fertilizer and Agricultral Supplies Company,23010105,PURCHASE OF MOTOR VEHICLES,70421,AGRICULTURE,33312100,WAMAKKO,01030224001400,"Intensive crop and vegetable production (irrigation, crop diversification etc.)"
Procurement of 600kva Mikano power generator,0.0,0.0,0.0,100000000.0,100000000.0,100000000.0,0.0,214,0.60948,0.62745,022000100100,Ministry of Finance,23010119,PURCHASE OF POWER GENERATING SET,70133,OTHER GENERAL SERVICES,33342400,State Wide,13100125000100,Reform of Government and Governance - General
Procurement of 150 no Hp laptop Corei5 Computers for distribution to state MDAs,57930250.0,50000000.0,50000000.0,100000000.0,100000000.0,100000000.0,0.0,214,0.61765,0.63562,022000100100,Ministry of Finance,23010113,PURCHASE OF COMPUTERS,70112,FINANCIAL AND FISCAL AFFAIRS,33342400,State Wide,13100125000200,Reform of Government and Governance - General
"Procurement of 2no Toyota LE, 2Nos 18 seater Toyota Buses for the ministry of Finance Headquaters.",30639500.0,100000000.0,0.0,0.0,250000000.0,250000000.0,0.0,214,0.62582,0.64379,022000100100,Ministry of Finance,23010105,PURCHASE OF MOTOR VEHICLES,70112,FINANCIAL AND FISCAL AFFAIRS,33342400,State Wide,13100125000300,Reform of Government and Governance - General
Purhchase of 30 no office tables and chairs for New SOIRS office Complex,0.0,0.0,0.0,100000000.0,100000000.0,100000000.0,0.0,214,0.63399,0.65196,022000100100,Ministry of Finance,23010112,PURCHASE OF OFFICE FURNITURE AND FITTINGS,70112,FINANCIAL AND FISCAL AFFAIRS,33342400,State Wide,13100125000400,Reform of Government and Governance - General
Renovation of offices at Ministry's H/Q,0.0,80000000.0,60072000.0,80000000.0,80000000.0,80000000.0,0.0,214,0.64216,0.66013,022000100100,Ministry of Finance,23030121,REHABILITATION / REPAIRS OF OFFICE BUILDINGS,70112,FINANCIAL AND FISCAL AFFAIRS,33342400,State Wide,13100125000500,Reform of Government and Governance - General
Construction of New Office Complex for SOIRS,0.0,0.0,0.0,0.0,450000000.0,450000000.0,0.0,214,0.65033,0.6683,022000100100,Ministry of Finance,23020101,CONSTRUCTION / PROVISION OF OFFICE BUILDINGS,70112,FINANCIAL AND FISCAL AFFAIRS,33342400,State Wide,13100125000600,Reform of Government and Governance - General
Repairs & Maintance of Internet Facility for Ministry of Finance,35250000.0,170000000.0,0.0,50000000.0,50000000.0,50000000.0,0.0,214,0.6585,0.67647,022000100100,Ministry of Finance,23030127,REHABILITATION/REPAIRS- ICT INFRASTRUCTURES,70112,FINANCIAL AND FISCAL AFFAIRS,33342400,State Wide,13100125000700,Reform of Government and Governance - General
Repairs and provision of parking lots for Ministry of Finance,8145250.0,10000000.0,8652500.0,30000000.0,30000000.0,30000000.0,0.0,214,0.66667,0.68464,022000100100,Ministry of Finance,23020101,CONSTRUCTION / PROVISION OF OFFICE BUILDINGS,70112,FINANCIAL AND FISCAL AFFAIRS,33342400,State Wide,13100125000800,Reform of Government and Governance - General
Renovation of State Store Control Unit at Runjin Sambo,45345000.0,50000000.0,0.0,50000000.0,50000000.0,50000000.0,0.0,214,0.67484,0.69281,022000100100,Ministry of Finance,23030121,REHABILITATION / REPAIRS OF OFFICE BUILDINGS,70112,FINANCIAL AND FISCAL AFFAIRS,33342400,State Wide,13100125001000,Reform of Government and Governance - General
Purchase of 100 Nos of Fire proof safes for MDAS,23550250.0,50000000.0,0.0,50000000.0,50000000.0,50000000.0,0.0,214,0.68382,0.7018,022000100100,Ministry of Finance,23010128,PURCHASE OF SECURITY EQUIPMENT,70112,FINANCIAL AND FISCAL AFFAIRS,33342400,State Wide,13100125001100,Reform of Government and Governance - General
Purchase of 50 no Hp laptop Corei5 Computers for SOIRS,0.0,0.0,0.0,50000000.0,50000000.0,50000000.0,0.0,214,0.69199,0.70997,022000100100,Ministry of Finance,23010114,PURCHASE OF COMPUTER PRINTERS,70112,FINANCIAL AND FISCAL AFFAIRS,33342400,State Wide,13100125001200,Reform of Government and Governance - General
Procurement of Unique taxpayer Identification Number (UTIN),0.0,50000000.0,0.0,50000000.0,50000000.0,50000000.0,0.0,214,0.70016,0.71814,022000100100,Ministry of Finance,23050101,RESEARCH AND DEVELOPMENT,70112,FINANCIAL AND FISCAL AFFAIRS,33342400,State Wide,13100125001300,Reform of Government and Governance - General
"Construction of New Office blocks & Stores for DMO, PFMU and Fiscal Responsibilty Agency at SOIRS site and Treasury complex.",0.0,0.0,0.0,1350000000.0,1500000000.0,1500000000.0,0.0,214,0.70833,0.72631,022000100100,Ministry of Finance,23020101,CONSTRUCTION / PROVISION OF OFFICE BUILDINGS,70112,FINANCIAL AND FISCAL AFFAIRS,33342400,State Wide,13100125001400,Reform of Government and Governance - General
"Construction of Medium size store at the Ministry of Finance Headquaters,",0.0,40000000.0,0.0,50000000.0,50000000.0,50000000.0,0.0,214,0.7165,0.73448,022000100100,Ministry of Finance,23020101,CONSTRUCTION / PROVISION OF OFFICE BUILDINGS,70112,FINANCIAL AND FISCAL AFFAIRS,33342400,State Wide,13100125001600,Reform of Government and Governance - General
ICT Support for Public Financial Management Research and Development,92334000.0,250000000.0,126250000.0,250000000.0,250000000.0,250000000.0,0.0,214,0.72467,0.74265,022000100100,Ministry of Finance,23050102,COMPUTER SOFTWARE ACQUISITION,70112,FINANCIAL AND FISCAL AFFAIRS,33342400,State Wide,05060126000100,"ICT equipment, software and expertise"
"SABER related activities such as product development, Surveys, Market research and Manufacturing equipment across the State",493745733.6,23190000.0,23190000.0,2000000000.0,2000000000.0,2000000000.0,0.0,214,0.73284,0.75082,022000100100,Ministry of Finance,23050101,RESEARCH AND DEVELOPMENT,70112,FINANCIAL AND FISCAL AFFAIRS,33342400,State Wide,13100125001800,Reform of Government and Governance - General
"Consultancy Services and feasibility studies state wide, Review meeting monitoring & evaluation.",0.0,10090000.0,0.0,10090000.0,10090000.0,10090000.0,0.0,214,0.74101,0.75899,022000100100,Ministry of Finance,23050101,RESEARCH AND DEVELOPMENT,70112,FINANCIAL AND FISCAL AFFAIRS,33342400,State Wide,05060126000300,"ICT equipment, software and expertise"
Research and Development Consultancy activities under L-PRES Project,0.0,93000000.0,26700000.0,65000000.0,65000000.0,65000000.0,0.0,214,0.74918,0.76716,022000100100,Ministry of Finance,23050101,RESEARCH AND DEVELOPMENT,70112,FINANCIAL AND FISCAL AFFAIRS,33342400,State Wide,05060126000400,"ICT equipment, software and expertise"
Research and Development Consultancy activities under AGILE PROJECT in the State,0.0,2000000000.0,13500000.0,2000000000.0,2000000000.0,2000000000.0,0.0,214,0.75735,0.77533,022000100100,Ministry of Finance,23050101,RESEARCH AND DEVELOPMENT,70112,FINANCIAL AND FISCAL AFFAIRS,33342400,State Wide,05060126000500,"ICT equipment, software and expertise"
Consultancy Services (IMPACT PROJECT),0.0,50000000.0,0.0,0.0,2000000000.0,2000000000.0,0.0,214,0.76552,0.7835,022000100100,Ministry of Finance,23050101,RESEARCH AND DEVELOPMENT,70112,FINANCIAL AND FISCAL AFFAIRS,33342400,State Wide,05060126000600,"ICT equipment, software and expertise"
Reseaerch and Development Consultancy activities under ACReSAL PROJECT in the State,0.0,300000000.0,10000000.0,400000000.0,400000000.0,400000000.0,0.0,214,0.77369,0.79167,022000100100,Ministry of Finance,23050101,RESEARCH AND DEVELOPMENT,70112,FINANCIAL AND FISCAL AFFAIRS,33342400,State Wide,05060126000700,"ICT equipment, software and expertise"
Research and Development Consultancy activities across the State Public Sector,0.0,0.0,0.0,2500000000.0,5000000000.0,5000000000.0,0.0,214,0.78268,0.80065,022000100100,Ministry of Finance,23050101,RESEARCH AND DEVELOPMENT,70112,FINANCIAL AND FISCAL AFFAIRS,33342400,State Wide,05060126000800,"ICT equipment, software and expertise"
Purchase of 1 no 100KVA Mikano generator,0.0,35000000.0,0.0,35000000.0,36750000.0,38587500.0,0.0,214,0.82353,0.8415,022000800100,Board of Internal Revenue,23010119,PURCHASE OF POWER GENERATING SET,70112,FINANCIAL AND FISCAL AFFAIRS,33342400,State Wide,13100125000100,Reform of Government and Governance - General
Procurement of 2 Nos. 2019 toyota hilux for the head office,0.0,140000000.0,0.0,0.0,147000000.0,154350000.0,0.0,214,0.8317,0.84967,022000800100,Board of Internal Revenue,23010105,PURCHASE OF MOTOR VEHICLES,70112,FINANCIAL AND FISCAL AFFAIRS,33342400,State Wide,13100125000200,Reform of Government and Governance - General
Procurement of 30 no tables and chairs for SOIRS headquarter,62710100.0,70000000.0,17000000.0,70000000.0,73500000.0,77175000.0,0.0,214,0.83987,0.85784,022000800100,Board of Internal Revenue,23010112,PURCHASE OF OFFICE FURNITURE AND FITTINGS,70112,FINANCIAL AND FISCAL AFFAIRS,33342400,State Wide,13100125000300,Reform of Government and Governance - General
Purchase of 20 no Hp Core i5 laptop computers,49132500.0,50000000.0,5200000.0,50000000.0,52500000.0,55125000.0,0.0,214,0.84804,0.86601,022000800100,Board of Internal Revenue,23010113,PURCHASE OF COMPUTERS,70112,FINANCIAL AND FISCAL AFFAIRS,33342400,State Wide,13100125000400,Reform of Government and Governance - General
Renovation of Sokoto Internal Revenue Service Head office,24714765.09,25000000.0,24045000.0,25000000.0,26250000.0,27562500.0,0.0,214,0.85621,0.87418,022000800100,Board of Internal Revenue,23020101,CONSTRUCTION / PROVISION OF OFFICE BUILDINGS,70112,FINANCIAL AND FISCAL AFFAIRS,33342400,State Wide,13100125000500,Reform of Government and Governance - General
"Production of guides pamplets, and Brouchures and to participate at National and International Exhibitions/Expose",0.0,5000000.0,5000000.0,0.0,0.0,0.0,0.0,214,0.89788,0.91585,022200100100,Ministry of Commerce and Industry,23050101,RESEARCH AND DEVELOPMENT,70411,GENERAL ECONOMIC AND COMMERCIALAFFAIRS,33342400,State Wide,12100125000100,Growing the Private Sector - General
Cluster training to farmers Cooperatives and other categories of Cooperative Societies in the State.,0.0,40000000.0,0.0,0.0,0.0,0.0,0.0,215,0.09069,0.10866,022200100100,Ministry of Commerce and Industry,23050101,RESEARCH AND DEVELOPMENT,70411,GENERAL ECONOMIC AND COMMERCIALAFFAIRS,33342400,State Wide,12100125000200,Growing the Private Sector - General
Rehablitation of Sokoto State Trade Fair Complex Phase1.,0.0,0.0,0.0,550000000.0,300000000.0,300000000.0,0.0,215,0.09886,0.11683,022200100100,Ministry of Commerce and Industry,23030103,REHABILITATION / REPAIRS - HOUSING,70411,GENERAL ECONOMIC AND COMMERCIALAFFAIRS,33342400,State Wide,12100125000600,Growing the Private Sector - General
Update and production business directory and other economic potentials of the state,0.0,45000000.0,45000000.0,0.0,0.0,0.0,0.0,215,0.10703,0.125,022200100100,Ministry of Commerce and Industry,23050103,MONITORING AND EVALUATION,70411,GENERAL ECONOMIC AND COMMERCIALAFFAIRS,33342400,State Wide,12100125000800,Growing the Private Sector - General
Development and Promotion of Export Potentials for Non Oil Product/State Allocation and Operational Budget to the State Council on Export Promotion (SCEP).,0.0,0.0,0.0,100000000.0,100000000.0,100000000.0,0.0,215,0.1152,0.13317,022200100100,Ministry of Commerce and Industry,23050101,RESEARCH AND DEVELOPMENT,70411,GENERAL ECONOMIC AND COMMERCIALAFFAIRS,33342400,State Wide,12100125001100,Growing the Private Sector - General
Procurement of Solar panels and inverter for solar energy System in the Ministry,0.0,10000000.0,10000000.0,0.0,0.0,0.0,0.0,215,0.12337,0.14134,022200100100,Ministry of Commerce and Industry,23010119,PURCHASE OF POWER GENERATING SET,70411,GENERAL ECONOMIC AND COMMERCIALAFFAIRS,33342400,State Wide,12100125001300,Growing the Private Sector - General
Purchase of company Shares .,0.0,630350000.0,0.0,0.0,0.0,0.0,0.0,215,0.13154,0.14951,022200100100,Ministry of Commerce and Industry,23050110,ACQUISITION OF FINANCIAL ASSETS,70411,GENERAL ECONOMIC AND COMMERCIALAFFAIRS,33342400,State Wide,12100125001700,Growing the Private Sector - General
Renovation/Resuscitation of Sokoto State owned dormant Industries,0.0,70000000.0,32717969.0,0.0,0.0,0.0,0.0,215,0.13971,0.15768,022200100100,Ministry of Commerce and Industry,23030101,REHABILITATION / REPAIRS OF RESIDENTIAL BUILDING,70411,GENERAL ECONOMIC AND COMMERCIALAFFAIRS,33342400,State Wide,12100125002100,Growing the Private Sector - General
"Capacity building on Modern approaches in Business certification, Registration, Standerdization and Safety.",0.0,74150000.0,74150000.0,0.0,0.0,0.0,0.0,215,0.14788,0.16585,022200100100,Ministry of Commerce and Industry,23050101,RESEARCH AND DEVELOPMENT,70411,GENERAL ECONOMIC AND COMMERCIALAFFAIRS,33342400,State Wide,05060226000400,Research and development
"Procurement of 4 Nesting CNC Wood cutting, 4 Kitchen cabinet making and 4 Edge banding Machines for sokoto Furnitures.",0.0,0.0,0.0,500000000.0,250000000.0,250000000.0,0.0,215,0.15605,0.17402,022200100100,Ministry of Commerce and Industry,23030101,REHABILITATION / REPAIRS OF RESIDENTIAL BUILDING,70411,GENERAL ECONOMIC AND COMMERCIALAFFAIRS,33342400,State Wide,12100125002400,Growing the Private Sector - General
Renovation and furnishing of Cooperative Federation of Nigeria Sokoto Center,0.0,0.0,0.0,60000000.0,60000000.0,60000000.0,0.0,215,0.16422,0.18219,022200100100,Ministry of Commerce and Industry,23030118,REHABILITATION / REPAIRS - RECREATIONAL FACILITIES,70411,GENERAL ECONOMIC AND COMMERCIALAFFAIRS,33342400,State Wide,12100126000100,Growing the Private Sector - General
Procurement of office furniture of Cooperative federation center,0.0,0.0,0.0,40000000.0,40000000.0,40000000.0,0.0,215,0.17239,0.19036,022200100100,Ministry of Commerce and Industry,23010112,PURCHASE OF OFFICE FURNITURE AND FITTINGS,70411,GENERAL ECONOMIC AND COMMERCIALAFFAIRS,33342400,State Wide,12100126000200,Growing the Private Sector - General
Partnership with Bank of Industry in ensuring Access to Funds for Local industries Across the state,0.0,0.0,0.0,75000000.0,75000000.0,75000000.0,0.0,215,0.18137,0.19935,022200100100,Ministry of Commerce and Industry,23050101,RESEARCH AND DEVELOPMENT,70411,GENERAL ECONOMIC AND COMMERCIALAFFAIRS,33342400,State Wide,12100126000300,Growing the Private Sector - General
New Morden dyeing Cluster for dyeing Fuctories Development,0.0,0.0,0.0,50000000.0,50000000.0,50000000.0,0.0,215,0.18954,0.20752,022200100100,Ministry of Commerce and Industry,23050101,RESEARCH AND DEVELOPMENT,70411,GENERAL ECONOMIC AND COMMERCIALAFFAIRS,33342400,State Wide,12100126000400,Growing the Private Sector - General
Renovation of Conference Hall of Chamber of Commerce industry maines and Agriculture in oder to Generate Revenue,0.0,0.0,0.0,106233650.0,106233650.0,106233650.0,0.0,215,0.19771,0.21569,022200100100,Ministry of Commerce and Industry,23030121,REHABILITATION / REPAIRS OF OFFICE BUILDINGS,70411,GENERAL ECONOMIC AND COMMERCIALAFFAIRS,33342400,State Wide,12100126000500,Growing the Private Sector - General
"Conduct of Surveys, Market research and Manufacturing across the State under SABER programme",0.0,0.0,0.0,1400000000.0,2000000000.0,2000000000.0,0.0,215,0.20588,0.22386,022200100100,Ministry of Commerce and Industry,23050101,RESEARCH AND DEVELOPMENT,70411,GENERAL ECONOMIC AND COMMERCIALAFFAIRS,33342400,State Wide,12100126000600,Growing the Private Sector - General
Project Facilitation Fund under SABER Programme(PPP),0.0,0.0,0.0,500000000.0,500000000.0,500000000.0,0.0,215,0.21405,0.23203,022200100100,Ministry of Commerce and Industry,23050101,RESEARCH AND DEVELOPMENT,70411,GENERAL ECONOMIC AND COMMERCIALAFFAIRS,33342400,State Wide,12100126000700,Growing the Private Sector - General
Procurement of grains and other Agricultural commodities.,600000000.0,0.0,0.0,500000000.0,800000000.0,800000000.0,0.0,215,0.2549,0.27288,022200200100,Commodity Board,23010140,PURCHASE OF AGRICULTURAL INPUTS,70471,"DISTRIBUTIVE TRADE, STORAGE AND WAREHOUSING",33342400,State Wide,13100125000100,Reform of Government and Governance - General
"Purchase of improved millet, beans, sorghums seeds and insecticide",0.0,0.0,0.0,50000000.0,50000000.0,50000000.0,0.0,215,0.26307,0.28105,022200200100,Commodity Board,23010140,PURCHASE OF AGRICULTURAL INPUTS,70471,"DISTRIBUTIVE TRADE, STORAGE AND WAREHOUSING",33342400,State Wide,13100125000200,Reform of Government and Governance - General
Partnership or Contract with firm or individual in Trading of food or Agricultural Commodities,0.0,0.0,0.0,100000000.0,100000000.0,100000000.0,0.0,215,0.27124,0.28922,022200200100,Commodity Board,23050101,RESEARCH AND DEVELOPMENT,70471,"DISTRIBUTIVE TRADE, STORAGE AND WAREHOUSING",33342400,State Wide,13100125000300,Reform of Government and Governance - General
"Procurement of 100 fabricated Solar Crop dryers wit the capacityof 10 try, 100 automatic band sealing machines and 5 Clay Mixer machines for Small and Medium Enterprises in the State.",0.0,200000000.0,0.0,100000000.0,0.0,0.0,0.0,215,0.31291,0.33088,022205100100,Sokoto State SME Development Agency,23050108,CAPACITY DEVELOPMENT,70411,GENERAL ECONOMIC AND COMMERCIALAFFAIRS,33342400,State Wide,12100125000100,Growing the Private Sector - General
Facilitating Recovery & Enhancing Capability of MSMEs across the State (NG-CARES Programme),0.0,2200000000.0,0.0,0.0,0.0,0.0,0.0,215,0.32108,0.33905,022205100100,Sokoto State SME Development Agency,23050109,POVERTY REDUCTION PROGRAMME AND PROJECTS,70411,GENERAL ECONOMIC AND COMMERCIALAFFAIRS,33342400,State Wide,12100123000100,Growing the Private Sector - General
Puchase of 1 no Plant Molex,0.0,25000000.0,0.0,0.0,0.0,0.0,0.0,215,0.36193,0.3799,022205500100,Sokoto Central Market,23010107,PURCHASE OF TRUCKS,70471,"DISTRIBUTIVE TRADE, STORAGE AND WAREHOUSING",33342400,State Wide,12100125000100,Growing the Private Sector - General
Purchase of 1 no Tipper for Central Market,0.0,25000000.0,0.0,50000000.0,50000000.0,50000000.0,0.0,215,0.3701,0.38807,022205500100,Sokoto Central Market,23010107,PURCHASE OF TRUCKS,70471,"DISTRIBUTIVE TRADE, STORAGE AND WAREHOUSING",33342400,State Wide,12100125000200,Growing the Private Sector - General
Construction of Solar Energy Within the Sokoto Central Market,0.0,25000000.0,0.0,25000000.0,25000000.0,25000000.0,0.0,215,0.37908,0.39706,022205500100,Sokoto Central Market,23020123,CONSTRUCTION OF TRAFFIC /STREET LIGHTS,70471,"DISTRIBUTIVE TRADE, STORAGE AND WAREHOUSING",33342400,State Wide,12100125000300,Growing the Private Sector - General
Purchase of 12 units Hp core i5 Laptop Computers,0.0,10000000.0,0.0,10000000.0,10000000.0,10000000.0,0.0,215,0.41993,0.43791,025000100100,Fiscal Responsibility Commission,23010113,PURCHASE OF COMPUTERS,70112,FINANCIAL AND FISCAL AFFAIRS,33342400,State Wide,13100122000100,Reform of Government and Governance - General
Purchase of 2 units D.I Computer Printers,0.0,2000000.0,0.0,2000000.0,2000000.0,2000000.0,0.0,215,0.4281,0.44608,025000100100,Fiscal Responsibility Commission,23010114,PURCHASE OF COMPUTER PRINTERS,70112,FINANCIAL AND FISCAL AFFAIRS,33342400,State Wide,13100122000200,Reform of Government and Governance - General
Purchase of 2 units Photocopy Machines (Kyocera model),0.0,750000.0,0.0,750000.0,750000.0,750000.0,0.0,215,0.43627,0.45425,025000100100,Fiscal Responsibility Commission,23010115,PURCHASE OF PHOTOCOPYING MACHINES,70112,FINANCIAL AND FISCAL AFFAIRS,33342400,State Wide,13100122000300,Reform of Government and Governance - General
purchase of 5 sets of cusion,0.0,1500000.0,0.0,1500000.0,1500000.0,1500000.0,0.0,215,0.44444,0.46242,025000100100,Fiscal Responsibility Commission,23010112,PURCHASE OF OFFICE FURNITURE AND FITTINGS,70112,FINANCIAL AND FISCAL AFFAIRS,33342400,State Wide,13100122000400,Reform of Government and Governance - General
"Procurement of school funitures, Beds, Matresses for 10 schools under the Ministry.",0.0,400000000.0,0.0,300000000.0,600000000.0,600000000.0,0.0,215,0.48611,0.50408,022800100100,Ministry of Science and Technology,23010112,PURCHASE OF OFFICE FURNITURE AND FITTINGS,70981,EDUCATION N.E.C,33342400,State Wide,05050226000100,Furnishing
Procurement of text books for 10 schools under the Ministry.,0.0,50000000.0,38013360.0,45000000.0,55000000.0,55000000.0,0.0,215,0.49428,0.51225,022800100100,Ministry of Science and Technology,23010124,PURCHASE OF TEACHING / LEARNING AID EQUIPMENT,70981,EDUCATION N.E.C,33342400,State Wide,05040226000200,Instructional and learning materials
Procurement of exercise books and Science practical note book for 10 schools under the Ministry.,0.0,0.0,0.0,10000000.0,25000000.0,25000000.0,0.0,215,0.50245,0.52042,022800100100,Ministry of Science and Technology,23010124,PURCHASE OF TEACHING / LEARNING AID EQUIPMENT,70981,EDUCATION N.E.C,33342400,State Wide,05010326000300,Education sector coordination mechanisms
"Repubishing of periodic Workshop machines and equipments at GTC R/Sambo, OOTC Bafarawa,GTC Binji and Idris Koko Technical college Farfaru.",0.0,100000000.0,26368805.0,100000000.0,100000000.0,100000000.0,0.0,215,0.51062,0.52859,022800100100,Ministry of Science and Technology,23030125,REHABILITATION/REPAIRS- POWER GENERATING PLANTS,70981,EDUCATION N.E.C,33342400,State Wide,05030626000100,Emergency Response
Renovation of Laborotories at IKTC Farfaru.,0.0,40000000.0,0.0,45000000.0,45000000.0,45000000.0,0.0,215,0.51879,0.53676,022800100100,Ministry of Science and Technology,23030106,REHABILITATION / REPAIRS - PUBLIC SCHOOLS,70981,EDUCATION N.E.C,33342400,State Wide,05030626000200,Emergency Response
"Purcahase of science equipments i.e Microscope, Weighing Machine, Distillator, Condenser etc for science and technical schools (Nagarta College, Sokoto GSS Gwadabawa and GSSS Yabo and ten other school",0.0,20000000.0,0.0,40000000.0,40000000.0,40000000.0,0.0,215,0.52696,0.54493,022800100100,Ministry of Science and Technology,23010124,PURCHASE OF TEACHING / LEARNING AID EQUIPMENT,70981,EDUCATION N.E.C,33342400,State Wide,05040226000300,Instructional and learning materials
Purcahase of science equipments and chemicals to science and technical schools(All ten schools.),0.0,0.0,0.0,50000000.0,50000000.0,50000000.0,0.0,215,0.53513,0.5531,022800100100,Ministry of Science and Technology,23010124,PURCHASE OF TEACHING / LEARNING AID EQUIPMENT,70981,EDUCATION N.E.C,33342400,State Wide,05060226000500,Research and development
Purcahase of science equipments and chemicals to science and technical schools(Idris Koko Technical College Farfaru Sokoto and nine other schools,0.0,90000000.0,48840020.0,90000000.0,90000000.0,90000000.0,0.0,215,0.5433,0.56127,022800100100,Ministry of Science and Technology,23010124,PURCHASE OF TEACHING / LEARNING AID EQUIPMENT,70981,EDUCATION N.E.C,33342400,State Wide,05050326000600,Libraries and laboratories
Construction of wall fence at GSSS Gwadabawa,0.0,45000000.0,0.0,60000000.0,60000000.0,60000000.0,0.0,215,0.55147,0.56944,022800100100,Ministry of Science and Technology,23020107,CONSTRUCTION / PROVISION OF PUBLIC SCHOOLS,70981,EDUCATION N.E.C,33342400,State Wide,05050125000100,Schools’ infrastructure construction and rehabilitation
Construction of Computer Based Test (CBT)Centre at GSSS Gwadabawa.,0.0,0.0,0.0,350000000.0,250000000.0,250000000.0,0.0,215,0.55964,0.57761,022800100100,Ministry of Science and Technology,23020107,CONSTRUCTION / PROVISION OF PUBLIC SCHOOLS,70981,EDUCATION N.E.C,33342400,State Wide,05050125000200,Schools’ infrastructure construction and rehabilitation
Construction of Computer Based Test (CBT)Centre at Nagarta College Sokoto.,0.0,0.0,0.0,50000000.0,250000000.0,250000000.0,0.0,215,0.56781,0.58578,022800100100,Ministry of Science and Technology,23020107,CONSTRUCTION / PROVISION OF PUBLIC SCHOOLS,70981,EDUCATION N.E.C,33342400,State Wide,05010325000300,Education sector coordination mechanisms
Construction of Computer Based Centre (CBT) at GGCSS Tambuwal.,0.0,0.0,0.0,350000000.0,250000000.0,250000000.0,0.0,215,0.5768,0.59477,022800100100,Ministry of Science and Technology,23020107,CONSTRUCTION / PROVISION OF PUBLIC SCHOOLS,70981,EDUCATION N.E.C,33342400,State Wide,05010325000400,Education sector coordination mechanisms
"Purchase of Technical Tools and Equipments such as Drilling Machines.Grinders,Ban Saws,Welding Machines and Circular Saws for Technical Schools under the Ministry",0.0,0.0,0.0,15000000.0,15000000.0,15000000.0,0.0,215,0.58497,0.60294,022800100100,Ministry of Science and Technology,23010124,PURCHASE OF TEACHING / LEARNING AID EQUIPMENT,70981,EDUCATION N.E.C,33342400,State Wide,05050126000300,Schools’ infrastructure construction and rehabilitation
"Purchase of Technical Tools and Equipments such as Barometer, Stopwatch, Magnet, Microscope, Testtube rack, Bunsen burner, Thermometer,Welding Machines and Circular Saw for Schools under the Ministry.",0.0,40000000.0,14728380.0,45000000.0,45000000.0,45000000.0,0.0,215,0.59314,0.61111,022800100100,Ministry of Science and Technology,23010124,PURCHASE OF TEACHING / LEARNING AID EQUIPMENT,70981,EDUCATION N.E.C,33342400,State Wide,05050126000400,Schools’ infrastructure construction and rehabilitation
"Purcahse of Computer accessories such as CPU/processor, Microphones, Speakers, Headphones, keyboard, motherboard, mouse for Schools under the Ministry.",0.0,0.0,0.0,15000000.0,95000000.0,95000000.0,0.0,215,0.60131,0.61928,022800100100,Ministry of Science and Technology,23010113,PURCHASE OF COMPUTERS,70981,EDUCATION N.E.C,33342400,State Wide,05050126000500,Schools’ infrastructure construction and rehabilitation
"Purcahse of Computer accessories such as CPU/processor, Microphones, Speakers, Headphones, keyboard, motherboard, mouse ABA Sokoto.",0.0,0.0,0.0,15000000.0,15000000.0,15000000.0,0.0,215,0.60948,0.62745,022800100100,Ministry of Science and Technology,23010113,PURCHASE OF COMPUTERS,70981,EDUCATION N.E.C,33342400,State Wide,05040226000400,Instructional and learning materials
Renovation of GSSS Yabo Science Secondary School,0.0,700000000.0,242993192.97,408000000.0,753000000.0,753000000.0,0.0,215,0.61765,0.63562,022800100100,Ministry of Science and Technology,23030106,REHABILITATION / REPAIRS - PUBLIC SCHOOLS,70981,EDUCATION N.E.C,33342400,State Wide,05050126000600,Schools’ infrastructure construction and rehabilitation
Renovation of Government Technical College Binji,0.0,70000000.0,0.0,1000000000.0,700000000.0,700000000.0,0.0,215,0.62582,0.64379,022800100100,Ministry of Science and Technology,23030106,REHABILITATION / REPAIRS - PUBLIC SCHOOLS,70981,EDUCATION N.E.C,33342400,State Wide,05050126000700,Schools’ infrastructure construction and rehabilitation
Provision 100KVA generator for Nagarta College Sokoto.,0.0,30000000.0,0.0,30000000.0,30000000.0,30000000.0,0.0,215,0.63399,0.65196,022800100100,Ministry of Science and Technology,23010119,PURCHASE OF POWER GENERATING SET,70981,EDUCATION N.E.C,33342400,State Wide,05050126000800,Schools’ infrastructure construction and rehabilitation
Provision 100KVA generator for GGCSS Tambuwal.,0.0,35000000.0,0.0,35000000.0,35000000.0,35000000.0,0.0,215,0.64216,0.66013,022800100100,Ministry of Science and Technology,23010119,PURCHASE OF POWER GENERATING SET,70981,EDUCATION N.E.C,33342400,State Wide,05050126000900,Schools’ infrastructure construction and rehabilitation
Construction of Multipurpose Hall and a Workshop for GSM hones and Computer Hardware at ABA Farfaru.,0.0,180000000.0,0.0,80000000.0,180000000.0,180000000.0,0.0,215,0.65033,0.6683,022800100100,Ministry of Science and Technology,23020118,CONSTRUCTION / PROVISION OF INFRASTRUCTURE,70981,EDUCATION N.E.C,33342400,State Wide,05050126001000,Schools’ infrastructure construction and rehabilitation
Construction of Multipurpose Hall at GSSS Yabo,0.0,150000000.0,0.0,150000000.0,150000000.0,150000000.0,0.0,215,0.6585,0.67647,022800100100,Ministry of Science and Technology,23020107,CONSTRUCTION / PROVISION OF PUBLIC SCHOOLS,70981,EDUCATION N.E.C,33342400,State Wide,05050126001100,Schools’ infrastructure construction and rehabilitation
Renovation of Government Technical College R/Sambo,0.0,0.0,0.0,1000000000.0,600000000.0,600000000.0,0.0,215,0.66667,0.68464,022800100100,Ministry of Science and Technology,23030106,REHABILITATION / REPAIRS - PUBLIC SCHOOLS,70981,EDUCATION N.E.C,33342400,State Wide,05050126001200,Schools’ infrastructure construction and rehabilitation
Construction Government Girls Science Academy Achida,0.0,0.0,0.0,5000000.0,85000000.0,85000000.0,0.0,215,0.67484,0.69281,022800100100,Ministry of Science and Technology,23020107,CONSTRUCTION / PROVISION OF PUBLIC SCHOOLS,70981,EDUCATION N.E.C,33342400,State Wide,05050126001300,Schools’ infrastructure construction and rehabilitation
Construction of Cable Phone and Computer Hardwire Workshop,0.0,0.0,0.0,100000000.0,200000000.0,200000000.0,0.0,215,0.68382,0.7018,022800100100,Ministry of Science and Technology,23020107,CONSTRUCTION / PROVISION OF PUBLIC SCHOOLS,70981,EDUCATION N.E.C,33342400,State Wide,05050226000200,Furnishing
Establishment of Science park and Research Centre at Ruggar Giwa (Achida),0.0,85000000.0,0.0,10000000.0,300000000.0,300000000.0,0.0,215,0.69199,0.70997,022800100100,Ministry of Science and Technology,23020118,CONSTRUCTION / PROVISION OF INFRASTRUCTURE,70981,EDUCATION N.E.C,33342400,State Wide,05050126001400,Schools’ infrastructure construction and rehabilitation
Construction of Technology Incubation Centre at Runjin Sambo,0.0,0.0,0.0,87000000.0,87000000.0,87000000.0,0.0,215,0.70016,0.71814,022800100100,Ministry of Science and Technology,23020107,CONSTRUCTION / PROVISION OF PUBLIC SCHOOLS,70981,EDUCATION N.E.C,33342400,State Wide,05050126001500,Schools’ infrastructure construction and rehabilitation
Construction of Women and Youth Technology Incubation and Innovation Centre at Idris Koko Technical College Farfaru.,0.0,300000000.0,0.0,50000000.0,200000000.0,200000000.0,0.0,215,0.70833,0.72631,022800100100,Ministry of Science and Technology,23020107,CONSTRUCTION / PROVISION OF PUBLIC SCHOOLS,70981,EDUCATION N.E.C,33342400,State Wide,05050126001600,Schools’ infrastructure construction and rehabilitation
Production Master Plan for schools and colleges,0.0,10000000.0,0.0,50000000.0,200000000.0,200000000.0,0.0,215,0.7165,0.73448,022800100100,Ministry of Science and Technology,23050101,RESEARCH AND DEVELOPMENT,70981,EDUCATION N.E.C,33342400,State Wide,05050126001700,Schools’ infrastructure construction and rehabilitation
Renovation of GGCS Tambuwal,0.0,150000000.0,0.0,1000000000.0,400000000.0,400000000.0,0.0,215,0.72467,0.74265,022800100100,Ministry of Science and Technology,23030106,REHABILITATION / REPAIRS - PUBLIC SCHOOLS,70981,EDUCATION N.E.C,33342400,State Wide,05050126001800,Schools’ infrastructure construction and rehabilitation
"Purchase of Mchine tools and Equipments (fabrication,Welding etc.)for Artisan in the State.",0.0,0.0,0.0,156000000.0,156000000.0,156000000.0,0.0,215,0.73284,0.75082,022800100100,Ministry of Science and Technology,23010124,PURCHASE OF TEACHING / LEARNING AID EQUIPMENT,70981,EDUCATION N.E.C,33342400,State Wide,05050126001900,Schools’ infrastructure construction and rehabilitation
Procurement of 500 no chairs and tables for ten Schools under the ministry,0.0,100000000.0,0.0,90000000.0,90000000.0,90000000.0,0.0,215,0.74101,0.75899,022800100100,Ministry of Science and Technology,23010112,PURCHASE OF OFFICE FURNITURE AND FITTINGS,70981,EDUCATION N.E.C,33342400,State Wide,05050126002000,Schools’ infrastructure construction and rehabilitation
Renovation of GSSS Gwadabawa,0.0,93466470.0,0.0,495000000.0,95000000.0,95000000.0,0.0,215,0.74918,0.76716,022800100100,Ministry of Science and Technology,23030106,REHABILITATION / REPAIRS - PUBLIC SCHOOLS,70981,EDUCATION N.E.C,33342400,State Wide,05050126002100,Schools’ infrastructure construction and rehabilitation
Construction of a workshop for Gsm phone and Computer Hardware at Runjin Sambo Technical College.,0.0,156000000.0,0.0,80000000.0,80000000.0,80000000.0,0.0,215,0.75735,0.77533,022800100100,Ministry of Science and Technology,23020107,CONSTRUCTION / PROVISION OF PUBLIC SCHOOLS,70981,EDUCATION N.E.C,33342400,State Wide,05050126002200,Schools’ infrastructure construction and rehabilitation
Construction of 2no. Boreholes at GSSS Gwadabawa and GTC Binji,0.0,84000000.0,0.0,80000000.0,100000000.0,100000000.0,0.0,215,0.76552,0.7835,022800100100,Ministry of Science and Technology,23020105,CONSTRUCTION / PROVISION OF WATER FACILITIES,70981,EDUCATION N.E.C,33342400,State Wide,05040226000500,Instructional and learning materials
"Renovatiom of Physics, ICT and Chemistry laborotories at R/Sambo",0.0,87000000.0,32232579.0,100000000.0,100000000.0,100000000.0,0.0,215,0.77369,0.79167,022800100100,Ministry of Science and Technology,23020127,CONSTRUCTION OF ICT INFRASTRUCTURES,70981,EDUCATION N.E.C,33342400,State Wide,05060126000900,"ICT equipment, software and expertise"
Renovation of Kebbi House and Gwandu House at IKTC,0.0,76000000.0,0.0,150000000.0,150000000.0,150000000.0,0.0,215,0.78268,0.80065,022800100100,Ministry of Science and Technology,23030106,REHABILITATION / REPAIRS - PUBLIC SCHOOLS,70981,EDUCATION N.E.C,33342400,State Wide,05050126002300,Schools’ infrastructure construction and rehabilitation
Renovation of Nana Asma'u Islamic Girls College Runjin Sambo,0.0,0.0,0.0,500000000.0,500000000.0,500000000.0,0.0,215,0.79085,0.80882,022800100100,Ministry of Science and Technology,23030106,REHABILITATION / REPAIRS - PUBLIC SCHOOLS,70981,EDUCATION N.E.C,33342400,State Wide,05050126002400,Schools’ infrastructure construction and rehabilitation
"Renovation of classroom at ABA Farfaru, demacation between School premises and Sani dingyadi Unity Sec. Sch.",0.0,127000000.0,74600166.98,122000000.0,127000000.0,127000000.0,0.0,215,0.79902,0.81699,022800100100,Ministry of Science and Technology,23030106,REHABILITATION / REPAIRS - PUBLIC SCHOOLS,70981,EDUCATION N.E.C,33342400,State Wide,05050126002500,Schools’ infrastructure construction and rehabilitation
"Renovation of Khalil Fodiyo Islaic Academy School, Arkilla",0.0,0.0,0.0,500000000.0,500000000.0,500000000.0,0.0,215,0.80719,0.82516,022800100100,Ministry of Science and Technology,23030106,REHABILITATION / REPAIRS - PUBLIC SCHOOLS,70981,EDUCATION N.E.C,33342400,State Wide,05050126002600,Schools’ infrastructure construction and rehabilitation
"Procurement of 3 Routers, 3 HP desktops and 3 hp Laptops, 3 Satelite phones, 3 CPU/processor, 3 Microphones, 3 Speakers, 3Headphones, 3 keyboard, 3 motherboard and 3 mouse",0.0,95000000.0,0.0,15000000.0,95000000.0,95000000.0,0.0,215,0.81536,0.83333,022800100100,Ministry of Science and Technology,23010113,PURCHASE OF COMPUTERS,70981,EDUCATION N.E.C,33342400,State Wide,05060126001000,"ICT equipment, software and expertise"
Renovation of GGC Sokoto Phase II,0.0,700000000.0,227020622.22,500000000.0,500000000.0,500000000.0,0.0,215,0.82353,0.8415,022800100100,Ministry of Science and Technology,23030106,REHABILITATION / REPAIRS - PUBLIC SCHOOLS,70981,EDUCATION N.E.C,33342400,State Wide,05050126002700,Schools’ infrastructure construction and rehabilitation
Renovation of storm damages to ten School under the Ministry,0.0,150000000.0,0.0,150000000.0,150000000.0,150000000.0,0.0,215,0.8317,0.84967,022800100100,Ministry of Science and Technology,23030106,REHABILITATION / REPAIRS - PUBLIC SCHOOLS,70981,EDUCATION N.E.C,33342400,State Wide,05050126002800,Schools’ infrastructure construction and rehabilitation
Renovation of Nagarta College Sokoto,0.0,700000000.0,495279379.45,500000000.0,500000000.0,500000000.0,0.0,215,0.83987,0.85784,022800100100,Ministry of Science and Technology,23030106,REHABILITATION / REPAIRS - PUBLIC SCHOOLS,70981,EDUCATION N.E.C,33342400,State Wide,05050126002900,Schools’ infrastructure construction and rehabilitation
Upgrade and takeoff of Ministry of Innovation and Digital Economy,0.0,42000000.0,0.0,0.0,0.0,0.0,0.0,215,0.88154,0.89951,027900100100,Ministry of Innovation and Digital Economy,23020101,CONSTRUCTION / PROVISION OF OFFICE BUILDINGS,70486,R & D COMMUNICATION,33342400,State Wide,11100125000100,Information Communication and Technology - General
Purchase of office chairs and tables for Ministry of Innovation and Digital Economy,0.0,30000000.0,0.0,0.0,0.0,0.0,0.0,215,0.88971,0.90768,027900100100,Ministry of Innovation and Digital Economy,23010112,PURCHASE OF OFFICE FURNITURE AND FITTINGS,70486,R & D COMMUNICATION,33342400,State Wide,11100125000200,Information Communication and Technology - General
"Procurment of Networking Equipment and Networking (Data Base Servers, Racks, Firewall, PIS/IDS, Switches, Router, LAN, Face Plates, Cables and Networking Tools) for Ministry of Innovation and Digital Economy",40000000.0,40000000.0,24780000.0,80000000.0,80000000.0,80000000.0,0.0,215,0.89788,0.91585,027900100100,Ministry of Innovation and Digital Economy,23050102,COMPUTER SOFTWARE ACQUISITION,70486,R & D COMMUNICATION,33342400,State Wide,11100125000300,Information Communication and Technology - General
"Procurment of 10 Computer for the establishment of Digital Skills Learning Hubs Across the State Metropolic and some selected LGA's 15 NO. Laptops (INTEL, HP 15 i3/4GB/256 SSD) each and Solar Inst.",0.0,176000000.0,100000000.0,140000000.0,140000000.0,140000000.0,0.0,216,0.09069,0.10866,027900100100,Ministry of Innovation and Digital Economy,23010113,PURCHASE OF COMPUTERS,70981,EDUCATION N.E.C,33342400,State Wide,11100125000400,Information Communication and Technology - General
Construction of Sokoto Digital Building within Sokoto Metropolis,0.0,150000000.0,76000000.0,0.0,0.0,0.0,0.0,216,0.09886,0.11683,027900100100,Ministry of Innovation and Digital Economy,23020107,CONSTRUCTION / PROVISION OF PUBLIC SCHOOLS,70486,R & D COMMUNICATION,33342400,State Wide,05060126001100,"ICT equipment, software and expertise"
"Procurment of equipment for the completion of CBT Centers in each 3 Senetorial Districts ( Computers, Data Base Servers, Racks, Firewall, PIS/IDS, Switches, Router, LAN, Face Plates, Cables and Networking Tools)",0.0,90000000.0,0.0,150000000.0,150000000.0,150000000.0,0.0,216,0.10703,0.125,027900100100,Ministry of Innovation and Digital Economy,23020101,CONSTRUCTION / PROVISION OF OFFICE BUILDINGS,70486,R & D COMMUNICATION,33342400,State Wide,11100125000600,Information Communication and Technology - General
Construction of 250 Capacity Mega CBT Centre in Sokoto Central,0.0,50000000.0,0.0,200000000.0,200000000.0,200000000.0,0.0,216,0.1152,0.13317,027900100100,Ministry of Innovation and Digital Economy,23020107,CONSTRUCTION / PROVISION OF PUBLIC SCHOOLS,70981,EDUCATION N.E.C,33342400,State Wide,05060126001200,"ICT equipment, software and expertise"
"Procurment of Computers to Establishment of 10 Digital Hubs across 10 Secondary School in Sokoto (10 NO. Laptops (INTEL, HP 15 i3/4GB/256 SSD), Internet Provision and Solar Power Instllation",0.0,50000000.0,0.0,115000000.0,115000000.0,115000000.0,0.0,216,0.12337,0.14134,027900100100,Ministry of Innovation and Digital Economy,23010113,PURCHASE OF COMPUTERS,70486,R & D COMMUNICATION,33342400,State Wide,11100125000800,Information Communication and Technology - General
"Procurment of 2 NO. Database Server, 10 NO. Desktop ((HP PRO G20 i3/512GB/8GB/WINDOWS 11, NO.10 Intel i7/512/8GB Laptops, and DBASE for Completion of Computerization Project at Sokoto Civil Service Commission",0.0,0.0,0.0,80000000.0,80000000.0,80000000.0,0.0,216,0.13154,0.14951,027900100100,Ministry of Innovation and Digital Economy,23010113,PURCHASE OF COMPUTERS,70486,R & D COMMUNICATION,33342400,State Wide,11100125000900,Information Communication and Technology - General
"Procurment of Survellience Equipment such as CCTV cameras, Data Storage, DVR, NVR, Cables, Monitors and Pwer Backup for Shehu Kangiwa and Usman Faruk Secretariat",45000000.0,100000000.0,0.0,75000000.0,75000000.0,75000000.0,0.0,216,0.13971,0.15768,027900100100,Ministry of Innovation and Digital Economy,23010128,PURCHASE OF SECURITY EQUIPMENT,70486,R & D COMMUNICATION,33342400,State Wide,11100125001000,Information Communication and Technology - General
"Procurment of CCTV and IP Security Surveillalce Equipment for Strategic Locations in the State such as Government House, Sultan Palace, Central Market and Central Motor Park.",0.0,42900000.0,0.0,80000000.0,80000000.0,80000000.0,0.0,216,0.14788,0.16585,027900100100,Ministry of Innovation and Digital Economy,23010128,PURCHASE OF SECURITY EQUIPMENT,70486,R & D COMMUNICATION,33342400,State Wide,11100125001100,Information Communication and Technology - General
"Procurment of WowBii Mobile 65"" ICT Learning Smart Devices for SSU, SSUE, Sokoto State Polytechnic, Sultan Abdulrahman School of Health and School of Nursing Sokoto",11560000.0,100000000.0,0.0,91000000.0,91000000.0,91000000.0,0.0,216,0.15605,0.17402,027900100100,Ministry of Innovation and Digital Economy,23010113,PURCHASE OF COMPUTERS,70486,R & D COMMUNICATION,33342400,State Wide,05060126001300,"ICT equipment, software and expertise"
"Procurment of Computer to Establishment for 2 Digital Resource Centers at Government House and Sokoto State House of Assembly (15 NO. Laptops and 3 NO Desktop Printers, Internet Services and Solar)",0.0,100000000.0,0.0,75000000.0,75000000.0,75000000.0,0.0,216,0.16422,0.18219,027900100100,Ministry of Innovation and Digital Economy,23010113,PURCHASE OF COMPUTERS,70486,R & D COMMUNICATION,33342400,State Wide,11100125001300,Information Communication and Technology - General
"Procurement of Equipment to upgrade Conference centre liason office Abuja to world class IT standard (Visual Audio System, Voting System, Communication Infrastructure, and Digital Managment Tools)",6900000.0,50000000.0,0.0,115000000.0,115000000.0,115000000.0,0.0,216,0.17239,0.19036,027900100100,Ministry of Innovation and Digital Economy,23050101,RESEARCH AND DEVELOPMENT,70486,R & D COMMUNICATION,33342400,State Wide,11100125001400,Information Communication and Technology - General
"Procurement of Equipment to upgrade Government House Council Chambers to world class IT standard Visual Audio System, Voting System, Communication Infrastructure, and Digital Managment Tools)",42000000.0,100000000.0,0.0,115000000.0,115000000.0,115000000.0,0.0,216,0.18137,0.19935,027900100100,Ministry of Innovation and Digital Economy,23010113,PURCHASE OF COMPUTERS,70486,R & D COMMUNICATION,33342400,State Wide,11100125001500,Information Communication and Technology - General
"Procurment of 150 no. Laptops INTEL, HP 15 i3/4GB/256 SSD and 100 no. Desktop HP PRO G20 i3/512GB/8GB/WINDOWS 11",0.0,100000000.0,0.0,500000000.0,200000000.0,200000000.0,0.0,216,0.18954,0.20752,027900100100,Ministry of Innovation and Digital Economy,23010113,PURCHASE OF COMPUTERS,70486,R & D COMMUNICATION,33342400,State Wide,11100125001600,Information Communication and Technology - General
"Procurement of 5 Biometric Enrollment Kits (sets) for Civil Servants and the Public Data Capturing Programs (50,000 mAh Battery, 7 Ports, Biometric Software, 14' LCD/8GB/256SSD/Camera ISO/IEC 19794-5/6",0.0,0.0,0.0,100000000.0,100000000.0,100000000.0,0.0,216,0.19771,0.21569,027900100100,Ministry of Innovation and Digital Economy,23010113,PURCHASE OF COMPUTERS,70486,R & D COMMUNICATION,33342400,State Wide,11100125001700,Information Communication and Technology - General
Construction of Institute of Digital Economy in Sokoto Metropolis.,0.0,0.0,0.0,125000000.0,125000000.0,125000000.0,0.0,216,0.20588,0.22386,027900100100,Ministry of Innovation and Digital Economy,23020107,CONSTRUCTION / PROVISION OF PUBLIC SCHOOLS,70486,R & D COMMUNICATION,33342400,State Wide,11100115001800,Information Communication and Technology - General
Procurement of 30 NO. All in One Desktop Computer (HP PRO G20 i3/512GB/8GB/WINDOWS 11 AND 30 NO. Laptops core i7/512/8GB/13th Gen. and Furniture for upgrading of ICT Resource Centre at of MIDE and SICTDA,0.0,0.0,0.0,60000000.0,60000000.0,60000000.0,0.0,216,0.21405,0.23203,027900100100,Ministry of Innovation and Digital Economy,23010113,PURCHASE OF COMPUTERS,70486,R & D COMMUNICATION,33342400,State Wide,11100126001100,Information Communication and Technology - General
"Procurement of Digital Forensic Tools and Gadgets: Taloon, EnCase, Cellebrite for Practical Training by youths across Digital Hubs in the State.",0.0,0.0,0.0,45000000.0,45000000.0,45000000.0,0.0,216,0.22222,0.2402,027900100100,Ministry of Innovation and Digital Economy,23010113,PURCHASE OF COMPUTERS,70486,R & D COMMUNICATION,33342400,State Wide,11100126001200,Information Communication and Technology - General
"Provision of Computers to Secondary Schools for Pres CBT Practical Training ahead of online WACE, NECO, JAMB and NABTEB 200 NO. Laptops (INTEL, HP 15 i3/4GB/256 SSD/14"")",0.0,0.0,0.0,135000000.0,135000000.0,135000000.0,0.0,216,0.23039,0.24837,027900100100,Ministry of Innovation and Digital Economy,23010113,PURCHASE OF COMPUTERS,70981,EDUCATION N.E.C,33342400,State Wide,05060126001400,"ICT equipment, software and expertise"
"Procurment of Computers and ICT gadgets for Computerisation, Digitisation, and Arvhiving of Major Artifacts of the Sokoto State Library (Laptops, Scanners, Database Software, Cloud Storage)",0.0,0.0,0.0,50000000.0,50000000.0,50000000.0,0.0,216,0.23856,0.25654,027900100100,Ministry of Innovation and Digital Economy,23010113,PURCHASE OF COMPUTERS,70981,EDUCATION N.E.C,33342400,State Wide,11100126001300,Information Communication and Technology - General
"Procurement of ICT Tools for eGovernment Integration and archiving of Waziri Junaidu History Bureau (Laptops, Scanners, Database Software, Cloud Storage)",0.0,0.0,0.0,30000000.0,30000000.0,30000000.0,0.0,216,0.24673,0.26471,027900100100,Ministry of Innovation and Digital Economy,23010113,PURCHASE OF COMPUTERS,70486,R & D COMMUNICATION,33342400,State Wide,11100126001400,Information Communication and Technology - General
Procurement of Computers and Pheriperals for Distrubution to Techpreneurs and the SMEs across 23 LGAs in the State 120 units Laptops (HP 15 Intel Cel. 4GB/256 SSD/15' LCD windows 11),0.0,0.0,0.0,50000000.0,50000000.0,50000000.0,0.0,216,0.2549,0.27288,027900100100,Ministry of Innovation and Digital Economy,23010113,PURCHASE OF COMPUTERS,70486,R & D COMMUNICATION,33342400,State Wide,11100126001500,Information Communication and Technology - General
Procurment of Fibre Optics-High-Speed Internet Connections at Usman faruk and Shehu Kangiwa Secretariats,0.0,0.0,0.0,50000000.0,50000000.0,50000000.0,0.0,216,0.26307,0.28105,027900100100,Ministry of Innovation and Digital Economy,23010113,PURCHASE OF COMPUTERS,70486,R & D COMMUNICATION,33342400,State Wide,11100126001600,Information Communication and Technology - General
"Procurement of Digital Media and Communication Gadgets for the Ministry and SICTDA (Editing Systems, Lightening, 2 Laptops, 2 Sony HVR ZSU HDV, 2 TRAPOID, LisecnceEditing Software and iPhone)",0.0,0.0,0.0,35000000.0,35000000.0,35000000.0,0.0,216,0.27124,0.28922,027900100100,Ministry of Innovation and Digital Economy,23010113,PURCHASE OF COMPUTERS,70486,R & D COMMUNICATION,33342400,State Wide,11100126001700,Information Communication and Technology - General
Procurement of Tablet Systems for State EXCo and Members of the SOHA 70 NO.(Samsung S10 Plus 12.4'/12GB/256 GB/Monostone Gray),0.0,0.0,0.0,120000000.0,120000000.0,120000000.0,0.0,216,0.28023,0.2982,027900100100,Ministry of Innovation and Digital Economy,23010113,PURCHASE OF COMPUTERS,70486,R & D COMMUNICATION,33342400,State Wide,11100126001800,Information Communication and Technology - General
"Procurement of Computers for Hgher Institutions in the State 50 NO. Laptops (INTEL, HP 15 i3/4GB/256 SSD) , 40 NO. Desktop (HP PRO G20 i3/512GB/8GB/WINDOWS 11, 20 NO. HP Printers M107A Laserjet",0.0,0.0,0.0,85000000.0,85000000.0,85000000.0,0.0,216,0.2884,0.30637,027900100100,Ministry of Innovation and Digital Economy,23010113,PURCHASE OF COMPUTERS,70486,R & D COMMUNICATION,33342400,State Wide,05060126001500,"ICT equipment, software and expertise"
"Renovation of newly acquired Ministry of Innovation Office at Tsafe Road, Sokoto",0.0,240000000.0,71909808.38,0.0,0.0,0.0,0.0,216,0.29657,0.31454,027900100100,Ministry of Innovation and Digital Economy,23030121,REHABILITATION / REPAIRS OF OFFICE BUILDINGS,70486,R & D COMMUNICATION,33342400,State Wide,11100126001900,Information Communication and Technology - General
Procurement of 50 no. HP Printers M107A LjET for MDAs in the State,0.0,0.0,0.0,50000000.0,0.0,0.0,0.0,216,0.30474,0.32271,027900100100,Ministry of Innovation and Digital Economy,23010114,PURCHASE OF COMPUTER PRINTERS,70486,R & D COMMUNICATION,33342400,State Wide,05060126001600,"ICT equipment, software and expertise"
"Procurement of fire fighting equipments (such as fire hose reels, sprinklers, fire alarms, smoke alarms, fire estinguishers, fire hydrants, fire cabinet, Powder estinguishers",0.0,20000000.0,0.0,0.0,20000000.0,20000000.0,0.0,216,0.34559,0.36356,023100100100,Ministry of Energy and Petroleum Resources,23010123,PURCHASE OF FIRE FIGHTING EQUIPMENT,70435,ELECTRICITY,33342400,State Wide,14100125000200,Power - General
Construction of Mosque at Ministry Premises,0.0,30000000.0,0.0,0.0,30000000.0,30000000.0,0.0,216,0.35376,0.37173,023100100100,Ministry of Energy and Petroleum Resources,23020128,CONSTUCTION/PROVISION OF RELIGIOUS BUILDING,70435,ELECTRICITY,33342400,State Wide,14100125000400,Power - General
"Completion of State Independent Power Project (IPP)(such as Amoured cable, Battery Bank & their chargers, Transformer oil, Diesel Power Generator)",11616105.15,2500000000.0,0.0,4000000000.0,5000000000.0,5000000000.0,0.0,216,0.36193,0.3799,023100100100,Ministry of Energy and Petroleum Resources,23020125,CONSTRUCTION OF POWER GENERATING PLANTS,70435,ELECTRICITY,33342400,State Wide,14100125000500,Power - General
Construction of Three Laboratories and Mini Laboratory,0.0,0.0,0.0,700000000.0,800000000.0,800000000.0,0.0,216,0.3701,0.38807,023100100100,Ministry of Energy and Petroleum Resources,23020111,CONSTRUCTION / PROVISION OF LIBRARIES,70435,ELECTRICITY,33342400,State Wide,14100125000600,Power - General
Construction of Car Shade At Ministry premises,0.0,35000000.0,26986002.35,50000000.0,50000000.0,50000000.0,0.0,216,0.37908,0.39706,023100100100,Ministry of Energy and Petroleum Resources,23020119,CONSTRUCTION / PROVISION OF RECREATIONAL FACILITIES,70435,ELECTRICITY,33342400,State Wide,14100125000700,Power - General
Construction of Fire Service Station at Ministry Premises,0.0,0.0,0.0,0.0,100000000.0,100000000.0,0.0,216,0.38725,0.40523,023100100100,Ministry of Energy and Petroleum Resources,23020110,CONSTRUCTION / PROVISION OF FIRE FIGHTING STATIONS,70435,ELECTRICITY,33342400,State Wide,14100125000800,Power - General
Geological Survey and Conduction of pyrolosis and other test on the sample of Hydrocarbon available in the State,0.0,100000000.0,0.0,1800000000.0,4000000000.0,4000000000.0,0.0,216,0.39542,0.4134,023100100100,Ministry of Energy and Petroleum Resources,23050101,RESEARCH AND DEVELOPMENT,70435,ELECTRICITY,33342400,State Wide,14100125000900,Power - General
Purchase of AGO for fueling Turbines,0.0,0.0,0.0,400000000.0,400000000.0,400000000.0,0.0,216,0.40359,0.42157,023100100100,Ministry of Energy and Petroleum Resources,23010129,PURCHASE OF INDUSTRIAL EQUIPMENT,70435,ELECTRICITY,33342400,State Wide,14100125001000,Power - General
Periodic Service of Turbines and Maintenance,1502276542.75,0.0,0.0,300000000.0,300000000.0,300000000.0,0.0,216,0.41176,0.42974,023100100100,Ministry of Energy and Petroleum Resources,23030102,REHABILITATION / REPAIRS - ELECTRICITY,70435,ELECTRICITY,33342400,State Wide,14100125001100,Power - General
Sensitisation on the use of Alternative Energy Source,451825172.69,0.0,0.0,100000000.0,100000000.0,100000000.0,0.0,216,0.41993,0.43791,023100100100,Ministry of Energy and Petroleum Resources,23050101,RESEARCH AND DEVELOPMENT,70435,ELECTRICITY,33342400,State Wide,14100125001200,Power - General
Procurement and Distribution of 55 no. 300KVA 30 no. 500KVA Transformers across the State,0.0,400000000.0,71854368.83,1400000000.0,1500000000.0,1500000000.0,0.0,216,0.4281,0.44608,023100100100,Ministry of Energy and Petroleum Resources,23010119,PURCHASE OF POWER GENERATING SET,70435,ELECTRICITY,33342400,State Wide,14100125001300,Power - General
Construction of Solar Streets Light of two LGA in each Senatorial zone,0.0,0.0,0.0,2300000000.0,4500000000.0,4500000000.0,0.0,216,0.43627,0.45425,023100100100,Ministry of Energy and Petroleum Resources,23020103,CONSTRUCTION / PROVISION OF ELECTRICITY,70435,ELECTRICITY,33342400,State Wide,14100125001400,Power - General
"Rehabilitation of Electricity in Tangaza, Silame, Binji, Gudu, Yabo, Shagari, Kebbe and Tureta",0.0,500000000.0,0.0,1800000000.0,2000000000.0,2000000000.0,0.0,216,0.44444,0.46242,023100100100,Ministry of Energy and Petroleum Resources,23030102,REHABILITATION / REPAIRS - ELECTRICITY,70435,ELECTRICITY,33342400,State Wide,14100125001500,Power - General
Construction of LPG Station in Sokoto Metropolis,0.0,0.0,0.0,500000000.0,1000000000.0,1000000000.0,0.0,216,0.45261,0.47059,023100100100,Ministry of Energy and Petroleum Resources,23020103,CONSTRUCTION / PROVISION OF ELECTRICITY,70435,ELECTRICITY,33342400,State Wide,14100126000100,Power - General
Procurement of LPG Gas Cylinders,0.0,0.0,0.0,500000000.0,1500000000.0,1500000000.0,0.0,216,0.46078,0.47876,023100100100,Ministry of Energy and Petroleum Resources,23010129,PURCHASE OF INDUSTRIAL EQUIPMENT,70435,ELECTRICITY,33342400,State Wide,14100126000200,Power - General
Construction of 50 Solar power mini-grid across the state REA PROJECT,0.0,0.0,0.0,7500000000.0,6000000000.0,6000000000.0,0.0,216,0.46895,0.48693,023100100100,Ministry of Energy and Petroleum Resources,23020103,CONSTRUCTION / PROVISION OF ELECTRICITY,70435,ELECTRICITY,33342400,State Wide,14100126000300,Power - General
Construction of new electrification projects of 50 Nos villages atleast 2 Nos in each LGAs Across the state,0.0,50000000.0,0.0,0.0,0.0,0.0,0.0,216,0.51062,0.52859,023100100200,Department for Rural Electrification,23020103,CONSTRUCTION / PROVISION OF ELECTRICITY,70435,ELECTRICITY,33342400,State Wide,14100124000100,Power - General
Completion of 21 Nos of ongoing Rural Electrification projects across the state,80084200.0,200000000.0,30825760.0,100000000.0,100000000.0,100000000.0,0.0,216,0.51879,0.53676,023100100200,Department for Rural Electrification,23030102,REHABILITATION / REPAIRS - ELECTRICITY,70435,ELECTRICITY,33342400,State Wide,14100124000200,Power - General
"Repairs of Rural Electricity facilities of 100 villages (D-fuses, lightening Arreston, 4x Armoured cables etc.)",0.0,300000000.0,0.0,300000000.0,300000000.0,300000000.0,0.0,216,0.52696,0.54493,023100100200,Department for Rural Electrification,23030102,REHABILITATION / REPAIRS - ELECTRICITY,70435,ELECTRICITY,33342400,State Wide,14100124000400,Power - General
"Repairs of electricity Equipment such as transformers, RMU Breakers, feeder pillars etc. across the state",0.0,400000000.0,0.0,400000000.0,400000000.0,400000000.0,0.0,216,0.53513,0.5531,023100100200,Department for Rural Electrification,23030102,REHABILITATION / REPAIRS - ELECTRICITY,70435,ELECTRICITY,33342400,State Wide,14100124000500,Power - General
"Rehabilitation of existing projects under rural electrification, delapidated and vandalised TDN and ITC across the state.",0.0,300000000.0,0.0,121978013.72,121978013.72,121978013.72,0.0,216,0.5433,0.56127,023100100200,Department for Rural Electrification,23030102,REHABILITATION / REPAIRS - ELECTRICITY,70435,ELECTRICITY,33342400,State Wide,14100124000600,Power - General
State wide Rural Electrification Projects Including Constituency Projects,0.0,0.0,0.0,50000000.0,50000000.0,50000000.0,0.0,216,0.55147,0.56944,023100100200,Department for Rural Electrification,23020103,CONSTRUCTION / PROVISION OF ELECTRICITY,70435,ELECTRICITY,33342400,State Wide,14100126000400,Power - General
Provision of Solar Security lights in the Rural Areas,0.0,0.0,0.0,0.0,100000000.0,100000000.0,0.0,216,0.55964,0.57761,023100100200,Department for Rural Electrification,23020103,CONSTRUCTION / PROVISION OF ELECTRICITY,70435,ELECTRICITY,33342400,State Wide,14100126000500,Power - General
"Procurement of Electrical Materials such as Transformers, H.T & L.T poles, Alluminium conductors, Arm",0.0,0.0,0.0,100000000.0,100000000.0,100000000.0,0.0,216,0.56781,0.58578,023100100200,Department for Rural Electrification,23010119,PURCHASE OF POWER GENERATING SET70435 - ELECTRICITY,,"ored cable various sizes, feeder pillars etc.",33342400,State Wide,14100126000600,Power - General
Procurement of 1No. 15 Tonner Crane/Hiab Truck,0.0,0.0,0.0,53000000.0,53000000.0,53000000.0,0.0,216,0.5768,0.59477,023100100200,Department for Rural Electrification,23010107,PURCHASE OF TRUCKS,70435,ELECTRICITY,33342400,State Wide,14100126000700,Power - General
"PURCHASE OF 6NO. VEHICLES FOR SECCO E.G. LOW BED, TANKA,MOTOR LORRY,,AND TIPPER.",0.0,0.0,0.0,1000000000.0,1000000000.0,1000000000.0,0.0,216,0.61765,0.63562,023400100100,Ministry of Works,23010105,PURCHASE OF MOTOR VEHICLES,70451,ROAD TRANSPORT,33342400,State Wide,13100123000100,Reform of Government and Governance - General
PROCUREMENT OF HEAVY DUTY AND PLANT FOR SECCO,500000000.0,150000000.0,146939891.31,0.0,0.0,0.0,0.0,216,0.62582,0.64379,023400100100,Ministry of Works,23010105,PURCHASE OF MOTOR VEHICLES,70451,ROAD TRANSPORT,33342400,State Wide,13100123000200,Reform of Government and Governance - General
CONSTRUCTION OF 250KM OF TARRE ROADS WITHIN 30 COMMUNITIES ACROSS THE 3 SENATORIAL ZO,0.0,650000000.0,649999999.64,3000000000.0,4000000000.0,4000000000.0,0.0,216,0.63399,0.65196,023400100100,Ministry of Works,23020114,CONSTRUCTION / PROVISION OF ROADS70451 - ROAD TRANSPORT,,NES OF THE STATE,33342400,State Wide,17100123000300,Road - General
CONSTRUCTION OF RUWA WURI ILLELA MUNWADATA KALMALO (46.5km),0.0,650000000.0,0.0,0.0,150000000.0,150000000.0,0.0,216,0.64216,0.66013,023400100100,Ministry of Works,23020114,CONSTRUCTION / PROVISION OF ROADS,70451,ROAD TRANSPORT,33342400,State Wide,17100123000400,Road - General
REHABLITATION AND ASPHAITING OVERLAYOF WAMAKKO-BUNKARI-BINJI-SILAME ROAD,0.0,1000000000.0,0.0,100000000.0,1000000000.0,1000000000.0,0.0,216,0.65033,0.6683,023400100100,Ministry of Works,23030113,REHABILITATION / REPAIRS - ROADS,70451,ROAD TRANSPORT,33342400,State Wide,17100123000500,Road - General
CONSTRUCTION OF ROAD FROM UNGUWAR LALLE GIDAN SALE TIDIBALE,0.0,300000000.0,0.0,30000000.0,30000000.0,30000000.0,0.0,216,0.6585,0.67647,023400100100,Ministry of Works,23020114,CONSTRUCTION / PROVISION OF ROADS,70451,ROAD TRANSPORT,33342400,State Wide,17100123000600,Road - General
CONSTRUCTION OF ROAD MANDERA DARIN GURU JABO (13)km) ROAD,0.0,2000000000.0,0.0,4800000000.0,2000000000.0,2000000000.0,0.0,216,0.66667,0.68464,023400100100,Ministry of Works,23020114,CONSTRUCTION / PROVISION OF ROADS,70451,ROAD TRANSPORT,33342400,State Wide,17100123000700,Road - General
Construction of road from Kajiji to Sanyinnawal,0.0,3000000000.0,0.0,4000000000.0,0.0,0.0,0.0,216,0.67484,0.69281,023400100100,Ministry of Works,23020114,CONSTRUCTION / PROVISION OF ROADS,70451,ROAD TRANSPORT,33342400,State Wide,17100123000800,Road - General
REHABILATATION AND ASPHALTING OVERLAY OF ILLELA -GADA ROAD,0.0,1400000000.0,0.0,5000000000.0,1000000000.0,1000000000.0,0.0,216,0.68382,0.7018,023400100100,Ministry of Works,23030113,REHABILITATION / REPAIRS - ROADS,70451,ROAD TRANSPORT,33342400,State Wide,17100123000900,Road - General
CONSTRUCTION OF AND ASPHALT OVERLAY.OF KAJIJI TO ZAMFARA STATE BOADER (25.650km) ROAD,0.0,2800000000.0,0.0,4500000000.0,2000000000.0,2000000000.0,0.0,216,0.69199,0.70997,023400100100,Ministry of Works,23020114,CONSTRUCTION / PROVISION OF ROADS,70451,ROAD TRANSPORT,33342400,State Wide,17100126000200,Road - General
CONSTRUCTION OF DANGE WABABE ROAD (8.5km),0.0,750000000.0,0.0,0.0,0.0,0.0,0.0,216,0.70016,0.71814,023400100100,Ministry of Works,23020114,CONSTRUCTION / PROVISION OF ROADS,70451,ROAD TRANSPORT,33342400,State Wide,17100123001100,Road - General
CONSTRUCTION OF DOGON KARFE AMBARURA TABANNI (25km),0.0,200000000.0,0.0,0.0,0.0,0.0,0.0,216,0.70833,0.72631,023400100100,Ministry of Works,23020114,CONSTRUCTION / PROVISION OF ROADS,70451,ROAD TRANSPORT,33342400,State Wide,17100123001300,Road - General
CONSTRUCTION OF GADA KAFFE GADABO (18km) ROAD,0.0,200000000.0,0.0,0.0,0.0,0.0,0.0,216,0.7165,0.73448,023400100100,Ministry of Works,23020114,CONSTRUCTION / PROVISION OF ROADS,70451,ROAD TRANSPORT,33342400,State Wide,17100123001400,Road - General
CONSTRUCTION OF BODINGA LUKUYAWA ROAD (5km),0.0,200000000.0,0.0,0.0,0.0,0.0,0.0,216,0.72467,0.74265,023400100100,Ministry of Works,23020114,CONSTRUCTION / PROVISION OF ROADS,70451,ROAD TRANSPORT,33342400,State Wide,17100123001500,Road - General
CONSTRUCTION OF NA BAGUDA YAGAWAL GURZAU TO TAMBUWAL ROAD (30km),0.0,500000000.0,0.0,81798501.0,181798501.0,181798501.0,0.0,216,0.73284,0.75082,023400100100,Ministry of Works,23020114,CONSTRUCTION / PROVISION OF ROADS,70451,ROAD TRANSPORT,33342400,State Wide,17100123001600,Road - General
"REPAIRS AND OVERWHOLING OF MOTOR VEHICLS,CANTER (SSTA)OF (S S T A)",0.0,150000000.0,20737500.0,0.0,0.0,0.0,0.0,216,0.74101,0.75899,023400100100,Ministry of Works,23030113,REHABILITATION / REPAIRS - ROADS,70451,ROAD TRANSPORT,33342400,State Wide,17100123001800,Road - General
CONSTRUCTION ROAD FROM DURBAWA MAI KUJERA,0.0,300000000.0,0.0,0.0,500000000.0,500000000.0,0.0,216,0.74918,0.76716,023400100100,Ministry of Works,23020114,CONSTRUCTION / PROVISION OF ROADS,70451,ROAD TRANSPORT,33342400,State Wide,17100123001900,Road - General
CONSTRUCTION FROM MAIN ROAD TAMBUWAL ROMON SARKI (13km),0.0,200000000.0,0.0,1000000000.0,1000000000.0,1000000000.0,0.0,216,0.75735,0.77533,023400100100,Ministry of Works,23020114,CONSTRUCTION / PROVISION OF ROADS,70451,ROAD TRANSPORT,33342400,State Wide,17100123002300,Road - General
CONSTRUCTION RABAH GANDI BAKURA ROAD (78km),0.0,200000000.0,0.0,0.0,0.0,0.0,0.0,216,0.76552,0.7835,023400100100,Ministry of Works,23020114,CONSTRUCTION / PROVISION OF ROADS,70451,ROAD TRANSPORT,33342400,State Wide,17100123002400,Road - General
CONSTRUCTION GWADABAWA MELI GIGANE MAIN ROAD (24(km),0.0,200000000.0,0.0,1000000000.0,1000000000.0,1000000000.0,0.0,216,0.77369,0.79167,023400100100,Ministry of Works,23020114,CONSTRUCTION / PROVISION OF ROADS,70451,ROAD TRANSPORT,33342400,State Wide,17100123002500,Road - General
CONSTRUCTION DOGON DAJI SABAWA GARBA MAGAJI (38km),0.0,100000000.0,0.0,1000000000.0,1000000000.0,1000000000.0,0.0,216,0.78268,0.80065,023400100100,Ministry of Works,23020114,CONSTRUCTION / PROVISION OF ROADS,70451,ROAD TRANSPORT,33342400,State Wide,17100123002700,Road - General
"PROCUREMENT OF 4NOs WEIHTING BRIDGE AND 1NO HILUX FOR Mechanical Dept, MOW Sokoto",0.0,123000000.0,40792251.25,300000000.0,300000000.0,300000000.0,0.0,216,0.79085,0.80882,023400100100,Ministry of Works,23010105,PURCHASE OF MOTOR VEHICLES,70451,ROAD TRANSPORT,33342400,State Wide,13100123002900,Reform of Government and Governance - General
"RE-CONSTRUCTION OF POLE WIRES, TRANSFORMERS, WATER PIPES AND OTHER UTILITY SERVICES AFFECTED BY GENERAL CONSTRUCTION ACROSS THE STATE WIDE",0.0,50000000.0,44850952.2,500000000.0,1000000000.0,1000000000.0,0.0,216,0.79902,0.81699,023400100100,Ministry of Works,23030113,REHABILITATION / REPAIRS - ROADS,70451,ROAD TRANSPORT,33342400,State Wide,13100123003000,Reform of Government and Governance - General
2nd PHASE LANDSCAPING SURFACE DRESSING OF SSTA TERMINAL AND OFFICE FURNITURES FOR SSTA,0.0,400000000.0,288460615.9,0.0,0.0,0.0,0.0,216,0.80719,0.82516,023400100100,Ministry of Works,23030113,REHABILITATION / REPAIRS - ROADS,70451,ROAD TRANSPORT,33342400,State Wide,13100123003200,Reform of Government and Governance - General
"PROCUREMENT OF WORKING MACHINES/EQUIPMENT FOR Mechanical (Drilling, Milling Power and wel",0.0,50000000.0,50000000.0,200000000.0,400000000.0,400000000.0,0.0,216,0.81536,0.83333,023400100100,Ministry of Works,23010129,PURCHASE OF INDUSTRIAL EQUIPMENT 70451 - ROAD TRANSPORT,,ding machine),33342400,State Wide,13100126009000,Reform of Government and Governance - General
CONSTRUCTION OF COPPERS LODGE (NYSC) AT UNGUWAR ROGO AREA SOKOTO,0.0,20000000.0,20000000.0,100000000.0,100000000.0,100000000.0,0.0,216,0.82353,0.8415,023400100100,Ministry of Works,23020114,CONSTRUCTION / PROVISION OF ROADS,70451,ROAD TRANSPORT,33342400,State Wide,17100123003500,Road - General
CONSTRUCTION OF TAMBUWAL GURZAU ROAD (25km),0.0,0.0,0.0,300000000.0,500000000.0,500000000.0,0.0,216,0.8317,0.84967,023400100100,Ministry of Works,23020114,CONSTRUCTION / PROVISION OF ROADS,70451,ROAD TRANSPORT,33342400,State Wide,17100123003600,Road - General
CONSTRUCTION OF DUKARA MAZOJI ZUGU ROAD (16km),0.0,50000000.0,0.0,0.0,0.0,0.0,0.0,216,0.83987,0.85784,023400100100,Ministry of Works,23020114,CONSTRUCTION / PROVISION OF ROADS,70451,ROAD TRANSPORT,33342400,State Wide,17100123003700,Road - General
CONSTRUCTION OF TUTSUWA TO SABON BIRNI ROAD (15km),0.0,100000000.0,0.0,0.0,0.0,0.0,0.0,216,0.84804,0.86601,023400100100,Ministry of Works,23020114,CONSTRUCTION / PROVISION OF ROADS,70451,ROAD TRANSPORT,33342400,State Wide,17100123003800,Road - General
CONSTRUCTION OF MIL-GOMA TO DAN AJIYAWA GIDAN RUWA TO DINGYDI JUNCTION ROAD (11.km),0.0,200000000.0,0.0,0.0,0.0,0.0,0.0,216,0.85621,0.87418,023400100100,Ministry of Works,23020114,CONSTRUCTION / PROVISION OF ROADS,70451,ROAD TRANSPORT,33342400,State Wide,17100126000300,Road - General
"CONSTRUCTION ROAD LINK FROM NIGERIA AND NIGER REPUBLIC PHASE I,II,III. (55km)",0.0,50000000.0,0.0,0.0,100000000.0,100000000.0,0.0,216,0.86438,0.88235,023400100100,Ministry of Works,23020114,CONSTRUCTION / PROVISION OF ROADS,70451,ROAD TRANSPORT,33342400,State Wide,17100123004000,Road - General
REHABILITATION OF MARNONA ISA ROAD PROJECT,0.0,300000000.0,0.0,300000000.0,500000000.0,500000000.0,0.0,216,0.87255,0.89052,023400100100,Ministry of Works,23030113,REHABILITATION / REPAIRS - ROADS,70451,ROAD TRANSPORT,33342400,State Wide,17100126000400,Road - General
CONSTRUC OF ROAD FROM DANGE TO DANCHADI ROAD (18km),0.0,250000000.0,0.0,0.0,0.0,0.0,0.0,216,0.88154,0.89951,023400100100,Ministry of Works,23020114,CONSTRUCTION / PROVISION OF ROADS,70451,ROAD TRANSPORT,33342400,State Wide,17100123004300,Road - General
CONSTRUCTION FROM ALASAN BAKAYA BARGA TO KEEBE ROAD (43.2km),0.0,300000000.0,0.0,0.0,0.0,0.0,0.0,216,0.88971,0.90768,023400100100,Ministry of Works,23020114,CONSTRUCTION / PROVISION OF ROADS,70451,ROAD TRANSPORT,33342400,State Wide,17100123004400,Road - General
CONSTRUCTION OF ROAD FROM YAKA TO BACHAKA ROAD (22km),0.0,100000000.0,0.0,1000000000.0,1000000000.0,1000000000.0,0.0,216,0.89788,0.91585,023400100100,Ministry of Works,23020114,CONSTRUCTION / PROVISION OF ROADS,70451,ROAD TRANSPORT,33342400,State Wide,17100123004600,Road - General
REHABILITATION OF ISA KWANAR ISA ROAD (8km),0.0,250000000.0,0.0,0.0,0.0,0.0,0.0,217,0.09069,0.10866,023400100100,Ministry of Works,23030113,REHABILITATION / REPAIRS - ROADS,70451,ROAD TRANSPORT,33342400,State Wide,17100123004700,Road - General
STATE WIDE ROADS MAINTENANCE (SORMA),0.0,300000000.0,155894545.41,500000000.0,500000000.0,500000000.0,0.0,217,0.09886,0.11683,023400100100,Ministry of Works,23030113,REHABILITATION / REPAIRS - ROADS,70451,ROAD TRANSPORT,33342400,State Wide,17100123004800,Road - General
Purchase of 1 no. Excavator and 1 no Asphalt Mixing Plant for SORMA,0.0,150000000.0,0.0,100000000.0,100000000.0,100000000.0,0.0,217,0.10703,0.125,023400100100,Ministry of Works,23010105,PURCHASE OF MOTOR VEHICLES,70451,ROAD TRANSPORT,33342400,State Wide,13100123004900,Reform of Government and Governance - General
Major Roads Maintenance Across the State,0.0,0.0,0.0,100000000.0,100000000.0,100000000.0,0.0,217,0.1152,0.13317,023400100100,Ministry of Works,23030113,REHABILITATION / REPAIRS - ROADS,70451,ROAD TRANSPORT,33342400,State Wide,13100123005000,Reform of Government and Governance - General
CONSTRUCTION OF ROAD FROM KWALKWALAWA TO GIDAN BUBU ROAD,0.0,300000000.0,0.0,0.0,300000000.0,300000000.0,0.0,217,0.12337,0.14134,023400100100,Ministry of Works,23020114,CONSTRUCTION / PROVISION OF ROADS,70451,ROAD TRANSPORT,33342400,State Wide,17100123005100,Road - General
CONSTRUCTION OF SABON BIRNI GATAWA TO ISA ROAD PROJECT,0.0,1000000000.0,0.0,300000000.0,300000000.0,300000000.0,0.0,217,0.13154,0.14951,023400100100,Ministry of Works,23020114,CONSTRUCTION / PROVISION OF ROADS,70451,ROAD TRANSPORT,33342400,State Wide,17100123005200,Road - General
REHABILITATION OF ISA BAFARAWA ROAD,0.0,100000000.0,0.0,0.0,0.0,0.0,0.0,217,0.13971,0.15768,023400100100,Ministry of Works,23030113,REHABILITATION / REPAIRS - ROADS,70451,ROAD TRANSPORT,33342400,State Wide,17100123005400,Road - General
CONSTRUCTION OF BALLE - KATSURA - MARAKI - KURDULLA (18km) ROAD,0.0,500000000.0,0.0,1500000000.0,500000000.0,500000000.0,0.0,217,0.14788,0.16585,023400100100,Ministry of Works,23020114,CONSTRUCTION / PROVISION OF ROADS,70451,ROAD TRANSPORT,33342400,State Wide,17100126000500,Road - General
REHABILITATION BRIDE NI 1 AND APPROCHES ALONG TAMBUWAL -KEBBE ROAD,0.0,1700000000.0,1356834110.93,0.0,0.0,0.0,0.0,217,0.15605,0.17402,023400100100,Ministry of Works,23030113,REHABILITATION / REPAIRS - ROADS,70451,ROAD TRANSPORT,33342400,State Wide,17100126000600,Road - General
REHABILITATION OF SILAME GANDE ROAD,0.0,700000000.0,0.0,0.0,0.0,0.0,0.0,217,0.16422,0.18219,023400100100,Ministry of Works,23030113,REHABILITATION / REPAIRS - ROADS,70451,ROAD TRANSPORT,33342400,State Wide,17100123005700,Road - General
RENOVATION OF GOVT. BUILDINGS STATE WIDE,0.0,50000000.0,0.0,1000000000.0,3000000000.0,3000000000.0,0.0,217,0.17239,0.19036,023400100100,Ministry of Works,23030121,REHABILITATION / REPAIRS OF OFFICE BUILDINGS,70451,ROAD TRANSPORT,33342400,State Wide,13100123005900,Reform of Government and Governance - General
"PURCHASE OF WORKSHOP/EQUIPMENTFOR MECHANICAL WORKSHOP (DRILLING,MILLING,POWER HAC",0.0,100000000.0,0.0,0.0,0.0,0.0,0.0,217,0.18137,0.19935,023400100100,Ministry of Works,23010129,PURCHASE OF INDUSTRIAL EQUIPMENT 70451 - ROAD TRANSPORT,,"KSAW,WELDING MACHINES.)",33342400,State Wide,13100123006100,Reform of Government and Governance - General
REHABILITATION OF WURNO HUCHI ROAD,0.0,100000000.0,0.0,1800000000.0,1800000000.0,1800000000.0,0.0,217,0.18954,0.20752,023400100100,Ministry of Works,23030113,REHABILITATION / REPAIRS - ROADS,70451,ROAD TRANSPORT,33342400,State Wide,17100126000700,Road - General
REHABILITATION OF ROMON SARKI BRIDGE AND CONSTRUC. OF 2NO.6 CELLS BOX CULVERT AND 2NO. 7 CELLS BOX CULVERT WITH RETAINING WALLS (7.600km),0.0,200000000.0,0.0,1500000000.0,1500000000.0,1500000000.0,0.0,217,0.19771,0.21569,023400100100,Ministry of Works,23030113,REHABILITATION / REPAIRS - ROADS,70451,ROAD TRANSPORT,33342400,State Wide,17100126000800,Road - General
CONSTRUCTION AND REPAIRS ON BRIDGE NO.2 AND APPROCHES ALONG TAMBUWAL- KEBBE ROAD,0.0,2400000000.0,0.0,0.0,0.0,0.0,0.0,217,0.20588,0.22386,023400100100,Ministry of Works,23030113,REHABILITATION / REPAIRS - ROADS,70451,ROAD TRANSPORT,33342400,State Wide,17100126000900,Road - General
REHABILITATION OF SHAGARI TURETA ROAD AND BRIDGE,0.0,900000000.0,0.0,100000000.0,500000000.0,500000000.0,0.0,217,0.21405,0.23203,023400100100,Ministry of Works,23030113,REHABILITATION / REPAIRS - ROADS,70451,ROAD TRANSPORT,33342400,State Wide,17100123006600,Road - General
REHABILITATION OF KATAMI BIRNIN TUDU ROAD,0.0,600000000.0,0.0,0.0,0.0,0.0,0.0,217,0.22222,0.2402,023400100100,Ministry of Works,23030113,REHABILITATION / REPAIRS - ROADS,70451,ROAD TRANSPORT,33342400,State Wide,17100123006700,Road - General
RECONSTRUCTION AND PROCUREMENT OF SOIL TEST LABORATORY MATERIALS/EQUIPMENTS,0.0,250000000.0,48375000.0,300000000.0,300000000.0,300000000.0,0.0,217,0.23039,0.24837,023400100100,Ministry of Works,23020114,CONSTRUCTION / PROVISION OF ROADS,70451,ROAD TRANSPORT,33342400,State Wide,13100126009100,Reform of Government and Governance - General
CONSTRUCTION OF 2NO CELLS BOX CULVERTS INCLUSIVE OF RETAINING WALL AND ASPHALT-OVERLA,0.0,250000000.0,12000000.0,500000000.0,1000000000.0,1000000000.0,0.0,217,0.23856,0.25654,023400100100,Ministry of Works,23020114,CONSTRUCTION / PROVISION OF ROADS70451 - ROAD TRANSPORT,,Y FROM SILAME POLICE STATION TO SILAME BRIDGE,33342400,State Wide,17100123007000,Road - General
"Procurement of 200 angle irons, sheet metals, 150 roles conductors, 100 insulators, 250 bulbs, 5 trips o",0.0,0.0,0.0,500000000.0,500000000.0,500000000.0,0.0,217,0.24673,0.26471,023400100100,Ministry of Works,23010129,PURCHASE OF INDUSTRIAL EQUIPMENT 70451 - ROAD TRANSPORT,,"f sand, 5 tons of cement, 200 2x2 woods and others",33342400,State Wide,13100126009200,Reform of Government and Governance - General
CONSTRUCTION OF 5 CELL BOX CULVERT/EMBACKMENT AT KAWADATA- BOYEKAI- GIYAWA TO NASAR,0.0,330000000.0,91710876.79,50000000.0,50000000.0,50000000.0,0.0,217,0.2549,0.27288,023400100100,Ministry of Works,23020114,CONSTRUCTION / PROVISION OF ROADS70451 - ROAD TRANSPORT,,AWA ROADS,33342400,State Wide,17100123007200,Road - General
REHABILITATION OF SABON BIRNI YAR'BULUTU WASHED OUT BRIDGE AND CULVERT,0.0,0.0,0.0,1750000000.0,1000000000.0,1000000000.0,0.0,217,0.26307,0.28105,023400100100,Ministry of Works,23030113,REHABILITATION / REPAIRS - ROADS,70451,ROAD TRANSPORT,33342400,State Wide,13100123007300,Reform of Government and Governance - General
REHABILITATION OF TANGAZA -BALLE ROAD (33km) ROAD,0.0,600000000.0,0.0,3500000000.0,1500000000.0,1500000000.0,0.0,217,0.27124,0.28922,023400100100,Ministry of Works,23030113,REHABILITATION / REPAIRS - ROADS,70451,ROAD TRANSPORT,33342400,State Wide,17100126001000,Road - General
CONSTRUCTION OF ROAD FROM KARFEN SARKI TO BACHAKA (22km) ROAD,0.0,20000000.0,0.0,100000000.0,800000000.0,800000000.0,0.0,217,0.28023,0.2982,023400100100,Ministry of Works,23020114,CONSTRUCTION / PROVISION OF ROADS,70451,ROAD TRANSPORT,33342400,State Wide,17100123007500,Road - General
CONSTRUCTION OF GADA BYE-PASS ROAD,0.0,50000000.0,0.0,0.0,100000000.0,100000000.0,0.0,217,0.2884,0.30637,023400100100,Ministry of Works,23020114,CONSTRUCTION / PROVISION OF ROADS,70451,ROAD TRANSPORT,33342400,State Wide,17100123007600,Road - General
CONSTRUCTION OF TURETA-BELA ROAD,0.0,100000000.0,0.0,0.0,0.0,0.0,0.0,217,0.29657,0.31454,023400100100,Ministry of Works,23020114,CONSTRUCTION / PROVISION OF ROADS,70451,ROAD TRANSPORT,33342400,State Wide,17100123007700,Road - General
Procurement of 2No 2020 Model Toyota Hillux for SECCO,0.0,200000000.0,200000000.0,0.0,150000000.0,150000000.0,0.0,217,0.30474,0.32271,023400100100,Ministry of Works,23030113,REHABILITATION / REPAIRS - ROADS,70451,ROAD TRANSPORT,33342400,State Wide,13100123007800,Reform of Government and Governance - General
"Rehabilitation of Works Schoo, Sokoto",0.0,100000000.0,0.0,450000000.0,450000000.0,450000000.0,0.0,217,0.31291,0.33088,023400100100,Ministry of Works,23020114,CONSTRUCTION / PROVISION OF ROADS,70451,ROAD TRANSPORT,33342400,State Wide,17100123008000,Road - General
Construction of office Block at SSTA,0.0,150000000.0,0.0,0.0,0.0,0.0,0.0,217,0.32108,0.33905,023400100100,Ministry of Works,23020101,CONSTRUCTION / PROVISION OF OFFICE BUILDINGS,70451,ROAD TRANSPORT,33342400,State Wide,17100123008600,Road - General
SUPPORT FOR STATE WIDE ROADS MAINTENANCE,0.0,200000000.0,129550000.0,200000000.0,0.0,0.0,0.0,217,0.36193,0.3799,023400400100,Sokoto Road Maintenance Agency,23020114,CONSTRUCTION / PROVISION OF ROADS,70451,ROAD TRANSPORT,33342400,State Wide,17100124000700,Road - General
PROCUREMENT OF 2NO OF PLANTS AND MACHINARIES,0.0,200000000.0,0.0,200000000.0,0.0,0.0,0.0,217,0.3701,0.38807,023400400100,Sokoto Road Maintenance Agency,23010119,PURCHASE OF POWER GENERATING SET,70451,ROAD TRANSPORT,33342400,State Wide,17100124000800,Road - General
Construction of State wide 300kms rural feeder roads and 500km road (tarring) across the state,10000000.0,0.0,0.0,209106638.6,1000000000.0,1000000000.0,0.0,217,0.41176,0.42974,023405700100,Department for Rural Roads,23020114,CONSTRUCTION / PROVISION OF ROADS,70451,ROAD TRANSPORT,33342400,State Wide,17100125000100,Road - General
Construction of Rural Roads through Rural access and mobility projects (RAMP),400000000.0,18501705643.84,5204507537.4,7901705643.84,12901705643.84,17901705643.84,0.0,217,0.41993,0.43791,023405700100,Department for Rural Roads,23020114,CONSTRUCTION / PROVISION OF ROADS,70451,ROAD TRANSPORT,33342400,State Wide,17100125000200,Road - General
Rehabilitation of existing projects under rural roads,21575771.81,200000000.0,0.0,200000000.0,200000000.0,200000000.0,0.0,217,0.4281,0.44608,023405700100,Department for Rural Roads,23030113,REHABILITATION / REPAIRS - ROADS,70451,ROAD TRANSPORT,33342400,State Wide,17100125000300,Road - General
Construction of 4km Modaci to Gazau road in Isa LGA,0.0,200000000.0,0.0,0.0,200000000.0,200000000.0,0.0,217,0.43627,0.45425,023405700100,Department for Rural Roads,23020114,CONSTRUCTION / PROVISION OF ROADS,70451,ROAD TRANSPORT,33342400,State Wide,17100125000400,Road - General
Construction of feeder roads within 23 LGAs of the State including Constituency Projects,0.0,200000000.0,0.0,2250000000.0,5000000000.0,5000000000.0,0.0,217,0.44444,0.46242,023405700100,Department for Rural Roads,23020114,CONSTRUCTION / PROVISION OF ROADS,70451,ROAD TRANSPORT,33342400,State Wide,17100125000500,Road - General
Provision of Road and Drainages from Central Mosque to Danjeka Model Pri.Sch.in Bodinga Town.,0.0,200000000.0,0.0,200000000.0,200000000.0,200000000.0,0.0,217,0.45261,0.47059,023405700100,Department for Rural Roads,23020114,CONSTRUCTION / PROVISION OF ROADS,70451,ROAD TRANSPORT,33342400,State Wide,17100125000600,Road - General
Procurement of 1 no. Toyota Hilux 2019 Project operational vehicle (RAAMP PROJECT),0.0,84500000.0,0.0,0.0,84500000.0,84500000.0,0.0,217,0.46078,0.47876,023405700100,Department for Rural Roads,23010105,PURCHASE OF MOTOR VEHICLES,70451,ROAD TRANSPORT,33342400,State Wide,17100125000700,Road - General
Construction of Rural Roads under Rural Access and Agricultural Marketing Project/ SEED Fund for RAR,0.0,1707130536.33,200000000.0,4707130536.33,1707130536.33,1707130536.33,0.0,217,0.46895,0.48693,023405700100,Department for Rural Roads,23020114,CONSTRUCTION / PROVISION OF ROADS70451 - ROAD TRANSPORT,,A and State Road Fund (SRS),33342400,State Wide,17100125000900,Road - General
"precurement of plants and machinaries such as dozer D8, Grader Cat, Roller cat, escavator cat, pay loader, load bed, tar boiler, 10,000 liters water tanker",0.0,0.0,0.0,0.0,2000000000.0,2000000000.0,0.0,217,0.47712,0.4951,023405700100,Department for Rural Roads,23010105,PURCHASE OF MOTOR VEHICLES,70451,ROAD TRANSPORT,33342400,State Wide,17100126001500,Road - General
PURCHASE OF 10 NO LUXURY 50-SEATER MARCOPOLO BUSES FOR INTER AND INTRA STATE TRANSPORTATION (SSTA),0.0,1150000000.0,0.0,1500000000.0,1500000000.0,1651026772.52,0.0,217,0.51879,0.53676,022900100100,Ministry of Transport,23010108,PURCHASE OF BUSES,70451,ROAD TRANSPORT,33342400,State Wide,17100125000100,Road - General
PURCHASE OF 20 NO OF MITSUBISHI CANTER 2020 MODEL FOR SSTA,0.0,900000000.0,0.0,1000000000.0,1000000000.0,1651026772.48,0.0,217,0.52696,0.54493,022900100100,Ministry of Transport,23010107,PURCHASE OF TRUCKS,70451,ROAD TRANSPORT,33342400,State Wide,17100125000200,Road - General
PURCHASE OF 20 NO TOYOTA 18-SEATER BUSES for SSTA,0.0,1400000000.0,0.0,2400000000.0,2151026772.52,2000000000.0,0.0,217,0.53513,0.5531,022900100100,Ministry of Transport,23010108,PURCHASE OF BUSES,70451,ROAD TRANSPORT,33342400,State Wide,17100125000300,Road - General
REPAIRS OF 10 NO CANTER VEHICLES FOR SSTA,0.0,20000000.0,0.0,100000000.0,0.0,0.0,0.0,217,0.5433,0.56127,022900100100,Ministry of Transport,23010105,PURCHASE OF MOTOR VEHICLES,70451,ROAD TRANSPORT,33342400,State Wide,17100125000400,Road - General
COMPLETION OF 2ND PHASE LANDSCAPING SURFACE DRESSING OF SOKOTO STATE TRANSPORT AUTHORITY (SSTA) TERMINAL SOKOTO,0.0,50000000.0,0.0,100000000.0,50000000.0,50000000.0,0.0,217,0.55147,0.56944,022900100100,Ministry of Transport,23030113,REHABILITATION / REPAIRS - ROADS,70451,ROAD TRANSPORT,33342400,State Wide,17100125000500,Road - General
PURCHASE OF AEROPLANE,0.0,32400000000.0,12337245088.11,36000000000.0,0.0,0.0,0.0,217,0.55964,0.57761,022900100100,Ministry of Transport,23010143,PURCHASE OF AEROPLANE,70451,ROAD TRANSPORT,33342400,State Wide,18100125000600,Airways - General
"PURCHASE OF 3 NO BOATS, AND 5 NO CANOES FOR INLAND WATER WAYS",0.0,0.0,0.0,300000000.0,300000000.0,300000000.0,0.0,217,0.56781,0.58578,022900100100,Ministry of Transport,23010109,PURCHASE OF SEA BOATS,70451,ROAD TRANSPORT,33342400,State Wide,16100126000100,Water Ways - General
PROCUREMENT OF AIRCRAFT ROTABLES,0.0,0.0,0.0,5500000000.0,0.0,0.0,0.0,217,0.5768,0.59477,022900100100,Ministry of Transport,23010138,PURCHASE OF AERO SPARES/MAINTENANCE,70451,ROAD TRANSPORT,33342400,State Wide,13100126009400,Reform of Government and Governance - General
3RD PHASE LANDSCAPING SURFACE DRESSING OF SSTA TERMINAL AND OFFICE FURNITURES FOR SSTA,0.0,0.0,0.0,122000000.0,122000000.0,122000000.0,0.0,217,0.58497,0.60294,022900100100,Ministry of Transport,23020101,CONSTRUCTION / PROVISION OF OFFICE BUILDINGS,70451,ROAD TRANSPORT,33342400,State Wide,17100126001100,Road - General
RENOVATION OF OFFICE BUILDING AT SSTA,0.0,0.0,0.0,350000000.0,200000000.0,200000000.0,0.0,217,0.59314,0.61111,022900100100,Ministry of Transport,23030121,REHABILITATION / REPAIRS OF OFFICE BUILDINGS,70451,ROAD TRANSPORT,33342400,State Wide,13100126009500,Reform of Government and Governance - General
"PURCHASE OF 1 NO. EACH OF DRILLING, MILLING, POWER HACKSAW AND WELDING MACHINES.",0.0,0.0,0.0,20000000.0,120000000.0,120000000.0,0.0,217,0.60131,0.61928,022900100100,Ministry of Transport,23010129,PURCHASE OF INDUSTRIAL EQUIPMENT,70451,ROAD TRANSPORT,33342400,State Wide,17100126001200,Road - General
REHABILITATION OF DRIVING SCHOOL,0.0,0.0,0.0,50000000.0,250000000.0,250000000.0,0.0,217,0.60948,0.62745,022900100100,Ministry of Transport,23020107,CONSTRUCTION / PROVISION OF PUBLIC SCHOOLS,70451,ROAD TRANSPORT,33342400,State Wide,17100126001300,Road - General
COMPLETION OF LOCK-UP SHOPS AND OFFICE BLOCK AT SSTA OFFICE AT DANDIMA MOTOR PARK,0.0,0.0,0.0,230000000.0,230000000.0,230000000.0,0.0,217,0.61765,0.63562,022900100100,Ministry of Transport,23030124,REHABILITATION/REPAIRS- MARKETS/PARKS,70451,ROAD TRANSPORT,33342400,State Wide,13100126009600,Reform of Government and Governance - General
"PURCHASE OF 12 NO TOYOTA HILUX 2023 MODEL FOR OFFICIAL USE, FOR MECHANICAL, VIO DEPARTMENT AND FOR MONITORING OF THE AIRLINE OPERATIONS",0.0,0.0,0.0,0.0,600000000.0,600000000.0,0.0,217,0.62582,0.64379,022900100100,Ministry of Transport,23010105,PURCHASE OF MOTOR VEHICLES,70451,ROAD TRANSPORT,33342400,State Wide,17100126001400,Road - General
Provision of mini hotels & resorts at Illela Romon Sarki VIllage,0.0,100000000.0,0.0,0.0,0.0,0.0,0.0,217,0.66667,0.68464,023600100100,Ministry of Culture & Tourism,23010101,PURCHASE / ACQUISITION OF LAND,70821,CULTURAL SERVICES,33342400,State Wide,02100125000900,Societal Re-orientation - General
Consavation management of Hubbaren Shehu,0.0,40000000.0,0.0,25590700.0,25590700.0,25590700.0,0.0,217,0.67484,0.69281,023600100100,Ministry of Culture & Tourism,23020102,CONSTRUCTION / PROVISION OF RESIDENTIAL BUILDINGS,70821,CULTURAL SERVICES,33342400,State Wide,02100125001000,Societal Re-orientation - General
Construction of convenience around Hubbare Area,0.0,11000000.0,0.0,0.0,0.0,0.0,0.0,217,0.68382,0.7018,023600100100,Ministry of Culture & Tourism,23020126,CONSTRUCTION/PROVISION OF CEMETERIES,70821,CULTURAL SERVICES,33342400,State Wide,02100125001100,Societal Re-orientation - General
"Purchase of 3 Photomask cabinet, 3 Nitrogen cabinet and 20 Glove box for Preservation of Historical materials at Waziri Junaidu History Bureau",0.0,230000000.0,0.0,50000000.0,50000000.0,50000000.0,0.0,217,0.69199,0.70997,023600100100,Ministry of Culture & Tourism,23050101,RESEARCH AND DEVELOPMENT,70821,CULTURAL SERVICES,33342400,State Wide,02100125001200,Societal Re-orientation - General
Upgrading and Packaging of water from rijiyar Shehu,0.0,150000000.0,0.0,30000000.0,30000000.0,30000000.0,0.0,217,0.70016,0.71814,023600100100,Ministry of Culture & Tourism,23050101,RESEARCH AND DEVELOPMENT,70861,"RECREATION, CULTURE AND RELIGION N.E.C.",33342400,State Wide,02100126000200,Societal Re-orientation - General
Construction of Cultural Village within Sokoto metropolis,0.0,230000000.0,0.0,260000000.0,60000000.0,60000000.0,0.0,217,0.70833,0.72631,023600100100,Ministry of Culture & Tourism,23050101,RESEARCH AND DEVELOPMENT,70861,"RECREATION, CULTURE AND RELIGION N.E.C.",33342400,State Wide,02100126000300,Societal Re-orientation - General
Upgrading of Waziri Junaidu History Bureau,0.0,0.0,0.0,193000000.0,0.0,0.0,0.0,217,0.7165,0.73448,023600100100,Ministry of Culture & Tourism,23030121,REHABILITATION / REPAIRS OF OFFICE BUILDINGS,70861,"RECREATION, CULTURE AND RELIGION N.E.C.",33342400,State Wide,02100126000400,Societal Re-orientation - General
Renovation of Waziri Junaidu History Bureau,0.0,0.0,0.0,230000000.0,0.0,0.0,0.0,217,0.72467,0.74265,023600100100,Ministry of Culture & Tourism,23030121,REHABILITATION / REPAIRS OF OFFICE BUILDINGS,70861,"RECREATION, CULTURE AND RELIGION N.E.C.",33342400,State Wide,02100126000500,Societal Re-orientation - General
UNPFA Maternal and Reproductive Health activities across the 23 LGAs,0.0,170000000.0,0.0,170000000.0,170000000.0,170000000.0,0.0,217,0.76552,0.7835,023800100100,Ministry of Budget and Economic Planning,23050108,CAPACITY DEVELOPMENT,70132,OVERALL PLANNING AND STATISTICAL SERVICES,33342400,State Wide,13100122000100,Reform of Government and Governance - General
Coordination of State UN and other Develomental Partners Programme & Project,0.0,25000000.0,0.0,15000000.0,25000000.0,25000000.0,0.0,217,0.77369,0.79167,023800100100,Ministry of Budget and Economic Planning,23050103,MONITORING AND EVALUATION,70132,OVERALL PLANNING AND STATISTICAL SERVICES,33342400,State Wide,13100122000200,Reform of Government and Governance - General
Establishement & Equiping of Planning Library & Monitoring and Evaluation.,0.0,15000000.0,0.0,10000000.0,15000000.0,15000000.0,0.0,217,0.78268,0.80065,023800100100,Ministry of Budget and Economic Planning,23050103,MONITORING AND EVALUATION,70132,OVERALL PLANNING AND STATISTICAL SERVICES,33342400,State Wide,13100122000300,Reform of Government and Governance - General
Purchase of 20 no tables and chairs for Ministry of Budget headquater,0.0,5000000.0,0.0,10000000.0,5000000.0,5000000.0,0.0,217,0.79085,0.80882,023800100100,Ministry of Budget and Economic Planning,23010112,PURCHASE OF OFFICE FURNITURE AND FITTINGS,70132,OVERALL PLANNING AND STATISTICAL SERVICES,33342400,State Wide,13100122000600,Reform of Government and Governance - General
"Construction of blocks of classrooms, boreholes and rural health facilities under SDGs activities across the State",0.0,300000000.0,14391500.0,500000000.0,500000000.0,500000000.0,0.0,217,0.79902,0.81699,023800100100,Ministry of Budget and Economic Planning,23050103,MONITORING AND EVALUATION,70132,OVERALL PLANNING AND STATISTICAL SERVICES,33342400,State Wide,13100122000700,Reform of Government and Governance - General
Capacity Development activities by Development Partners,0.0,100000000.0,27201800.0,0.0,100000000.0,100000000.0,0.0,217,0.80719,0.82516,023800100100,Ministry of Budget and Economic Planning,23050108,CAPACITY DEVELOPMENT,70132,OVERALL PLANNING AND STATISTICAL SERVICES,33342400,State Wide,13100122000800,Reform of Government and Governance - General
Human Capital Development Programme,0.0,25000000.0,0.0,15000000.0,25000000.0,25000000.0,0.0,217,0.81536,0.83333,023800100100,Ministry of Budget and Economic Planning,23050103,MONITORING AND EVALUATION,70132,OVERALL PLANNING AND STATISTICAL SERVICES,33342400,State Wide,13100122000900,Reform of Government and Governance - General
Acquiring offices for Bureau of Statistics,0.0,20000000.0,0.0,10000000.0,20000000.0,20000000.0,0.0,217,0.82353,0.8415,023800100100,Ministry of Budget and Economic Planning,23050103,MONITORING AND EVALUATION,70132,OVERALL PLANNING AND STATISTICAL SERVICES,33342400,State Wide,13100122001000,Reform of Government and Governance - General
Upgrading & Refurbishing of office buildings,0.0,5000000.0,0.0,5000000.0,5000000.0,5000000.0,0.0,217,0.8317,0.84967,023800100100,Ministry of Budget and Economic Planning,23030121,REHABILITATION / REPAIRS OF OFFICE BUILDINGS,70132,OVERALL PLANNING AND STATISTICAL SERVICES,33342400,State Wide,13100122001100,Reform of Government and Governance - General
Establishment of State data base for Bureau of Statistics,0.0,10000000.0,0.0,5000000.0,10000000.0,10000000.0,0.0,217,0.83987,0.85784,023800100100,Ministry of Budget and Economic Planning,23050103,MONITORING AND EVALUATION,70132,OVERALL PLANNING AND STATISTICAL SERVICES,33342400,State Wide,13100122001200,Reform of Government and Governance - General
National Strategic for Development of Statistics (NSDS) in collaboration with NBS and Donor Agencies.,0.0,10000000.0,0.0,10000000.0,10000000.0,10000000.0,0.0,217,0.84804,0.86601,023800100100,Ministry of Budget and Economic Planning,23050103,MONITORING AND EVALUATION,70132,OVERALL PLANNING AND STATISTICAL SERVICES,33342400,State Wide,13100122001300,Reform of Government and Governance - General
"Development of State Policy Frameworks Documents such as State Development Plan, Social Protection,MTEF etc",0.0,0.0,0.0,70000000.0,0.0,0.0,0.0,217,0.85621,0.87418,023800100100,Ministry of Budget and Economic Planning,23050101,RESEARCH AND DEVELOPMENT,70132,OVERALL PLANNING AND STATISTICAL SERVICES,33342400,State Wide,13100122001400,Reform of Government and Governance - General
Management of Support for Food and Nutrition activities across the State,0.0,50000000.0,2280000.0,250000000.0,50000000.0,50000000.0,0.0,217,0.86438,0.88235,023800100100,Ministry of Budget and Economic Planning,23050101,RESEARCH AND DEVELOPMENT,70132,OVERALL PLANNING AND STATISTICAL SERVICES,33342400,State Wide,13100122001500,Reform of Government and Governance - General
Procurement 14no of Dell Laptop Core i7 (SSD 1Tera Byte) to ICT Office,0.0,10000000.0,0.0,10000000.0,10000000.0,10000000.0,0.0,217,0.87255,0.89052,023800100100,Ministry of Budget and Economic Planning,23010113,PURCHASE OF COMPUTERS,70132,OVERALL PLANNING AND STATISTICAL SERVICES,33342400,State Wide,13100122001600,Reform of Government and Governance - General
"Projects and Programmes under UN Delivery as One (on Result Area 1-3)ie. Governnace, Human Right Peace and Security, Equitable Quality and Basic services, Sustainable and inclusive Growth and Development under UN Delivery as One",0.0,100000000.0,0.0,0.0,100000000.0,100000000.0,0.0,217,0.88154,0.89951,023800100100,Ministry of Budget and Economic Planning,23050103,MONITORING AND EVALUATION,70132,OVERALL PLANNING AND STATISTICAL SERVICES,33342400,State Wide,13100122001700,Reform of Government and Governance - General
Conduct of surveys and Researches to Support to Social Protection Policy development (SPP),0.0,100000000.0,0.0,25000000.0,100000000.0,100000000.0,0.0,217,0.88971,0.90768,023800100100,Ministry of Budget and Economic Planning,23050101,RESEARCH AND DEVELOPMENT,70132,OVERALL PLANNING AND STATISTICAL SERVICES,33342400,State Wide,13100122001800,Reform of Government and Governance - General
Management of Nigeria CARES Programme across the State,0.0,300000000.0,0.0,284000000.0,284000000.0,284000000.0,0.0,217,0.89788,0.91585,023800100100,Ministry of Budget and Economic Planning,23050101,RESEARCH AND DEVELOPMENT,70132,OVERALL PLANNING AND STATISTICAL SERVICES,33342400,State Wide,13100122001900,Reform of Government and Governance - General
Procurement of Computer accessories software for tracking of Budget Performance and Reporting,0.0,15000000.0,0.0,5000000.0,15000000.0,15000000.0,0.0,218,0.09069,0.10866,023800100100,Ministry of Budget and Economic Planning,23050102,COMPUTER SOFTWARE ACQUISITION,70132,OVERALL PLANNING AND STATISTICAL SERVICES,33342400,State Wide,13100124005300,Reform of Government and Governance - General
North East Youth Initiative for Development (NEYIF),0.0,30000000.0,0.0,50000000.0,30000000.0,30000000.0,0.0,218,0.09886,0.11683,023800100100,Ministry of Budget and Economic Planning,23050103,MONITORING AND EVALUATION,70132,OVERALL PLANNING AND STATISTICAL SERVICES,33342400,State Wide,13100122000800,Reform of Government and Governance - General
Purchase of vehicles 1 no of Toyota Hilux 2019 model,0.0,0.0,0.0,0.0,250000000.0,250000000.0,0.0,218,0.13971,0.15768,023800300400,Social Investment Programme,23010105,PURCHASE OF MOTOR VEHICLES,70133,OTHER GENERAL SERVICES,33342400,State Wide,13100126009700,Reform of Government and Governance - General
Purchase of 100 no Samsung Galaxy Tab-A,0.0,0.0,0.0,20000000.0,0.0,0.0,0.0,218,0.14788,0.16585,023800300400,Social Investment Programme,23010105,PURCHASE OF MOTOR VEHICLES,70133,OTHER GENERAL SERVICES,33342400,State Wide,13100126009800,Reform of Government and Governance - General
Purchase of 25 no Hp Laptop Corei5,0.0,0.0,0.0,20500000.0,0.0,0.0,0.0,218,0.15605,0.17402,023800300400,Social Investment Programme,23010105,PURCHASE OF MOTOR VEHICLES,70133,OTHER GENERAL SERVICES,33342400,State Wide,13100126009900,Reform of Government and Governance - General
Purchase of 25 no Kasea Motorcycle,0.0,0.0,0.0,37500000.0,0.0,0.0,0.0,218,0.16422,0.18219,023800300400,Social Investment Programme,23010104,PURCHASE MOTOR CYCLES,70133,OTHER GENERAL SERVICES,33342400,State Wide,13100126010000,Reform of Government and Governance - General
Establishment of Planning and Statistical offices in 23 LGA in the state,0.0,50000000.0,0.0,0.0,0.0,0.0,0.0,218,0.20588,0.22386,023800400100,State Bureau of Statistics,23020101,CONSTRUCTION / PROVISION OF OFFICE BUILDINGS,70132,OVERALL PLANNING AND STATISTICAL SERVICES,33342400,State Wide,13100126010100,Reform of Government and Governance - General
Establishment of Database in the State Bureau of Statistics,0.0,50000000.0,0.0,50000000.0,50000000.0,50000000.0,0.0,218,0.21405,0.23203,023800400100,State Bureau of Statistics,23050101,RESEARCH AND DEVELOPMENT,70132,OVERALL PLANNING AND STATISTICAL SERVICES,33342400,State Wide,13100126010200,Reform of Government and Governance - General
Construction of ICT Center at Bureau of Statistics,0.0,50000000.0,0.0,150000000.0,350000000.0,350000000.0,0.0,218,0.22222,0.2402,023800400100,State Bureau of Statistics,23020127,CONSTRUCTION OF ICT INFRASTRUCTURES,70132,OVERALL PLANNING AND STATISTICAL SERVICES,33342400,State Wide,13100126010300,Reform of Government and Governance - General
Procurement of Office Accomodation/complex for State Bureau of Statistics in Sokoto Metropolis,0.0,0.0,0.0,200000000.0,500000000.0,500000000.0,0.0,218,0.23039,0.24837,023800400100,State Bureau of Statistics,23010102,PURCHASE OF OFFICE BUILDINGS,70132,OVERALL PLANNING AND STATISTICAL SERVICES,33342400,State Wide,13100126010400,Reform of Government and Governance - General
Purchase of 20 no. executive tables and 20 no executive chairs,0.0,0.0,0.0,20000000.0,250000000.0,250000000.0,0.0,218,0.23856,0.25654,023800400100,State Bureau of Statistics,23010112,PURCHASE OF OFFICE FURNITURE AND FITTINGS,70132,OVERALL PLANNING AND STATISTICAL SERVICES,33342400,State Wide,13100126010500,Reform of Government and Governance - General
"Purchase of 10 No Dell Computer Laptops and Apple desktop computers, Scanning machines and Samsung Tab-A7 Galaxy for State Bureau of Statistics",0.0,0.0,0.0,60000000.0,150000000.0,150000000.0,0.0,218,0.24673,0.26471,023800400100,State Bureau of Statistics,23010112,PURCHASE OF OFFICE FURNITURE AND FITTINGS,70132,OVERALL PLANNING AND STATISTICAL SERVICES,33342400,State Wide,13100126010600,Reform of Government and Governance - General
"Procurement of 10kva inverter, 10 no. panels and 2 no. 10kva lithium battery",0.0,100000000.0,0.0,20000000.0,50000000.0,50000000.0,0.0,218,0.2884,0.30637,023800700100,Office of the Special Adviser on Economic Matters,23010114,PURCHASE OF COMPUTER PRINTERS,70411,GENERAL ECONOMIC AND COMMERCIALAFFAIRS,33342400,State Wide,03100125000100,Poverty Alleviation - General
Construction and provision of office Acomodation,0.0,250000000.0,0.0,200000000.0,200000000.0,200000000.0,0.0,218,0.29657,0.31454,023800700100,Office of the Special Adviser on Economic Matters,23020101,CONSTRUCTION / PROVISION OF OFFICE BUILDINGS,70411,GENERAL ECONOMIC AND COMMERCIALAFFAIRS,33342400,State Wide,03100125000200,Poverty Alleviation - General
Provision of Fifty (50)mining Blocks and License for the State Government.,0.0,15000000.0,0.0,155100000.0,155100000.0,155100000.0,0.0,218,0.33742,0.35539,023300100100,Ministry of Solid Minerals and Natural Resources,23050101,RESEARCH AND DEVELOPMENT,70441,MINING OF MINERAL RESOURCES OTHER THAN MINERAL FUELS,33342400,State Wide,21100124000100,Oil and Gas Infrastructure - General
"Purchase of Geological Equipments. Such as Gold detector, Hands Lens, Transmitted light Microscope,",0.0,40000000.0,0.0,40000000.0,40000000.0,40000000.0,0.0,218,0.34559,0.36356,023300100100,Ministry of Solid Minerals and Natural Resources,23010129,PURCHASE OF INDUSTRIAL EQUIPMENT 70133 - OTHER GENERAL SERVICES,,etc.,33342400,State Wide,21100124000200,Oil and Gas Infrastructure - General
"Purchase of Mining equipments, such as Crusher, Washer, Granulators, Saperator Machines etc",0.0,40000000.0,20000000.0,40000000.0,40000000.0,40000000.0,0.0,218,0.35376,0.37173,023300100100,Ministry of Solid Minerals and Natural Resources,23010129,PURCHASE OF INDUSTRIAL EQUIPMENT,70133,OTHER GENERAL SERVICES,33342400,State Wide,21100124000300,Oil and Gas Infrastructure - General
Construction of Sokoto State Mining and Processing Company,0.0,40000000.0,0.0,40000000.0,40000000.0,40000000.0,0.0,218,0.36193,0.3799,023300100100,Ministry of Solid Minerals and Natural Resources,23020118,CONSTRUCTION / PROVISION OF INFRASTRUCTURE,70133,OTHER GENERAL SERVICES,33342400,State Wide,21100124000500,Oil and Gas Infrastructure - General
"Purchase of Geophysics equipment 2no. Seismogram, Weight drop/hammer, Induced polarization receiver, Electromagnetic profiler, Proton magneto meter, 4 sets of geophones, 4 GIS remote sensing computers and drones",0.0,40000000.0,0.0,20000000.0,20000000.0,20000000.0,0.0,218,0.3701,0.38807,023300100100,Ministry of Solid Minerals and Natural Resources,23020113,CONSTRUCTION / PROVISION OF AGRICULTURAL FACILITIES,70133,OTHER GENERAL SERVICES,33342400,State Wide,21100126000100,Oil and Gas Infrastructure - General
"Exploration of Copper at Kebbe Local Government (2 Sites at the cost of N50,000,000 each)",0.0,38500000.0,0.0,0.0,0.0,0.0,0.0,218,0.37908,0.39706,023300100100,Ministry of Solid Minerals and Natural Resources,23050101,RESEARCH AND DEVELOPMENT,70133,OTHER GENERAL SERVICES,33342400,State Wide,21100126000200,Oil and Gas Infrastructure - General
Conduction of Geo-physical Survey & Geo-hazard experiment in the State.,0.0,40000000.0,0.0,15000000.0,15000000.0,15000000.0,0.0,218,0.38725,0.40523,023300100100,Ministry of Solid Minerals and Natural Resources,23050101,RESEARCH AND DEVELOPMENT,70133,OTHER GENERAL SERVICES,33342400,State Wide,21100126000300,Oil and Gas Infrastructure - General
Provision of mineral resource market environment in East and Central Senatorial Zone.,0.0,30000000.0,0.0,300000000.0,500000000.0,500000000.0,0.0,218,0.39542,0.4134,023300100100,Ministry of Solid Minerals and Natural Resources,23020124,CONSTRUCTION OF MARKETS/PARKS,70133,OTHER GENERAL SERVICES,33342400,State Wide,21100126000400,Oil and Gas Infrastructure - General
"Conversion of Motorized boreholes to solar powered at Tudun Rudu, Wauru 1&2, Lungun Shagari, Marnona, Zamau & Hamma'ali, Salah, Kamarawa & Sarwa, Unguwar Lalle, Makuwana and Gatawa 1&2,Toranka,Wababe,Bodinga(1) and Kiri Town",0.0,224830500.0,0.0,181470469.12,181470469.12,181470469.12,0.0,218,0.43627,0.45425,025200100100,Ministry of Water Resources,23020105,CONSTRUCTION / PROVISION OF WATER FACILITIES,70631,WATER SUPPLY,33342400,State Wide,10100125000100,Water Resources and Rural Deve - General
"Construction of new Solar Powered water Supply scheme at (Bodinga LGA (Kaura Dole) provide 0ne 10,000 gallons overhead tank, 20KVA Generator Fence and generator House.",0.0,34805500.0,0.0,0.0,0.0,0.0,0.0,218,0.44444,0.46242,025200100100,Ministry of Water Resources,23020105,CONSTRUCTION / PROVISION OF WATER FACILITIES,70631,WATER SUPPLY,33342400,State Wide,10100125000700,Water Resources and Rural Deve - General
"Completion of 40 million Gallon Reservoir in Tamaje,Old Airport,Ruggar Liman and Mana",10069144533.69,0.0,0.0,0.0,0.0,0.0,0.0,218,0.45261,0.47059,025200100100,Ministry of Water Resources,23020105,CONSTRUCTION / PROVISION OF WATER FACILITIES,70631,WATER SUPPLY,33342400,State Wide,10100125001100,Water Resources and Rural Deve - General
"Renovation of village water schemes at Alkammu, Gangara, Sahiyal Magori, Gorau, Zabarma, Dandin Mahe, Gande 1, Rabah, Mai Kulki, Duka Maje, Chimola and Salame and Kaffe",0.0,203405790.0,0.0,320137851.0,320137851.0,320137851.0,0.0,218,0.46078,0.47876,025200100100,Ministry of Water Resources,23030104,REHABILITATION / REPAIRS - WATER FACILITIES,70631,WATER SUPPLY,33342400,State Wide,10100125001200,Water Resources and Rural Deve - General
Purchase of various sizes of pipe and fitting for the routine maintenance of distribution pipe network in the existing 142 N0s of Semi Urban Water Supply Schemes in the State,13609372.61,105000000.0,0.0,125357261.25,125357261.25,125357261.25,0.0,218,0.46895,0.48693,025200100100,Ministry of Water Resources,23020105,CONSTRUCTION / PROVISION OF WATER FACILITIES,70631,WATER SUPPLY,33342400,State Wide,10100125001800,Water Resources and Rural Deve - General
"Purchase of 35 sets of various sizes of grunfos submersible pumps smaller capacity of 3Hp, 5.5Hp for routine maintenance of borehole in 142Nos Semi-Urban Water Schemes in the State",14933565.0,100500000.0,14430000.0,150732152.75,150732152.75,150732152.75,0.0,218,0.47712,0.4951,025200100100,Ministry of Water Resources,23010142,PURCHASE OF WATER EQUIPMENT,70631,WATER SUPPLY,33342400,State Wide,10100125001900,Water Resources and Rural Deve - General
Purchase of 50 sets of various sizes spare parts generators in 142 N0s semi urban-water schemes,0.0,110300000.0,0.0,220421219.32,220421219.32,220421219.32,0.0,218,0.48611,0.50408,025200100100,Ministry of Water Resources,23010142,PURCHASE OF WATER EQUIPMENT,70631,WATER SUPPLY,33342400,State Wide,10100125002000,Water Resources and Rural Deve - General
Purchase of drilling Rig and accessories for drilling of new boreholes and maintenance of existing semi-urban water schemes. Purchase of Heavy duty machines,57000000.0,300300000.0,0.0,500400000.0,500400000.0,500400000.0,0.0,218,0.49428,0.51225,025200100100,Ministry of Water Resources,23010142,PURCHASE OF WATER EQUIPMENT,70631,WATER SUPPLY,33342400,State Wide,10100125002100,Water Resources and Rural Deve - General
Purchase of 15no. 0f 20KVA generators for replacement to boreholes with worn-out generators un-eco,73343746.5,217000000.0,0.0,190500000.0,190500000.0,190500000.0,0.0,218,0.50245,0.52042,025200100100,Ministry of Water Resources,23010119,PURCHASE OF POWER GENERATING SET70631 - WATER SUPPLY,,nomical to the overhaul to Complete SUWS.,33342400,State Wide,10100125002200,Water Resources and Rural Deve - General
"Renovetion of minor semi-urban water schemes with large population at Shagari LGA (Dandin Mahe), (drilling of boreholes,10,000 gallon Tank, 20KVA Generator fence and generator house and Shehu Shagari College of Education.",0.0,0.0,0.0,206498650.0,406498650.0,406498650.0,0.0,218,0.51062,0.52859,025200100100,Ministry of Water Resources,23020105,CONSTRUCTION / PROVISION OF WATER FACILITIES,70631,WATER SUPPLY,33342400,State Wide,10100125002300,Water Resources and Rural Deve - General
"Renovetion of minor semi-urban water schemes at Silame LGA (Gande), (drilling of boreholes,10,000 gallon Tank, 20KVA Generator fence and generator house,Milgoma, Lungun Shagari 2 and Bulan Yaki(1)",0.0,205398780.0,0.0,200000000.0,0.0,0.0,0.0,218,0.51879,0.53676,025200100100,Ministry of Water Resources,23020105,CONSTRUCTION / PROVISION OF WATER FACILITIES,70631,WATER SUPPLY,33342400,State Wide,10100125002400,Water Resources and Rural Deve - General
"Completion of Solar powered water supply Scheme at Isa LG (Kagara, Manawa, Dan Gwandi,),",0.0,0.0,0.0,67827407.5,67827407.5,67827407.5,0.0,218,0.52696,0.54493,025200100100,Ministry of Water Resources,23020105,CONSTRUCTION / PROVISION OF WATER FACILITIES,70631,WATER SUPPLY,33342400,State Wide,10100125002900,Water Resources and Rural Deve - General
"Provision of dual Solar Powered System at Isa, Sabon Birni and Tangaza LGA",0.0,0.0,0.0,30735500.0,30735500.0,30735500.0,0.0,218,0.53513,0.5531,025200100100,Ministry of Water Resources,23020105,CONSTRUCTION / PROVISION OF WATER FACILITIES,70631,WATER SUPPLY,33342400,State Wide,10100125003100,Water Resources and Rural Deve - General
Construction of new semi-urban water supply schemes in large villages at Bodinga LG (Kauranmiyo) Rabah LG (Chacho) D/Shuni LG (Wababe and Tukanawa) Kebbe LG (Ungushi) Tangaza LG (Magonho) S/Birni LG (Mansalawa) Shagari LG (Ginga),0.0,0.0,0.0,272614801.37,272614801.37,272614801.37,0.0,218,0.5433,0.56127,025200100100,Ministry of Water Resources,23020105,CONSTRUCTION / PROVISION OF WATER FACILITIES,70631,WATER SUPPLY,33342400,State Wide,10100125003300,Water Resources and Rural Deve - General
"Construction of new Solar Powered Water Supply Schemes at Malleri Area, Bimasa, Bodai, Illela Gajara, Runji Babba, Kaurare, Kalgo, Ayama, Bakale, Tara, Tsadar Laka and Wangarawa area in S/South LGA.",0.0,0.0,0.0,191790950.76,291790950.76,291790950.76,0.0,218,0.55147,0.56944,025200100100,Ministry of Water Resources,23020105,CONSTRUCTION / PROVISION OF WATER FACILITIES,70631,WATER SUPPLY,33342400,State Wide,10100125003400,Water Resources and Rural Deve - General
"Construction of new semi-urban water supply schemes in large villages at Dange Shuni LGA (Bodoi) to provide one boreholes 10,000 gallons overhead tank, Generator house and 2KM of distribution pipe network",0.0,270103600.0,0.0,100000000.0,0.0,0.0,0.0,218,0.55964,0.57761,025200100100,Ministry of Water Resources,23020105,CONSTRUCTION / PROVISION OF WATER FACILITIES,70631,WATER SUPPLY,33342400,State Wide,10100125003500,Water Resources and Rural Deve - General
Purchase of 3N0 brand new WD vehicle Toyota Hilux for the routine maintainance of semi -urban water heaquarters.,0.0,138444000.0,0.0,15000000.0,15000000.0,15000000.0,0.0,218,0.56781,0.58578,025200100100,Ministry of Water Resources,23010105,PURCHASE OF MOTOR VEHICLES,70631,WATER SUPPLY,33342400,State Wide,10100125004300,Water Resources and Rural Deve - General
Purchase and Installation of Solar Powered Energy to State Water Board for water pumping Stations.,0.0,7000000000.0,5215283052.71,5000000000.0,5500000000.0,5500000000.0,0.0,218,0.5768,0.59477,025200100100,Ministry of Water Resources,23020103,CONSTRUCTION / PROVISION OF ELECTRICITY,70631,WATER SUPPLY,33342400,State Wide,10100125004500,Water Resources and Rural Deve - General
Construction of Hydrometer station at Silame,0.0,0.0,0.0,54765342.87,54765342.87,54765342.87,0.0,218,0.58497,0.60294,025200100100,Ministry of Water Resources,23020105,CONSTRUCTION / PROVISION OF WATER FACILITIES,70631,WATER SUPPLY,33342400,State Wide,10100125004600,Water Resources and Rural Deve - General
Construction of Hydrometer station at Gwadabawa,0.0,155000000.0,0.0,0.0,0.0,0.0,0.0,218,0.59314,0.61111,025200100100,Ministry of Water Resources,23020105,CONSTRUCTION / PROVISION OF WATER FACILITIES,70631,WATER SUPPLY,33342400,State Wide,10100125004700,Water Resources and Rural Deve - General
Rehabilitation of small earth dams and expansion of the existing ones at Dinawa,0.0,52900000.0,0.0,0.0,0.0,0.0,0.0,218,0.60131,0.61928,025200100100,Ministry of Water Resources,23030104,REHABILITATION / REPAIRS - WATER FACILITIES,70631,WATER SUPPLY,33342400,State Wide,10100125004800,Water Resources and Rural Deve - General
Rehabilitation of small earth dams and expansion of the existing ones at Ruggar Liman,0.0,13200000.0,0.0,411568000.0,411568000.0,411568000.0,0.0,218,0.60948,0.62745,025200100100,Ministry of Water Resources,23030104,REHABILITATION / REPAIRS - WATER FACILITIES,70631,WATER SUPPLY,33342400,State Wide,10100125004900,Water Resources and Rural Deve - General
Rehabilitation of small earth dams and expansion of the existing ones at Danchadi,0.0,30000000.0,0.0,0.0,0.0,0.0,0.0,218,0.61765,0.63562,025200100100,Ministry of Water Resources,23030104,REHABILITATION / REPAIRS - WATER FACILITIES,70631,WATER SUPPLY,33342400,State Wide,10100125005000,Water Resources and Rural Deve - General
"Rehabiltation of broken down Water Supply Schemes to provide new boreholes, distribution pipes network across the State",0.0,0.0,0.0,226005752.92,226005752.92,226005752.92,0.0,218,0.62582,0.64379,025200100100,Ministry of Water Resources,23030104,REHABILITATION / REPAIRS - WATER FACILITIES,70631,WATER SUPPLY,33342400,State Wide,10100125005400,Water Resources and Rural Deve - General
"Rehabilitation of broken down Water Supply Schemes to provide new boreholes, distribution pipes network. The schemes are located at Tangaza LGA (Sakkwai)",0.0,211502940.0,0.0,0.0,0.0,0.0,0.0,218,0.63399,0.65196,025200100100,Ministry of Water Resources,23030104,REHABILITATION / REPAIRS - WATER FACILITIES,70631,WATER SUPPLY,33342400,State Wide,10100125005500,Water Resources and Rural Deve - General
Rehabilitation of Deport Workshop located at Runjin Sambo Area,0.0,0.0,0.0,7104364.64,7104364.64,7104364.64,0.0,218,0.64216,0.66013,025200100100,Ministry of Water Resources,23030104,REHABILITATION / REPAIRS - WATER FACILITIES,70631,WATER SUPPLY,33342400,State Wide,10100125005600,Water Resources and Rural Deve - General
"Feasibility studies and development of spring water at Karambi,",0.0,171679500.0,0.0,0.0,0.0,0.0,0.0,218,0.65033,0.6683,025200100100,Ministry of Water Resources,23050101,RESEARCH AND DEVELOPMENT,70631,WATER SUPPLY,33342400,State Wide,10100125005900,Water Resources and Rural Deve - General
Rehabilitation and expansion of earth dams at Rafin Duma,0.0,0.0,0.0,54564000.0,54564000.0,54564000.0,0.0,218,0.6585,0.67647,025200100100,Ministry of Water Resources,23030104,REHABILITATION / REPAIRS - WATER FACILITIES,70631,WATER SUPPLY,33342400,State Wide,10100125006200,Water Resources and Rural Deve - General
Construction of Small earth Dams At Lungu huru,0.0,49999997.0,0.0,0.0,0.0,0.0,0.0,218,0.66667,0.68464,025200100100,Ministry of Water Resources,23020105,CONSTRUCTION / PROVISION OF WATER FACILITIES,70631,WATER SUPPLY,33342400,State Wide,10100125006300,Water Resources and Rural Deve - General
Construction of water scheme at Shagari LGA (Ginga) town,0.0,48531000.0,0.0,0.0,0.0,0.0,0.0,218,0.67484,0.69281,025200100100,Ministry of Water Resources,23020105,CONSTRUCTION / PROVISION OF WATER FACILITIES,70631,WATER SUPPLY,33342400,State Wide,10100125006800,Water Resources and Rural Deve - General
Construction of Small earth Dams At Sakkwai,0.0,50000000.0,0.0,0.0,0.0,0.0,0.0,218,0.68382,0.7018,025200100100,Ministry of Water Resources,23020105,CONSTRUCTION / PROVISION OF WATER FACILITIES,70631,WATER SUPPLY,33342400,State Wide,10100125007100,Water Resources and Rural Deve - General
Rehabilitation of small earth dams and expansion of the existing ones at Dingyadi,0.0,130000000.0,38508741.17,0.0,0.0,0.0,0.0,218,0.69199,0.70997,025200100100,Ministry of Water Resources,23030104,REHABILITATION / REPAIRS - WATER FACILITIES,70631,WATER SUPPLY,33342400,State Wide,10100125007400,Water Resources and Rural Deve - General
Construction of Small Earth Dams at Kagara Isa LGA,0.0,0.0,0.0,35844985.0,35844985.0,35844985.0,0.0,218,0.70016,0.71814,025200100100,Ministry of Water Resources,23020105,CONSTRUCTION / PROVISION OF WATER FACILITIES,70631,WATER SUPPLY,33342400,State Wide,10100125007600,Water Resources and Rural Deve - General
Construction of Small Earth Dams at Kamarawa Isa LGA,0.0,5751470.0,0.0,35844985.0,35844985.0,35844985.0,0.0,218,0.70833,0.72631,025200100100,Ministry of Water Resources,23020105,CONSTRUCTION / PROVISION OF WATER FACILITIES,70631,WATER SUPPLY,33342400,State Wide,10100125007700,Water Resources and Rural Deve - General
Construction of Small Earth Dam at Chakai TBW LGA,0.0,0.0,0.0,8099950.0,8099950.0,8099950.0,0.0,218,0.7165,0.73448,025200100100,Ministry of Water Resources,23020105,CONSTRUCTION / PROVISION OF WATER FACILITIES,70631,WATER SUPPLY,33342400,State Wide,10100126000300,Water Resources and Rural Deve - General
"Rehabilitation/Activation of 2 Major Water Scheme at Giginya Cantonement, Sokoto Giginya Barracks",0.0,47750671.0,0.0,0.0,0.0,0.0,0.0,218,0.72467,0.74265,025200100100,Ministry of Water Resources,23030104,REHABILITATION / REPAIRS - WATER FACILITIES,70631,WATER SUPPLY,33342400,State Wide,10100125007800,Water Resources and Rural Deve - General
Purchase of Pipes for Extension of Water to Old Airport,0.0,30000000.0,0.0,0.0,0.0,0.0,0.0,218,0.76552,0.7835,025210200100,Water Board,23010142,PURCHASE OF WATER EQUIPMENT,70631,WATER SUPPLY,33342400,State Wide,10100125000100,Water Resources and Rural Deve - General
Purchase of Pipes for Extension for Extension of Water to More,0.0,17000000.0,0.0,0.0,0.0,0.0,0.0,218,0.77369,0.79167,025210200100,Water Board,23010142,PURCHASE OF WATER EQUIPMENT,70631,WATER SUPPLY,33342400,State Wide,10100125000200,Water Resources and Rural Deve - General
Purchase of Pipes for Extension of Water to Sabuwar Minanata,0.0,10000000.0,0.0,0.0,0.0,0.0,0.0,218,0.78268,0.80065,025210200100,Water Board,23010142,PURCHASE OF WATER EQUIPMENT,70631,WATER SUPPLY,33342400,State Wide,10100125000300,Water Resources and Rural Deve - General
Purchase of Pipes for Extension for Extension of Water to Mabera,0.0,10000000.0,0.0,0.0,0.0,0.0,0.0,218,0.79085,0.80882,025210200100,Water Board,23010142,PURCHASE OF WATER EQUIPMENT,70631,WATER SUPPLY,33342400,State Wide,10100125000400,Water Resources and Rural Deve - General
Purchase of Pipes for Extension for Extension of Water to Rungar Wauru,0.0,25000000.0,0.0,0.0,0.0,0.0,0.0,218,0.79902,0.81699,025210200100,Water Board,23010142,PURCHASE OF WATER EQUIPMENT,70631,WATER SUPPLY,33342400,State Wide,10100125000500,Water Resources and Rural Deve - General
Purchase of Filter Media for Water Supply Extension,0.0,25000000.0,0.0,0.0,0.0,0.0,0.0,218,0.80719,0.82516,025210200100,Water Board,23010142,PURCHASE OF WATER EQUIPMENT,70631,WATER SUPPLY,33342400,State Wide,10100125000800,Water Resources and Rural Deve - General
Purchase of Filter Media for Extension Treatment Plant (700 cubic meter),0.0,30000000.0,13670000.0,35000000.0,35000000.0,35000000.0,0.0,218,0.81536,0.83333,025210200100,Water Board,23010142,PURCHASE OF WATER EQUIPMENT,70631,WATER SUPPLY,33342400,State Wide,10100125000900,Water Resources and Rural Deve - General
Purchase of Filter Media for Old Water Works and Bi-water Package Plant (300 cubic meter),0.0,25000000.0,20000000.0,30000000.0,30000000.0,30000000.0,0.0,218,0.82353,0.8415,025210200100,Water Board,23010142,PURCHASE OF WATER EQUIPMENT,70631,WATER SUPPLY,33342400,State Wide,10100125001000,Water Resources and Rural Deve - General
Purchase of Filter for Extension Runjin Sambo Water Supply Scheme (100 cubic meter),0.0,15000000.0,0.0,0.0,0.0,0.0,0.0,218,0.8317,0.84967,025210200100,Water Board,23010142,PURCHASE OF WATER EQUIPMENT,70631,WATER SUPPLY,33342400,State Wide,10100125001100,Water Resources and Rural Deve - General
Rehabilitation of Filteration Unit at New Extension Water Treatment Plant,0.0,30000000.0,0.0,40000000.0,40000000.0,40000000.0,0.0,218,0.83987,0.85784,025210200100,Water Board,23030104,REHABILITATION / REPAIRS - WATER FACILITIES,70631,WATER SUPPLY,33342400,State Wide,10100125001200,Water Resources and Rural Deve - General
Rehabilitation of Filteration Unit at Old Water Works,0.0,25000000.0,0.0,0.0,0.0,0.0,0.0,218,0.84804,0.86601,025210200100,Water Board,23030104,REHABILITATION / REPAIRS - WATER FACILITIES,70631,WATER SUPPLY,33342400,State Wide,10100125001300,Water Resources and Rural Deve - General
Rehabilitation of Sokoto Township Water Works,0.0,1700000000.0,0.0,25000000000.0,1000000000.0,1000000000.0,0.0,218,0.85621,0.87418,025210200100,Water Board,23030104,REHABILITATION / REPAIRS - WATER FACILITIES,70631,WATER SUPPLY,33342400,State Wide,10100125001400,Water Resources and Rural Deve - General
Geo-physical Survey for drilling of wells at Old Airport,0.0,1482769557.3,1146559607.69,0.0,0.0,0.0,0.0,218,0.86438,0.88235,025210200100,Water Board,23050101,RESEARCH AND DEVELOPMENT,70631,WATER SUPPLY,33342400,State Wide,10100125001600,Water Resources and Rural Deve - General
Construction of Water Supply at Mana,0.0,1387277602.3,1306416170.37,0.0,0.0,0.0,0.0,218,0.87255,0.89052,025210200100,Water Board,23020105,CONSTRUCTION / PROVISION OF WATER FACILITIES,70631,WATER SUPPLY,33342400,State Wide,10100125001700,Water Resources and Rural Deve - General
Construction of Water Supply Tamaje,0.0,1287778697.3,1128589473.36,0.0,0.0,0.0,0.0,218,0.88154,0.89951,025210200100,Water Board,23020105,CONSTRUCTION / PROVISION OF WATER FACILITIES,70631,WATER SUPPLY,33342400,State Wide,10100125001800,Water Resources and Rural Deve - General
Construction of Water Supply at Old Airport,0.0,1863774136.99,1144920786.13,0.0,0.0,0.0,0.0,218,0.88971,0.90768,025210200100,Water Board,23020105,CONSTRUCTION / PROVISION OF WATER FACILITIES,70631,WATER SUPPLY,33342400,State Wide,10100125001900,Water Resources and Rural Deve - General
Construction of Water Supply at Rugar Liman,0.0,500000000.0,0.0,0.0,0.0,0.0,0.0,218,0.89788,0.91585,025210200100,Water Board,23020105,CONSTRUCTION / PROVISION OF WATER FACILITIES,70631,WATER SUPPLY,33342400,State Wide,10100125002000,Water Resources and Rural Deve - General
Construction of Iron Removal Plant at Asari,0.0,500000000.0,0.0,0.0,0.0,0.0,0.0,219,0.09069,0.10866,025210200100,Water Board,23020105,CONSTRUCTION / PROVISION OF WATER FACILITIES,70631,WATER SUPPLY,33342400,State Wide,10100125002100,Water Resources and Rural Deve - General
Construction of Iron Removal Plant at Rugar Liman,0.0,15000000.0,0.0,200000000.0,200000000.0,200000000.0,0.0,219,0.09886,0.11683,025210200100,Water Board,23020105,CONSTRUCTION / PROVISION OF WATER FACILITIES,70631,WATER SUPPLY,33342400,State Wide,10100125002200,Water Resources and Rural Deve - General
Purchase of Packing Gland for Pumping Stations,0.0,15000000.0,0.0,0.0,0.0,0.0,0.0,219,0.10703,0.125,025210200100,Water Board,23010142,PURCHASE OF WATER EQUIPMENT,70631,WATER SUPPLY,33342400,State Wide,10100125002300,Water Resources and Rural Deve - General
Purchase of various sizes of Oil Seals,0.0,10000000.0,0.0,0.0,0.0,0.0,0.0,219,0.1152,0.13317,025210200100,Water Board,23010142,PURCHASE OF WATER EQUIPMENT,70631,WATER SUPPLY,33342400,State Wide,10100125002400,Water Resources and Rural Deve - General
Purchase of variuos sizes of Contactors,0.0,30000000.0,0.0,0.0,0.0,0.0,0.0,219,0.12337,0.14134,025210200100,Water Board,23010142,PURCHASE OF WATER EQUIPMENT,70631,WATER SUPPLY,33342400,State Wide,10100125002600,Water Resources and Rural Deve - General
Purchase of various sizes of Soft Starter,0.0,98567432.5,0.0,30000000.0,30000000.0,30000000.0,0.0,219,0.13154,0.14951,025210200100,Water Board,23010142,PURCHASE OF WATER EQUIPMENT,70631,WATER SUPPLY,33342400,State Wide,10100125002700,Water Resources and Rural Deve - General
Procurement of 2No. 285KW Submersible Pump for Biwater Intake,0.0,54500000.0,0.0,0.0,100000000.0,100000000.0,0.0,219,0.13971,0.15768,025210200100,Water Board,23010142,PURCHASE OF WATER EQUIPMENT,70631,WATER SUPPLY,33342400,State Wide,10100125002800,Water Resources and Rural Deve - General
Procurement of 2No. 110KW Submersible Pump for Biwater Intake,0.0,60000000.0,0.0,0.0,70000000.0,70000000.0,0.0,219,0.14788,0.16585,025210200100,Water Board,23010142,PURCHASE OF WATER EQUIPMENT,70631,WATER SUPPLY,33342400,State Wide,10100125002900,Water Resources and Rural Deve - General
Purchase of 50 no Electric Motors,0.0,10500000.0,0.0,60000000.0,60000000.0,60000000.0,0.0,219,0.15605,0.17402,025210200100,Water Board,23010142,PURCHASE OF WATER EQUIPMENT,70631,WATER SUPPLY,33342400,State Wide,10100125003000,Water Resources and Rural Deve - General
Procurement of 4 no Auto Transformer,0.0,200000000.0,0.0,15000000.0,15000000.0,15000000.0,0.0,219,0.16422,0.18219,025210200100,Water Board,23010119,PURCHASE OF POWER GENERATING SET,70631,WATER SUPPLY,33342400,State Wide,10100125003100,Water Resources and Rural Deve - General
Rehabilitation of Area Offices across the State,0.0,185000000.0,174600000.0,400000000.0,300000000.0,300000000.0,0.0,219,0.17239,0.19036,025210200100,Water Board,23030121,REHABILITATION / REPAIRS OF OFFICE BUILDINGS,70631,WATER SUPPLY,33342400,State Wide,10100125003200,Water Resources and Rural Deve - General
Purchase of 3Nos of Transformers,0.0,0.0,0.0,140000000.0,140000000.0,140000000.0,0.0,219,0.18137,0.19935,025210200100,Water Board,23010119,PURCHASE OF POWER GENERATING SET,70631,WATER SUPPLY,33342400,State Wide,10100125003300,Water Resources and Rural Deve - General
Procurement of Pipes and fittings of variuos sizes for the maintainance of distribution network in the St,0.0,0.0,0.0,120000000.0,0.0,0.0,0.0,219,0.18954,0.20752,025210200100,Water Board,23010129,PURCHASE OF INDUSTRIAL EQUIPMENT 70631 - WATER SUPPLY,,ate,33311100,KWARE,10100123016500,Water Resources and Rural Deve - General
Procurement of 2Nos. 315Kw Clear Water Pumps for Pumping Station 3,0.0,0.0,23040000.0,0.0,0.0,0.0,0.0,219,0.19771,0.21569,025210200100,Water Board,23010129,PURCHASE OF INDUSTRIAL EQUIPMENT,70631,WATER SUPPLY,33311600,SOKOTO NORTH,10100123016700,Water Resources and Rural Deve - General
Procurement of 1Nos Double Carbin Pick-up (Hilux),0.0,60000000.0,0.0,0.0,0.0,0.0,0.0,219,0.20588,0.22386,025210200100,Water Board,23010105,PURCHASE OF MOTOR VEHICLES,70631,WATER SUPPLY,33342400,State Wide,10100125003700,Water Resources and Rural Deve - General
Procurement of 2Nos. Canter Vehicle,0.0,50000000.0,0.0,0.0,0.0,0.0,0.0,219,0.21405,0.23203,025210200100,Water Board,23010105,PURCHASE OF MOTOR VEHICLES,70631,WATER SUPPLY,33342400,State Wide,10100125003800,Water Resources and Rural Deve - General
Procurement of Laboratory Re-Agents for Central Laboratory for Water Quality Analysis,594520000.0,1200000000.0,808600000.0,50000000.0,50000000.0,50000000.0,0.0,219,0.22222,0.2402,025210200100,Water Board,23010142,PURCHASE OF WATER EQUIPMENT,70631,WATER SUPPLY,33342400,State Wide,10100125003900,Water Resources and Rural Deve - General
Procurement of Water Treatment Chemicals,0.0,10000000.0,0.0,1850000000.0,1300000000.0,1300000000.0,0.0,219,0.23039,0.24837,025210200100,Water Board,23010142,PURCHASE OF WATER EQUIPMENT,70631,WATER SUPPLY,33342400,State Wide,10100125004000,Water Resources and Rural Deve - General
"Procurement of 3 inches, 4 inches Pipes, elbows, headtap, Union and other fittings",0.0,30000000.0,0.0,0.0,0.0,0.0,0.0,219,0.23856,0.25654,025210200100,Water Board,23010142,PURCHASE OF WATER EQUIPMENT,70631,WATER SUPPLY,33342400,State Wide,10100125004100,Water Resources and Rural Deve - General
Rehabilitation of Chemical Store of Water Treatment Chemicals,0.0,60000000.0,0.0,30000000.0,30000000.0,30000000.0,0.0,219,0.24673,0.26471,025210200100,Water Board,23030104,REHABILITATION / REPAIRS - WATER FACILITIES,70631,WATER SUPPLY,33342400,State Wide,10100125004200,Water Resources and Rural Deve - General
"Procurement of 450mm Sand Create Block for Fencing of New Treatment Plant, Old Market, Water Depot and Gwiwa (25,000)",0.0,26000000.0,0.0,35000000.0,50000000.0,50000000.0,0.0,219,0.2549,0.27288,025210200100,Water Board,23010142,PURCHASE OF WATER EQUIPMENT,70631,WATER SUPPLY,33342400,State Wide,10100125004300,Water Resources and Rural Deve - General
"Procurement of 12mm High reinforcement Bars Fencing of Treatment Plant, Old Market, Water Depot and Gwiwa (50 Tons)",0.0,30000000.0,0.0,0.0,0.0,0.0,0.0,219,0.26307,0.28105,025210200100,Water Board,23010142,PURCHASE OF WATER EQUIPMENT,70631,WATER SUPPLY,33342400,State Wide,10100125004400,Water Resources and Rural Deve - General
"Procurement of ordinary Portland Cement for New Treatment Plant, Old Market, Water Depot and Gwiwa (30Tons)",0.0,25000000.0,0.0,30000000.0,30000000.0,30000000.0,0.0,219,0.27124,0.28922,025210200100,Water Board,23010142,PURCHASE OF WATER EQUIPMENT,70631,WATER SUPPLY,33342400,State Wide,10100125004500,Water Resources and Rural Deve - General
"Procurement of Sand for Fencing of New Treatment Plant, Old Market Water Depot and Gwiwa (50 Trips)",0.0,20000000.0,0.0,0.0,0.0,0.0,0.0,219,0.28023,0.2982,025210200100,Water Board,23010142,PURCHASE OF WATER EQUIPMENT,70631,WATER SUPPLY,33342400,State Wide,10100125004600,Water Resources and Rural Deve - General
"Procurement of Planks/Timber for New Treatment Plant, Old Market Water Depot and Gwiwa (600 length)",0.0,20000000.0,0.0,0.0,0.0,0.0,0.0,219,0.2884,0.30637,025210200100,Water Board,23010142,PURCHASE OF WATER EQUIPMENT,70631,WATER SUPPLY,33342400,State Wide,10100125004700,Water Resources and Rural Deve - General
"Procurement of Gravels for New Treatment Plant, Old Market Water Depot and Gwiwa (40 Trips)",0.0,25000000.0,0.0,25000000.0,25000000.0,25000000.0,0.0,219,0.29657,0.31454,025210200100,Water Board,23010142,PURCHASE OF WATER EQUIPMENT,70631,WATER SUPPLY,33342400,State Wide,10100125004800,Water Resources and Rural Deve - General
Rehabilitation of Overhead Tanks within Sokoto Metropolis,0.0,70000000.0,0.0,35000000.0,35000000.0,35000000.0,0.0,219,0.30474,0.32271,025210200100,Water Board,23030104,REHABILITATION / REPAIRS - WATER FACILITIES,70631,WATER SUPPLY,33342400,State Wide,10100125004900,Water Resources and Rural Deve - General
Procurement of Alluminium Sulphate Dosing pumps for Bi-water and Old Water Works,114000000.0,30000000.0,0.0,40000000.0,40000000.0,40000000.0,0.0,219,0.31291,0.33088,025210200100,Water Board,23010142,PURCHASE OF WATER EQUIPMENT,70631,WATER SUPPLY,33342400,State Wide,10100125005000,Water Resources and Rural Deve - General
"Rehabilitation of Alum Tanks, Chlorine, H.T.H and Lime Dosing Unit for Water Works",37791000.0,0.0,0.0,20000000.0,20000000.0,20000000.0,0.0,219,0.32108,0.33905,025210200100,Water Board,23030104,REHABILITATION / REPAIRS - WATER FACILITIES,70631,WATER SUPPLY,33342400,State Wide,10100125005100,Water Resources and Rural Deve - General
"Purchase of 1500KVA (CAT.) Generators for Station 2, 3 and 4 and Small Generator of various capacity r",0.0,35000000.0,0.0,0.0,0.0,0.0,0.0,219,0.32925,0.34722,025210200100,Water Board,23010119,PURCHASE OF POWER GENERATING SET70631 - WATER SUPPLY,,"anging from 43, 40, 20, 17 KVA",33342400,State Wide,10100125005200,Water Resources and Rural Deve - General
"Rehabilitation of Clarifier, Surface and underground Tank in the 3 Treatment and Asari Water Scheme",0.0,80000000.0,0.0,35000000.0,50000000.0,50000000.0,0.0,219,0.33742,0.35539,025210200100,Water Board,23030104,REHABILITATION / REPAIRS - WATER FACILITIES,70631,WATER SUPPLY,33342400,State Wide,10100125005300,Water Resources and Rural Deve - General
"Procurement of Submersible Pump for 30Hp, 22Hp, 15Hp, 10Hp, 7.5Hp, 5.5Hp, 3Hp capacity for Maintenance of Boreholes",59280000.0,0.0,0.0,60000000.0,80000000.0,80000000.0,0.0,219,0.34559,0.36356,025210200100,Water Board,23010142,PURCHASE OF WATER EQUIPMENT,70631,WATER SUPPLY,33342400,State Wide,10100125005400,Water Resources and Rural Deve - General
Rehabilitation of Civil Portion of Clarifier (15 Trips of sand),0.0,8000000.0,0.0,0.0,0.0,0.0,0.0,219,0.35376,0.37173,025210200100,Water Board,23030104,REHABILITATION / REPAIRS - WATER FACILITIES,70631,WATER SUPPLY,33342400,State Wide,10100125005700,Water Resources and Rural Deve - General
Procurement of High yeld re-inforcement bars for rehabilitation of Civil Portion of Clarifier (10 Tons),0.0,7000000.0,0.0,0.0,0.0,0.0,0.0,219,0.36193,0.3799,025210200100,Water Board,23010142,PURCHASE OF WATER EQUIPMENT,70631,WATER SUPPLY,33342400,State Wide,10100125005800,Water Resources and Rural Deve - General
Procurement of Gravels for rehabilitation of Civil Portion of Clarifier (10 Trips),0.0,15000000.0,0.0,0.0,0.0,0.0,0.0,219,0.3701,0.38807,025210200100,Water Board,23010142,PURCHASE OF WATER EQUIPMENT,70631,WATER SUPPLY,33342400,State Wide,10100125005900,Water Resources and Rural Deve - General
"Procurement of Healths and Safety Equipment such as Cholorine Mask, Chemical Resistants, Anti Snake, Hand Globes and Boots",0.0,10500000.0,0.0,15000000.0,15000000.0,15000000.0,0.0,219,0.37908,0.39706,025210200100,Water Board,23010142,PURCHASE OF WATER EQUIPMENT,70631,WATER SUPPLY,33342400,State Wide,10100125006000,Water Resources and Rural Deve - General
"Construction of new motorized/HB boreholes in schools, PHCs and Communities in 12 LGAs",0.0,200000000.0,0.0,620000000.0,0.0,0.0,0.0,219,0.41993,0.43791,025210300100,Rural Water and Sanitation Agency,23020105,CONSTRUCTION / PROVISION OF WATER FACILITIES,70631,WATER SUPPLY,33342400,State Wide,10100123016900,Water Resources and Rural Deve - General
"Reactivation of broken down borehole and purchase of solar/Electrical pums, pums of various Capacity in 23 LGAs.",0.0,50000000.0,20000000.0,5000000.0,0.0,0.0,0.0,219,0.4281,0.44608,025210300100,Rural Water and Sanitation Agency,23020105,CONSTRUCTION / PROVISION OF WATER FACILITIES,70631,WATER SUPPLY,33342400,State Wide,10100123017000,Water Resources and Rural Deve - General
Construction/Reactivation of dug wells as well as appron improvement.,0.0,5000000.0,0.0,0.0,0.0,0.0,0.0,219,0.43627,0.45425,025210300100,Rural Water and Sanitation Agency,23030104,REHABILITATION / REPAIRS - WATER FACILITIES,70631,WATER SUPPLY,33342400,State Wide,10100123017100,Water Resources and Rural Deve - General
Rehabilitation of the existing hand dug well across the state,0.0,10000000.0,0.0,10000000.0,0.0,0.0,0.0,219,0.44444,0.46242,025210300100,Rural Water and Sanitation Agency,23030104,REHABILITATION / REPAIRS - WATER FACILITIES,70631,WATER SUPPLY,33342400,State Wide,10100123017200,Water Resources and Rural Deve - General
"Purchase of compressor Engine,Mud pump, Swivel head (Drilling Rig) and its accessories.",0.0,10000000.0,0.0,5000000.0,0.0,0.0,0.0,219,0.45261,0.47059,025210300100,Rural Water and Sanitation Agency,23010119,PURCHASE OF POWER GENERATING SET,70631,WATER SUPPLY,33342400,State Wide,10100123017300,Water Resources and Rural Deve - General
Support for the transportation of Water and Sanitation materials from UNICEF Warehouse for distribution across the State.,0.0,5000000.0,0.0,26000000.0,0.0,0.0,0.0,219,0.46078,0.47876,025210300100,Rural Water and Sanitation Agency,23050103,MONITORING AND EVALUATION,70631,WATER SUPPLY,33342400,State Wide,10100123017400,Water Resources and Rural Deve - General
"Construction of integrated sanitation VIP Latrines in schools, health centres and public places in 12 LGAs",0.0,0.0,0.0,5000000.0,0.0,0.0,0.0,219,0.46895,0.48693,025210300100,Rural Water and Sanitation Agency,23020105,CONSTRUCTION / PROVISION OF WATER FACILITIES,70631,WATER SUPPLY,33342400,State Wide,10100123017500,Water Resources and Rural Deve - General
"Monitoring of Statewide WASH project implementation and CLTS/ODF Plans, purchase of 3 Hilux 4 Wheel drive.",0.0,5000000.0,0.0,5000000.0,0.0,0.0,0.0,219,0.47712,0.4951,025210300100,Rural Water and Sanitation Agency,23020102,CONSTRUCTION / PROVISION OF RESIDENTIAL BUILDINGS,70631,WATER SUPPLY,33342400,State Wide,10100123017600,Water Resources and Rural Deve - General
"PEWASH Project across 23 LGA for both hardware and software componet (Provision of water, sanitation and hygiene facilities). Projects and Programmes under Donors",0.0,5000000.0,0.0,0.0,0.0,0.0,0.0,219,0.48611,0.50408,025210300100,Rural Water and Sanitation Agency,23050103,MONITORING AND EVALUATION,70631,WATER SUPPLY,33342400,State Wide,10100123017700,Water Resources and Rural Deve - General
"IWASH PROGRAMME IN 3 LGAs: Dange Shuni, Gada and Gwadabawa",0.0,5000000.0,0.0,0.0,0.0,0.0,0.0,219,0.49428,0.51225,025210300100,Rural Water and Sanitation Agency,23050103,MONITORING AND EVALUATION,70631,WATER SUPPLY,33342400,State Wide,10100123017800,Water Resources and Rural Deve - General
Construction/installationn of heavy metal and iron treatment plant in all the newly constucted borehole to the affected LGAs,0.0,100000000.0,8474000.0,15000000.0,0.0,0.0,0.0,219,0.50245,0.52042,025210300100,Rural Water and Sanitation Agency,23050103,MONITORING AND EVALUATION,70631,WATER SUPPLY,33342400,State Wide,10100122000100,Water Resources and Rural Deve - General
Purchase of 23 unit of HP computers for WASH and M&E officers across the state,0.0,30000000.0,0.0,50000000.0,0.0,0.0,0.0,219,0.51062,0.52859,025210300100,Rural Water and Sanitation Agency,23050108,CAPACITY DEVELOPMENT,70631,WATER SUPPLY,33342400,State Wide,10100122000200,Water Resources and Rural Deve - General
"Procurement of borehole submersible pumps and other working materials such as GSP, CMC,5'' PVC casing and screen",69667663.28,100000000.0,100000000.0,315000000.0,315000000.0,315000000.0,0.0,219,0.55147,0.56944,025210400100,Department for Rural Water,23010142,PURCHASE OF WATER EQUIPMENT,70631,WATER SUPPLY,33342400,State Wide,10100124000100,Water Resources and Rural Deve - General
Construction of 75 no of boreholes across the 23 LGAs (Consituency rural water supply project),153042926.24,100000000.0,45685000.0,0.0,0.0,0.0,0.0,219,0.55964,0.57761,025210400100,Department for Rural Water,23020105,CONSTRUCTION / PROVISION OF WATER FACILITIES,70631,WATER SUPPLY,33342400,State Wide,10100124000200,Water Resources and Rural Deve - General
"Construction 150 Nos complete package solar powered rural water scheme (5000 Gallon capacity Solar Powered zonal water scheme in some selected LGAs such as Sokoto South, Wamakko, Tambuwal etc.)",0.0,300000000.0,0.0,0.0,0.0,0.0,0.0,219,0.56781,0.58578,025210400100,Department for Rural Water,23020105,CONSTRUCTION / PROVISION OF WATER FACILITIES,70631,WATER SUPPLY,33342400,State Wide,10100124000300,Water Resources and Rural Deve - General
"Construction 60 Nos complete package motorized rural watersupply scheme across all senatorial zones of sokoto state (i..e 20 Scheme in Sokoto Central, Sokoto South and Sokoto East zone)",0.0,400000000.0,0.0,100000000.0,100000000.0,100000000.0,0.0,219,0.5768,0.59477,025210400100,Department for Rural Water,23020105,CONSTRUCTION / PROVISION OF WATER FACILITIES,70631,WATER SUPPLY,33342400,State Wide,10100124000400,Water Resources and Rural Deve - General
Procurement of 300 Nos 15/16 KVA Powered generating machines for powering existing rural water schemes across the state,0.0,400000000.0,0.0,0.0,0.0,0.0,0.0,219,0.58497,0.60294,025210400100,Department for Rural Water,23010142,PURCHASE OF WATER EQUIPMENT,70631,WATER SUPPLY,33342400,State Wide,10100124000500,Water Resources and Rural Deve - General
Rehabilitation of 50 Nos of existing rural water schemes across the state,0.0,200000000.0,0.0,600000000.0,600000000.0,600000000.0,0.0,219,0.59314,0.61111,025210400100,Department for Rural Water,23030104,REHABILITATION / REPAIRS - WATER FACILITIES,70631,WATER SUPPLY,33342400,State Wide,10100124000600,Water Resources and Rural Deve - General
Regular maintenance of drilling equipment/other working machineries,0.0,200000000.0,50000000.0,0.0,50000000.0,50000000.0,0.0,219,0.60131,0.61928,025210400100,Department for Rural Water,23030104,REHABILITATION / REPAIRS - WATER FACILITIES,70631,WATER SUPPLY,33342400,State Wide,10100124000700,Water Resources and Rural Deve - General
Regular maintenance of rural water supply schemes on monthly basis across the sokoto state,0.0,100000000.0,0.0,0.0,200000000.0,200000000.0,0.0,219,0.60948,0.62745,025210400100,Department for Rural Water,23030104,REHABILITATION / REPAIRS - WATER FACILITIES,70631,WATER SUPPLY,33342400,State Wide,10100124000800,Water Resources and Rural Deve - General
State wide Rural Water Supply Project including Constituency Project through Construction Solar powered boreholes,0.0,0.0,0.0,2200000000.0,400000000.0,400000000.0,0.0,219,0.61765,0.63562,025210400100,Department for Rural Water,23020105,CONSTRUCTION / PROVISION OF WATER FACILITIES,70631,WATER SUPPLY,33342400,State Wide,10100124000900,Water Resources and Rural Deve - General
Rehabilition of Township Roads across the State,0.0,300000000.0,202077256.51,300000000.0,300000000.0,300000000.0,0.0,219,0.6585,0.67647,025300100100,Min of Lands and Housing,23030113,REHABILITATION / REPAIRS - ROADS,70611,HOUSING DEVELOPMENT,33342400,State Wide,06100123000100,Housing and Urban Development - General
"Land Use Development Plan for Local Government H/Qrts of S/Birni, Gada,Dange, Tambuwal, Wamakko,Binji e.t.c.",0.0,50000000.0,0.0,1000000.0,1000000.0,1000000.0,0.0,219,0.66667,0.68464,025300100100,Min of Lands and Housing,23050101,RESEARCH AND DEVELOPMENT,70611,HOUSING DEVELOPMENT,33342400,State Wide,06100126000200,Housing and Urban Development - General
Construction of 500 Housing units at Gidan Salanke,0.0,5500000000.0,0.0,4000000000.0,2000000000.0,2000000000.0,0.0,219,0.67484,0.69281,025300100100,Min of Lands and Housing,23020104,CONSTRUCTION / PROVISION OF HOUSING,70611,HOUSING DEVELOPMENT,33342400,State Wide,06100122000100,Housing and Urban Development - General
Purchase of 500 units houses at Sokoto New City,0.0,11400000000.0,11395081707.15,7000000000.0,3400000000.0,2700000000.0,0.0,219,0.68382,0.7018,025300100100,Min of Lands and Housing,23010103,PURCHASE OF RESIDENTIAL BUILDINGS,70611,HOUSING DEVELOPMENT,33342400,State Wide,06100123000200,Housing and Urban Development - General
Construction of Waziri Maccido Road,0.0,500000000.0,0.0,0.0,0.0,0.0,0.0,219,0.69199,0.70997,025300100100,Min of Lands and Housing,23020114,CONSTRUCTION / PROVISION OF ROADS,70611,HOUSING DEVELOPMENT,33342400,State Wide,06100126000300,Housing and Urban Development - General
Construction of drainages at Tsafe Road,0.0,75000000.0,0.0,4000000.0,4000000.0,4000000.0,0.0,219,0.70016,0.71814,025300100100,Min of Lands and Housing,23020114,CONSTRUCTION / PROVISION OF ROADS,70611,HOUSING DEVELOPMENT,33342400,State Wide,06100126000400,Housing and Urban Development - General
"Establsihment of 6 Satelight Station Kwannawa, Kasarawa, Beside Police Training School and SRBDA",0.0,800000000.0,537410879.72,885000000.0,700000000.0,700000000.0,0.0,219,0.70833,0.72631,025300100100,Min of Lands and Housing,23020124,CONSTRUCTION OF MARKETS/PARKS,70611,HOUSING DEVELOPMENT,33342400,State Wide,06100123000300,Housing and Urban Development - General
Construction of drainages at Agaie Road,0.0,57184620.75,0.0,0.0,0.0,0.0,0.0,219,0.7165,0.73448,025300100100,Min of Lands and Housing,23020114,CONSTRUCTION / PROVISION OF ROADS,70611,HOUSING DEVELOPMENT,33342400,State Wide,06100126000500,Housing and Urban Development - General
"Construction of Infrastructure facilities at Sokoto New City (Roads, Electrication and Water).",0.0,500000000.0,348672043.18,1400002097.75,500000000.0,500000000.0,0.0,219,0.72467,0.74265,025300100100,Min of Lands and Housing,23020118,CONSTRUCTION / PROVISION OF INFRASTRUCTURE,70611,HOUSING DEVELOPMENT,33342400,State Wide,06100123000400,Housing and Urban Development - General
"Sokoto Urban Renewal (township roads), Drainages, Const. of Flyover Bridges etc",0.0,7460242258.09,7460242258.09,2300000000.0,3000000000.0,3000000000.0,0.0,219,0.73284,0.75082,025300100100,Min of Lands and Housing,23020114,CONSTRUCTION / PROVISION OF ROADS,70611,HOUSING DEVELOPMENT,33342400,State Wide,06100119000100,Housing and Urban Development - General
"Payment of annual Ground Rent on Sokoto state landed property Situated at Abuja, and Kaduna.",0.0,20000000.0,0.0,6000000.0,5000000.0,5000000.0,0.0,219,0.74101,0.75899,025300100100,Min of Lands and Housing,23050103,MONITORING AND EVALUATION,70611,HOUSING DEVELOPMENT,33342400,State Wide,06100123000500,Housing and Urban Development - General
Construction of mabera Township Roads From Mabera Clinic Road To Gidan Jariri junction to Salame ju,0.0,1500000000.0,1382016549.17,350000000.0,0.0,0.0,0.0,219,0.74918,0.76716,025300100100,Min of Lands and Housing,23020114,CONSTRUCTION / PROVISION OF ROADS70611 - HOUSING DEVELOPMENT,,"nction, FGC junction t0 Salame.",33342400,State Wide,06100123000600,Housing and Urban Development - General
Compensation for Lands and Property affected by development projects,0.0,1800000000.0,1743045308.19,1300000000.0,2000000000.0,500000000.0,0.0,219,0.75735,0.77533,025300100100,Min of Lands and Housing,23010101,PURCHASE / ACQUISITION OF LAND,70611,HOUSING DEVELOPMENT,33342400,State Wide,06100123000700,Housing and Urban Development - General
Dualization of Road from UDUTH Roundabout to Paila Junction Western Bye Pass,0.0,200000000.0,0.0,0.0,0.0,0.0,0.0,219,0.76552,0.7835,025300100100,Min of Lands and Housing,23020114,CONSTRUCTION / PROVISION OF ROADS,70611,HOUSING DEVELOPMENT,33342400,State Wide,06100126000600,Housing and Urban Development - General
Construction of Sokoto River Bridge and Dualization of Tashar Illela to Road Block,0.0,1700000000.0,1404325187.5,2500000000.0,1000000000.0,1000000000.0,0.0,219,0.77369,0.79167,025300100100,Min of Lands and Housing,23020114,CONSTRUCTION / PROVISION OF ROADS,70611,HOUSING DEVELOPMENT,33342400,State Wide,06100122000200,Housing and Urban Development - General
Construction of Southern Bye Pass from Silame Junction to Shuni Town,0.0,1500000000.0,987210491.18,1050000000.0,1050000000.0,1050000000.0,0.0,219,0.78268,0.80065,025300100100,Min of Lands and Housing,23020114,CONSTRUCTION / PROVISION OF ROADS,70611,HOUSING DEVELOPMENT,33342400,State Wide,06100123000800,Housing and Urban Development - General
Construction of service road 5.1km from Gusau road through Sokoto New City to Southern Bye Pass,0.0,200000000.0,0.0,0.0,200000000.0,200000000.0,0.0,219,0.79085,0.80882,025300100100,Min of Lands and Housing,23020114,CONSTRUCTION / PROVISION OF ROADS,70611,HOUSING DEVELOPMENT,33342400,State Wide,06100123000900,Housing and Urban Development - General
"Construction of 500 Housing Estate at Wajekke, Wamakko",0.0,3300000000.0,2623891119.76,2000000000.0,2000000000.0,2000000000.0,0.0,219,0.79902,0.81699,025300100100,Min of Lands and Housing,23020104,CONSTRUCTION / PROVISION OF HOUSING,70611,HOUSING DEVELOPMENT,33342400,State Wide,06100123001000,Housing and Urban Development - General
"Construction of Tudun Wada Service Roads, Sokoto",0.0,4000000000.0,0.0,2000000000.0,2000000000.0,500000000.0,0.0,219,0.80719,0.82516,025300100100,Min of Lands and Housing,23020114,CONSTRUCTION / PROVISION OF ROADS,70611,HOUSING DEVELOPMENT,33342400,State Wide,06100124000100,Housing and Urban Development - General
Construction of drainage from Sultan Bello Jumuat Mosque to Maryam Abacha Women and Children H,0.0,100000000.0,0.0,0.0,50000000.0,50000000.0,0.0,219,0.81536,0.83333,025300100100,Min of Lands and Housing,23020114,CONSTRUCTION / PROVISION OF ROADS70611 - HOUSING DEVELOPMENT,,"ospital, Sokoto",33342400,State Wide,06100126000700,Housing and Urban Development - General
"Construction of road from Rikina to Pinnacle Hotel, Sokoto",0.0,256002097.75,0.0,0.0,156002097.75,156002097.75,0.0,219,0.82353,0.8415,025300100100,Min of Lands and Housing,23020114,CONSTRUCTION / PROVISION OF ROADS,70611,HOUSING DEVELOPMENT,33342400,State Wide,06100126000800,Housing and Urban Development - General
"Rehabilitation of roads and drainages from Kaduna road, back of Oando filling Station through intermediate quarters to LP 187 Guiwa Sokoto",0.0,0.0,0.0,200000000.0,200000000.0,200000000.0,0.0,219,0.8317,0.84967,025300100100,Min of Lands and Housing,23030113,REHABILITATION / REPAIRS - ROADS,70611,HOUSING DEVELOPMENT,33342400,State Wide,06100126000900,Housing and Urban Development - General
Construction of Shops at Sokoto Central Market,0.0,5000000000.0,0.0,5000000000.0,500000000.0,500000000.0,0.0,219,0.83987,0.85784,025300100100,Min of Lands and Housing,23020124,CONSTRUCTION OF MARKETS/PARKS,70611,HOUSING DEVELOPMENT,33342400,State Wide,06100123001100,Housing and Urban Development - General
"Construction of roads from Bado Quarters to Ruggar Waru, SUBEB junction to Yar Abba, Sokoto",0.0,500000000.0,0.0,0.0,0.0,0.0,0.0,219,0.84804,0.86601,025300100100,Min of Lands and Housing,23020114,CONSTRUCTION / PROVISION OF ROADS,70611,HOUSING DEVELOPMENT,33342400,State Wide,06100126001000,Housing and Urban Development - General
Construction of Offa road in Sokoto Metropolis,0.0,500000000.0,0.0,0.0,200000000.0,200000000.0,0.0,219,0.85621,0.87418,025300100100,Min of Lands and Housing,23020114,CONSTRUCTION / PROVISION OF ROADS,70611,HOUSING DEVELOPMENT,33342400,State Wide,06100126001100,Housing and Urban Development - General
Purchase of 5 No Kasea and Bajaj Motorcycles,0.0,10000000.0,0.0,10000000.0,10000000.0,10000000.0,0.0,219,0.86438,0.88235,025300100100,Min of Lands and Housing,23010104,PURCHASE MOTOR CYCLES,70161,GENERAL PUBLIC SERVICES N.E.C.,33342400,State Wide,06100126001200,Housing and Urban Development - General
Server Upgrade,0.0,100000000.0,0.0,0.0,0.0,0.0,0.0,219,0.87255,0.89052,025300100100,Min of Lands and Housing,23050102,COMPUTER SOFTWARE ACQUISITION,70611,HOUSING DEVELOPMENT,33342400,State Wide,06100126001300,Housing and Urban Development - General
Purchase of 50 Nos. Computer Z6G4 Tower Workstation Intel Xeon (SOGIS),0.0,35800000.0,0.0,0.0,35800000.0,35800000.0,0.0,219,0.88154,0.89951,025300100100,Min of Lands and Housing,23010113,PURCHASE OF COMPUTERS,70611,HOUSING DEVELOPMENT,33342400,State Wide,06100126001400,Housing and Urban Development - General
"Rehabilitation of 4 Area offices Sokoto, Tambuwal, Illela and Isa",0.0,20000000.0,0.0,0.0,20000000.0,20000000.0,0.0,219,0.88971,0.90768,025300100100,Min of Lands and Housing,23030121,REHABILITATION / REPAIRS OF OFFICE BUILDINGS,70611,HOUSING DEVELOPMENT,33342400,State Wide,06100126001500,Housing and Urban Development - General
Purchase of Automation Equipment (Software Development and Ultra Modern Scanners),0.0,100000000.0,0.0,205800000.0,100000000.0,100000000.0,0.0,219,0.89788,0.91585,025300100100,Min of Lands and Housing,23050102,COMPUTER SOFTWARE ACQUISITION,70611,HOUSING DEVELOPMENT,33342400,State Wide,06100126001600,Housing and Urban Development - General
Digitalization of Land Records to LIS,0.0,100000000.0,0.0,0.0,100000000.0,100000000.0,0.0,220,0.09069,0.10866,025300100100,Min of Lands and Housing,23020127,CONSTRUCTION OF ICT INFRASTRUCTURES,70611,HOUSING DEVELOPMENT,33342400,State Wide,06100126001700,Housing and Urban Development - General
"Construction of Kalambaina-Girabshi-Gidan Igwai road, Sokoto",0.0,1150000000.0,983010472.46,0.0,650000000.0,650000000.0,0.0,220,0.09886,0.11683,025300100100,Min of Lands and Housing,23020114,CONSTRUCTION / PROVISION OF ROADS,70611,HOUSING DEVELOPMENT,33342400,State Wide,06100126001900,Housing and Urban Development - General
Construction of Koko-Dendo road,0.0,700000000.0,572509884.9,0.0,0.0,0.0,0.0,220,0.10703,0.125,025300100100,Min of Lands and Housing,23020114,CONSTRUCTION / PROVISION OF ROADS,70611,HOUSING DEVELOPMENT,33342400,State Wide,06100126002000,Housing and Urban Development - General
"Construction of Arkilla Layout Roads, Sokoto",0.0,2100000000.0,2100000000.0,0.0,0.0,0.0,0.0,220,0.1152,0.13317,025300100100,Min of Lands and Housing,23020114,CONSTRUCTION / PROVISION OF ROADS,70611,HOUSING DEVELOPMENT,33342400,State Wide,06100124000800,Housing and Urban Development - General
"Re-construction of Tudun Wada network roads (Replacement of Asphalt road), Sokoto",0.0,0.0,0.0,200000000.0,250000000.0,250000000.0,0.0,220,0.12337,0.14134,025300100100,Min of Lands and Housing,23020114,CONSTRUCTION / PROVISION OF ROADS,70611,HOUSING DEVELOPMENT,33342400,State Wide,06100124000900,Housing and Urban Development - General
"Construction of 5 no of drainages at Dan Malam mai siminti, Tudun Wada and Unguwar Rogo road netw",0.0,500000000.0,0.0,350000000.0,400000000.0,400000000.0,0.0,220,0.13154,0.14951,025300100100,Min of Lands and Housing,23020114,CONSTRUCTION / PROVISION OF ROADS70611 - HOUSING DEVELOPMENT,,"orks, Sokoto",33342400,State Wide,06100124001000,Housing and Urban Development - General
Re-construction and Landscaping of 5 no roundabout within the metropolis,0.0,100000000.0,100000000.0,100000000.0,100000000.0,100000000.0,0.0,220,0.13971,0.15768,025300100100,Min of Lands and Housing,23020118,CONSTRUCTION / PROVISION OF INFRASTRUCTURE,70611,HOUSING DEVELOPMENT,33342400,State Wide,06100124001200,Housing and Urban Development - General
Construction of New Tricycle and Motor cycle terminal station at eastern bye pass,0.0,300000000.0,0.0,400000000.0,400000000.0,400000000.0,0.0,220,0.14788,0.16585,025300100100,Min of Lands and Housing,23020124,CONSTRUCTION OF MARKETS/PARKS,70611,HOUSING DEVELOPMENT,33342400,State Wide,06100124001500,Housing and Urban Development - General
"Purchase of capital assets such as Houses, Schools etc",0.0,1000000000.0,1000000000.0,1800000000.0,500000000.0,500000000.0,0.0,220,0.15605,0.17402,025300100100,Min of Lands and Housing,23020118,CONSTRUCTION / PROVISION OF INFRASTRUCTURE,70611,HOUSING DEVELOPMENT,33342400,State Wide,06100125000100,Housing and Urban Development - General
Perimeter demercation of some areas within Sokoto metropolis.,0.0,20000000.0,0.0,20000000.0,20000000.0,20000000.0,0.0,220,0.19771,0.21569,025300300100,Surveyor General Office,23020122,CONSTRUCTION OF BOUNDARY PILLARS/ RIGHT OF WAYS,70611,HOUSING DEVELOPMENT,33342400,State Wide,06100126002700,Housing and Urban Development - General
"Topographical Mapping Of Selected LGAs Tambuwal, Illela, and Wamakko",0.0,30000000.0,0.0,0.0,0.0,0.0,0.0,220,0.20588,0.22386,025300300100,Surveyor General Office,23050101,RESEARCH AND DEVELOPMENT,70611,HOUSING DEVELOPMENT,33342400,State Wide,13100126010700,Reform of Government and Governance - General
Reproduction of Sokoto township cadastral maps and mapping of Sokoto township,0.0,20000000.0,0.0,136500000.0,0.0,0.0,0.0,220,0.21405,0.23203,025300300100,Surveyor General Office,23050101,RESEARCH AND DEVELOPMENT,70611,HOUSING DEVELOPMENT,33342400,State Wide,06100126002800,Housing and Urban Development - General
Conversion of Coordinates Hard Copies all Surveyed Plans and Maps data into new digital format,0.0,10000000.0,0.0,0.0,0.0,0.0,0.0,220,0.22222,0.2402,025300300100,Surveyor General Office,23050101,RESEARCH AND DEVELOPMENT,70611,HOUSING DEVELOPMENT,33342400,State Wide,06100126002900,Housing and Urban Development - General
"Construction of International, Interstate and Local governments Boundaries",0.0,15000000.0,0.0,0.0,15000000.0,15000000.0,0.0,220,0.23039,0.24837,025300300100,Surveyor General Office,23020122,CONSTRUCTION OF BOUNDARY PILLARS/ RIGHT OF WAYS,70611,HOUSING DEVELOPMENT,33342400,State Wide,06100126003000,Housing and Urban Development - General
"Procurement of Modern Surveying Equipments such as Tripod, Compasses, Tapes, Bipods, Magnetic lo",0.0,50000000.0,0.0,0.0,50000000.0,50000000.0,0.0,220,0.23856,0.25654,025300300100,Surveyor General Office,23010133,PURCHASES OF SURVEYING EQUIPMENT70611 - HOUSING DEVELOPMENT,,"cators, GPS",33342400,State Wide,06100126003100,Housing and Urban Development - General
Construction of Border Control Extension of the 23 Local Governments,0.0,21500000.0,0.0,0.0,21500000.0,21500000.0,0.0,220,0.24673,0.26471,025300300100,Surveyor General Office,23020122,CONSTRUCTION OF BOUNDARY PILLARS/ RIGHT OF WAYS,70611,HOUSING DEVELOPMENT,33342400,State Wide,06100126003200,Housing and Urban Development - General
Renovation of Survey office Complex.,0.0,50000000.0,0.0,0.0,50000000.0,50000000.0,0.0,220,0.2549,0.27288,025300300100,Surveyor General Office,23010133,PURCHASES OF SURVEYING EQUIPMENT,70611,HOUSING DEVELOPMENT,33342400,State Wide,06100126003300,Housing and Urban Development - General
"Purchase of georeferencing instruments, that is 1 no Global Navigation Satellite System, 1 no Rover, 12",0.0,50000000.0,0.0,50000000.0,50000000.0,50000000.0,0.0,220,0.26307,0.28105,025300300100,Surveyor General Office,23010133,PURCHASES OF SURVEYING EQUIPMENT70611 - HOUSING DEVELOPMENT,,no Tabs and 8 no. Hand Held G. P. S,33342400,State Wide,06100126003400,Housing and Urban Development - General
Construction of Control Stations across 23 LGAs,0.0,10000000.0,0.0,10000000.0,10000000.0,10000000.0,0.0,220,0.27124,0.28922,025300300100,Surveyor General Office,23020101,CONSTRUCTION / PROVISION OF OFFICE BUILDINGS,70611,HOUSING DEVELOPMENT,33342400,State Wide,06100126003500,Housing and Urban Development - General
Construction of Beacons in Layout within and outside the Metropolis,0.0,20000000.0,0.0,20000000.0,20000000.0,20000000.0,0.0,220,0.28023,0.2982,025300300100,Surveyor General Office,23020122,CONSTRUCTION OF BOUNDARY PILLARS/ RIGHT OF WAYS,70611,HOUSING DEVELOPMENT,33342400,State Wide,06100126003600,Housing and Urban Development - General
Procurement of Latest Imageries of Sokoto Metropolis,0.0,50000000.0,0.0,50000000.0,50000000.0,50000000.0,0.0,220,0.2884,0.30637,025300300100,Surveyor General Office,23050101,RESEARCH AND DEVELOPMENT,70611,HOUSING DEVELOPMENT,33342400,State Wide,06100126003700,Housing and Urban Development - General
Construction of 200 Units 2 Bedroom Houses within Sokoto metropolis,0.0,50000000.0,0.0,50000000.0,50000000.0,50000000.0,0.0,220,0.32925,0.34722,025300400100,Sokoto State Housing Cooperation,23020102,CONSTRUCTION / PROVISION OF RESIDENTIAL BUILDINGS,70611,HOUSING DEVELOPMENT,33342400,State Wide,06100126003800,Housing and Urban Development - General
Renovation of office complex structure,0.0,150000000.0,14638550.28,150000000.0,150000000.0,150000000.0,0.0,220,0.33742,0.35539,025300400100,Sokoto State Housing Cooperation,23030121,REHABILITATION / REPAIRS OF OFFICE BUILDINGS,70611,HOUSING DEVELOPMENT,33342400,State Wide,13100126010800,Reform of Government and Governance - General
Purchase of 2 no. 10 tire Tipper,0.0,60000000.0,0.0,60000000.0,60000000.0,60000000.0,0.0,220,0.34559,0.36356,025300400100,Sokoto State Housing Cooperation,23010105,PURCHASE OF MOTOR VEHICLES,70611,HOUSING DEVELOPMENT,33342400,State Wide,06100126003900,Housing and Urban Development - General
Purchase of 1 no. water Tanker,0.0,20000000.0,0.0,20000000.0,20000000.0,20000000.0,0.0,220,0.35376,0.37173,025300400100,Sokoto State Housing Cooperation,23010105,PURCHASE OF MOTOR VEHICLES,70611,HOUSING DEVELOPMENT,33342400,State Wide,06100126004000,Housing and Urban Development - General
Purchase of 1 no. Concrete Mixer,0.0,30000000.0,0.0,30000000.0,30000000.0,30000000.0,0.0,220,0.36193,0.3799,025300400100,Sokoto State Housing Cooperation,23010105,PURCHASE OF MOTOR VEHICLES,70611,HOUSING DEVELOPMENT,33342400,State Wide,06100126004100,Housing and Urban Development - General
Purchase of 1no. Lamped Machine,0.0,10000000.0,0.0,10000000.0,10000000.0,10000000.0,0.0,220,0.3701,0.38807,025300400100,Sokoto State Housing Cooperation,23010105,PURCHASE OF MOTOR VEHICLES,70611,HOUSING DEVELOPMENT,33342400,State Wide,06100126004200,Housing and Urban Development - General
Purchase of 1 no. Sites Generator,0.0,10000000.0,0.0,10000000.0,10000000.0,10000000.0,0.0,220,0.37908,0.39706,025300400100,Sokoto State Housing Cooperation,23010119,PURCHASE OF POWER GENERATING SET,70611,HOUSING DEVELOPMENT,33342400,State Wide,06100126004300,Housing and Urban Development - General
Rehabilitation of Potholes within Sokoto metropolis,0.0,50000000.0,42676000.0,0.0,150000000.0,150000000.0,0.0,220,0.41993,0.43791,025300500100,Sokoto Urban & Reg. Planning Department,23030113,REHABILITATION / REPAIRS - ROADS,70621,COMMUNITY DEVELOPMENT,33342400,State Wide,17100126001600,Road - General
Construction of link roads within Sokoto North,0.0,0.0,0.0,0.0,150000000.0,150000000.0,0.0,220,0.4281,0.44608,025300500100,Sokoto Urban & Reg. Planning Department,23020114,CONSTRUCTION / PROVISION OF ROADS,70621,COMMUNITY DEVELOPMENT,33342400,State Wide,17100126001700,Road - General
Construction of along link road within Sokoto South,0.0,0.0,0.0,0.0,150000000.0,150000000.0,0.0,220,0.43627,0.45425,025300500100,Sokoto Urban & Reg. Planning Department,23020114,CONSTRUCTION / PROVISION OF ROADS,70621,COMMUNITY DEVELOPMENT,33342400,State Wide,17100126001800,Road - General
Construction of 1.5km roads with earth drain from Gidan Dare to Kalambaina,0.0,0.0,0.0,0.0,150000000.0,150000000.0,0.0,220,0.44444,0.46242,025300500100,Sokoto Urban & Reg. Planning Department,23020114,CONSTRUCTION / PROVISION OF ROADS,70621,COMMUNITY DEVELOPMENT,33342400,State Wide,17100126001900,Road - General
Construction of 800m Yarnanu road opp. Rima Radio Sokoto,0.0,0.0,0.0,0.0,120000000.0,120000000.0,0.0,220,0.45261,0.47059,025300500100,Sokoto Urban & Reg. Planning Department,23020114,CONSTRUCTION / PROVISION OF ROADS,70621,COMMUNITY DEVELOPMENT,33342400,State Wide,17100126002000,Road - General
Construction of 600m Road Behind School of Nursing Sokoto,0.0,0.0,0.0,0.0,105000000.0,105000000.0,0.0,220,0.46078,0.47876,025300500100,Sokoto Urban & Reg. Planning Department,23020114,CONSTRUCTION / PROVISION OF ROADS,70621,COMMUNITY DEVELOPMENT,33342400,State Wide,17100126002100,Road - General
"Construction of 400m Road Back of Umaru Ali Shinkafi Polytechnic, Sokoto",0.0,0.0,0.0,0.0,150000000.0,150000000.0,0.0,220,0.46895,0.48693,025300500100,Sokoto Urban & Reg. Planning Department,23020114,CONSTRUCTION / PROVISION OF ROADS,70621,COMMUNITY DEVELOPMENT,33342400,State Wide,17100126002200,Road - General
General renovation of Sokoto Urban and Regional Planning Board complex / landscaping,0.0,70000000.0,0.0,90000000.0,90000000.0,90000000.0,0.0,220,0.47712,0.4951,025300500100,Sokoto Urban & Reg. Planning Department,23030121,REHABILITATION / REPAIRS OF OFFICE BUILDINGS,70161,GENERAL PUBLIC SERVICES N.E.C.,33342400,State Wide,13100126010900,Reform of Government and Governance - General
Purchase of 10 no. executive tables and chairs for the Board complex,0.0,7000000.0,0.0,17000000.0,17000000.0,17000000.0,0.0,220,0.48611,0.50408,025300500100,Sokoto Urban & Reg. Planning Department,23010112,PURCHASE OF OFFICE FURNITURE AND FITTINGS,70161,GENERAL PUBLIC SERVICES N.E.C.,33342400,State Wide,13100126011000,Reform of Government and Governance - General
"Construction of Solar Powered Borehole, reticulation and Solar light at the Board complex",0.0,25000000.0,0.0,30000000.0,30000000.0,30000000.0,0.0,220,0.49428,0.51225,025300500100,Sokoto Urban & Reg. Planning Department,23020105,CONSTRUCTION / PROVISION OF WATER FACILITIES,70631,WATER SUPPLY,33342400,State Wide,13100126011100,Reform of Government and Governance - General
"Construction of Roads signs along major roads (Guaranty types), numbering of 500Nos of House and street naming within the metrpolis and other new estates.",0.0,50000000.0,0.0,70000000.0,70000000.0,70000000.0,0.0,220,0.50245,0.52042,025300500100,Sokoto Urban & Reg. Planning Department,23020122,CONSTRUCTION OF BOUNDARY PILLARS/ RIGHT OF WAYS,70621,COMMUNITY DEVELOPMENT,33342400,State Wide,06100126004400,Housing and Urban Development - General
Construction of link roads from Ahmadu Rufai road Mainiyo to Marmaron Garo,0.0,0.0,0.0,0.0,160000000.0,160000000.0,0.0,220,0.51062,0.52859,025300500100,Sokoto Urban & Reg. Planning Department,23020114,CONSTRUCTION / PROVISION OF ROADS,70621,COMMUNITY DEVELOPMENT,33342400,State Wide,17100126002300,Road - General
Purchase of 35 no Hp Desktop Computers for the Board,0.0,47000000.0,0.0,49000000.0,49000000.0,49000000.0,0.0,220,0.51879,0.53676,025300500100,Sokoto Urban & Reg. Planning Department,23010113,PURCHASE OF COMPUTERS,70161,GENERAL PUBLIC SERVICES N.E.C.,33342400,State Wide,11100126002000,Information Communication and Technology - General
Purchase of D7 Bulldozer,0.0,100000000.0,0.0,100000000.0,100000000.0,100000000.0,0.0,220,0.52696,0.54493,025300500100,Sokoto Urban & Reg. Planning Department,23010105,PURCHASE OF MOTOR VEHICLES,70161,GENERAL PUBLIC SERVICES N.E.C.,33342400,State Wide,13100126011200,Reform of Government and Governance - General
Purchase of Load bed/head,0.0,80000000.0,0.0,80000000.0,80000000.0,80000000.0,0.0,220,0.53513,0.5531,025300500100,Sokoto Urban & Reg. Planning Department,23010105,PURCHASE OF MOTOR VEHICLES,70161,GENERAL PUBLIC SERVICES N.E.C.,33342400,State Wide,13100126011300,Reform of Government and Governance - General
Purchase of 1 no 950 Payloader,0.0,60000000.0,0.0,60000000.0,60000000.0,60000000.0,0.0,220,0.5433,0.56127,025300500100,Sokoto Urban & Reg. Planning Department,23010105,PURCHASE OF MOTOR VEHICLES,70161,GENERAL PUBLIC SERVICES N.E.C.,33342400,State Wide,13100126011400,Reform of Government and Governance - General
Purchase of 17 No. Daylong motorcycles,0.0,5000000.0,0.0,10000000.0,10000000.0,10000000.0,0.0,220,0.55147,0.56944,025300500100,Sokoto Urban & Reg. Planning Department,23010105,PURCHASE OF MOTOR VEHICLES,70161,GENERAL PUBLIC SERVICES N.E.C.,33342400,State Wide,13100126011500,Reform of Government and Governance - General
Purchase of 1 no 330 Excavator,0.0,80000000.0,0.0,80000000.0,80000000.0,80000000.0,0.0,220,0.55964,0.57761,025300500100,Sokoto Urban & Reg. Planning Department,23010105,PURCHASE OF MOTOR VEHICLES,70161,GENERAL PUBLIC SERVICES N.E.C.,33342400,State Wide,13100126011600,Reform of Government and Governance - General
Purchase of 1No Grader,0.0,170000000.0,0.0,170000000.0,170000000.0,170000000.0,0.0,220,0.56781,0.58578,025300500100,Sokoto Urban & Reg. Planning Department,23010105,PURCHASE OF MOTOR VEHICLES,70161,GENERAL PUBLIC SERVICES N.E.C.,33342400,State Wide,13100126011700,Reform of Government and Governance - General
Purchase of 1no Roller,0.0,70000000.0,0.0,70000000.0,70000000.0,70000000.0,0.0,220,0.5768,0.59477,025300500100,Sokoto Urban & Reg. Planning Department,23010105,PURCHASE OF MOTOR VEHICLES,70161,GENERAL PUBLIC SERVICES N.E.C.,33342400,State Wide,13100126011800,Reform of Government and Governance - General
Purchase of 1no Tractor,0.0,40000000.0,0.0,40000000.0,40000000.0,40000000.0,0.0,220,0.58497,0.60294,025300500100,Sokoto Urban & Reg. Planning Department,23010105,PURCHASE OF MOTOR VEHICLES,70161,GENERAL PUBLIC SERVICES N.E.C.,33342400,State Wide,13100126011900,Reform of Government and Governance - General
Purchase of 1n Water Tanker,0.0,60000000.0,0.0,60000000.0,60000000.0,60000000.0,0.0,220,0.59314,0.61111,025300500100,Sokoto Urban & Reg. Planning Department,23010105,PURCHASE OF MOTOR VEHICLES,70161,GENERAL PUBLIC SERVICES N.E.C.,33342400,State Wide,13100126012000,Reform of Government and Governance - General
"Installation of Cattle Handling Facilities at Cattle Reproduction Center, Runjin Sambo",8291662.0,46000000.0,6077000.0,0.0,0.0,0.0,0.0,220,0.63399,0.65196,026800100100,Ministry of Livestocks and Fisheries Development,23020113,CONSTRUCTION / PROVISION OF AGRICULTURAL FACILITIES,70421,AGRICULTURE,33342400,State Wide,01020525000100,Animal health and livestock diseases management
Procurment of 2 No of Computer Assisted Semen Analyses Machine((CASA) at Rujin sambo Milk Production Center/ L -PRES,0.0,72000000.0,0.0,0.0,46000000.0,46000000.0,0.0,220,0.64216,0.66013,026800100100,Ministry of Livestocks and Fisheries Development,23010113,PURCHASE OF COMPUTERS,70421,AGRICULTURE,33342400,State Wide,01020525000200,Animal health and livestock diseases management
Procurement Synchronizing Drugs and other Consumables for Veterinary Hospital Aliyu Jodi,17753000.0,70000000.0,0.0,0.0,0.0,0.0,0.0,220,0.65033,0.6683,026800100100,Ministry of Livestocks and Fisheries Development,23010140,PURCHASE OF AGRICULTURAL INPUTS,70721,GENERAL MEDICAL SERVICES,33342400,State Wide,01020525000300,Animal health and livestock diseases management
Purchase of 50 Exotic Live Cattle Breeds (Heifers and Bulls) for improvement of breeding programe across the state,20000000.0,0.0,0.0,100000000.0,100000000.0,100000000.0,0.0,220,0.6585,0.67647,026800100100,Ministry of Livestocks and Fisheries Development,23010140,PURCHASE OF AGRICULTURAL INPUTS,70421,AGRICULTURE,33342400,State Wide,01020525000400,Animal health and livestock diseases management
Purchase and Installation of equipment of the new abbatoir for the Sokoto Cattle Breeding Programme at Sokoto,12220000.0,66000000.0,28935000.0,0.0,0.0,0.0,0.0,220,0.66667,0.68464,026800100100,Ministry of Livestocks and Fisheries Development,23020113,CONSTRUCTION / PROVISION OF AGRICULTURAL FACILITIES,70721,GENERAL MEDICAL SERVICES,33342400,State Wide,01020525000600,Animal health and livestock diseases management
"Construction of the Proposed Veterinary Specialist Hospital in Line with OIE Regulations at kwannwa area, Sokoto/L-PRES",0.0,0.0,0.0,500000000.0,500000000.0,500000000.0,0.0,220,0.67484,0.69281,026800100100,Ministry of Livestocks and Fisheries Development,23020106,CONSTRUCTION / PROVISION OF HOSPITALS / HEALTH CENTRES,70721,GENERAL MEDICAL SERVICES,33342400,State Wide,01020525000800,Animal health and livestock diseases management
"Procurement and Installation X-ray machiines, Microscopes, Surgical tables to the Proposed Veterinary Hospital in Line with OIE Regulations at kwannawa",0.0,37000000.0,0.0,0.0,0.0,0.0,0.0,220,0.68382,0.7018,026800100100,Ministry of Livestocks and Fisheries Development,23010127,PURCHASE OF AGRICULTURAL EQUIPMENT,70731,GENERAL HOSPITAL SERVICES,33342400,State Wide,01020525001000,Animal health and livestock diseases management
"State Wide Artificial Insemination Exercise with Logistic, Consumables and Field Allowances/ L- PRES",0.0,53000000.0,19904300.0,40000000.0,70000000.0,70000000.0,0.0,220,0.69199,0.70997,026800100100,Ministry of Livestocks and Fisheries Development,23050101,RESEARCH AND DEVELOPMENT,70421,AGRICULTURE,33342400,State Wide,01020525001100,Animal health and livestock diseases management
"Rehabilitation of Veterinary Clinic at Aliyu Jedo Road, Sokoto Metropolis / L-PRES",0.0,0.0,0.0,100000000.0,100000000.0,100000000.0,0.0,220,0.70016,0.71814,026800100100,Ministry of Livestocks and Fisheries Development,23030105,REHABILITATION / REPAIRS - HOSPITAL / HEALTH CENTRES,70721,GENERAL MEDICAL SERVICES,33342400,State Wide,01020525001200,Animal health and livestock diseases management
Renovation of the existing Veterinary Clinics Across the State.,0.0,27000000.0,8680500.0,150000000.0,150000000.0,150000000.0,0.0,220,0.70833,0.72631,026800100100,Ministry of Livestocks and Fisheries Development,23030105,REHABILITATION / REPAIRS - HOSPITAL / HEALTH CENTRES,70721,GENERAL MEDICAL SERVICES,33342400,State Wide,01020525001400,Animal health and livestock diseases management
"Procurement of Veterinary Surgical Equipment such as surgical tables, surgical kits etc",0.0,37000000.0,0.0,50000000.0,50000000.0,50000000.0,0.0,220,0.7165,0.73448,026800100100,Ministry of Livestocks and Fisheries Development,23010122,PURCHASE OF HEALTH / MEDICAL EQUIPMENT,70713,THERAPEUTIC APPLIANCES AND EQUIPTMENT,33342400,State Wide,01020525001500,Animal health and livestock diseases management
Support for Vetrinary Research,0.0,37000000.0,0.0,30000000.0,30000000.0,30000000.0,0.0,220,0.72467,0.74265,026800100100,Ministry of Livestocks and Fisheries Development,23050101,RESEARCH AND DEVELOPMENT,70981,EDUCATION N.E.C,33342400,State Wide,01020525001600,Animal health and livestock diseases management
Support for Vetrinary Research participation Abroad,0.0,0.0,0.0,40000000.0,40000000.0,40000000.0,0.0,220,0.73284,0.75082,026800100100,Ministry of Livestocks and Fisheries Development,23050101,RESEARCH AND DEVELOPMENT,70981,EDUCATION N.E.C,33342400,State Wide,01020525001700,Animal health and livestock diseases management
"Procurement of the Proposed Veterinary Diagnostic Laboratory such as Microscopes, Laboaratory reagents etc (Biosafety 1-4) at Aliyu Jodi",0.0,60000000.0,0.0,0.0,0.0,0.0,0.0,220,0.74101,0.75899,026800100100,Ministry of Livestocks and Fisheries Development,23010122,PURCHASE OF HEALTH / MEDICAL EQUIPMENT,70761,HEALTH N.E.C.,33311600,SOKOTO NORTH,01020525001800,Animal health and livestock diseases management
"Equiping of the Existing Control Post and Inspection Stations at Sabon Birni, Wauru, Ruwawuri,Kuci, and Tangaza/L-PRES",0.0,66000000.0,0.0,60000000.0,60000000.0,60000000.0,0.0,220,0.74918,0.76716,026800100100,Ministry of Livestocks and Fisheries Development,23010122,PURCHASE OF HEALTH / MEDICAL EQUIPMENT,70761,HEALTH N.E.C.,33342400,State Wide,01020525002000,Animal health and livestock diseases management
"Rehabilitation of the Kara Markets at Sokoto, Illela and Achida",0.0,5400000.0,0.0,0.0,0.0,0.0,0.0,220,0.75735,0.77533,026800100100,Ministry of Livestocks and Fisheries Development,23030124,REHABILITATION/REPAIRS- MARKETS/PARKS,70411,GENERAL ECONOMIC AND COMMERCIALAFFAIRS,33342400,State Wide,01020525002100,Animal health and livestock diseases management
Procurement of Essential Meat Inspection equipment for Control and Eradication of Zoonotic Diseases across the state/L-PRES,11972000.0,40000000.0,0.0,20000000.0,20000000.0,20000000.0,0.0,220,0.76552,0.7835,026800100100,Ministry of Livestocks and Fisheries Development,23010122,PURCHASE OF HEALTH / MEDICAL EQUIPMENT,70761,HEALTH N.E.C.,33342400,State Wide,01020525002200,Animal health and livestock diseases management
Rehabilitation of the Slaughter Houses across the State,0.0,15400000.0,0.0,0.0,100000000.0,100000000.0,0.0,220,0.77369,0.79167,026800100100,Ministry of Livestocks and Fisheries Development,23030105,REHABILITATION / REPAIRS - HOSPITAL / HEALTH CENTRES,70761,HEALTH N.E.C.,33342400,State Wide,01020525002300,Animal health and livestock diseases management
"Procurement of Essential Equipment such as disinfectants, boots, aprons and other reagents for the Control of Avian Influenza in the State",9775000.0,0.0,0.0,10000000.0,10000000.0,10000000.0,0.0,220,0.78268,0.80065,026800100100,Ministry of Livestocks and Fisheries Development,23010122,PURCHASE OF HEALTH / MEDICAL EQUIPMENT,70761,HEALTH N.E.C.,33342400,State Wide,01020525002400,Animal health and livestock diseases management
Rehabilitation of the Existing Ultra Modern Abbatoir at Mahota,0.0,79000000.0,0.0,0.0,0.0,0.0,0.0,220,0.79085,0.80882,026800100100,Ministry of Livestocks and Fisheries Development,23030105,REHABILITATION / REPAIRS - HOSPITAL / HEALTH CENTRES,70733,MEDICAL AND MATERNITY CENTRE SERVICES,33311600,SOKOTO NORTH,01020525002500,Animal health and livestock diseases management
Establishment of Rugga Settlements in the Three(3) Senatorial Districts in Sokoto State/ L-PRES,0.0,98000000.0,0.0,976000000.0,500000000.0,500000000.0,0.0,220,0.79902,0.81699,026800100100,Ministry of Livestocks and Fisheries Development,23050109,POVERTY REDUCTION PROGRAMME AND PROJECTS,71061,HOUSING,33342400,State Wide,01020525002600,Animal health and livestock diseases management
Purchase of animal Feeds supliments for feed production across the State,0.0,0.0,0.0,150000000.0,150000000.0,150000000.0,0.0,220,0.80719,0.82516,026800100100,Ministry of Livestocks and Fisheries Development,23010140,PURCHASE OF AGRICULTURAL INPUTS,70421,AGRICULTURE,33342400,State Wide,01020525002700,Animal health and livestock diseases management
Construction of office block at kebbe cattle range,13323200.0,15000000.0,0.0,50000000.0,50000000.0,50000000.0,0.0,220,0.81536,0.83333,026800100100,Ministry of Livestocks and Fisheries Development,23020113,CONSTRUCTION / PROVISION OF AGRICULTURAL FACILITIES,70621,COMMUNITY DEVELOPMENT,33331000,KEBBE,01020525002800,Animal health and livestock diseases management
Improvement of Hides/Skin and Ternneries Activities through Adoption of Modern Technologies in the State,0.0,64000000.0,14595000.0,0.0,0.0,0.0,0.0,220,0.82353,0.8415,026800100100,Ministry of Livestocks and Fisheries Development,23050109,POVERTY REDUCTION PROGRAMME AND PROJECTS,70421,AGRICULTURE,33342400,State Wide,01020525002900,Animal health and livestock diseases management
"Construction of 4nos Livestock Service Centers at Dogon Daji, Illela, wamakko and wurno local government areas",25290000.0,59000000.0,5298000.0,124000000.0,0.0,0.0,0.0,220,0.8317,0.84967,026800100100,Ministry of Livestocks and Fisheries Development,23020113,CONSTRUCTION / PROVISION OF AGRICULTURAL FACILITIES,70421,AGRICULTURE,33342400,State Wide,01020525003100,Animal health and livestock diseases management
"Large ruminants, Small ruminants, Pseudo ruminants and micro livestock empowerment Sheme (cattle, camel, donkeys, Sheep, Goat and rabbit) across the State",0.0,0.0,0.0,300000000.0,500000000.0,500000000.0,0.0,220,0.83987,0.85784,026800100100,Ministry of Livestocks and Fisheries Development,23050109,POVERTY REDUCTION PROGRAMME AND PROJECTS,70411,GENERAL ECONOMIC AND COMMERCIALAFFAIRS,33342400,State Wide,01020525003200,Animal health and livestock diseases management
"Rehabilitation of the Existing Feeds Mill and Hatchery at vet Center, Aliyu Jedo Road and LIBC dogon daji Tambuwal LGA",20350000.0,0.0,0.0,100000000.0,100000000.0,100000000.0,0.0,220,0.84804,0.86601,026800100100,Ministry of Livestocks and Fisheries Development,23030112,REHABILITATION / REPAIRS - AGRICICULTURAL FACILITIES,70421,AGRICULTURE,33342400,State Wide,01020525003400,Animal health and livestock diseases management
"Support to Some Farmers and some Targeted Groups for Cattle, Sheeps, camels, donkey and rabbit Fattening across the State/ L-PRES",0.0,0.0,0.0,350000000.0,350000000.0,350000000.0,0.0,220,0.85621,0.87418,026800100100,Ministry of Livestocks and Fisheries Development,23050109,POVERTY REDUCTION PROGRAMME AND PROJECTS,71091,SOCIAL PROTECTION N.E.C.,33342400,State Wide,01020525003600,Animal health and livestock diseases management
Estabilsiment of Fish Market at Tashar Kura Sokoto South LGA.,0.0,85000000.0,0.0,830000000.0,80000000.0,80000000.0,0.0,220,0.86438,0.88235,026800100100,Ministry of Livestocks and Fisheries Development,23020124,CONSTRUCTION OF MARKETS/PARKS,70491,ECONOMIC AFFAIRS N.E.C.,33320500,GORONYO,01020525003800,Animal health and livestock diseases management
Purchase of Assorted Raw Materials for Supplementary and Pelleted Fish Feeds production for Sales to Farmers across the State,0.0,65000000.0,48650000.0,50000000.0,50000000.0,50000000.0,0.0,220,0.87255,0.89052,026800100100,Ministry of Livestocks and Fisheries Development,23010140,PURCHASE OF AGRICULTURAL INPUTS,70491,ECONOMIC AFFAIRS N.E.C.,33342400,State Wide,01020525003900,Animal health and livestock diseases management
"Redesigning of the Fish Farm Currently Affected by Flood at Kware, Wamakko and Wurno",0.0,77000000.0,0.0,250000000.0,250000000.0,250000000.0,0.0,220,0.88154,0.89951,026800100100,Ministry of Livestocks and Fisheries Development,23030112,REHABILITATION / REPAIRS - AGRICICULTURAL FACILITIES,70561,ENVIRONMENTAL PROTECTION N.E.C.,33342400,State Wide,01020525004000,Animal health and livestock diseases management
Multiplication and Conservation of the Endanged Fish and Livestock Species across the state/L-PRES,0.0,0.0,0.0,130000000.0,130000000.0,130000000.0,0.0,220,0.88971,0.90768,026800100100,Ministry of Livestocks and Fisheries Development,23050109,POVERTY REDUCTION PROGRAMME AND PROJECTS,71091,SOCIAL PROTECTION N.E.C.,33342400,State Wide,01020525004100,Animal health and livestock diseases management
State Wide Invetrolization of the Affected Water Bodies and Community Mobilization in the State,0.0,0.0,0.0,15000000.0,15000000.0,15000000.0,0.0,220,0.89788,0.91585,026800100100,Ministry of Livestocks and Fisheries Development,23030115,REHABILITATION / REPAIRS - WATER-WAY,70561,ENVIRONMENTAL PROTECTION N.E.C.,33342400,State Wide,01020525004200,Animal health and livestock diseases management
Establishment of Fish processing and Parkaging facilities in the State,0.0,0.0,0.0,60000000.0,60000000.0,60000000.0,0.0,221,0.09069,0.10866,026800100100,Ministry of Livestocks and Fisheries Development,23020113,CONSTRUCTION / PROVISION OF AGRICULTURAL FACILITIES,70471,"DISTRIBUTIVE TRADE, STORAGE AND WAREHOUSING",33342400,State Wide,01020525004300,Animal health and livestock diseases management
"Pilot Elimination of Severally Affected Water Bodies Through mechanical and biological method at (Lugu, kware and Atakwanyo etc)",0.0,50000000.0,0.0,0.0,0.0,0.0,0.0,221,0.09886,0.11683,026800100100,Ministry of Livestocks and Fisheries Development,23030115,REHABILITATION / REPAIRS - WATER-WAY,70631,WATER SUPPLY,33342400,State Wide,01020525004400,Animal health and livestock diseases management
"Procurement of collapsable ponds, nets, rubber fish ponds and other related Inputs to Increase in Fish Production across the State",0.0,83400000.0,23071423.0,120000000.0,120000000.0,120000000.0,0.0,221,0.10703,0.125,026800100100,Ministry of Livestocks and Fisheries Development,23050109,POVERTY REDUCTION PROGRAMME AND PROJECTS,70482,"R & D AGRICULTURE, FORESTRY, FISHING AND HUNTING",33342400,State Wide,01020525004600,Animal health and livestock diseases management
Establishment of the Fisheries Recreation Center at Kware,0.0,35312871.89,0.0,0.0,0.0,0.0,0.0,221,0.1152,0.13317,026800100100,Ministry of Livestocks and Fisheries Development,23020113,CONSTRUCTION / PROVISION OF AGRICULTURAL FACILITIES,70443,CONSTRUCTION,33311100,KWARE,01020525004800,Animal health and livestock diseases management
End User Development and Collaboration Programme in the State,0.0,45000000.0,23560000.0,0.0,0.0,0.0,0.0,221,0.12337,0.14134,026800100100,Ministry of Livestocks and Fisheries Development,23050109,POVERTY REDUCTION PROGRAMME AND PROJECTS,70411,GENERAL ECONOMIC AND COMMERCIALAFFAIRS,33342400,State Wide,01020525005000,Animal health and livestock diseases management
"Procurement of Ruminant Feeds Mill and other Related Equipment such as brans, lick-salt etc",2308300.0,0.0,0.0,0.0,0.0,0.0,0.0,221,0.13154,0.14951,026800100100,Ministry of Livestocks and Fisheries Development,23010140,PURCHASE OF AGRICULTURAL INPUTS,70491,ECONOMIC AFFAIRS N.E.C.,33342400,State Wide,01020525005200,Animal health and livestock diseases management
Acquisition of Facilities for the Establishment of Fisheries Service Center in Sokoto Metropolis,0.0,49000000.0,0.0,0.0,0.0,0.0,0.0,221,0.13971,0.15768,026800100100,Ministry of Livestocks and Fisheries Development,23020113,CONSTRUCTION / PROVISION OF AGRICULTURAL FACILITIES,70491,ECONOMIC AFFAIRS N.E.C.,33342400,State Wide,01020525005300,Animal health and livestock diseases management
"Purchase of Survey Equipment such as range poll, chain, compass etc and motorcycles for the Control",0.0,56000000.0,0.0,50000000.0,50000000.0,50000000.0,0.0,221,0.14788,0.16585,026800100100,Ministry of Livestocks and Fisheries Development,23010129,PURCHASE OF INDUSTRIAL EQUIPMENT 70491 - ECONOMIC AFFAIRS N.E.C.,,and Inspections of the Grazing Lands in the Sokoto,33342400,State Wide,01020525005400,Animal health and livestock diseases management
Construction of demacation points of Some Identified Stock Routes Using Concrete Pillars across the State,0.0,73609000.0,0.0,165000000.0,365000000.0,365000000.0,0.0,221,0.15605,0.17402,026800100100,Ministry of Livestocks and Fisheries Development,23020118,CONSTRUCTION / PROVISION OF INFRASTRUCTURE,70491,ECONOMIC AFFAIRS N.E.C.,33342400,State Wide,01020525005500,Animal health and livestock diseases management
Purchase of 1 no Toyota hilux 2019 model for inspections,18000000.0,0.0,0.0,0.0,0.0,0.0,0.0,221,0.16422,0.18219,026800100100,Ministry of Livestocks and Fisheries Development,23010105,PURCHASE OF MOTOR VEHICLES,70491,ECONOMIC AFFAIRS N.E.C.,33342400,State Wide,01020525005600,Animal health and livestock diseases management
Organizing Livestock and Cultural Activities and Management of the Lakes in Sokoto state,19965000.0,0.0,0.0,0.0,0.0,0.0,0.0,221,0.17239,0.19036,026800100100,Ministry of Livestocks and Fisheries Development,23050104,ANNIVERSARIES/CELEBRATIONS,70491,ECONOMIC AFFAIRS N.E.C.,33342400,State Wide,01020525005800,Animal health and livestock diseases management
Promotion and Development of Gumaru Lake Fishing Festival at Tambuwal local government,0.0,0.0,0.0,120000000.0,120000000.0,120000000.0,0.0,221,0.18137,0.19935,026800100100,Ministry of Livestocks and Fisheries Development,23050104,ANNIVERSARIES/CELEBRATIONS,70491,ECONOMIC AFFAIRS N.E.C.,33331800,TAMBUWAL,01020525005900,Animal health and livestock diseases management
Purchase of 8No unit of HP laptop Computers for Data Collection and Transmission for Proper Coodination of the Departments,0.0,0.0,0.0,30000000.0,30000000.0,30000000.0,0.0,221,0.18954,0.20752,026800100100,Ministry of Livestocks and Fisheries Development,23010113,PURCHASE OF COMPUTERS,70491,ECONOMIC AFFAIRS N.E.C.,33342400,State Wide,01020525006000,Animal health and livestock diseases management
Establishment of Central Information Management System in the ministry headquater,4835000.0,0.0,0.0,50000000.0,50000000.0,50000000.0,0.0,221,0.19771,0.21569,026800100100,Ministry of Livestocks and Fisheries Development,23020127,CONSTRUCTION OF ICT INFRASTRUCTURES,70491,ECONOMIC AFFAIRS N.E.C.,33342400,State Wide,01020525006100,Animal health and livestock diseases management
Purchase of 8Nos Motocycles for relevant Data Collection in the Ministry Zonal offices,0.0,0.0,0.0,40000000.0,40000000.0,40000000.0,0.0,221,0.20588,0.22386,026800100100,Ministry of Livestocks and Fisheries Development,23010104,PURCHASE MOTOR CYCLES,70491,ECONOMIC AFFAIRS N.E.C.,33342400,State Wide,01020525006200,Animal health and livestock diseases management
Rehabilitation of NYSC Lodge in Veterinary Subcenter in Aliyu Jedo Road,0.0,0.0,0.0,32977418.51,32977418.51,32977418.51,0.0,221,0.21405,0.23203,026800100100,Ministry of Livestocks and Fisheries Development,23030101,REHABILITATION / REPAIRS OF RESIDENTIAL BUILDING,70491,ECONOMIC AFFAIRS N.E.C.,33311600,SOKOTO NORTH,01020525006300,Animal health and livestock diseases management
"Procruement of 15 no. Bajaj motorcycles, 10 no. Kasea motorcycles and 5 no. Daylong motorcycles for monitoring and Supervision",0.0,0.0,0.0,259000000.0,0.0,0.0,0.0,221,0.22222,0.2402,026800100100,Ministry of Livestocks and Fisheries Development,23010104,PURCHASE MOTOR CYCLES,70491,ECONOMIC AFFAIRS N.E.C.,33342400,State Wide,01020526000100,Animal health and livestock diseases management
"Solar Installation for Ministry and Vetinary Hospitals, 15 no. LG refridgerator, 5 no. thermacool airconditioner 2Hp, 10 no. of LG airconditioner 2Hp (L-PRES Project) for Headquaters and Vetinary Hospital.",0.0,443414250.0,0.0,700000000.0,1959000000.0,1959000000.0,0.0,221,0.23039,0.24837,026800100100,Ministry of Livestocks and Fisheries Development,23010105,PURCHASE OF MOTOR VEHICLES,70491,ECONOMIC AFFAIRS N.E.C.,33342400,State Wide,01020525006500,Animal health and livestock diseases management
"Construction of Livestock Value Chain Hub (feed lant,Hides and skin and posture processing at Wamakko)",3845000.0,2160780000.0,1875877764.26,2897780000.0,5297780000.0,5297780000.0,0.0,221,0.23856,0.25654,026800100100,Ministry of Livestocks and Fisheries Development,23020113,CONSTRUCTION / PROVISION OF AGRICULTURAL FACILITIES,70491,ECONOMIC AFFAIRS N.E.C.,33342400,State Wide,01020525006600,Animal health and livestock diseases management
Research and Development Consultancy activities under L-PRES Project,0.0,0.0,0.0,300000000.0,0.0,0.0,0.0,221,0.24673,0.26471,026800100100,Ministry of Livestocks and Fisheries Development,23050101,RESEARCH AND DEVELOPMENT,70491,ECONOMIC AFFAIRS N.E.C.,33342400,State Wide,01020525006700,Animal health and livestock diseases management
Procurement of 23 sets of executive tables and chairs for Ministry and its Parastatals,0.0,0.0,0.0,300000000.0,0.0,0.0,0.0,221,0.2549,0.27288,026800100100,Ministry of Livestocks and Fisheries Development,23010112,PURCHASE OF OFFICE FURNITURE AND FITTINGS,70491,ECONOMIC AFFAIRS N.E.C.,33342400,State Wide,01020526000200,Animal health and livestock diseases management
Development of Grazing reserve for pasture production and Overhouling of Agric Mchines across the state,0.0,0.0,0.0,850000000.0,550000000.0,550000000.0,0.0,221,0.26307,0.28105,026800100100,Ministry of Livestocks and Fisheries Development,23040103,WILDLIFE CONSERVATION,70491,ECONOMIC AFFAIRS N.E.C.,33342400,State Wide,01020526000300,Animal health and livestock diseases management
Purchase of 20 no boats and 50 no canoes for distribution to fishermen across the state,0.0,0.0,0.0,100000000.0,200000000.0,200000000.0,0.0,221,0.27124,0.28922,026800100100,Ministry of Livestocks and Fisheries Development,23010109,PURCHASE OF SEA BOATS,70491,ECONOMIC AFFAIRS N.E.C.,33342400,State Wide,01020526000400,Animal health and livestock diseases management
Constuction of cattle shade at LIBC dogon daji and kebbe cattle range,0.0,0.0,0.0,100000000.0,100000000.0,100000000.0,0.0,221,0.28023,0.2982,026800100100,Ministry of Livestocks and Fisheries Development,23020113,CONSTRUCTION / PROVISION OF AGRICULTURAL FACILITIES,70491,ECONOMIC AFFAIRS N.E.C.,33342400,State Wide,01020526000500,Animal health and livestock diseases management
Construction of produce store at kebbe cattle range,0.0,0.0,0.0,50000000.0,50000000.0,50000000.0,0.0,221,0.2884,0.30637,026800100100,Ministry of Livestocks and Fisheries Development,23020113,CONSTRUCTION / PROVISION OF AGRICULTURAL FACILITIES,70491,ECONOMIC AFFAIRS N.E.C.,33331000,KEBBE,01020526000600,Animal health and livestock diseases management
Rehabilatation of sokoto diary plan at kantin daji,0.0,0.0,0.0,100000000.0,100000000.0,100000000.0,0.0,221,0.29657,0.31454,026800100100,Ministry of Livestocks and Fisheries Development,23030112,REHABILITATION / REPAIRS - AGRICICULTURAL FACILITIES,70491,ECONOMIC AFFAIRS N.E.C.,33311600,SOKOTO NORTH,01020526000700,Animal health and livestock diseases management
Fencing of Veterinary clinics premises in across local government areas with serious threats of enchrocment control post,0.0,0.0,0.0,100000000.0,100000000.0,100000000.0,0.0,221,0.30474,0.32271,026800100100,Ministry of Livestocks and Fisheries Development,23020122,CONSTRUCTION OF BOUNDARY PILLARS/ RIGHT OF WAYS,70491,ECONOMIC AFFAIRS N.E.C.,33342400,State Wide,01020526000800,Animal health and livestock diseases management
Demarcation of Livestock Service Centre in Wamakko Local Government,0.0,395000000.0,0.0,395000000.0,0.0,0.0,0.0,221,0.31291,0.33088,026800100100,Ministry of Livestocks and Fisheries Development,23020122,CONSTRUCTION OF BOUNDARY PILLARS/ RIGHT OF WAYS,70491,ECONOMIC AFFAIRS N.E.C.,33312100,WAMAKKO,01020525006800,Animal health and livestock diseases management
"Estabilshment of 8 veterinary clinic at rabah, gwadabawa, shagari, binji, dange shuni, sokoto north and sokoto sauth local government areas",0.0,0.0,0.0,350000000.0,350000000.0,350000000.0,0.0,221,0.32108,0.33905,026800100100,Ministry of Livestocks and Fisheries Development,23020106,CONSTRUCTION / PROVISION OF HOSPITALS / HEALTH CENTRES,70491,ECONOMIC AFFAIRS N.E.C.,33342400,State Wide,01020526000900,Animal health and livestock diseases management
Perimeter fencing of the proposed land for the establisment of specialist veterianary hospital at kwannawa,0.0,0.0,0.0,100000000.0,100000000.0,100000000.0,0.0,221,0.32925,0.34722,026800100100,Ministry of Livestocks and Fisheries Development,23020122,CONSTRUCTION OF BOUNDARY PILLARS/ RIGHT OF WAYS,70491,ECONOMIC AFFAIRS N.E.C.,33330300,DANGE SHUNI,01020526001000,Animal health and livestock diseases management
Purchase of animal Feeds for distribution To Targeted farmers across the State,0.0,76000000.0,15120000.0,89000000.0,89000000.0,89000000.0,0.0,221,0.3701,0.38807,026800200100,Livestock Development Programme,23010140,PURCHASE OF AGRICULTURAL INPUTS,70421,AGRICULTURE,33342400,State Wide,01020625000100,Livestock feeds development
Development of Grazing Reserve for posture production,0.0,50000000.0,0.0,50000000.0,50000000.0,50000000.0,0.0,221,0.37908,0.39706,026800200100,Livestock Development Programme,23050101,RESEARCH AND DEVELOPMENT,70421,AGRICULTURE,33342400,State Wide,01020625000200,Livestock feeds development
Empowerment to Livestock Farmers across the State,0.0,58000000.0,0.0,75000000.0,78000000.0,78000000.0,0.0,221,0.38725,0.40523,026800200100,Livestock Development Programme,23050101,RESEARCH AND DEVELOPMENT,70421,AGRICULTURE,33342400,State Wide,01020625000300,Livestock feeds development
Procurement of Ruminant Feed Mill and Other Related Equipment to top livestock stakeholders within the 23LGAs,18000000.0,0.0,0.0,25000000.0,0.0,0.0,0.0,221,0.39542,0.4134,026800200100,Livestock Development Programme,23010140,PURCHASE OF AGRICULTURAL INPUTS,70421,AGRICULTURE,33342400,State Wide,01020625000400,Livestock feeds development
"Provision of Extension Through the Production of Guides, Posters and Bills etc",0.0,18000000.0,18000000.0,25000000.0,25000000.0,25000000.0,0.0,221,0.40359,0.42157,026800200100,Livestock Development Programme,23050101,RESEARCH AND DEVELOPMENT,70421,AGRICULTURE,33342400,State Wide,01020625000500,Livestock feeds development
Small Ruminant Fattering scheme programme across the state ( sheep and goat ),0.0,70000000.0,0.0,70000000.0,70000000.0,70000000.0,0.0,221,0.41176,0.42974,026800200100,Livestock Development Programme,23050101,RESEARCH AND DEVELOPMENT,70421,AGRICULTURE,33342400,State Wide,01020625000600,Livestock feeds development
Empowerment of Poultry Farmers with adequate Credit Facilities in the State,0.0,95000000.0,0.0,0.0,10000000.0,10000000.0,0.0,221,0.45261,0.47059,026800300100,Poultry Development Agency,23050109,POVERTY REDUCTION PROGRAMME AND PROJECTS,70421,AGRICULTURE,33342400,State Wide,01020325000100,"Poultry, pig, and micro livestock production"
"Procurement of Modern Equipment such as Grinder, Pelleter, Dryer etc for Feed Mill, Hatcherries at Veterinary Center, Aliyu Jodi Road, Sokoto",20350000.0,50000000.0,0.0,10000000.0,10000000.0,10000000.0,0.0,221,0.46078,0.47876,026800300100,Poultry Development Agency,23010127,PURCHASE OF AGRICULTURAL EQUIPMENT,70421,AGRICULTURE,33342400,State Wide,01020325000200,"Poultry, pig, and micro livestock production"
Procurement of Grand Parent Stock (Broilers and Layers) for the Production of Fertile Egggs for our Local Hatcheries across the State,0.0,30000000.0,0.0,20000000.0,20000000.0,20000000.0,0.0,221,0.46895,0.48693,026800300100,Poultry Development Agency,23010140,PURCHASE OF AGRICULTURAL INPUTS,70421,AGRICULTURE,33342400,State Wide,01020325000200,"Poultry, pig, and micro livestock production"
Noiler Chicken Production Scheme across the State,0.0,55000000.0,0.0,100000000.0,200000000.0,200000000.0,0.0,221,0.47712,0.4951,026800300100,Poultry Development Agency,23050101,RESEARCH AND DEVELOPMENT,70421,AGRICULTURE,33342400,State Wide,01020325000300,"Poultry, pig, and micro livestock production"
"Construction of Poultry Farms/Shades in some selected secondary schools at Tambuwal Zone, Gwadabawa Zone and Sokoto South Zone",19965000.0,50000000.0,0.0,80000000.0,80000000.0,80000000.0,0.0,221,0.48611,0.50408,026800300100,Poultry Development Agency,23020113,CONSTRUCTION / PROVISION OF AGRICULTURAL FACILITIES,70421,AGRICULTURE,33342400,State Wide,01020325000400,"Poultry, pig, and micro livestock production"
"Procurement and Distribution of Poultry Vaccines such as Gumboro vaccines, Lasota and other necessary inputs across the state",0.0,20000000.0,0.0,26000000.0,20000000.0,20000000.0,0.0,221,0.49428,0.51225,026800300100,Poultry Development Agency,23010140,PURCHASE OF AGRICULTURAL INPUTS,70421,AGRICULTURE,33342400,State Wide,01020325000500,"Poultry, pig, and micro livestock production"
Youth Empowerment & Entreprenuership Development Activities in the State,0.0,300000000.0,30500000.0,0.0,0.0,0.0,0.0,221,0.53513,0.5531,028900100100,Ministry for Skills Acquisition and Entrepreneurship Development,23050109,POVERTY REDUCTION PROGRAMME AND PROJECTS,70811,RECREATIONAL AND SPORTING SERVICES,33342400,State Wide,03100126000900,Poverty Alleviation - General
Construction of Ultra-Modern Mega Skills Acquisition Hub at Wamakko LGA around BUA Cement plant,0.0,300000000.0,0.0,300000000.0,0.0,0.0,0.0,221,0.5433,0.56127,028900100100,Ministry for Skills Acquisition and Entrepreneurship Development,23020101,CONSTRUCTION / PROVISION OF OFFICE BUILDINGS,71091,SOCIAL PROTECTION N.E.C.,33312100,WAMAKKO,03100126001000,Poverty Alleviation - General
"Procurement of Starter Packs which include, tailorig, kneeting, solar installation, carpentery, paint making and costolmology for 12200 trainees",0.0,300000000.0,0.0,500000000.0,0.0,0.0,0.0,221,0.55147,0.56944,028900100100,Ministry for Skills Acquisition and Entrepreneurship Development,23010139,PURCHASE OF POVERTY AND EMERGENCY RELIEF MATERIALS,71091,SOCIAL PROTECTION N.E.C.,33342400,State Wide,03100126001100,Poverty Alleviation - General
Sokoto State Skill Acquisitions Scheme programme for people with disability across the 23 Local Government Area,0.0,300000000.0,0.0,0.0,0.0,0.0,0.0,221,0.55964,0.57761,028900100100,Ministry for Skills Acquisition and Entrepreneurship Development,23050101,RESEARCH AND DEVELOPMENT,71091,SOCIAL PROTECTION N.E.C.,33342400,State Wide,03100126001200,Poverty Alleviation - General
Procurement of 8no. Hp laptops and 4no. of hp Desktop for the 3 Senatorial skills centers and Ministry head qarters,0.0,0.0,0.0,20000000.0,0.0,0.0,0.0,221,0.56781,0.58578,028900100100,Ministry for Skills Acquisition and Entrepreneurship Development,23010113,PURCHASE OF COMPUTERS,71091,SOCIAL PROTECTION N.E.C.,33342400,State Wide,03100126001300,Poverty Alleviation - General
Renovation of 3 Existing Skills centers across the state Senatorial Zones,0.0,0.0,0.0,250000000.0,0.0,0.0,0.0,221,0.5768,0.59477,028900100100,Ministry for Skills Acquisition and Entrepreneurship Development,23030121,REHABILITATION / REPAIRS OF OFFICE BUILDINGS,71091,SOCIAL PROTECTION N.E.C.,33342400,State Wide,03100126001400,Poverty Alleviation - General
Procurement of 5 no. Hp printers and 8no. of Scanners,0.0,0.0,0.0,5000000.0,0.0,0.0,0.0,221,0.58497,0.60294,028900100100,Ministry for Skills Acquisition and Entrepreneurship Development,23010113,PURCHASE OF COMPUTERS,71091,SOCIAL PROTECTION N.E.C.,33342400,State Wide,03100126001500,Poverty Alleviation - General
Construction of power plant generator,0.0,35000000.0,0.0,30000000.0,30000000.0,30000000.0,0.0,221,0.62582,0.64379,031801100100,JUDICIAL SERVICE COMMISSION,23020125,CONSTRUCTION OF POWER GENERATING PLANTS,70331,LAW COURTS,33342400,State Wide,13100125000100,Reform of Government and Governance - General
Procurement of 2 N0 Toyota Camry corola Saloon & Parado Jeep for the Chairman,0.0,0.0,0.0,10000000.0,10000000.0,10000000.0,0.0,221,0.63399,0.65196,031801100100,JUDICIAL SERVICE COMMISSION,23010105,PURCHASE OF MOTOR VEHICLES,70331,LAW COURTS,33342400,State Wide,13100125000200,Reform of Government and Governance - General
Procurement of 5N0 Peugout 406 Saloon for Members and Secretary,0.0,0.0,0.0,10000000.0,10000000.0,10000000.0,0.0,221,0.64216,0.66013,031801100100,JUDICIAL SERVICE COMMISSION,23010105,PURCHASE OF MOTOR VEHICLES,70331,LAW COURTS,33342400,State Wide,13100125000300,Reform of Government and Governance - General
Construction of archive's block for storage of official documents/historical,0.0,25000000.0,0.0,25000000.0,25000000.0,25000000.0,0.0,221,0.65033,0.6683,031801100100,JUDICIAL SERVICE COMMISSION,23020101,CONSTRUCTION / PROVISION OF OFFICE BUILDINGS,70331,LAW COURTS,33342400,State Wide,13100125000400,Reform of Government and Governance - General
Renovation of exisiting Borehole at the commission complex,0.0,5000000.0,0.0,10000000.0,10000000.0,10000000.0,0.0,221,0.6585,0.67647,031801100100,JUDICIAL SERVICE COMMISSION,23030104,REHABILITATION / REPAIRS - WATER FACILITIES,70331,LAW COURTS,33342400,State Wide,13100125000500,Reform of Government and Governance - General
Procurement of 7 sets of executive chairs and tables for new JSC Secretariat,0.0,20000000.0,0.0,20000000.0,20000000.0,20000000.0,0.0,221,0.66667,0.68464,031801100100,JUDICIAL SERVICE COMMISSION,23010112,PURCHASE OF OFFICE FURNITURE AND FITTINGS,70331,LAW COURTS,33342400,State Wide,13100125000600,Reform of Government and Governance - General
Construction of overhead water tank and connecting public water with the new Secretariat,0.0,15000000.0,0.0,15000000.0,15000000.0,15000000.0,0.0,221,0.67484,0.69281,031801100100,JUDICIAL SERVICE COMMISSION,23020105,CONSTRUCTION / PROVISION OF WATER FACILITIES,70331,LAW COURTS,33342400,State Wide,13100125000700,Reform of Government and Governance - General
Construction of Library at JSC Complex,0.0,20000000.0,0.0,20000000.0,20000000.0,20000000.0,0.0,221,0.68382,0.7018,031801100100,JUDICIAL SERVICE COMMISSION,23020111,CONSTRUCTION / PROVISION OF LIBRARIES,70981,EDUCATION N.E.C,33342400,State Wide,13100125000800,Reform of Government and Governance - General
Connecting the Secretariat with internet intercome and maintenance,0.0,20000000.0,0.0,20000000.0,20000000.0,20000000.0,0.0,221,0.69199,0.70997,031801100100,JUDICIAL SERVICE COMMISSION,23020127,CONSTRUCTION OF ICT INFRASTRUCTURES,70331,LAW COURTS,33342400,State Wide,13100125001000,Reform of Government and Governance - General
Renovation of exisiting fencing wall,0.0,20000000.0,20000000.0,20000000.0,20000000.0,20000000.0,0.0,221,0.70016,0.71814,031801100100,JUDICIAL SERVICE COMMISSION,23030121,REHABILITATION / REPAIRS OF OFFICE BUILDINGS,70331,LAW COURTS,33342400,State Wide,13100125001100,Reform of Government and Governance - General
Construction of car park for member and staff,0.0,15000000.0,0.0,15000000.0,15000000.0,15000000.0,0.0,221,0.70833,0.72631,031801100100,JUDICIAL SERVICE COMMISSION,23020124,CONSTRUCTION OF MARKETS/PARKS,70331,LAW COURTS,33342400,State Wide,13100125001200,Reform of Government and Governance - General
Purchase of 20 no Dell and Hp Laptop Computers,0.0,25000000.0,0.0,25000000.0,25000000.0,25000000.0,0.0,221,0.7165,0.73448,031801100100,JUDICIAL SERVICE COMMISSION,23010113,PURCHASE OF COMPUTERS,70331,LAW COURTS,33342400,State Wide,13100125001200,Reform of Government and Governance - General
Purchase of 3 no Kyocera Photocopying Machines,0.0,35000000.0,0.0,25000000.0,25000000.0,25000000.0,0.0,221,0.72467,0.74265,031801100100,JUDICIAL SERVICE COMMISSION,23010115,PURCHASE OF PHOTOCOPYING MACHINES,70331,LAW COURTS,33342400,State Wide,13100125001300,Reform of Government and Governance - General
Purchase of 5 no Kyocera Computer Printers,0.0,25000000.0,0.0,25000000.0,25000000.0,25000000.0,0.0,221,0.73284,0.75082,031801100100,JUDICIAL SERVICE COMMISSION,23010114,PURCHASE OF COMPUTER PRINTERS,70331,LAW COURTS,33342400,State Wide,13100125001400,Reform of Government and Governance - General
Purchase of 2 no Shredding Machines,0.0,15000000.0,0.0,15000000.0,15000000.0,15000000.0,0.0,221,0.74101,0.75899,031801100100,JUDICIAL SERVICE COMMISSION,23010117,PURCHASE OF SHREDDING MACHINES,70331,LAW COURTS,33342400,State Wide,13100125001500,Reform of Government and Governance - General
Provision of Infrastructure Landscaping,0.0,25000000.0,0.0,25000000.0,25000000.0,25000000.0,0.0,221,0.74918,0.76716,031801100100,JUDICIAL SERVICE COMMISSION,23020118,CONSTRUCTION / PROVISION OF INFRASTRUCTURE,70331,LAW COURTS,33342400,State Wide,13100125001600,Reform of Government and Governance - General
"CONSTRUCTION OF ADDITIONAL 16 NO OF MAGISTRATES COURTS AT RBH,S/BRN. GRY, BNJ, TGZ, GUDU, DGS, KBE, SHGR, BDG, ILLELA,, R SAMBO, GUIWA",0.0,500000000.0,0.0,500000000.0,0.0,0.0,0.0,221,0.79085,0.80882,031805100100,State High Court,23020101,CONSTRUCTION / PROVISION OF OFFICE BUILDINGS,70331,LAW COURTS,33342400,State Wide,13100125000100,Reform of Government and Governance - General
PURCHASE OF 4NO ELECTRIC 300KVA GENERATOR FOR THE HIGC COURT COMPLEX AND MGST STATE,0.0,40272000.0,0.0,40759291.2,40759291.2,40759291.2,0.0,221,0.79902,0.81699,031805100100,State High Court,23010119,PURCHASE OF POWER GENERATING SET70331 - LAW COURTS,,WIDE,33342400,State Wide,13100125000200,Reform of Government and Governance - General
CONSTRUCTION OF CEREMONIAL COURT WITH CHIEF JUDGE CHAMBER AT HIGH COURT COMPLEX,0.0,5034000.0,0.0,500000000.0,2000000000.0,1500000000.0,0.0,221,0.80719,0.82516,031805100100,State High Court,23020101,CONSTRUCTION / PROVISION OF OFFICE BUILDINGS,70331,LAW COURTS,33312100,WAMAKKO,13100125000300,Reform of Government and Governance - General
CONSTRUCTION OF HIGH COURT DIVISION AT BINJI & GORONYO,0.0,176360000.0,0.0,0.0,0.0,0.0,0.0,221,0.81536,0.83333,031805100100,State High Court,23020101,CONSTRUCTION / PROVISION OF OFFICE BUILDINGS,70331,LAW COURTS,33342400,State Wide,13100125000400,Reform of Government and Governance - General
REHABILITATION OF HIGH COURT DIVISION BODINGA,0.0,176360000.0,0.0,0.0,0.0,0.0,0.0,221,0.82353,0.8415,031805100100,State High Court,23030121,REHABILITATION / REPAIRS OF OFFICE BUILDINGS,70331,LAW COURTS,33330200,BODINGA,13100125000500,Reform of Government and Governance - General
PURCHASE OF COMPUTERS WIRELESS INTERNET LINK AND EXTENSION FOR THE MAGISTRATE,0.0,70476000.0,0.0,71328756.6,71328756.6,71328756.6,0.0,221,0.8317,0.84967,031805100100,State High Court,23050102,COMPUTER SOFTWARE ACQUISITION,70331,LAW COURTS,33342400,State Wide,13100125000600,Reform of Government and Governance - General
RENOVATION OF NEW HIGH COURT COMPLEX SOKOTO,0.0,20136000.0,0.0,20379645.6,20379645.6,20379645.6,0.0,221,0.83987,0.85784,031805100100,State High Court,23030121,REHABILITATION / REPAIRS OF OFFICE BUILDINGS,70331,LAW COURTS,33312100,WAMAKKO,13100125000700,Reform of Government and Governance - General
PURCHASE OF NEW OFFICIAL RESIDENCE FOR THE HON C J,0.0,100000000.0,0.0,100000000.0,1000000000.0,1000000000.0,0.0,221,0.84804,0.86601,031805100100,State High Court,23010103,PURCHASE OF RESIDENTIAL BUILDINGS,70331,LAW COURTS,33312100,WAMAKKO,13100125000800,Reform of Government and Governance - General
RENOVATION OF C J SERVANT QUARTERS AT SAMA ROAD,0.0,30204000.0,0.0,0.0,0.0,0.0,0.0,221,0.85621,0.87418,031805100100,State High Court,23030103,REHABILITATION / REPAIRS - HOUSING,70331,LAW COURTS,33312100,WAMAKKO,13100125000900,Reform of Government and Governance - General
PURCHASE OF 1NO JEEP GAC 2025 MODEL FOR CR & 3 NO. TOYOLA COROLA 2025 MODEL FOR 3 DCRs,0.0,0.0,0.0,500000000.0,0.0,0.0,0.0,221,0.86438,0.88235,031805100100,State High Court,23010105,PURCHASE OF MOTOR VEHICLES,70331,LAW COURTS,33342400,State Wide,05040226000600,Instructional and learning materials
CONSTRUCTION OF STAFF CANTEEN AT HIGH COURT,0.0,60408000.0,0.0,61138936.8,61138936.8,61138936.8,0.0,221,0.87255,0.89052,031805100100,State High Court,23020101,CONSTRUCTION / PROVISION OF OFFICE BUILDINGS,70331,LAW COURTS,33312100,WAMAKKO,13100125001100,Reform of Government and Governance - General
CONSTRUCTION OF FENCE AT MAGISTRATE COURT 11 AND V11 NEAR AREA COMMANDER OFFICE,0.0,50340000.0,0.0,50949114.0,50949114.0,50949114.0,0.0,221,0.88154,0.89951,031805100100,State High Court,23020101,CONSTRUCTION / PROVISION OF OFFICE BUILDINGS,70331,LAW COURTS,33342400,State Wide,13100125001200,Reform of Government and Governance - General
CONSTRUCTION OF NEW MOSQUE AT GROUP OF MAGISTRATE AREA COMMAND SOK.,0.0,2013600.0,0.0,2037964.56,2037964.56,2037964.56,0.0,221,0.88971,0.90768,031805100100,State High Court,23020128,CONSTUCTION/PROVISION OF RELIGIOUS BUILDING,70331,LAW COURTS,33311600,SOKOTO NORTH,13100125001300,Reform of Government and Governance - General
CONSTRUCTION OF MOBILE COURT FOR SANITATION AND TRAFFIC,0.0,45306000.0,0.0,45854856.0,45854856.0,45854856.0,0.0,221,0.89788,0.91585,031805100100,State High Court,23020101,CONSTRUCTION / PROVISION OF OFFICE BUILDINGS,70331,LAW COURTS,33342400,State Wide,13100125001400,Reform of Government and Governance - General
PURCHASE OF PILOT CAR FOR HON C J,0.0,50340000.0,0.0,50949114.0,50949114.0,50949114.0,0.0,222,0.09069,0.10866,031805100100,State High Court,23010105,PURCHASE OF MOTOR VEHICLES,70331,LAW COURTS,33312100,WAMAKKO,13100125001500,Reform of Government and Governance - General
CONSTRUCTION OF 10 NO NEW RESIDENCE FOR HON JUDGES,0.0,15102000.0,0.0,15284734.2,15284734.2,15284734.2,0.0,222,0.09886,0.11683,031805100100,State High Court,23020102,CONSTRUCTION / PROVISION OF RESIDENTIAL BUILDINGS,70331,LAW COURTS,33342400,State Wide,13100125001600,Reform of Government and Governance - General
PURCHASE OF 4 NO TOYOTA HILUX 2020 MODEL,0.0,30204000.0,0.0,30569468.0,30569468.0,30569468.0,0.0,222,0.10703,0.125,031805100100,State High Court,23010105,PURCHASE OF MOTOR VEHICLES,70331,LAW COURTS,33342400,State Wide,13100125001700,Reform of Government and Governance - General
PURCHASE OF LAW BOOKS FOR MAGISTRATE S AND DISTRICT COURT,0.0,35238000.0,0.0,35664379.8,35664379.8,35664379.8,0.0,222,0.1152,0.13317,031805100100,State High Court,23010124,PURCHASE OF TEACHING / LEARNING AID EQUIPMENT,70331,LAW COURTS,33342400,State Wide,05040226000700,Instructional and learning materials
RENOVATION OF HIGH COURT COMPLEX SOKOTO,0.0,30204000.0,0.0,30569468.0,30569468.0,30569468.0,0.0,222,0.12337,0.14134,031805100100,State High Court,23030121,REHABILITATION / REPAIRS OF OFFICE BUILDINGS,70331,LAW COURTS,33311500,SILAME,13100125001900,Reform of Government and Governance - General
PURCHASE OF 15 NO CHAIRS AND TABLES FOR HIGH COURT DIVISION AT TAMBUWAL & ISA,0.0,151020000.0,0.0,0.0,0.0,0.0,0.0,222,0.13154,0.14951,031805100100,State High Court,23010112,PURCHASE OF OFFICE FURNITURE AND FITTINGS,70331,LAW COURTS,33342400,State Wide,13100125002000,Reform of Government and Governance - General
PURCHASE OF 18 NO CHAIRS AND TABLES FOR 7NO RENTED COURT ROOMS,0.0,50340000.0,0.0,50949114.0,50949114.0,50949114.0,0.0,222,0.13971,0.15768,031805100100,State High Court,23010112,PURCHASE OF OFFICE FURNITURE AND FITTINGS,70331,LAW COURTS,33342400,State Wide,13100125002400,Reform of Government and Governance - General
RE-CONSTRUCTION OF DELAFIDATED CMC KWANNAWA DANGE SHUNI L/G,0.0,120816000.0,0.0,0.0,0.0,0.0,0.0,222,0.14788,0.16585,031805100100,State High Court,23020101,CONSTRUCTION / PROVISION OF OFFICE BUILDINGS,70331,LAW COURTS,33330300,DANGE SHUNI,13100125002500,Reform of Government and Governance - General
PURCHASE OF LAW BOOKS AND WEEKLY LAW REPORT FOR LIBRARY AND HON C J CHAMBER,0.0,25170000.0,0.0,25474557.0,25474557.0,25474557.0,0.0,222,0.15605,0.17402,031805100100,State High Court,23010125,PURCHASE OF LIBRARY BOOKS & EQUIPMENT,70331,LAW COURTS,33342400,State Wide,13100125002600,Reform of Government and Governance - General
Renovation of 25No Upper and lower Sharia Courts,0.0,200000000.0,0.0,102061000.0,102061000.0,102061000.0,0.0,222,0.19771,0.21569,031805500100,Shari’a Court of Appeal,23030121,REHABILITATION / REPAIRS OF OFFICE BUILDINGS,70331,LAW COURTS,33342400,State Wide,13100125000100,Reform of Government and Governance - General
Construction of 6 no Houses for 6 New Hon. Khadis in the State,0.0,50000000.0,0.0,51000000.0,51000000.0,51000000.0,0.0,222,0.20588,0.22386,031805500100,Shari’a Court of Appeal,23020104,CONSTRUCTION / PROVISION OF HOUSING,70331,LAW COURTS,33342400,State Wide,13100125000200,Reform of Government and Governance - General
Construction of Libraries for Lower/Upper sharia courts at Sokoto metropolis,0.0,140000000.0,0.0,140000000.0,140000000.0,140000000.0,0.0,222,0.21405,0.23203,031805500100,Shari’a Court of Appeal,23020111,CONSTRUCTION / PROVISION OF LIBRARIES,70981,EDUCATION N.E.C,33342400,State Wide,13100125000300,Reform of Government and Governance - General
"Purchase of Generator 100KVA for Sharia Court Zonal offices, Tambuwal",0.0,30000000.0,0.0,32000000.0,32000000.0,32000000.0,0.0,222,0.22222,0.2402,031805500100,Shari’a Court of Appeal,23010119,PURCHASE OF POWER GENERATING SET,70331,LAW COURTS,33331800,TAMBUWAL,13100125000400,Reform of Government and Governance - General
Fencing of Lower Sharia Court/Upper Sharia Court residence in the State,0.0,100000000.0,0.0,100000000.0,100000000.0,100000000.0,0.0,222,0.23039,0.24837,031805500100,Shari’a Court of Appeal,23030121,REHABILITATION / REPAIRS OF OFFICE BUILDINGS,70331,LAW COURTS,33342400,State Wide,13100125000700,Reform of Government and Governance - General
Procurement and Installation of Solar Power for Upper and Lower Courts in the State,0.0,60000000.0,0.0,60000000.0,60000000.0,60000000.0,0.0,222,0.23856,0.25654,031805500100,Shari’a Court of Appeal,23010119,PURCHASE OF POWER GENERATING SET,70331,LAW COURTS,33342400,State Wide,13100125001000,Reform of Government and Governance - General
Procurement and Installation of Solar Power at Divisional Courts a cross the State,0.0,10000000.0,0.0,10000000.0,10000000.0,10000000.0,0.0,222,0.24673,0.26471,031805500100,Shari’a Court of Appeal,23010119,PURCHASE OF POWER GENERATING SET,70331,LAW COURTS,33342400,State Wide,13100125001100,Reform of Government and Governance - General
Construction of ICT Centre at Sharia court of appeal headquarters.,0.0,35000000.0,0.0,35000000.0,35000000.0,35000000.0,0.0,222,0.2549,0.27288,031805500100,Shari’a Court of Appeal,23020127,CONSTRUCTION OF ICT INFRASTRUCTURES,70331,LAW COURTS,33342400,State Wide,13100125001200,Reform of Government and Governance - General
Renovation of 33 No Houses for Upper and Lower Sharia Courts of Judges across the State,0.0,140000000.0,0.0,141000000.0,141000000.0,141000000.0,0.0,222,0.26307,0.28105,031805500100,Shari’a Court of Appeal,23030103,REHABILITATION / REPAIRS - HOUSING,70331,LAW COURTS,33342400,State Wide,13100125001400,Reform of Government and Governance - General
Renovation of Hon Grand khadi and khadis Residence Houses,0.0,140000000.0,15000000.0,140000000.0,140000000.0,140000000.0,0.0,222,0.27124,0.28922,031805500100,Shari’a Court of Appeal,23030121,REHABILITATION / REPAIRS OF OFFICE BUILDINGS,70331,LAW COURTS,33342400,State Wide,13100125001500,Reform of Government and Governance - General
Construction of Mini Clinic at the Sharia Court Complex,0.0,140000000.0,0.0,140000000.0,140000000.0,140000000.0,0.0,222,0.28023,0.2982,031805500100,Shari’a Court of Appeal,23020106,CONSTRUCTION / PROVISION OF HOSPITALS / HEALTH CENTRES,70331,LAW COURTS,33342400,State Wide,13100125001600,Reform of Government and Governance - General
Construction of Rent Tribunal Complex,0.0,300000000.0,0.0,250000000.0,250000000.0,250000000.0,0.0,222,0.32108,0.33905,032600100100,Ministry of Justice,23020101,CONSTRUCTION / PROVISION OF OFFICE BUILDINGS,70331,LAW COURTS,33342400,State Wide,13100125000300,Reform of Government and Governance - General
Construction of Attorney Gen. Zonal offices at Isah,0.0,0.0,0.0,0.0,50000000.0,50000000.0,0.0,222,0.32925,0.34722,032600100100,Ministry of Justice,23020101,CONSTRUCTION / PROVISION OF OFFICE BUILDINGS,70331,LAW COURTS,33320900,ISA,13100125000400,Reform of Government and Governance - General
Construction of Attorney Gen. Zonal offices at Gwadabawa,0.0,0.0,0.0,0.0,50000000.0,50000000.0,0.0,222,0.33742,0.35539,032600100100,Ministry of Justice,23020101,CONSTRUCTION / PROVISION OF OFFICE BUILDINGS,70331,LAW COURTS,33320700,GWADABAWA,13100125000500,Reform of Government and Governance - General
Construction of Attorney Gen. Zonal offices Tambuwal,0.0,0.0,0.0,0.0,50000000.0,50000000.0,0.0,222,0.34559,0.36356,032600100100,Ministry of Justice,23020101,CONSTRUCTION / PROVISION OF OFFICE BUILDINGS,70331,LAW COURTS,33331800,TAMBUWAL,13100125000600,Reform of Government and Governance - General
Renovation of Existing Library at the Ministry,0.0,0.0,0.0,210000000.0,60000000.0,60000000.0,0.0,222,0.35376,0.37173,032600100100,Ministry of Justice,23030110,REHABILITATION / REPAIRS - LIBRARIES,70331,LAW COURTS,33342400,State Wide,13100125000800,Reform of Government and Governance - General
Construction of New Ministry of Justice Complex at Usman Faruk Sectretariate,0.0,1200000000.0,791176696.35,1500000000.0,1000000000.0,1000000000.0,0.0,222,0.36193,0.3799,032600100100,Ministry of Justice,23020101,CONSTRUCTION / PROVISION OF OFFICE BUILDINGS,70331,LAW COURTS,33342400,State Wide,13100125001000,Reform of Government and Governance - General
Purchase of 10 no tables and chairs for the New Ministry of Justice Complex,0.0,50000000.0,0.0,150000000.0,150000000.0,150000000.0,0.0,222,0.3701,0.38807,032600100100,Ministry of Justice,23010112,PURCHASE OF OFFICE FURNITURE AND FITTINGS,70331,LAW COURTS,33342400,State Wide,13100125001100,Reform of Government and Governance - General
Establishing of open Government Partnership Programme with Conferences in the State,0.0,200000000.0,0.0,150000000.0,150000000.0,150000000.0,0.0,222,0.37908,0.39706,032600100100,Ministry of Justice,23050103,MONITORING AND EVALUATION,70331,LAW COURTS,33342400,State Wide,13100125001200,Reform of Government and Governance - General
Purchase of Law Books for the State,0.0,50000000.0,0.0,100000000.0,0.0,0.0,0.0,222,0.41993,0.43791,032600200100,Law Reform Commission,23010125,PURCHASE OF LIBRARY BOOKS & EQUIPMENT,70981,EDUCATION N.E.C,33342400,State Wide,13100125000100,Reform of Government and Governance - General
Revison of Laws of Sokoto State,0.0,100000000.0,0.0,400000000.0,0.0,0.0,0.0,222,0.4281,0.44608,032600200100,Law Reform Commission,23050101,RESEARCH AND DEVELOPMENT,70331,LAW COURTS,33342400,State Wide,13100125000200,Reform of Government and Governance - General
Codification of Sharia and Civil Law(Caliphate Civil Code),0.0,50000000.0,0.0,0.0,0.0,0.0,0.0,222,0.43627,0.45425,032600200100,Law Reform Commission,23050101,RESEARCH AND DEVELOPMENT,70331,LAW COURTS,33342400,State Wide,13100125000300,Reform of Government and Governance - General
Renovation of Law Reforms Commission Office,0.0,100000000.0,0.0,100000000.0,100000000.0,100000000.0,0.0,222,0.44444,0.46242,032600200100,Law Reform Commission,23050101,RESEARCH AND DEVELOPMENT,70331,LAW COURTS,33311700,SOKOTO SOUTH,13100125000400,Reform of Government and Governance - General
"Purchase of 5 no. executive chairs, tables and 2 no. Shalves",0.0,5170000.0,0.0,5170000.0,5170000.0,5170000.0,0.0,222,0.45261,0.47059,032600200100,Law Reform Commission,23010112,PURCHASE OF OFFICE FURNITURE AND FITTINGS,70331,LAW COURTS,33311700,SOKOTO SOUTH,13100125000500,Reform of Government and Governance - General
Completion of 1st phase/construction of 2nd phase,0.0,100000000.0,0.0,550000000.0,50000000.0,50000000.0,0.0,222,0.49428,0.51225,032600600500,Sokoto College of Legal & Islamic St.,23020107,CONSTRUCTION / PROVISION OF PUBLIC SCHOOLS,70331,LAW COURTS,33322200,WURNO,05100125000100,Education Not Elsewhere Classified
Purchase of Library Assotex Text Books,0.0,25000000.0,0.0,20000000.0,20000000.0,20000000.0,0.0,222,0.50245,0.52042,032600600500,Sokoto College of Legal & Islamic St.,23010125,PURCHASE OF LIBRARY BOOKS & EQUIPMENT,70331,LAW COURTS,33322200,WURNO,05100125000200,Education Not Elsewhere Classified
Purchase of 3nos K.V.A Generators,0.0,25000000.0,0.0,0.0,0.0,0.0,0.0,222,0.51062,0.52859,032600600500,Sokoto College of Legal & Islamic St.,23010119,PURCHASE OF POWER GENERATING SET,70331,LAW COURTS,33322200,WURNO,05100125000300,Education Not Elsewhere Classified
Purchase of Academic Robes,0.0,20000000.0,0.0,0.0,0.0,0.0,0.0,222,0.51879,0.53676,032600600500,Sokoto College of Legal & Islamic St.,23050104,ANNIVERSARIES/CELEBRATIONS,70981,EDUCATION N.E.C,33322200,WURNO,05100125000400,Education Not Elsewhere Classified
Convocation and Provision of Certificates to 23 years Ex-students,0.0,80000000.0,0.0,0.0,0.0,0.0,0.0,222,0.52696,0.54493,032600600500,Sokoto College of Legal & Islamic St.,23050104,ANNIVERSARIES/CELEBRATIONS,70981,EDUCATION N.E.C,33322200,WURNO,05100125000700,Education Not Elsewhere Classified
"Purchase of chairs, tables, hospital beds, drawers, microscope College Clinic",0.0,0.0,0.0,20000000.0,20000000.0,20000000.0,0.0,222,0.53513,0.5531,032600600500,Sokoto College of Legal & Islamic St.,23010112,PURCHASE OF OFFICE FURNITURE AND FITTINGS,70981,EDUCATION N.E.C,33322200,WURNO,05100125000900,Education Not Elsewhere Classified
Construction of perimeter wall fence at Female Hostel of the College of Legal and Islamic Studies,0.0,100000000.0,0.0,0.0,0.0,0.0,0.0,222,0.5433,0.56127,032600600500,Sokoto College of Legal & Islamic St.,23020122,CONSTRUCTION OF BOUNDARY PILLARS/ RIGHT OF WAYS,70981,EDUCATION N.E.C,33322200,WURNO,05100125001000,Education Not Elsewhere Classified
Procurement and installation of 40nos of hp laptops for ICT,0.0,0.0,0.0,50000000.0,50000000.0,50000000.0,0.0,222,0.55147,0.56944,032600600500,Sokoto College of Legal & Islamic St.,23010113,PURCHASE OF COMPUTERS,70331,LAW COURTS,33322200,WURNO,05100126000400,Education Not Elsewhere Classified
Procurement and installation of 20nos of security CCTV cameras within the school premises,0.0,0.0,0.0,50000000.0,50000000.0,50000000.0,0.0,222,0.55964,0.57761,032600600500,Sokoto College of Legal & Islamic St.,23010128,PURCHASE OF SECURITY EQUIPMENT,70331,LAW COURTS,33322200,WURNO,05100126000500,Education Not Elsewhere Classified
Procurement of 20 sets of executive chairs and tables for adminstrative block of College of Legal and Islamic Studies,0.0,0.0,0.0,30000000.0,30000000.0,30000000.0,0.0,222,0.56781,0.58578,032600600500,Sokoto College of Legal & Islamic St.,23010112,PURCHASE OF OFFICE FURNITURE AND FITTINGS,70331,LAW COURTS,33322200,WURNO,05100126000600,Education Not Elsewhere Classified
Procurement and Installation of Solar Power for admin block and hostels,0.0,0.0,0.0,50000000.0,50000000.0,50000000.0,0.0,222,0.5768,0.59477,032600600500,Sokoto College of Legal & Islamic St.,23010119,PURCHASE OF POWER GENERATING SET,70981,EDUCATION N.E.C,33322200,WURNO,05100126000700,Education Not Elsewhere Classified
Construction of additional Offices in the premises of the complex,0.0,12000000.0,0.0,12000000.0,12000000.0,12000000.0,0.0,222,0.61765,0.63562,032600700500,Tenancy Control and Safety of Person Agency,23020101,CONSTRUCTION / PROVISION OF OFFICE BUILDINGS,70361,PUBLIC ORDER AND SAFETY N.E.C.,33312100,WAMAKKO,13100125000100,Reform of Government and Governance - General
Construction of Offices in 23 Local Governments,0.0,50000000.0,0.0,50000000.0,50000000.0,50000000.0,0.0,222,0.62582,0.64379,032600700500,Tenancy Control and Safety of Person Agency,23020101,CONSTRUCTION / PROVISION OF OFFICE BUILDINGS,70361,PUBLIC ORDER AND SAFETY N.E.C.,33342400,State Wide,13100125000200,Reform of Government and Governance - General
Construction of Perimeter Wall fence of the premises of the Commission,0.0,10000000.0,0.0,10000000.0,10000000.0,10000000.0,0.0,222,0.63399,0.65196,032600700500,Tenancy Control and Safety of Person Agency,23020122,CONSTRUCTION OF BOUNDARY PILLARS/ RIGHT OF WAYS,70361,PUBLIC ORDER AND SAFETY N.E.C.,33312100,WAMAKKO,13100125000400,Reform of Government and Governance - General
"Renovation of Youth Development Centre, Sokoto",0.0,100000000.0,0.0,0.0,200000000.0,200000000.0,0.0,222,0.67484,0.69281,051300100100,Ministry of Youth and Sports Development,23030121,REHABILITATION / REPAIRS OF OFFICE BUILDINGS,70811,RECREATIONAL AND SPORTING SERVICES,33342400,State Wide,08100124000100,Youth - General
"Purchase of welding machines, vulcanizing machines, electrical and ectronic mechanical tools for Yout",0.0,300000000.0,0.0,200000000.0,200000000.0,200000000.0,0.0,222,0.68382,0.7018,051300100100,Ministry of Youth and Sports Development,23010129,PURCHASE OF INDUSTRIAL EQUIPMENT 70811 - RECREATIONAL AND SPORTING SERVICES,,h Empowerment & Development in the State,33342400,State Wide,08100124000200,Youth - General
"Construction of New Stadium at Sokoto New City, Kasarawa",0.0,398155000.0,0.0,400000000.0,900000000.0,900000000.0,0.0,222,0.69199,0.70997,051300100100,Ministry of Youth and Sports Development,23020112,CONSTRUCTION / PROVISION OF SPORTING FACILITIES,70811,RECREATIONAL AND SPORTING SERVICES,33342400,State Wide,08100124000300,Youth - General
"Construction of Indoor Hall at Sokoto New City, Kasarawa",0.0,100000000.0,0.0,300000000.0,300000000.0,300000000.0,0.0,222,0.70016,0.71814,051300100100,Ministry of Youth and Sports Development,23020112,CONSTRUCTION / PROVISION OF SPORTING FACILITIES,70811,RECREATIONAL AND SPORTING SERVICES,33342400,State Wide,08100124000400,Youth - General
Renovation of Sokoto United Players Camp,0.0,15000000.0,0.0,10000000.0,10000000.0,10000000.0,0.0,222,0.70833,0.72631,051300100100,Ministry of Youth and Sports Development,23030101,REHABILITATION / REPAIRS OF RESIDENTIAL BUILDING,70811,RECREATIONAL AND SPORTING SERVICES,33342400,State Wide,08100124000500,Youth - General
Purchase of 10 no chairs and tables for Sports Medical Centre at Giginya Memorial,0.0,12000000.0,0.0,16000000.0,16000000.0,16000000.0,0.0,222,0.7165,0.73448,051300100100,Ministry of Youth and Sports Development,23010112,PURCHASE OF OFFICE FURNITURE AND FITTINGS,70811,RECREATIONAL AND SPORTING SERVICES,33342400,State Wide,08100124000600,Youth - General
Renovation of Giginya Memorial Stadium,0.0,324168681.0,4650000.0,9000000000.0,1000000000.0,1000000000.0,0.0,222,0.72467,0.74265,051300100100,Ministry of Youth and Sports Development,23030111,REHABILITATION / REPAIRS - SPORTING FACILITIES,70811,RECREATIONAL AND SPORTING SERVICES,33342400,State Wide,08100124000700,Youth - General
Renovation of NYSC Orientation Camp at Wamakko,0.0,150000000.0,0.0,1200000000.0,750000000.0,750000000.0,0.0,222,0.73284,0.75082,051300100100,Ministry of Youth and Sports Development,23030118,REHABILITATION / REPAIRS - RECREATIONAL FACILITIES,70811,RECREATIONAL AND SPORTING SERVICES,33342400,State Wide,08100124000800,Youth - General
Construction of Zonal Youth Development Centres in the State,0.0,50000000.0,0.0,0.0,0.0,0.0,0.0,222,0.74101,0.75899,051300100100,Ministry of Youth and Sports Development,23020101,CONSTRUCTION / PROVISION OF OFFICE BUILDINGS,70811,RECREATIONAL AND SPORTING SERVICES,33342400,State Wide,08100124000900,Youth - General
Construction of Perimeter wall fence of New Polo Club at Kwannawa,0.0,0.0,0.0,300000000.0,300000000.0,300000000.0,0.0,222,0.74918,0.76716,051300100100,Ministry of Youth and Sports Development,23020112,CONSTRUCTION / PROVISION OF SPORTING FACILITIES,70811,RECREATIONAL AND SPORTING SERVICES,33342400,State Wide,08100126000100,Youth - General
Procurement of 3 No. of 32 Seater Coaster Bus 2022 model for sporting activities,0.0,0.0,0.0,0.0,300000000.0,300000000.0,0.0,222,0.75735,0.77533,051300100100,Ministry of Youth and Sports Development,23010108,PURCHASE OF BUSES,70811,RECREATIONAL AND SPORTING SERVICES,33342400,State Wide,08100124001100,Youth - General
Construction of Administrative block and Pavillion at new Polo Club Kwannawa,0.0,0.0,0.0,200000000.0,200000000.0,200000000.0,0.0,222,0.76552,0.7835,051300100100,Ministry of Youth and Sports Development,23020101,CONSTRUCTION / PROVISION OF OFFICE BUILDINGS,70811,RECREATIONAL AND SPORTING SERVICES,33342400,State Wide,08100126000200,Youth - General
Renovation of NYSC Offices at State NYSC Secretariat,0.0,50000000.0,0.0,100000000.0,100000000.0,100000000.0,0.0,222,0.77369,0.79167,051300100100,Ministry of Youth and Sports Development,23030118,REHABILITATION / REPAIRS - RECREATIONAL FACILITIES,70811,RECREATIONAL AND SPORTING SERVICES,33342400,State Wide,08100124001300,Youth - General
Purhase and Installtion of Solar at Ministry of Youth and Sport Head Quarters,0.0,10000000.0,0.0,20000000.0,20000000.0,20000000.0,0.0,222,0.78268,0.80065,051300100100,Ministry of Youth and Sports Development,23010119,PURCHASE OF POWER GENERATING SET,70811,RECREATIONAL AND SPORTING SERVICES,33342400,State Wide,08100124001500,Youth - General
Construction of Zonal Youth Development Centre at Bodinga,0.0,50000000.0,0.0,0.0,0.0,0.0,0.0,222,0.79085,0.80882,051300100100,Ministry of Youth and Sports Development,23020119,CONSTRUCTION / PROVISION OF RECREATIONAL FACILITIES,70811,RECREATIONAL AND SPORTING SERVICES,33342400,State Wide,08100124001600,Youth - General
Construction of Zonal Youth Development Centre at Wamakko,0.0,50000000.0,0.0,0.0,0.0,0.0,0.0,222,0.79902,0.81699,051300100100,Ministry of Youth and Sports Development,23020119,CONSTRUCTION / PROVISION OF RECREATIONAL FACILITIES,70811,RECREATIONAL AND SPORTING SERVICES,33342400,State Wide,08100124001700,Youth - General
Construction of Zonal Youth Development Centre at Gwadabawa,0.0,20000000.0,0.0,10000000.0,10000000.0,10000000.0,0.0,222,0.80719,0.82516,051300100100,Ministry of Youth and Sports Development,23020119,CONSTRUCTION / PROVISION OF RECREATIONAL FACILITIES,70811,RECREATIONAL AND SPORTING SERVICES,33342400,State Wide,08100124001800,Youth - General
Renovation of Zonal Sports office at Tambuwal,0.0,10000000.0,0.0,0.0,0.0,0.0,0.0,222,0.81536,0.83333,051300100100,Ministry of Youth and Sports Development,23030118,REHABILITATION / REPAIRS - RECREATIONAL FACILITIES,70811,RECREATIONAL AND SPORTING SERVICES,33342400,State Wide,08100124001900,Youth - General
Renovation of Zonal Sports office at Wurno,0.0,10000000.0,0.0,0.0,0.0,0.0,0.0,222,0.82353,0.8415,051300100100,Ministry of Youth and Sports Development,23030118,REHABILITATION / REPAIRS - RECREATIONAL FACILITIES,70811,RECREATIONAL AND SPORTING SERVICES,33342400,State Wide,08100124002000,Youth - General
Renovation of Zonal Sports office at Gwadabwa,0.0,10000000.0,0.0,0.0,0.0,0.0,0.0,222,0.8317,0.84967,051300100100,Ministry of Youth and Sports Development,23030118,REHABILITATION / REPAIRS - RECREATIONAL FACILITIES,70811,RECREATIONAL AND SPORTING SERVICES,33342400,State Wide,08100124002100,Youth - General
Construction of NYSC Zonal monitoring office at Sokoto,0.0,50000000.0,0.0,50000000.0,50000000.0,50000000.0,0.0,222,0.83987,0.85784,051300100100,Ministry of Youth and Sports Development,23020101,CONSTRUCTION / PROVISION OF OFFICE BUILDINGS,70811,RECREATIONAL AND SPORTING SERVICES,33342400,State Wide,08100124002200,Youth - General
Renovation of NYSC Zonal Office at Bodinga,0.0,3000000.0,0.0,0.0,0.0,0.0,0.0,222,0.84804,0.86601,051300100100,Ministry of Youth and Sports Development,23030121,REHABILITATION / REPAIRS OF OFFICE BUILDINGS,70811,RECREATIONAL AND SPORTING SERVICES,33342400,State Wide,08100124002300,Youth - General
Renovation of NYSC Zonal Office at Sokoto South,0.0,5000000.0,0.0,0.0,0.0,0.0,0.0,222,0.85621,0.87418,051300100100,Ministry of Youth and Sports Development,23030121,REHABILITATION / REPAIRS OF OFFICE BUILDINGS,70811,RECREATIONAL AND SPORTING SERVICES,33342400,State Wide,08100124002400,Youth - General
Renovation of NYSC Zonal Office at Tangaza,0.0,3000000.0,0.0,0.0,0.0,0.0,0.0,222,0.86438,0.88235,051300100100,Ministry of Youth and Sports Development,23030121,REHABILITATION / REPAIRS OF OFFICE BUILDINGS,70811,RECREATIONAL AND SPORTING SERVICES,33342400,State Wide,08100124002500,Youth - General
Construction of Modern Toilet facility at Giginya Memorial Stadium,0.0,60000000.0,0.0,20000000.0,20000000.0,20000000.0,0.0,222,0.87255,0.89052,051300100100,Ministry of Youth and Sports Development,23020112,CONSTRUCTION / PROVISION OF SPORTING FACILITIES,70811,RECREATIONAL AND SPORTING SERVICES,33342400,State Wide,08100124002600,Youth - General
Construction of Senator Aliyu Magatakarda Race Course at Durbawa,0.0,500000000.0,0.0,371000000.0,500000000.0,500000000.0,0.0,222,0.88154,0.89951,051300100100,Ministry of Youth and Sports Development,23020101,CONSTRUCTION / PROVISION OF OFFICE BUILDINGS,70811,RECREATIONAL AND SPORTING SERVICES,33342400,State Wide,08100124002700,Youth - General
Renovation of Zonal Sports Offices,0.0,0.0,0.0,2000000.0,2000000.0,2000000.0,0.0,222,0.88971,0.90768,051300100100,Ministry of Youth and Sports Development,23030118,REHABILITATION / REPAIRS - RECREATIONAL FACILITIES,70811,RECREATIONAL AND SPORTING SERVICES,33342400,State Wide,08100126000300,Youth - General
Purchase and Distribution of Youth Empowerment and Development Programme Tools and Gadgets,0.0,0.0,0.0,209000000.0,80000000.0,80000000.0,0.0,222,0.89788,0.91585,051300100100,Ministry of Youth and Sports Development,23010126,PURCHASE OF SPORTING / GAMING EQUIPMENT,70811,RECREATIONAL AND SPORTING SERVICES,33342400,State Wide,08100126000400,Youth - General
Construction of Zonal Youth Development Centre at Gwadabawa,0.0,0.0,0.0,10000000.0,10000000.0,10000000.0,0.0,223,0.09069,0.10866,051300100100,Ministry of Youth and Sports Development,23020101,CONSTRUCTION / PROVISION OF OFFICE BUILDINGS,70811,RECREATIONAL AND SPORTING SERVICES,33342400,State Wide,08100126000500,Youth - General
Construction of Zonal Youth Development Centre at Tambuwal,0.0,0.0,0.0,10000000.0,10000000.0,10000000.0,0.0,223,0.09886,0.11683,051300100100,Ministry of Youth and Sports Development,23020101,CONSTRUCTION / PROVISION OF OFFICE BUILDINGS,70811,RECREATIONAL AND SPORTING SERVICES,33342400,State Wide,08100126000600,Youth - General
Construction of mordern traditional Games Facillity at Giginya Memorial Stadium,0.0,0.0,0.0,15000000.0,15000000.0,15000000.0,0.0,223,0.10703,0.125,051300100100,Ministry of Youth and Sports Development,23020119,CONSTRUCTION / PROVISION OF RECREATIONAL FACILITIES,70811,RECREATIONAL AND SPORTING SERVICES,33342400,State Wide,08100126000700,Youth - General
Purchase of 300 Trycle bicycle for disable for ease transportation,0.0,40000000.0,37781400.0,140000000.0,140000000.0,140000000.0,0.0,223,0.14788,0.16585,051300300100,Agency for Persons Living With Disabilities,23010104,PURCHASE MOTOR CYCLES,71012,DISABILITY,33342400,State Wide,23060324000100,Disability Insurance and Disability Benefit
"Purchase of 3 No training equipment for People with special Need Rehabilitation centre at Goronyo, Bodinga and Kware",0.0,30000000.0,21832000.0,130000000.0,130000000.0,130000000.0,0.0,223,0.15605,0.17402,051300300100,Agency for Persons Living With Disabilities,23010124,PURCHASE OF TEACHING / LEARNING AID EQUIPMENT,71012,DISABILITY,33342400,State Wide,23060324000200,Disability Insurance and Disability Benefit
"Procurement of audio and music equipments such as loudspeakers, Amplifiers, FM listening systems, hearing aids, Audio books",0.0,150000000.0,144742741.67,150000000.0,150000000.0,150000000.0,0.0,223,0.16422,0.18219,051300300100,Agency for Persons Living With Disabilities,23010124,PURCHASE OF TEACHING / LEARNING AID EQUIPMENT,71012,DISABILITY,33342400,State Wide,23060324000300,Disability Insurance and Disability Benefit
"Construction of 1 solar powered Borehales 1 in each of centres bodinga, Goronyo and Kware Local Governments.",0.0,30000000.0,0.0,150000000.0,150000000.0,150000000.0,0.0,223,0.17239,0.19036,051300300100,Agency for Persons Living With Disabilities,23020105,CONSTRUCTION / PROVISION OF WATER FACILITIES,71012,DISABILITY,33342400,State Wide,23060324000400,Disability Insurance and Disability Benefit
"Renovation of office accomodation in each of the three skill Acquisition centres of Goronyo, Kware and Bodinga",0.0,50000000.0,27608000.0,150000000.0,150000000.0,150000000.0,0.0,223,0.18137,0.19935,051300300100,Agency for Persons Living With Disabilities,23030121,REHABILITATION / REPAIRS OF OFFICE BUILDINGS,71012,DISABILITY,33342400,State Wide,23060324000500,Disability Insurance and Disability Benefit
"Purchase of 5 no. leather sewing machines, 5 no. roller machines, 5 no. leather cutting machines, 5 no.",0.0,0.0,0.0,70000000.0,70000000.0,70000000.0,0.0,223,0.18954,0.20752,051300300100,Agency for Persons Living With Disabilities,23010129,PURCHASE OF INDUSTRIAL EQUIPMENT 71012 - DISABILITY,,"intelligent speed regulations, 5 no. butterfly weaving machines",33342400,State Wide,23060324000600,Disability Insurance and Disability Benefit
Small scale loans to boost small Scale Enterprise Industries in the 23 Local Government Areas in the State (Revolving Fund),0.0,0.0,0.0,100000000.0,100000000.0,100000000.0,0.0,223,0.19771,0.21569,051300300100,Agency for Persons Living With Disabilities,23050108,CAPACITY DEVELOPMENT,71012,DISABILITY,33342400,State Wide,23060324000700,Disability Insurance and Disability Benefit
Re-Capitalisation & Acquisition of Shares by Investment Company,0.0,0.0,0.0,10000000.0,10000000.0,10000000.0,0.0,223,0.20588,0.22386,051300300100,Agency for Persons Living With Disabilities,23050101,RESEARCH AND DEVELOPMENT,71012,DISABILITY,33342400,State Wide,23060324000800,Disability Insurance and Disability Benefit
Funding of feasibility studies and processing of other data necessary for setting up of industries in the State and cooperate transformation.,0.0,0.0,0.0,10000000.0,10000000.0,10000000.0,0.0,223,0.21405,0.23203,051300300100,Agency for Persons Living With Disabilities,23050101,RESEARCH AND DEVELOPMENT,71012,DISABILITY,33342400,State Wide,23060324000900,Disability Insurance and Disability Benefit
Construction of new block of offices for Chairman and 3 Permanent members of the Commission at Rehabilitation center,0.0,50000000.0,0.0,150000000.0,150000000.0,150000000.0,0.0,223,0.22222,0.2402,051300300100,Agency for Persons Living With Disabilities,23020101,CONSTRUCTION / PROVISION OF OFFICE BUILDINGS,71012,DISABILITY,33342400,State Wide,23060324001000,Disability Insurance and Disability Benefit
Construction of 3 Zonal Offices of the Commission at Goronyo and Kware L/Govt.,0.0,50000000.0,0.0,180000000.0,180000000.0,180000000.0,0.0,223,0.23039,0.24837,051300300100,Agency for Persons Living With Disabilities,23020101,CONSTRUCTION / PROVISION OF OFFICE BUILDINGS,71012,DISABILITY,33342400,State Wide,23060324001100,Disability Insurance and Disability Benefit
General Renovation of Wammako Drop-in-Centre (Second chance education) at wammako LGA,0.0,0.0,0.0,400000000.0,400000000.0,400000000.0,0.0,223,0.27124,0.28922,051400100100,Ministry for Women Affairs,23030106,REHABILITATION / REPAIRS - PUBLIC SCHOOLS,70951,EDUCATION NOT DEFINABLE BY LEVEL,33312100,WAMAKKO,23030126000100,Women's Economic Empowerment
"Procurement of Menstrual Health and Hygiene commodities such as Sanitary Pads, hand sanitize, dettols, for distributions to in-school and out of school adolescents’ girls in the 23 LGAs.",0.0,0.0,0.0,20000000.0,20000000.0,20000000.0,0.0,223,0.28023,0.2982,051400100100,Ministry for Women Affairs,23010122,PURCHASE OF HEALTH / MEDICAL EQUIPMENT,70761,HEALTH N.E.C.,33342400,State Wide,04030326000102,Adolescent health
Construction and equiping of 1 SARC center at Shagari Local Govt.,0.0,0.0,0.0,300000000.0,300000000.0,300000000.0,0.0,223,0.2884,0.30637,051400100100,Ministry for Women Affairs,23020106,CONSTRUCTION / PROVISION OF HOSPITALS / HEALTH CENTRES,70761,HEALTH N.E.C.,33342400,State Wide,04030326000202,Adolescent health
General renovation/upgrading of Maryam Abacha Women and Children Hospital Sokoto.,0.0,400000000.0,0.0,800000000.0,800000000.0,800000000.0,0.0,223,0.29657,0.31454,051400100100,Ministry for Women Affairs,23030105,REHABILITATION / REPAIRS - HOSPITAL / HEALTH CENTRES,70761,HEALTH N.E.C.,33311600,SOKOTO NORTH,04050126000102,Functional health facilities
General renovation/upgrade of Maryam Abacha Multipurpose centre at Ibrahim Dasuki Road and Muhammad Bankanu Sokoto,0.0,200000000.0,0.0,600000000.0,600000000.0,600000000.0,0.0,223,0.30474,0.32271,051400100100,Ministry for Women Affairs,23030106,REHABILITATION / REPAIRS - PUBLIC SCHOOLS,70161,GENERAL PUBLIC SERVICES N.E.C.,33311700,SOKOTO SOUTH,23030126000200,Women's Economic Empowerment
Renovation of Maryam Abacha Multi-purpose centre for admission of children at Ibrahim Dasuki Road sokoto,0.0,350000000.0,0.0,0.0,0.0,0.0,0.0,223,0.31291,0.33088,051400100100,Ministry for Women Affairs,23030106,REHABILITATION / REPAIRS - PUBLIC SCHOOLS,70981,EDUCATION N.E.C,33311700,SOKOTO SOUTH,23030126000300,Women's Economic Empowerment
General renovation of women Development centre at Ibrahim Dasuki Road Sokoto,0.0,500000000.0,292003181.25,400000000.0,400000000.0,400000000.0,0.0,223,0.32108,0.33905,051400100100,Ministry for Women Affairs,23030121,REHABILITATION / REPAIRS OF OFFICE BUILDINGS,70981,EDUCATION N.E.C,33311700,SOKOTO SOUTH,23030126000400,Women's Economic Empowerment
"Renovation of model Women Development Centre in 8 LGAs phase I (Gada, Rabah, Gwadabawa, Dange Shuni, Sokoto South, Kebbe, Silame, Wamakko)",0.0,150000000.0,0.0,800000000.0,800000000.0,800000000.0,0.0,223,0.32925,0.34722,051400100100,Ministry for Women Affairs,23030121,REHABILITATION / REPAIRS OF OFFICE BUILDINGS,70981,EDUCATION N.E.C,33342400,State Wide,23030126000500,Women's Economic Empowerment
"Procurement of processing machines (soap making, groundnut processing machine etc) for Women D",0.0,300000000.0,0.0,0.0,0.0,0.0,0.0,223,0.33742,0.35539,051400100100,Ministry for Women Affairs,23010129,PURCHASE OF INDUSTRIAL EQUIPMENT 71071 - SOCIAL EXCLUSION N.E.C.,,evelopment Centre at Ibrahim Dasuki Road Sokoto,33311700,SOKOTO SOUTH,23030126000600,Women's Economic Empowerment
"Purchase of hospital beds, tables and chairs for VVF patients centre at MAWCH Sokoto",0.0,50000000.0,0.0,0.0,0.0,0.0,0.0,223,0.34559,0.36356,051400100100,Ministry for Women Affairs,23010112,PURCHASE OF OFFICE FURNITURE AND FITTINGS,70761,HEALTH N.E.C.,33311600,SOKOTO NORTH,04050126000202,Functional health facilities
"Procurement of Tailoring, knitting, Pomade making machines etc across the 23 LGA's of the State (Women Empowerment Scheme).(cid:10)",0.0,300000000.0,0.0,800000000.0,800000000.0,800000000.0,0.0,223,0.35376,0.37173,051400100100,Ministry for Women Affairs,23010139,PURCHASE OF POVERTY AND EMERGENCY RELIEF MATERIALS,71071,SOCIAL EXCLUSION N.E.C.,33342400,State Wide,23030126000700,Women's Economic Empowerment
Provision of additional parking lots at Maryam Abacha Multi-purpose Centre and women Development Centre at Ibrahim Dasuki Road,0.0,30000000.0,0.0,0.0,0.0,0.0,0.0,223,0.36193,0.3799,051400100100,Ministry for Women Affairs,23020101,CONSTRUCTION / PROVISION OF OFFICE BUILDINGS,70161,GENERAL PUBLIC SERVICES N.E.C.,33311700,SOKOTO SOUTH,23030126000800,Women's Economic Empowerment
Renovation of five classrooms for tailoring and kniting at Wamakko Drop in Centre,0.0,140000000.0,0.0,0.0,0.0,0.0,0.0,223,0.3701,0.38807,051400100100,Ministry for Women Affairs,23030106,REHABILITATION / REPAIRS - PUBLIC SCHOOLS,71071,SOCIAL EXCLUSION N.E.C.,33312100,WAMAKKO,23030126000900,Women's Economic Empowerment
Procurement of delivery kits for pregnant Women across the 23 LGAs.,0.0,270000000.0,0.0,70000000.0,70000000.0,70000000.0,0.0,223,0.37908,0.39706,051400100100,Ministry for Women Affairs,23050101,RESEARCH AND DEVELOPMENT,70761,HEALTH N.E.C.,33311600,SOKOTO NORTH,04030126000102,"Reproductive, maternal and neonatal health"
"Rehabilitation of children Recreation centre at Maryam Abacha multi-purpose center, Ibarahim Dasuki Road Sokoto",0.0,200000000.0,0.0,0.0,0.0,0.0,0.0,223,0.38725,0.40523,051400100100,Ministry for Women Affairs,23030111,REHABILITATION / REPAIRS - SPORTING FACILITIES,70161,GENERAL PUBLIC SERVICES N.E.C.,33311700,SOKOTO SOUTH,23030126001000,Women's Economic Empowerment
"Procurement of ICT services materials such as Internet Based platforms including medical record system (EMRS), for VVF and GBV case management",0.0,35000000.0,0.0,0.0,0.0,0.0,0.0,223,0.39542,0.4134,051400100100,Ministry for Women Affairs,23050102,COMPUTER SOFTWARE ACQUISITION,70161,GENERAL PUBLIC SERVICES N.E.C.,33342400,State Wide,23030126001100,Women's Economic Empowerment
NG - CARES Livelihood Programme,0.0,500602500.0,0.0,0.0,500000000.0,500000000.0,0.0,223,0.40359,0.42157,051400100100,Ministry for Women Affairs,23050101,RESEARCH AND DEVELOPMENT,70161,GENERAL PUBLIC SERVICES N.E.C.,33342400,State Wide,23030126001200,Women's Economic Empowerment
Provision of skills/techniques to rural women for saving and loan exercises for self reliance.,0.0,250000000.0,0.0,0.0,0.0,0.0,0.0,223,0.41176,0.42974,051400100100,Ministry for Women Affairs,23050108,CAPACITY DEVELOPMENT,71091,SOCIAL PROTECTION N.E.C.,33342400,State Wide,23030126001300,Women's Economic Empowerment
Construction of 1 central shelter and 3 transit shelter across the State,0.0,100000000.0,0.0,0.0,0.0,0.0,0.0,223,0.41993,0.43791,051400100100,Ministry for Women Affairs,23020106,CONSTRUCTION / PROVISION OF HOSPITALS / HEALTH CENTRES,70161,GENERAL PUBLIC SERVICES N.E.C.,33342400,State Wide,23030126001400,Women's Economic Empowerment
Social Cash transfers to poor and vulnarable households acroos 23 LGAs cushion the effect of Covid-19 under CARES- NIGERIA PROJECT,0.0,500000000.0,0.0,0.0,500000000.0,500000000.0,0.0,223,0.4281,0.44608,051400100100,Ministry for Women Affairs,23050101,RESEARCH AND DEVELOPMENT,70161,GENERAL PUBLIC SERVICES N.E.C.,33342400,State Wide,23030126001500,Women's Economic Empowerment
Nigereia for women programme in the State,0.0,1000513620.0,0.0,0.0,1000000000.0,1000000000.0,0.0,223,0.43627,0.45425,051400100100,Ministry for Women Affairs,23050101,RESEARCH AND DEVELOPMENT,71091,SOCIAL PROTECTION N.E.C.,33342400,State Wide,23030126001600,Women's Economic Empowerment
Purchase of chairs for Model Women Development Centre across 23 LGAs (phase I),0.0,80000000.0,0.0,0.0,0.0,0.0,0.0,223,0.44444,0.46242,051400100100,Ministry for Women Affairs,23010112,PURCHASE OF OFFICE FURNITURE AND FITTINGS,70161,GENERAL PUBLIC SERVICES N.E.C.,33342400,State Wide,23030126001700,Women's Economic Empowerment
Procurement of Starter Pack for Skills acquisition graduants at Women Development Centre and Wamakko Drop in Centre,0.0,130000000.0,0.0,50000000.0,50000000.0,50000000.0,0.0,223,0.45261,0.47059,051400100100,Ministry for Women Affairs,23010139,PURCHASE OF POVERTY AND EMERGENCY RELIEF MATERIALS,71091,SOCIAL PROTECTION N.E.C.,33312100,WAMAKKO,23030126001800,Women's Economic Empowerment
Conduct of children's perliament,0.0,20000000.0,0.0,20000000.0,20000000.0,20000000.0,0.0,223,0.46078,0.47876,051400100100,Ministry for Women Affairs,23050101,RESEARCH AND DEVELOPMENT,70161,GENERAL PUBLIC SERVICES N.E.C.,33342400,State Wide,23030126001900,Women's Economic Empowerment
Conduct of Ramadan Lectures for Women,0.0,150000000.0,69800000.0,80000000.0,80000000.0,80000000.0,0.0,223,0.46895,0.48693,051400100100,Ministry for Women Affairs,23050101,RESEARCH AND DEVELOPMENT,70981,EDUCATION N.E.C,33342400,State Wide,23030126002000,Women's Economic Empowerment
Rehabilitation of 2 Blocks of 3 Classrooms at GGDSS S/BIRNI SOKOTO,0.0,33505749.25,0.0,370000000.0,0.0,0.0,0.0,223,0.51062,0.52859,051700100100,Ministry for Basic Education,23030106,REHABILITATION / REPAIRS - PUBLIC SCHOOLS,70922,UPPER-SECONDARY EDUCATION,33311600,SOKOTO NORTH,05050122000200,Schools’ infrastructure construction and rehabilitation
"Rehabilitation of 4 students Hostels at GGMSS, ILLELA",0.0,700000000.0,700000000.0,144170836.43,700000000.0,700000000.0,0.0,223,0.51879,0.53676,051700100100,Ministry for Basic Education,23030106,REHABILITATION / REPAIRS - PUBLIC SCHOOLS,70922,UPPER-SECONDARY EDUCATION,33320800,ILLELA,05050122000300,Schools’ infrastructure construction and rehabilitation
"Completion of Two Storey Building of 3 Classrooms and Admin. Block at GDSS, KOFAR RINI",0.0,22379089.06,0.0,0.0,0.0,0.0,0.0,223,0.52696,0.54493,051700100100,Ministry for Basic Education,23020107,CONSTRUCTION / PROVISION OF PUBLIC SCHOOLS,70922,UPPER-SECONDARY EDUCATION,33311600,SOKOTO NORTH,05050122000400,Schools’ infrastructure construction and rehabilitation
"Completion of 2 Storey Building of 6 Classrooms at GGDASS, YAR GABAS, SOKOTO",0.0,30196467.0,0.0,350000000.0,350000000.0,350000000.0,0.0,223,0.53513,0.5531,051700100100,Ministry for Basic Education,23020107,CONSTRUCTION / PROVISION OF PUBLIC SCHOOLS,70922,UPPER-SECONDARY EDUCATION,33311600,SOKOTO NORTH,05050122000500,Schools’ infrastructure construction and rehabilitation
"Reabilitation of 6 Blocks of 3 Classrooms at GSS, KEBBE",0.0,80567890.89,0.0,0.0,0.0,0.0,0.0,223,0.5433,0.56127,051700100100,Ministry for Basic Education,23030106,REHABILITATION / REPAIRS - PUBLIC SCHOOLS,70922,UPPER-SECONDARY EDUCATION,33331000,KEBBE,05050122000600,Schools’ infrastructure construction and rehabilitation
Construction of New Abdullahi Bara'u Secondary School D/Daji,0.0,500000000.0,320186666.99,500000000.0,500000000.0,500000000.0,0.0,223,0.55147,0.56944,051700100100,Ministry for Basic Education,23020107,CONSTRUCTION / PROVISION OF PUBLIC SCHOOLS,70922,UPPER-SECONDARY EDUCATION,33331800,TAMBUWAL,05050122000700,Schools’ infrastructure construction and rehabilitation
"Rehabilitation of 6 Blocks of 3 Classrooms, 4 Students Hostels 6 Toilets at GGUSS BODINGA",0.0,0.0,0.0,245737082.54,500000000.0,500000000.0,0.0,223,0.55964,0.57761,051700100100,Ministry for Basic Education,23030106,REHABILITATION / REPAIRS - PUBLIC SCHOOLS,70922,UPPER-SECONDARY EDUCATION,33330200,BODINGA,05050122000800,Schools’ infrastructure construction and rehabilitation
Total Rehabilitation at Sheikh Abubakar Mahmud Gummi College Sokoto,0.0,400000000.0,320220162.75,368142300.0,200000000.0,200000000.0,0.0,223,0.56781,0.58578,051700100100,Ministry for Basic Education,23030106,REHABILITATION / REPAIRS - PUBLIC SCHOOLS,70922,UPPER-SECONDARY EDUCATION,33311700,SOKOTO SOUTH,05050122000900,Schools’ infrastructure construction and rehabilitation
Rehabilitation of 6 Blocks of 3 Classrooms and 3 students Hostels at HABMASS Sokoto,0.0,510700000.0,177423021.34,120000000.0,300000000.0,300000000.0,0.0,223,0.5768,0.59477,051700100100,Ministry for Basic Education,23030106,REHABILITATION / REPAIRS - PUBLIC SCHOOLS,70922,UPPER-SECONDARY EDUCATION,33311700,SOKOTO SOUTH,05050122001000,Schools’ infrastructure construction and rehabilitation
"Construction of 2 Blocks of three Bedrooms Staff Quarters at GDSS,Kilgori",0.0,60843132.96,0.0,0.0,0.0,0.0,0.0,223,0.58497,0.60294,051700100100,Ministry for Basic Education,23020107,CONSTRUCTION / PROVISION OF PUBLIC SCHOOLS,70922,UPPER-SECONDARY EDUCATION,33332300,YABO,05050122001100,Schools’ infrastructure construction and rehabilitation
Completion of 4 Blocks of 4 Classrooms and 6 Toilets at GGSS Sanyinna,0.0,91285724.0,0.0,0.0,0.0,0.0,0.0,223,0.59314,0.61111,051700100100,Ministry for Basic Education,23020107,CONSTRUCTION / PROVISION OF PUBLIC SCHOOLS,70922,UPPER-SECONDARY EDUCATION,33331800,TAMBUWAL,05050122001200,Schools’ infrastructure construction and rehabilitation
Completion of 4 Blocks of 3 Classrooms and 6 Toilets at GDSS Ambarura,0.0,20760108.0,0.0,0.0,0.0,0.0,0.0,223,0.60131,0.61928,051700100100,Ministry for Basic Education,23020107,CONSTRUCTION / PROVISION OF PUBLIC SCHOOLS,70922,UPPER-SECONDARY EDUCATION,33320800,ILLELA,05050122001300,Schools’ infrastructure construction and rehabilitation
Completion of 2 Storey building of 6 Classrooms at GDSS Tambuwal,0.0,133667715.47,0.0,300000000.0,750000000.0,750000000.0,0.0,223,0.60948,0.62745,051700100100,Ministry for Basic Education,23020107,CONSTRUCTION / PROVISION OF PUBLIC SCHOOLS,70922,UPPER-SECONDARY EDUCATION,33331800,TAMBUWAL,05050122001500,Schools’ infrastructure construction and rehabilitation
"Rehabilitation of Government Day Secondary School Illela, Dan Kuda",0.0,291915777.25,0.0,255381500.24,500000000.0,500000000.0,0.0,223,0.61765,0.63562,051700100100,Ministry for Basic Education,23030106,REHABILITATION / REPAIRS - PUBLIC SCHOOLS,70922,UPPER-SECONDARY EDUCATION,33320800,ILLELA,05050122001700,Schools’ infrastructure construction and rehabilitation
Completion of 3 Blocks of 3 Classrooms and 6 Toilets at GDSS Kadadin Buda,0.0,126927985.88,0.0,0.0,0.0,0.0,0.0,223,0.62582,0.64379,051700100100,Ministry for Basic Education,23020107,CONSTRUCTION / PROVISION OF PUBLIC SCHOOLS,70922,UPPER-SECONDARY EDUCATION,33320400,GADA,05050122001900,Schools’ infrastructure construction and rehabilitation
"Total Renovation of Sultan Abubakar College, Sokoto",0.0,454780158.0,222020514.33,279312002.92,500000000.0,500000000.0,0.0,223,0.63399,0.65196,051700100100,Ministry for Basic Education,23030106,REHABILITATION / REPAIRS - PUBLIC SCHOOLS,70922,UPPER-SECONDARY EDUCATION,33311700,SOKOTO SOUTH,05050122002000,Schools’ infrastructure construction and rehabilitation
"Rehabilitation of 4 Blocks of 3 Classrooms and Admin Block at GDSS, Mabera",0.0,350000000.0,0.0,350000000.0,350000000.0,350000000.0,0.0,223,0.64216,0.66013,051700100100,Ministry for Basic Education,23030106,REHABILITATION / REPAIRS - PUBLIC SCHOOLS,70922,UPPER-SECONDARY EDUCATION,33311700,SOKOTO SOUTH,05050122002300,Schools’ infrastructure construction and rehabilitation
Renovation of 2 Blocks of 6 classrooms and 4 toilets at GDSS Goronyo,0.0,50350000.0,0.0,150350000.0,150350000.0,150350000.0,0.0,223,0.65033,0.6683,051700100100,Ministry for Basic Education,23030106,REHABILITATION / REPAIRS - PUBLIC SCHOOLS,70922,UPPER-SECONDARY EDUCATION,33342400,State Wide,05050122002500,Schools’ infrastructure construction and rehabilitation
"Procurement of 50 no. microscope, 50 no. centrifuging machine, 50 no. autoclave, 50 no. dessicator, 5000 no. test tubes",0.0,150148931.0,122500000.0,350000000.0,500000000.0,500000000.0,0.0,223,0.6585,0.67647,051700100100,Ministry for Basic Education,23010124,PURCHASE OF TEACHING / LEARNING AID EQUIPMENT,70922,UPPER-SECONDARY EDUCATION,33342400,State Wide,05040222002600,Instructional and learning materials
"Procurement of 16,000 no. 3 seater Tables and Chairs",0.0,350000000.0,345298059.09,1000000000.0,1000000000.0,1000000000.0,0.0,223,0.66667,0.68464,051700100100,Ministry for Basic Education,23010112,PURCHASE OF OFFICE FURNITURE AND FITTINGS,70922,UPPER-SECONDARY EDUCATION,33342400,State Wide,05100122002800,Education Not Elsewhere Classified
Procurements of Text Books for Basic and Post Basic Schools,0.0,83676440.0,0.0,700000000.0,700000000.0,700000000.0,0.0,223,0.67484,0.69281,051700100100,Ministry for Basic Education,23010124,PURCHASE OF TEACHING / LEARNING AID EQUIPMENT,70922,UPPER-SECONDARY EDUCATION,33342400,State Wide,05040222002900,Instructional and learning materials
Procurement of 50 HP Laptop Computers & 100 Tablets for Schools Headteachers,0.0,44460000.0,0.0,20000000.0,20000000.0,20000000.0,0.0,223,0.68382,0.7018,051700100100,Ministry for Basic Education,23010113,PURCHASE OF COMPUTERS,70922,UPPER-SECONDARY EDUCATION,33342400,State Wide,05060122003000,"ICT equipment, software and expertise"
"Procurement of Vocational and Technical Equipments (Such as Machinaries, i.e Capentry, Welding, Woodwork and Tailoring machines) to Basic and Senior Secondary Schools at Out of School Children Gandu area Sokoto",0.0,0.0,0.0,150000000.0,250000000.0,250000000.0,0.0,223,0.69199,0.70997,051700100100,Ministry for Basic Education,23010124,PURCHASE OF TEACHING / LEARNING AID EQUIPMENT,70922,UPPER-SECONDARY EDUCATION,33342400,State Wide,05060222003100,Research and development
Sustainability activities on Girls Education Project (1) with UNICEF Project,0.0,150000000.0,0.0,0.0,0.0,0.0,0.0,223,0.70016,0.71814,051700100100,Ministry for Basic Education,23050103,MONITORING AND EVALUATION,70922,UPPER-SECONDARY EDUCATION,33342400,State Wide,05010222003300,Human and institutional capacity performance management
Girls Education Project (11) with State to State,0.0,50000000.0,0.0,0.0,0.0,0.0,0.0,223,0.70833,0.72631,051700100100,Ministry for Basic Education,23050103,MONITORING AND EVALUATION,70922,UPPER-SECONDARY EDUCATION,33342400,State Wide,05010222003400,Human and institutional capacity performance management
Learn to Read Project with USAID (Counterpart),0.0,100000000.0,0.0,0.0,0.0,0.0,0.0,223,0.7165,0.73448,051700100100,Ministry for Basic Education,23050103,MONITORING AND EVALUATION,70922,UPPER-SECONDARY EDUCATION,33342400,State Wide,05010222003500,Human and institutional capacity performance management
Conducting E-Learning programme Nigeria Learning Passport (NLP) to all Senior Secondary Schools across the State.,0.0,150000000.0,0.0,200000000.0,200000000.0,200000000.0,0.0,223,0.72467,0.74265,051700100100,Ministry for Basic Education,23050102,COMPUTER SOFTWARE ACQUISITION,70922,UPPER-SECONDARY EDUCATION,33342400,State Wide,05060122003600,"ICT equipment, software and expertise"
Procurement of 20 Thump Scanners & 2 Photo Scanners (L300 Cannon) to Examination Department,0.0,5260000.0,0.0,50000000.0,100000000.0,100000000.0,0.0,223,0.73284,0.75082,051700100100,Ministry for Basic Education,23050102,COMPUTER SOFTWARE ACQUISITION,70922,UPPER-SECONDARY EDUCATION,33342400,State Wide,05060122003700,"ICT equipment, software and expertise"
Procurement of 5 Nos of HP Printers and 10 Digital Cameras (HD3000) for Examination Department,0.0,0.0,0.0,50000000.0,50000000.0,50000000.0,0.0,223,0.74101,0.75899,051700100100,Ministry for Basic Education,23010113,PURCHASE OF COMPUTERS,70922,UPPER-SECONDARY EDUCATION,33342400,State Wide,05060122003800,"ICT equipment, software and expertise"
Renovation and remodelling of Turaki Basic School,0.0,0.0,0.0,725000000.0,860000000.0,860000000.0,0.0,223,0.74918,0.76716,051700100100,Ministry for Basic Education,23030106,REHABILITATION / REPAIRS - PUBLIC SCHOOLS,70922,UPPER-SECONDARY EDUCATION,33311700,SOKOTO SOUTH,05050122004100,Schools’ infrastructure construction and rehabilitation
Construction of 4 Blocks of 3 Classrooms and Admin Block at GDSS Arkilla Federal Low cost Housing,0.0,0.0,0.0,350000000.0,350000000.0,350000000.0,0.0,223,0.75735,0.77533,051700100100,Ministry for Basic Education,23020107,CONSTRUCTION / PROVISION OF PUBLIC SCHOOLS,70922,UPPER-SECONDARY EDUCATION,33312100,WAMAKKO,05050122004200,Schools’ infrastructure construction and rehabilitation
Rehabilitation of 6 Blocks of 3 Classrooms and 5 Students Hostels at AA Raji Special School,0.0,500000000.0,0.0,500000000.0,500000000.0,500000000.0,0.0,223,0.76552,0.7835,051700100100,Ministry for Basic Education,23030106,REHABILITATION / REPAIRS - PUBLIC SCHOOLS,70922,UPPER-SECONDARY EDUCATION,33311700,SOKOTO SOUTH,05050122004400,Schools’ infrastructure construction and rehabilitation
Rehabilitation of 20 no. of schools affected by flood and fire incidents across the State,0.0,0.0,0.0,1000000000.0,0.0,0.0,0.0,223,0.77369,0.79167,051700100100,Ministry for Basic Education,23030106,REHABILITATION / REPAIRS - PUBLIC SCHOOLS,70922,UPPER-SECONDARY EDUCATION,33342400,State Wide,,0505026X00010 - Furnishing
"Support to AGILE Project in the State, (Counterpart)",0.0,180000000.0,0.0,0.0,0.0,0.0,0.0,223,0.78268,0.80065,051700100100,Ministry for Basic Education,23050101,RESEARCH AND DEVELOPMENT,70922,UPPER-SECONDARY EDUCATION,33342400,State Wide,05010322004600,Education sector coordination mechanisms
"Provision of 10,000 no. jesseys, 2000 no.each of footballs, table tennis, nets, bats, rackets, basket balss, rings, boots and canvas and socks",0.0,150000000.0,9033380.0,150000000.0,150000000.0,150000000.0,0.0,223,0.79085,0.80882,051700100100,Ministry for Basic Education,23020112,CONSTRUCTION / PROVISION OF SPORTING FACILITIES,70922,UPPER-SECONDARY EDUCATION,33342400,State Wide,05030522004700,Girls/Boys child education
Construction of Zonal office Gwadabawa,0.0,17327151.1,0.0,300000000.0,300000000.0,300000000.0,0.0,223,0.79902,0.81699,051700100100,Ministry for Basic Education,23020101,CONSTRUCTION / PROVISION OF OFFICE BUILDINGS,70922,UPPER-SECONDARY EDUCATION,33320700,GWADABAWA,05050122004800,Schools’ infrastructure construction and rehabilitation
Construction of Zonal office Bodinga,0.0,7649044.9,0.0,300000000.0,300000000.0,300000000.0,0.0,223,0.80719,0.82516,051700100100,Ministry for Basic Education,23020101,CONSTRUCTION / PROVISION OF OFFICE BUILDINGS,70922,UPPER-SECONDARY EDUCATION,33330200,BODINGA,05050122004900,Schools’ infrastructure construction and rehabilitation
Construction of Zonal office Yabo,0.0,18505055.3,0.0,300000000.0,300000000.0,300000000.0,0.0,223,0.81536,0.83333,051700100100,Ministry for Basic Education,23020101,CONSTRUCTION / PROVISION OF OFFICE BUILDINGS,70922,UPPER-SECONDARY EDUCATION,33332300,YABO,05050122005000,Schools’ infrastructure construction and rehabilitation
Completion of 2 Storey Building of 6 Classrooms at GGDSS Tudun Wada Sokoto,0.0,0.0,0.0,500000000.0,500000000.0,500000000.0,0.0,223,0.82353,0.8415,051700100100,Ministry for Basic Education,23020107,CONSTRUCTION / PROVISION OF PUBLIC SCHOOLS,70922,UPPER-SECONDARY EDUCATION,33311700,SOKOTO SOUTH,05050122005100,Schools’ infrastructure construction and rehabilitation
Construction of a Block of 2 Classrooms Each to 20 no. of Islamiyya Schools Across the State,0.0,28254921.77,0.0,350000000.0,350000000.0,350000000.0,0.0,223,0.8317,0.84967,051700100100,Ministry for Basic Education,23020107,CONSTRUCTION / PROVISION OF PUBLIC SCHOOLS,70922,UPPER-SECONDARY EDUCATION,33342400,State Wide,05050122005200,Schools’ infrastructure construction and rehabilitation
"Construction of One Block of 2 classrooms, One Duplex House and Library at JSS Bargaja",0.0,34610148.93,0.0,0.0,0.0,0.0,0.0,223,0.83987,0.85784,051700100100,Ministry for Basic Education,23020107,CONSTRUCTION / PROVISION OF PUBLIC SCHOOLS,70922,UPPER-SECONDARY EDUCATION,33321300,SABON BIRNI,05050122005300,Schools’ infrastructure construction and rehabilitation
Rehablitation of Sani Dingyadi Comprehensive Science Secondary School Sokoto,0.0,374654778.06,0.0,195642667.22,300000000.0,300000000.0,0.0,223,0.84804,0.86601,051700100100,Ministry for Basic Education,23030106,REHABILITATION / REPAIRS - PUBLIC SCHOOLS,70922,UPPER-SECONDARY EDUCATION,33312100,WAMAKKO,05050122005400,Schools’ infrastructure construction and rehabilitation
Rehablitation of Sokoto Science College,0.0,4675000.0,0.0,303219540.4,800000000.0,800000000.0,0.0,223,0.85621,0.87418,051700100100,Ministry for Basic Education,23030106,REHABILITATION / REPAIRS - PUBLIC SCHOOLS,70922,UPPER-SECONDARY EDUCATION,33311700,SOKOTO SOUTH,05050122005500,Schools’ infrastructure construction and rehabilitation
Procurement of Materials for Inclusive Education in Secondary Schools across the state,0.0,150000000.0,0.0,250000000.0,500000000.0,500000000.0,0.0,223,0.86438,0.88235,051700100100,Ministry for Basic Education,23010124,PURCHASE OF TEACHING / LEARNING AID EQUIPMENT,70922,UPPER-SECONDARY EDUCATION,33342400,State Wide,05030122005600,Inclusive Education
"Rehabilitation of Command Secondary School Giginya, Sokoto",0.0,400000000.0,137331259.03,212812351.96,600000000.0,600000000.0,0.0,223,0.87255,0.89052,051700100100,Ministry for Basic Education,23030106,REHABILITATION / REPAIRS - PUBLIC SCHOOLS,70922,UPPER-SECONDARY EDUCATION,33311600,SOKOTO NORTH,05050122005700,Schools’ infrastructure construction and rehabilitation
"Rehabilitation of Command Secondary School Shagari, Sokoto",0.0,593686084.93,0.0,399843042.19,780000000.0,780000000.0,0.0,223,0.88154,0.89951,051700100100,Ministry for Basic Education,23030106,REHABILITATION / REPAIRS - PUBLIC SCHOOLS,70922,UPPER-SECONDARY EDUCATION,33331400,SHAGARI,05050122005800,Schools’ infrastructure construction and rehabilitation
"Construction of Classrooms, Offices, Laboratories and Toilets (AGILE PROJECT)",0.0,12244000000.0,11885350008.89,12350000000.0,11000000000.0,11000000000.0,0.0,223,0.88971,0.90768,051700100100,Ministry for Basic Education,23020107,CONSTRUCTION / PROVISION OF PUBLIC SCHOOLS,70922,UPPER-SECONDARY EDUCATION,33342400,State Wide,05010422005900,Integrated supportive supervision
"Procurement of 4 no. Toyota Hilux 2022 model, 20 no. Hp laptop Computers and 5000 no double seater School Furnitures (AGILE PROJECT)",0.0,1500000000.0,987362562.03,1000000000.0,1000000000.0,1000000000.0,0.0,223,0.89788,0.91585,051700100100,Ministry for Basic Education,23050101,RESEARCH AND DEVELOPMENT,70922,UPPER-SECONDARY EDUCATION,33342400,State Wide,05020222006000,Advocacy and sensitization
Disbursement of Conditional Cash Transfer and Grants to SBMCs for rehabilitation of schools (AGILE PROJECT),0.0,2500000000.0,0.0,0.0,1000000000.0,1000000000.0,0.0,224,0.09069,0.10866,051700100100,Ministry for Basic Education,23050101,RESEARCH AND DEVELOPMENT,70922,UPPER-SECONDARY EDUCATION,33342400,State Wide,05020222006100,Advocacy and sensitization
"Construction of Songhai centre (Poultry, Livestock, Fisheries and Irrigation facilities) etc at Out of School Children Gandu area Sokoto",0.0,0.0,0.0,200000000.0,0.0,0.0,0.0,224,0.09886,0.11683,051700100100,Ministry for Basic Education,23020113,CONSTRUCTION / PROVISION OF AGRICULTURAL FACILITIES,70922,UPPER-SECONDARY EDUCATION,33342400,State Wide,05010322006200,Education sector coordination mechanisms
"Rehabilitation of Dilapidated 46 year old three storey building in Sheikh Abubakar Mahmud Gummi College along Sultan Abubakar Road, Sokoto.",0.0,0.0,0.0,900000000.0,1500000000.0,1500000000.0,0.0,224,0.10703,0.125,051700100100,Ministry for Basic Education,23030106,REHABILITATION / REPAIRS - PUBLIC SCHOOLS,70922,UPPER-SECONDARY EDUCATION,33311700,SOKOTO SOUTH,05050126003000,Schools’ infrastructure construction and rehabilitation
"Rehabilitation of Sultan Attahiru Secondary School Mai Tuta Road, sokoto",0.0,0.0,0.0,650000000.0,650000000.0,650000000.0,0.0,224,0.1152,0.13317,051700100100,Ministry for Basic Education,23030106,REHABILITATION / REPAIRS - PUBLIC SCHOOLS,70922,UPPER-SECONDARY EDUCATION,33311700,SOKOTO SOUTH,05050126003100,Schools’ infrastructure construction and rehabilitation
"Rehabilitation of Sultan Atiku Secondary School, Behind UBA Kano Road sokoto",0.0,0.0,0.0,738000000.0,738000000.0,738000000.0,0.0,224,0.12337,0.14134,051700100100,Ministry for Basic Education,23030106,REHABILITATION / REPAIRS - PUBLIC SCHOOLS,70922,UPPER-SECONDARY EDUCATION,33311700,SOKOTO SOUTH,05050126003200,Schools’ infrastructure construction and rehabilitation
"Rehilitation of Giginya Memorial Secondary School, kasuwa Kanawa Area Sokoto",0.0,0.0,0.0,835000000.0,835000000.0,835000000.0,0.0,224,0.13154,0.14951,051700100100,Ministry for Basic Education,23030106,REHABILITATION / REPAIRS - PUBLIC SCHOOLS,70922,UPPER-SECONDARY EDUCATION,33311700,SOKOTO SOUTH,05050126003300,Schools’ infrastructure construction and rehabilitation
"Total Rehabilitation of Sultan Bello Secodnary School, along Sultan Abubakar Road, Sokoto",0.0,0.0,0.0,788000000.0,788000000.0,788000000.0,0.0,224,0.13971,0.15768,051700100100,Ministry for Basic Education,23030106,REHABILITATION / REPAIRS - PUBLIC SCHOOLS,70922,UPPER-SECONDARY EDUCATION,33311700,SOKOTO SOUTH,05050126003400,Schools’ infrastructure construction and rehabilitation
"Expansion of New Out of School Children Gandu Pepsi Cola Area, Western Bye Pass Gandu Areea",0.0,0.0,0.0,630738676.1,570000000.0,570000000.0,0.0,224,0.14788,0.16585,051700100100,Ministry for Basic Education,23020107,CONSTRUCTION / PROVISION OF PUBLIC SCHOOLS,70921,LOWER SECONDARY EDUCATION,33311600,SOKOTO NORTH,05050126003500,Schools’ infrastructure construction and rehabilitation
"Renavotion of 2 Block of 3 Class rooms at GSS Kware, Kware district",0.0,0.0,0.0,500000000.0,500000000.0,500000000.0,0.0,224,0.15605,0.17402,051700100100,Ministry for Basic Education,23030106,REHABILITATION / REPAIRS - PUBLIC SCHOOLS,70922,UPPER-SECONDARY EDUCATION,33311100,KWARE,05050126003600,Schools’ infrastructure construction and rehabilitation
Development of State Policy on Education,0.0,0.0,0.0,60000000.0,60000000.0,60000000.0,0.0,224,0.16422,0.18219,051700100100,Ministry for Basic Education,23050101,RESEARCH AND DEVELOPMENT,70922,UPPER-SECONDARY EDUCATION,33342400,State Wide,05010126000100,"Legal, policy, regulations and standards, guidelines and protocols development and reviews"
Renovation of Phase 1 Selected Secondary school Staff quarters across the State,0.0,0.0,0.0,500000000.0,500000000.0,500000000.0,0.0,224,0.17239,0.19036,051700100100,Ministry for Basic Education,23030106,REHABILITATION / REPAIRS - PUBLIC SCHOOLS,70922,UPPER-SECONDARY EDUCATION,33342400,State Wide,05010126000200,"Legal, policy, regulations and standards, guidelines and protocols development and reviews"
"Rehabilitation of Sokoto Education Resoruces Center, Kasuwa Kanawa Area Sokoto",0.0,0.0,0.0,457770863.0,457770863.0,457770863.0,0.0,224,0.18137,0.19935,051700100100,Ministry for Basic Education,23030106,REHABILITATION / REPAIRS - PUBLIC SCHOOLS,70922,UPPER-SECONDARY EDUCATION,33311600,SOKOTO NORTH,05010126000300,"Legal, policy, regulations and standards, guidelines and protocols development and reviews"
"Construction of 2 Block of 3 classrooms, Admin Block, 4 Male and Female Toilets at GDSS Salah, Tambuwal LGA",0.0,0.0,0.0,250000000.0,150000000.0,150000000.0,0.0,224,0.18954,0.20752,051700100100,Ministry for Basic Education,23020107,CONSTRUCTION / PROVISION OF PUBLIC SCHOOLS,70922,UPPER-SECONDARY EDUCATION,33331800,TAMBUWAL,05010126000400,"Legal, policy, regulations and standards, guidelines and protocols development and reviews"
"Rehabilitation of Rochars Foundation Shuni, Sokoto23030106 - REHABILITATION / REPAIRS - PUBLIC SCHOOLS",0.0,0.0,0.0,545019344.21,545019344.21,545019344.21,0.0,224,0.19771,0.21569,051700100100,Ministry for Basic Education,,eviews,70922,UPPER-SECONDARY EDUCATION,33330300,DANGE SHUNI,05010126000500,"Legal, policy, regulations and standards, guidelines and protocols development and r"
"Rehabilitation of Government Girls College for Arabic and Islamic Sciences, Shuni",0.0,0.0,0.0,500000000.0,0.0,0.0,0.0,224,0.20588,0.22386,051700100100,Ministry for Basic Education,23030106,REHABILITATION / REPAIRS - PUBLIC SCHOOLS,70922,UPPER-SECONDARY EDUCATION,33330300,DANGE SHUNI,05010126000600,"Legal, policy, regulations and standards, guidelines and protocols development and reviews"
"Rehabilitation of GDSS Salihu Anka, Kofar Kade area23030106 - REHABILITATION / REPAIRS - PUBLIC SCHOOLS",0.0,0.0,0.0,500000000.0,0.0,0.0,0.0,224,0.21405,0.23203,051700100100,Ministry for Basic Education,,eviews,70922,UPPER-SECONDARY EDUCATION,33311600,SOKOTO NORTH,05010126000700,"Legal, policy, regulations and standards, guidelines and protocols development and r"
Procurement of 2000 no. double bunk beds and 4000no. Matresses,0.0,0.0,0.0,1000000000.0,1000000000.0,1000000000.0,0.0,224,0.22222,0.2402,051700100100,Ministry for Basic Education,23030106,REHABILITATION / REPAIRS - PUBLIC SCHOOLS,70922,UPPER-SECONDARY EDUCATION,33342400,State Wide,05010126000800,"Legal, policy, regulations and standards, guidelines and protocols development and reviews"
Purchase of vehicles 1No of Toyata corolla 2019 for Director and 3no. Toyota corola 2010 2 deputy director and Bursar,0.0,0.0,0.0,0.0,52000000.0,52000000.0,0.0,224,0.26307,0.28105,051700260100,Sultan Maccido Institute for Qur'ani & General Studies,23010105,PURCHASE OF MOTOR VEHICLES,70922,UPPER-SECONDARY EDUCATION,33342400,State Wide,05010326000400,Education sector coordination mechanisms
Purchase of 600 no students tables and chairs,0.0,0.0,0.0,50000000.0,50000000.0,50000000.0,0.0,224,0.27124,0.28922,051700260100,Sultan Maccido Institute for Qur'ani & General Studies,23010112,PURCHASE OF OFFICE FURNITURE AND FITTINGS,70922,UPPER-SECONDARY EDUCATION,33342400,State Wide,05030526000100,Girls/Boys child education
Purchase of office furnitures at3 Admin blocks,0.0,0.0,0.0,60000000.0,60000000.0,60000000.0,0.0,224,0.28023,0.2982,051700260100,Sultan Maccido Institute for Qur'ani & General Studies,23010112,PURCHASE OF OFFICE FURNITURE AND FITTINGS,70922,UPPER-SECONDARY EDUCATION,33342400,State Wide,05010426000100,Integrated supportive supervision
Purhase of 2no Eighteen seaters bus both in primary & Secondary Schools,0.0,0.0,0.0,70000000.0,70000000.0,70000000.0,0.0,224,0.2884,0.30637,051700260100,Sultan Maccido Institute for Qur'ani & General Studies,23010105,PURCHASE OF MOTOR VEHICLES,70922,UPPER-SECONDARY EDUCATION,33342400,State Wide,05060226000600,Research and development
Repairs of 2no. Of Hilux and School Ambulance,0.0,0.0,0.0,0.0,25000000.0,25000000.0,0.0,224,0.29657,0.31454,051700260100,Sultan Maccido Institute for Qur'ani & General Studies,23010105,PURCHASE OF MOTOR VEHICLES,70922,UPPER-SECONDARY EDUCATION,33342400,State Wide,05010326000500,Education sector coordination mechanisms
Repairs 2no of toyota Coaster Bus,0.0,0.0,0.0,0.0,30000000.0,30000000.0,0.0,224,0.30474,0.32271,051700260100,Sultan Maccido Institute for Qur'ani & General Studies,23010105,PURCHASE OF MOTOR VEHICLES,70922,UPPER-SECONDARY EDUCATION,33342400,State Wide,05010326000600,Education sector coordination mechanisms
RENOVATION OF HOSTEL At School Premises,0.0,1443650000.0,846782568.0,250000000.0,0.0,0.0,0.0,224,0.31291,0.33088,051700260100,Sultan Maccido Institute for Qur'ani & General Studies,23030103,REHABILITATION / REPAIRS - HOUSING,70922,UPPER-SECONDARY EDUCATION,33342400,State Wide,05010323000100,Education sector coordination mechanisms
REPAIRS OF 3 No OF ADMIN BLOCKS,0.0,770000000.0,656731883.08,0.0,0.0,0.0,0.0,224,0.32108,0.33905,051700260100,Sultan Maccido Institute for Qur'ani & General Studies,23030121,REHABILITATION / REPAIRS OF OFFICE BUILDINGS,70922,UPPER-SECONDARY EDUCATION,33342400,State Wide,05010323000200,Education sector coordination mechanisms
RENOVATION OF 15 No OF BLOCK OF CLASSROOMS,0.0,798151000.0,0.0,0.0,0.0,0.0,0.0,224,0.32925,0.34722,051700260100,Sultan Maccido Institute for Qur'ani & General Studies,23030106,REHABILITATION / REPAIRS - PUBLIC SCHOOLS,70922,UPPER-SECONDARY EDUCATION,33342400,State Wide,05010323000300,Education sector coordination mechanisms
Renovation of Jumu'at Mosque in the Institute,0.0,650000000.0,0.0,0.0,0.0,0.0,0.0,224,0.33742,0.35539,051700260100,Sultan Maccido Institute for Qur'ani & General Studies,23030128,REHABILITATION/REPAIRS OF RELIGIOUS BUILDING,70922,UPPER-SECONDARY EDUCATION,33342400,State Wide,05010323000400,Education sector coordination mechanisms
Renovation of 3 no. clinics in the schools,0.0,520000000.0,0.0,0.0,0.0,0.0,0.0,224,0.34559,0.36356,051700260100,Sultan Maccido Institute for Qur'ani & General Studies,23030105,REHABILITATION / REPAIRS - HOSPITAL / HEALTH CENTRES,70922,UPPER-SECONDARY EDUCATION,33342400,State Wide,05010323000500,Education sector coordination mechanisms
Construction of Chief Imam House in the School,0.0,430000000.0,0.0,0.0,0.0,0.0,0.0,224,0.35376,0.37173,051700260100,Sultan Maccido Institute for Qur'ani & General Studies,23020102,CONSTRUCTION / PROVISION OF RESIDENTIAL BUILDINGS,70922,UPPER-SECONDARY EDUCATION,33342400,State Wide,05010123000600,"Legal, policy, regulations and standards, guidelines and protocols development and reviews"
Renovation of 3 no. school Libraries,0.0,230000000.0,0.0,0.0,0.0,0.0,0.0,224,0.36193,0.3799,051700260100,Sultan Maccido Institute for Qur'ani & General Studies,23030110,REHABILITATION / REPAIRS - LIBRARIES,70922,UPPER-SECONDARY EDUCATION,33342400,State Wide,05050323000700,Libraries and laboratories
"Support for UBEC activities for the construction, rehabilitation and purchase of chairs and tables for Basic Education schools.",0.0,1554642584.46,60241500.0,854000000.0,2554642584.46,2554642584.46,0.0,224,0.40359,0.42157,051700300100,State Universal Basic Education Board (SUBEB),23020107,CONSTRUCTION / PROVISION OF PUBLIC SCHOOLS,70912,PRIMARY EDUCATION,33342400,State Wide,05050125000100,Schools’ infrastructure construction and rehabilitation
Construction of SUBEB Permanent site,0.0,500000000.0,0.0,500000000.0,500000000.0,500000000.0,0.0,224,0.41176,0.42974,051700300100,State Universal Basic Education Board (SUBEB),23020101,CONSTRUCTION / PROVISION OF OFFICE BUILDINGS,70912,PRIMARY EDUCATION,33342400,State Wide,05050125000200,Schools’ infrastructure construction and rehabilitation
Rehabilitation of identified primary schools destroyed by flooding and Erosion,0.0,205000000.0,100402500.0,205000000.0,205000000.0,205000000.0,0.0,224,0.41993,0.43791,051700300100,State Universal Basic Education Board (SUBEB),23030106,REHABILITATION / REPAIRS - PUBLIC SCHOOLS,70912,PRIMARY EDUCATION,33342400,State Wide,05050125000300,Schools’ infrastructure construction and rehabilitation
"Procurement and Distribution of Teaching and Learning Materials for Pre-Primary, Primary and JSS levels (EGR Inclusive).",0.0,1000000000.0,0.0,500000000.0,1000000000.0,1000000000.0,0.0,224,0.4281,0.44608,051700300100,State Universal Basic Education Board (SUBEB),23010124,PURCHASE OF TEACHING / LEARNING AID EQUIPMENT,70912,PRIMARY EDUCATION,33342400,State Wide,05040225000400,Instructional and learning materials
Procurement of Digital Tablets for Coaches and Mentors for School Monitoring and Mentoring by the SSOs/PQAOs,0.0,147378978.45,0.0,147378978.45,147378978.45,147378978.45,0.0,224,0.43627,0.45425,051700300100,State Universal Basic Education Board (SUBEB),23010124,PURCHASE OF TEACHING / LEARNING AID EQUIPMENT,70912,PRIMARY EDUCATION,33342400,State Wide,05050125000500,Schools’ infrastructure construction and rehabilitation
"Procurement and Distribution of School Statutory and Non Statutory Records to Pre-Primary, Primary and sanitary pads for Upper Basic",0.0,360278560.69,30000000.0,260278560.69,360278560.69,360278560.69,0.0,224,0.44444,0.46242,051700300100,State Universal Basic Education Board (SUBEB),23010124,PURCHASE OF TEACHING / LEARNING AID EQUIPMENT,70912,PRIMARY EDUCATION,33342400,State Wide,05050125000600,Schools’ infrastructure construction and rehabilitation
Procurement of Supplementary Reading Materials (SRMs) to all the Primary Schools in the State for P1-P3 Grades,0.0,200498295.91,0.0,150498295.91,200498295.91,200498295.91,0.0,224,0.45261,0.47059,051700300100,State Universal Basic Education Board (SUBEB),23010124,PURCHASE OF TEACHING / LEARNING AID EQUIPMENT,70912,PRIMARY EDUCATION,33342400,State Wide,05050125000700,Schools’ infrastructure construction and rehabilitation
Development of Dashboard for Data visualization Management and utilization by the decision makers.,0.0,25000000.0,0.0,25000000.0,25000000.0,25000000.0,0.0,224,0.46078,0.47876,051700300100,State Universal Basic Education Board (SUBEB),23050102,COMPUTER SOFTWARE ACQUISITION,70912,PRIMARY EDUCATION,33342400,State Wide,05050125000800,Schools’ infrastructure construction and rehabilitation
Procurement of Teaching and Learning Materials TLMs for inclusive Education at Primary and JSS to both teachers and pupils respectively.,0.0,200000000.0,0.0,150000000.0,200000000.0,200000000.0,0.0,224,0.46895,0.48693,051700300100,State Universal Basic Education Board (SUBEB),23010124,PURCHASE OF TEACHING / LEARNING AID EQUIPMENT,70912,PRIMARY EDUCATION,33342400,State Wide,05050125000900,Schools’ infrastructure construction and rehabilitation
"Conferences to communities on enrolment, attendence, completion and transition on Basic Education",0.0,150000000.0,0.0,100000000.0,150000000.0,150000000.0,0.0,224,0.47712,0.4951,051700300100,State Universal Basic Education Board (SUBEB),23050108,CAPACITY DEVELOPMENT,70912,PRIMARY EDUCATION,33342400,State Wide,05010125001000,"Legal, policy, regulations and standards, guidelines and protocols development and reviews"
"Procurement of Laptops computers (95), tablets (120) to 23 LGEA EMIS officers/Quality Assurance officers, Planning officers and State EMIS Officers/Principal Quality Assurance Officers for Data collection and Reporting.",0.0,72654300.0,0.0,72654300.0,72654300.0,72654300.0,0.0,224,0.48611,0.50408,051700300100,State Universal Basic Education Board (SUBEB),23010113,PURCHASE OF COMPUTERS,70912,PRIMARY EDUCATION,33342400,State Wide,05060120001100,"ICT equipment, software and expertise"
Procurement of chairs and tables for Principal officers of the 23 LGEA,0.0,345000000.0,0.0,195000000.0,345000000.0,345000000.0,0.0,224,0.49428,0.51225,051700300100,State Universal Basic Education Board (SUBEB),23010112,PURCHASE OF OFFICE FURNITURE AND FITTINGS,70912,PRIMARY EDUCATION,33342400,State Wide,05050225001400,Furnishing
Procurement of 30 no Laptops Corei7 and 30 no Tablet Samsung Galaxy type A to SUBEB Management,0.0,82500000.0,0.0,82500000.0,82500000.0,82500000.0,0.0,224,0.50245,0.52042,051700300100,State Universal Basic Education Board (SUBEB),23010113,PURCHASE OF COMPUTERS,70912,PRIMARY EDUCATION,33342400,State Wide,05060125001500,"ICT equipment, software and expertise"
"Production /Provision of 47,600 copies of the nine years basic Education curricullum of all subjects in both Primary and JSS Schools",0.0,238000000.0,0.0,188000000.0,238000000.0,238000000.0,0.0,224,0.51062,0.52859,051700300100,State Universal Basic Education Board (SUBEB),23010125,PURCHASE OF LIBRARY BOOKS & EQUIPMENT,70912,PRIMARY EDUCATION,33342400,State Wide,05040225001600,Instructional and learning materials
Purchase of 20 no executive chairs and tables for EMIS Office at the SUBEB Head quarters for Data Storage and functionality for Global best practices,0.0,37000000.0,0.0,37000000.0,37000000.0,37000000.0,0.0,224,0.51879,0.53676,051700300100,State Universal Basic Education Board (SUBEB),23010112,PURCHASE OF OFFICE FURNITURE AND FITTINGS,70912,PRIMARY EDUCATION,33342400,State Wide,05050225001700,Furnishing
"Procurement of Early grade reading,Teaching and Learning Materials for all the Primary Schools in the State.",0.0,297500000.0,0.0,297500000.0,297500000.0,297500000.0,0.0,224,0.52696,0.54493,051700300100,State Universal Basic Education Board (SUBEB),23010124,PURCHASE OF TEACHING / LEARNING AID EQUIPMENT,70912,PRIMARY EDUCATION,33342400,State Wide,05040225001900,Instructional and learning materials
"Procurement of 185 motorcycles to state, zonal and LGEAs staff for effective schools monitoring and coaching to schools Head teachers and classoom teachers.",0.0,0.0,0.0,200000000.0,300000000.0,300000000.0,0.0,224,0.53513,0.5531,051700300100,State Universal Basic Education Board (SUBEB),23010104,PURCHASE MOTOR CYCLES,70912,PRIMARY EDUCATION,33342400,State Wide,05010325002000,Education sector coordination mechanisms
Procurement of Teaching and Learning Materials for effective learning outcomes across all the educational levels,0.0,0.0,0.0,50000000.0,50000000.0,50000000.0,0.0,224,0.5433,0.56127,051700300100,State Universal Basic Education Board (SUBEB),23010124,PURCHASE OF TEACHING / LEARNING AID EQUIPMENT,70912,PRIMARY EDUCATION,33342400,State Wide,05040225002100,Instructional and learning materials
"Procurement of 40 monitoring vehicles for the SUBEB Directors, zonal officers and the 23 LGEAs Education Secretaries to support Access and improve quality learning outcomes.",0.0,0.0,0.0,300000000.0,500000000.0,500000000.0,0.0,224,0.55147,0.56944,051700300100,State Universal Basic Education Board (SUBEB),23010105,PURCHASE OF MOTOR VEHICLES,70912,PRIMARY EDUCATION,33342400,State Wide,05010325002200,Education sector coordination mechanisms
"Procurement of 500 no. each of doorbell, chair lift, voice command devices, TV Ears, medical alert devices to support Special Program for Special Needs Education",0.0,0.0,0.0,30000000.0,30000000.0,30000000.0,0.0,224,0.55964,0.57761,051700300100,State Universal Basic Education Board (SUBEB),23050101,RESEARCH AND DEVELOPMENT,70912,PRIMARY EDUCATION,33342400,State Wide,05060125002300,"ICT equipment, software and expertise"
Provision for Establishment of 3 Centers on Girls Basic Education Skills Acquisition Program and Empowerment Skills tools equipments,0.0,0.0,0.0,200000000.0,250000000.0,250000000.0,0.0,224,0.56781,0.58578,051700300100,State Universal Basic Education Board (SUBEB),23020107,CONSTRUCTION / PROVISION OF PUBLIC SCHOOLS,70912,PRIMARY EDUCATION,33342400,State Wide,05050125002400,Schools’ infrastructure construction and rehabilitation
Procurement of 20 nos Hp computer Desktops and Hp Core17 Laptops to the newly ICT office constructed by the SUBEB in collaboration with UBEC for Database storage and reporting mechanism digitally.,0.0,0.0,0.0,18000000.0,18000000.0,18000000.0,0.0,224,0.5768,0.59477,051700300100,State Universal Basic Education Board (SUBEB),23010113,PURCHASE OF COMPUTERS,70912,PRIMARY EDUCATION,33342400,State Wide,05060125002500,"ICT equipment, software and expertise"
Renovation of 23 LGEAs Headquaters across the State,0.0,0.0,0.0,90000000.0,90000000.0,90000000.0,0.0,224,0.58497,0.60294,051700300100,State Universal Basic Education Board (SUBEB),23030106,REHABILITATION / REPAIRS - PUBLIC SCHOOLS,70912,PRIMARY EDUCATION,33342400,State Wide,05010226000100,Human and institutional capacity performance management
"Procurement and Distribution of 70,000 schools furnitures for all the Education levels",0.0,0.0,0.0,100000000.0,150000000.0,150000000.0,0.0,224,0.59314,0.61111,051700300100,State Universal Basic Education Board (SUBEB),23010112,PURCHASE OF OFFICE FURNITURE AND FITTINGS,70912,PRIMARY EDUCATION,33342400,State Wide,05050226000300,Furnishing
"Provision of 60 WASH facilities suh as bukes, jugs, basins, hot and cold running water, garbage can in some selected schools across the basic education level",0.0,0.0,0.0,15000000.0,15000000.0,15000000.0,0.0,224,0.60131,0.61928,051700300100,State Universal Basic Education Board (SUBEB),23020105,CONSTRUCTION / PROVISION OF WATER FACILITIES,70912,PRIMARY EDUCATION,33342400,State Wide,05050426000100,"Water, sanitation and hygiene"
Construction of 230 nos of toilets with 4 apartment across the basic education level in the State,0.0,0.0,0.0,150000000.0,150000000.0,150000000.0,0.0,224,0.60948,0.62745,051700300100,State Universal Basic Education Board (SUBEB),23020107,CONSTRUCTION / PROVISION OF PUBLIC SCHOOLS,70912,PRIMARY EDUCATION,33342400,State Wide,05050126003700,Schools’ infrastructure construction and rehabilitation
"Procurement of 55,000 copies of 9 Year Basic National Curriculum for all the Pre Primary, Primary and JSS Schools in the state.",0.0,0.0,0.0,45000000.0,45000000.0,45000000.0,0.0,224,0.61765,0.63562,051700300100,State Universal Basic Education Board (SUBEB),23010125,PURCHASE OF LIBRARY BOOKS & EQUIPMENT,70912,PRIMARY EDUCATION,33342400,State Wide,05040226000800,Instructional and learning materials
"Procument of additional 5 laptops, 2 Photocopier machine and 3 Coloured Printers for the Procurement Unit for procurement process of the Board.",0.0,0.0,0.0,25000000.0,25000000.0,25000000.0,0.0,224,0.62582,0.64379,051700300100,State Universal Basic Education Board (SUBEB),23010113,PURCHASE OF COMPUTERS,70912,PRIMARY EDUCATION,33342400,State Wide,05060126001700,"ICT equipment, software and expertise"
Purchase and distribution of Enterprenuership materials to 12 LGEAs for learners self reliance during and after completion of basic education .,0.0,0.0,0.0,140000000.0,140000000.0,140000000.0,0.0,224,0.63399,0.65196,051700300100,State Universal Basic Education Board (SUBEB),23050108,CAPACITY DEVELOPMENT,70912,PRIMARY EDUCATION,33342400,State Wide,05100126000800,Education Not Elsewhere Classified
"Provision of Inclusive Education Materials (Markers, Pen, Scissors, Wheel Chairs, Visual aids, Hearing aids)",0.0,0.0,0.0,20000000.0,20000000.0,20000000.0,0.0,224,0.64216,0.66013,051700300100,State Universal Basic Education Board (SUBEB),23010124,PURCHASE OF TEACHING / LEARNING AID EQUIPMENT,70912,PRIMARY EDUCATION,33342400,State Wide,05040226000900,Instructional and learning materials
Construction of 3 Mega Schools across 3 Senatorial zones of the State,0.0,0.0,0.0,4000000000.0,0.0,0.0,0.0,224,0.65033,0.6683,051700300100,State Universal Basic Education Board (SUBEB),23020107,CONSTRUCTION / PROVISION OF PUBLIC SCHOOLS,70912,PRIMARY EDUCATION,33342400,State Wide,05040226001000,Instructional and learning materials
Rehabilitation and equipping of 23 Rural Reading Rooms.,0.0,0.0,0.0,30000000.0,30000000.0,30000000.0,0.0,224,0.69199,0.70997,051701000100,State Agency for Mass Education,23030106,REHABILITATION / REPAIRS - PUBLIC SCHOOLS,70951,EDUCATION NOT DEFINABLE BY LEVEL,33342400,State Wide,05050126003800,Schools’ infrastructure construction and rehabilitation
Construction of 23 pit Latrines for adult literacy centers in each LGA.,0.0,0.0,0.0,23000000.0,23000000.0,23000000.0,0.0,224,0.70016,0.71814,051701000100,State Agency for Mass Education,23020107,CONSTRUCTION / PROVISION OF PUBLIC SCHOOLS,70951,EDUCATION NOT DEFINABLE BY LEVEL,33342400,State Wide,05050126003900,Schools’ infrastructure construction and rehabilitation
Procurement of 9 Motorcycles for monitoring of Non formal Learning centers.O,0.0,0.0,0.0,18000000.0,18000000.0,18000000.0,0.0,224,0.70833,0.72631,051701000100,State Agency for Mass Education,23010104,PURCHASE MOTOR CYCLES,70951,EDUCATION NOT DEFINABLE BY LEVEL,33342400,State Wide,05010225000300,Human and institutional capacity performance management
Construction of ICT Unit /DASh Board for visualization of SAME Data,0.0,20680900.0,19268000.0,10000000.0,10000000.0,10000000.0,0.0,224,0.7165,0.73448,051701000100,State Agency for Mass Education,23020127,CONSTRUCTION OF ICT INFRASTRUCTURES,70951,EDUCATION NOT DEFINABLE BY LEVEL,33342400,State Wide,05050126004000,Schools’ infrastructure construction and rehabilitation
"Rehabilitation and fencing of Adult Literacy and Vocational center. at ABDULLAHI Fodio Road, sokoto south LGA.",0.0,13000000.0,13000000.0,23000000.0,23000000.0,23000000.0,0.0,224,0.72467,0.74265,051701000100,State Agency for Mass Education,23030106,REHABILITATION / REPAIRS - PUBLIC SCHOOLS,70951,EDUCATION NOT DEFINABLE BY LEVEL,33342400,State Wide,05050126004100,Schools’ infrastructure construction and rehabilitation
Rehabilitation of 6 MDG centers 2 per each senatorial zone,0.0,0.0,0.0,25000000.0,25000000.0,25000000.0,0.0,224,0.73284,0.75082,051701000100,State Agency for Mass Education,23030106,REHABILITATION / REPAIRS - PUBLIC SCHOOLS,70951,EDUCATION NOT DEFINABLE BY LEVEL,33342400,State Wide,05050126004200,Schools’ infrastructure construction and rehabilitation
Annual School Census Survey on Non Formal Education.,0.0,0.0,0.0,10000000.0,10000000.0,10000000.0,0.0,224,0.74101,0.75899,051701000100,State Agency for Mass Education,23050101,RESEARCH AND DEVELOPMENT,70951,EDUCATION NOT DEFINABLE BY LEVEL,33342400,State Wide,05010225000700,Human and institutional capacity performance management
"Procurement of Sitting facilities for 79,100 learners and 2,244 facilitators across the 23 LGA",0.0,30000000.0,28832000.0,45000000.0,45000000.0,45000000.0,0.0,224,0.74918,0.76716,051701000100,State Agency for Mass Education,23010112,PURCHASE OF OFFICE FURNITURE AND FITTINGS,70951,EDUCATION NOT DEFINABLE BY LEVEL,33342400,State Wide,05010225000800,Human and institutional capacity performance management
"Procurement of Vocational Materials 48 MDG centres and 27 Vocational skills acquisition centres across the state (i.e Sewing Machine, Emvroidary Machine, Nitting Maching, Sewing and sewing accessories)",0.0,70000000.0,63839220.0,100000000.0,100000000.0,100000000.0,0.0,224,0.75735,0.77533,051701000100,State Agency for Mass Education,23030106,REHABILITATION / REPAIRS - PUBLIC SCHOOLS,70951,EDUCATION NOT DEFINABLE BY LEVEL,33342400,State Wide,05010225000900,Human and institutional capacity performance management
Procurement of 10 no. each of Shoes and Bags making machines for women across the 23 LGAs,0.0,30000000.0,24697400.0,45000000.0,45000000.0,45000000.0,0.0,224,0.76552,0.7835,051701000100,State Agency for Mass Education,23010129,PURCHASE OF INDUSTRIAL EQUIPMENT,70951,EDUCATION NOT DEFINABLE BY LEVEL,33342400,State Wide,05010225001000,Human and institutional capacity performance management
Restoration of WEAC Center (Accreditation) and Increasing of 2 Centres for teh Remaining Senatorial Zones,0.0,0.0,0.0,3000000.0,3000000.0,3000000.0,0.0,224,0.77369,0.79167,051701000100,State Agency for Mass Education,23050101,RESEARCH AND DEVELOPMENT,70951,EDUCATION NOT DEFINABLE BY LEVEL,33342400,State Wide,05010225001100,Human and institutional capacity performance management
Acquiring Three SAME NECO Centres one Each Per Senatorial Zones including science laboratory apparatus,0.0,0.0,0.0,10000000.0,10000000.0,10000000.0,0.0,224,0.78268,0.80065,051701000100,State Agency for Mass Education,23050101,RESEARCH AND DEVELOPMENT,70951,EDUCATION NOT DEFINABLE BY LEVEL,33342400,State Wide,05010225001200,Human and institutional capacity performance management
Preparation and Conduct of basic literacy Examination across 791 centres,0.0,0.0,0.0,20000000.0,20000000.0,20000000.0,0.0,224,0.79085,0.80882,051701000100,State Agency for Mass Education,23050101,RESEARCH AND DEVELOPMENT,70951,EDUCATION NOT DEFINABLE BY LEVEL,33342400,State Wide,05010225001300,Human and institutional capacity performance management
Construction of Nomadic Schools State Wide,0.0,30000000.0,20608000.0,60000000.0,60000000.0,60000000.0,0.0,224,0.8317,0.84967,051701100100,State Agency for Normadic Education1,23020107,CONSTRUCTION / PROVISION OF PUBLIC SCHOOLS,70912,PRIMARY EDUCATION,33342400,State Wide,05050126004300,Schools’ infrastructure construction and rehabilitation
Rehabilitation of Normadic Schools State Wide,0.0,15000000.0,12644592.75,30000000.0,30000000.0,30000000.0,0.0,224,0.83987,0.85784,051701100100,State Agency for Normadic Education1,23030106,REHABILITATION / REPAIRS - PUBLIC SCHOOLS,70912,PRIMARY EDUCATION,33342400,State Wide,05050126004400,Schools’ infrastructure construction and rehabilitation
Consruction of 3 Block of 9 Classrooms At Sildewo Nomadic Schools,0.0,50000000.0,9017874.0,60000000.0,60000000.0,60000000.0,0.0,224,0.84804,0.86601,051701100100,State Agency for Normadic Education1,23020107,CONSTRUCTION / PROVISION OF PUBLIC SCHOOLS,70912,PRIMARY EDUCATION,33342400,State Wide,05050126004500,Schools’ infrastructure construction and rehabilitation
Construction of Staff Quarters and fencing of Sildewo Nomadic School Tangaza,0.0,50000000.0,0.0,60000000.0,60000000.0,60000000.0,0.0,224,0.85621,0.87418,051701100100,State Agency for Normadic Education1,23020102,CONSTRUCTION / PROVISION OF RESIDENTIAL BUILDINGS,70912,PRIMARY EDUCATION,33311900,TANGAZA,05050126004600,Schools’ infrastructure construction and rehabilitation
Construction Boreholes at Silldewo Nomadic School Tangaza,0.0,46421231.0,0.0,46421231.0,46421231.0,46421231.0,0.0,224,0.86438,0.88235,051701100100,State Agency for Normadic Education1,23020105,CONSTRUCTION / PROVISION OF WATER FACILITIES,70912,PRIMARY EDUCATION,33311900,TANGAZA,05050126004700,Schools’ infrastructure construction and rehabilitation
Construction of 1 block of 3 Classrooms at Zangon Lakoda at Illela Local Government,0.0,18500788.0,12644592.75,18500788.0,18500788.0,18500788.0,0.0,224,0.87255,0.89052,051701100100,State Agency for Normadic Education1,23020107,CONSTRUCTION / PROVISION OF PUBLIC SCHOOLS,70912,PRIMARY EDUCATION,33320800,ILLELA,05050126004800,Schools’ infrastructure construction and rehabilitation
Construction of 1 block of 3 Classrooms at Baguderri At Shagari Local Governmnet,0.0,18500788.0,12644592.75,18500788.0,18500788.0,18500788.0,0.0,224,0.88154,0.89951,051701100100,State Agency for Normadic Education1,23020107,CONSTRUCTION / PROVISION OF PUBLIC SCHOOLS,70912,PRIMARY EDUCATION,33331400,SHAGARI,05050126004900,Schools’ infrastructure construction and rehabilitation
"Construction of 1 block of 3 classrooms each at Gagalawa NPS, shiyar Rugga NPS and Illelar Marnona NPS",0.0,0.0,0.0,90000000.0,45000000.0,45000000.0,0.0,224,0.88971,0.90768,051701100100,State Agency for Normadic Education1,23020107,CONSTRUCTION / PROVISION OF PUBLIC SCHOOLS,70912,PRIMARY EDUCATION,33342400,State Wide,05030325000800,Nomadic and migrants’ education
Construction of Administration Block,0.0,60000000.0,38342123.0,0.0,0.0,0.0,0.0,225,0.1152,0.13317,051700800100,State Library Board,23020101,CONSTRUCTION / PROVISION OF OFFICE BUILDINGS,70971,R & D EDUCATION,33311700,SOKOTO SOUTH,05050126005000,Schools’ infrastructure construction and rehabilitation
Rehabilitation of main library complex,0.0,60000000.0,18000000.0,0.0,0.0,0.0,0.0,225,0.12337,0.14134,051700800100,State Library Board,23030110,REHABILITATION / REPAIRS - LIBRARIES,70971,R & D EDUCATION,33311700,SOKOTO SOUTH,05050126005100,Schools’ infrastructure construction and rehabilitation
Expansion and Equipping of physically Challenge Section,0.0,40000000.0,0.0,0.0,0.0,0.0,0.0,225,0.13154,0.14951,051700800100,State Library Board,23020101,CONSTRUCTION / PROVISION OF OFFICE BUILDINGS,70971,R & D EDUCATION,33342400,State Wide,05050126005200,Schools’ infrastructure construction and rehabilitation
"Purchase of Books, journal,official Document,Audio-visual",18000000.0,20000000.0,0.0,0.0,0.0,0.0,0.0,225,0.13971,0.15768,051700800100,State Library Board,23010125,PURCHASE OF LIBRARY BOOKS & EQUIPMENT,70971,R & D EDUCATION,33342400,State Wide,05010225000500,Human and institutional capacity performance management
Renovation of Livbraries across the State,0.0,40000000.0,26847665.9,0.0,0.0,0.0,0.0,225,0.14788,0.16585,051700800100,State Library Board,23030110,REHABILITATION / REPAIRS - LIBRARIES,70971,R & D EDUCATION,33342400,State Wide,05050126005300,Schools’ infrastructure construction and rehabilitation
Equiping of libraries across the State,0.0,41581000.0,0.0,0.0,0.0,0.0,0.0,225,0.15605,0.17402,051700800100,State Library Board,23010125,PURCHASE OF LIBRARY BOOKS & EQUIPMENT,70971,R & D EDUCATION,33342400,State Wide,05010225000700,Human and institutional capacity performance management
"Constuction of 3 no of E-Libraries at Bodinga,silame and Gada L/Govt",0.0,0.0,0.0,100000000.0,600000000.0,600000000.0,0.0,225,0.16422,0.18219,051700800100,State Library Board,23020101,CONSTRUCTION / PROVISION OF OFFICE BUILDINGS,70971,R & D EDUCATION,33342400,State Wide,05050126005400,Schools’ infrastructure construction and rehabilitation
"purchase of additional reading materials for the head quarter and 10 branchs at wamakko,binji,illele,isa,rabah,kebbe,yabo,shagari,dange shuni and wurno l\g",0.0,0.0,0.0,40000000.0,380000000.0,380000000.0,0.0,225,0.17239,0.19036,051700800100,State Library Board,23010125,PURCHASE OF LIBRARY BOOKS & EQUIPMENT,70971,R & D EDUCATION,33342400,State Wide,05010226000200,Human and institutional capacity performance management
provision of office reading funiture at main library complex,0.0,0.0,0.0,50000000.0,110000000.0,110000000.0,0.0,225,0.18137,0.19935,051700800100,State Library Board,23010112,PURCHASE OF OFFICE FURNITURE AND FITTINGS,70971,R & D EDUCATION,33311700,SOKOTO SOUTH,05010226000300,Human and institutional capacity performance management
"Rehabilitation of 4 no branchs libraries at wamakko,binji,yabo and dange shuni l/g",0.0,0.0,0.0,100000000.0,370000000.0,370000000.0,0.0,225,0.18954,0.20752,051700800100,State Library Board,23030110,REHABILITATION / REPAIRS - LIBRARIES,70971,R & D EDUCATION,33342400,State Wide,05050126005500,Schools’ infrastructure construction and rehabilitation
Purchace of 3no of photocopies (kyocera machine) 3 no of printers hp Laserjet Latest model to the E-Library of the head quarter,0.0,0.0,0.0,10000000.0,40000000.0,40000000.0,0.0,225,0.19771,0.21569,051700800100,State Library Board,23010114,PURCHASE OF COMPUTER PRINTERS,70971,R & D EDUCATION,33311700,SOKOTO SOUTH,05010226000400,Human and institutional capacity performance management
"Procurement of school chairs, tables, benches for Female Schools across the 3 Senatorial zones",0.0,30000000.0,8250000.0,130000000.0,0.0,0.0,0.0,225,0.23856,0.25654,051705700100,Female Education Board,23010112,PURCHASE OF OFFICE FURNITURE AND FITTINGS,70981,EDUCATION N.E.C,33342400,State Wide,05050226000400,Furnishing
"Provision of laboratory equipments such as test tubes, volumetric flask, ring stand, funnels, bunsen bur",0.0,80000000.0,0.0,60000000.0,0.0,0.0,0.0,225,0.24673,0.26471,051705700100,Female Education Board,23010129,PURCHASE OF INDUSTRIAL EQUIPMENT 70981 - EDUCATION N.E.C,,"ner, buret, glasswares, for female schools",33342400,State Wide,05050326000700,Libraries and laboratories
Procurement and distribution of 500 Tailoring Machines to Girls Secondary Schools across the State,0.0,60000000.0,0.0,60000000.0,0.0,0.0,0.0,225,0.2549,0.27288,051705700100,Female Education Board,23010129,PURCHASE OF INDUSTRIAL EQUIPMENT,70981,EDUCATION N.E.C,33342400,State Wide,03100126000500,Poverty Alleviation - General
Procurement and distribution of 500 knitting Machines to Girls Secondary schools across the State,0.0,45000000.0,0.0,45000000.0,0.0,0.0,0.0,225,0.26307,0.28105,051705700100,Female Education Board,23010129,PURCHASE OF INDUSTRIAL EQUIPMENT,70981,EDUCATION N.E.C,33342400,State Wide,03100126000600,Poverty Alleviation - General
Procurement of 1000 no Snacks Mixer/oven Machines for distribution to Girls secondary schools,0.0,45000000.0,0.0,45000000.0,0.0,0.0,0.0,225,0.27124,0.28922,051705700100,Female Education Board,23010129,PURCHASE OF INDUSTRIAL EQUIPMENT,70981,EDUCATION N.E.C,33342400,State Wide,03100126000700,Poverty Alleviation - General
Procuremnt and distribution of 1000 no of Soap Making Machines to girls Secondary schools,0.0,40000000.0,0.0,40000000.0,0.0,0.0,0.0,225,0.28023,0.2982,051705700100,Female Education Board,23010129,PURCHASE OF INDUSTRIAL EQUIPMENT,70981,EDUCATION N.E.C,33342400,State Wide,03100126000800,Poverty Alleviation - General
Construction of Women centres for continue Education across all 23 LGAs of Sokoto State,0.0,100000000.0,0.0,0.0,0.0,0.0,0.0,225,0.2884,0.30637,051705700100,Female Education Board,23020107,CONSTRUCTION / PROVISION OF PUBLIC SCHOOLS,70981,EDUCATION N.E.C,33342400,State Wide,05100126000900,Education Not Elsewhere Classified
Construction of 2 block of 3 Classrooms at Women for Centre Continue Education in Sokoto North and Isa zonal centres.,0.0,120000000.0,0.0,120000000.0,0.0,0.0,0.0,225,0.29657,0.31454,051705700100,Female Education Board,23020107,CONSTRUCTION / PROVISION OF PUBLIC SCHOOLS,70981,EDUCATION N.E.C,33342400,State Wide,05050126005600,Schools’ infrastructure construction and rehabilitation
Construction of 2 block of 4 no of toilets for Female Education Centres across the State,0.0,60000000.0,0.0,60000000.0,0.0,0.0,0.0,225,0.30474,0.32271,051705700100,Female Education Board,23020107,CONSTRUCTION / PROVISION OF PUBLIC SCHOOLS,70981,EDUCATION N.E.C,33342400,State Wide,05050126005700,Schools’ infrastructure construction and rehabilitation
Completion of staff room at Gwadabawa Women centre for Continue Education,0.0,60000000.0,0.0,60000000.0,0.0,0.0,0.0,225,0.31291,0.33088,051705700100,Female Education Board,23020107,CONSTRUCTION / PROVISION OF PUBLIC SCHOOLS,70981,EDUCATION N.E.C,33342400,State Wide,05050126005800,Schools’ infrastructure construction and rehabilitation
Construction of perimeter wall fence at Women for Centre Continue EducationGwadabawa,0.0,30000000.0,0.0,30000000.0,0.0,0.0,0.0,225,0.32108,0.33905,051705700100,Female Education Board,23020107,CONSTRUCTION / PROVISION OF PUBLIC SCHOOLS,70981,EDUCATION N.E.C,33320700,GWADABAWA,05050126005900,Schools’ infrastructure construction and rehabilitation
Rehablitation of Islamic Nursery schools and modelling of selected Islamic Schools in each Senetorial district,25000000.0,25000000.0,0.0,25000000.0,25000000.0,25000000.0,0.0,225,0.36193,0.3799,051705800100,Arabic and Islamic Education Board,23030106,REHABILITATION / REPAIRS - PUBLIC SCHOOLS,70981,EDUCATION N.E.C,33342400,State Wide,05050126006000,Schools’ infrastructure construction and rehabilitation
Construction of Qur'anic Islamiyya school in each ward in the state.,20000000.0,20000000.0,0.0,20000000.0,20000000.0,20000000.0,0.0,225,0.3701,0.38807,051705800100,Arabic and Islamic Education Board,23020107,CONSTRUCTION / PROVISION OF PUBLIC SCHOOLS,70922,UPPER-SECONDARY EDUCATION,33342400,State Wide,05050126006100,Schools’ infrastructure construction and rehabilitation
"Support top-special grants to Qur'anic and Islamiyya school across the state, Sponsorship and assistance to Daurah for Arabic and Islamic Studies.",25000000.0,25000000.0,0.0,0.0,60000000.0,60000000.0,0.0,225,0.37908,0.39706,051705800100,Arabic and Islamic Education Board,23050101,RESEARCH AND DEVELOPMENT,70922,UPPER-SECONDARY EDUCATION,33342400,State Wide,05010320260300,Education sector coordination mechanisms
Purchase of 2 new toyota Hilux car for office use at the Board Hqtrs,30000000.0,0.0,0.0,0.0,0.0,0.0,0.0,225,0.38725,0.40523,051705800100,Arabic and Islamic Education Board,23010105,PURCHASE OF MOTOR VEHICLES,70922,UPPER-SECONDARY EDUCATION,33342400,State Wide,05010320260400,Education sector coordination mechanisms
Construction of 2 block of 5 classes for Almajiri Nizzamiyyah in Dange shuni L/G.,100000000.0,100000000.0,0.0,100000000.0,100000000.0,100000000.0,0.0,225,0.39542,0.4134,051705800100,Arabic and Islamic Education Board,23020107,CONSTRUCTION / PROVISION OF PUBLIC SCHOOLS,70922,UPPER-SECONDARY EDUCATION,33342400,State Wide,05050126006200,Schools’ infrastructure construction and rehabilitation
Furniture and equipment for GDASS Gandu,10000000.0,0.0,0.0,0.0,0.0,0.0,0.0,225,0.40359,0.42157,051705800100,Arabic and Islamic Education Board,23010112,PURCHASE OF OFFICE FURNITURE AND FITTINGS,70922,UPPER-SECONDARY EDUCATION,33342400,State Wide,05050226000500,Furnishing
Furniture and equipment for WGJAS Gidadawa,42000000.0,0.0,0.0,0.0,0.0,0.0,0.0,225,0.41176,0.42974,051705800100,Arabic and Islamic Education Board,23010112,PURCHASE OF OFFICE FURNITURE AND FITTINGS,70922,UPPER-SECONDARY EDUCATION,33342400,State Wide,05050226000600,Furnishing
Purchase of 100 no. excutive chairs and tables for the board,5000000.0,50000000.0,14700000.0,25000000.0,45000000.0,45000000.0,0.0,225,0.41993,0.43791,051705800100,Arabic and Islamic Education Board,23010112,PURCHASE OF OFFICE FURNITURE AND FITTINGS,70922,UPPER-SECONDARY EDUCATION,33342400,State Wide,05050226000700,Furnishing
Completion/provision of funiture and equipment for GGDASS Akilla,3000000.0,0.0,0.0,0.0,0.0,0.0,0.0,225,0.4281,0.44608,051705800100,Arabic and Islamic Education Board,23010112,PURCHASE OF OFFICE FURNITURE AND FITTINGS,70922,UPPER-SECONDARY EDUCATION,33342400,State Wide,05050126006300,Schools’ infrastructure construction and rehabilitation
Construction of 2 block of 5 classes for Almajiri Nizzamiyyah in Sokoto South LGA,80000000.0,80000000.0,0.0,80000000.0,80000000.0,80000000.0,0.0,225,0.43627,0.45425,051705800100,Arabic and Islamic Education Board,23020107,CONSTRUCTION / PROVISION OF PUBLIC SCHOOLS,70922,UPPER-SECONDARY EDUCATION,33342400,State Wide,05050126006400,Schools’ infrastructure construction and rehabilitation
Construction of 2 block of 5 classes for Almajiri Nizzamiyyah in Goronyo LGA,80000000.0,80000000.0,0.0,80000000.0,80000000.0,80000000.0,0.0,225,0.44444,0.46242,051705800100,Arabic and Islamic Education Board,23020107,CONSTRUCTION / PROVISION OF PUBLIC SCHOOLS,70922,UPPER-SECONDARY EDUCATION,33342400,State Wide,05050126006500,Schools’ infrastructure construction and rehabilitation
"Conduct of Annual Qur'anic Recitation Competition at District, Local State and National Level",100000000.0,100000000.0,40000000.0,100000000.0,100000000.0,100000000.0,0.0,225,0.45261,0.47059,051705800100,Arabic and Islamic Education Board,23050104,ANNIVERSARIES/CELEBRATIONS,70922,UPPER-SECONDARY EDUCATION,33342400,State Wide,05010320161200,Education sector coordination mechanisms
Renovation of Some Offices At the Board Hqtrs,0.0,50000000.0,0.0,40000000.0,40000000.0,40000000.0,0.0,225,0.46078,0.47876,051705800100,Arabic and Islamic Education Board,23030121,REHABILITATION / REPAIRS OF OFFICE BUILDINGS,70922,UPPER-SECONDARY EDUCATION,33342400,State Wide,05050126006600,Schools’ infrastructure construction and rehabilitation
Renovation of AIEB Conference halll (ie modern conference hall).,0.0,40000000.0,0.0,40000000.0,40000000.0,40000000.0,0.0,225,0.46895,0.48693,051705800100,Arabic and Islamic Education Board,23030121,REHABILITATION / REPAIRS OF OFFICE BUILDINGS,70922,UPPER-SECONDARY EDUCATION,33342400,State Wide,05050126006700,Schools’ infrastructure construction and rehabilitation
Repairs of solar power Borehole at the Board Hqtrs.,0.0,10000000.0,0.0,10000000.0,10000000.0,10000000.0,0.0,225,0.47712,0.4951,051705800100,Arabic and Islamic Education Board,23030125,REHABILITATION/REPAIRS- POWER GENERATING PLANTS,70922,UPPER-SECONDARY EDUCATION,33342400,State Wide,05010320261500,Education sector coordination mechanisms
Rehabilitation of tsangaya schools across the State.,600000000.0,300000000.0,0.0,300000000.0,300000000.0,300000000.0,0.0,225,0.48611,0.50408,051705800100,Arabic and Islamic Education Board,23030106,REHABILITATION / REPAIRS - PUBLIC SCHOOLS,70922,UPPER-SECONDARY EDUCATION,33342400,State Wide,05050126006800,Schools’ infrastructure construction and rehabilitation
Provision of NBAIS Corriculum for Arabic Secondary Schools Under the Board,0.0,0.0,0.0,10000000.0,10000000.0,10000000.0,0.0,225,0.49428,0.51225,051705800100,Arabic and Islamic Education Board,23050101,RESEARCH AND DEVELOPMENT,70922,UPPER-SECONDARY EDUCATION,33342400,State Wide,05060226000700,Research and development
"Purchase of 10 no of hp2 Computers,3 no of hp Printers and 2 no of photocopire machine for use by the carriers and Evaluation Dept.",0.0,0.0,0.0,10000000.0,10000000.0,10000000.0,0.0,225,0.50245,0.52042,051705800100,Arabic and Islamic Education Board,23010113,PURCHASE OF COMPUTERS,70922,UPPER-SECONDARY EDUCATION,33342400,State Wide,05010326000700,Education sector coordination mechanisms
"Purchase of Textbooks, Instructional materials and equipment for tertiary Instutions",0.0,120000000.0,0.0,0.0,0.0,0.0,0.0,225,0.5433,0.56127,056900100100,Ministry for Higher Education,23010125,PURCHASE OF LIBRARY BOOKS & EQUIPMENT,70941,FIRST STAGE OF TERTIARY EDUCATION,33342400,State Wide,05050123000200,Schools’ infrastructure construction and rehabilitation
Payment of security guard for tertiary Institutions,0.0,150000000.0,141621165.0,0.0,200000000.0,200000000.0,0.0,225,0.55147,0.56944,056900100100,Ministry for Higher Education,23020107,CONSTRUCTION / PROVISION OF PUBLIC SCHOOLS,70941,FIRST STAGE OF TERTIARY EDUCATION,33342400,State Wide,05050123000300,Schools’ infrastructure construction and rehabilitation
"Purchase of Textbooks, Instructional materials, and equipment for Tertiary Institutions",0.0,50000000.0,17860200.0,0.0,0.0,0.0,0.0,225,0.55964,0.57761,056900100100,Ministry for Higher Education,23010124,PURCHASE OF TEACHING / LEARNING AID EQUIPMENT,70941,FIRST STAGE OF TERTIARY EDUCATION,33342400,State Wide,05050123000400,Schools’ infrastructure construction and rehabilitation
"Purchase of 16,000 No. JAMB / DE forms",0.0,0.0,0.0,250000000.0,250000000.0,250000000.0,0.0,225,0.56781,0.58578,056900100100,Ministry for Higher Education,23050101,RESEARCH AND DEVELOPMENT,70941,FIRST STAGE OF TERTIARY EDUCATION,33342400,State Wide,05040623000500,School examination and MLA
"Purchase of 8,000 GCE and private NECO forms",0.0,0.0,0.0,100000000.0,100000000.0,100000000.0,0.0,225,0.5768,0.59477,056900100100,Ministry for Higher Education,23050101,RESEARCH AND DEVELOPMENT,70941,FIRST STAGE OF TERTIARY EDUCATION,33342400,State Wide,05040623000600,School examination and MLA
"Purchase of 1,000nos NABTEB forms N 11,500 each.",0.0,50000000.0,0.0,0.0,0.0,0.0,0.0,225,0.58497,0.60294,056900100100,Ministry for Higher Education,23050101,RESEARCH AND DEVELOPMENT,70941,FIRST STAGE OF TERTIARY EDUCATION,33342400,State Wide,05040623000700,School examination and MLA
Rehabilitation of laboratories and structures for tertiary institutions,0.0,135000000.0,0.0,200000000.0,200000000.0,200000000.0,0.0,225,0.59314,0.61111,056900100100,Ministry for Higher Education,23010105,PURCHASE OF MOTOR VEHICLES,70941,FIRST STAGE OF TERTIARY EDUCATION,33342400,State Wide,05010423000800,Integrated supportive supervision
Equipping of laboratories and accreditation for tertiary Institutions,0.0,50000000.0,0.0,300000000.0,300000000.0,300000000.0,0.0,225,0.60131,0.61928,056900100100,Ministry for Higher Education,23050101,RESEARCH AND DEVELOPMENT,70941,FIRST STAGE OF TERTIARY EDUCATION,33342400,State Wide,05060223000900,Research and development
Provision and Installation of Internet Facilities at Headquarter,0.0,0.0,0.0,50000000.0,50000000.0,50000000.0,0.0,225,0.60948,0.62745,056900100100,Ministry for Higher Education,23020127,CONSTRUCTION OF ICT INFRASTRUCTURES,70941,FIRST STAGE OF TERTIARY EDUCATION,33342400,State Wide,05010323001000,Education sector coordination mechanisms
Support to Universities and tertiary Institutions for development projects,0.0,329400000.0,251776672.23,580000000.0,400000000.0,400000000.0,0.0,225,0.61765,0.63562,056900100100,Ministry for Higher Education,23050101,RESEARCH AND DEVELOPMENT,70941,FIRST STAGE OF TERTIARY EDUCATION,33342400,State Wide,05010223001100,Human and institutional capacity performance management
Purchase of 3 no Toyota Hilux,0.0,100000000.0,40000000.0,0.0,0.0,0.0,0.0,225,0.62582,0.64379,056900100100,Ministry for Higher Education,23010105,PURCHASE OF MOTOR VEHICLES,70941,FIRST STAGE OF TERTIARY EDUCATION,33342400,State Wide,05050123001200,Schools’ infrastructure construction and rehabilitation
Purchase 3 no Toyota Hilux for SSCOE,0.0,100000000.0,0.0,0.0,0.0,0.0,0.0,225,0.63399,0.65196,056900100100,Ministry for Higher Education,23010105,PURCHASE OF MOTOR VEHICLES,70941,FIRST STAGE OF TERTIARY EDUCATION,33342400,State Wide,05050123001300,Schools’ infrastructure construction and rehabilitation
"Registration of Matriculation student at UDUS and state College of Basic and Remedial studies, Sokoto",0.0,0.0,0.0,100000000.0,100000000.0,100000000.0,0.0,225,0.64216,0.66013,056900100100,Ministry for Higher Education,23050101,RESEARCH AND DEVELOPMENT,70941,FIRST STAGE OF TERTIARY EDUCATION,33342400,State Wide,05040626000100,School examination and MLA
Total Renovation of temporary site of Federal Polytechnic Yabo,0.0,0.0,0.0,460000000.0,300000000.0,300000000.0,0.0,225,0.65033,0.6683,056900100100,Ministry for Higher Education,23030106,REHABILITATION / REPAIRS - PUBLIC SCHOOLS,70941,FIRST STAGE OF TERTIARY EDUCATION,33332300,YABO,05040626000200,School examination and MLA
Completion of college female hostel.,0.0,251000000.0,0.0,351000000.0,351000000.0,351000000.0,0.0,225,0.69199,0.70997,056900300100,Shehu Shagari Collage of Education Sokoto,23020107,CONSTRUCTION / PROVISION OF PUBLIC SCHOOLS,70941,FIRST STAGE OF TERTIARY EDUCATION,33342400,State Wide,05050124000100,Schools’ infrastructure construction and rehabilitation
"Construction of 280 mtrs, Drainage wthin the college",0.0,90235751.55,89879789.68,70000000.0,70000000.0,70000000.0,0.0,225,0.70016,0.71814,056900300100,Shehu Shagari Collage of Education Sokoto,23020114,CONSTRUCTION / PROVISION OF ROADS,70941,FIRST STAGE OF TERTIARY EDUCATION,33342400,State Wide,05050125000100,Schools’ infrastructure construction and rehabilitation
Construction of integrated science complex in the college,0.0,250000000.0,177571881.65,250000000.0,250000000.0,250000000.0,0.0,225,0.70833,0.72631,056900300100,Shehu Shagari Collage of Education Sokoto,23020107,CONSTRUCTION / PROVISION OF PUBLIC SCHOOLS,70941,FIRST STAGE OF TERTIARY EDUCATION,33342400,State Wide,05050125000200,Schools’ infrastructure construction and rehabilitation
Procurement of 200 no. chairs and tables for the newly constructed Integrated Science Complex,0.0,30000000.0,0.0,80000000.0,80000000.0,80000000.0,0.0,225,0.7165,0.73448,056900300100,Shehu Shagari Collage of Education Sokoto,23010112,PURCHASE OF OFFICE FURNITURE AND FITTINGS,70941,FIRST STAGE OF TERTIARY EDUCATION,33342400,State Wide,05050126007400,Schools’ infrastructure construction and rehabilitation
Procurement of Chemicals and Re-agents for the newly constructed Integrated Science complex,0.0,60000000.0,0.0,0.0,0.0,0.0,0.0,225,0.72467,0.74265,056900300100,Shehu Shagari Collage of Education Sokoto,23050101,RESEARCH AND DEVELOPMENT,70941,FIRST STAGE OF TERTIARY EDUCATION,33342400,State Wide,05040225000200,Instructional and learning materials
Renovation of College Central Mosque,0.0,70000000.0,0.0,70000000.0,70000000.0,70000000.0,0.0,225,0.73284,0.75082,056900300100,Shehu Shagari Collage of Education Sokoto,23030128,REHABILITATION/REPAIRS OF RELIGIOUS BUILDING,70941,FIRST STAGE OF TERTIARY EDUCATION,33342400,State Wide,05050125000300,Schools’ infrastructure construction and rehabilitation
Renovation of College 20 no Staff quarters houses at Shehu Shagari College of Education,0.0,170200000.0,91917479.0,170200000.0,170200000.0,170200000.0,0.0,225,0.74101,0.75899,056900300100,Shehu Shagari Collage of Education Sokoto,23030103,REHABILITATION / REPAIRS - HOUSING,70941,FIRST STAGE OF TERTIARY EDUCATION,33342400,State Wide,05050126007500,Schools’ infrastructure construction and rehabilitation
Provision 5klm of access roads at Shehu Shagari College of Education,0.0,39000000.0,0.0,100000000.0,100000000.0,100000000.0,0.0,225,0.74918,0.76716,056900300100,Shehu Shagari Collage of Education Sokoto,23020114,CONSTRUCTION / PROVISION OF ROADS,70941,FIRST STAGE OF TERTIARY EDUCATION,33342400,State Wide,05050125000400,Schools’ infrastructure construction and rehabilitation
"Purchase of equipments such as communication boards, hearing aids and talking books for Special students",0.0,10000000.0,0.0,0.0,0.0,0.0,0.0,225,0.75735,0.77533,056900300100,Shehu Shagari Collage of Education Sokoto,23010124,PURCHASE OF TEACHING / LEARNING AID EQUIPMENT,70941,FIRST STAGE OF TERTIARY EDUCATION,33342400,State Wide,05040224000700,Instructional and learning materials
Extension of college fencing wall,0.0,0.0,0.0,150000000.0,150000000.0,150000000.0,0.0,225,0.76552,0.7835,056900300100,Shehu Shagari Collage of Education Sokoto,23020107,CONSTRUCTION / PROVISION OF PUBLIC SCHOOLS,70941,FIRST STAGE OF TERTIARY EDUCATION,33342400,State Wide,05050526000100,School safety
Upgrade of Agricultural science department at Shehu shagari college of education,0.0,0.0,0.0,95000000.0,95000000.0,95000000.0,0.0,225,0.77369,0.79167,056900300100,Shehu Shagari Collage of Education Sokoto,23020107,CONSTRUCTION / PROVISION OF PUBLIC SCHOOLS,70941,FIRST STAGE OF TERTIARY EDUCATION,33342400,State Wide,05050126007600,Schools’ infrastructure construction and rehabilitation
Renovation of Provost house at Shehu shagari college of education,0.0,0.0,0.0,45000000.0,45000000.0,45000000.0,0.0,225,0.78268,0.80065,056900300100,Shehu Shagari Collage of Education Sokoto,23030106,REHABILITATION / REPAIRS - PUBLIC SCHOOLS,70941,FIRST STAGE OF TERTIARY EDUCATION,33342400,State Wide,05050126007700,Schools’ infrastructure construction and rehabilitation
Renovation of College lecture halls and old Waziri Junaidu Library (TETFUND),0.0,0.0,0.0,1100000000.0,1100000000.0,1100000000.0,0.0,225,0.79085,0.80882,056900300100,Shehu Shagari Collage of Education Sokoto,23030106,REHABILITATION / REPAIRS - PUBLIC SCHOOLS,70941,FIRST STAGE OF TERTIARY EDUCATION,33342400,State Wide,05050126007800,Schools’ infrastructure construction and rehabilitation
"Support for carrier development e.g, Scholarships, conferences and journal development (TETFUND)",0.0,0.0,0.0,1000000000.0,1000000000.0,1000000000.0,0.0,225,0.79902,0.81699,056900300100,Shehu Shagari Collage of Education Sokoto,23050101,RESEARCH AND DEVELOPMENT,70941,FIRST STAGE OF TERTIARY EDUCATION,33342400,State Wide,05060226000800,Research and development
Purchase of 200 Students Beds and 200 Matresess for renovated male and female hostels,0.0,0.0,0.0,30000000.0,30000000.0,30000000.0,0.0,225,0.80719,0.82516,056900300100,Shehu Shagari Collage of Education Sokoto,23010112,PURCHASE OF OFFICE FURNITURE AND FITTINGS,70941,FIRST STAGE OF TERTIARY EDUCATION,33342400,State Wide,05050226000800,Furnishing
Expansion of Electricity main line (HT&LT) to Staff quarters and new buildings,0.0,42489750.89,0.0,44482520.21,44482520.21,44482520.21,0.0,225,0.84804,0.86601,056900400100,Sokoto State University,23020103,CONSTRUCTION / PROVISION OF ELECTRICITY,70942,SECOND STAGE OF TERTIARY EDUCATION,33330200,BODINGA,05010326001100,Education sector coordination mechanisms
Construction Central Workshop for the Department of Physical Planning and Maintenance,0.0,30000000.0,0.0,31407000.0,31407000.0,31407000.0,0.0,225,0.85621,0.87418,056900400100,Sokoto State University,23020101,CONSTRUCTION / PROVISION OF OFFICE BUILDINGS,70942,SECOND STAGE OF TERTIARY EDUCATION,33330200,BODINGA,05010326001200,Education sector coordination mechanisms
Purchase of Equipment for the Central Workshop of the Department of Physical Planning and Maintena,0.0,15000000.0,0.0,15703500.0,15703500.0,15703500.0,0.0,225,0.86438,0.88235,056900400100,Sokoto State University,23010129,PURCHASE OF INDUSTRIAL EQUIPMENT 70942 - SECOND STAGE OF TERTIARY EDUCATION,,nce,33330200,BODINGA,05010326001300,Education sector coordination mechanisms
Construction of Staff Secondary School,1230482854.64,6500000.0,0.0,1861737857.79,861737857.79,361737857.79,0.0,225,0.87255,0.89052,056900400100,Sokoto State University,23020107,CONSTRUCTION / PROVISION OF PUBLIC SCHOOLS,70942,SECOND STAGE OF TERTIARY EDUCATION,33330200,BODINGA,05010326001400,Education sector coordination mechanisms
Purchase of mechanical spare part and machines.,0.0,30000000.0,0.0,6804850.0,6804850.0,6804850.0,0.0,225,0.88154,0.89951,056900400100,Sokoto State University,23010129,PURCHASE OF INDUSTRIAL EQUIPMENT,70942,SECOND STAGE OF TERTIARY EDUCATION,33330200,BODINGA,05010326001500,Education sector coordination mechanisms
Purchase of Equipment & Furniture for the Faculty of ICT,0.0,45000000.0,0.0,31407000.0,31407000.0,31407000.0,0.0,225,0.88971,0.90768,056900400100,Sokoto State University,23010112,PURCHASE OF OFFICE FURNITURE AND FITTINGS,70942,SECOND STAGE OF TERTIARY EDUCATION,33330200,BODINGA,05010326001600,Education sector coordination mechanisms
Construction & Equipment of Animal House for Biochemistry,0.0,15000000.0,0.0,47110500.0,47110500.0,47110500.0,0.0,225,0.89788,0.91585,056900400100,Sokoto State University,23020113,CONSTRUCTION / PROVISION OF AGRICULTURAL FACILITIES,70942,SECOND STAGE OF TERTIARY EDUCATION,33330200,BODINGA,05010326001700,Education sector coordination mechanisms
Purchase Equipment and Furniture for Micro – Teaching Laboratory,0.0,20000000.0,0.0,15703500.0,15703500.0,15703500.0,0.0,226,0.09069,0.10866,056900400100,Sokoto State University,23010112,PURCHASE OF OFFICE FURNITURE AND FITTINGS,70942,SECOND STAGE OF TERTIARY EDUCATION,33330200,BODINGA,05010326001800,Education sector coordination mechanisms
Purchase of Equipment and Furniture for equipping Maintenance Development Centre,0.0,55000000.0,0.0,20938000.0,20938000.0,20938000.0,0.0,226,0.09886,0.11683,056900400100,Sokoto State University,23010112,PURCHASE OF OFFICE FURNITURE AND FITTINGS,70942,SECOND STAGE OF TERTIARY EDUCATION,33330200,BODINGA,05010326001900,Education sector coordination mechanisms
Purchase of 500ltr water tanker,0.0,0.0,0.0,57579500.0,57579500.0,57579500.0,0.0,226,0.10703,0.125,056900400100,Sokoto State University,23010107,PURCHASE OF TRUCKS,70942,SECOND STAGE OF TERTIARY EDUCATION,33330200,BODINGA,05050426000200,"Water, sanitation and hygiene"
Construction of School Infrastructures and Facilities,0.0,0.0,0.0,340242500.0,340242500.0,340242500.0,0.0,226,0.1152,0.13317,056900400100,Sokoto State University,23020107,CONSTRUCTION / PROVISION OF PUBLIC SCHOOLS,70942,SECOND STAGE OF TERTIARY EDUCATION,33330200,BODINGA,05010326002000,Education sector coordination mechanisms
Construction of Perimeter wall fence Phase 1,0.0,240000000.0,72000000.0,251256000.0,251256000.0,251256000.0,0.0,226,0.12337,0.14134,056900400100,Sokoto State University,23020107,CONSTRUCTION / PROVISION OF PUBLIC SCHOOLS,70942,SECOND STAGE OF TERTIARY EDUCATION,33330200,BODINGA,05010326002100,Education sector coordination mechanisms
Completion of Amphitheatre,0.0,35000000.0,0.0,36641500.0,36641500.0,36641500.0,0.0,226,0.13154,0.14951,056900400100,Sokoto State University,23020107,CONSTRUCTION / PROVISION OF PUBLIC SCHOOLS,70942,SECOND STAGE OF TERTIARY EDUCATION,33330200,BODINGA,05010326002200,Education sector coordination mechanisms
Construction of Student Hostels,0.0,220000000.0,0.0,230318000.0,230318000.0,230318000.0,0.0,226,0.13971,0.15768,056900400100,Sokoto State University,23020104,CONSTRUCTION / PROVISION OF HOUSING,70942,SECOND STAGE OF TERTIARY EDUCATION,33330200,BODINGA,05010326002300,Education sector coordination mechanisms
Completion of staff quarters (53nos) Phase 1,0.0,240000000.0,0.0,382976958.0,382976958.0,382976958.0,0.0,226,0.14788,0.16585,056900400100,Sokoto State University,23020104,CONSTRUCTION / PROVISION OF HOUSING,70942,SECOND STAGE OF TERTIARY EDUCATION,33330200,BODINGA,05010326002400,Education sector coordination mechanisms
Conduct of accreditation exercises for SSU,0.0,120060000.0,0.0,125690814.0,125690814.0,125690814.0,0.0,226,0.15605,0.17402,056900400100,Sokoto State University,23050103,MONITORING AND EVALUATION,70942,SECOND STAGE OF TERTIARY EDUCATION,33330200,BODINGA,05010326002500,Education sector coordination mechanisms
Construction of 1 no of 2 storey building of Admin Block - student affairs and Distance Learning centre,0.0,150000000.0,0.0,551000000.0,401000000.0,401000000.0,0.0,226,0.19771,0.21569,056900500100,State college of basic and remedial studies,23020101,CONSTRUCTION / PROVISION OF OFFICE BUILDINGS,70941,FIRST STAGE OF TERTIARY EDUCATION,33312100,WAMAKKO,05050126007900,Schools’ infrastructure construction and rehabilitation
Construction of staff quarters - 10 units of 2 bedroom apartment,0.0,70000000.0,68014360.52,513600000.0,520600000.0,520600000.0,0.0,226,0.20588,0.22386,056900500100,State college of basic and remedial studies,23020104,CONSTRUCTION / PROVISION OF HOUSING,70941,FIRST STAGE OF TERTIARY EDUCATION,33312100,WAMAKKO,05050126008000,Schools’ infrastructure construction and rehabilitation
"Total Renovation of SCBRS - classrooms, offices and metron and Guest Houses and creation of additional Structures to meet Tertiary Institution Standard",0.0,350000000.0,258433654.54,1100000000.0,505700000.0,0.0,0.0,226,0.21405,0.23203,056900500100,State college of basic and remedial studies,23030106,REHABILITATION / REPAIRS - PUBLIC SCHOOLS,70941,FIRST STAGE OF TERTIARY EDUCATION,33312100,WAMAKKO,05050126008100,Schools’ infrastructure construction and rehabilitation
Construction of 500 sitting capacity modern audotorium,0.0,80000000.0,0.0,150000000.0,300000000.0,300000000.0,0.0,226,0.22222,0.2402,056900500100,State college of basic and remedial studies,23020107,CONSTRUCTION / PROVISION OF PUBLIC SCHOOLS,70941,FIRST STAGE OF TERTIARY EDUCATION,33312100,WAMAKKO,05050126008200,Schools’ infrastructure construction and rehabilitation
"Construction of 1block of 3nos Standard mini banking hall, workshop and studio for NBTE acredited programs",0.0,0.0,0.0,225400000.0,0.0,0.0,0.0,226,0.23039,0.24837,056900500100,State college of basic and remedial studies,23020101,CONSTRUCTION / PROVISION OF OFFICE BUILDINGS,70941,FIRST STAGE OF TERTIARY EDUCATION,33312100,WAMAKKO,05050126008300,Schools’ infrastructure construction and rehabilitation
Procurement of Furnitures and Equipments for furnishing of 500 sitting capacity modern Auditorium,0.0,15000000.0,0.0,129860000.0,7860000.0,7860000.0,0.0,226,0.23856,0.25654,056900500100,State college of basic and remedial studies,23010142,PURCHASE OF WATER EQUIPMENT,70941,FIRST STAGE OF TERTIARY EDUCATION,33312100,WAMAKKO,05050426000300,"Water, sanitation and hygiene"
"Purchase of 300nos. Of Bed,Matress,Blanket and Pillow Case for Male and Female Hostels",0.0,30000000.0,0.0,30000000.0,20000000.0,20000000.0,0.0,226,0.24673,0.26471,056900500100,State college of basic and remedial studies,23010125,PURCHASE OF LIBRARY BOOKS & EQUIPMENT,70941,FIRST STAGE OF TERTIARY EDUCATION,33312100,WAMAKKO,05010225000700,Human and institutional capacity performance management
Purchase of Additional e-library resources,0.0,34000000.0,0.0,20515000.0,30515000.0,30515000.0,0.0,226,0.2549,0.27288,056900500100,State college of basic and remedial studies,23050102,COMPUTER SOFTWARE ACQUISITION,70941,FIRST STAGE OF TERTIARY EDUCATION,33312100,WAMAKKO,05010225000800,Human and institutional capacity performance management
Purchase of 300 no. dell laptop computers and 30 no. Hp printers and accessories for CBT center,0.0,45000000.0,0.0,200210000.0,180210000.0,180210000.0,0.0,226,0.26307,0.28105,056900500100,State college of basic and remedial studies,23050102,COMPUTER SOFTWARE ACQUISITION,70941,FIRST STAGE OF TERTIARY EDUCATION,33312100,WAMAKKO,05050426000400,"Water, sanitation and hygiene"
Renovation of Male and Female Hostels,0.0,45000000.0,0.0,230000000.0,63000000.0,63000000.0,0.0,226,0.27124,0.28922,056900500100,State college of basic and remedial studies,23010124,PURCHASE OF TEACHING / LEARNING AID EQUIPMENT,70941,FIRST STAGE OF TERTIARY EDUCATION,33312100,WAMAKKO,05010225001000,Human and institutional capacity performance management
"Provision of solar lightining for admin block, class room and Hostels.",0.0,50000000.0,0.0,35000000.0,55000000.0,55000000.0,0.0,226,0.28023,0.2982,056900500100,State college of basic and remedial studies,23010105,PURCHASE OF MOTOR VEHICLES,70941,FIRST STAGE OF TERTIARY EDUCATION,33312100,WAMAKKO,05010225001100,Human and institutional capacity performance management
Procurement of 3nos.official vehicles for principal officers (1no. Toyota camry 2017 saloon (2no. Toyota camry 2017 saloon),0.0,70000000.0,0.0,0.0,0.0,0.0,0.0,226,0.2884,0.30637,056900500100,State college of basic and remedial studies,23020107,CONSTRUCTION / PROVISION OF PUBLIC SCHOOLS,70941,FIRST STAGE OF TERTIARY EDUCATION,33312100,WAMAKKO,05010225001200,Human and institutional capacity performance management
Consruction of additional classrooms,0.0,20000000.0,0.0,210000000.0,210000000.0,210000000.0,0.0,226,0.29657,0.31454,056900500100,State college of basic and remedial studies,23020107,CONSTRUCTION / PROVISION OF PUBLIC SCHOOLS,70941,FIRST STAGE OF TERTIARY EDUCATION,33312100,WAMAKKO,05050126008400,Schools’ infrastructure construction and rehabilitation
Construction of walk way and land scaping withing the Academic core,0.0,20000000.0,0.0,33700000.0,20000000.0,20000000.0,0.0,226,0.30474,0.32271,056900500100,State college of basic and remedial studies,23020107,CONSTRUCTION / PROVISION OF PUBLIC SCHOOLS,70941,FIRST STAGE OF TERTIARY EDUCATION,33312100,WAMAKKO,05050126008500,Schools’ infrastructure construction and rehabilitation
Construction of convetional wether station for IJMB programme,0.0,12000000.0,0.0,20000000.0,20000000.0,20000000.0,0.0,226,0.31291,0.33088,056900500100,State college of basic and remedial studies,23010124,PURCHASE OF TEACHING / LEARNING AID EQUIPMENT,70941,FIRST STAGE OF TERTIARY EDUCATION,33312100,WAMAKKO,05050126008600,Schools’ infrastructure construction and rehabilitation
Purchase of survey equipment for IJMB programme,0.0,200000000.0,0.0,0.0,12000000.0,12000000.0,0.0,226,0.32108,0.33905,056900500100,State college of basic and remedial studies,23010133,PURCHASES OF SURVEYING EQUIPMENT,70941,FIRST STAGE OF TERTIARY EDUCATION,33312100,WAMAKKO,05010225001600,Human and institutional capacity performance management
Construction of mordern ICT centre of 300 sitting capacity to meet JMB standard,0.0,15000000.0,0.0,220000000.0,350000000.0,350000000.0,0.0,226,0.32925,0.34722,056900500100,State college of basic and remedial studies,23020107,CONSTRUCTION / PROVISION OF PUBLIC SCHOOLS,70941,FIRST STAGE OF TERTIARY EDUCATION,33312100,WAMAKKO,05050126008700,Schools’ infrastructure construction and rehabilitation
Upgrading of College library to meet IJMB and NBTE standard,0.0,25000000.0,0.0,50000000.0,148700000.0,148700000.0,0.0,226,0.33742,0.35539,056900500100,State college of basic and remedial studies,23020107,CONSTRUCTION / PROVISION OF PUBLIC SCHOOLS,70941,FIRST STAGE OF TERTIARY EDUCATION,33312100,WAMAKKO,05050126008800,Schools’ infrastructure construction and rehabilitation
"Construction of football playground, Handball and Badminton court",0.0,150000000.0,0.0,25000000.0,25000000.0,25000000.0,0.0,226,0.34559,0.36356,056900500100,State college of basic and remedial studies,23020119,CONSTRUCTION / PROVISION OF RECREATIONAL FACILITIES,70941,FIRST STAGE OF TERTIARY EDUCATION,33312100,WAMAKKO,05050126008900,Schools’ infrastructure construction and rehabilitation
Conduct of NBTE accreditation and affiliation for IJMB Examination,0.0,20000000.0,0.0,120000000.0,120000000.0,120000000.0,0.0,226,0.35376,0.37173,056900500100,State college of basic and remedial studies,23050103,MONITORING AND EVALUATION,70941,FIRST STAGE OF TERTIARY EDUCATION,33312100,WAMAKKO,05010225002000,Human and institutional capacity performance management
"Printing of certificate, annual convocation and marticulation",0.0,100000000.0,0.0,0.0,40000000.0,40000000.0,0.0,226,0.36193,0.3799,056900500100,State college of basic and remedial studies,23050101,RESEARCH AND DEVELOPMENT,70941,FIRST STAGE OF TERTIARY EDUCATION,33312100,WAMAKKO,05010225002100,Human and institutional capacity performance management
"Procurement of equiments and chemical reagents for laboratories, studios, workshop and entreprenuership",0.0,100000000.0,0.0,165200000.0,285200000.0,285200000.0,0.0,226,0.3701,0.38807,056900500100,State college of basic and remedial studies,23030105,REHABILITATION / REPAIRS - HOSPITAL / HEALTH CENTRES,70941,FIRST STAGE OF TERTIARY EDUCATION,33312100,WAMAKKO,05050326000800,Libraries and laboratories
Upgrading of college clinic to PHC Standard to meet NBTE accreditation,0.0,50000000.0,0.0,100000000.0,80000000.0,80000000.0,0.0,226,0.37908,0.39706,056900500100,State college of basic and remedial studies,23020106,CONSTRUCTION / PROVISION OF HOSPITALS / HEALTH CENTRES,70941,FIRST STAGE OF TERTIARY EDUCATION,33342400,State Wide,04050125002303,Functional health facilities
Licencing and registration with professional bodies,0.0,0.0,0.0,0.0,50000000.0,50000000.0,0.0,226,0.38725,0.40523,056900500100,State college of basic and remedial studies,23050101,RESEARCH AND DEVELOPMENT,70941,FIRST STAGE OF TERTIARY EDUCATION,33342400,State Wide,05010225002400,Human and institutional capacity performance management
Construction of Wall Fence between SCBRS Access Road and RTV,0.0,0.0,0.0,53700000.0,0.0,0.0,0.0,226,0.39542,0.4134,056900500100,State college of basic and remedial studies,23020114,CONSTRUCTION / PROVISION OF ROADS,70941,FIRST STAGE OF TERTIARY EDUCATION,33342400,State Wide,05050126009000,Schools’ infrastructure construction and rehabilitation
Renovation of 25nos of staff quarters,0.0,197000000.0,150000000.0,150000000.0,300000000.0,300000000.0,0.0,226,0.43627,0.45425,056901800100,Umaru Ali Shinkafi Polytechnic Sokoto,23030101,REHABILITATION / REPAIRS OF RESIDENTIAL BUILDING,70941,FIRST STAGE OF TERTIARY EDUCATION,33312100,WAMAKKO,05050124000100,Schools’ infrastructure construction and rehabilitation
Completion of wall fencing at CABS,0.0,0.0,0.0,200000000.0,200000000.0,200000000.0,0.0,226,0.44444,0.46242,056901800100,Umaru Ali Shinkafi Polytechnic Sokoto,23020107,CONSTRUCTION / PROVISION OF PUBLIC SCHOOLS,70941,FIRST STAGE OF TERTIARY EDUCATION,33312100,WAMAKKO,05050124000200,Schools’ infrastructure construction and rehabilitation
Rehabilitation of facilities for Accreditation,0.0,35000000.0,35000000.0,100000000.0,300000000.0,300000000.0,0.0,226,0.45261,0.47059,056901800100,Umaru Ali Shinkafi Polytechnic Sokoto,23030106,REHABILITATION / REPAIRS - PUBLIC SCHOOLS,70941,FIRST STAGE OF TERTIARY EDUCATION,33312100,WAMAKKO,05050124000300,Schools’ infrastructure construction and rehabilitation
Conduct of annual convocation ceremony,0.0,40000000.0,29000000.0,0.0,100000000.0,100000000.0,0.0,226,0.46078,0.47876,056901800100,Umaru Ali Shinkafi Polytechnic Sokoto,23050104,ANNIVERSARIES/CELEBRATIONS,70941,FIRST STAGE OF TERTIARY EDUCATION,33312100,WAMAKKO,05010326000800,Education sector coordination mechanisms
Procurement of 3 no 500KVA Transformers for Student Hostels and Classes,0.0,0.0,0.0,300000000.0,300000000.0,300000000.0,0.0,226,0.46895,0.48693,056901800100,Umaru Ali Shinkafi Polytechnic Sokoto,23010119,PURCHASE OF POWER GENERATING SET,70435,ELECTRICITY,33312100,WAMAKKO,05050126006900,Schools’ infrastructure construction and rehabilitation
Renovation of old Admin Block at main campus,0.0,25000000.0,0.0,50000000.0,150000000.0,150000000.0,0.0,226,0.47712,0.4951,056901800100,Umaru Ali Shinkafi Polytechnic Sokoto,23030121,REHABILITATION / REPAIRS OF OFFICE BUILDINGS,70941,FIRST STAGE OF TERTIARY EDUCATION,33312100,WAMAKKO,05050124000600,Schools’ infrastructure construction and rehabilitation
Preparation for annual poly games for both staff and student,0.0,20000000.0,17199050.0,80000000.0,80000000.0,80000000.0,0.0,226,0.48611,0.50408,056901800100,Umaru Ali Shinkafi Polytechnic Sokoto,23050104,ANNIVERSARIES/CELEBRATIONS,70941,FIRST STAGE OF TERTIARY EDUCATION,33312100,WAMAKKO,05010224000700,Human and institutional capacity performance management
ND/HND upgrade inspection by the (NBTE),0.0,30000000.0,30000000.0,150000000.0,0.0,0.0,0.0,226,0.49428,0.51225,056901800100,Umaru Ali Shinkafi Polytechnic Sokoto,23050102,COMPUTER SOFTWARE ACQUISITION,70941,FIRST STAGE OF TERTIARY EDUCATION,33312100,WAMAKKO,05010326000900,Education sector coordination mechanisms
Enviromental beautification and tree maintenance,0.0,20000000.0,20000000.0,60000000.0,60000000.0,60000000.0,0.0,226,0.50245,0.52042,056901800100,Umaru Ali Shinkafi Polytechnic Sokoto,23040101,TREE PLANTING,70941,FIRST STAGE OF TERTIARY EDUCATION,33312100,WAMAKKO,05010326001000,Education sector coordination mechanisms
Constrution of 500 seater capacity Auditorium Hall,0.0,284057279.76,284057278.76,0.0,0.0,0.0,0.0,226,0.51062,0.52859,056901800100,Umaru Ali Shinkafi Polytechnic Sokoto,23020101,CONSTRUCTION / PROVISION OF OFFICE BUILDINGS,70941,FIRST STAGE OF TERTIARY EDUCATION,33312100,WAMAKKO,05050124001000,Schools’ infrastructure construction and rehabilitation
Renovation of Collapse and Dilapidated Hall,0.0,0.0,0.0,500000000.0,500000000.0,500000000.0,0.0,226,0.51879,0.53676,056901800100,Umaru Ali Shinkafi Polytechnic Sokoto,23030106,REHABILITATION / REPAIRS - PUBLIC SCHOOLS,70941,FIRST STAGE OF TERTIARY EDUCATION,33312100,WAMAKKO,05050126007000,Schools’ infrastructure construction and rehabilitation
Construction of 4 km Access Roads for main Campus,0.0,0.0,0.0,139000000.0,139000000.0,139000000.0,0.0,226,0.52696,0.54493,056901800100,Umaru Ali Shinkafi Polytechnic Sokoto,23020114,CONSTRUCTION / PROVISION OF ROADS,70941,FIRST STAGE OF TERTIARY EDUCATION,33312100,WAMAKKO,05050126007100,Schools’ infrastructure construction and rehabilitation
Construction of 5km Access roads for CABS,0.0,0.0,0.0,203000000.0,203000000.0,203000000.0,0.0,226,0.53513,0.5531,056901800100,Umaru Ali Shinkafi Polytechnic Sokoto,23020114,CONSTRUCTION / PROVISION OF ROADS,70941,FIRST STAGE OF TERTIARY EDUCATION,33312100,WAMAKKO,05050126007200,Schools’ infrastructure construction and rehabilitation
Renovation of Students Hostels at Umaru Ali Shinkafi Polytechnic (Main Campus and CABS),0.0,0.0,0.0,500000000.0,500000000.0,500000000.0,0.0,226,0.5433,0.56127,056901800100,Umaru Ali Shinkafi Polytechnic Sokoto,23030106,REHABILITATION / REPAIRS - PUBLIC SCHOOLS,70941,FIRST STAGE OF TERTIARY EDUCATION,33312100,WAMAKKO,05050126007300,Schools’ infrastructure construction and rehabilitation
Installation of ICT Internet link and extension at Scholarship Secretariat,25070000.0,0.0,0.0,0.0,0.0,0.0,0.0,226,0.58497,0.60294,056905500100,Sokoto State Scholarship and Students Matters,23020127,CONSTRUCTION OF ICT INFRASTRUCTURES,70942,SECOND STAGE OF TERTIARY EDUCATION,33342400,State Wide,05040124000300,All levels of education quality assurance
Renovation of the Sokoto State Scholarship Office complex,22020000.0,0.0,0.0,0.0,0.0,0.0,0.0,226,0.59314,0.61111,056905500100,Sokoto State Scholarship and Students Matters,23030121,REHABILITATION / REPAIRS OF OFFICE BUILDINGS,70942,SECOND STAGE OF TERTIARY EDUCATION,33342400,State Wide,05040124000400,All levels of education quality assurance
Installation of ICT Internet link and extension at Scholarship Secretariat,0.0,25070000.0,0.0,25070000.0,25070000.0,25070000.0,0.0,226,0.60131,0.61928,056905500100,Sokoto State Scholarship and Students Matters,23020127,CONSTRUCTION OF ICT INFRASTRUCTURES,70942,SECOND STAGE OF TERTIARY EDUCATION,33342400,State Wide,05040124000300,All levels of education quality assurance
Renovation of the Sokoto State Scholarship Office complex,0.0,22020000.0,0.0,22020000.0,22020000.0,22020000.0,0.0,226,0.60948,0.62745,056905500100,Sokoto State Scholarship and Students Matters,23030121,REHABILITATION / REPAIRS OF OFFICE BUILDINGS,70942,SECOND STAGE OF TERTIARY EDUCATION,33342400,State Wide,05040124000400,All levels of education quality assurance
Purchase of teaching and learning equipment,0.0,100000000.0,0.0,100000000.0,100000000.0,100000000.0,0.0,226,0.65033,0.6683,056905600100,Shehu Shagari University of Education,23010124,PURCHASE OF TEACHING / LEARNING AID EQUIPMENT,70942,SECOND STAGE OF TERTIARY EDUCATION,33312100,WAMAKKO,05020625000100,Tertiary institutions’ new courses accreditation
"Purchase of 20 no Library equipment such as library tables, book trolleys, filing cabinet, newspaper stands",0.0,148500000.0,13701750.0,148500000.0,148500000.0,148500000.0,0.0,226,0.6585,0.67647,056905600100,Shehu Shagari University of Education,23010125,PURCHASE OF LIBRARY BOOKS & EQUIPMENT,70942,SECOND STAGE OF TERTIARY EDUCATION,33312100,WAMAKKO,05020625000200,Tertiary institutions’ new courses accreditation
Purchase of 1 nos. 18 seaters bus Toyota coaster,0.0,0.0,0.0,0.0,150000000.0,150000000.0,0.0,226,0.66667,0.68464,056905600100,Shehu Shagari University of Education,23010108,PURCHASE OF BUSES,70942,SECOND STAGE OF TERTIARY EDUCATION,33312100,WAMAKKO,05020625000400,Tertiary institutions’ new courses accreditation
Expansion of University clinic,0.0,20000000.0,0.0,50000000.0,50000000.0,50000000.0,0.0,226,0.67484,0.69281,056905600100,Shehu Shagari University of Education,23020106,CONSTRUCTION / PROVISION OF HOSPITALS / HEALTH CENTRES,70942,SECOND STAGE OF TERTIARY EDUCATION,33312100,WAMAKKO,05020625000500,Tertiary institutions’ new courses accreditation
Construction of Drainage and Landscaping 300 meters,0.0,235000000.0,0.0,340000000.0,340000000.0,340000000.0,0.0,226,0.68382,0.7018,056905600100,Shehu Shagari University of Education,23020116,CONSTRUCTION / PROVISION OF WATER-WAYS,70942,SECOND STAGE OF TERTIARY EDUCATION,33312100,WAMAKKO,05020625000600,Tertiary institutions’ new courses accreditation
Acquisition of non tangible assests,0.0,0.0,0.0,120000000.0,120000000.0,120000000.0,0.0,226,0.69199,0.70997,056905600100,Shehu Shagari University of Education,23050101,RESEARCH AND DEVELOPMENT,70942,SECOND STAGE OF TERTIARY EDUCATION,33312100,WAMAKKO,05020625000700,Tertiary institutions’ new courses accreditation
Purchase of 400 no HP Laptop Computers,0.0,135500000.0,0.0,300000000.0,50000000.0,50000000.0,0.0,226,0.70016,0.71814,056905600100,Shehu Shagari University of Education,23010113,PURCHASE OF COMPUTERS,70942,SECOND STAGE OF TERTIARY EDUCATION,33312100,WAMAKKO,05020625000800,Tertiary institutions’ new courses accreditation
Support school to conduct matriculation Exercises,0.0,50000000.0,0.0,105000000.0,235000000.0,235000000.0,0.0,226,0.70833,0.72631,056905600100,Shehu Shagari University of Education,23050103,MONITORING AND EVALUATION,70942,SECOND STAGE OF TERTIARY EDUCATION,33312100,WAMAKKO,05020625000900,Tertiary institutions’ new courses accreditation
Support accreditation exercises for SSUE,0.0,105000000.0,0.0,235000000.0,105000000.0,105000000.0,0.0,226,0.7165,0.73448,056905600100,Shehu Shagari University of Education,23050103,MONITORING AND EVALUATION,70942,SECOND STAGE OF TERTIARY EDUCATION,33312100,WAMAKKO,05020625001000,Tertiary institutions’ new courses accreditation
"Provision of Medical Equipment such as Scanning machines, X-ray machines etc",0.0,40000000.0,0.0,40000000.0,40000000.0,40000000.0,0.0,226,0.72467,0.74265,056905600100,Shehu Shagari University of Education,23020106,CONSTRUCTION / PROVISION OF HOSPITALS / HEALTH CENTRES,70942,SECOND STAGE OF TERTIARY EDUCATION,33312100,WAMAKKO,05020625001100,Tertiary institutions’ new courses accreditation
Construction of Auditorium 500 seat capacity,0.0,50000000.0,0.0,750000000.0,850000000.0,850000000.0,0.0,226,0.73284,0.75082,056905600100,Shehu Shagari University of Education,23020107,CONSTRUCTION / PROVISION OF PUBLIC SCHOOLS,70942,SECOND STAGE OF TERTIARY EDUCATION,33312100,WAMAKKO,05020625001200,Tertiary institutions’ new courses accreditation
Construction of University Guest House for visiting Examiners,0.0,40000000.0,0.0,80000000.0,80000000.0,80000000.0,0.0,226,0.74101,0.75899,056905600100,Shehu Shagari University of Education,23020102,CONSTRUCTION / PROVISION OF RESIDENTIAL BUILDINGS,70942,SECOND STAGE OF TERTIARY EDUCATION,33312100,WAMAKKO,05020625001400,Tertiary institutions’ new courses accreditation
Provision of Solar equipment for ICT Centre,0.0,50000000.0,0.0,150000000.0,150000000.0,150000000.0,0.0,226,0.74918,0.76716,056905600100,Shehu Shagari University of Education,23020127,CONSTRUCTION OF ICT INFRASTRUCTURES,70942,SECOND STAGE OF TERTIARY EDUCATION,33312100,WAMAKKO,05020625001500,Tertiary institutions’ new courses accreditation
Expansion of water Reticulation system,0.0,50000000.0,0.0,70000000.0,70000000.0,70000000.0,0.0,226,0.75735,0.77533,056905600100,Shehu Shagari University of Education,23020105,CONSTRUCTION / PROVISION OF WATER FACILITIES,70942,SECOND STAGE OF TERTIARY EDUCATION,33312100,WAMAKKO,05020625001600,Tertiary institutions’ new courses accreditation
Provision of Fire Fighting Equipment,0.0,65000000.0,0.0,85000000.0,85000000.0,85000000.0,0.0,226,0.76552,0.7835,056905600100,Shehu Shagari University of Education,23020110,CONSTRUCTION / PROVISION OF FIRE FIGHTING STATIONS,70942,SECOND STAGE OF TERTIARY EDUCATION,33312100,WAMAKKO,05020625001700,Tertiary institutions’ new courses accreditation
Construction of Staff Quarters 10No.,0.0,0.0,0.0,250000000.0,250000000.0,250000000.0,0.0,226,0.77369,0.79167,056905600100,Shehu Shagari University of Education,23020102,CONSTRUCTION / PROVISION OF RESIDENTIAL BUILDINGS,70942,SECOND STAGE OF TERTIARY EDUCATION,33312100,WAMAKKO,05020625001800,Tertiary institutions’ new courses accreditation
Securing/ Fencing of Male and Female Hostel,0.0,0.0,0.0,280000000.0,280000000.0,280000000.0,0.0,226,0.78268,0.80065,056905600100,Shehu Shagari University of Education,23020104,CONSTRUCTION / PROVISION OF HOUSING,70942,SECOND STAGE OF TERTIARY EDUCATION,33312100,WAMAKKO,05020625001900,Tertiary institutions’ new courses accreditation
Construction of 2 Lecture Halls,0.0,0.0,0.0,500000000.0,500000000.0,500000000.0,0.0,226,0.79085,0.80882,056905600100,Shehu Shagari University of Education,23020101,CONSTRUCTION / PROVISION OF OFFICE BUILDINGS,70942,SECOND STAGE OF TERTIARY EDUCATION,33312100,WAMAKKO,05020625002000,Tertiary institutions’ new courses accreditation
Construction of New VC complex,0.0,0.0,0.0,650000000.0,650000000.0,650000000.0,0.0,226,0.79902,0.81699,056905600100,Shehu Shagari University of Education,23020101,CONSTRUCTION / PROVISION OF OFFICE BUILDINGS,70942,SECOND STAGE OF TERTIARY EDUCATION,33312100,WAMAKKO,05020625002100,Tertiary institutions’ new courses accreditation
Expansion of University Premises (15 Hecters),0.0,100000000.0,0.0,550000000.0,550000000.0,550000000.0,0.0,226,0.80719,0.82516,056905600100,Shehu Shagari University of Education,23020107,CONSTRUCTION / PROVISION OF PUBLIC SCHOOLS,70942,SECOND STAGE OF TERTIARY EDUCATION,33312100,WAMAKKO,05020625002200,Tertiary institutions’ new courses accreditation
Purchase of Text Books,0.0,0.0,0.0,100000000.0,100000000.0,100000000.0,0.0,226,0.81536,0.83333,056905600100,Shehu Shagari University of Education,23010125,PURCHASE OF LIBRARY BOOKS & EQUIPMENT,70942,SECOND STAGE OF TERTIARY EDUCATION,33312100,WAMAKKO,05020626000100,Tertiary institutions’ new courses accreditation
Completion of Sokoto State University Teaching Hospital (SOSUTH) at Kasarawa Wamakko Local Government,0.0,2000000000.0,0.0,10000000000.0,7000000000.0,2500000000.0,0.0,226,0.85621,0.87418,052100100100,Ministry of Health,23020106,CONSTRUCTION / PROVISION OF HOSPITALS / HEALTH CENTRES,70741,PUBLIC HEALTH SERVICES,33312100,WAMAKKO,04010223000104,Human and institutional capacity performance management
"Procurement of Medical Equipment such as Ultrasound machines, Sterilizers, Autcolaves, incubators, Sttethiscopes, Anesthesia machines for Sokoto State University Teaching Hospital (SOSUTH) at Kasarawa Wamakko Local Government",0.0,3000000000.0,0.0,10000000000.0,7000000000.0,2000000000.0,0.0,226,0.86438,0.88235,052100100100,Ministry of Health,23010122,PURCHASE OF HEALTH / MEDICAL EQUIPMENT,70741,PUBLIC HEALTH SERVICES,33312100,WAMAKKO,04010223000204,Human and institutional capacity performance management
"Construction of Modern Medical Warehouse at Kasarawa, Wamakko Local Govt",0.0,1000000000.0,0.0,15000000000.0,10000000000.0,3000000000.0,0.0,226,0.87255,0.89052,052100100100,Ministry of Health,23020106,CONSTRUCTION / PROVISION OF HOSPITALS / HEALTH CENTRES,70741,PUBLIC HEALTH SERVICES,33312100,WAMAKKO,04010223000304,Human and institutional capacity performance management
Completion of Premier Hospital at Tambuwal LGA,0.0,0.0,0.0,1500000000.0,1500000000.0,1500000000.0,0.0,226,0.88154,0.89951,052100100100,Ministry of Health,23020106,CONSTRUCTION / PROVISION OF HOSPITALS / HEALTH CENTRES,70741,PUBLIC HEALTH SERVICES,33331800,TAMBUWAL,04050123000404,Functional health facilities
"Procurement of Medical Equipment such as Ultrasound machines, Sterilizers, Autcolaves, incubators, Sttethiscopes, Anesthesia machinesfor Premier Hospital Tambuwal",0.0,0.0,0.0,2500000000.0,2500000000.0,2500000000.0,0.0,226,0.88971,0.90768,052100100100,Ministry of Health,23010122,PURCHASE OF HEALTH / MEDICAL EQUIPMENT,70741,PUBLIC HEALTH SERVICES,33331800,TAMBUWAL,04050123000504,Functional health facilities
Completion of Premier Hospital at Binji LGA,0.0,0.0,0.0,2000000000.0,2000000000.0,2000000000.0,0.0,226,0.89788,0.91585,052100100100,Ministry of Health,23030105,REHABILITATION / REPAIRS - HOSPITAL / HEALTH CENTRES,70741,PUBLIC HEALTH SERVICES,33331800,TAMBUWAL,04050123000604,Functional health facilities
"Procurement of Medical Equipment such as Ultrasound machines, Sterilizers, Autcolaves, incubators, Sttethiscopes, Anesthesia machines for Premier Hospital Binji",0.0,0.0,0.0,3000000000.0,3000000000.0,3000000000.0,0.0,227,0.09069,0.10866,052100100100,Ministry of Health,23010122,PURCHASE OF HEALTH / MEDICAL EQUIPMENT,70741,PUBLIC HEALTH SERVICES,33310100,BINJI,04050123000704,Functional health facilities
Completion of Premier Hospital at Sabon Birni LGA,0.0,0.0,0.0,2000000000.0,2000000000.0,2000000000.0,0.0,227,0.09886,0.11683,052100100100,Ministry of Health,23020106,CONSTRUCTION / PROVISION OF HOSPITALS / HEALTH CENTRES,70741,PUBLIC HEALTH SERVICES,33321300,SABON BIRNI,04050123000804,Functional health facilities
"Procurement of Medical Equipment such as Ultrasound machines, Sterilizers, Autcolaves, incubators, Sttethiscopes, Anesthesia machines for Premier Hospital Sabon Birni",0.0,0.0,0.0,3000000000.0,3000000000.0,3000000000.0,0.0,227,0.10703,0.125,052100100100,Ministry of Health,23010122,PURCHASE OF HEALTH / MEDICAL EQUIPMENT,70741,PUBLIC HEALTH SERVICES,33321300,SABON BIRNI,04050123000904,Functional health facilities
Upgrading of Primary Health Center Kuchi in Kebbe LGA to General Hospital,0.0,60000000.0,0.0,60000000.0,60000000.0,60000000.0,0.0,227,0.1152,0.13317,052100100100,Ministry of Health,23030105,REHABILITATION / REPAIRS - HOSPITAL / HEALTH CENTRES,70741,PUBLIC HEALTH SERVICES,33331000,KEBBE,04050123001004,Functional health facilities
Upgrading of Primary Health Center Sanyinna in Tambuwal LGA to General Hospital,0.0,100000000.0,0.0,300000000.0,300000000.0,300000000.0,0.0,227,0.12337,0.14134,052100100100,Ministry of Health,23030105,REHABILITATION / REPAIRS - HOSPITAL / HEALTH CENTRES,70741,PUBLIC HEALTH SERVICES,33331800,TAMBUWAL,04050123001104,Functional health facilities
Upgrading of Primary Health Center Achida in Wurno LGA to General Hospital,0.0,100447222.86,0.0,300000000.0,300000000.0,300000000.0,0.0,227,0.13154,0.14951,052100100100,Ministry of Health,23030105,REHABILITATION / REPAIRS - HOSPITAL / HEALTH CENTRES,70741,PUBLIC HEALTH SERVICES,33322200,WURNO,04050123001204,Functional health facilities
Upgrading of Primary Health Center Salame in Gwadabawa LGA to General Hospital,0.0,67575075.75,0.0,300000000.0,300000000.0,300000000.0,0.0,227,0.13971,0.15768,052100100100,Ministry of Health,23030105,REHABILITATION / REPAIRS - HOSPITAL / HEALTH CENTRES,70741,PUBLIC HEALTH SERVICES,33320700,GWADABAWA,04050123001304,Functional health facilities
Completion of Murtala Muhammad Specialist Hospital Sokoto,0.0,2500000000.0,84931117.27,3000000000.0,5000000000.0,3000000000.0,0.0,227,0.14788,0.16585,052100100100,Ministry of Health,23020106,CONSTRUCTION / PROVISION OF HOSPITALS / HEALTH CENTRES,70741,PUBLIC HEALTH SERVICES,33342400,State Wide,04050123001404,Functional health facilities
Counterpart Funds for Basic Health Care Provision Funds (BHCBF)- EMT,0.0,70000000.0,0.0,70000000.0,70000000.0,70000000.0,0.0,227,0.15605,0.17402,052100100100,Ministry of Health,23050103,MONITORING AND EVALUATION,70741,PUBLIC HEALTH SERVICES,33342400,State Wide,04090123001504,Mobilising equity contributions and vulnerable group funds
Support for the Attendance of National Council on Health (NCH),0.0,20000000.0,0.0,0.0,20000000.0,20000000.0,0.0,227,0.16422,0.18219,052100100100,Ministry of Health,23050101,RESEARCH AND DEVELOPMENT,70741,PUBLIC HEALTH SERVICES,33342400,State Wide,04010223001604,Human and institutional capacity performance management
Support for Procurement and Conduct of Malaria Control Activities in the State,0.0,60000000.0,0.0,0.0,60000000.0,60000000.0,0.0,227,0.17239,0.19036,052100100100,Ministry of Health,23050103,MONITORING AND EVALUATION,70741,PUBLIC HEALTH SERVICES,33342400,State Wide,04010423001704,Integrated supportive supervision
Procurement of Maternal and Child Health Equipment and Intervention across the State,0.0,50000000.0,0.0,50000000.0,50000000.0,50000000.0,0.0,227,0.18137,0.19935,052100100100,Ministry of Health,23010122,PURCHASE OF HEALTH / MEDICAL EQUIPMENT,70741,PUBLIC HEALTH SERVICES,33342400,State Wide,04030123001804,"Reproductive, maternal and neonatal health"
Procurement of 1000 no. matresses and 1000 no. beds and other Emergency Preparedness and Response materials for distribution in the State,0.0,200000000.0,30000000.0,400000000.0,500000000.0,500000000.0,0.0,227,0.18954,0.20752,052100100100,Ministry of Health,23050103,MONITORING AND EVALUATION,70741,PUBLIC HEALTH SERVICES,33342400,State Wide,04030723001904,Emergency services
Support for the conduct of Health System Strategic Blueprint (HSSB) Activities in the State,0.0,15000000.0,0.0,20000000.0,20000000.0,20000000.0,0.0,227,0.19771,0.21569,052100100100,Ministry of Health,23050103,MONITORING AND EVALUATION,70741,PUBLIC HEALTH SERVICES,33342400,State Wide,04010323002004,Health sector coordination mechanisms
Conduct of Ethical Review for Researches,0.0,5000000.0,0.0,5000000.0,5000000.0,5000000.0,0.0,227,0.20588,0.22386,052100100100,Ministry of Health,23050103,MONITORING AND EVALUATION,70741,PUBLIC HEALTH SERVICES,33342400,State Wide,04070323002104,"Research and development (Institutional Review Board, Clinical Trials)"
Conduct of Health Care Financing and Annual State Health Accounts Activities in the State,0.0,100000000.0,0.0,20000000.0,20000000.0,20000000.0,0.0,227,0.21405,0.23203,052100100100,Ministry of Health,23050103,MONITORING AND EVALUATION,70741,PUBLIC HEALTH SERVICES,33342400,State Wide,04070323002204,"Research and development (Institutional Review Board, Clinical Trials)"
Projects and Programmes under UNSDF Delivery as One,0.0,100000000.0,0.0,0.0,0.0,0.0,0.0,227,0.22222,0.2402,052100100100,Ministry of Health,23050103,MONITORING AND EVALUATION,70741,PUBLIC HEALTH SERVICES,33342400,State Wide,04070423002304,Monitoring and Evaluation (M&E)
"Procurement and Installation of Medical chairs and tables for Female and Maternity Wards, New Theatre and Labour Room Complex At General Hospital Tambuwal",0.0,49819600.0,0.0,0.0,0.0,0.0,0.0,227,0.23039,0.24837,052100100100,Ministry of Health,23010122,PURCHASE OF HEALTH / MEDICAL EQUIPMENT,70741,PUBLIC HEALTH SERVICES,33342400,State Wide,04010223002404,Human and institutional capacity performance management
"Procurement and installation of 7.2kvas solar inverter fans, bulbs, street lights at maternity wards of NOMA and Specialist Hospitals, Sokoto",0.0,49167445.0,0.0,0.0,0.0,0.0,0.0,227,0.23856,0.25654,052100100100,Ministry of Health,23020123,CONSTRUCTION OF TRAFFIC /STREET LIGHTS,70741,PUBLIC HEALTH SERVICES,33342400,State Wide,04010323002504,Health sector coordination mechanisms
"Procurement and installation of X-ray and Printers Machine to General Hospital, Tambuwal",0.0,49800000.0,0.0,0.0,0.0,0.0,0.0,227,0.24673,0.26471,052100100100,Ministry of Health,23010122,PURCHASE OF HEALTH / MEDICAL EQUIPMENT,70741,PUBLIC HEALTH SERVICES,33342400,State Wide,04010223002604,Human and institutional capacity performance management
"Procurement of 3000 no. hospital beds, mattresses and pillows for distribution to hospitals across the state",0.0,200000000.0,45990000.0,200000000.0,200000000.0,200000000.0,0.0,227,0.2549,0.27288,052100100100,Ministry of Health,23010122,PURCHASE OF HEALTH / MEDICAL EQUIPMENT,70741,PUBLIC HEALTH SERVICES,33342400,State Wide,04050123002704,Functional health facilities
"Renovation of 10nos dilapidated wards at specialist hospital, Sokoto",0.0,49646430.0,0.0,0.0,0.0,0.0,0.0,227,0.26307,0.28105,052100100100,Ministry of Health,23030105,REHABILITATION / REPAIRS - HOSPITAL / HEALTH CENTRES,70741,PUBLIC HEALTH SERVICES,33342400,State Wide,04050123002804,Functional health facilities
Construction of Primary Health Centre (PHC) Wamakko in Wamakko Local Government Area,0.0,78900000.0,0.0,0.0,0.0,0.0,0.0,227,0.27124,0.28922,052100100100,Ministry of Health,23020106,CONSTRUCTION / PROVISION OF HOSPITALS / HEALTH CENTRES,70741,PUBLIC HEALTH SERVICES,33342400,State Wide,04050123002904,Functional health facilities
"Procurement and installation of hospital beds, ward equipment and office chairs and tables for Amanawa general hospital, Dange",0.0,47800500.0,0.0,0.0,0.0,0.0,0.0,227,0.28023,0.2982,052100100100,Ministry of Health,23010122,PURCHASE OF HEALTH / MEDICAL EQUIPMENT,70741,PUBLIC HEALTH SERVICES,33342400,State Wide,04090123003004,Mobilising equity contributions and vulnerable group funds
"Procurement and installation of 14 Nos. incubator machine for specialist hospital, Sokoto",0.0,49560300.7,0.0,0.0,0.0,0.0,0.0,227,0.2884,0.30637,052100100100,Ministry of Health,23010122,PURCHASE OF HEALTH / MEDICAL EQUIPMENT,70741,PUBLIC HEALTH SERVICES,33342400,State Wide,04010223003104,Human and institutional capacity performance management
"Procurement, installation and test run of 5nos plasma extractor machines to specialist hospital and uduth, Sokoto",0.0,45285003.0,0.0,0.0,0.0,0.0,0.0,227,0.29657,0.31454,052100100100,Ministry of Health,23010122,PURCHASE OF HEALTH / MEDICAL EQUIPMENT,70741,PUBLIC HEALTH SERVICES,33342400,State Wide,04010223003204,Human and institutional capacity performance management
"Renovation of laboratory, clinics and staff offices at specialist hospital Sokoto",0.0,19527500.0,0.0,0.0,0.0,0.0,0.0,227,0.30474,0.32271,052100100100,Ministry of Health,23030105,REHABILITATION / REPAIRS - HOSPITAL / HEALTH CENTRES,70741,PUBLIC HEALTH SERVICES,33342400,State Wide,04030123003304,"Reproductive, maternal and neonatal health"
Renovation of maternity unit at specialist hospital Sokoto,0.0,49727450.0,0.0,0.0,0.0,0.0,0.0,227,0.31291,0.33088,052100100100,Ministry of Health,23030105,REHABILITATION / REPAIRS - HOSPITAL / HEALTH CENTRES,70741,PUBLIC HEALTH SERVICES,33342400,State Wide,04050123003404,Functional health facilities
Renovation of amenity wards (male & female)) and pharmacy unit at specialist hospital Sokoto,0.0,48980300.0,0.0,0.0,0.0,0.0,0.0,227,0.32108,0.33905,052100100100,Ministry of Health,23030105,REHABILITATION / REPAIRS - HOSPITAL / HEALTH CENTRES,70741,PUBLIC HEALTH SERVICES,33342400,State Wide,04010223003504,Human and institutional capacity performance management
Construction of road network and landscaping at specialist hospital Sokoto,0.0,30950000.0,0.0,0.0,0.0,0.0,0.0,227,0.32925,0.34722,052100100100,Ministry of Health,23020114,CONSTRUCTION / PROVISION OF ROADS,70741,PUBLIC HEALTH SERVICES,33342400,State Wide,04050123003604,Functional health facilities
"Procurement and installation of medical beds, chairs and tables for specialist hospital Sokoto",0.0,30950000.0,0.0,0.0,0.0,0.0,0.0,227,0.33742,0.35539,052100100100,Ministry of Health,23010122,PURCHASE OF HEALTH / MEDICAL EQUIPMENT,70741,PUBLIC HEALTH SERVICES,33342400,State Wide,04050123003704,Functional health facilities
Procurement and installation of medical equipment for specialist hospital Sokoto,0.0,30950000.0,0.0,0.0,0.0,0.0,0.0,227,0.34559,0.36356,052100100100,Ministry of Health,23010122,PURCHASE OF HEALTH / MEDICAL EQUIPMENT,70741,PUBLIC HEALTH SERVICES,33342400,State Wide,04010223003804,Human and institutional capacity performance management
"Construction of 3 Nos 3- Bedroom flats at the construction site of Sokoto State University Teaching Hospital Kasarawa, Wamakko Local Government Area",0.0,129519999.57,0.0,0.0,0.0,0.0,0.0,227,0.35376,0.37173,052100100100,Ministry of Health,23020106,CONSTRUCTION / PROVISION OF HOSPITALS / HEALTH CENTRES,70741,PUBLIC HEALTH SERVICES,33312100,WAMAKKO,04010223003904,Human and institutional capacity performance management
Construction of 3nos two bedroom flats at the construction site of sokoto state university teaching hospital kasarawa in wamakko local government area,0.0,126163000.0,0.0,0.0,0.0,0.0,0.0,227,0.36193,0.3799,052100100100,Ministry of Health,23020106,CONSTRUCTION / PROVISION OF HOSPITALS / HEALTH CENTRES,70741,PUBLIC HEALTH SERVICES,33312100,WAMAKKO,04010223004004,Human and institutional capacity performance management
"Procurement ACTs, RDTs, ARTESUNATE INJ supply chain management (PSM",0.0,100000000.0,0.0,0.0,100000000.0,100000000.0,0.0,227,0.3701,0.38807,052100100100,Ministry of Health,23010122,PURCHASE OF HEALTH / MEDICAL EQUIPMENT,70741,PUBLIC HEALTH SERVICES,33342400,State Wide,04010223004104,Human and institutional capacity performance management
Conduct of Seasonal Malaria Chemoprevention (SMC) (Procurement of Essential Drugs to Conduct SMC Activities across the State),0.0,20000000.0,0.0,150000000.0,150000000.0,150000000.0,0.0,227,0.37908,0.39706,052100100100,Ministry of Health,23010122,PURCHASE OF HEALTH / MEDICAL EQUIPMENT,70741,PUBLIC HEALTH SERVICES,33342400,State Wide,04010223004204,Human and institutional capacity performance management
Procurement of Long Lasting Insecticidal Treated Net (LLINs) & Campaign in the State,0.0,150000000.0,0.0,350000000.0,500000000.0,500000000.0,0.0,227,0.38725,0.40523,052100100100,Ministry of Health,23010122,PURCHASE OF HEALTH / MEDICAL EQUIPMENT,70741,PUBLIC HEALTH SERVICES,33342400,State Wide,04010223004304,Human and institutional capacity performance management
Purchase of HIV/AIDS Testing equipment,0.0,150000000.0,9050500.0,0.0,150000000.0,150000000.0,0.0,227,0.39542,0.4134,052100100100,Ministry of Health,23010122,PURCHASE OF HEALTH / MEDICAL EQUIPMENT,70741,PUBLIC HEALTH SERVICES,33342400,State Wide,04010223004404,Human and institutional capacity performance management
Completion of 47 Nos. Houses at Murtala Muhammad Specialist Hospital Sokoto,0.0,86871180.7,0.0,86871180.7,86871180.7,86871180.7,0.0,227,0.40359,0.42157,052100100100,Ministry of Health,23020106,CONSTRUCTION / PROVISION OF HOSPITALS / HEALTH CENTRES,70741,PUBLIC HEALTH SERVICES,33342400,State Wide,04010223004504,Human and institutional capacity performance management
Procurement of Drugs and Consumables for the State HIV/AIDS & TB Control Programs,0.0,150000000.0,0.0,0.0,150000000.0,150000000.0,0.0,227,0.41176,0.42974,052100100100,Ministry of Health,23010122,PURCHASE OF HEALTH / MEDICAL EQUIPMENT,70741,PUBLIC HEALTH SERVICES,33342400,State Wide,04010223004604,Human and institutional capacity performance management
Completion of AfDB project at General Hospitals Wurno,0.0,20000000.0,0.0,270000000.0,270000000.0,270000000.0,0.0,227,0.41993,0.43791,052100100100,Ministry of Health,23020106,CONSTRUCTION / PROVISION OF HOSPITALS / HEALTH CENTRES,70741,PUBLIC HEALTH SERVICES,33342400,State Wide,04010223004704,Human and institutional capacity performance management
Completion of AfDB project at General Hospitals Illela.,0.0,20000000.0,0.0,0.0,270000000.0,270000000.0,0.0,227,0.4281,0.44608,052100100100,Ministry of Health,23020106,CONSTRUCTION / PROVISION OF HOSPITALS / HEALTH CENTRES,70741,PUBLIC HEALTH SERVICES,33342400,State Wide,04010223004804,Human and institutional capacity performance management
Procurement and Installation of Transformer for General Hospital Kware.,0.0,20000000.0,0.0,0.0,0.0,0.0,0.0,227,0.43627,0.45425,052100100100,Ministry of Health,23010119,PURCHASE OF POWER GENERATING SET,70741,PUBLIC HEALTH SERVICES,33342400,State Wide,04010223004904,Human and institutional capacity performance management
Procurement of New Ambulances for 13 out of 21 General Hospitals in the State.,0.0,337873453.22,0.0,0.0,0.0,0.0,0.0,227,0.44444,0.46242,052100100100,Ministry of Health,23010106,PURCHASE OF VANS,70741,PUBLIC HEALTH SERVICES,33342400,State Wide,04050123005004,Functional health facilities
"Procurement and installation of 3 Nos of X-ray Machine (with printer), One for each Senatorial District.",0.0,100000000.0,49130000.0,0.0,0.0,0.0,0.0,227,0.45261,0.47059,052100100100,Ministry of Health,23010122,PURCHASE OF HEALTH / MEDICAL EQUIPMENT,70741,PUBLIC HEALTH SERVICES,33342400,State Wide,04050123005104,Functional health facilities
"Procurement and installation of 21Nos Ultrasound Machines (3D), 1 for each General Hospital.",0.0,100000000.0,100000000.0,0.0,0.0,0.0,0.0,227,0.46078,0.47876,052100100100,Ministry of Health,23010122,PURCHASE OF HEALTH / MEDICAL EQUIPMENT,70741,PUBLIC HEALTH SERVICES,33342400,State Wide,04050123005204,Functional health facilities
"Procurement and Installation of Solar Powered Blood Bank refrigerators, 1 for each of the 21 General Hospitals.",0.0,200000000.0,0.0,0.0,0.0,0.0,0.0,227,0.46895,0.48693,052100100100,Ministry of Health,23010122,PURCHASE OF HEALTH / MEDICAL EQUIPMENT,70741,PUBLIC HEALTH SERVICES,33342400,State Wide,04050123005304,Functional health facilities
Procurement and installation of 5 Nos Operating Tables.,0.0,200000000.0,0.0,0.0,0.0,0.0,0.0,227,0.47712,0.4951,052100100100,Ministry of Health,23010122,PURCHASE OF HEALTH / MEDICAL EQUIPMENT,70741,PUBLIC HEALTH SERVICES,33342400,State Wide,04010423005404,Integrated supportive supervision
Procurement and Installation of 15 Nos Operating Lamps.,0.0,120000000.0,0.0,0.0,0.0,0.0,0.0,227,0.48611,0.50408,052100100100,Ministry of Health,23010122,PURCHASE OF HEALTH / MEDICAL EQUIPMENT,70741,PUBLIC HEALTH SERVICES,33342400,State Wide,04010423005504,Integrated supportive supervision
Drilling of 21 Solar Powered Boreholes for the 21 General Hospitals in the State,0.0,100000000.0,5632543.12,0.0,0.0,0.0,0.0,227,0.49428,0.51225,052100100100,Ministry of Health,23020105,CONSTRUCTION / PROVISION OF WATER FACILITIES,70741,PUBLIC HEALTH SERVICES,33342400,State Wide,04050123005604,Functional health facilities
Feeding of Patients in Hospitals across the State,0.0,200000000.0,0.0,0.0,0.0,0.0,0.0,227,0.50245,0.52042,052100100100,Ministry of Health,23010139,PURCHASE OF POVERTY AND EMERGENCY RELIEF MATERIALS,70741,PUBLIC HEALTH SERVICES,33342400,State Wide,04090123005704,Mobilising equity contributions and vulnerable group funds
Construction of Gender Base Violence (GBV) Clinics/ Centres Across the State,0.0,200000000.0,0.0,0.0,0.0,0.0,0.0,227,0.51062,0.52859,052100100100,Ministry of Health,23050101,RESEARCH AND DEVELOPMENT,70741,PUBLIC HEALTH SERVICES,33342400,State Wide,04010323005904,Health sector coordination mechanisms
Procurement of 1 No. Operational Vehicle (18 Seater Bus) for State Minsitry of Health H/Qrs,0.0,35000000.0,0.0,50000000.0,50000000.0,50000000.0,0.0,227,0.51879,0.53676,052100100100,Ministry of Health,23010108,PURCHASE OF BUSES,70741,PUBLIC HEALTH SERVICES,33342400,State Wide,04010423006104,Integrated supportive supervision
Support to Eye Care Program Activities in the State for (Procurement of Drugs and other Consumables),0.0,55000000.0,0.0,0.0,55000000.0,55000000.0,0.0,227,0.52696,0.54493,052100100100,Ministry of Health,23050101,RESEARCH AND DEVELOPMENT,70741,PUBLIC HEALTH SERVICES,33342400,State Wide,04010423006204,Integrated supportive supervision
Procurement of Software to State Medical Store,0.0,55000000.0,0.0,55000000.0,55000000.0,55000000.0,0.0,227,0.53513,0.5531,052100100100,Ministry of Health,23010122,PURCHASE OF HEALTH / MEDICAL EQUIPMENT,70741,PUBLIC HEALTH SERVICES,33342400,State Wide,04010223006404,Human and institutional capacity performance management
"Establishment of Pharmaceutical/Manufacturing Lime to produce drugs, laboratory reagents and other consumables",0.0,100000000.0,0.0,100000000.0,100000000.0,100000000.0,0.0,227,0.5433,0.56127,052100100100,Ministry of Health,23010122,PURCHASE OF HEALTH / MEDICAL EQUIPMENT,70741,PUBLIC HEALTH SERVICES,33342400,State Wide,04010223006504,Human and institutional capacity performance management
Take off Grant for Sokoto State Malaria Elimination Agency (SOSMEA),0.0,45000000.0,0.0,0.0,0.0,0.0,0.0,227,0.55147,0.56944,052100100100,Ministry of Health,23010122,PURCHASE OF HEALTH / MEDICAL EQUIPMENT,70741,PUBLIC HEALTH SERVICES,33342400,State Wide,04010423006704,Integrated supportive supervision
Procurement of Vesico Vaginal Fistula (VVF) Surgery equipment,0.0,200000000.0,0.0,100000000.0,100000000.0,100000000.0,0.0,227,0.55964,0.57761,052100100100,Ministry of Health,23010122,PURCHASE OF HEALTH / MEDICAL EQUIPMENT,70741,PUBLIC HEALTH SERVICES,33342400,State Wide,04010223006804,Human and institutional capacity performance management
Construction for the Completion of College of Medical Sciences Sokoto at SOSUTH Kasarawa Wamakko LGA,0.0,0.0,0.0,15000000000.0,0.0,0.0,0.0,227,0.56781,0.58578,052100100100,Ministry of Health,23020106,CONSTRUCTION / PROVISION OF HOSPITALS / HEALTH CENTRES,70741,PUBLIC HEALTH SERVICES,33312100,WAMAKKO,04050126000303,Functional health facilities
Counterpart Fund for Health Emergencies,0.0,0.0,0.0,500000000.0,0.0,0.0,0.0,227,0.5768,0.59477,052100100100,Ministry of Health,23050101,RESEARCH AND DEVELOPMENT,70741,PUBLIC HEALTH SERVICES,33342400,State Wide,04050126000403,Functional health facilities
Construction of Additional Block of laboartories and and other Structures at Advanced Diagnostic Centre Farfaru,0.0,0.0,0.0,200000000.0,0.0,0.0,0.0,227,0.58497,0.60294,052100100100,Ministry of Health,23020106,CONSTRUCTION / PROVISION OF HOSPITALS / HEALTH CENTRES,70741,PUBLIC HEALTH SERVICES,33342400,State Wide,04050126000503,Functional health facilities
"Provision for Procurement of Capital Assets (Land, Houses, etc)",0.0,0.0,0.0,500000000.0,0.0,0.0,0.0,227,0.59314,0.61111,052100100100,Ministry of Health,23010101,PURCHASE / ACQUISITION OF LAND,70741,PUBLIC HEALTH SERVICES,33342400,State Wide,04050126000603,Functional health facilities
Conduct of Integrated Supportive Supervision (ISS) in the State,0.0,50000000.0,0.0,50000000.0,50000000.0,50000000.0,0.0,227,0.60131,0.61928,052100100100,Ministry of Health,23050101,RESEARCH AND DEVELOPMENT,70741,PUBLIC HEALTH SERVICES,33342400,State Wide,04010423007304,Integrated supportive supervision
Conduct of Neglected Tropical Diseases (NTDs) Activities in the State,0.0,50000000.0,0.0,50000000.0,50000000.0,50000000.0,0.0,227,0.60948,0.62745,052100100100,Ministry of Health,23050101,RESEARCH AND DEVELOPMENT,70741,PUBLIC HEALTH SERVICES,33342400,State Wide,04010423007404,Integrated supportive supervision
Provision for USAID Health Workforce Management (HWMA) Activities in the State - Sustainability Interventions,0.0,10169252.0,0.0,0.0,0.0,0.0,0.0,227,0.61765,0.63562,052100100100,Ministry of Health,23050101,RESEARCH AND DEVELOPMENT,70741,PUBLIC HEALTH SERVICES,33342400,State Wide,04040223007504,HRH Performance management
"Provision of equipment such as Incubators, Cardiopulmonary monitor,Umblical catheter, Blood pressure monitor for Special Care New Born Unit at Specialist Hospital Sokoto",0.0,32000000.0,0.0,40000000.0,40000000.0,40000000.0,0.0,227,0.62582,0.64379,052100100100,Ministry of Health,23010122,PURCHASE OF HEALTH / MEDICAL EQUIPMENT,70741,PUBLIC HEALTH SERVICES,33342400,State Wide,04050123007604,Functional health facilities
Renovation of 21 General Hospitals across the State,0.0,3000000000.0,1210783043.74,0.0,0.0,0.0,0.0,227,0.63399,0.65196,052100100100,Ministry of Health,23030105,REHABILITATION / REPAIRS - HOSPITAL / HEALTH CENTRES,70741,PUBLIC HEALTH SERVICES,33342400,State Wide,04010423007704,Integrated supportive supervision
Procurement and Insallaion of Solar Street Light in 21 General Hospitals,0.0,190000000.0,0.0,0.0,0.0,0.0,0.0,227,0.64216,0.66013,052100100100,Ministry of Health,23010119,PURCHASE OF POWER GENERATING SET,70741,PUBLIC HEALTH SERVICES,33342400,State Wide,04010425007804,Integrated supportive supervision
Provision for furniture and equipment for the medical college,0.0,0.0,0.0,5000000000.0,0.0,0.0,0.0,227,0.65033,0.6683,052100100100,Ministry of Health,23010122,PURCHASE OF HEALTH / MEDICAL EQUIPMENT,70741,PUBLIC HEALTH SERVICES,33342400,State Wide,04050126000703,Functional health facilities
Production of Medical Stationaries to 21 General Hospitals,0.0,20000000.0,0.0,0.0,0.0,0.0,0.0,227,0.6585,0.67647,052100100100,Ministry of Health,23010122,PURCHASE OF HEALTH / MEDICAL EQUIPMENT,70741,PUBLIC HEALTH SERVICES,33342400,State Wide,04050123008004,Functional health facilities
Procurement of Medical Equipment for distribution to 21 General Hospitals,0.0,25000000.0,0.0,0.0,0.0,0.0,0.0,227,0.66667,0.68464,052100100100,Ministry of Health,23010122,PURCHASE OF HEALTH / MEDICAL EQUIPMENT,70741,PUBLIC HEALTH SERVICES,33342400,State Wide,04050123008104,Functional health facilities
Provision for furniture and equipment for wirehouse,0.0,0.0,0.0,3000000000.0,0.0,0.0,0.0,227,0.67484,0.69281,052100100100,Ministry of Health,23010122,PURCHASE OF HEALTH / MEDICAL EQUIPMENT,70741,PUBLIC HEALTH SERVICES,33342400,State Wide,04050126000803,Functional health facilities
Procurement of Medical Labrotory Equipment for distribution to General Hospitals,0.0,45000000.0,0.0,0.0,0.0,0.0,0.0,227,0.68382,0.7018,052100100100,Ministry of Health,23010122,PURCHASE OF HEALTH / MEDICAL EQUIPMENT,70741,PUBLIC HEALTH SERVICES,33342400,State Wide,04080223008304,Public health laboratories
Procurement of Matresses and Bed sheet to 21 General Hospitals,0.0,15000000.0,0.0,0.0,0.0,0.0,0.0,227,0.69199,0.70997,052100100100,Ministry of Health,23010122,PURCHASE OF HEALTH / MEDICAL EQUIPMENT,70741,PUBLIC HEALTH SERVICES,33342400,State Wide,04050123008404,Functional health facilities
Provision for Take- up Grant to DMSMA,0.0,150000000.0,0.0,0.0,0.0,0.0,0.0,227,0.70016,0.71814,052100100100,Ministry of Health,23010122,PURCHASE OF HEALTH / MEDICAL EQUIPMENT,70741,PUBLIC HEALTH SERVICES,33342400,State Wide,04010323008504,Health sector coordination mechanisms
Procurement of 500 KVA transformer for DMSMA for connecting to National Grid,0.0,100000000.0,0.0,100000000.0,100000000.0,100000000.0,0.0,227,0.70833,0.72631,052100100100,Ministry of Health,23010119,PURCHASE OF POWER GENERATING SET,70741,PUBLIC HEALTH SERVICES,33342400,State Wide,04010423008604,Integrated supportive supervision
Procurement of Solar for Cooling and Lightning of Warehouse at Drugs and Medical Supply Management Agency (DMSMA),0.0,100000000.0,0.0,50000000.0,100000000.0,100000000.0,0.0,227,0.7165,0.73448,052100100100,Ministry of Health,23010122,PURCHASE OF HEALTH / MEDICAL EQUIPMENT,70741,PUBLIC HEALTH SERVICES,33342400,State Wide,04010423008704,Integrated supportive supervision
Procurement of 3 Nos Mitsubishi Delivery Vans for DMSMA,0.0,180000000.0,0.0,180000000.0,180000000.0,180000000.0,0.0,227,0.72467,0.74265,052100100100,Ministry of Health,23010106,PURCHASE OF VANS,70741,PUBLIC HEALTH SERVICES,33342400,State Wide,04010423008804,Integrated supportive supervision
Construction of Additional Office Accommodation for DMSMA,0.0,171000000.0,0.0,45000000.0,45000000.0,45000000.0,0.0,227,0.73284,0.75082,052100100100,Ministry of Health,23020101,CONSTRUCTION / PROVISION OF OFFICE BUILDINGS,70741,PUBLIC HEALTH SERVICES,33342400,State Wide,04010323008904,Health sector coordination mechanisms
"Lanscaping of DMSMA Premises at Runjin Sambo area, Sokoto",0.0,50000000.0,0.0,45000000.0,45000000.0,45000000.0,0.0,227,0.74101,0.75899,052100100100,Ministry of Health,23020118,CONSTRUCTION / PROVISION OF INFRASTRUCTURE,70741,PUBLIC HEALTH SERVICES,33342400,State Wide,04010223009004,Human and institutional capacity performance management
Procurement of 1 No. Toyota Ambulance for NOMA Children Hospital,0.0,45000000.0,0.0,75000000.0,75000000.0,75000000.0,0.0,227,0.74918,0.76716,052100100100,Ministry of Health,23010108,PURCHASE OF BUSES,70741,PUBLIC HEALTH SERVICES,33342400,State Wide,04030223009304,Child health
Procurement of 1 No. Toyota Ambulance for Infectious Disease Hospital (IDH) Amanawa,0.0,45000000.0,0.0,75000000.0,75000000.0,75000000.0,0.0,227,0.75735,0.77533,052100100100,Ministry of Health,23010105,PURCHASE OF MOTOR VEHICLES,70741,PUBLIC HEALTH SERVICES,33342400,State Wide,04030423009604,Communicable diseases
Immunization Plus and Malaria Progress by Accelerating Coverage and Transforming Services PROJECT,0.0,350000000.0,58880000.0,0.0,0.0,0.0,0.0,227,0.76552,0.7835,052100100100,Ministry of Health,23050101,RESEARCH AND DEVELOPMENT,70741,PUBLIC HEALTH SERVICES,33342400,State Wide,04010223010204,Human and institutional capacity performance management
Medical Supply for theatre laboratory and A&E Infectious Disease Hospital Amanawa,0.0,80000000.0,0.0,0.0,0.0,0.0,0.0,227,0.77369,0.79167,052100100100,Ministry of Health,23010122,PURCHASE OF HEALTH / MEDICAL EQUIPMENT,70741,PUBLIC HEALTH SERVICES,33342400,State Wide,04050123010304,Functional health facilities
Construction of 2km Network Roads withing the IDH Amanawa,0.0,100000000.0,0.0,200000000.0,200000000.0,200000000.0,0.0,227,0.78268,0.80065,052100100100,Ministry of Health,23020114,CONSTRUCTION / PROVISION OF ROADS,70741,PUBLIC HEALTH SERVICES,33342400,State Wide,04010223010404,Human and institutional capacity performance management
"Procurement of 3 no. each of Medical Equipment such as EKG machine, Cell counter, Surgical headlight, sterilizer, Patient monitor, Anaesthesia machine for theatre for Orthopaedic Wamakko, Noma and Maryam Abacha hospitals",0.0,150000000.0,0.0,200000000.0,300000000.0,300000000.0,0.0,227,0.79085,0.80882,052100100100,Ministry of Health,23010122,PURCHASE OF HEALTH / MEDICAL EQUIPMENT,70741,PUBLIC HEALTH SERVICES,33342400,State Wide,04010223010504,Human and institutional capacity performance management
Construction for the Upgrade of Comprehensive Emergency Obstetric & Newborn Care (CEmONC) designated health facilities in Sokoto State,0.0,0.0,0.0,450000000.0,650000000.0,650000000.0,0.0,227,0.79902,0.81699,052100100100,Ministry of Health,23030105,REHABILITATION / REPAIRS - HOSPITAL / HEALTH CENTRES,70731,GENERAL HOSPITAL SERVICES,33342400,State Wide,04030223010603,Child health
Construction and Landscaping of 2Km Road Network at NOMA Children Hospital Sokoto,0.0,0.0,0.0,100000000.0,100000000.0,100000000.0,0.0,227,0.80719,0.82516,052100100100,Ministry of Health,23020114,CONSTRUCTION / PROVISION OF ROADS,70731,GENERAL HOSPITAL SERVICES,33342400,State Wide,04030223010703,Child health
Renovation and Equiping of Laundry at NOMA Children Hospital Sokoto,0.0,0.0,0.0,25000000.0,25000000.0,25000000.0,0.0,227,0.81536,0.83333,052100100100,Ministry of Health,23030105,REHABILITATION / REPAIRS - HOSPITAL / HEALTH CENTRES,70731,GENERAL HOSPITAL SERVICES,33342400,State Wide,04030223010803,Child health
Renovation and Equiping of Kitchen at NOMA Children Hospital Sokoto,0.0,0.0,0.0,20000000.0,20000000.0,20000000.0,0.0,227,0.82353,0.8415,052100100100,Ministry of Health,23030105,REHABILITATION / REPAIRS - HOSPITAL / HEALTH CENTRES,70731,GENERAL HOSPITAL SERVICES,33342400,State Wide,04030223010903,Child health
Procurement of Toyota Utility Vehicle (18 Seater) Bus 2020 model for NOMA Children Hospital,0.0,0.0,0.0,0.0,60000000.0,60000000.0,0.0,227,0.8317,0.84967,052100100100,Ministry of Health,23010108,PURCHASE OF BUSES,70722,SPECIALIZED MEDICAL SERVICES,33342400,State Wide,04030223011003,Child health
Renovation of 4 Unit 3 Bedrooms Houses at Infectious Diseases Hospital (IDH) Amanawa,0.0,0.0,0.0,80000000.0,80000000.0,80000000.0,0.0,227,0.83987,0.85784,052100100100,Ministry of Health,23010103,PURCHASE OF RESIDENTIAL BUILDINGS,70731,GENERAL HOSPITAL SERVICES,33342400,State Wide,04100123011103,Health Not Elsewhere Classified
Construction of Peadiatric Wards at IDH Amanawa,0.0,0.0,0.0,100000000.0,100000000.0,100000000.0,0.0,227,0.84804,0.86601,052100100100,Ministry of Health,23020106,CONSTRUCTION / PROVISION OF HOSPITALS / HEALTH CENTRES,70731,GENERAL HOSPITAL SERVICES,33342400,State Wide,04100123011203,Health Not Elsewhere Classified
Construction of Admin Block At IDH Amanawa,0.0,0.0,0.0,223567000.0,223567000.0,223567000.0,0.0,227,0.85621,0.87418,052100100100,Ministry of Health,23020101,CONSTRUCTION / PROVISION OF OFFICE BUILDINGS,70722,SPECIALIZED MEDICAL SERVICES,33342400,State Wide,04050123011303,Functional health facilities
Procurement of Toyota Utility Vehicle (18 Seater) Bus for IDH Amanawa,0.0,0.0,0.0,0.0,60000000.0,60000000.0,0.0,227,0.86438,0.88235,052100100100,Ministry of Health,23010108,PURCHASE OF BUSES,70722,SPECIALIZED MEDICAL SERVICES,33342400,State Wide,04050123011403,Functional health facilities
Procurement of Equipment for Production Unit at DMSMA,0.0,0.0,0.0,65000000.0,65000000.0,65000000.0,0.0,227,0.87255,0.89052,052100100100,Ministry of Health,23010122,PURCHASE OF HEALTH / MEDICAL EQUIPMENT,70731,GENERAL HOSPITAL SERVICES,33342400,State Wide,04100123011503,Health Not Elsewhere Classified
Procurement of Raw Materials for Production At DMSMA,0.0,0.0,0.0,0.0,30000000.0,30000000.0,0.0,227,0.88154,0.89951,052100100100,Ministry of Health,23010122,PURCHASE OF HEALTH / MEDICAL EQUIPMENT,70722,SPECIALIZED MEDICAL SERVICES,33342400,State Wide,04050123011603,Functional health facilities
Purchase of 3 Nos Jack and 2 Larders for Ware House at DMSMA,0.0,0.0,0.0,20000000.0,20000000.0,20000000.0,0.0,227,0.88971,0.90768,052100100100,Ministry of Health,23010122,PURCHASE OF HEALTH / MEDICAL EQUIPMENT,70722,SPECIALIZED MEDICAL SERVICES,33342400,State Wide,04050123011703,Functional health facilities
Reticulation of Water supply at DMSMA,0.0,0.0,0.0,10000000.0,10000000.0,10000000.0,0.0,227,0.89788,0.91585,052100100100,Ministry of Health,23020105,CONSTRUCTION / PROVISION OF WATER FACILITIES,70731,GENERAL HOSPITAL SERVICES,33342400,State Wide,04010226000103,Human and institutional capacity performance management
Procurement of Core-i5 Hp Laptop Computers for Drug Revolving Fund (DRF) scheme at DMSMA,0.0,0.0,0.0,20000000.0,20000000.0,20000000.0,0.0,228,0.09069,0.10866,052100100100,Ministry of Health,23010114,PURCHASE OF COMPUTER PRINTERS,70722,SPECIALIZED MEDICAL SERVICES,33342400,State Wide,04010226000203,Human and institutional capacity performance management
Procurement of Materials for Pick and Pack for LMD activities at DMSMA,0.0,0.0,0.0,20000000.0,20000000.0,20000000.0,0.0,228,0.09886,0.11683,052100100100,Ministry of Health,23010122,PURCHASE OF HEALTH / MEDICAL EQUIPMENT,70722,SPECIALIZED MEDICAL SERVICES,33342400,State Wide,04010226000303,Human and institutional capacity performance management
Construction of Additional Stores at DMSMA Runjin Sambo area,0.0,0.0,0.0,100000000.0,100000000.0,100000000.0,0.0,228,0.10703,0.125,052100100100,Ministry of Health,23020101,CONSTRUCTION / PROVISION OF OFFICE BUILDINGS,70722,SPECIALIZED MEDICAL SERVICES,33342400,State Wide,04010223011803,Human and institutional capacity performance management
Procurement of Ready-to-Use Therapeutic Food (RUTF),0.0,0.0,0.0,450000000.0,250000000.0,250000000.0,0.0,228,0.1152,0.13317,052100100100,Ministry of Health,23010122,PURCHASE OF HEALTH / MEDICAL EQUIPMENT,70722,SPECIALIZED MEDICAL SERVICES,33342400,State Wide,04010223011903,Human and institutional capacity performance management
Procurement of Laboratory Equipment and Re-agent at DMSMA,0.0,0.0,0.0,100000000.0,100000000.0,100000000.0,0.0,228,0.12337,0.14134,052100100100,Ministry of Health,23010122,PURCHASE OF HEALTH / MEDICAL EQUIPMENT,70722,SPECIALIZED MEDICAL SERVICES,33342400,State Wide,04010223012003,Human and institutional capacity performance management
Procurement of 200 Nos Medical Oxygen Cylinders for Oxygen Plants at Bodinga and Gwadabawa General Hospitals,0.0,0.0,0.0,30000000.0,30000000.0,30000000.0,0.0,228,0.13154,0.14951,052100100100,Ministry of Health,23010122,PURCHASE OF HEALTH / MEDICAL EQUIPMENT,70722,SPECIALIZED MEDICAL SERVICES,33342400,State Wide,04010223012103,Human and institutional capacity performance management
Procurement of 4Nos New Ambulances for the Sokoto State Emergency Medical Services and Ambulance System (SEMSAS) and 1 no. Ambulance for Sokoto State House of Assembly (SOHA) Clinic.,0.0,0.0,0.0,375000000.0,375000000.0,375000000.0,0.0,228,0.13971,0.15768,052100100100,Ministry of Health,23010108,PURCHASE OF BUSES,70722,SPECIALIZED MEDICAL SERVICES,33342400,State Wide,04050123012203,Functional health facilities
"Procurement of Dental Equipment such as Mouth mirror, Intraoral cameras, Dental lights, Autoclaves, Pliers, Dental engine for Specialist, MAWCH",0.0,0.0,0.0,50000000.0,50000000.0,50000000.0,0.0,228,0.14788,0.16585,052100100100,Ministry of Health,23010122,PURCHASE OF HEALTH / MEDICAL EQUIPMENT,70722,SPECIALIZED MEDICAL SERVICES,33342400,State Wide,04050123012303,Functional health facilities
Upgrading of PHC Gagi to General Hospital,0.0,0.0,0.0,600000000.0,650000000.0,650000000.0,0.0,228,0.15605,0.17402,052100100100,Ministry of Health,23030105,REHABILITATION / REPAIRS - HOSPITAL / HEALTH CENTRES,70722,SPECIALIZED MEDICAL SERVICES,33342400,State Wide,04050123012403,Functional health facilities
Completion of General Hospital Wamakko,0.0,0.0,0.0,275000000.0,275000000.0,275000000.0,0.0,228,0.16422,0.18219,052100100100,Ministry of Health,23020106,CONSTRUCTION / PROVISION OF HOSPITALS / HEALTH CENTRES,70722,SPECIALIZED MEDICAL SERVICES,33342400,State Wide,04050123012503,Functional health facilities
"Completion of General Hospital Dange, Dange-Shuni LGA",0.0,0.0,0.0,275000000.0,275000000.0,275000000.0,0.0,228,0.17239,0.19036,052100100100,Ministry of Health,23030105,REHABILITATION / REPAIRS - HOSPITAL / HEALTH CENTRES,70722,SPECIALIZED MEDICAL SERVICES,33342400,State Wide,04050123012603,Functional health facilities
Procurement of 200 Nos Palmtop for E-Medical Records,0.0,0.0,0.0,100000000.0,100000000.0,100000000.0,0.0,228,0.18137,0.19935,052100100100,Ministry of Health,23010122,PURCHASE OF HEALTH / MEDICAL EQUIPMENT,70722,SPECIALIZED MEDICAL SERVICES,33342400,State Wide,04050123012703,Functional health facilities
Purchase of Toyota Hilux for effective supportive supervision - SOSACAT,0.0,0.0,0.0,0.0,65000000.0,65000000.0,0.0,228,0.18954,0.20752,052100100100,Ministry of Health,23010108,PURCHASE OF BUSES,70722,SPECIALIZED MEDICAL SERVICES,33342400,State Wide,04010423012803,Integrated supportive supervision
Procurement of HIV protective materials for KPs - SOSACAT,0.0,0.0,0.0,150000000.0,150000000.0,150000000.0,0.0,228,0.19771,0.21569,052100100100,Ministry of Health,23050101,RESEARCH AND DEVELOPMENT,70722,SPECIALIZED MEDICAL SERVICES,33342400,State Wide,04030423012903,Communicable diseases
Procurement and distribution hp core i5 Laptops and printers to 23 LGAs LACAs and M&Es for proper data management - SOSACAT,0.0,0.0,0.0,120000000.0,120000000.0,120000000.0,0.0,228,0.20588,0.22386,052100100100,Ministry of Health,23010122,PURCHASE OF HEALTH / MEDICAL EQUIPMENT,70722,SPECIALIZED MEDICAL SERVICES,33342400,State Wide,04050123013003,Functional health facilities
Procurement of Sulfadoxine/ Pyrimethamine (SP) - SOSMEA,0.0,0.0,0.0,0.0,200000000.0,200000000.0,0.0,228,0.21405,0.23203,052100100100,Ministry of Health,23010122,PURCHASE OF HEALTH / MEDICAL EQUIPMENT,70722,SPECIALIZED MEDICAL SERVICES,33342400,State Wide,04050123013103,Functional health facilities
Procurement of Modern Fumigation/Sprayer Vehicle and Shipping - SOSMEA,0.0,0.0,0.0,0.0,300000000.0,300000000.0,0.0,228,0.22222,0.2402,052100100100,Ministry of Health,23010122,PURCHASE OF HEALTH / MEDICAL EQUIPMENT,70722,SPECIALIZED MEDICAL SERVICES,33342400,State Wide,04050123013203,Functional health facilities
Construction of Staff Clinic at the SMOH,0.0,0.0,0.0,150000000.0,150000000.0,150000000.0,0.0,228,0.23039,0.24837,052100100100,Ministry of Health,23020106,CONSTRUCTION / PROVISION OF HOSPITALS / HEALTH CENTRES,70722,SPECIALIZED MEDICAL SERVICES,33342400,State Wide,04010423013303,Integrated supportive supervision
Upgrading of External Quality Assurance (EQA) Referral Laboratory Centre - SOSMEA,0.0,0.0,0.0,100000000.0,100000000.0,100000000.0,0.0,228,0.23856,0.25654,052100100100,Ministry of Health,23020106,CONSTRUCTION / PROVISION OF HOSPITALS / HEALTH CENTRES,70722,SPECIALIZED MEDICAL SERVICES,33342400,State Wide,04010426000103,Integrated supportive supervision
Procurement of Reagents (For EQA center) - SOSMEA,0.0,0.0,0.0,0.0,302467200.0,302467200.0,0.0,228,0.24673,0.26471,052100100100,Ministry of Health,23010122,PURCHASE OF HEALTH / MEDICAL EQUIPMENT,70722,SPECIALIZED MEDICAL SERVICES,33342400,State Wide,04010426000203,Integrated supportive supervision
Digitilization of SOSMEA,0.0,0.0,0.0,85000000.0,85000000.0,85000000.0,0.0,228,0.2549,0.27288,052100100100,Ministry of Health,23050102,COMPUTER SOFTWARE ACQUISITION,70722,SPECIALIZED MEDICAL SERVICES,33342400,State Wide,04010426000303,Integrated supportive supervision
Procurement of Drugs and Consumables for upscaling of DRF scheme across the State DSMSA,0.0,0.0,0.0,150000000.0,150000000.0,150000000.0,0.0,228,0.26307,0.28105,052100100100,Ministry of Health,23010122,PURCHASE OF HEALTH / MEDICAL EQUIPMENT,70722,SPECIALIZED MEDICAL SERVICES,33342400,State Wide,04050126000903,Functional health facilities
Provision of Quality Control Mini Laboratory at DMSMA,0.0,0.0,0.0,100000000.0,100000000.0,100000000.0,0.0,228,0.27124,0.28922,052100100100,Ministry of Health,23020106,CONSTRUCTION / PROVISION OF HOSPITALS / HEALTH CENTRES,70722,SPECIALIZED MEDICAL SERVICES,33342400,State Wide,04050126001003,Functional health facilities
Procurement of 1 No. Toyota Hilux 2023 model for NOMA Children Hospital,0.0,0.0,0.0,0.0,75000000.0,75000000.0,0.0,228,0.28023,0.2982,052100100100,Ministry of Health,23010105,PURCHASE OF MOTOR VEHICLES,70722,SPECIALIZED MEDICAL SERVICES,33342400,State Wide,04030226000103,Child health
Procurement of 1 No. Toyota Hilux 2022 model Infectious Disease Hospital (IDH) Amanawa,0.0,0.0,0.0,0.0,75000000.0,75000000.0,0.0,228,0.2884,0.30637,052100100100,Ministry of Health,23010105,PURCHASE OF MOTOR VEHICLES,70722,SPECIALIZED MEDICAL SERVICES,33342400,State Wide,04050126001103,Functional health facilities
Procurement of 1 No. Toyota Hilux 2019 model for MAWCH,0.0,0.0,0.0,0.0,75000000.0,75000000.0,0.0,228,0.29657,0.31454,052100100100,Ministry of Health,23010105,PURCHASE OF MOTOR VEHICLES,70722,SPECIALIZED MEDICAL SERVICES,33342400,State Wide,04050126001203,Functional health facilities
Procurement of 1 No. Toyota Ambulance for Maryam Abacha women and children hospital (MAWCH) Sokoto,0.0,0.0,0.0,0.0,60000000.0,60000000.0,0.0,228,0.30474,0.32271,052100100100,Ministry of Health,23010105,PURCHASE OF MOTOR VEHICLES,70722,SPECIALIZED MEDICAL SERVICES,33342400,State Wide,04050126001303,Functional health facilities
Construction of 2 Nos 20 Beds capacity wards at IDH Amanawa (Male and Female),0.0,0.0,0.0,160000000.0,160000000.0,160000000.0,0.0,228,0.31291,0.33088,052100100100,Ministry of Health,23010122,PURCHASE OF HEALTH / MEDICAL EQUIPMENT,70722,SPECIALIZED MEDICAL SERVICES,33342400,State Wide,04050126001403,Functional health facilities
Provision for TB & Leprosy (TBL) Activities in the State,0.0,0.0,0.0,150000000.0,150000000.0,150000000.0,0.0,228,0.32108,0.33905,052100100100,Ministry of Health,23050101,RESEARCH AND DEVELOPMENT,70722,SPECIALIZED MEDICAL SERVICES,33342400,State Wide,04050126001503,Functional health facilities
Procurement of Eye Care Program Equipment and its Activities in the State,0.0,0.0,0.0,100000000.0,100000000.0,100000000.0,0.0,228,0.32925,0.34722,052100100100,Ministry of Health,23010122,PURCHASE OF HEALTH / MEDICAL EQUIPMENT,70722,SPECIALIZED MEDICAL SERVICES,33342400,State Wide,04050126001603,Functional health facilities
Procurement of Utility Vehicle (18 Seater) Toyota Bus for Inspectorate Division,0.0,0.0,0.0,0.0,60000000.0,60000000.0,0.0,228,0.33742,0.35539,052100100100,Ministry of Health,23010108,PURCHASE OF BUSES,70722,SPECIALIZED MEDICAL SERVICES,33342400,State Wide,04050126001703,Functional health facilities
Completion of CONS Tambuwal,0.0,0.0,0.0,544420746.15,644420746.15,644420746.15,0.0,228,0.34559,0.36356,052100100100,Ministry of Health,23020107,CONSTRUCTION / PROVISION OF PUBLIC SCHOOLS,70722,SPECIALIZED MEDICAL SERVICES,33342400,State Wide,04010226000404,Human and institutional capacity performance management
Construction of Classrooms (Storey),0.0,0.0,0.0,243058688.0,443058688.0,443058688.0,0.0,228,0.35376,0.37173,052100100100,Ministry of Health,23020107,CONSTRUCTION / PROVISION OF PUBLIC SCHOOLS,70722,SPECIALIZED MEDICAL SERVICES,33342400,State Wide,04010226000504,Human and institutional capacity performance management
Construction of 500 seat capacity Auditorium,0.0,0.0,0.0,212629720.0,512629720.0,512629720.0,0.0,228,0.36193,0.3799,052100100100,Ministry of Health,23020107,CONSTRUCTION / PROVISION OF PUBLIC SCHOOLS,70722,SPECIALIZED MEDICAL SERVICES,33342400,State Wide,04010226000604,Human and institutional capacity performance management
Construction of Students Hostels,0.0,0.0,0.0,420917484.0,520917484.0,520917484.0,0.0,228,0.3701,0.38807,052100100100,Ministry of Health,23020107,CONSTRUCTION / PROVISION OF PUBLIC SCHOOLS,70722,SPECIALIZED MEDICAL SERVICES,33342400,State Wide,04010226000704,Human and institutional capacity performance management
Construction of 2no 3 Bedrooms Semi Detached at college of nursing science sokoto (CONS),0.0,0.0,0.0,329687920.0,329687920.0,329687920.0,0.0,228,0.37908,0.39706,052100100100,Ministry of Health,23020107,CONSTRUCTION / PROVISION OF PUBLIC SCHOOLS,70722,SPECIALIZED MEDICAL SERVICES,33342400,State Wide,04010226000804,Human and institutional capacity performance management
Construction of Multipurpose Conference Room at CONS,0.0,0.0,0.0,62115547.0,62115547.0,62115547.0,0.0,228,0.38725,0.40523,052100100100,Ministry of Health,23020107,CONSTRUCTION / PROVISION OF PUBLIC SCHOOLS,70722,SPECIALIZED MEDICAL SERVICES,33342400,State Wide,04010226000904,Human and institutional capacity performance management
Procurement of 12 No of Modern Ultrasound machine with accesories to 12 General hospitals,0.0,0.0,0.0,200000000.0,200000000.0,200000000.0,0.0,228,0.39542,0.4134,052100100100,Ministry of Health,23010122,PURCHASE OF HEALTH / MEDICAL EQUIPMENT,70722,SPECIALIZED MEDICAL SERVICES,33342400,State Wide,04050126001803,Functional health facilities
"Procurement of 21 Nos Theatre Beds, Surgical light/lamp, Niddle holder, set of artery forcept, intestinal crush clamp, alises, scalpel in all the General hospitals",0.0,0.0,0.0,155000000.0,155000000.0,155000000.0,0.0,228,0.40359,0.42157,052100100100,Ministry of Health,23010122,PURCHASE OF HEALTH / MEDICAL EQUIPMENT,70722,SPECIALIZED MEDICAL SERVICES,33342400,State Wide,04050126001903,Functional health facilities
Procurement of 6 Nos X-Ray machine with accessories for General Hospitals,0.0,0.0,0.0,200000000.0,200000000.0,200000000.0,0.0,228,0.41176,0.42974,052100100100,Ministry of Health,23010122,PURCHASE OF HEALTH / MEDICAL EQUIPMENT,70722,SPECIALIZED MEDICAL SERVICES,33342400,State Wide,04050126002003,Functional health facilities
Procurement of 21 Nos Toyota Ambulance for General hospitals,0.0,0.0,0.0,0.0,750000000.0,750000000.0,0.0,228,0.41993,0.43791,052100100100,Ministry of Health,23010108,PURCHASE OF BUSES,70722,SPECIALIZED MEDICAL SERVICES,33342400,State Wide,04050126002103,Functional health facilities
Procurement of Autoclaves 21 Nos to all General Hospitals,0.0,0.0,0.0,84000000.0,84000000.0,84000000.0,0.0,228,0.4281,0.44608,052100100100,Ministry of Health,23010122,PURCHASE OF HEALTH / MEDICAL EQUIPMENT,70722,SPECIALIZED MEDICAL SERVICES,33342400,State Wide,04050126002203,Functional health facilities
Procurement of 21 Nos delivery bed 1 each for all the General hospitals,0.0,0.0,0.0,30000000.0,30000000.0,30000000.0,0.0,228,0.43627,0.45425,052100100100,Ministry of Health,23010122,PURCHASE OF HEALTH / MEDICAL EQUIPMENT,70722,SPECIALIZED MEDICAL SERVICES,33342400,State Wide,04050126002303,Functional health facilities
Procurement of 1No. V. Wagon sharon vehicle to the Department of Pharmaceutical services for DRF operation,0.0,0.0,0.0,15000000.0,15000000.0,15000000.0,0.0,228,0.44444,0.46242,052100100100,Ministry of Health,23010108,PURCHASE OF BUSES,70722,SPECIALIZED MEDICAL SERVICES,33342400,State Wide,04050126002403,Functional health facilities
Procurement of Diathermy machine 1 each to 21 GH,0.0,0.0,0.0,35000000.0,35000000.0,35000000.0,0.0,228,0.45261,0.47059,052100100100,Ministry of Health,23010122,PURCHASE OF HEALTH / MEDICAL EQUIPMENT,70722,SPECIALIZED MEDICAL SERVICES,33342400,State Wide,04050126002503,Functional health facilities
Procurement and installation of 21 Nos shelves and cabinets to medical record departnment for proper records keeping in all the General hospitals,0.0,0.0,0.0,20000000.0,20000000.0,20000000.0,0.0,228,0.46078,0.47876,052100100100,Ministry of Health,23010122,PURCHASE OF HEALTH / MEDICAL EQUIPMENT,70722,SPECIALIZED MEDICAL SERVICES,33342400,State Wide,04050126002603,Functional health facilities
Procurement of 21 Nos Desktop Computers for Pharmacy reference Books (at least 3 per each HF),0.0,0.0,0.0,10500000.0,10500000.0,10500000.0,0.0,228,0.46895,0.48693,052100100100,Ministry of Health,23010114,PURCHASE OF COMPUTER PRINTERS,70722,SPECIALIZED MEDICAL SERVICES,33342400,State Wide,04050126002703,Functional health facilities
Procurement of 21 Nos solar power to all 21 General Hospitals,0.0,0.0,0.0,750000000.0,500000000.0,500000000.0,0.0,228,0.47712,0.4951,052100100100,Ministry of Health,23010119,PURCHASE OF POWER GENERATING SET,70722,SPECIALIZED MEDICAL SERVICES,33342400,State Wide,04050126002803,Functional health facilities
Procurement of 21No shelves and Cupboard in each pharmacy department in 21 General Hospitals,0.0,0.0,0.0,13650000.0,13650000.0,13650000.0,0.0,228,0.48611,0.50408,052100100100,Ministry of Health,23010122,PURCHASE OF HEALTH / MEDICAL EQUIPMENT,70722,SPECIALIZED MEDICAL SERVICES,33342400,State Wide,04050126002903,Functional health facilities
"Procurement of 21 Nos Haematocrit centrifuges, compound microscopes, Microscopes Electronic, Votex Mixer, Electrophorotic Machine 1 each to 21 General Hospital",0.0,0.0,0.0,300000000.0,520000000.0,520000000.0,0.0,228,0.49428,0.51225,052100100100,Ministry of Health,23010122,PURCHASE OF HEALTH / MEDICAL EQUIPMENT,70722,SPECIALIZED MEDICAL SERVICES,33342400,State Wide,04050126003003,Functional health facilities
"Procurement of 21 Nos Hot Air ovens/incubators, Blood Bank refrigerators, Ordinary refregerator",0.0,0.0,0.0,100000000.0,100000000.0,100000000.0,0.0,228,0.50245,0.52042,052100100100,Ministry of Health,23010122,PURCHASE OF HEALTH / MEDICAL EQUIPMENT,70722,SPECIALIZED MEDICAL SERVICES,33342400,State Wide,04050126003103,Functional health facilities
"Procurement of 21 Nos chemistry analyser & coagulation Analyser, Weighing Balances (Electronic)",0.0,0.0,0.0,150000000.0,150000000.0,150000000.0,0.0,228,0.51062,0.52859,052100100100,Ministry of Health,23010122,PURCHASE OF HEALTH / MEDICAL EQUIPMENT,70722,SPECIALIZED MEDICAL SERVICES,33342400,State Wide,04050126003203,Functional health facilities
Procurement of 21 Nos Automated Haematology Analyser,0.0,0.0,0.0,147000000.0,357000000.0,357000000.0,0.0,228,0.51879,0.53676,052100100100,Ministry of Health,23010122,PURCHASE OF HEALTH / MEDICAL EQUIPMENT,70722,SPECIALIZED MEDICAL SERVICES,33342400,State Wide,04050126003303,Functional health facilities
"Procurement of Bijour Bottles, Anarobic test tubes, McCartney bottles",0.0,0.0,0.0,40000000.0,40000000.0,40000000.0,0.0,228,0.52696,0.54493,052100100100,Ministry of Health,23010122,PURCHASE OF HEALTH / MEDICAL EQUIPMENT,70722,SPECIALIZED MEDICAL SERVICES,33342400,State Wide,04050126003403,Functional health facilities
"Procurement of Petri-dishes (glass), Innoculation Hood, Gas cylinder + Bunsen burner, Durham tubes, Digital micropippete",0.0,0.0,0.0,70000000.0,70000000.0,70000000.0,0.0,228,0.53513,0.5531,052100100100,Ministry of Health,23010122,PURCHASE OF HEALTH / MEDICAL EQUIPMENT,70722,SPECIALIZED MEDICAL SERVICES,33342400,State Wide,04050126003503,Functional health facilities
Procurement of 21 no Hp Desktop Computers for E-health records to all the 21 General Hospitals,0.0,0.0,0.0,20000000.0,20000000.0,20000000.0,0.0,228,0.5433,0.56127,052100100100,Ministry of Health,23010113,PURCHASE OF COMPUTERS,70722,SPECIALIZED MEDICAL SERVICES,33342400,State Wide,04050126003603,Functional health facilities
"Construction of Primary Healthcare Centre at Karaye Tudun Wada, Sokoto",0.0,0.0,0.0,100000000.0,120000000.0,120000000.0,0.0,228,0.55147,0.56944,052100100100,Ministry of Health,23010108,PURCHASE OF BUSES,70722,SPECIALIZED MEDICAL SERVICES,33342400,State Wide,04050126003703,Functional health facilities
Renovation of offices at Health Services Management Board,0.0,0.0,0.0,30000000.0,30000000.0,30000000.0,0.0,228,0.55964,0.57761,052100100100,Ministry of Health,23030121,REHABILITATION / REPAIRS OF OFFICE BUILDINGS,70722,SPECIALIZED MEDICAL SERVICES,33342400,State Wide,04010326000103,Health sector coordination mechanisms
Purchase of 30 no. Lenovo laptop computers for General hospitals and HQ program officers,0.0,0.0,0.0,20000000.0,20000000.0,20000000.0,0.0,228,0.56781,0.58578,052100100100,Ministry of Health,23010113,PURCHASE OF COMPUTERS,70722,SPECIALIZED MEDICAL SERVICES,33342400,State Wide,04050126003803,Functional health facilities
Procurement and installation of Solar inverter to the HSMB HQ,0.0,0.0,0.0,20000000.0,20000000.0,20000000.0,0.0,228,0.5768,0.59477,052100100100,Ministry of Health,23020123,CONSTRUCTION OF TRAFFIC /STREET LIGHTS,70722,SPECIALIZED MEDICAL SERVICES,33342400,State Wide,04050126003903,Functional health facilities
"Conduct of accreditation for the College of Nursing Sciences Sokoto, College of Nursing SciencesTambuwal and Sultan Abdulrahman College of Health Technology Gwadabawa",0.0,0.0,0.0,100000000.0,57000000.0,57000000.0,0.0,228,0.58497,0.60294,052100100100,Ministry of Health,23050101,RESEARCH AND DEVELOPMENT,70722,SPECIALIZED MEDICAL SERVICES,33342400,State Wide,04010426000403,Integrated supportive supervision
Renovation of General Hospitals across the State,0.0,0.0,0.0,3125000000.0,1500000000.0,1000000000.0,0.0,228,0.59314,0.61111,052100100100,Ministry of Health,23030105,REHABILITATION / REPAIRS - HOSPITAL / HEALTH CENTRES,70722,SPECIALIZED MEDICAL SERVICES,33342400,State Wide,04050126004003,Functional health facilities
"Purchase of Oscilloscope machine, Digital multi meter, light meter, oxygen analyser, SCR, 3kw heater element, 2kw heater element, 1kw heater element, 10 mercury 100ml bottles etc.)",0.0,0.0,0.0,20000000.0,20000000.0,20000000.0,0.0,228,0.60131,0.61928,052100100100,Ministry of Health,23010122,PURCHASE OF HEALTH / MEDICAL EQUIPMENT,70722,SPECIALIZED MEDICAL SERVICES,33342400,State Wide,04010426000503,Integrated supportive supervision
Procurement of Pharmacy reference books,0.0,0.0,0.0,5000000.0,5000000.0,5000000.0,0.0,228,0.60948,0.62745,052100100100,Ministry of Health,23010125,PURCHASE OF LIBRARY BOOKS & EQUIPMENT,70722,SPECIALIZED MEDICAL SERVICES,33342400,State Wide,04070226000103,Surveys and facility assessments
Procurement of 45 Computers for Enrollement for SOCHEMA,0.0,55000000.0,0.0,35000000.0,55000000.0,55000000.0,0.0,228,0.65033,0.6683,052100200100,Sokoto State contributory health care mgt agency,23010113,PURCHASE OF COMPUTERS,70722,SPECIALIZED MEDICAL SERVICES,33312100,WAMAKKO,04050124000103,Functional health facilities
Procurment of 45 Office Printers/ Claim ID Card Printers for SOCHEMA,0.0,7000000.0,0.0,0.0,20000000.0,20000000.0,0.0,228,0.6585,0.67647,052100200100,Sokoto State contributory health care mgt agency,23010114,PURCHASE OF COMPUTER PRINTERS,70722,SPECIALIZED MEDICAL SERVICES,33312100,WAMAKKO,04050124000203,Functional health facilities
Purchase of 1 No. Plant Generator for SOCHEMA,0.0,20000000.0,0.0,0.0,20000000.0,20000000.0,0.0,228,0.66667,0.68464,052100200100,Sokoto State contributory health care mgt agency,23010119,PURCHASE OF POWER GENERATING SET,70722,SPECIALIZED MEDICAL SERVICES,33312100,WAMAKKO,04050124000303,Functional health facilities
BHCF Counterpart Funds for SOCHEMA,0.0,45000000.0,0.0,132000000.0,45000000.0,45000000.0,0.0,228,0.67484,0.69281,052100200100,Sokoto State contributory health care mgt agency,23050101,RESEARCH AND DEVELOPMENT,70722,SPECIALIZED MEDICAL SERVICES,33312100,WAMAKKO,04050124000403,Functional health facilities
Provision of HMI Software Application for Enrollment of beneficiary for SOCHEMA,0.0,25000000.0,0.0,20000000.0,25000000.0,25000000.0,0.0,228,0.68382,0.7018,052100200100,Sokoto State contributory health care mgt agency,23020106,CONSTRUCTION / PROVISION OF HOSPITALS / HEALTH CENTRES,70722,SPECIALIZED MEDICAL SERVICES,33312100,WAMAKKO,04050124000503,Functional health facilities
"Procure 40 Core i7 Laptop for M&E, SQA, ICT, Program, Finance and Admin Dept for both formal and informac activities",0.0,0.0,0.0,20000000.0,24000000.0,24000000.0,0.0,228,0.69199,0.70997,052100200100,Sokoto State contributory health care mgt agency,23010113,PURCHASE OF COMPUTERS,70722,SPECIALIZED MEDICAL SERVICES,33312100,WAMAKKO,04050124000603,Functional health facilities
Procure 3 Fago HP printers DTC 4500e for both Formal and Informal enrollee ID Card printing,0.0,0.0,0.0,7000000.0,13000000.0,13000000.0,0.0,228,0.70016,0.71814,052100200100,Sokoto State contributory health care mgt agency,23010114,PURCHASE OF COMPUTER PRINTERS,70722,SPECIALIZED MEDICAL SERVICES,33312100,WAMAKKO,04050126004103,Functional health facilities
Procure 4 units of colored HP Printers for enrolment,0.0,0.0,0.0,2500000.0,2500000.0,2500000.0,0.0,228,0.70833,0.72631,052100200100,Sokoto State contributory health care mgt agency,23010114,PURCHASE OF COMPUTER PRINTERS,70722,SPECIALIZED MEDICAL SERVICES,33312100,WAMAKKO,04050126004203,Functional health facilities
Purchase and installation of SOCHEMA Health Management Application software for Digital Client enrolment,0.0,0.0,0.0,0.0,12000000.0,12000000.0,0.0,228,0.7165,0.73448,052100200100,Sokoto State contributory health care mgt agency,23050102,COMPUTER SOFTWARE ACQUISITION,70722,SPECIALIZED MEDICAL SERVICES,33312100,WAMAKKO,04050126004303,Functional health facilities
"Procure 2 units of 18 seater Toyota Bus for M&E, ICT , Program and SQA Supervision",0.0,0.0,0.0,0.0,140000000.0,140000000.0,0.0,228,0.72467,0.74265,052100200100,Sokoto State contributory health care mgt agency,23010108,PURCHASE OF BUSES,70722,SPECIALIZED MEDICAL SERVICES,33312100,WAMAKKO,04050126004403,Functional health facilities
Procure 1 unit of 2024 4WD Toyota Hilux 2020 model,0.0,0.0,0.0,0.0,78250000.0,78250000.0,0.0,228,0.73284,0.75082,052100200100,Sokoto State contributory health care mgt agency,23010108,PURCHASE OF BUSES,70722,SPECIALIZED MEDICAL SERVICES,33312100,WAMAKKO,04050126004503,Functional health facilities
Procure 3 unit of HP Lamination machine and 2 units of Binding machine,0.0,0.0,0.0,2000000.0,2000000.0,2000000.0,0.0,228,0.74101,0.75899,052100200100,Sokoto State contributory health care mgt agency,23010114,PURCHASE OF COMPUTER PRINTERS,70722,SPECIALIZED MEDICAL SERVICES,33312100,WAMAKKO,04050126004603,Functional health facilities
Construction for the Expansion of State Cold Store,0.0,10000000.0,0.0,10000000.0,10000000.0,10000000.0,0.0,228,0.78268,0.80065,052100300100,Primary Health Care Development Agency,23020106,CONSTRUCTION / PROVISION OF HOSPITALS / HEALTH CENTRES,70722,SPECIALIZED MEDICAL SERVICES,33342400,State Wide,04050124007901,Functional health facilities
Rehabilitation of PHC Bazza area Sokoto,0.0,30000000.0,0.0,30000000.0,30000000.0,30000000.0,0.0,228,0.79085,0.80882,052100300100,Primary Health Care Development Agency,23030105,REHABILITATION / REPAIRS - HOSPITAL / HEALTH CENTRES,70722,SPECIALIZED MEDICAL SERVICES,33342400,State Wide,04050124008001,Functional health facilities
"Procurement of Medical Equipment such as sterilizers, ECG machine, Oxygen concentrators, Surgical tables, Crutches, Stretchers, Wheelchairs for PHC Bazza",0.0,20000000.0,0.0,20000000.0,20000000.0,20000000.0,0.0,228,0.79902,0.81699,052100300100,Primary Health Care Development Agency,23010122,PURCHASE OF HEALTH / MEDICAL EQUIPMENT,70722,SPECIALIZED MEDICAL SERVICES,33342400,State Wide,04050124008101,Functional health facilities
Provision of support for PHC-MOU activities,0.0,100000000.0,0.0,100000000.0,100000000.0,100000000.0,0.0,228,0.80719,0.82516,052100300100,Primary Health Care Development Agency,23050101,RESEARCH AND DEVELOPMENT,70722,SPECIALIZED MEDICAL SERVICES,33342400,State Wide,04050124008201,Functional health facilities
Support for Family Planning Programme (Counterpart),0.0,30000000.0,0.0,150000000.0,150000000.0,150000000.0,0.0,228,0.81536,0.83333,052100300100,Primary Health Care Development Agency,23050101,RESEARCH AND DEVELOPMENT,70722,SPECIALIZED MEDICAL SERVICES,33342400,State Wide,04050124008401,Functional health facilities
"Purchase of cold boxes and vaccine carriers, coolant packs, AD Syringes for Routine Immunization, Child Nutrition and Polyurethane for Contrceptive Services",0.0,300000000.0,0.0,200000000.0,200000000.0,200000000.0,0.0,228,0.82353,0.8415,052100300100,Primary Health Care Development Agency,23010122,PURCHASE OF HEALTH / MEDICAL EQUIPMENT,70722,SPECIALIZED MEDICAL SERVICES,33342400,State Wide,04050124008501,Functional health facilities
Support for CHIPS activities in the State,0.0,40000000.0,0.0,0.0,45000000.0,63946455.0,0.0,228,0.8317,0.84967,052100300100,Primary Health Care Development Agency,23050101,RESEARCH AND DEVELOPMENT,70722,SPECIALIZED MEDICAL SERVICES,33342400,State Wide,04050124008601,Functional health facilities
Construction of Office Space for SSPHCDA,0.0,100000000.0,15547650.0,400000000.0,750000000.0,750000000.0,0.0,228,0.83987,0.85784,052100300100,Primary Health Care Development Agency,23020101,CONSTRUCTION / PROVISION OF OFFICE BUILDINGS,70722,SPECIALIZED MEDICAL SERVICES,33342400,State Wide,04050124008701,Functional health facilities
Procurment of 2Nos. Toyota 4WD Hillux for Monitoring & Supervisison,0.0,0.0,0.0,0.0,1500000000.0,1500000000.0,0.0,228,0.84804,0.86601,052100300100,Primary Health Care Development Agency,23010105,PURCHASE OF MOTOR VEHICLES,70722,SPECIALIZED MEDICAL SERVICES,33342400,State Wide,04050124008801,Functional health facilities
Procurment of 50 Nos. Motocycles for Monitoring & Supervisison,0.0,40000000.0,0.0,50000000.0,50000000.0,50000000.0,0.0,228,0.85621,0.87418,052100300100,Primary Health Care Development Agency,23010104,PURCHASE MOTOR CYCLES,70722,SPECIALIZED MEDICAL SERVICES,33342400,State Wide,04050124008901,Functional health facilities
Procurement and Installation of Solar to the Renovated 244 Health Facilities,0.0,500000000.0,0.0,1315000000.0,15000000.0,15000000.0,0.0,228,0.86438,0.88235,052100300100,Primary Health Care Development Agency,23020123,CONSTRUCTION OF TRAFFIC /STREET LIGHTS,70722,SPECIALIZED MEDICAL SERVICES,33342400,State Wide,04050124009001,Functional health facilities
Repairs of Ambulances for 244 Wards across the 23 LGAs,0.0,300000000.0,0.0,150000000.0,50000000.0,50000000.0,0.0,228,0.87255,0.89052,052100300100,Primary Health Care Development Agency,23010106,PURCHASE OF VANS,70722,SPECIALIZED MEDICAL SERVICES,33342400,State Wide,04050124009101,Functional health facilities
Procurement of 3no. Toyota Hilux and 1no 18 Seater Bus.,0.0,0.0,0.0,0.0,15000000.0,15000000.0,0.0,228,0.88154,0.89951,052100300100,Primary Health Care Development Agency,23010105,PURCHASE OF MOTOR VEHICLES,70722,SPECIALIZED MEDICAL SERVICES,33342400,State Wide,04050124009201,Functional health facilities
Investment Funds i.e for renovations of 244 ward level health facilities under IMPACT PROJECT,0.0,7890018880.0,42406051.5,533000000.0,33000000.0,33000000.0,0.0,228,0.88971,0.90768,052100300100,Primary Health Care Development Agency,23020106,CONSTRUCTION / PROVISION OF HOSPITALS / HEALTH CENTRES,70722,SPECIALIZED MEDICAL SERVICES,33342400,State Wide,04050124009301,Functional health facilities
Procurement of 1 no. Toyota 18 seater Bus (IMPACT PROJECT),0.0,10000000.0,0.0,50000000.0,50000000.0,50000000.0,0.0,228,0.89788,0.91585,052100300100,Primary Health Care Development Agency,23010105,PURCHASE OF MOTOR VEHICLES,70722,SPECIALIZED MEDICAL SERVICES,33342400,State Wide,04050124009501,Functional health facilities
Printing of NHMIS Data Tools,0.0,0.0,0.0,0.0,100000000.0,100000000.0,0.0,229,0.09069,0.10866,052100300100,Primary Health Care Development Agency,23020106,CONSTRUCTION / PROVISION OF HOSPITALS / HEALTH CENTRES,70722,SPECIALIZED MEDICAL SERVICES,33342400,State Wide,04050126006301,Functional health facilities
Procurement of Live Saving Drugs and MAMAKIT to 244 PHCs in the State,0.0,0.0,0.0,0.0,230000000.0,230000000.0,0.0,229,0.09886,0.11683,052100300100,Primary Health Care Development Agency,23050101,RESEARCH AND DEVELOPMENT,70722,SPECIALIZED MEDICAL SERVICES,33342400,State Wide,04050126006401,Functional health facilities
Procurement of Essential Drugs to 244 PHCs across the State,0.0,0.0,0.0,0.0,109000000.0,109000000.0,0.0,229,0.10703,0.125,052100300100,Primary Health Care Development Agency,23050101,RESEARCH AND DEVELOPMENT,70722,SPECIALIZED MEDICAL SERVICES,33342400,State Wide,04050126006501,Functional health facilities
"Purchase of 10 no. each of Projectors, Control system, Mixers, Microphones",0.0,0.0,0.0,100000000.0,200000000.0,200000000.0,0.0,229,0.1152,0.13317,052100300100,Primary Health Care Development Agency,23010122,PURCHASE OF HEALTH / MEDICAL EQUIPMENT,70722,SPECIALIZED MEDICAL SERVICES,33342400,State Wide,04050126006601,Functional health facilities
Development of Bill Board and Information Banners for PHCs across the State,0.0,0.0,0.0,0.0,33000000.0,33000000.0,0.0,229,0.12337,0.14134,052100300100,Primary Health Care Development Agency,23050101,RESEARCH AND DEVELOPMENT,70722,SPECIALIZED MEDICAL SERVICES,33342400,State Wide,04050126006701,Functional health facilities
Renovation of PHCs facilities across the State,0.0,0.0,0.0,2000000000.0,2000000000.0,2000000000.0,0.0,229,0.13154,0.14951,052100300100,Primary Health Care Development Agency,23030105,REHABILITATION / REPAIRS - HOSPITAL / HEALTH CENTRES,70722,SPECIALIZED MEDICAL SERVICES,33342400,State Wide,04050126006801,Functional health facilities
Purchase of 50 sets of executive tables and chairs for SSPHCDA Secretariat,0.0,0.0,0.0,50000000.0,50000000.0,50000000.0,0.0,229,0.13971,0.15768,052100300100,Primary Health Care Development Agency,23010112,PURCHASE OF OFFICE FURNITURE AND FITTINGS,70722,SPECIALIZED MEDICAL SERVICES,33342400,State Wide,04050126006901,Functional health facilities
Construction of 10 Maternity waiting Rooms at 3 Senatorial Zones of the State,0.0,0.0,0.0,100000000.0,100000000.0,100000000.0,0.0,229,0.14788,0.16585,052100300100,Primary Health Care Development Agency,23020106,CONSTRUCTION / PROVISION OF HOSPITALS / HEALTH CENTRES,70722,SPECIALIZED MEDICAL SERVICES,33342400,State Wide,04050126007001,Functional health facilities
Procurement of Hospital Beds and Mattresses for PHC facilities in the State,0.0,0.0,0.0,230000000.0,230000000.0,230000000.0,0.0,229,0.15605,0.17402,052100300100,Primary Health Care Development Agency,23010112,PURCHASE OF OFFICE FURNITURE AND FITTINGS,70722,SPECIALIZED MEDICAL SERVICES,33342400,State Wide,04050126007101,Functional health facilities
Basic Health Care Provision Funds (BHCF) 25% Counterpart,0.0,0.0,0.0,109000000.0,109000000.0,109000000.0,0.0,229,0.16422,0.18219,052100300100,Primary Health Care Development Agency,23050101,RESEARCH AND DEVELOPMENT,70722,SPECIALIZED MEDICAL SERVICES,33342400,State Wide,04050126007201,Functional health facilities
"Procurement of Family Planning consummables for Contraceptive Services such as IUD, IUS, Contraceptive implants, Contraceptive injections, Vaginal ring, Female condoms",0.0,0.0,0.0,200000000.0,200000000.0,200000000.0,0.0,229,0.17239,0.19036,052100300100,Primary Health Care Development Agency,23050101,RESEARCH AND DEVELOPMENT,70722,SPECIALIZED MEDICAL SERVICES,33342400,State Wide,04050126007301,Functional health facilities
"Installation of Solar Inverters for EPU, Senior Service Female Medical Ward, Paediatric Surgical, Paediatr",0.0,48950000.0,0.0,0.0,0.0,0.0,0.0,229,0.21405,0.23203,052102600100,Specialist Hospital,23010119,PURCHASE OF POWER GENERATING SET70722 - SPECIALIZED MEDICAL SERVICES,,ic Medical and Male Medical,33312100,WAMAKKO,04050124000702,Functional health facilities
"Renovation of Mortuary Unit, Physiotheraphy Department and IDH/Chest Wards",0.0,49819600.0,0.0,49819600.0,49819600.0,49819600.0,0.0,229,0.22222,0.2402,052102600100,Specialist Hospital,23030105,REHABILITATION / REPAIRS - HOSPITAL / HEALTH CENTRES,70722,SPECIALIZED MEDICAL SERVICES,33312100,WAMAKKO,04050124000802,Functional health facilities
"Procurement and installation of 7.2KVA solar inverter fans, bulbs, street lights at maternity wards",0.0,49167445.0,0.0,49167445.0,49167445.0,49167445.0,0.0,229,0.23039,0.24837,052102600100,Specialist Hospital,23010122,PURCHASE OF HEALTH / MEDICAL EQUIPMENT,70722,SPECIALIZED MEDICAL SERVICES,33312100,WAMAKKO,04050124000902,Functional health facilities
"Procurement of 300 Hospital Beds. Matress, Bed Sheets, Screen and bed sides lockers",0.0,49560300.7,0.0,0.0,0.0,0.0,0.0,229,0.23856,0.25654,052102600100,Specialist Hospital,23010122,PURCHASE OF HEALTH / MEDICAL EQUIPMENT,70722,SPECIALIZED MEDICAL SERVICES,33312100,WAMAKKO,04050124001002,Functional health facilities
Procurement and installation of 5nos plasma extractor machines,0.0,45285003.0,0.0,0.0,0.0,0.0,0.0,229,0.24673,0.26471,052102600100,Specialist Hospital,23010122,PURCHASE OF HEALTH / MEDICAL EQUIPMENT,70722,SPECIALIZED MEDICAL SERVICES,33312100,WAMAKKO,04050124001102,Functional health facilities
Procurement and Installation of Lithium Iron Battery 30KW with Inverter 15 KWH for laboratory and sta,0.0,45650000.0,0.0,49000000.0,49000000.0,49000000.0,0.0,229,0.2549,0.27288,052102600100,Specialist Hospital,23010119,PURCHASE OF POWER GENERATING SET70722 - SPECIALIZED MEDICAL SERVICES,,ff offices,33312100,WAMAKKO,04050124001202,Functional health facilities
Renovation of maternity unit at specialist hospital Sokoto,0.0,49727450.0,0.0,0.0,0.0,0.0,0.0,229,0.26307,0.28105,052102600100,Specialist Hospital,23030105,REHABILITATION / REPAIRS - HOSPITAL / HEALTH CENTRES,70722,SPECIALIZED MEDICAL SERVICES,33312100,WAMAKKO,04050124001302,Functional health facilities
Renovation of Amenity wards (male & female),0.0,48980300.0,0.0,40000000.0,40000000.0,40000000.0,0.0,229,0.27124,0.28922,052102600100,Specialist Hospital,23030105,REHABILITATION / REPAIRS - HOSPITAL / HEALTH CENTRES,70722,SPECIALIZED MEDICAL SERVICES,33312100,WAMAKKO,04050124001402,Functional health facilities
Procurement of 50 no tables and chairs for consulting rooms and patients waiting areas,0.0,46950000.0,0.0,10000000.0,20000000.0,20000000.0,0.0,229,0.28023,0.2982,052102600100,Specialist Hospital,23010122,PURCHASE OF HEALTH / MEDICAL EQUIPMENT,70722,SPECIALIZED MEDICAL SERVICES,33312100,WAMAKKO,04050124001502,Functional health facilities
Procurement of 5 no Dell Laptop Computers for ICT unit at Specialist Hospital Sokoto,0.0,49570000.0,0.0,10000000.0,10000000.0,10000000.0,0.0,229,0.2884,0.30637,052102600100,Specialist Hospital,23020106,CONSTRUCTION / PROVISION OF HOSPITALS / HEALTH CENTRES,70722,SPECIALIZED MEDICAL SERVICES,33312100,WAMAKKO,04050124001602,Functional health facilities
Renovation of Laundry and Kitchen Units at Specialist Hospital Sokoto,0.0,37000000.0,0.0,25000000.0,25000000.0,25000000.0,0.0,229,0.29657,0.31454,052102600100,Specialist Hospital,23030105,REHABILITATION / REPAIRS - HOSPITAL / HEALTH CENTRES,70722,SPECIALIZED MEDICAL SERVICES,33312100,WAMAKKO,04050124001702,Functional health facilities
Procurement of 1 No. of Hospital Toyota Ambulance,0.0,45000000.0,0.0,60000000.0,60000000.0,60000000.0,0.0,229,0.30474,0.32271,052102600100,Specialist Hospital,23020106,CONSTRUCTION / PROVISION OF HOSPITALS / HEALTH CENTRES,70722,SPECIALIZED MEDICAL SERVICES,33312100,WAMAKKO,04050124001802,Functional health facilities
Procurement and installation of Lithium Iron Battery 30KW with Inverter 15 KWH at the Main Theatre,0.0,49800000.0,0.0,42570000.0,42570000.0,42570000.0,0.0,229,0.31291,0.33088,052102600100,Specialist Hospital,23010119,PURCHASE OF POWER GENERATING SET,70722,SPECIALIZED MEDICAL SERVICES,33312100,WAMAKKO,04050124001902,Functional health facilities
"procurement and installation of Lithium Iron Battery 20KW with Inverter 10 KWH at Dental, ENT and Ey",0.0,42570000.0,0.0,48496000.0,48496000.0,48496000.0,0.0,229,0.32108,0.33905,052102600100,Specialist Hospital,23010119,PURCHASE OF POWER GENERATING SET70722 - SPECIALIZED MEDICAL SERVICES,,e Clinic,33312100,WAMAKKO,04050124002002,Functional health facilities
Procurement and Installation of Lithium Iron Battery 20KW with Inverter 10 KWH at Male Amenity Ward,0.0,48496000.0,0.0,27176000.0,27176000.0,27176000.0,0.0,229,0.32925,0.34722,052102600100,Specialist Hospital,23010119,PURCHASE OF POWER GENERATING SET,70722,SPECIALIZED MEDICAL SERVICES,33312100,WAMAKKO,04050124002102,Functional health facilities
Procurement of 10KW inveter and battries for chemical pathology department,0.0,27176000.0,0.0,0.0,0.0,0.0,0.0,229,0.33742,0.35539,052102600100,Specialist Hospital,23010119,PURCHASE OF POWER GENERATING SET,70722,SPECIALIZED MEDICAL SERVICES,33312100,WAMAKKO,04050124002202,Functional health facilities
Procurement and installation of Lithium Iron Battery 30KW with Inverter 15 KWH at the Main Theatre t,0.0,38976000.0,0.0,27176000.0,27176000.0,27176000.0,0.0,229,0.34559,0.36356,052102600100,Specialist Hospital,23010119,PURCHASE OF POWER GENERATING SET70722 - SPECIALIZED MEDICAL SERVICES,,o power GOPD,33312100,WAMAKKO,04050124002302,Functional health facilities
Procurement and installation of 3 no. dialysis machine,0.0,27176000.0,0.0,48895000.0,48895000.0,48895000.0,0.0,229,0.35376,0.37173,052102600100,Specialist Hospital,23010122,PURCHASE OF HEALTH / MEDICAL EQUIPMENT,70722,SPECIALIZED MEDICAL SERVICES,33312100,WAMAKKO,04050124002402,Functional health facilities
Construction of Drainages at Specialist Hospital Sokoto,0.0,48895000.0,0.0,100000000.0,100000000.0,100000000.0,0.0,229,0.36193,0.3799,052102600100,Specialist Hospital,23030113,REHABILITATION / REPAIRS - ROADS,70722,SPECIALIZED MEDICAL SERVICES,33312100,WAMAKKO,04050124002502,Functional health facilities
Renovation of 6 Blocks of 2 Bedroom Staff quarters at SHS,0.0,0.0,0.0,45000000.0,45000000.0,45000000.0,0.0,229,0.3701,0.38807,052102600100,Specialist Hospital,23030103,REHABILITATION / REPAIRS - HOUSING,70722,SPECIALIZED MEDICAL SERVICES,33312100,WAMAKKO,04050126004702,Functional health facilities
"Procurement of laser therapy, electrical stimulation, traction machine, and vacuum therapy for Othopedic Wamakko",0.0,40000000.0,0.0,40000000.0,40000000.0,40000000.0,0.0,229,0.41176,0.42974,052104100100,Orthopedic Hospital Wamakko,23010122,PURCHASE OF HEALTH / MEDICAL EQUIPMENT,70722,SPECIALIZED MEDICAL SERVICES,33312100,WAMAKKO,04050124002602,Functional health facilities
Procurement of Medical Equipment for Othopedic Wamakko,0.0,10000000.0,0.0,0.0,10000000.0,10000000.0,0.0,229,0.41993,0.43791,052104100100,Orthopedic Hospital Wamakko,23010122,PURCHASE OF HEALTH / MEDICAL EQUIPMENT,70722,SPECIALIZED MEDICAL SERVICES,33312100,WAMAKKO,04050124002702,Functional health facilities
Procurement of Digital X-Ray Machine for Othopedic Wamakko,0.0,50000000.0,0.0,50000000.0,50000000.0,50000000.0,0.0,229,0.4281,0.44608,052104100100,Orthopedic Hospital Wamakko,23010122,PURCHASE OF HEALTH / MEDICAL EQUIPMENT,70722,SPECIALIZED MEDICAL SERVICES,33312100,WAMAKKO,04050124002802,Functional health facilities
Construction of 2 Nos Solar Borehole at Orthopedic Hospital Wamakko,0.0,40000000.0,0.0,40000000.0,40000000.0,40000000.0,0.0,229,0.43627,0.45425,052104100100,Orthopedic Hospital Wamakko,23020105,CONSTRUCTION / PROVISION OF WATER FACILITIES,70722,SPECIALIZED MEDICAL SERVICES,33312100,WAMAKKO,04050124002902,Functional health facilities
Renovation of Admin Block and Laundry at Orthopedic Hospital Wamakko,0.0,15000000.0,0.0,50000000.0,50000000.0,50000000.0,0.0,229,0.44444,0.46242,052104100100,Orthopedic Hospital Wamakko,23030121,REHABILITATION / REPAIRS OF OFFICE BUILDINGS,70722,SPECIALIZED MEDICAL SERVICES,33312100,WAMAKKO,04050124003002,Functional health facilities
Procurement of 1 No. Toyota Hiace eighteen (18) seater bus to Orthopaedic Wamakko,0.0,0.0,0.0,60000000.0,60000000.0,60000000.0,0.0,229,0.45261,0.47059,052104100100,Orthopedic Hospital Wamakko,23010108,PURCHASE OF BUSES,70722,SPECIALIZED MEDICAL SERVICES,33312100,WAMAKKO,04050126004802,Functional health facilities
Procurement of 3 Nos. Avensis Vehicle to Orthopaedic Wamakko,0.0,0.0,0.0,30000000.0,30000000.0,30000000.0,0.0,229,0.46078,0.47876,052104100100,Orthopedic Hospital Wamakko,23010105,PURCHASE OF MOTOR VEHICLES,70722,SPECIALIZED MEDICAL SERVICES,33312100,WAMAKKO,04050126004902,Functional health facilities
Construction of accident and emergency ward at Orthopedic Hospital Wamakko,0.0,0.0,0.0,120000000.0,120000000.0,120000000.0,0.0,229,0.46895,0.48693,052104100100,Orthopedic Hospital Wamakko,23020106,CONSTRUCTION / PROVISION OF HOSPITALS / HEALTH CENTRES,70722,SPECIALIZED MEDICAL SERVICES,33312100,WAMAKKO,04050126005002,Functional health facilities
Construction of additional five (5) Nos two bedroom at Orthopedic Hospital Wamakko,0.0,0.0,0.0,200000000.0,200000000.0,200000000.0,0.0,229,0.47712,0.4951,052104100100,Orthopedic Hospital Wamakko,23020106,CONSTRUCTION / PROVISION OF HOSPITALS / HEALTH CENTRES,70722,SPECIALIZED MEDICAL SERVICES,33312100,WAMAKKO,04050126005102,Functional health facilities
Renovation of Male and Female Hostels,0.0,100000000.0,0.0,150000000.0,150000000.0,150000000.0,0.0,229,0.51879,0.53676,052110400100,College of Nursing Sciences,23030121,REHABILITATION / REPAIRS OF OFFICE BUILDINGS,70722,SPECIALIZED MEDICAL SERVICES,33312100,WAMAKKO,04010224003103,Human and institutional capacity performance management
"Procurement of laboratory equipment such as Microscope, Centrifuging Machine, Micro Hematocrit Reader, Incubator",0.0,50000000.0,36055900.0,0.0,0.0,0.0,0.0,229,0.52696,0.54493,052110400100,College of Nursing Sciences,23010122,PURCHASE OF HEALTH / MEDICAL EQUIPMENT,70722,SPECIALIZED MEDICAL SERVICES,33312100,WAMAKKO,04080224003203,Public health laboratories
Rehabilitation of access road with the college,0.0,25000000.0,0.0,25000000.0,25000000.0,25000000.0,0.0,229,0.53513,0.5531,052110400100,College of Nursing Sciences,23030113,REHABILITATION / REPAIRS - ROADS,70722,SPECIALIZED MEDICAL SERVICES,33312100,WAMAKKO,04010224003303,Human and institutional capacity performance management
Purchase of 10 no tables and chairs for existing library,0.0,15000000.0,0.0,0.0,0.0,0.0,0.0,229,0.5433,0.56127,052110400100,College of Nursing Sciences,23010112,PURCHASE OF OFFICE FURNITURE AND FITTINGS,70722,SPECIALIZED MEDICAL SERVICES,33312100,WAMAKKO,04070324003403,"Research and development (Institutional Review Board, Clinical Trials)"
Purchase of office and classroom tables and chairs,0.0,50000000.0,50000000.0,0.0,0.0,0.0,0.0,229,0.55147,0.56944,052110400100,College of Nursing Sciences,23010112,PURCHASE OF OFFICE FURNITURE AND FITTINGS,70722,SPECIALIZED MEDICAL SERVICES,33312100,WAMAKKO,04010224003503,Human and institutional capacity performance management
Construction of Creth for accreditation at CONS,0.0,50000000.0,0.0,50000000.0,50000000.0,50000000.0,0.0,229,0.55964,0.57761,052110400100,College of Nursing Sciences,23020106,CONSTRUCTION / PROVISION OF HOSPITALS / HEALTH CENTRES,70722,SPECIALIZED MEDICAL SERVICES,33312100,WAMAKKO,04030124003603,"Reproductive, maternal and neonatal health"
Annual convocation ceremony,0.0,15000000.0,0.0,0.0,15000000.0,15000000.0,0.0,229,0.56781,0.58578,052110400100,College of Nursing Sciences,23050101,RESEARCH AND DEVELOPMENT,70722,SPECIALIZED MEDICAL SERVICES,33312100,WAMAKKO,04010224003703,Human and institutional capacity performance management
Purchase of 3 sets of executive tables and chairs for Auditorium at CONS,0.0,15000000.0,0.0,15000000.0,15000000.0,15000000.0,0.0,229,0.5768,0.59477,052110400100,College of Nursing Sciences,23010112,PURCHASE OF OFFICE FURNITURE AND FITTINGS,70722,SPECIALIZED MEDICAL SERVICES,33312100,WAMAKKO,04010224003803,Human and institutional capacity performance management
Procurement of 3sets of executive chairs and tables for Hostel at CONS SOK,0.0,15000000.0,0.0,15000000.0,15000000.0,15000000.0,0.0,229,0.58497,0.60294,052110400100,College of Nursing Sciences,23010112,PURCHASE OF OFFICE FURNITURE AND FITTINGS,70722,SPECIALIZED MEDICAL SERVICES,33312100,WAMAKKO,04010224003903,Human and institutional capacity performance management
Procurment of 500 tables and500 chairs for the new constructed Auditrium hall at CONS SOK,0.0,50000000.0,35881100.0,160000000.0,160000000.0,160000000.0,0.0,229,0.59314,0.61111,052110400100,College of Nursing Sciences,23010112,PURCHASE OF OFFICE FURNITURE AND FITTINGS,70722,SPECIALIZED MEDICAL SERVICES,33312100,WAMAKKO,04010224004003,Human and institutional capacity performance management
Rehabilitation of College Central Mosque at CONS Sokoto,0.0,30000000.0,0.0,50000000.0,50000000.0,50000000.0,0.0,229,0.60131,0.61928,052110400100,College of Nursing Sciences,23030128,REHABILITATION/REPAIRS OF RELIGIOUS BUILDING,70722,SPECIALIZED MEDICAL SERVICES,33312100,WAMAKKO,04010224004103,Human and institutional capacity performance management
Renovation of college of Nursing Sokoto complex and students hostel,0.0,200000000.0,0.0,250000000.0,250000000.0,250000000.0,0.0,229,0.60948,0.62745,052110400100,College of Nursing Sciences,23020104,CONSTRUCTION / PROVISION OF HOUSING,70722,SPECIALIZED MEDICAL SERVICES,33312100,WAMAKKO,04010224004203,Human and institutional capacity performance management
Purchase of 1 No. Toyota 32 Seater Bus Vehicle,0.0,0.0,0.0,85000000.0,85000000.0,85000000.0,0.0,229,0.61765,0.63562,052110400100,College of Nursing Sciences,23010105,PURCHASE OF MOTOR VEHICLES,70722,SPECIALIZED MEDICAL SERVICES,33312100,WAMAKKO,04010226001003,Human and institutional capacity performance management
Purchase of 150 Classroom Chairs and Tables each,0.0,0.0,0.0,50000000.0,50000000.0,50000000.0,0.0,229,0.62582,0.64379,052110400100,College of Nursing Sciences,23010112,PURCHASE OF OFFICE FURNITURE AND FITTINGS,70722,SPECIALIZED MEDICAL SERVICES,33312100,WAMAKKO,04010226001103,Human and institutional capacity performance management
Purchase of 2 No Hiliux and 2 No Saloon Cars,0.0,0.0,0.0,0.0,130000000.0,130000000.0,0.0,229,0.63399,0.65196,052110400100,College of Nursing Sciences,23010105,PURCHASE OF MOTOR VEHICLES,70722,SPECIALIZED MEDICAL SERVICES,33312100,WAMAKKO,04010226001203,Human and institutional capacity performance management
Purchase of 500 Tables and Chairs each at Old Auditorium in CONS Sokoto,0.0,0.0,0.0,100000000.0,100000000.0,100000000.0,0.0,229,0.64216,0.66013,052110400100,College of Nursing Sciences,23010112,PURCHASE OF OFFICE FURNITURE AND FITTINGS,70722,SPECIALIZED MEDICAL SERVICES,33312100,WAMAKKO,04010226001303,Human and institutional capacity performance management
Purchase of 500 Beds and Matresses for Male and Female Hostels at CONS Sokoto,0.0,0.0,0.0,150000000.0,150000000.0,150000000.0,0.0,229,0.65033,0.6683,052110400100,College of Nursing Sciences,23010112,PURCHASE OF OFFICE FURNITURE AND FITTINGS,70722,SPECIALIZED MEDICAL SERVICES,33312100,WAMAKKO,04010226001403,Human and institutional capacity performance management
"Construction of Additional 3 Block of 3 Classrooms, Examination Hall, to meet the Standard for Accreditation Exercise by the NMCN and NBTE",0.0,20000000.0,0.0,200000000.0,200000000.0,200000000.0,0.0,229,0.69199,0.70997,052110400200,"College of Nursing Sciences, Tambuwal",23020106,CONSTRUCTION / PROVISION OF HOSPITALS / HEALTH CENTRES,70722,SPECIALIZED MEDICAL SERVICES,33312100,WAMAKKO,04010224004303,Human and institutional capacity performance management
"Construction of Common Room, Matron’s Room and Mosque attach to the female hostel.",0.0,10000000.0,0.0,50000000.0,50000000.0,50000000.0,0.0,229,0.70016,0.71814,052110400200,"College of Nursing Sciences, Tambuwal",23020106,CONSTRUCTION / PROVISION OF HOSPITALS / HEALTH CENTRES,70722,SPECIALIZED MEDICAL SERVICES,33312100,WAMAKKO,04010224004403,Human and institutional capacity performance management
Construction of Central Mosque,0.0,30000000.0,0.0,40000000.0,40000000.0,40000000.0,0.0,229,0.70833,0.72631,052110400200,"College of Nursing Sciences, Tambuwal",23020128,CONSTUCTION/PROVISION OF RELIGIOUS BUILDING,70722,SPECIALIZED MEDICAL SERVICES,33312100,WAMAKKO,04010224004503,Human and institutional capacity performance management
Provision of Standby Generator (200KVA),0.0,10000000.0,0.0,35000000.0,35000000.0,35000000.0,0.0,229,0.7165,0.73448,052110400200,"College of Nursing Sciences, Tambuwal",23020125,CONSTRUCTION OF POWER GENERATING PLANTS,70722,SPECIALIZED MEDICAL SERVICES,33312100,WAMAKKO,04010224004603,Human and institutional capacity performance management
Construction of Laboratory and E-Library,0.0,25000000.0,0.0,35000000.0,35000000.0,35000000.0,0.0,229,0.72467,0.74265,052110400200,"College of Nursing Sciences, Tambuwal",23010125,PURCHASE OF LIBRARY BOOKS & EQUIPMENT,70722,SPECIALIZED MEDICAL SERVICES,33312100,WAMAKKO,04010224004703,Human and institutional capacity performance management
Assessment Exercise for Accreditation,0.0,100000000.0,0.0,0.0,0.0,0.0,0.0,229,0.73284,0.75082,052110400200,"College of Nursing Sciences, Tambuwal",23050101,RESEARCH AND DEVELOPMENT,70722,SPECIALIZED MEDICAL SERVICES,33312100,WAMAKKO,04010224004803,Human and institutional capacity performance management
"Construction of Borehole, Reservoir and Accessories in the School Premises",0.0,25000000.0,0.0,35000000.0,35000000.0,35000000.0,0.0,229,0.74101,0.75899,052110400200,"College of Nursing Sciences, Tambuwal",23020105,CONSTRUCTION / PROVISION OF WATER FACILITIES,70722,SPECIALIZED MEDICAL SERVICES,33312100,WAMAKKO,04010224004903,Human and institutional capacity performance management
"Purchase 2 Nos. of Toyota Corolla 2019 Model, and 1 No. of Toyota Hilux for Provost and Regitrar’ offices",0.0,0.0,0.0,0.0,150000000.0,150000000.0,0.0,229,0.74918,0.76716,052110400200,"College of Nursing Sciences, Tambuwal",23010105,PURCHASE OF MOTOR VEHICLES,70722,SPECIALIZED MEDICAL SERVICES,33312100,WAMAKKO,04010224005003,Human and institutional capacity performance management
Special Intervention (Sponsorship of Midwives Education),0.0,10000000.0,0.0,0.0,0.0,0.0,0.0,229,0.75735,0.77533,052110400200,"College of Nursing Sciences, Tambuwal",23050101,RESEARCH AND DEVELOPMENT,70722,SPECIALIZED MEDICAL SERVICES,33312100,WAMAKKO,04010224005103,Human and institutional capacity performance management
Construction of ICT Center at CONS Tambuwal,0.0,20000000.0,0.0,70000000.0,70000000.0,70000000.0,0.0,229,0.76552,0.7835,052110400200,"College of Nursing Sciences, Tambuwal",23020127,CONSTRUCTION OF ICT INFRASTRUCTURES,70722,SPECIALIZED MEDICAL SERVICES,33312100,WAMAKKO,04010224005203,Human and institutional capacity performance management
"Purchase of 50 no. Chairs and Tables each for Conference Hall at College of Nursing Sciences, Tambuwal",0.0,15000000.0,0.0,20000000.0,20000000.0,20000000.0,0.0,229,0.77369,0.79167,052110400200,"College of Nursing Sciences, Tambuwal",23010112,PURCHASE OF OFFICE FURNITURE AND FITTINGS,70722,SPECIALIZED MEDICAL SERVICES,33312100,WAMAKKO,04010224005303,Human and institutional capacity performance management
"Provision of Solar for Admin Block and Hostels at CONS, Tambuwal",0.0,30000000.0,0.0,65000000.0,65000000.0,65000000.0,0.0,229,0.78268,0.80065,052110400200,"College of Nursing Sciences, Tambuwal",23010119,PURCHASE OF POWER GENERATING SET,70722,SPECIALIZED MEDICAL SERVICES,33312100,WAMAKKO,04010224005403,Human and institutional capacity performance management
Construction of perimeter Fence at CONS Tambuwal,0.0,70000000.0,0.0,750000000.0,70000000.0,70000000.0,0.0,229,0.79085,0.80882,052110400200,"College of Nursing Sciences, Tambuwal",23020118,CONSTRUCTION / PROVISION OF INFRASTRUCTURE,70722,SPECIALIZED MEDICAL SERVICES,33312100,WAMAKKO,04010224005503,Human and institutional capacity performance management
Purchase of 1 No. Toyota 32 Seater Coaster Bus and 1No. Toyota 18 Seater Bus,0.0,0.0,0.0,0.0,150000000.0,150000000.0,0.0,229,0.79902,0.81699,052110400200,"College of Nursing Sciences, Tambuwal",23010105,PURCHASE OF MOTOR VEHICLES,70722,SPECIALIZED MEDICAL SERVICES,33312100,WAMAKKO,04010224005603,Human and institutional capacity performance management
"Purchase of Office 50 no. beds and matresses for College of Nursing Sciences, Tambuwal",0.0,20000000.0,0.0,20000000.0,20000000.0,20000000.0,0.0,229,0.80719,0.82516,052110400200,"College of Nursing Sciences, Tambuwal",23010112,PURCHASE OF OFFICE FURNITURE AND FITTINGS,70722,SPECIALIZED MEDICAL SERVICES,33312100,WAMAKKO,04010224005703,Human and institutional capacity performance management
"Procurement of 1 No. of Water Tank Truck at CONS, Tambuwal",0.0,40000000.0,0.0,70000000.0,70000000.0,70000000.0,0.0,229,0.81536,0.83333,052110400200,"College of Nursing Sciences, Tambuwal",23020105,CONSTRUCTION / PROVISION OF WATER FACILITIES,70722,SPECIALIZED MEDICAL SERVICES,33312100,WAMAKKO,04010224005803,Human and institutional capacity performance management
"Construction of Administrative Block at College of Nursing Sciences, Tambuwal",0.0,50000000.0,0.0,250000000.0,250000000.0,250000000.0,0.0,229,0.82353,0.8415,052110400200,"College of Nursing Sciences, Tambuwal",23020101,CONSTRUCTION / PROVISION OF OFFICE BUILDINGS,70722,SPECIALIZED MEDICAL SERVICES,33312100,WAMAKKO,04010224005903,Human and institutional capacity performance management
"Construction of Library at College of Nursing Sciences, Tambuwal",0.0,0.0,0.0,230000000.0,230000000.0,230000000.0,0.0,229,0.8317,0.84967,052110400200,"College of Nursing Sciences, Tambuwal",23020111,CONSTRUCTION / PROVISION OF LIBRARIES,70722,SPECIALIZED MEDICAL SERVICES,33312100,WAMAKKO,04010224006003,Human and institutional capacity performance management
"Construction of Clinic at College of Nursing Sciences, Tambuwal",0.0,40000000.0,0.0,150000000.0,150000000.0,150000000.0,0.0,229,0.83987,0.85784,052110400200,"College of Nursing Sciences, Tambuwal",23020106,CONSTRUCTION / PROVISION OF HOSPITALS / HEALTH CENTRES,70722,SPECIALIZED MEDICAL SERVICES,33312100,WAMAKKO,04010224006103,Human and institutional capacity performance management
Purchase of 25 no Core-i7 Hp Laptop Computers and Accessories in the College,0.0,0.0,0.0,30000000.0,30000000.0,30000000.0,0.0,229,0.84804,0.86601,052110400200,"College of Nursing Sciences, Tambuwal",23010113,PURCHASE OF COMPUTERS,70722,SPECIALIZED MEDICAL SERVICES,33312100,WAMAKKO,04010224006203,Human and institutional capacity performance management
Renovation of New Admin block at Sultan Abdulrahman College of Health Technology Gwadabawa,0.0,5000000.0,0.0,80000000.0,80000000.0,200000000.0,0.0,229,0.88971,0.90768,052110600100,Sultan AbdulRahman College of H/Tech.,23030106,REHABILITATION / REPAIRS - PUBLIC SCHOOLS,70722,SPECIALIZED MEDICAL SERVICES,33312100,WAMAKKO,04050124006303,Functional health facilities
Renovation of 2 Blocks of 3 classrooms SACHTG,0.0,10000000.0,0.0,28000000.0,28000000.0,200000000.0,0.0,229,0.89788,0.91585,052110600100,Sultan AbdulRahman College of H/Tech.,23030106,REHABILITATION / REPAIRS - PUBLIC SCHOOLS,70722,SPECIALIZED MEDICAL SERVICES,33312100,WAMAKKO,04050124006403,Functional health facilities
Renovation of male and female hostels,0.0,10000000.0,0.0,60000000.0,60000000.0,200000000.0,0.0,230,0.09069,0.10866,052110600100,Sultan AbdulRahman College of H/Tech.,23030106,REHABILITATION / REPAIRS - PUBLIC SCHOOLS,70722,SPECIALIZED MEDICAL SERVICES,33312100,WAMAKKO,04050124006503,Functional health facilities
Re-Construction of e-library at the School complex,0.0,5000000.0,0.0,23000000.0,23000000.0,200000000.0,0.0,230,0.09886,0.11683,052110600100,Sultan AbdulRahman College of H/Tech.,23020111,CONSTRUCTION / PROVISION OF LIBRARIES,70722,SPECIALIZED MEDICAL SERVICES,33312100,WAMAKKO,04050124006603,Functional health facilities
Purchase of 100 no. tables and chairs each,0.0,30000000.0,28263544.0,30000000.0,30000000.0,200000000.0,0.0,230,0.10703,0.125,052110600100,Sultan AbdulRahman College of H/Tech.,23010112,PURCHASE OF OFFICE FURNITURE AND FITTINGS,70722,SPECIALIZED MEDICAL SERVICES,33312100,WAMAKKO,04050124006703,Functional health facilities
Renovation of staff quarters at SACHTG,0.0,50000000.0,0.0,50000000.0,50000000.0,200000000.0,0.0,230,0.1152,0.13317,052110600100,Sultan AbdulRahman College of H/Tech.,23030121,REHABILITATION / REPAIRS OF OFFICE BUILDINGS,70722,SPECIALIZED MEDICAL SERVICES,33312100,WAMAKKO,04050124006803,Functional health facilities
Construction of borehole and water reticulation for 3 males and 2 females blocks,0.0,30000000.0,0.0,30000000.0,30000000.0,200000000.0,0.0,230,0.12337,0.14134,052110600100,Sultan AbdulRahman College of H/Tech.,23020105,CONSTRUCTION / PROVISION OF WATER FACILITIES,70722,SPECIALIZED MEDICAL SERVICES,33312100,WAMAKKO,04050124006903,Functional health facilities
Construction of 2 blocks of 3 classrooms at SACHTG,0.0,50000000.0,0.0,50000000.0,50000000.0,200000000.0,0.0,230,0.13154,0.14951,052110600100,Sultan AbdulRahman College of H/Tech.,23020107,CONSTRUCTION / PROVISION OF PUBLIC SCHOOLS,70722,SPECIALIZED MEDICAL SERVICES,33312100,WAMAKKO,04050124007003,Functional health facilities
"Purchase of 14nos of refrigerators, 14nos of Televition, 14nos of office cabinet, 14nos of air conditioner for principal officers",0.0,10000000.0,0.0,10000000.0,10000000.0,200000000.0,0.0,230,0.13971,0.15768,052110600100,Sultan AbdulRahman College of H/Tech.,23010112,PURCHASE OF OFFICE FURNITURE AND FITTINGS,70722,SPECIALIZED MEDICAL SERVICES,33312100,WAMAKKO,04050124007103,Functional health facilities
Purchase of Teaching and learning aids,0.0,45000000.0,0.0,45000000.0,45000000.0,200000000.0,0.0,230,0.14788,0.16585,052110600100,Sultan AbdulRahman College of H/Tech.,23010124,PURCHASE OF TEACHING / LEARNING AID EQUIPMENT,70722,SPECIALIZED MEDICAL SERVICES,33312100,WAMAKKO,04050124007203,Functional health facilities
Construction of 2 storey building hostel,0.0,50000000.0,0.0,50000000.0,50000000.0,200000000.0,0.0,230,0.15605,0.17402,052110600100,Sultan AbdulRahman College of H/Tech.,23020104,CONSTRUCTION / PROVISION OF HOUSING,70722,SPECIALIZED MEDICAL SERVICES,33312100,WAMAKKO,04050124007303,Functional health facilities
Assessment Exercise for Accreditation,0.0,30000000.0,0.0,30000000.0,30000000.0,200000000.0,0.0,230,0.16422,0.18219,052110600100,Sultan AbdulRahman College of H/Tech.,23050101,RESEARCH AND DEVELOPMENT,70722,SPECIALIZED MEDICAL SERVICES,33312100,WAMAKKO,04050124007403,Functional health facilities
Purchase of 2no Mikano at SACHTG,0.0,50000000.0,0.0,50000000.0,50000000.0,200000000.0,0.0,230,0.17239,0.19036,052110600100,Sultan AbdulRahman College of H/Tech.,23010119,PURCHASE OF POWER GENERATING SET,70722,SPECIALIZED MEDICAL SERVICES,33312100,WAMAKKO,04050124007503,Functional health facilities
Annual convication ceremony and printing of certificate,0.0,25000000.0,0.0,25000000.0,25000000.0,200000000.0,0.0,230,0.18137,0.19935,052110600100,Sultan AbdulRahman College of H/Tech.,23050101,RESEARCH AND DEVELOPMENT,70722,SPECIALIZED MEDICAL SERVICES,33312100,WAMAKKO,04050124007603,Functional health facilities
Procuremnet of tables and chairs for SASHTG,0.0,30000000.0,0.0,0.0,0.0,200000000.0,0.0,230,0.18954,0.20752,052110600100,Sultan AbdulRahman College of H/Tech.,23010112,PURCHASE OF OFFICE FURNITURE AND FITTINGS,70722,SPECIALIZED MEDICAL SERVICES,33312100,WAMAKKO,04050124007703,Functional health facilities
Purchase of tables and chairs for 2 storey Hostel under construction at SASHTG,0.0,52000000.0,0.0,0.0,0.0,0.0,0.0,230,0.19771,0.21569,052110600100,Sultan AbdulRahman College of H/Tech.,23010112,PURCHASE OF OFFICE FURNITURE AND FITTINGS,70722,SPECIALIZED MEDICAL SERVICES,33312100,WAMAKKO,04050124007803,Functional health facilities
Purchase of 6 no. official cars for principal officers of the Institution,0.0,0.0,0.0,290000000.0,290000000.0,290000000.0,0.0,230,0.20588,0.22386,052110600100,Sultan AbdulRahman College of H/Tech.,23010105,PURCHASE OF MOTOR VEHICLES,70722,SPECIALIZED MEDICAL SERVICES,33312100,WAMAKKO,04050126005203,Functional health facilities
Renovation of 14 no. staff flats,0.0,0.0,0.0,120000000.0,120000000.0,120000000.0,0.0,230,0.21405,0.23203,052110600100,Sultan AbdulRahman College of H/Tech.,23010112,PURCHASE OF OFFICE FURNITURE AND FITTINGS,70722,SPECIALIZED MEDICAL SERVICES,33312100,WAMAKKO,04050126005303,Functional health facilities
Construction of 1 no. 3 Classroom Block,0.0,0.0,0.0,180000000.0,180000000.0,180000000.0,0.0,230,0.22222,0.2402,052110600100,Sultan AbdulRahman College of H/Tech.,23020107,CONSTRUCTION / PROVISION OF PUBLIC SCHOOLS,70722,SPECIALIZED MEDICAL SERVICES,33312100,WAMAKKO,04050126005403,Functional health facilities
Purchase of 1 no. Toyota Coaster Bus for Students,0.0,0.0,0.0,85000000.0,85000000.0,85000000.0,0.0,230,0.23039,0.24837,052110600100,Sultan AbdulRahman College of H/Tech.,23010105,PURCHASE OF MOTOR VEHICLES,70722,SPECIALIZED MEDICAL SERVICES,33312100,WAMAKKO,04050126005503,Functional health facilities
Renovation of Community Health Department Simulation Centre,0.0,0.0,0.0,20000000.0,20000000.0,20000000.0,0.0,230,0.23856,0.25654,052110600100,Sultan AbdulRahman College of H/Tech.,23030105,REHABILITATION / REPAIRS - HOSPITAL / HEALTH CENTRES,70722,SPECIALIZED MEDICAL SERVICES,33312100,WAMAKKO,04050126005603,Functional health facilities
Construction of Basic Science Laboratory Complex,0.0,0.0,0.0,250000000.0,250000000.0,250000000.0,0.0,230,0.24673,0.26471,052110600100,Sultan AbdulRahman College of H/Tech.,23020106,CONSTRUCTION / PROVISION OF HOSPITALS / HEALTH CENTRES,70722,SPECIALIZED MEDICAL SERVICES,33312100,WAMAKKO,04050126005703,Functional health facilities
Renovation of Medical Laboratory and Pharmacy Technician Departments Laboratories,0.0,0.0,0.0,20000000.0,20000000.0,20000000.0,0.0,230,0.2549,0.27288,052110600100,Sultan AbdulRahman College of H/Tech.,23030105,REHABILITATION / REPAIRS - HOSPITAL / HEALTH CENTRES,70722,SPECIALIZED MEDICAL SERVICES,33312100,WAMAKKO,04050126005803,Functional health facilities
Purchase and installation of 40 units Solar Street Light,0.0,0.0,0.0,40000000.0,40000000.0,40000000.0,0.0,230,0.26307,0.28105,052110600100,Sultan AbdulRahman College of H/Tech.,23010119,PURCHASE OF POWER GENERATING SET,70722,SPECIALIZED MEDICAL SERVICES,33312100,WAMAKKO,04050126005903,Functional health facilities
Renovation of College Mosque at SACHTG,0.0,0.0,0.0,47000000.0,47000000.0,47000000.0,0.0,230,0.27124,0.28922,052110600100,Sultan AbdulRahman College of H/Tech.,23030128,REHABILITATION/REPAIRS OF RELIGIOUS BUILDING,70722,SPECIALIZED MEDICAL SERVICES,33312100,WAMAKKO,04050126006003,Functional health facilities
Procurement of 1 No. Toyota Ambulance to SACHT Gwadabawa,0.0,0.0,0.0,60000000.0,60000000.0,160000000.0,0.0,230,0.28023,0.2982,052110600100,Sultan AbdulRahman College of H/Tech.,23010106,PURCHASE OF VANS,70722,SPECIALIZED MEDICAL SERVICES,33312100,WAMAKKO,04050126006103,Functional health facilities
Construction of College Clinic at SACHTG Gwadabawa,0.0,0.0,0.0,60000000.0,60000000.0,60000000.0,0.0,230,0.2884,0.30637,052110600100,Sultan AbdulRahman College of H/Tech.,23020106,CONSTRUCTION / PROVISION OF HOSPITALS / HEALTH CENTRES,70722,SPECIALIZED MEDICAL SERVICES,33312100,WAMAKKO,04050126006203,Functional health facilities
Reclamation/Sand Dunes Fixation of about 100 Hectare of lands and rehabilitation of degraded land of about 300 Hectare at 3 senatorial district in the state,29000000.0,50000000.0,49777720.0,200000000.0,200000000.0,200000000.0,0.0,230,0.32925,0.34722,053500100100,Ministry of Environment,23040101,TREE PLANTING,70561,ENVIRONMENTAL PROTECTION N.E.C.,33342400,State Wide,09100124000100,Environmental Improvement - General
"Rehabilitation of degraded Land 120 Hecters at kalanjeni Tangaza L/G 50 Hecters, Kutufare Gudu L/G 40 Hecters, Kiri Gada L/G 30 Hecters.",42371000.0,50000000.0,49340000.0,0.0,0.0,0.0,0.0,230,0.33742,0.35539,053500100100,Ministry of Environment,23040101,TREE PLANTING,70561,ENVIRONMENTAL PROTECTION N.E.C.,33342400,State Wide,09100124000200,Environmental Improvement - General
"Rehabilitation of state Afforestation programme in Gwadabawa, Tambuwal, Randam & Barnawa nurseries across 3 zonal forestry offices in the state",0.0,50000000.0,0.0,140000000.0,140000000.0,140000000.0,0.0,230,0.34559,0.36356,053500100100,Ministry of Environment,23030121,REHABILITATION / REPAIRS OF OFFICE BUILDINGS,70561,ENVIRONMENTAL PROTECTION N.E.C.,33320700,GWADABAWA,09100124000300,Environmental Improvement - General
Rehabilitation of Tambuwal Zonal Forestry Office.,0.0,70000000.0,0.0,0.0,0.0,0.0,0.0,230,0.35376,0.37173,053500100100,Ministry of Environment,23030121,REHABILITATION / REPAIRS OF OFFICE BUILDINGS,70561,ENVIRONMENTAL PROTECTION N.E.C.,33331800,TAMBUWAL,09100124000400,Environmental Improvement - General
"Establishment of 150 hectares of land for plantation of Gum Arabic, Shear Butter and Tamarin and date palm across 3 senatorial district",16600000.0,50000000.0,42624000.0,80000000.0,80000000.0,80000000.0,0.0,230,0.36193,0.3799,053500100100,Ministry of Environment,23040101,TREE PLANTING,70561,ENVIRONMENTAL PROTECTION N.E.C.,33342400,State Wide,09100124000500,Environmental Improvement - General
Treatment/Prunning of Mistle toe at Sokoto Metropolis.,0.0,20000000.0,0.0,60000000.0,60000000.0,60000000.0,0.0,230,0.3701,0.38807,053500100100,Ministry of Environment,23040101,TREE PLANTING,70561,ENVIRONMENTAL PROTECTION N.E.C.,33342400,State Wide,09100124000600,Environmental Improvement - General
Purchase of 10 Units of Tippers for Refuse Evacuation Exercise.,0.0,325000000.0,325000000.0,10000000.0,200000000.0,200000000.0,0.0,230,0.37908,0.39706,053500100100,Ministry of Environment,23010107,PURCHASE OF TRUCKS,70561,ENVIRONMENTAL PROTECTION N.E.C.,33342400,State Wide,09100124000700,Environmental Improvement - General
"Purchase of Nursery equipments such as 2 million polypot, potting mixture, 50 no. watering horses for the production of 2 million assorted tree seedlings",23792000.0,30000000.0,0.0,150000000.0,150000000.0,150000000.0,0.0,230,0.38725,0.40523,053500100100,Ministry of Environment,23010127,PURCHASE OF AGRICULTURAL EQUIPMENT,70561,ENVIRONMENTAL PROTECTION N.E.C.,33342400,State Wide,09100124000900,Environmental Improvement - General
"Procurement of 10000Nos light waste handling bags and 100Nos refuse bins, and working materials",10000000.0,50000000.0,2880000.0,50000000.0,50000000.0,50000000.0,0.0,230,0.39542,0.4134,053500100100,Ministry of Environment,23040104,INDUSTRIAL POLLUTION PREVENTION & CONTROL,70561,ENVIRONMENTAL PROTECTION N.E.C.,33342400,State Wide,09100124001000,Environmental Improvement - General
"Upgrading of existing Forest Nurseries at Kandam, sokoto.",0.0,30000000.0,0.0,0.0,0.0,0.0,0.0,230,0.40359,0.42157,053500100100,Ministry of Environment,23040101,TREE PLANTING,70561,ENVIRONMENTAL PROTECTION N.E.C.,33322200,WURNO,09100124001100,Environmental Improvement - General
Upgrading of existing Forest Nursery at Barnawa Garden.,0.0,30000000.0,0.0,0.0,0.0,0.0,0.0,230,0.41176,0.42974,053500100100,Ministry of Environment,23040101,TREE PLANTING,70561,ENVIRONMENTAL PROTECTION N.E.C.,33331800,TAMBUWAL,09100124001200,Environmental Improvement - General
Production of 2 Million Assorted Tree Seedlings.,143572500.0,50000000.0,49631840.0,0.0,0.0,0.0,0.0,230,0.41993,0.43791,053500100100,Ministry of Environment,23040101,TREE PLANTING,70561,ENVIRONMENTAL PROTECTION N.E.C.,33342400,State Wide,09100124001300,Environmental Improvement - General
Purchase of 2No. Tractors with complete implements,0.0,120000000.0,0.0,60000000.0,120000000.0,120000000.0,0.0,230,0.4281,0.44608,053500100100,Ministry of Environment,23010107,PURCHASE OF TRUCKS,70561,ENVIRONMENTAL PROTECTION N.E.C.,33342400,State Wide,09100124001400,Environmental Improvement - General
Purchase of 10Nos Biomas Briquette machines and its Accessories and 5000 clean cookstoves/cylinders as alternative sources of energy,0.0,50000000.0,0.0,50000000.0,50000000.0,50000000.0,0.0,230,0.43627,0.45425,053500100100,Ministry of Environment,23040101,TREE PLANTING,70561,ENVIRONMENTAL PROTECTION N.E.C.,33342400,State Wide,09100124001500,Environmental Improvement - General
"Purchase of 4Nos Knapsack Sprays ,5Nos Fogging Machines, 5Nos Motorised Fumigation and its Chemicals.",0.0,40000000.0,0.0,40000000.0,40000000.0,40000000.0,0.0,230,0.44444,0.46242,053500100100,Ministry of Environment,23010127,PURCHASE OF AGRICULTURAL EQUIPMENT,70561,ENVIRONMENTAL PROTECTION N.E.C.,33342400,State Wide,09100124001600,Environmental Improvement - General
"Establishment of Roadside/Plantation at Newly constructed Housing Estates & Roads at Kalambaina, wajake housing estate, and S/Gari Wamakko L/G area.",0.0,30000000.0,0.0,0.0,0.0,0.0,0.0,230,0.45261,0.47059,053500100100,Ministry of Environment,23040101,TREE PLANTING,70561,ENVIRONMENTAL PROTECTION N.E.C.,33342400,State Wide,09100124001700,Environmental Improvement - General
"Provision of 5,000 Clean Cook Stoves/Cylinders as Alternative Sources of Energy.",0.0,50000000.0,17579000.0,0.0,0.0,0.0,0.0,230,0.46078,0.47876,053500100100,Ministry of Environment,23010120,PURCHASE OFCANTEEN / KITCHEN EQUIPMENT,70561,ENVIRONMENTAL PROTECTION N.E.C.,33342400,State Wide,09100124001800,Environmental Improvement - General
Fencing and Upgrading of Kainuwa Nursery in Gwadabawa and Construction of Nursery Office,0.0,50000000.0,0.0,0.0,0.0,0.0,0.0,230,0.46895,0.48693,053500100100,Ministry of Environment,23040102,EROSION & FLOOD CONTROL,70561,ENVIRONMENTAL PROTECTION N.E.C.,33320700,GWADABAWA,09100124001900,Environmental Improvement - General
Flood Control through Construction of earth dam/stormwater management works across the State.,0.0,100000000.0,0.0,400000000.0,500000000.0,500000000.0,0.0,230,0.47712,0.4951,053500100100,Ministry of Environment,23040102,EROSION & FLOOD CONTROL,70561,ENVIRONMENTAL PROTECTION N.E.C.,33342400,State Wide,09100124002000,Environmental Improvement - General
"Construction of drainage at wamakko, Madan karo junction to Salami junction, construction of 2 culverts at gidan gabas, gidan bahure, storm water management works at Arkilla along yar Abba road.",0.0,100000000.0,34789941.82,0.0,0.0,0.0,0.0,230,0.48611,0.50408,053500100100,Ministry of Environment,23040102,EROSION & FLOOD CONTROL,70561,ENVIRONMENTAL PROTECTION N.E.C.,33342400,State Wide,09100124002100,Environmental Improvement - General
"Construction of each 500m water retaining wall at makuwana and S/birni town area,",0.0,50000000.0,0.0,0.0,0.0,0.0,0.0,230,0.49428,0.51225,053500100100,Ministry of Environment,23040102,EROSION & FLOOD CONTROL,70561,ENVIRONMENTAL PROTECTION N.E.C.,33342400,State Wide,09100124002200,Environmental Improvement - General
Flood control through Construction of drainages/culverts across the state.,0.0,50000000.0,0.0,300000000.0,300000000.0,300000000.0,0.0,230,0.50245,0.52042,053500100100,Ministry of Environment,23040102,EROSION & FLOOD CONTROL,70561,ENVIRONMENTAL PROTECTION N.E.C.,33342400,State Wide,09100124002300,Environmental Improvement - General
"Flood protection through construction of drainages at rumbukawa, kofar kware, gagi, minanata, Nakasarin ardo, mana babba and sabaru",0.0,50000000.0,0.0,0.0,0.0,0.0,0.0,230,0.51062,0.52859,053500100100,Ministry of Environment,23040102,EROSION & FLOOD CONTROL,70561,ENVIRONMENTAL PROTECTION N.E.C.,33342400,State Wide,09100124002400,Environmental Improvement - General
Establishment of Orchards and Gardens in Secondary/Tertiary Institutions in the State.,0.0,40000000.0,0.0,200000000.0,200000000.0,200000000.0,0.0,230,0.51879,0.53676,053500100100,Ministry of Environment,23040101,TREE PLANTING,70561,ENVIRONMENTAL PROTECTION N.E.C.,33342400,State Wide,09100124002500,Environmental Improvement - General
"Flood protection through construction of drainages at Tudun Wada, imamu malik jumu'at mosque minananta, mabera idi ground resident, shuni road and bado area.",0.0,200000000.0,0.0,0.0,0.0,0.0,0.0,230,0.52696,0.54493,053500100100,Ministry of Environment,23040102,EROSION & FLOOD CONTROL,70561,ENVIRONMENTAL PROTECTION N.E.C.,33342400,State Wide,09100124002600,Environmental Improvement - General
"Renovation of underground iron cell pipes at Tudun wada, behind SARDA office, and Ali Akilu",0.0,70000000.0,69646548.37,500000000.0,500000000.0,500000000.0,0.0,230,0.53513,0.5531,053500100100,Ministry of Environment,23040102,EROSION & FLOOD CONTROL,70561,ENVIRONMENTAL PROTECTION N.E.C.,33331000,KEBBE,09100124002700,Environmental Improvement - General
Construction of drainages and Stone pitching (Gully Erosion control across the state),0.0,20000000.0,0.0,300000000.0,300000000.0,300000000.0,0.0,230,0.5433,0.56127,053500100100,Ministry of Environment,23040102,EROSION & FLOOD CONTROL,70561,ENVIRONMENTAL PROTECTION N.E.C.,33342400,State Wide,09100124002800,Environmental Improvement - General
Nigeria Erosion and Watershed Management Project (counterpart),0.0,500000000.0,0.0,400000000.0,400000000.0,400000000.0,0.0,230,0.55147,0.56944,053500100100,Ministry of Environment,23040104,INDUSTRIAL POLLUTION PREVENTION & CONTROL,70561,ENVIRONMENTAL PROTECTION N.E.C.,33342400,State Wide,09100124002900,Environmental Improvement - General
Procurement of 2Nos recycling machines,44995011.5,130000000.0,0.0,0.0,0.0,0.0,0.0,230,0.55964,0.57761,053500100100,Ministry of Environment,23040104,INDUSTRIAL POLLUTION PREVENTION & CONTROL,70561,ENVIRONMENTAL PROTECTION N.E.C.,33342400,State Wide,09100124003000,Environmental Improvement - General
Evacuation of solid waste across the Sokoto metropolis,10850000.0,100000000.0,0.0,0.0,0.0,0.0,0.0,230,0.56781,0.58578,053500100100,Ministry of Environment,23040104,INDUSTRIAL POLLUTION PREVENTION & CONTROL,70561,ENVIRONMENTAL PROTECTION N.E.C.,33342400,State Wide,09100124003100,Environmental Improvement - General
Procurement of 10Nos Air quality monitoring equipment and 20Nos of Noise metre.,0.0,50000000.0,0.0,150000000.0,150000000.0,150000000.0,0.0,230,0.5768,0.59477,053500100100,Ministry of Environment,23010122,PURCHASE OF HEALTH / MEDICAL EQUIPMENT,70561,ENVIRONMENTAL PROTECTION N.E.C.,33342400,State Wide,09100124003200,Environmental Improvement - General
Provision for recycling plant at Kwannawa,0.0,5000000.0,0.0,0.0,0.0,0.0,0.0,230,0.58497,0.60294,053500100100,Ministry of Environment,23040104,INDUSTRIAL POLLUTION PREVENTION & CONTROL,70561,ENVIRONMENTAL PROTECTION N.E.C.,33311600,SOKOTO NORTH,09100124003400,Environmental Improvement - General
Provision for recycling plant at Tambuwal,0.0,5000000.0,0.0,0.0,0.0,0.0,0.0,230,0.59314,0.61111,053500100100,Ministry of Environment,23040104,INDUSTRIAL POLLUTION PREVENTION & CONTROL,70561,ENVIRONMENTAL PROTECTION N.E.C.,33331800,TAMBUWAL,09100124003500,Environmental Improvement - General
Procurement of software of Enironmental Impact Assessment on all projects both public and private.,0.0,650000000.0,0.0,50000000.0,50000000.0,50000000.0,0.0,230,0.60131,0.61928,053500100100,Ministry of Environment,23010105,PURCHASE OF MOTOR VEHICLES,70561,ENVIRONMENTAL PROTECTION N.E.C.,33342400,State Wide,09100124003600,Environmental Improvement - General
Evacuation of Sewage and Waste Materials in major drainages in Sokoto Metropolis.,0.0,50000000.0,26840000.0,0.0,0.0,0.0,0.0,230,0.60948,0.62745,053500100100,Ministry of Environment,23040104,INDUSTRIAL POLLUTION PREVENTION & CONTROL,70561,ENVIRONMENTAL PROTECTION N.E.C.,33342400,State Wide,09100124003800,Environmental Improvement - General
Purchase of 200Nos sets of protective clothes for pollution control.,0.0,40000000.0,0.0,0.0,0.0,0.0,0.0,230,0.61765,0.63562,053500100100,Ministry of Environment,23010122,PURCHASE OF HEALTH / MEDICAL EQUIPMENT,70561,ENVIRONMENTAL PROTECTION N.E.C.,33342400,State Wide,09100124003900,Environmental Improvement - General
Construction of 12Nos Modern Refuse Bunkers in sokoto metropolis.,0.0,75000000.0,0.0,175000000.0,75000000.0,75000000.0,0.0,230,0.62582,0.64379,053500100100,Ministry of Environment,23020118,CONSTRUCTION / PROVISION OF INFRASTRUCTURE,70561,ENVIRONMENTAL PROTECTION N.E.C.,33342400,State Wide,09100124004000,Environmental Improvement - General
Purchase of 5no Tricycle/light vehicles for refuse evacuation,0.0,10000000.0,0.0,70000000.0,500000000.0,1000000000.0,0.0,230,0.63399,0.65196,053500100100,Ministry of Environment,23040104,INDUSTRIAL POLLUTION PREVENTION & CONTROL,70561,ENVIRONMENTAL PROTECTION N.E.C.,33342400,State Wide,09100124004100,Environmental Improvement - General
Purchase of (30No) kasea Motorcycles for Forestry Guards and forestry Extension Services in the state.,0.0,15000000.0,0.0,15000000.0,15000000.0,15000000.0,0.0,230,0.64216,0.66013,053500100100,Ministry of Environment,23010104,PURCHASE MOTOR CYCLES,70561,ENVIRONMENTAL PROTECTION N.E.C.,33342400,State Wide,09100124004200,Environmental Improvement - General
Establishment of 500 Hectares of plantation of indigenous species across 23 LGAs in the state,0.0,40000000.0,0.0,40000000.0,40000000.0,40000000.0,0.0,230,0.65033,0.6683,053500100100,Ministry of Environment,23040101,TREE PLANTING,70561,ENVIRONMENTAL PROTECTION N.E.C.,33342400,State Wide,09100124004300,Environmental Improvement - General
"Enforcement of relevant Environmental Sanitation Policies Laws, Edicts related issues and enactments of the new policy & guidelines for the Ministry/Mobile Court.",0.0,20000000.0,0.0,20000000.0,20000000.0,20000000.0,0.0,230,0.6585,0.67647,053500100100,Ministry of Environment,23040104,INDUSTRIAL POLLUTION PREVENTION & CONTROL,70561,ENVIRONMENTAL PROTECTION N.E.C.,33342400,State Wide,09100124004400,Environmental Improvement - General
Redemacation/Enrichement planting of atleast 10 Nos forest reserve boundries across the state.,0.0,30000000.0,0.0,30000000.0,30000000.0,30000000.0,0.0,230,0.66667,0.68464,053500100100,Ministry of Environment,23040101,TREE PLANTING,70561,ENVIRONMENTAL PROTECTION N.E.C.,33342400,State Wide,09100124004500,Environmental Improvement - General
Projects and Programmes under UNSDF Delivery as One.,0.0,48870000.0,38584820.93,48870000.0,48870000.0,48870000.0,0.0,230,0.67484,0.69281,053500100100,Ministry of Environment,23040104,INDUSTRIAL POLLUTION PREVENTION & CONTROL,70561,ENVIRONMENTAL PROTECTION N.E.C.,33342400,State Wide,09100124004600,Environmental Improvement - General
Watershed Management Works in the State.,0.0,30000000.0,0.0,30000000.0,30000000.0,30000000.0,0.0,230,0.68382,0.7018,053500100100,Ministry of Environment,23040101,TREE PLANTING,70561,ENVIRONMENTAL PROTECTION N.E.C.,33342400,State Wide,09100124004700,Environmental Improvement - General
Rehabilitation of drainages in the local government areas and Sokoto metropolis.,0.0,100000000.0,100000000.0,100000000.0,100000000.0,100000000.0,0.0,230,0.69199,0.70997,053500100100,Ministry of Environment,23040102,EROSION & FLOOD CONTROL,70561,ENVIRONMENTAL PROTECTION N.E.C.,33342400,State Wide,09100124004800,Environmental Improvement - General
Desilting of drainages at the local government areas and Sokoto metropolis,0.0,50000000.0,41341889.81,50000000.0,50000000.0,50000000.0,0.0,230,0.70016,0.71814,053500100100,Ministry of Environment,23040102,EROSION & FLOOD CONTROL,70561,ENVIRONMENTAL PROTECTION N.E.C.,33342400,State Wide,09100124004900,Environmental Improvement - General
"Production of 500,000 indigenous species of trees.",0.0,55000000.0,55000000.0,0.0,0.0,0.0,0.0,230,0.70833,0.72631,053500100100,Ministry of Environment,23040101,TREE PLANTING,70561,ENVIRONMENTAL PROTECTION N.E.C.,33342400,State Wide,09100124005000,Environmental Improvement - General
"Establishment of 30km road side plantation, amenity plantation and urban forestry within Sokoto metropolis and 3 senatorial districts in the state",0.0,45000000.0,44350000.0,100000000.0,100000000.0,100000000.0,0.0,230,0.7165,0.73448,053500100100,Ministry of Environment,23040101,TREE PLANTING,70561,ENVIRONMENTAL PROTECTION N.E.C.,33342400,State Wide,09100124005100,Environmental Improvement - General
"Renovation of sokoto state afforestation programme office, and repair of one borehole at Head-quarters.",0.0,70000000.0,0.0,0.0,0.0,0.0,0.0,230,0.72467,0.74265,053500100100,Ministry of Environment,23030121,REHABILITATION / REPAIRS OF OFFICE BUILDINGS,70561,ENVIRONMENTAL PROTECTION N.E.C.,33342400,State Wide,09100124005200,Environmental Improvement - General
Construction of dams and canels under ACRESAL Project,0.0,8967000000.0,4399964150.63,9000000000.0,7000000000.0,8000000000.0,0.0,230,0.73284,0.75082,053500100100,Ministry of Environment,23020116,CONSTRUCTION / PROVISION OF WATER-WAYS,70561,ENVIRONMENTAL PROTECTION N.E.C.,33342400,State Wide,09100124005300,Environmental Improvement - General
Procurement of goods under ACRESAL Projects,0.0,1500000000.0,0.0,0.0,1000000000.0,1500000000.0,0.0,230,0.74101,0.75899,053500100100,Ministry of Environment,23050101,RESEARCH AND DEVELOPMENT,70561,ENVIRONMENTAL PROTECTION N.E.C.,33342400,State Wide,09100124005400,Environmental Improvement - General
"Procruement of 15 no. Bajaj motorcycles, 10 no. Kasea motorcycles and 5 no. Daylong motorcycles (ACRESAL)",0.0,0.0,0.0,300000000.0,300000000.0,300000000.0,0.0,230,0.74918,0.76716,053500100100,Ministry of Environment,23010104,PURCHASE MOTOR CYCLES,70561,ENVIRONMENTAL PROTECTION N.E.C.,33342400,State Wide,09100126000100,Environmental Improvement - General
"Procurement of 5 no. of 15kva Mikano generator, 15 no. LG refridgerator, 5 no. thermacool airconditioner 2Hp, 10 no. of LG airconditioner 2Hp (ACRESAL)",0.0,0.0,0.0,1000000000.0,1000000000.0,1000000000.0,0.0,230,0.75735,0.77533,053500100100,Ministry of Environment,23010105,PURCHASE OF MOTOR VEHICLES,70561,ENVIRONMENTAL PROTECTION N.E.C.,33342400,State Wide,09100126000200,Environmental Improvement - General
Procurement of 23 sets of executive tables and chairs (ACRESAL),0.0,0.0,0.0,200000000.0,200000000.0,200000000.0,0.0,230,0.76552,0.7835,053500100100,Ministry of Environment,23010112,PURCHASE OF OFFICE FURNITURE AND FITTINGS,70561,ENVIRONMENTAL PROTECTION N.E.C.,33342400,State Wide,09100126000300,Environmental Improvement - General
Collection of 23LGA data on Ecological site in Sokoto Metropolis,0.0,0.0,0.0,100000000.0,100000000.0,100000000.0,0.0,230,0.77369,0.79167,053500100100,Ministry of Environment,23050101,RESEARCH AND DEVELOPMENT,70561,ENVIRONMENTAL PROTECTION N.E.C.,33342400,State Wide,09100126000400,Environmental Improvement - General
Procurement of Payloader for refuse evacuation,0.0,0.0,0.0,290000000.0,0.0,300000000.0,0.0,230,0.78268,0.80065,053500100100,Ministry of Environment,23040104,INDUSTRIAL POLLUTION PREVENTION & CONTROL,70561,ENVIRONMENTAL PROTECTION N.E.C.,33342400,State Wide,09100125005500,Environmental Improvement - General
Establishment of Eco-clubs across Secondary Schools,0.0,0.0,0.0,0.0,200000000.0,200000000.0,0.0,230,0.79085,0.80882,053500100100,Ministry of Environment,23050101,RESEARCH AND DEVELOPMENT,70561,ENVIRONMENTAL PROTECTION N.E.C.,33342400,State Wide,09100126000500,Environmental Improvement - General
Sensitization General in Climate change impact,0.0,0.0,0.0,0.0,60000000.0,50000000.0,0.0,230,0.79902,0.81699,053500100100,Ministry of Environment,23050101,RESEARCH AND DEVELOPMENT,70561,ENVIRONMENTAL PROTECTION N.E.C.,33342400,State Wide,09100126000600,Environmental Improvement - General
Rehabilitation of Round About across the State,0.0,0.0,0.0,200000000.0,200000000.0,200000000.0,0.0,230,0.83987,0.85784,053500200100,Parks and Gardens Agency,23030113,REHABILITATION / REPAIRS - ROADS,70473,TOURISM,33342400,State Wide,13100124000100,Reform of Government and Governance - General
Purchase of 2 No. Water Tankers for Watering Flowers,228412416.04,190000000.0,0.0,300000000.0,190000000.0,190000000.0,0.0,230,0.84804,0.86601,053500200100,Parks and Gardens Agency,23010105,PURCHASE OF MOTOR VEHICLES,70473,TOURISM,33342400,State Wide,13100124000200,Reform of Government and Governance - General
"Landscaping of some strategic areas within the Sokoto metropolis such as Forces Avenue road, Lodge Road and Garba Duba Road etc.",0.0,10000000.0,0.0,190000000.0,50000000.0,500000000.0,0.0,230,0.85621,0.87418,053500200100,Parks and Gardens Agency,23040102,EROSION & FLOOD CONTROL,70473,TOURISM,33342400,State Wide,13100124000300,Reform of Government and Governance - General
Purchase of improved trees seedlings to Communities,0.0,5000000.0,0.0,50000000.0,50000000.0,50000000.0,0.0,230,0.86438,0.88235,053500200100,Parks and Gardens Agency,23040101,TREE PLANTING,70473,TOURISM,33342400,State Wide,13100124000400,Reform of Government and Governance - General
Rehabilitation of Sokoto State Orchards,31089712.5,50000000.0,0.0,50000000.0,50000000.0,50000000.0,0.0,230,0.87255,0.89052,053500200100,Parks and Gardens Agency,23030124,REHABILITATION/REPAIRS- MARKETS/PARKS,70473,TOURISM,33342400,State Wide,13100124000500,Reform of Government and Governance - General
Construction of Proposed Sokoto Zoo Kalambaina,0.0,19531000.0,0.0,20000000.0,20000000.0,20000000.0,0.0,230,0.88154,0.89951,053500200100,Parks and Gardens Agency,23020119,CONSTRUCTION / PROVISION OF RECREATIONAL FACILITIES,70473,TOURISM,33312100,WAMAKKO,13100124000600,Reform of Government and Governance - General
"Construction of Parks, Gardens, and Recreation centres in the State through Public Private Partnership",0.0,5000000.0,0.0,5000000.0,5000000.0,5000000.0,0.0,230,0.88971,0.90768,053500200100,Parks and Gardens Agency,23020119,CONSTRUCTION / PROVISION OF RECREATIONAL FACILITIES,70473,TOURISM,33342400,State Wide,13100124000700,Reform of Government and Governance - General
Provision and Installation of Integrated Solar Streetlight across the State,2575787374.55,4000000000.0,1077127308.12,2200000000.0,3000000000.0,3000000000.0,0.0,230,0.89788,0.91585,053500200100,Parks and Gardens Agency,23020123,CONSTRUCTION OF TRAFFIC /STREET LIGHTS,70473,TOURISM,33342400,State Wide,13100124000800,Reform of Government and Governance - General
Rehabilitation of Kalambaina Amusement Park,0.0,450000000.0,0.0,600000000.0,450000000.0,450000000.0,0.0,231,0.09069,0.10866,053500200100,Parks and Gardens Agency,23030124,REHABILITATION/REPAIRS- MARKETS/PARKS,70473,TOURISM,33342400,State Wide,13100124000900,Reform of Government and Governance - General
Purchase of 10 No. Motorcycles for supervision,0.0,4000000.0,0.0,150000000.0,150000000.0,150000000.0,0.0,231,0.09886,0.11683,053500200100,Parks and Gardens Agency,23010104,PURCHASE MOTOR CYCLES,70473,TOURISM,33342400,State Wide,13100124001000,Reform of Government and Governance - General
Rehabilitation of Integrated Solar Streetlight across the State,0.0,50000000.0,49920000.0,100000000.0,720000000.0,1000000000.0,0.0,231,0.10703,0.125,053500200100,Parks and Gardens Agency,23030123,REHABILITATION/REPAIRS- TRAFFIC /STREET LIGHTS,70473,TOURISM,33342400,State Wide,13100124001200,Reform of Government and Governance - General
"Provision of assorted beautification trees, flowers, wooden Bars etc.",0.0,100000000.0,89447000.0,200000000.0,100000000.0,100000000.0,0.0,231,0.1152,0.13317,053500200100,Parks and Gardens Agency,23040101,TREE PLANTING,70473,TOURISM,33342400,State Wide,13100124001300,Reform of Government and Governance - General
"Procurement of 350 tons of cement, 680 bundles of roofing sheet, 38,000 pieces of woods, 13,800 sack",0.0,70000000.0,0.0,280000000.0,280000000.0,280000000.0,0.0,231,0.15605,0.17402,055100100100,Ministry for Local Government and Chieftancy,23010129,PURCHASE OF INDUSTRIAL EQUIPMENT 70621 - COMMUNITY DEVELOPMENT,,"s of nails, 7,000 pieces of ceiling sheets and 5,916 packet 0f roofing nails for community self-help projects across the state.",33342400,State Wide,06100122000100,Housing and Urban Development - General
"Procurement and distribution of 67set (1005 pieces) sporting jerseys to supporting activities such as Lange, Dambe, and Kokawa across the state",0.0,8000000.0,0.0,15000000.0,15000000.0,15000000.0,0.0,231,0.16422,0.18219,055100100100,Ministry for Local Government and Chieftancy,23010126,PURCHASE OF SPORTING / GAMING EQUIPMENT,70621,COMMUNITY DEVELOPMENT,33342400,State Wide,06100122000200,Housing and Urban Development - General
"Renovation of 4No Zonal Offices at Gwadabawa, Isa, Sokoto, North and Shagari Local Government",0.0,50000000.0,0.0,150000000.0,150000000.0,150000000.0,0.0,231,0.17239,0.19036,055100100100,Ministry for Local Government and Chieftancy,23030121,REHABILITATION / REPAIRS OF OFFICE BUILDINGS,70621,COMMUNITY DEVELOPMENT,33342400,State Wide,06100122000300,Housing and Urban Development - General
Purchase of 10 No HP Laptop computer{Elite book} 2024 model intel core.,0.0,5000000.0,0.0,7000000.0,7000000.0,7000000.0,0.0,231,0.18137,0.19935,055100100100,Ministry for Local Government and Chieftancy,23010113,PURCHASE OF COMPUTERS,70621,COMMUNITY DEVELOPMENT,33342400,State Wide,06100122000400,Housing and Urban Development - General
Procurement of 3 No. Toyota Hilux 2020 Model for zonal offices and Head Quarters,0.0,0.0,0.0,0.0,40000000.0,40000000.0,0.0,231,0.18954,0.20752,055100100100,Ministry for Local Government and Chieftancy,23010105,PURCHASE OF MOTOR VEHICLES,70621,COMMUNITY DEVELOPMENT,33342400,State Wide,06100122000500,Housing and Urban Development - General
Procurement of 10No Motorcycles Kasea 2 each at the 4 Zonal Offices and 2 at headquarters,0.0,0.0,0.0,13500000.0,13500000.0,13500000.0,0.0,231,0.19771,0.21569,055100100100,Ministry for Local Government and Chieftancy,23010104,PURCHASE MOTOR CYCLES,70621,COMMUNITY DEVELOPMENT,33342400,State Wide,06100122000600,Housing and Urban Development - General
Procurement of trade fair exhibition stand (Pavillion),0.0,5000000.0,0.0,10000000.0,10000000.0,10000000.0,0.0,231,0.20588,0.22386,055100100100,Ministry for Local Government and Chieftancy,23050101,RESEARCH AND DEVELOPMENT,70621,COMMUNITY DEVELOPMENT,33342400,State Wide,06100122000700,Housing and Urban Development - General
Rehabilitation of existing women center across the 23 Local Government,0.0,45000000.0,0.0,120000000.0,500000000.0,120000000.0,0.0,231,0.21405,0.23203,055100100100,Ministry for Local Government and Chieftancy,23030121,REHABILITATION / REPAIRS OF OFFICE BUILDINGS,70621,COMMUNITY DEVELOPMENT,33342400,State Wide,06100122000800,Housing and Urban Development - General
Counterpart funding Support for Donors and NGOs medical outreaches,0.0,30000000.0,0.0,30000000.0,30000000.0,30000000.0,0.0,231,0.22222,0.2402,055100100100,Ministry for Local Government and Chieftancy,23050103,MONITORING AND EVALUATION,70621,COMMUNITY DEVELOPMENT,33342400,State Wide,06100122000900,Housing and Urban Development - General
Procurement of 2No Toyota Hilux 2023 model for monitoring department for inspection of 23 Local Governments.,0.0,0.0,0.0,0.0,260000000.0,260000000.0,0.0,231,0.23039,0.24837,055100100100,Ministry for Local Government and Chieftancy,23010105,PURCHASE OF MOTOR VEHICLES,70621,COMMUNITY DEVELOPMENT,33342400,State Wide,06100126004500,Housing and Urban Development - General
Total Renovation of Secretariat (Local Government Secretariat) at Usman Faruk Secretariat,0.0,0.0,0.0,100000000.0,100000000.0,100000000.0,0.0,231,0.23856,0.25654,055100100100,Ministry for Local Government and Chieftancy,23030121,REHABILITATION / REPAIRS OF OFFICE BUILDINGS,70621,COMMUNITY DEVELOPMENT,33342400,State Wide,06100126004600,Housing and Urban Development - General
Procurement of 2No 2023 Toyota Hilux for Zonal Offices and Headquarter of Planning Department under Engineering unit.,0.0,0.0,0.0,0.0,260000000.0,260000000.0,0.0,231,0.24673,0.26471,055100100100,Ministry for Local Government and Chieftancy,23010105,PURCHASE OF MOTOR VEHICLES,70621,COMMUNITY DEVELOPMENT,33342400,State Wide,06100126004700,Housing and Urban Development - General
"Rehabilitation of zonal planning unit and zonal engineering office at Sokoto North, Gwadawa, Isa and Shagari Zonal offices to supervise 23 local government areas.",0.0,0.0,0.0,124944632.0,124944632.0,124944632.0,0.0,231,0.2549,0.27288,055100100100,Ministry for Local Government and Chieftancy,23030121,REHABILITATION / REPAIRS OF OFFICE BUILDINGS,70621,COMMUNITY DEVELOPMENT,33342400,State Wide,06100126004800,Housing and Urban Development - General
Procurement of 1No 2023 of Toyota Hilux at Finance Department of the Ministry for local government.,0.0,0.0,0.0,0.0,130000000.0,130000000.0,0.0,231,0.26307,0.28105,055100100100,Ministry for Local Government and Chieftancy,23010105,PURCHASE OF MOTOR VEHICLES,70621,COMMUNITY DEVELOPMENT,33342400,State Wide,06100126004900,Housing and Urban Development - General
Procurement of 1No 2018 Toyota Avensis Motor at budget unit.,0.0,0.0,0.0,0.0,10000000.0,10000000.0,0.0,231,0.27124,0.28922,055100100100,Ministry for Local Government and Chieftancy,23010105,PURCHASE OF MOTOR VEHICLES,70621,COMMUNITY DEVELOPMENT,33342400,State Wide,06100126005000,Housing and Urban Development - General
Purchase of office tables and chairs for Headquarter,0.0,60000000.0,0.0,30000000.0,80000000.0,80000000.0,0.0,231,0.31291,0.33088,055600100100,Ministry of Humanitarian Affairs & Social Welfare,23010112,PURCHASE OF OFFICE FURNITURE AND FITTINGS,71091,SOCIAL PROTECTION N.E.C.,33342400,State Wide,23070325000100,Humanitarian Logistics and Coordination
"Purchase of emergency relief materials such as matresses, blankets, buckets, utensils for Quick response assistance to victims of flood disaster",0.0,900000000.0,89845000.0,800000000.0,900000000.0,900000000.0,0.0,231,0.32108,0.33905,055600100100,Ministry of Humanitarian Affairs & Social Welfare,23010139,PURCHASE OF POVERTY AND EMERGENCY RELIEF MATERIALS,71091,SOCIAL PROTECTION N.E.C.,33342400,State Wide,23070325000200,Humanitarian Logistics and Coordination
"Purchase of 3 Hp computers, 3 no. Scanners, 4 no. printers etc for the Ministry",0.0,15000000.0,0.0,20000000.0,30000000.0,30000000.0,0.0,231,0.32925,0.34722,055600100100,Ministry of Humanitarian Affairs & Social Welfare,23010113,PURCHASE OF COMPUTERS,71091,SOCIAL PROTECTION N.E.C.,33342400,State Wide,23070325000300,Humanitarian Logistics and Coordination
Construction of 2nos additional blocks of class rooms at social welfare institutions,0.0,250000000.0,0.0,150000000.0,150000000.0,150000000.0,0.0,231,0.33742,0.35539,055600100100,Ministry of Humanitarian Affairs & Social Welfare,23020107,CONSTRUCTION / PROVISION OF PUBLIC SCHOOLS,71091,SOCIAL PROTECTION N.E.C.,33342400,State Wide,23070325000400,Humanitarian Logistics and Coordination
Renovation of Office Building at the Ministry,0.0,30000000.0,0.0,20000000.0,50000000.0,50000000.0,0.0,231,0.34559,0.36356,055600100100,Ministry of Humanitarian Affairs & Social Welfare,23030121,REHABILITATION / REPAIRS OF OFFICE BUILDINGS,71091,SOCIAL PROTECTION N.E.C.,33342400,State Wide,23070325000500,Humanitarian Logistics and Coordination
Domestication of policies and strategic roadmap for the Ministry,0.0,80000000.0,0.0,0.0,0.0,0.0,0.0,231,0.35376,0.37173,055600100100,Ministry of Humanitarian Affairs & Social Welfare,23050101,RESEARCH AND DEVELOPMENT,71091,SOCIAL PROTECTION N.E.C.,33342400,State Wide,23070325000600,Humanitarian Logistics and Coordination
Evacuation of Mentally Retarded Persons in the State,0.0,50000000.0,0.0,30000000.0,0.0,0.0,0.0,231,0.36193,0.3799,055600100100,Ministry of Humanitarian Affairs & Social Welfare,23050109,POVERTY REDUCTION PROGRAMME AND PROJECTS,71091,SOCIAL PROTECTION N.E.C.,33342400,State Wide,23070325000700,Humanitarian Logistics and Coordination
Renovation of Rehabilitation Centre at Sultan Ibrahim Dasuki Road Sokoto,0.0,45000000.0,0.0,0.0,0.0,0.0,0.0,231,0.3701,0.38807,055600100100,Ministry of Humanitarian Affairs & Social Welfare,23030121,REHABILITATION / REPAIRS OF OFFICE BUILDINGS,71091,SOCIAL PROTECTION N.E.C.,33342400,State Wide,23070325000800,Humanitarian Logistics and Coordination
Construction of additional structure at Orphanage Home at Lodge Rd Sokoto,0.0,75000000.0,39877620.0,364911200.0,0.0,0.0,0.0,231,0.37908,0.39706,055600100100,Ministry of Humanitarian Affairs & Social Welfare,23020102,CONSTRUCTION / PROVISION OF RESIDENTIAL BUILDINGS,71091,SOCIAL PROTECTION N.E.C.,33342400,State Wide,23070325000900,Humanitarian Logistics and Coordination
Rehabilitation of existing structure at Children's Home at Lodge Rd Sokoto,0.0,111400000.0,0.0,0.0,0.0,0.0,0.0,231,0.38725,0.40523,055600100100,Ministry of Humanitarian Affairs & Social Welfare,23030101,REHABILITATION / REPAIRS OF RESIDENTIAL BUILDING,71091,SOCIAL PROTECTION N.E.C.,33342400,State Wide,23070325001000,Humanitarian Logistics and Coordination
Rehabilitation of existing structure of blind people at remand home (BLIND CENTRE),0.0,80000000.0,70000000.0,30000000.0,30000000.0,30000000.0,0.0,231,0.39542,0.4134,055600100100,Ministry of Humanitarian Affairs & Social Welfare,23030101,REHABILITATION / REPAIRS OF RESIDENTIAL BUILDING,71091,SOCIAL PROTECTION N.E.C.,33342400,State Wide,23070325001100,Humanitarian Logistics and Coordination
Rehabilitation of Area Offices and School Services Unit at Katsina Road Sokoto,0.0,30000000.0,0.0,40000000.0,40000000.0,40000000.0,0.0,231,0.40359,0.42157,055600100100,Ministry of Humanitarian Affairs & Social Welfare,23030121,REHABILITATION / REPAIRS OF OFFICE BUILDINGS,71091,SOCIAL PROTECTION N.E.C.,33342400,State Wide,23070325001200,Humanitarian Logistics and Coordination
Purchase of residential 150 no. cushions for vulnerable couples,0.0,80000000.0,0.0,130000000.0,150000000.0,150000000.0,0.0,231,0.41176,0.42974,055600100100,Ministry of Humanitarian Affairs & Social Welfare,23010121,PURCHASE OF RESIDENTIAL FURNITURE,71091,SOCIAL PROTECTION N.E.C.,33342400,State Wide,23070325001300,Humanitarian Logistics and Coordination
"Purchase of 20 no tables and chairs for 4nos workshop at Rehabilitation centre, Sultan Ibrahim Dasuki Road Sokoto",0.0,80000000.0,0.0,65000000.0,85000000.0,85000000.0,0.0,231,0.41993,0.43791,055600100100,Ministry of Humanitarian Affairs & Social Welfare,23010124,PURCHASE OF TEACHING / LEARNING AID EQUIPMENT,71091,SOCIAL PROTECTION N.E.C.,33342400,State Wide,23070325001400,Humanitarian Logistics and Coordination
"Purchase of Sports materials such as tennis balls, rackets, goalposts, jump ropes, weight, nets, baskets, bicycles, for Social Welfare Institutions",0.0,10000000.0,0.0,30000000.0,30000000.0,30000000.0,0.0,231,0.4281,0.44608,055600100100,Ministry of Humanitarian Affairs & Social Welfare,23020112,CONSTRUCTION / PROVISION OF SPORTING FACILITIES,71091,SOCIAL PROTECTION N.E.C.,33342400,State Wide,23070325001500,Humanitarian Logistics and Coordination
Construction of destitutes houses in Sokoto,0.0,1300000000.0,0.0,0.0,500000000.0,500000000.0,0.0,231,0.43627,0.45425,055600100100,Ministry of Humanitarian Affairs & Social Welfare,23020102,CONSTRUCTION / PROVISION OF RESIDENTIAL BUILDINGS,71091,SOCIAL PROTECTION N.E.C.,33342400,State Wide,23070325001600,Humanitarian Logistics and Coordination
Construction of Approved juveniles School at Illela LGA to accommodate delinquent with jail sentences exceeding 6 months for reformation,0.0,60000000.0,0.0,0.0,0.0,0.0,0.0,231,0.44444,0.46242,055600100100,Ministry of Humanitarian Affairs & Social Welfare,23020107,CONSTRUCTION / PROVISION OF PUBLIC SCHOOLS,71091,SOCIAL PROTECTION N.E.C.,33342400,State Wide,23070325001700,Humanitarian Logistics and Coordination
Purchase of 40 no tables and chairs for Area Social Welfare Office and Schools Services Unit,0.0,15000000.0,0.0,0.0,0.0,0.0,0.0,231,0.45261,0.47059,055600100100,Ministry of Humanitarian Affairs & Social Welfare,23010112,PURCHASE OF OFFICE FURNITURE AND FITTINGS,71091,SOCIAL PROTECTION N.E.C.,33342400,State Wide,23070325001800,Humanitarian Logistics and Coordination
Construction of Drugs Addiction Centres in 3 Senatorial zones,0.0,50000000.0,0.0,1000000000.0,0.0,0.0,0.0,231,0.46078,0.47876,055600100100,Ministry of Humanitarian Affairs & Social Welfare,23020102,CONSTRUCTION / PROVISION OF RESIDENTIAL BUILDINGS,71091,SOCIAL PROTECTION N.E.C.,33342400,State Wide,23070325001900,Humanitarian Logistics and Coordination
Construction of Destitutes Home within Sokoto Metropolis,0.0,50000000.0,0.0,0.0,0.0,0.0,0.0,231,0.46895,0.48693,055600100100,Ministry of Humanitarian Affairs & Social Welfare,23020102,CONSTRUCTION / PROVISION OF RESIDENTIAL BUILDINGS,71091,SOCIAL PROTECTION N.E.C.,33342400,State Wide,23070325002000,Humanitarian Logistics and Coordination
Purchase of 100 torchlights and battting for Neighbourhood operative Programme,0.0,60000000.0,0.0,20000000.0,20000000.0,20000000.0,0.0,231,0.47712,0.4951,055600100100,Ministry of Humanitarian Affairs & Social Welfare,23010128,PURCHASE OF SECURITY EQUIPMENT,71091,SOCIAL PROTECTION N.E.C.,33342400,State Wide,23070325002100,Humanitarian Logistics and Coordination
Purchase of 150 KVA Generator and Solar Inverter for the ministry,0.0,100000000.0,0.0,50000000.0,50000000.0,50000000.0,0.0,231,0.48611,0.50408,055600100100,Ministry of Humanitarian Affairs & Social Welfare,23010119,PURCHASE OF POWER GENERATING SET,71091,SOCIAL PROTECTION N.E.C.,33342400,State Wide,23070325002200,Humanitarian Logistics and Coordination
Costruction of Houses under UNDP Climate fence Hub at Illela LGA,0.0,50000000.0,0.0,50000000.0,50000000.0,50000000.0,0.0,231,0.49428,0.51225,055600100100,Ministry of Humanitarian Affairs & Social Welfare,23020102,CONSTRUCTION / PROVISION OF RESIDENTIAL BUILDINGS,71091,SOCIAL PROTECTION N.E.C.,33342400,State Wide,23070325002300,Humanitarian Logistics and Coordination
"Purchase of 250 no phone repairing tool kits, barbing machines, knitting machines, sewing machines under Skill Acquisition Scheme for people with disability across the 23 Local Government Area",0.0,1800000000.0,0.0,300000000.0,300000000.0,300000000.0,0.0,231,0.50245,0.52042,055600100100,Ministry of Humanitarian Affairs & Social Welfare,23050101,RESEARCH AND DEVELOPMENT,71091,SOCIAL PROTECTION N.E.C.,33342400,State Wide,23070325002400,Humanitarian Logistics and Coordination
Repairs of office equipment at area office for effective service delivery,0.0,30000000.0,24850000.0,50000000.0,50000000.0,50000000.0,0.0,231,0.51062,0.52859,055600100100,Ministry of Humanitarian Affairs & Social Welfare,23030121,REHABILITATION / REPAIRS OF OFFICE BUILDINGS,71091,SOCIAL PROTECTION N.E.C.,33342400,State Wide,23070325002500,Humanitarian Logistics and Coordination
Renovation of Remand home including staff quarters,0.0,30000000.0,0.0,170000000.0,70000000.0,70000000.0,0.0,231,0.51879,0.53676,055600100100,Ministry of Humanitarian Affairs & Social Welfare,23030121,REHABILITATION / REPAIRS OF OFFICE BUILDINGS,71091,SOCIAL PROTECTION N.E.C.,33342400,State Wide,23070325002600,Humanitarian Logistics and Coordination
"Purchase of 250no. E-Tricycles, 250no. Petrol powered Tricycles, Petrol Tricycles open body and 1,000 no. Bajaj Motorcycles",0.0,0.0,0.0,370000000.0,370000000.0,370000000.0,0.0,231,0.52696,0.54493,055600100100,Ministry of Humanitarian Affairs & Social Welfare,23010104,PURCHASE MOTOR CYCLES,71091,SOCIAL PROTECTION N.E.C.,33342400,State Wide,23070325002700,Humanitarian Logistics and Coordination
